[2024-10-24T17:46:45.179+0000] {processor.py:186} INFO - Started process (PID=14479) to work on /opt/airflow/dags/spark_airflow.py
[2024-10-24T17:46:45.180+0000] {processor.py:914} INFO - Processing file /opt/airflow/dags/spark_airflow.py for tasks to queue
[2024-10-24T17:46:45.182+0000] {logging_mixin.py:190} INFO - [2024-10-24T17:46:45.181+0000] {dagbag.py:588} INFO - Filling up the DagBag from /opt/airflow/dags/spark_airflow.py
[2024-10-24T17:46:45.269+0000] {processor.py:925} INFO - DAG(s) 'sparking_flow' retrieved from /opt/airflow/dags/spark_airflow.py
[2024-10-24T17:46:46.365+0000] {logging_mixin.py:190} INFO - [2024-10-24T17:46:46.364+0000] {dag.py:3239} INFO - Sync 1 DAGs
[2024-10-24T17:46:46.500+0000] {logging_mixin.py:190} INFO - [2024-10-24T17:46:46.500+0000] {dag.py:4180} INFO - Setting next_dagrun for sparking_flow to 2024-10-24 00:00:00+00:00, run_after=2024-10-25 00:00:00+00:00
[2024-10-24T17:46:46.589+0000] {processor.py:208} INFO - Processing /opt/airflow/dags/spark_airflow.py took 1.424 seconds
[2024-10-24T17:47:17.030+0000] {processor.py:186} INFO - Started process (PID=14526) to work on /opt/airflow/dags/spark_airflow.py
[2024-10-24T17:47:17.046+0000] {processor.py:914} INFO - Processing file /opt/airflow/dags/spark_airflow.py for tasks to queue
[2024-10-24T17:47:17.058+0000] {logging_mixin.py:190} INFO - [2024-10-24T17:47:17.057+0000] {dagbag.py:588} INFO - Filling up the DagBag from /opt/airflow/dags/spark_airflow.py
[2024-10-24T17:47:17.354+0000] {processor.py:925} INFO - DAG(s) 'sparking_flow' retrieved from /opt/airflow/dags/spark_airflow.py
[2024-10-24T17:47:17.456+0000] {logging_mixin.py:190} INFO - [2024-10-24T17:47:17.455+0000] {dag.py:3239} INFO - Sync 1 DAGs
[2024-10-24T17:47:17.560+0000] {logging_mixin.py:190} INFO - [2024-10-24T17:47:17.560+0000] {dag.py:4180} INFO - Setting next_dagrun for sparking_flow to 2024-10-24 00:00:00+00:00, run_after=2024-10-25 00:00:00+00:00
[2024-10-24T17:47:17.670+0000] {processor.py:208} INFO - Processing /opt/airflow/dags/spark_airflow.py took 0.661 seconds
[2024-10-24T17:47:47.956+0000] {processor.py:186} INFO - Started process (PID=14531) to work on /opt/airflow/dags/spark_airflow.py
[2024-10-24T17:47:47.958+0000] {processor.py:914} INFO - Processing file /opt/airflow/dags/spark_airflow.py for tasks to queue
[2024-10-24T17:47:47.960+0000] {logging_mixin.py:190} INFO - [2024-10-24T17:47:47.960+0000] {dagbag.py:588} INFO - Filling up the DagBag from /opt/airflow/dags/spark_airflow.py
[2024-10-24T17:47:48.007+0000] {processor.py:925} INFO - DAG(s) 'sparking_flow' retrieved from /opt/airflow/dags/spark_airflow.py
[2024-10-24T17:47:48.062+0000] {logging_mixin.py:190} INFO - [2024-10-24T17:47:48.061+0000] {dag.py:3239} INFO - Sync 1 DAGs
[2024-10-24T17:47:48.112+0000] {logging_mixin.py:190} INFO - [2024-10-24T17:47:48.111+0000] {dag.py:4180} INFO - Setting next_dagrun for sparking_flow to 2024-10-24 00:00:00+00:00, run_after=2024-10-25 00:00:00+00:00
[2024-10-24T17:47:48.151+0000] {processor.py:208} INFO - Processing /opt/airflow/dags/spark_airflow.py took 0.206 seconds
[2024-10-24T17:48:18.309+0000] {processor.py:186} INFO - Started process (PID=14536) to work on /opt/airflow/dags/spark_airflow.py
[2024-10-24T17:48:18.310+0000] {processor.py:914} INFO - Processing file /opt/airflow/dags/spark_airflow.py for tasks to queue
[2024-10-24T17:48:18.312+0000] {logging_mixin.py:190} INFO - [2024-10-24T17:48:18.312+0000] {dagbag.py:588} INFO - Filling up the DagBag from /opt/airflow/dags/spark_airflow.py
[2024-10-24T17:48:18.348+0000] {processor.py:925} INFO - DAG(s) 'sparking_flow' retrieved from /opt/airflow/dags/spark_airflow.py
[2024-10-24T17:48:18.388+0000] {logging_mixin.py:190} INFO - [2024-10-24T17:48:18.388+0000] {dag.py:3239} INFO - Sync 1 DAGs
[2024-10-24T17:48:18.424+0000] {logging_mixin.py:190} INFO - [2024-10-24T17:48:18.423+0000] {dag.py:4180} INFO - Setting next_dagrun for sparking_flow to 2024-10-24 00:00:00+00:00, run_after=2024-10-25 00:00:00+00:00
[2024-10-24T17:48:18.456+0000] {processor.py:208} INFO - Processing /opt/airflow/dags/spark_airflow.py took 0.156 seconds
[2024-10-24T17:48:48.655+0000] {processor.py:186} INFO - Started process (PID=14541) to work on /opt/airflow/dags/spark_airflow.py
[2024-10-24T17:48:48.656+0000] {processor.py:914} INFO - Processing file /opt/airflow/dags/spark_airflow.py for tasks to queue
[2024-10-24T17:48:48.658+0000] {logging_mixin.py:190} INFO - [2024-10-24T17:48:48.658+0000] {dagbag.py:588} INFO - Filling up the DagBag from /opt/airflow/dags/spark_airflow.py
[2024-10-24T17:48:48.684+0000] {processor.py:925} INFO - DAG(s) 'sparking_flow' retrieved from /opt/airflow/dags/spark_airflow.py
[2024-10-24T17:48:48.718+0000] {logging_mixin.py:190} INFO - [2024-10-24T17:48:48.718+0000] {dag.py:3239} INFO - Sync 1 DAGs
[2024-10-24T17:48:48.749+0000] {logging_mixin.py:190} INFO - [2024-10-24T17:48:48.749+0000] {dag.py:4180} INFO - Setting next_dagrun for sparking_flow to 2024-10-24 00:00:00+00:00, run_after=2024-10-25 00:00:00+00:00
[2024-10-24T17:48:48.776+0000] {processor.py:208} INFO - Processing /opt/airflow/dags/spark_airflow.py took 0.128 seconds
[2024-10-24T17:49:18.913+0000] {processor.py:186} INFO - Started process (PID=14546) to work on /opt/airflow/dags/spark_airflow.py
[2024-10-24T17:49:18.914+0000] {processor.py:914} INFO - Processing file /opt/airflow/dags/spark_airflow.py for tasks to queue
[2024-10-24T17:49:18.916+0000] {logging_mixin.py:190} INFO - [2024-10-24T17:49:18.916+0000] {dagbag.py:588} INFO - Filling up the DagBag from /opt/airflow/dags/spark_airflow.py
[2024-10-24T17:49:18.941+0000] {processor.py:925} INFO - DAG(s) 'sparking_flow' retrieved from /opt/airflow/dags/spark_airflow.py
[2024-10-24T17:49:18.976+0000] {logging_mixin.py:190} INFO - [2024-10-24T17:49:18.976+0000] {dag.py:3239} INFO - Sync 1 DAGs
[2024-10-24T17:49:19.002+0000] {logging_mixin.py:190} INFO - [2024-10-24T17:49:19.001+0000] {dag.py:4180} INFO - Setting next_dagrun for sparking_flow to 2024-10-24 00:00:00+00:00, run_after=2024-10-25 00:00:00+00:00
[2024-10-24T17:49:19.026+0000] {processor.py:208} INFO - Processing /opt/airflow/dags/spark_airflow.py took 0.120 seconds
[2024-10-24T17:49:49.226+0000] {processor.py:186} INFO - Started process (PID=14551) to work on /opt/airflow/dags/spark_airflow.py
[2024-10-24T17:49:49.228+0000] {processor.py:914} INFO - Processing file /opt/airflow/dags/spark_airflow.py for tasks to queue
[2024-10-24T17:49:49.229+0000] {logging_mixin.py:190} INFO - [2024-10-24T17:49:49.229+0000] {dagbag.py:588} INFO - Filling up the DagBag from /opt/airflow/dags/spark_airflow.py
[2024-10-24T17:49:49.253+0000] {processor.py:925} INFO - DAG(s) 'sparking_flow' retrieved from /opt/airflow/dags/spark_airflow.py
[2024-10-24T17:49:49.288+0000] {logging_mixin.py:190} INFO - [2024-10-24T17:49:49.287+0000] {dag.py:3239} INFO - Sync 1 DAGs
[2024-10-24T17:49:49.318+0000] {logging_mixin.py:190} INFO - [2024-10-24T17:49:49.318+0000] {dag.py:4180} INFO - Setting next_dagrun for sparking_flow to 2024-10-24 00:00:00+00:00, run_after=2024-10-25 00:00:00+00:00
[2024-10-24T17:49:49.343+0000] {processor.py:208} INFO - Processing /opt/airflow/dags/spark_airflow.py took 0.124 seconds
[2024-10-24T17:50:19.442+0000] {processor.py:186} INFO - Started process (PID=14556) to work on /opt/airflow/dags/spark_airflow.py
[2024-10-24T17:50:19.443+0000] {processor.py:914} INFO - Processing file /opt/airflow/dags/spark_airflow.py for tasks to queue
[2024-10-24T17:50:19.445+0000] {logging_mixin.py:190} INFO - [2024-10-24T17:50:19.445+0000] {dagbag.py:588} INFO - Filling up the DagBag from /opt/airflow/dags/spark_airflow.py
[2024-10-24T17:50:19.466+0000] {processor.py:925} INFO - DAG(s) 'sparking_flow' retrieved from /opt/airflow/dags/spark_airflow.py
[2024-10-24T17:50:19.496+0000] {logging_mixin.py:190} INFO - [2024-10-24T17:50:19.495+0000] {dag.py:3239} INFO - Sync 1 DAGs
[2024-10-24T17:50:19.519+0000] {logging_mixin.py:190} INFO - [2024-10-24T17:50:19.518+0000] {dag.py:4180} INFO - Setting next_dagrun for sparking_flow to 2024-10-24 00:00:00+00:00, run_after=2024-10-25 00:00:00+00:00
[2024-10-24T17:50:19.536+0000] {processor.py:208} INFO - Processing /opt/airflow/dags/spark_airflow.py took 0.100 seconds
[2024-10-24T17:50:49.724+0000] {processor.py:186} INFO - Started process (PID=14561) to work on /opt/airflow/dags/spark_airflow.py
[2024-10-24T17:50:49.725+0000] {processor.py:914} INFO - Processing file /opt/airflow/dags/spark_airflow.py for tasks to queue
[2024-10-24T17:50:49.726+0000] {logging_mixin.py:190} INFO - [2024-10-24T17:50:49.726+0000] {dagbag.py:588} INFO - Filling up the DagBag from /opt/airflow/dags/spark_airflow.py
[2024-10-24T17:50:49.746+0000] {processor.py:925} INFO - DAG(s) 'sparking_flow' retrieved from /opt/airflow/dags/spark_airflow.py
[2024-10-24T17:50:49.773+0000] {logging_mixin.py:190} INFO - [2024-10-24T17:50:49.772+0000] {dag.py:3239} INFO - Sync 1 DAGs
[2024-10-24T17:50:49.796+0000] {logging_mixin.py:190} INFO - [2024-10-24T17:50:49.796+0000] {dag.py:4180} INFO - Setting next_dagrun for sparking_flow to 2024-10-24 00:00:00+00:00, run_after=2024-10-25 00:00:00+00:00
[2024-10-24T17:50:49.813+0000] {processor.py:208} INFO - Processing /opt/airflow/dags/spark_airflow.py took 0.093 seconds
[2024-10-24T17:51:19.933+0000] {processor.py:186} INFO - Started process (PID=14566) to work on /opt/airflow/dags/spark_airflow.py
[2024-10-24T17:51:19.934+0000] {processor.py:914} INFO - Processing file /opt/airflow/dags/spark_airflow.py for tasks to queue
[2024-10-24T17:51:19.935+0000] {logging_mixin.py:190} INFO - [2024-10-24T17:51:19.935+0000] {dagbag.py:588} INFO - Filling up the DagBag from /opt/airflow/dags/spark_airflow.py
[2024-10-24T17:51:19.957+0000] {processor.py:925} INFO - DAG(s) 'sparking_flow' retrieved from /opt/airflow/dags/spark_airflow.py
[2024-10-24T17:51:19.984+0000] {logging_mixin.py:190} INFO - [2024-10-24T17:51:19.984+0000] {dag.py:3239} INFO - Sync 1 DAGs
[2024-10-24T17:51:20.007+0000] {logging_mixin.py:190} INFO - [2024-10-24T17:51:20.007+0000] {dag.py:4180} INFO - Setting next_dagrun for sparking_flow to 2024-10-24 00:00:00+00:00, run_after=2024-10-25 00:00:00+00:00
[2024-10-24T17:51:20.031+0000] {processor.py:208} INFO - Processing /opt/airflow/dags/spark_airflow.py took 0.105 seconds
[2024-10-24T17:51:50.213+0000] {processor.py:186} INFO - Started process (PID=14571) to work on /opt/airflow/dags/spark_airflow.py
[2024-10-24T17:51:50.214+0000] {processor.py:914} INFO - Processing file /opt/airflow/dags/spark_airflow.py for tasks to queue
[2024-10-24T17:51:50.215+0000] {logging_mixin.py:190} INFO - [2024-10-24T17:51:50.215+0000] {dagbag.py:588} INFO - Filling up the DagBag from /opt/airflow/dags/spark_airflow.py
[2024-10-24T17:51:50.234+0000] {processor.py:925} INFO - DAG(s) 'sparking_flow' retrieved from /opt/airflow/dags/spark_airflow.py
[2024-10-24T17:51:50.260+0000] {logging_mixin.py:190} INFO - [2024-10-24T17:51:50.260+0000] {dag.py:3239} INFO - Sync 1 DAGs
[2024-10-24T17:51:50.283+0000] {logging_mixin.py:190} INFO - [2024-10-24T17:51:50.283+0000] {dag.py:4180} INFO - Setting next_dagrun for sparking_flow to 2024-10-24 00:00:00+00:00, run_after=2024-10-25 00:00:00+00:00
[2024-10-24T17:51:50.303+0000] {processor.py:208} INFO - Processing /opt/airflow/dags/spark_airflow.py took 0.094 seconds
[2024-10-24T17:52:20.409+0000] {processor.py:186} INFO - Started process (PID=14576) to work on /opt/airflow/dags/spark_airflow.py
[2024-10-24T17:52:20.410+0000] {processor.py:914} INFO - Processing file /opt/airflow/dags/spark_airflow.py for tasks to queue
[2024-10-24T17:52:20.411+0000] {logging_mixin.py:190} INFO - [2024-10-24T17:52:20.411+0000] {dagbag.py:588} INFO - Filling up the DagBag from /opt/airflow/dags/spark_airflow.py
[2024-10-24T17:52:20.431+0000] {processor.py:925} INFO - DAG(s) 'sparking_flow' retrieved from /opt/airflow/dags/spark_airflow.py
[2024-10-24T17:52:20.459+0000] {logging_mixin.py:190} INFO - [2024-10-24T17:52:20.459+0000] {dag.py:3239} INFO - Sync 1 DAGs
[2024-10-24T17:52:20.482+0000] {logging_mixin.py:190} INFO - [2024-10-24T17:52:20.482+0000] {dag.py:4180} INFO - Setting next_dagrun for sparking_flow to 2024-10-24 00:00:00+00:00, run_after=2024-10-25 00:00:00+00:00
[2024-10-24T17:52:20.500+0000] {processor.py:208} INFO - Processing /opt/airflow/dags/spark_airflow.py took 0.099 seconds
[2024-10-24T17:52:50.662+0000] {processor.py:186} INFO - Started process (PID=14581) to work on /opt/airflow/dags/spark_airflow.py
[2024-10-24T17:52:50.663+0000] {processor.py:914} INFO - Processing file /opt/airflow/dags/spark_airflow.py for tasks to queue
[2024-10-24T17:52:50.664+0000] {logging_mixin.py:190} INFO - [2024-10-24T17:52:50.664+0000] {dagbag.py:588} INFO - Filling up the DagBag from /opt/airflow/dags/spark_airflow.py
[2024-10-24T17:52:50.685+0000] {processor.py:925} INFO - DAG(s) 'sparking_flow' retrieved from /opt/airflow/dags/spark_airflow.py
[2024-10-24T17:52:50.711+0000] {logging_mixin.py:190} INFO - [2024-10-24T17:52:50.711+0000] {dag.py:3239} INFO - Sync 1 DAGs
[2024-10-24T17:52:50.734+0000] {logging_mixin.py:190} INFO - [2024-10-24T17:52:50.734+0000] {dag.py:4180} INFO - Setting next_dagrun for sparking_flow to 2024-10-24 00:00:00+00:00, run_after=2024-10-25 00:00:00+00:00
[2024-10-24T17:52:50.752+0000] {processor.py:208} INFO - Processing /opt/airflow/dags/spark_airflow.py took 0.095 seconds
[2024-10-24T17:53:20.857+0000] {processor.py:186} INFO - Started process (PID=14586) to work on /opt/airflow/dags/spark_airflow.py
[2024-10-24T17:53:20.858+0000] {processor.py:914} INFO - Processing file /opt/airflow/dags/spark_airflow.py for tasks to queue
[2024-10-24T17:53:20.859+0000] {logging_mixin.py:190} INFO - [2024-10-24T17:53:20.859+0000] {dagbag.py:588} INFO - Filling up the DagBag from /opt/airflow/dags/spark_airflow.py
[2024-10-24T17:53:20.879+0000] {processor.py:925} INFO - DAG(s) 'sparking_flow' retrieved from /opt/airflow/dags/spark_airflow.py
[2024-10-24T17:53:20.904+0000] {logging_mixin.py:190} INFO - [2024-10-24T17:53:20.904+0000] {dag.py:3239} INFO - Sync 1 DAGs
[2024-10-24T17:53:20.925+0000] {logging_mixin.py:190} INFO - [2024-10-24T17:53:20.924+0000] {dag.py:4180} INFO - Setting next_dagrun for sparking_flow to 2024-10-24 00:00:00+00:00, run_after=2024-10-25 00:00:00+00:00
[2024-10-24T17:53:20.941+0000] {processor.py:208} INFO - Processing /opt/airflow/dags/spark_airflow.py took 0.090 seconds
[2024-10-24T17:53:51.109+0000] {processor.py:186} INFO - Started process (PID=14591) to work on /opt/airflow/dags/spark_airflow.py
[2024-10-24T17:53:51.110+0000] {processor.py:914} INFO - Processing file /opt/airflow/dags/spark_airflow.py for tasks to queue
[2024-10-24T17:53:51.111+0000] {logging_mixin.py:190} INFO - [2024-10-24T17:53:51.110+0000] {dagbag.py:588} INFO - Filling up the DagBag from /opt/airflow/dags/spark_airflow.py
[2024-10-24T17:53:51.129+0000] {processor.py:925} INFO - DAG(s) 'sparking_flow' retrieved from /opt/airflow/dags/spark_airflow.py
[2024-10-24T17:53:51.155+0000] {logging_mixin.py:190} INFO - [2024-10-24T17:53:51.155+0000] {dag.py:3239} INFO - Sync 1 DAGs
[2024-10-24T17:53:51.177+0000] {logging_mixin.py:190} INFO - [2024-10-24T17:53:51.177+0000] {dag.py:4180} INFO - Setting next_dagrun for sparking_flow to 2024-10-24 00:00:00+00:00, run_after=2024-10-25 00:00:00+00:00
[2024-10-24T17:53:51.194+0000] {processor.py:208} INFO - Processing /opt/airflow/dags/spark_airflow.py took 0.089 seconds
[2024-10-24T17:54:21.288+0000] {processor.py:186} INFO - Started process (PID=14596) to work on /opt/airflow/dags/spark_airflow.py
[2024-10-24T17:54:21.289+0000] {processor.py:914} INFO - Processing file /opt/airflow/dags/spark_airflow.py for tasks to queue
[2024-10-24T17:54:21.291+0000] {logging_mixin.py:190} INFO - [2024-10-24T17:54:21.291+0000] {dagbag.py:588} INFO - Filling up the DagBag from /opt/airflow/dags/spark_airflow.py
[2024-10-24T17:54:21.311+0000] {processor.py:925} INFO - DAG(s) 'sparking_flow' retrieved from /opt/airflow/dags/spark_airflow.py
[2024-10-24T17:54:21.338+0000] {logging_mixin.py:190} INFO - [2024-10-24T17:54:21.338+0000] {dag.py:3239} INFO - Sync 1 DAGs
[2024-10-24T17:54:21.360+0000] {logging_mixin.py:190} INFO - [2024-10-24T17:54:21.360+0000] {dag.py:4180} INFO - Setting next_dagrun for sparking_flow to 2024-10-24 00:00:00+00:00, run_after=2024-10-25 00:00:00+00:00
[2024-10-24T17:54:21.379+0000] {processor.py:208} INFO - Processing /opt/airflow/dags/spark_airflow.py took 0.097 seconds
[2024-10-24T17:54:51.532+0000] {processor.py:186} INFO - Started process (PID=14601) to work on /opt/airflow/dags/spark_airflow.py
[2024-10-24T17:54:51.533+0000] {processor.py:914} INFO - Processing file /opt/airflow/dags/spark_airflow.py for tasks to queue
[2024-10-24T17:54:51.535+0000] {logging_mixin.py:190} INFO - [2024-10-24T17:54:51.534+0000] {dagbag.py:588} INFO - Filling up the DagBag from /opt/airflow/dags/spark_airflow.py
[2024-10-24T17:54:51.554+0000] {processor.py:925} INFO - DAG(s) 'sparking_flow' retrieved from /opt/airflow/dags/spark_airflow.py
[2024-10-24T17:54:51.579+0000] {logging_mixin.py:190} INFO - [2024-10-24T17:54:51.579+0000] {dag.py:3239} INFO - Sync 1 DAGs
[2024-10-24T17:54:51.599+0000] {logging_mixin.py:190} INFO - [2024-10-24T17:54:51.599+0000] {dag.py:4180} INFO - Setting next_dagrun for sparking_flow to 2024-10-24 00:00:00+00:00, run_after=2024-10-25 00:00:00+00:00
[2024-10-24T17:54:51.615+0000] {processor.py:208} INFO - Processing /opt/airflow/dags/spark_airflow.py took 0.089 seconds
[2024-10-24T17:55:21.714+0000] {processor.py:186} INFO - Started process (PID=14606) to work on /opt/airflow/dags/spark_airflow.py
[2024-10-24T17:55:21.715+0000] {processor.py:914} INFO - Processing file /opt/airflow/dags/spark_airflow.py for tasks to queue
[2024-10-24T17:55:21.716+0000] {logging_mixin.py:190} INFO - [2024-10-24T17:55:21.716+0000] {dagbag.py:588} INFO - Filling up the DagBag from /opt/airflow/dags/spark_airflow.py
[2024-10-24T17:55:21.738+0000] {processor.py:925} INFO - DAG(s) 'sparking_flow' retrieved from /opt/airflow/dags/spark_airflow.py
[2024-10-24T17:55:21.765+0000] {logging_mixin.py:190} INFO - [2024-10-24T17:55:21.764+0000] {dag.py:3239} INFO - Sync 1 DAGs
[2024-10-24T17:55:21.789+0000] {logging_mixin.py:190} INFO - [2024-10-24T17:55:21.789+0000] {dag.py:4180} INFO - Setting next_dagrun for sparking_flow to 2024-10-24 00:00:00+00:00, run_after=2024-10-25 00:00:00+00:00
[2024-10-24T17:55:21.808+0000] {processor.py:208} INFO - Processing /opt/airflow/dags/spark_airflow.py took 0.101 seconds
[2024-10-24T17:55:51.980+0000] {processor.py:186} INFO - Started process (PID=14611) to work on /opt/airflow/dags/spark_airflow.py
[2024-10-24T17:55:51.981+0000] {processor.py:914} INFO - Processing file /opt/airflow/dags/spark_airflow.py for tasks to queue
[2024-10-24T17:55:51.983+0000] {logging_mixin.py:190} INFO - [2024-10-24T17:55:51.982+0000] {dagbag.py:588} INFO - Filling up the DagBag from /opt/airflow/dags/spark_airflow.py
[2024-10-24T17:55:52.003+0000] {processor.py:925} INFO - DAG(s) 'sparking_flow' retrieved from /opt/airflow/dags/spark_airflow.py
[2024-10-24T17:55:52.030+0000] {logging_mixin.py:190} INFO - [2024-10-24T17:55:52.029+0000] {dag.py:3239} INFO - Sync 1 DAGs
[2024-10-24T17:55:52.054+0000] {logging_mixin.py:190} INFO - [2024-10-24T17:55:52.054+0000] {dag.py:4180} INFO - Setting next_dagrun for sparking_flow to 2024-10-24 00:00:00+00:00, run_after=2024-10-25 00:00:00+00:00
[2024-10-24T17:55:52.072+0000] {processor.py:208} INFO - Processing /opt/airflow/dags/spark_airflow.py took 0.097 seconds
[2024-10-24T17:56:22.195+0000] {processor.py:186} INFO - Started process (PID=14616) to work on /opt/airflow/dags/spark_airflow.py
[2024-10-24T17:56:22.196+0000] {processor.py:914} INFO - Processing file /opt/airflow/dags/spark_airflow.py for tasks to queue
[2024-10-24T17:56:22.197+0000] {logging_mixin.py:190} INFO - [2024-10-24T17:56:22.197+0000] {dagbag.py:588} INFO - Filling up the DagBag from /opt/airflow/dags/spark_airflow.py
[2024-10-24T17:56:22.217+0000] {processor.py:925} INFO - DAG(s) 'sparking_flow' retrieved from /opt/airflow/dags/spark_airflow.py
[2024-10-24T17:56:22.242+0000] {logging_mixin.py:190} INFO - [2024-10-24T17:56:22.242+0000] {dag.py:3239} INFO - Sync 1 DAGs
[2024-10-24T17:56:22.263+0000] {logging_mixin.py:190} INFO - [2024-10-24T17:56:22.263+0000] {dag.py:4180} INFO - Setting next_dagrun for sparking_flow to 2024-10-24 00:00:00+00:00, run_after=2024-10-25 00:00:00+00:00
[2024-10-24T17:56:22.279+0000] {processor.py:208} INFO - Processing /opt/airflow/dags/spark_airflow.py took 0.090 seconds
[2024-10-24T17:56:52.502+0000] {processor.py:186} INFO - Started process (PID=14621) to work on /opt/airflow/dags/spark_airflow.py
[2024-10-24T17:56:52.503+0000] {processor.py:914} INFO - Processing file /opt/airflow/dags/spark_airflow.py for tasks to queue
[2024-10-24T17:56:52.505+0000] {logging_mixin.py:190} INFO - [2024-10-24T17:56:52.504+0000] {dagbag.py:588} INFO - Filling up the DagBag from /opt/airflow/dags/spark_airflow.py
[2024-10-24T17:56:52.530+0000] {processor.py:925} INFO - DAG(s) 'sparking_flow' retrieved from /opt/airflow/dags/spark_airflow.py
[2024-10-24T17:56:52.560+0000] {logging_mixin.py:190} INFO - [2024-10-24T17:56:52.560+0000] {dag.py:3239} INFO - Sync 1 DAGs
[2024-10-24T17:56:52.594+0000] {logging_mixin.py:190} INFO - [2024-10-24T17:56:52.593+0000] {dag.py:4180} INFO - Setting next_dagrun for sparking_flow to 2024-10-24 00:00:00+00:00, run_after=2024-10-25 00:00:00+00:00
[2024-10-24T17:56:52.623+0000] {processor.py:208} INFO - Processing /opt/airflow/dags/spark_airflow.py took 0.127 seconds
[2024-10-24T17:57:22.708+0000] {processor.py:186} INFO - Started process (PID=14626) to work on /opt/airflow/dags/spark_airflow.py
[2024-10-24T17:57:22.710+0000] {processor.py:914} INFO - Processing file /opt/airflow/dags/spark_airflow.py for tasks to queue
[2024-10-24T17:57:22.711+0000] {logging_mixin.py:190} INFO - [2024-10-24T17:57:22.711+0000] {dagbag.py:588} INFO - Filling up the DagBag from /opt/airflow/dags/spark_airflow.py
[2024-10-24T17:57:22.732+0000] {processor.py:925} INFO - DAG(s) 'sparking_flow' retrieved from /opt/airflow/dags/spark_airflow.py
[2024-10-24T17:57:22.760+0000] {logging_mixin.py:190} INFO - [2024-10-24T17:57:22.760+0000] {dag.py:3239} INFO - Sync 1 DAGs
[2024-10-24T17:57:22.790+0000] {logging_mixin.py:190} INFO - [2024-10-24T17:57:22.790+0000] {dag.py:4180} INFO - Setting next_dagrun for sparking_flow to 2024-10-24 00:00:00+00:00, run_after=2024-10-25 00:00:00+00:00
[2024-10-24T17:57:22.808+0000] {processor.py:208} INFO - Processing /opt/airflow/dags/spark_airflow.py took 0.106 seconds
[2024-10-24T17:57:52.880+0000] {processor.py:186} INFO - Started process (PID=14631) to work on /opt/airflow/dags/spark_airflow.py
[2024-10-24T17:57:52.881+0000] {processor.py:914} INFO - Processing file /opt/airflow/dags/spark_airflow.py for tasks to queue
[2024-10-24T17:57:52.882+0000] {logging_mixin.py:190} INFO - [2024-10-24T17:57:52.882+0000] {dagbag.py:588} INFO - Filling up the DagBag from /opt/airflow/dags/spark_airflow.py
[2024-10-24T17:57:52.900+0000] {processor.py:925} INFO - DAG(s) 'sparking_flow' retrieved from /opt/airflow/dags/spark_airflow.py
[2024-10-24T17:57:52.927+0000] {logging_mixin.py:190} INFO - [2024-10-24T17:57:52.927+0000] {dag.py:3239} INFO - Sync 1 DAGs
[2024-10-24T17:57:52.949+0000] {logging_mixin.py:190} INFO - [2024-10-24T17:57:52.949+0000] {dag.py:4180} INFO - Setting next_dagrun for sparking_flow to 2024-10-24 00:00:00+00:00, run_after=2024-10-25 00:00:00+00:00
[2024-10-24T17:57:52.965+0000] {processor.py:208} INFO - Processing /opt/airflow/dags/spark_airflow.py took 0.090 seconds
[2024-10-24T17:58:23.157+0000] {processor.py:186} INFO - Started process (PID=14636) to work on /opt/airflow/dags/spark_airflow.py
[2024-10-24T17:58:23.158+0000] {processor.py:914} INFO - Processing file /opt/airflow/dags/spark_airflow.py for tasks to queue
[2024-10-24T17:58:23.159+0000] {logging_mixin.py:190} INFO - [2024-10-24T17:58:23.159+0000] {dagbag.py:588} INFO - Filling up the DagBag from /opt/airflow/dags/spark_airflow.py
[2024-10-24T17:58:23.176+0000] {processor.py:925} INFO - DAG(s) 'sparking_flow' retrieved from /opt/airflow/dags/spark_airflow.py
[2024-10-24T17:58:23.202+0000] {logging_mixin.py:190} INFO - [2024-10-24T17:58:23.202+0000] {dag.py:3239} INFO - Sync 1 DAGs
[2024-10-24T17:58:23.223+0000] {logging_mixin.py:190} INFO - [2024-10-24T17:58:23.223+0000] {dag.py:4180} INFO - Setting next_dagrun for sparking_flow to 2024-10-24 00:00:00+00:00, run_after=2024-10-25 00:00:00+00:00
[2024-10-24T17:58:23.239+0000] {processor.py:208} INFO - Processing /opt/airflow/dags/spark_airflow.py took 0.087 seconds
[2024-10-24T17:58:53.344+0000] {processor.py:186} INFO - Started process (PID=14641) to work on /opt/airflow/dags/spark_airflow.py
[2024-10-24T17:58:53.345+0000] {processor.py:914} INFO - Processing file /opt/airflow/dags/spark_airflow.py for tasks to queue
[2024-10-24T17:58:53.346+0000] {logging_mixin.py:190} INFO - [2024-10-24T17:58:53.346+0000] {dagbag.py:588} INFO - Filling up the DagBag from /opt/airflow/dags/spark_airflow.py
[2024-10-24T17:58:53.366+0000] {processor.py:925} INFO - DAG(s) 'sparking_flow' retrieved from /opt/airflow/dags/spark_airflow.py
[2024-10-24T17:58:53.390+0000] {logging_mixin.py:190} INFO - [2024-10-24T17:58:53.390+0000] {dag.py:3239} INFO - Sync 1 DAGs
[2024-10-24T17:58:53.411+0000] {logging_mixin.py:190} INFO - [2024-10-24T17:58:53.411+0000] {dag.py:4180} INFO - Setting next_dagrun for sparking_flow to 2024-10-24 00:00:00+00:00, run_after=2024-10-25 00:00:00+00:00
[2024-10-24T17:58:53.429+0000] {processor.py:208} INFO - Processing /opt/airflow/dags/spark_airflow.py took 0.092 seconds
[2024-10-24T17:59:23.583+0000] {processor.py:186} INFO - Started process (PID=14646) to work on /opt/airflow/dags/spark_airflow.py
[2024-10-24T17:59:23.584+0000] {processor.py:914} INFO - Processing file /opt/airflow/dags/spark_airflow.py for tasks to queue
[2024-10-24T17:59:23.585+0000] {logging_mixin.py:190} INFO - [2024-10-24T17:59:23.585+0000] {dagbag.py:588} INFO - Filling up the DagBag from /opt/airflow/dags/spark_airflow.py
[2024-10-24T17:59:23.604+0000] {processor.py:925} INFO - DAG(s) 'sparking_flow' retrieved from /opt/airflow/dags/spark_airflow.py
[2024-10-24T17:59:23.632+0000] {logging_mixin.py:190} INFO - [2024-10-24T17:59:23.632+0000] {dag.py:3239} INFO - Sync 1 DAGs
[2024-10-24T17:59:23.659+0000] {logging_mixin.py:190} INFO - [2024-10-24T17:59:23.658+0000] {dag.py:4180} INFO - Setting next_dagrun for sparking_flow to 2024-10-24 00:00:00+00:00, run_after=2024-10-25 00:00:00+00:00
[2024-10-24T17:59:23.679+0000] {processor.py:208} INFO - Processing /opt/airflow/dags/spark_airflow.py took 0.101 seconds
[2024-10-24T17:59:53.762+0000] {processor.py:186} INFO - Started process (PID=14651) to work on /opt/airflow/dags/spark_airflow.py
[2024-10-24T17:59:53.763+0000] {processor.py:914} INFO - Processing file /opt/airflow/dags/spark_airflow.py for tasks to queue
[2024-10-24T17:59:53.765+0000] {logging_mixin.py:190} INFO - [2024-10-24T17:59:53.764+0000] {dagbag.py:588} INFO - Filling up the DagBag from /opt/airflow/dags/spark_airflow.py
[2024-10-24T17:59:53.785+0000] {processor.py:925} INFO - DAG(s) 'sparking_flow' retrieved from /opt/airflow/dags/spark_airflow.py
[2024-10-24T17:59:53.812+0000] {logging_mixin.py:190} INFO - [2024-10-24T17:59:53.812+0000] {dag.py:3239} INFO - Sync 1 DAGs
[2024-10-24T17:59:53.835+0000] {logging_mixin.py:190} INFO - [2024-10-24T17:59:53.835+0000] {dag.py:4180} INFO - Setting next_dagrun for sparking_flow to 2024-10-24 00:00:00+00:00, run_after=2024-10-25 00:00:00+00:00
[2024-10-24T17:59:53.855+0000] {processor.py:208} INFO - Processing /opt/airflow/dags/spark_airflow.py took 0.100 seconds
[2024-10-24T18:00:24.006+0000] {processor.py:186} INFO - Started process (PID=14656) to work on /opt/airflow/dags/spark_airflow.py
[2024-10-24T18:00:24.008+0000] {processor.py:914} INFO - Processing file /opt/airflow/dags/spark_airflow.py for tasks to queue
[2024-10-24T18:00:24.009+0000] {logging_mixin.py:190} INFO - [2024-10-24T18:00:24.009+0000] {dagbag.py:588} INFO - Filling up the DagBag from /opt/airflow/dags/spark_airflow.py
[2024-10-24T18:00:24.027+0000] {processor.py:925} INFO - DAG(s) 'sparking_flow' retrieved from /opt/airflow/dags/spark_airflow.py
[2024-10-24T18:00:24.052+0000] {logging_mixin.py:190} INFO - [2024-10-24T18:00:24.051+0000] {dag.py:3239} INFO - Sync 1 DAGs
[2024-10-24T18:00:24.072+0000] {logging_mixin.py:190} INFO - [2024-10-24T18:00:24.072+0000] {dag.py:4180} INFO - Setting next_dagrun for sparking_flow to 2024-10-24 00:00:00+00:00, run_after=2024-10-25 00:00:00+00:00
[2024-10-24T18:00:24.091+0000] {processor.py:208} INFO - Processing /opt/airflow/dags/spark_airflow.py took 0.089 seconds
[2024-10-24T18:00:54.196+0000] {processor.py:186} INFO - Started process (PID=14661) to work on /opt/airflow/dags/spark_airflow.py
[2024-10-24T18:00:54.197+0000] {processor.py:914} INFO - Processing file /opt/airflow/dags/spark_airflow.py for tasks to queue
[2024-10-24T18:00:54.198+0000] {logging_mixin.py:190} INFO - [2024-10-24T18:00:54.198+0000] {dagbag.py:588} INFO - Filling up the DagBag from /opt/airflow/dags/spark_airflow.py
[2024-10-24T18:00:54.218+0000] {processor.py:925} INFO - DAG(s) 'sparking_flow' retrieved from /opt/airflow/dags/spark_airflow.py
[2024-10-24T18:00:54.247+0000] {logging_mixin.py:190} INFO - [2024-10-24T18:00:54.247+0000] {dag.py:3239} INFO - Sync 1 DAGs
[2024-10-24T18:00:54.272+0000] {logging_mixin.py:190} INFO - [2024-10-24T18:00:54.272+0000] {dag.py:4180} INFO - Setting next_dagrun for sparking_flow to 2024-10-24 00:00:00+00:00, run_after=2024-10-25 00:00:00+00:00
[2024-10-24T18:00:54.290+0000] {processor.py:208} INFO - Processing /opt/airflow/dags/spark_airflow.py took 0.100 seconds
[2024-10-24T18:01:24.431+0000] {processor.py:186} INFO - Started process (PID=14666) to work on /opt/airflow/dags/spark_airflow.py
[2024-10-24T18:01:24.432+0000] {processor.py:914} INFO - Processing file /opt/airflow/dags/spark_airflow.py for tasks to queue
[2024-10-24T18:01:24.433+0000] {logging_mixin.py:190} INFO - [2024-10-24T18:01:24.433+0000] {dagbag.py:588} INFO - Filling up the DagBag from /opt/airflow/dags/spark_airflow.py
[2024-10-24T18:01:24.451+0000] {processor.py:925} INFO - DAG(s) 'sparking_flow' retrieved from /opt/airflow/dags/spark_airflow.py
[2024-10-24T18:01:24.476+0000] {logging_mixin.py:190} INFO - [2024-10-24T18:01:24.476+0000] {dag.py:3239} INFO - Sync 1 DAGs
[2024-10-24T18:01:24.497+0000] {logging_mixin.py:190} INFO - [2024-10-24T18:01:24.496+0000] {dag.py:4180} INFO - Setting next_dagrun for sparking_flow to 2024-10-24 00:00:00+00:00, run_after=2024-10-25 00:00:00+00:00
[2024-10-24T18:01:24.512+0000] {processor.py:208} INFO - Processing /opt/airflow/dags/spark_airflow.py took 0.087 seconds
[2024-10-24T18:01:54.645+0000] {processor.py:186} INFO - Started process (PID=14671) to work on /opt/airflow/dags/spark_airflow.py
[2024-10-24T18:01:54.646+0000] {processor.py:914} INFO - Processing file /opt/airflow/dags/spark_airflow.py for tasks to queue
[2024-10-24T18:01:54.647+0000] {logging_mixin.py:190} INFO - [2024-10-24T18:01:54.647+0000] {dagbag.py:588} INFO - Filling up the DagBag from /opt/airflow/dags/spark_airflow.py
[2024-10-24T18:01:54.667+0000] {processor.py:925} INFO - DAG(s) 'sparking_flow' retrieved from /opt/airflow/dags/spark_airflow.py
[2024-10-24T18:01:54.691+0000] {logging_mixin.py:190} INFO - [2024-10-24T18:01:54.690+0000] {dag.py:3239} INFO - Sync 1 DAGs
[2024-10-24T18:01:54.711+0000] {logging_mixin.py:190} INFO - [2024-10-24T18:01:54.710+0000] {dag.py:4180} INFO - Setting next_dagrun for sparking_flow to 2024-10-24 00:00:00+00:00, run_after=2024-10-25 00:00:00+00:00
[2024-10-24T18:01:54.728+0000] {processor.py:208} INFO - Processing /opt/airflow/dags/spark_airflow.py took 0.089 seconds
[2024-10-24T18:02:24.864+0000] {processor.py:186} INFO - Started process (PID=14676) to work on /opt/airflow/dags/spark_airflow.py
[2024-10-24T18:02:24.865+0000] {processor.py:914} INFO - Processing file /opt/airflow/dags/spark_airflow.py for tasks to queue
[2024-10-24T18:02:24.867+0000] {logging_mixin.py:190} INFO - [2024-10-24T18:02:24.867+0000] {dagbag.py:588} INFO - Filling up the DagBag from /opt/airflow/dags/spark_airflow.py
[2024-10-24T18:02:24.886+0000] {processor.py:925} INFO - DAG(s) 'sparking_flow' retrieved from /opt/airflow/dags/spark_airflow.py
[2024-10-24T18:02:24.912+0000] {logging_mixin.py:190} INFO - [2024-10-24T18:02:24.912+0000] {dag.py:3239} INFO - Sync 1 DAGs
[2024-10-24T18:02:24.935+0000] {logging_mixin.py:190} INFO - [2024-10-24T18:02:24.935+0000] {dag.py:4180} INFO - Setting next_dagrun for sparking_flow to 2024-10-24 00:00:00+00:00, run_after=2024-10-25 00:00:00+00:00
[2024-10-24T18:02:24.951+0000] {processor.py:208} INFO - Processing /opt/airflow/dags/spark_airflow.py took 0.094 seconds
[2024-10-24T18:02:55.088+0000] {processor.py:186} INFO - Started process (PID=14681) to work on /opt/airflow/dags/spark_airflow.py
[2024-10-24T18:02:55.089+0000] {processor.py:914} INFO - Processing file /opt/airflow/dags/spark_airflow.py for tasks to queue
[2024-10-24T18:02:55.090+0000] {logging_mixin.py:190} INFO - [2024-10-24T18:02:55.090+0000] {dagbag.py:588} INFO - Filling up the DagBag from /opt/airflow/dags/spark_airflow.py
[2024-10-24T18:02:55.108+0000] {processor.py:925} INFO - DAG(s) 'sparking_flow' retrieved from /opt/airflow/dags/spark_airflow.py
[2024-10-24T18:02:55.134+0000] {logging_mixin.py:190} INFO - [2024-10-24T18:02:55.134+0000] {dag.py:3239} INFO - Sync 1 DAGs
[2024-10-24T18:02:55.157+0000] {logging_mixin.py:190} INFO - [2024-10-24T18:02:55.157+0000] {dag.py:4180} INFO - Setting next_dagrun for sparking_flow to 2024-10-24 00:00:00+00:00, run_after=2024-10-25 00:00:00+00:00
[2024-10-24T18:02:55.176+0000] {processor.py:208} INFO - Processing /opt/airflow/dags/spark_airflow.py took 0.095 seconds
[2024-10-24T18:03:25.282+0000] {processor.py:186} INFO - Started process (PID=14686) to work on /opt/airflow/dags/spark_airflow.py
[2024-10-24T18:03:25.283+0000] {processor.py:914} INFO - Processing file /opt/airflow/dags/spark_airflow.py for tasks to queue
[2024-10-24T18:03:25.284+0000] {logging_mixin.py:190} INFO - [2024-10-24T18:03:25.284+0000] {dagbag.py:588} INFO - Filling up the DagBag from /opt/airflow/dags/spark_airflow.py
[2024-10-24T18:03:25.302+0000] {processor.py:925} INFO - DAG(s) 'sparking_flow' retrieved from /opt/airflow/dags/spark_airflow.py
[2024-10-24T18:03:25.328+0000] {logging_mixin.py:190} INFO - [2024-10-24T18:03:25.328+0000] {dag.py:3239} INFO - Sync 1 DAGs
[2024-10-24T18:03:25.349+0000] {logging_mixin.py:190} INFO - [2024-10-24T18:03:25.349+0000] {dag.py:4180} INFO - Setting next_dagrun for sparking_flow to 2024-10-24 00:00:00+00:00, run_after=2024-10-25 00:00:00+00:00
[2024-10-24T18:03:25.365+0000] {processor.py:208} INFO - Processing /opt/airflow/dags/spark_airflow.py took 0.088 seconds
[2024-10-24T18:03:55.514+0000] {processor.py:186} INFO - Started process (PID=14691) to work on /opt/airflow/dags/spark_airflow.py
[2024-10-24T18:03:55.515+0000] {processor.py:914} INFO - Processing file /opt/airflow/dags/spark_airflow.py for tasks to queue
[2024-10-24T18:03:55.516+0000] {logging_mixin.py:190} INFO - [2024-10-24T18:03:55.516+0000] {dagbag.py:588} INFO - Filling up the DagBag from /opt/airflow/dags/spark_airflow.py
[2024-10-24T18:03:55.534+0000] {processor.py:925} INFO - DAG(s) 'sparking_flow' retrieved from /opt/airflow/dags/spark_airflow.py
[2024-10-24T18:03:55.558+0000] {logging_mixin.py:190} INFO - [2024-10-24T18:03:55.558+0000] {dag.py:3239} INFO - Sync 1 DAGs
[2024-10-24T18:03:55.580+0000] {logging_mixin.py:190} INFO - [2024-10-24T18:03:55.580+0000] {dag.py:4180} INFO - Setting next_dagrun for sparking_flow to 2024-10-24 00:00:00+00:00, run_after=2024-10-25 00:00:00+00:00
[2024-10-24T18:03:55.597+0000] {processor.py:208} INFO - Processing /opt/airflow/dags/spark_airflow.py took 0.087 seconds
[2024-10-24T18:04:25.700+0000] {processor.py:186} INFO - Started process (PID=14696) to work on /opt/airflow/dags/spark_airflow.py
[2024-10-24T18:04:25.701+0000] {processor.py:914} INFO - Processing file /opt/airflow/dags/spark_airflow.py for tasks to queue
[2024-10-24T18:04:25.702+0000] {logging_mixin.py:190} INFO - [2024-10-24T18:04:25.702+0000] {dagbag.py:588} INFO - Filling up the DagBag from /opt/airflow/dags/spark_airflow.py
[2024-10-24T18:04:25.722+0000] {processor.py:925} INFO - DAG(s) 'sparking_flow' retrieved from /opt/airflow/dags/spark_airflow.py
[2024-10-24T18:04:25.749+0000] {logging_mixin.py:190} INFO - [2024-10-24T18:04:25.748+0000] {dag.py:3239} INFO - Sync 1 DAGs
[2024-10-24T18:04:25.771+0000] {logging_mixin.py:190} INFO - [2024-10-24T18:04:25.771+0000] {dag.py:4180} INFO - Setting next_dagrun for sparking_flow to 2024-10-24 00:00:00+00:00, run_after=2024-10-25 00:00:00+00:00
[2024-10-24T18:04:25.790+0000] {processor.py:208} INFO - Processing /opt/airflow/dags/spark_airflow.py took 0.096 seconds
[2024-10-24T18:04:55.928+0000] {processor.py:186} INFO - Started process (PID=14701) to work on /opt/airflow/dags/spark_airflow.py
[2024-10-24T18:04:55.929+0000] {processor.py:914} INFO - Processing file /opt/airflow/dags/spark_airflow.py for tasks to queue
[2024-10-24T18:04:55.930+0000] {logging_mixin.py:190} INFO - [2024-10-24T18:04:55.930+0000] {dagbag.py:588} INFO - Filling up the DagBag from /opt/airflow/dags/spark_airflow.py
[2024-10-24T18:04:55.947+0000] {processor.py:925} INFO - DAG(s) 'sparking_flow' retrieved from /opt/airflow/dags/spark_airflow.py
[2024-10-24T18:04:55.972+0000] {logging_mixin.py:190} INFO - [2024-10-24T18:04:55.972+0000] {dag.py:3239} INFO - Sync 1 DAGs
[2024-10-24T18:04:55.994+0000] {logging_mixin.py:190} INFO - [2024-10-24T18:04:55.994+0000] {dag.py:4180} INFO - Setting next_dagrun for sparking_flow to 2024-10-24 00:00:00+00:00, run_after=2024-10-25 00:00:00+00:00
[2024-10-24T18:04:56.012+0000] {processor.py:208} INFO - Processing /opt/airflow/dags/spark_airflow.py took 0.089 seconds
[2024-10-24T18:05:26.114+0000] {processor.py:186} INFO - Started process (PID=14706) to work on /opt/airflow/dags/spark_airflow.py
[2024-10-24T18:05:26.115+0000] {processor.py:914} INFO - Processing file /opt/airflow/dags/spark_airflow.py for tasks to queue
[2024-10-24T18:05:26.116+0000] {logging_mixin.py:190} INFO - [2024-10-24T18:05:26.116+0000] {dagbag.py:588} INFO - Filling up the DagBag from /opt/airflow/dags/spark_airflow.py
[2024-10-24T18:05:26.135+0000] {processor.py:925} INFO - DAG(s) 'sparking_flow' retrieved from /opt/airflow/dags/spark_airflow.py
[2024-10-24T18:05:26.162+0000] {logging_mixin.py:190} INFO - [2024-10-24T18:05:26.162+0000] {dag.py:3239} INFO - Sync 1 DAGs
[2024-10-24T18:05:26.184+0000] {logging_mixin.py:190} INFO - [2024-10-24T18:05:26.184+0000] {dag.py:4180} INFO - Setting next_dagrun for sparking_flow to 2024-10-24 00:00:00+00:00, run_after=2024-10-25 00:00:00+00:00
[2024-10-24T18:05:26.201+0000] {processor.py:208} INFO - Processing /opt/airflow/dags/spark_airflow.py took 0.093 seconds
[2024-10-24T18:05:56.341+0000] {processor.py:186} INFO - Started process (PID=14711) to work on /opt/airflow/dags/spark_airflow.py
[2024-10-24T18:05:56.342+0000] {processor.py:914} INFO - Processing file /opt/airflow/dags/spark_airflow.py for tasks to queue
[2024-10-24T18:05:56.343+0000] {logging_mixin.py:190} INFO - [2024-10-24T18:05:56.343+0000] {dagbag.py:588} INFO - Filling up the DagBag from /opt/airflow/dags/spark_airflow.py
[2024-10-24T18:05:56.360+0000] {processor.py:925} INFO - DAG(s) 'sparking_flow' retrieved from /opt/airflow/dags/spark_airflow.py
[2024-10-24T18:05:56.385+0000] {logging_mixin.py:190} INFO - [2024-10-24T18:05:56.385+0000] {dag.py:3239} INFO - Sync 1 DAGs
[2024-10-24T18:05:56.407+0000] {logging_mixin.py:190} INFO - [2024-10-24T18:05:56.407+0000] {dag.py:4180} INFO - Setting next_dagrun for sparking_flow to 2024-10-24 00:00:00+00:00, run_after=2024-10-25 00:00:00+00:00
[2024-10-24T18:05:56.423+0000] {processor.py:208} INFO - Processing /opt/airflow/dags/spark_airflow.py took 0.086 seconds
[2024-10-24T18:06:26.536+0000] {processor.py:186} INFO - Started process (PID=14716) to work on /opt/airflow/dags/spark_airflow.py
[2024-10-24T18:06:26.537+0000] {processor.py:914} INFO - Processing file /opt/airflow/dags/spark_airflow.py for tasks to queue
[2024-10-24T18:06:26.538+0000] {logging_mixin.py:190} INFO - [2024-10-24T18:06:26.538+0000] {dagbag.py:588} INFO - Filling up the DagBag from /opt/airflow/dags/spark_airflow.py
[2024-10-24T18:06:26.558+0000] {processor.py:925} INFO - DAG(s) 'sparking_flow' retrieved from /opt/airflow/dags/spark_airflow.py
[2024-10-24T18:06:26.585+0000] {logging_mixin.py:190} INFO - [2024-10-24T18:06:26.585+0000] {dag.py:3239} INFO - Sync 1 DAGs
[2024-10-24T18:06:26.608+0000] {logging_mixin.py:190} INFO - [2024-10-24T18:06:26.608+0000] {dag.py:4180} INFO - Setting next_dagrun for sparking_flow to 2024-10-24 00:00:00+00:00, run_after=2024-10-25 00:00:00+00:00
[2024-10-24T18:06:26.627+0000] {processor.py:208} INFO - Processing /opt/airflow/dags/spark_airflow.py took 0.096 seconds
[2024-10-24T18:06:56.787+0000] {processor.py:186} INFO - Started process (PID=14721) to work on /opt/airflow/dags/spark_airflow.py
[2024-10-24T18:06:56.788+0000] {processor.py:914} INFO - Processing file /opt/airflow/dags/spark_airflow.py for tasks to queue
[2024-10-24T18:06:56.789+0000] {logging_mixin.py:190} INFO - [2024-10-24T18:06:56.789+0000] {dagbag.py:588} INFO - Filling up the DagBag from /opt/airflow/dags/spark_airflow.py
[2024-10-24T18:06:56.808+0000] {processor.py:925} INFO - DAG(s) 'sparking_flow' retrieved from /opt/airflow/dags/spark_airflow.py
[2024-10-24T18:06:56.832+0000] {logging_mixin.py:190} INFO - [2024-10-24T18:06:56.832+0000] {dag.py:3239} INFO - Sync 1 DAGs
[2024-10-24T18:06:56.853+0000] {logging_mixin.py:190} INFO - [2024-10-24T18:06:56.853+0000] {dag.py:4180} INFO - Setting next_dagrun for sparking_flow to 2024-10-24 00:00:00+00:00, run_after=2024-10-25 00:00:00+00:00
[2024-10-24T18:06:56.869+0000] {processor.py:208} INFO - Processing /opt/airflow/dags/spark_airflow.py took 0.086 seconds
[2024-10-24T18:07:26.964+0000] {processor.py:186} INFO - Started process (PID=14726) to work on /opt/airflow/dags/spark_airflow.py
[2024-10-24T18:07:26.965+0000] {processor.py:914} INFO - Processing file /opt/airflow/dags/spark_airflow.py for tasks to queue
[2024-10-24T18:07:26.966+0000] {logging_mixin.py:190} INFO - [2024-10-24T18:07:26.966+0000] {dagbag.py:588} INFO - Filling up the DagBag from /opt/airflow/dags/spark_airflow.py
[2024-10-24T18:07:26.985+0000] {processor.py:925} INFO - DAG(s) 'sparking_flow' retrieved from /opt/airflow/dags/spark_airflow.py
[2024-10-24T18:07:27.012+0000] {logging_mixin.py:190} INFO - [2024-10-24T18:07:27.011+0000] {dag.py:3239} INFO - Sync 1 DAGs
[2024-10-24T18:07:27.034+0000] {logging_mixin.py:190} INFO - [2024-10-24T18:07:27.034+0000] {dag.py:4180} INFO - Setting next_dagrun for sparking_flow to 2024-10-24 00:00:00+00:00, run_after=2024-10-25 00:00:00+00:00
[2024-10-24T18:07:27.053+0000] {processor.py:208} INFO - Processing /opt/airflow/dags/spark_airflow.py took 0.096 seconds
[2024-10-24T18:07:57.193+0000] {processor.py:186} INFO - Started process (PID=14731) to work on /opt/airflow/dags/spark_airflow.py
[2024-10-24T18:07:57.193+0000] {processor.py:914} INFO - Processing file /opt/airflow/dags/spark_airflow.py for tasks to queue
[2024-10-24T18:07:57.195+0000] {logging_mixin.py:190} INFO - [2024-10-24T18:07:57.194+0000] {dagbag.py:588} INFO - Filling up the DagBag from /opt/airflow/dags/spark_airflow.py
[2024-10-24T18:07:57.212+0000] {processor.py:925} INFO - DAG(s) 'sparking_flow' retrieved from /opt/airflow/dags/spark_airflow.py
[2024-10-24T18:07:57.236+0000] {logging_mixin.py:190} INFO - [2024-10-24T18:07:57.236+0000] {dag.py:3239} INFO - Sync 1 DAGs
[2024-10-24T18:07:57.258+0000] {logging_mixin.py:190} INFO - [2024-10-24T18:07:57.257+0000] {dag.py:4180} INFO - Setting next_dagrun for sparking_flow to 2024-10-24 00:00:00+00:00, run_after=2024-10-25 00:00:00+00:00
[2024-10-24T18:07:57.272+0000] {processor.py:208} INFO - Processing /opt/airflow/dags/spark_airflow.py took 0.084 seconds
[2024-10-24T18:08:27.340+0000] {processor.py:186} INFO - Started process (PID=14736) to work on /opt/airflow/dags/spark_airflow.py
[2024-10-24T18:08:27.341+0000] {processor.py:914} INFO - Processing file /opt/airflow/dags/spark_airflow.py for tasks to queue
[2024-10-24T18:08:27.342+0000] {logging_mixin.py:190} INFO - [2024-10-24T18:08:27.342+0000] {dagbag.py:588} INFO - Filling up the DagBag from /opt/airflow/dags/spark_airflow.py
[2024-10-24T18:08:27.364+0000] {processor.py:925} INFO - DAG(s) 'sparking_flow' retrieved from /opt/airflow/dags/spark_airflow.py
[2024-10-24T18:08:27.390+0000] {logging_mixin.py:190} INFO - [2024-10-24T18:08:27.390+0000] {dag.py:3239} INFO - Sync 1 DAGs
[2024-10-24T18:08:27.413+0000] {logging_mixin.py:190} INFO - [2024-10-24T18:08:27.412+0000] {dag.py:4180} INFO - Setting next_dagrun for sparking_flow to 2024-10-24 00:00:00+00:00, run_after=2024-10-25 00:00:00+00:00
[2024-10-24T18:08:27.429+0000] {processor.py:208} INFO - Processing /opt/airflow/dags/spark_airflow.py took 0.096 seconds
[2024-10-24T18:08:57.561+0000] {processor.py:186} INFO - Started process (PID=14741) to work on /opt/airflow/dags/spark_airflow.py
[2024-10-24T18:08:57.562+0000] {processor.py:914} INFO - Processing file /opt/airflow/dags/spark_airflow.py for tasks to queue
[2024-10-24T18:08:57.563+0000] {logging_mixin.py:190} INFO - [2024-10-24T18:08:57.562+0000] {dagbag.py:588} INFO - Filling up the DagBag from /opt/airflow/dags/spark_airflow.py
[2024-10-24T18:08:57.582+0000] {processor.py:925} INFO - DAG(s) 'sparking_flow' retrieved from /opt/airflow/dags/spark_airflow.py
[2024-10-24T18:08:57.607+0000] {logging_mixin.py:190} INFO - [2024-10-24T18:08:57.607+0000] {dag.py:3239} INFO - Sync 1 DAGs
[2024-10-24T18:08:57.630+0000] {logging_mixin.py:190} INFO - [2024-10-24T18:08:57.630+0000] {dag.py:4180} INFO - Setting next_dagrun for sparking_flow to 2024-10-24 00:00:00+00:00, run_after=2024-10-25 00:00:00+00:00
[2024-10-24T18:08:57.649+0000] {processor.py:208} INFO - Processing /opt/airflow/dags/spark_airflow.py took 0.093 seconds
[2024-10-24T18:09:27.791+0000] {processor.py:186} INFO - Started process (PID=14746) to work on /opt/airflow/dags/spark_airflow.py
[2024-10-24T18:09:27.792+0000] {processor.py:914} INFO - Processing file /opt/airflow/dags/spark_airflow.py for tasks to queue
[2024-10-24T18:09:27.794+0000] {logging_mixin.py:190} INFO - [2024-10-24T18:09:27.794+0000] {dagbag.py:588} INFO - Filling up the DagBag from /opt/airflow/dags/spark_airflow.py
[2024-10-24T18:09:27.821+0000] {processor.py:925} INFO - DAG(s) 'sparking_flow' retrieved from /opt/airflow/dags/spark_airflow.py
[2024-10-24T18:09:27.847+0000] {logging_mixin.py:190} INFO - [2024-10-24T18:09:27.847+0000] {dag.py:3239} INFO - Sync 1 DAGs
[2024-10-24T18:09:27.871+0000] {logging_mixin.py:190} INFO - [2024-10-24T18:09:27.870+0000] {dag.py:4180} INFO - Setting next_dagrun for sparking_flow to 2024-10-24 00:00:00+00:00, run_after=2024-10-25 00:00:00+00:00
[2024-10-24T18:09:27.887+0000] {processor.py:208} INFO - Processing /opt/airflow/dags/spark_airflow.py took 0.101 seconds
[2024-10-24T18:09:58.013+0000] {processor.py:186} INFO - Started process (PID=14751) to work on /opt/airflow/dags/spark_airflow.py
[2024-10-24T18:09:58.014+0000] {processor.py:914} INFO - Processing file /opt/airflow/dags/spark_airflow.py for tasks to queue
[2024-10-24T18:09:58.015+0000] {logging_mixin.py:190} INFO - [2024-10-24T18:09:58.015+0000] {dagbag.py:588} INFO - Filling up the DagBag from /opt/airflow/dags/spark_airflow.py
[2024-10-24T18:09:58.036+0000] {processor.py:925} INFO - DAG(s) 'sparking_flow' retrieved from /opt/airflow/dags/spark_airflow.py
[2024-10-24T18:09:58.060+0000] {logging_mixin.py:190} INFO - [2024-10-24T18:09:58.059+0000] {dag.py:3239} INFO - Sync 1 DAGs
[2024-10-24T18:09:58.081+0000] {logging_mixin.py:190} INFO - [2024-10-24T18:09:58.081+0000] {dag.py:4180} INFO - Setting next_dagrun for sparking_flow to 2024-10-24 00:00:00+00:00, run_after=2024-10-25 00:00:00+00:00
[2024-10-24T18:09:58.098+0000] {processor.py:208} INFO - Processing /opt/airflow/dags/spark_airflow.py took 0.092 seconds
[2024-10-24T18:10:28.218+0000] {processor.py:186} INFO - Started process (PID=14756) to work on /opt/airflow/dags/spark_airflow.py
[2024-10-24T18:10:28.219+0000] {processor.py:914} INFO - Processing file /opt/airflow/dags/spark_airflow.py for tasks to queue
[2024-10-24T18:10:28.221+0000] {logging_mixin.py:190} INFO - [2024-10-24T18:10:28.220+0000] {dagbag.py:588} INFO - Filling up the DagBag from /opt/airflow/dags/spark_airflow.py
[2024-10-24T18:10:28.241+0000] {processor.py:925} INFO - DAG(s) 'sparking_flow' retrieved from /opt/airflow/dags/spark_airflow.py
[2024-10-24T18:10:28.270+0000] {logging_mixin.py:190} INFO - [2024-10-24T18:10:28.269+0000] {dag.py:3239} INFO - Sync 1 DAGs
[2024-10-24T18:10:28.295+0000] {logging_mixin.py:190} INFO - [2024-10-24T18:10:28.294+0000] {dag.py:4180} INFO - Setting next_dagrun for sparking_flow to 2024-10-24 00:00:00+00:00, run_after=2024-10-25 00:00:00+00:00
[2024-10-24T18:10:28.312+0000] {processor.py:208} INFO - Processing /opt/airflow/dags/spark_airflow.py took 0.101 seconds
[2024-10-24T18:10:58.442+0000] {processor.py:186} INFO - Started process (PID=14761) to work on /opt/airflow/dags/spark_airflow.py
[2024-10-24T18:10:58.443+0000] {processor.py:914} INFO - Processing file /opt/airflow/dags/spark_airflow.py for tasks to queue
[2024-10-24T18:10:58.445+0000] {logging_mixin.py:190} INFO - [2024-10-24T18:10:58.444+0000] {dagbag.py:588} INFO - Filling up the DagBag from /opt/airflow/dags/spark_airflow.py
[2024-10-24T18:10:58.465+0000] {processor.py:925} INFO - DAG(s) 'sparking_flow' retrieved from /opt/airflow/dags/spark_airflow.py
[2024-10-24T18:10:58.490+0000] {logging_mixin.py:190} INFO - [2024-10-24T18:10:58.489+0000] {dag.py:3239} INFO - Sync 1 DAGs
[2024-10-24T18:10:58.513+0000] {logging_mixin.py:190} INFO - [2024-10-24T18:10:58.513+0000] {dag.py:4180} INFO - Setting next_dagrun for sparking_flow to 2024-10-24 00:00:00+00:00, run_after=2024-10-25 00:00:00+00:00
[2024-10-24T18:10:58.532+0000] {processor.py:208} INFO - Processing /opt/airflow/dags/spark_airflow.py took 0.096 seconds
[2024-10-24T18:11:28.656+0000] {processor.py:186} INFO - Started process (PID=14766) to work on /opt/airflow/dags/spark_airflow.py
[2024-10-24T18:11:28.657+0000] {processor.py:914} INFO - Processing file /opt/airflow/dags/spark_airflow.py for tasks to queue
[2024-10-24T18:11:28.658+0000] {logging_mixin.py:190} INFO - [2024-10-24T18:11:28.657+0000] {dagbag.py:588} INFO - Filling up the DagBag from /opt/airflow/dags/spark_airflow.py
[2024-10-24T18:11:28.682+0000] {processor.py:925} INFO - DAG(s) 'sparking_flow' retrieved from /opt/airflow/dags/spark_airflow.py
[2024-10-24T18:11:28.708+0000] {logging_mixin.py:190} INFO - [2024-10-24T18:11:28.708+0000] {dag.py:3239} INFO - Sync 1 DAGs
[2024-10-24T18:11:28.729+0000] {logging_mixin.py:190} INFO - [2024-10-24T18:11:28.729+0000] {dag.py:4180} INFO - Setting next_dagrun for sparking_flow to 2024-10-24 00:00:00+00:00, run_after=2024-10-25 00:00:00+00:00
[2024-10-24T18:11:28.744+0000] {processor.py:208} INFO - Processing /opt/airflow/dags/spark_airflow.py took 0.093 seconds
[2024-10-24T18:11:58.897+0000] {processor.py:186} INFO - Started process (PID=14771) to work on /opt/airflow/dags/spark_airflow.py
[2024-10-24T18:11:58.898+0000] {processor.py:914} INFO - Processing file /opt/airflow/dags/spark_airflow.py for tasks to queue
[2024-10-24T18:11:58.899+0000] {logging_mixin.py:190} INFO - [2024-10-24T18:11:58.899+0000] {dagbag.py:588} INFO - Filling up the DagBag from /opt/airflow/dags/spark_airflow.py
[2024-10-24T18:11:58.917+0000] {processor.py:925} INFO - DAG(s) 'sparking_flow' retrieved from /opt/airflow/dags/spark_airflow.py
[2024-10-24T18:11:58.941+0000] {logging_mixin.py:190} INFO - [2024-10-24T18:11:58.941+0000] {dag.py:3239} INFO - Sync 1 DAGs
[2024-10-24T18:11:58.962+0000] {logging_mixin.py:190} INFO - [2024-10-24T18:11:58.962+0000] {dag.py:4180} INFO - Setting next_dagrun for sparking_flow to 2024-10-24 00:00:00+00:00, run_after=2024-10-25 00:00:00+00:00
[2024-10-24T18:11:58.979+0000] {processor.py:208} INFO - Processing /opt/airflow/dags/spark_airflow.py took 0.086 seconds
[2024-10-24T18:12:29.084+0000] {processor.py:186} INFO - Started process (PID=14776) to work on /opt/airflow/dags/spark_airflow.py
[2024-10-24T18:12:29.085+0000] {processor.py:914} INFO - Processing file /opt/airflow/dags/spark_airflow.py for tasks to queue
[2024-10-24T18:12:29.087+0000] {logging_mixin.py:190} INFO - [2024-10-24T18:12:29.086+0000] {dagbag.py:588} INFO - Filling up the DagBag from /opt/airflow/dags/spark_airflow.py
[2024-10-24T18:12:29.105+0000] {processor.py:925} INFO - DAG(s) 'sparking_flow' retrieved from /opt/airflow/dags/spark_airflow.py
[2024-10-24T18:12:29.130+0000] {logging_mixin.py:190} INFO - [2024-10-24T18:12:29.130+0000] {dag.py:3239} INFO - Sync 1 DAGs
[2024-10-24T18:12:29.157+0000] {logging_mixin.py:190} INFO - [2024-10-24T18:12:29.157+0000] {dag.py:4180} INFO - Setting next_dagrun for sparking_flow to 2024-10-24 00:00:00+00:00, run_after=2024-10-25 00:00:00+00:00
[2024-10-24T18:12:29.173+0000] {processor.py:208} INFO - Processing /opt/airflow/dags/spark_airflow.py took 0.094 seconds
[2024-10-24T18:12:59.315+0000] {processor.py:186} INFO - Started process (PID=14781) to work on /opt/airflow/dags/spark_airflow.py
[2024-10-24T18:12:59.316+0000] {processor.py:914} INFO - Processing file /opt/airflow/dags/spark_airflow.py for tasks to queue
[2024-10-24T18:12:59.317+0000] {logging_mixin.py:190} INFO - [2024-10-24T18:12:59.317+0000] {dagbag.py:588} INFO - Filling up the DagBag from /opt/airflow/dags/spark_airflow.py
[2024-10-24T18:12:59.334+0000] {processor.py:925} INFO - DAG(s) 'sparking_flow' retrieved from /opt/airflow/dags/spark_airflow.py
[2024-10-24T18:12:59.360+0000] {logging_mixin.py:190} INFO - [2024-10-24T18:12:59.360+0000] {dag.py:3239} INFO - Sync 1 DAGs
[2024-10-24T18:12:59.380+0000] {logging_mixin.py:190} INFO - [2024-10-24T18:12:59.380+0000] {dag.py:4180} INFO - Setting next_dagrun for sparking_flow to 2024-10-24 00:00:00+00:00, run_after=2024-10-25 00:00:00+00:00
[2024-10-24T18:12:59.397+0000] {processor.py:208} INFO - Processing /opt/airflow/dags/spark_airflow.py took 0.087 seconds
[2024-10-24T18:13:29.502+0000] {processor.py:186} INFO - Started process (PID=14786) to work on /opt/airflow/dags/spark_airflow.py
[2024-10-24T18:13:29.503+0000] {processor.py:914} INFO - Processing file /opt/airflow/dags/spark_airflow.py for tasks to queue
[2024-10-24T18:13:29.505+0000] {logging_mixin.py:190} INFO - [2024-10-24T18:13:29.505+0000] {dagbag.py:588} INFO - Filling up the DagBag from /opt/airflow/dags/spark_airflow.py
[2024-10-24T18:13:29.523+0000] {processor.py:925} INFO - DAG(s) 'sparking_flow' retrieved from /opt/airflow/dags/spark_airflow.py
[2024-10-24T18:13:29.548+0000] {logging_mixin.py:190} INFO - [2024-10-24T18:13:29.548+0000] {dag.py:3239} INFO - Sync 1 DAGs
[2024-10-24T18:13:29.569+0000] {logging_mixin.py:190} INFO - [2024-10-24T18:13:29.569+0000] {dag.py:4180} INFO - Setting next_dagrun for sparking_flow to 2024-10-24 00:00:00+00:00, run_after=2024-10-25 00:00:00+00:00
[2024-10-24T18:13:29.585+0000] {processor.py:208} INFO - Processing /opt/airflow/dags/spark_airflow.py took 0.088 seconds
[2024-10-24T18:13:59.724+0000] {processor.py:186} INFO - Started process (PID=14791) to work on /opt/airflow/dags/spark_airflow.py
[2024-10-24T18:13:59.725+0000] {processor.py:914} INFO - Processing file /opt/airflow/dags/spark_airflow.py for tasks to queue
[2024-10-24T18:13:59.726+0000] {logging_mixin.py:190} INFO - [2024-10-24T18:13:59.726+0000] {dagbag.py:588} INFO - Filling up the DagBag from /opt/airflow/dags/spark_airflow.py
[2024-10-24T18:13:59.744+0000] {processor.py:925} INFO - DAG(s) 'sparking_flow' retrieved from /opt/airflow/dags/spark_airflow.py
[2024-10-24T18:13:59.770+0000] {logging_mixin.py:190} INFO - [2024-10-24T18:13:59.769+0000] {dag.py:3239} INFO - Sync 1 DAGs
[2024-10-24T18:13:59.792+0000] {logging_mixin.py:190} INFO - [2024-10-24T18:13:59.792+0000] {dag.py:4180} INFO - Setting next_dagrun for sparking_flow to 2024-10-24 00:00:00+00:00, run_after=2024-10-25 00:00:00+00:00
[2024-10-24T18:13:59.809+0000] {processor.py:208} INFO - Processing /opt/airflow/dags/spark_airflow.py took 0.091 seconds
[2024-10-24T18:14:29.914+0000] {processor.py:186} INFO - Started process (PID=14796) to work on /opt/airflow/dags/spark_airflow.py
[2024-10-24T18:14:29.915+0000] {processor.py:914} INFO - Processing file /opt/airflow/dags/spark_airflow.py for tasks to queue
[2024-10-24T18:14:29.916+0000] {logging_mixin.py:190} INFO - [2024-10-24T18:14:29.916+0000] {dagbag.py:588} INFO - Filling up the DagBag from /opt/airflow/dags/spark_airflow.py
[2024-10-24T18:14:29.936+0000] {processor.py:925} INFO - DAG(s) 'sparking_flow' retrieved from /opt/airflow/dags/spark_airflow.py
[2024-10-24T18:14:29.962+0000] {logging_mixin.py:190} INFO - [2024-10-24T18:14:29.962+0000] {dag.py:3239} INFO - Sync 1 DAGs
[2024-10-24T18:14:29.982+0000] {logging_mixin.py:190} INFO - [2024-10-24T18:14:29.982+0000] {dag.py:4180} INFO - Setting next_dagrun for sparking_flow to 2024-10-24 00:00:00+00:00, run_after=2024-10-25 00:00:00+00:00
[2024-10-24T18:14:29.999+0000] {processor.py:208} INFO - Processing /opt/airflow/dags/spark_airflow.py took 0.091 seconds
[2024-10-24T18:15:00.148+0000] {processor.py:186} INFO - Started process (PID=14801) to work on /opt/airflow/dags/spark_airflow.py
[2024-10-24T18:15:00.149+0000] {processor.py:914} INFO - Processing file /opt/airflow/dags/spark_airflow.py for tasks to queue
[2024-10-24T18:15:00.150+0000] {logging_mixin.py:190} INFO - [2024-10-24T18:15:00.150+0000] {dagbag.py:588} INFO - Filling up the DagBag from /opt/airflow/dags/spark_airflow.py
[2024-10-24T18:15:00.170+0000] {processor.py:925} INFO - DAG(s) 'sparking_flow' retrieved from /opt/airflow/dags/spark_airflow.py
[2024-10-24T18:15:00.196+0000] {logging_mixin.py:190} INFO - [2024-10-24T18:15:00.196+0000] {dag.py:3239} INFO - Sync 1 DAGs
[2024-10-24T18:15:00.220+0000] {logging_mixin.py:190} INFO - [2024-10-24T18:15:00.219+0000] {dag.py:4180} INFO - Setting next_dagrun for sparking_flow to 2024-10-24 00:00:00+00:00, run_after=2024-10-25 00:00:00+00:00
[2024-10-24T18:15:00.237+0000] {processor.py:208} INFO - Processing /opt/airflow/dags/spark_airflow.py took 0.094 seconds
[2024-10-24T18:15:30.332+0000] {processor.py:186} INFO - Started process (PID=14806) to work on /opt/airflow/dags/spark_airflow.py
[2024-10-24T18:15:30.333+0000] {processor.py:914} INFO - Processing file /opt/airflow/dags/spark_airflow.py for tasks to queue
[2024-10-24T18:15:30.333+0000] {logging_mixin.py:190} INFO - [2024-10-24T18:15:30.333+0000] {dagbag.py:588} INFO - Filling up the DagBag from /opt/airflow/dags/spark_airflow.py
[2024-10-24T18:15:30.351+0000] {processor.py:925} INFO - DAG(s) 'sparking_flow' retrieved from /opt/airflow/dags/spark_airflow.py
[2024-10-24T18:15:30.375+0000] {logging_mixin.py:190} INFO - [2024-10-24T18:15:30.374+0000] {dag.py:3239} INFO - Sync 1 DAGs
[2024-10-24T18:15:30.396+0000] {logging_mixin.py:190} INFO - [2024-10-24T18:15:30.396+0000] {dag.py:4180} INFO - Setting next_dagrun for sparking_flow to 2024-10-24 00:00:00+00:00, run_after=2024-10-25 00:00:00+00:00
[2024-10-24T18:15:30.414+0000] {processor.py:208} INFO - Processing /opt/airflow/dags/spark_airflow.py took 0.087 seconds
[2024-10-24T18:16:00.570+0000] {processor.py:186} INFO - Started process (PID=14811) to work on /opt/airflow/dags/spark_airflow.py
[2024-10-24T18:16:00.571+0000] {processor.py:914} INFO - Processing file /opt/airflow/dags/spark_airflow.py for tasks to queue
[2024-10-24T18:16:00.573+0000] {logging_mixin.py:190} INFO - [2024-10-24T18:16:00.572+0000] {dagbag.py:588} INFO - Filling up the DagBag from /opt/airflow/dags/spark_airflow.py
[2024-10-24T18:16:00.591+0000] {processor.py:925} INFO - DAG(s) 'sparking_flow' retrieved from /opt/airflow/dags/spark_airflow.py
[2024-10-24T18:16:00.616+0000] {logging_mixin.py:190} INFO - [2024-10-24T18:16:00.616+0000] {dag.py:3239} INFO - Sync 1 DAGs
[2024-10-24T18:16:00.638+0000] {logging_mixin.py:190} INFO - [2024-10-24T18:16:00.638+0000] {dag.py:4180} INFO - Setting next_dagrun for sparking_flow to 2024-10-24 00:00:00+00:00, run_after=2024-10-25 00:00:00+00:00
[2024-10-24T18:16:00.657+0000] {processor.py:208} INFO - Processing /opt/airflow/dags/spark_airflow.py took 0.091 seconds
[2024-10-24T18:16:30.748+0000] {processor.py:186} INFO - Started process (PID=14816) to work on /opt/airflow/dags/spark_airflow.py
[2024-10-24T18:16:30.749+0000] {processor.py:914} INFO - Processing file /opt/airflow/dags/spark_airflow.py for tasks to queue
[2024-10-24T18:16:30.750+0000] {logging_mixin.py:190} INFO - [2024-10-24T18:16:30.749+0000] {dagbag.py:588} INFO - Filling up the DagBag from /opt/airflow/dags/spark_airflow.py
[2024-10-24T18:16:30.768+0000] {processor.py:925} INFO - DAG(s) 'sparking_flow' retrieved from /opt/airflow/dags/spark_airflow.py
[2024-10-24T18:16:30.792+0000] {logging_mixin.py:190} INFO - [2024-10-24T18:16:30.791+0000] {dag.py:3239} INFO - Sync 1 DAGs
[2024-10-24T18:16:30.812+0000] {logging_mixin.py:190} INFO - [2024-10-24T18:16:30.812+0000] {dag.py:4180} INFO - Setting next_dagrun for sparking_flow to 2024-10-24 00:00:00+00:00, run_after=2024-10-25 00:00:00+00:00
[2024-10-24T18:16:30.836+0000] {processor.py:208} INFO - Processing /opt/airflow/dags/spark_airflow.py took 0.093 seconds
[2024-10-24T18:17:01.026+0000] {processor.py:186} INFO - Started process (PID=14821) to work on /opt/airflow/dags/spark_airflow.py
[2024-10-24T18:17:01.027+0000] {processor.py:914} INFO - Processing file /opt/airflow/dags/spark_airflow.py for tasks to queue
[2024-10-24T18:17:01.029+0000] {logging_mixin.py:190} INFO - [2024-10-24T18:17:01.029+0000] {dagbag.py:588} INFO - Filling up the DagBag from /opt/airflow/dags/spark_airflow.py
[2024-10-24T18:17:01.047+0000] {processor.py:925} INFO - DAG(s) 'sparking_flow' retrieved from /opt/airflow/dags/spark_airflow.py
[2024-10-24T18:17:01.075+0000] {logging_mixin.py:190} INFO - [2024-10-24T18:17:01.075+0000] {dag.py:3239} INFO - Sync 1 DAGs
[2024-10-24T18:17:01.099+0000] {logging_mixin.py:190} INFO - [2024-10-24T18:17:01.099+0000] {dag.py:4180} INFO - Setting next_dagrun for sparking_flow to 2024-10-24 00:00:00+00:00, run_after=2024-10-25 00:00:00+00:00
[2024-10-24T18:17:01.115+0000] {processor.py:208} INFO - Processing /opt/airflow/dags/spark_airflow.py took 0.093 seconds
[2024-10-24T18:17:31.203+0000] {processor.py:186} INFO - Started process (PID=14826) to work on /opt/airflow/dags/spark_airflow.py
[2024-10-24T18:17:31.204+0000] {processor.py:914} INFO - Processing file /opt/airflow/dags/spark_airflow.py for tasks to queue
[2024-10-24T18:17:31.205+0000] {logging_mixin.py:190} INFO - [2024-10-24T18:17:31.205+0000] {dagbag.py:588} INFO - Filling up the DagBag from /opt/airflow/dags/spark_airflow.py
[2024-10-24T18:17:31.223+0000] {processor.py:925} INFO - DAG(s) 'sparking_flow' retrieved from /opt/airflow/dags/spark_airflow.py
[2024-10-24T18:17:31.249+0000] {logging_mixin.py:190} INFO - [2024-10-24T18:17:31.248+0000] {dag.py:3239} INFO - Sync 1 DAGs
[2024-10-24T18:17:31.271+0000] {logging_mixin.py:190} INFO - [2024-10-24T18:17:31.271+0000] {dag.py:4180} INFO - Setting next_dagrun for sparking_flow to 2024-10-24 00:00:00+00:00, run_after=2024-10-25 00:00:00+00:00
[2024-10-24T18:17:31.288+0000] {processor.py:208} INFO - Processing /opt/airflow/dags/spark_airflow.py took 0.090 seconds
[2024-10-24T18:18:01.458+0000] {processor.py:186} INFO - Started process (PID=14831) to work on /opt/airflow/dags/spark_airflow.py
[2024-10-24T18:18:01.458+0000] {processor.py:914} INFO - Processing file /opt/airflow/dags/spark_airflow.py for tasks to queue
[2024-10-24T18:18:01.460+0000] {logging_mixin.py:190} INFO - [2024-10-24T18:18:01.459+0000] {dagbag.py:588} INFO - Filling up the DagBag from /opt/airflow/dags/spark_airflow.py
[2024-10-24T18:18:01.477+0000] {processor.py:925} INFO - DAG(s) 'sparking_flow' retrieved from /opt/airflow/dags/spark_airflow.py
[2024-10-24T18:18:01.504+0000] {logging_mixin.py:190} INFO - [2024-10-24T18:18:01.504+0000] {dag.py:3239} INFO - Sync 1 DAGs
[2024-10-24T18:18:01.528+0000] {logging_mixin.py:190} INFO - [2024-10-24T18:18:01.528+0000] {dag.py:4180} INFO - Setting next_dagrun for sparking_flow to 2024-10-24 00:00:00+00:00, run_after=2024-10-25 00:00:00+00:00
[2024-10-24T18:18:01.544+0000] {processor.py:208} INFO - Processing /opt/airflow/dags/spark_airflow.py took 0.091 seconds
[2024-10-24T18:18:31.637+0000] {processor.py:186} INFO - Started process (PID=14836) to work on /opt/airflow/dags/spark_airflow.py
[2024-10-24T18:18:31.638+0000] {processor.py:914} INFO - Processing file /opt/airflow/dags/spark_airflow.py for tasks to queue
[2024-10-24T18:18:31.639+0000] {logging_mixin.py:190} INFO - [2024-10-24T18:18:31.639+0000] {dagbag.py:588} INFO - Filling up the DagBag from /opt/airflow/dags/spark_airflow.py
[2024-10-24T18:18:31.657+0000] {processor.py:925} INFO - DAG(s) 'sparking_flow' retrieved from /opt/airflow/dags/spark_airflow.py
[2024-10-24T18:18:31.684+0000] {logging_mixin.py:190} INFO - [2024-10-24T18:18:31.684+0000] {dag.py:3239} INFO - Sync 1 DAGs
[2024-10-24T18:18:31.707+0000] {logging_mixin.py:190} INFO - [2024-10-24T18:18:31.707+0000] {dag.py:4180} INFO - Setting next_dagrun for sparking_flow to 2024-10-24 00:00:00+00:00, run_after=2024-10-25 00:00:00+00:00
[2024-10-24T18:18:31.725+0000] {processor.py:208} INFO - Processing /opt/airflow/dags/spark_airflow.py took 0.094 seconds
[2024-10-24T18:19:01.884+0000] {processor.py:186} INFO - Started process (PID=14841) to work on /opt/airflow/dags/spark_airflow.py
[2024-10-24T18:19:01.885+0000] {processor.py:914} INFO - Processing file /opt/airflow/dags/spark_airflow.py for tasks to queue
[2024-10-24T18:19:01.886+0000] {logging_mixin.py:190} INFO - [2024-10-24T18:19:01.885+0000] {dagbag.py:588} INFO - Filling up the DagBag from /opt/airflow/dags/spark_airflow.py
[2024-10-24T18:19:01.901+0000] {processor.py:925} INFO - DAG(s) 'sparking_flow' retrieved from /opt/airflow/dags/spark_airflow.py
[2024-10-24T18:19:01.926+0000] {logging_mixin.py:190} INFO - [2024-10-24T18:19:01.926+0000] {dag.py:3239} INFO - Sync 1 DAGs
[2024-10-24T18:19:01.948+0000] {logging_mixin.py:190} INFO - [2024-10-24T18:19:01.948+0000] {dag.py:4180} INFO - Setting next_dagrun for sparking_flow to 2024-10-24 00:00:00+00:00, run_after=2024-10-25 00:00:00+00:00
[2024-10-24T18:19:01.967+0000] {processor.py:208} INFO - Processing /opt/airflow/dags/spark_airflow.py took 0.087 seconds
[2024-10-24T18:19:32.067+0000] {processor.py:186} INFO - Started process (PID=14846) to work on /opt/airflow/dags/spark_airflow.py
[2024-10-24T18:19:32.068+0000] {processor.py:914} INFO - Processing file /opt/airflow/dags/spark_airflow.py for tasks to queue
[2024-10-24T18:19:32.069+0000] {logging_mixin.py:190} INFO - [2024-10-24T18:19:32.069+0000] {dagbag.py:588} INFO - Filling up the DagBag from /opt/airflow/dags/spark_airflow.py
[2024-10-24T18:19:32.089+0000] {processor.py:925} INFO - DAG(s) 'sparking_flow' retrieved from /opt/airflow/dags/spark_airflow.py
[2024-10-24T18:19:32.115+0000] {logging_mixin.py:190} INFO - [2024-10-24T18:19:32.115+0000] {dag.py:3239} INFO - Sync 1 DAGs
[2024-10-24T18:19:32.138+0000] {logging_mixin.py:190} INFO - [2024-10-24T18:19:32.138+0000] {dag.py:4180} INFO - Setting next_dagrun for sparking_flow to 2024-10-24 00:00:00+00:00, run_after=2024-10-25 00:00:00+00:00
[2024-10-24T18:19:32.153+0000] {processor.py:208} INFO - Processing /opt/airflow/dags/spark_airflow.py took 0.092 seconds
[2024-10-24T18:20:02.303+0000] {processor.py:186} INFO - Started process (PID=14851) to work on /opt/airflow/dags/spark_airflow.py
[2024-10-24T18:20:02.303+0000] {processor.py:914} INFO - Processing file /opt/airflow/dags/spark_airflow.py for tasks to queue
[2024-10-24T18:20:02.304+0000] {logging_mixin.py:190} INFO - [2024-10-24T18:20:02.304+0000] {dagbag.py:588} INFO - Filling up the DagBag from /opt/airflow/dags/spark_airflow.py
[2024-10-24T18:20:02.320+0000] {processor.py:925} INFO - DAG(s) 'sparking_flow' retrieved from /opt/airflow/dags/spark_airflow.py
[2024-10-24T18:20:02.342+0000] {logging_mixin.py:190} INFO - [2024-10-24T18:20:02.342+0000] {dag.py:3239} INFO - Sync 1 DAGs
[2024-10-24T18:20:02.362+0000] {logging_mixin.py:190} INFO - [2024-10-24T18:20:02.362+0000] {dag.py:4180} INFO - Setting next_dagrun for sparking_flow to 2024-10-24 00:00:00+00:00, run_after=2024-10-25 00:00:00+00:00
[2024-10-24T18:20:02.378+0000] {processor.py:208} INFO - Processing /opt/airflow/dags/spark_airflow.py took 0.080 seconds
[2024-10-24T18:20:32.490+0000] {processor.py:186} INFO - Started process (PID=14856) to work on /opt/airflow/dags/spark_airflow.py
[2024-10-24T18:20:32.491+0000] {processor.py:914} INFO - Processing file /opt/airflow/dags/spark_airflow.py for tasks to queue
[2024-10-24T18:20:32.493+0000] {logging_mixin.py:190} INFO - [2024-10-24T18:20:32.492+0000] {dagbag.py:588} INFO - Filling up the DagBag from /opt/airflow/dags/spark_airflow.py
[2024-10-24T18:20:32.513+0000] {processor.py:925} INFO - DAG(s) 'sparking_flow' retrieved from /opt/airflow/dags/spark_airflow.py
[2024-10-24T18:20:32.539+0000] {logging_mixin.py:190} INFO - [2024-10-24T18:20:32.539+0000] {dag.py:3239} INFO - Sync 1 DAGs
[2024-10-24T18:20:32.561+0000] {logging_mixin.py:190} INFO - [2024-10-24T18:20:32.561+0000] {dag.py:4180} INFO - Setting next_dagrun for sparking_flow to 2024-10-24 00:00:00+00:00, run_after=2024-10-25 00:00:00+00:00
[2024-10-24T18:20:32.578+0000] {processor.py:208} INFO - Processing /opt/airflow/dags/spark_airflow.py took 0.094 seconds
[2024-10-24T18:21:02.717+0000] {processor.py:186} INFO - Started process (PID=14861) to work on /opt/airflow/dags/spark_airflow.py
[2024-10-24T18:21:02.718+0000] {processor.py:914} INFO - Processing file /opt/airflow/dags/spark_airflow.py for tasks to queue
[2024-10-24T18:21:02.719+0000] {logging_mixin.py:190} INFO - [2024-10-24T18:21:02.719+0000] {dagbag.py:588} INFO - Filling up the DagBag from /opt/airflow/dags/spark_airflow.py
[2024-10-24T18:21:02.736+0000] {processor.py:925} INFO - DAG(s) 'sparking_flow' retrieved from /opt/airflow/dags/spark_airflow.py
[2024-10-24T18:21:02.761+0000] {logging_mixin.py:190} INFO - [2024-10-24T18:21:02.760+0000] {dag.py:3239} INFO - Sync 1 DAGs
[2024-10-24T18:21:02.788+0000] {logging_mixin.py:190} INFO - [2024-10-24T18:21:02.788+0000] {dag.py:4180} INFO - Setting next_dagrun for sparking_flow to 2024-10-24 00:00:00+00:00, run_after=2024-10-25 00:00:00+00:00
[2024-10-24T18:21:02.805+0000] {processor.py:208} INFO - Processing /opt/airflow/dags/spark_airflow.py took 0.092 seconds
[2024-10-24T18:21:32.916+0000] {processor.py:186} INFO - Started process (PID=14866) to work on /opt/airflow/dags/spark_airflow.py
[2024-10-24T18:21:32.917+0000] {processor.py:914} INFO - Processing file /opt/airflow/dags/spark_airflow.py for tasks to queue
[2024-10-24T18:21:32.919+0000] {logging_mixin.py:190} INFO - [2024-10-24T18:21:32.918+0000] {dagbag.py:588} INFO - Filling up the DagBag from /opt/airflow/dags/spark_airflow.py
[2024-10-24T18:21:32.936+0000] {processor.py:925} INFO - DAG(s) 'sparking_flow' retrieved from /opt/airflow/dags/spark_airflow.py
[2024-10-24T18:21:32.959+0000] {logging_mixin.py:190} INFO - [2024-10-24T18:21:32.959+0000] {dag.py:3239} INFO - Sync 1 DAGs
[2024-10-24T18:21:32.979+0000] {logging_mixin.py:190} INFO - [2024-10-24T18:21:32.979+0000] {dag.py:4180} INFO - Setting next_dagrun for sparking_flow to 2024-10-24 00:00:00+00:00, run_after=2024-10-25 00:00:00+00:00
[2024-10-24T18:21:32.998+0000] {processor.py:208} INFO - Processing /opt/airflow/dags/spark_airflow.py took 0.087 seconds
[2024-10-24T18:22:03.174+0000] {processor.py:186} INFO - Started process (PID=14871) to work on /opt/airflow/dags/spark_airflow.py
[2024-10-24T18:22:03.175+0000] {processor.py:914} INFO - Processing file /opt/airflow/dags/spark_airflow.py for tasks to queue
[2024-10-24T18:22:03.177+0000] {logging_mixin.py:190} INFO - [2024-10-24T18:22:03.176+0000] {dagbag.py:588} INFO - Filling up the DagBag from /opt/airflow/dags/spark_airflow.py
[2024-10-24T18:22:03.194+0000] {processor.py:925} INFO - DAG(s) 'sparking_flow' retrieved from /opt/airflow/dags/spark_airflow.py
[2024-10-24T18:22:03.219+0000] {logging_mixin.py:190} INFO - [2024-10-24T18:22:03.219+0000] {dag.py:3239} INFO - Sync 1 DAGs
[2024-10-24T18:22:03.242+0000] {logging_mixin.py:190} INFO - [2024-10-24T18:22:03.242+0000] {dag.py:4180} INFO - Setting next_dagrun for sparking_flow to 2024-10-24 00:00:00+00:00, run_after=2024-10-25 00:00:00+00:00
[2024-10-24T18:22:03.261+0000] {processor.py:208} INFO - Processing /opt/airflow/dags/spark_airflow.py took 0.092 seconds
[2024-10-24T18:22:33.353+0000] {processor.py:186} INFO - Started process (PID=14876) to work on /opt/airflow/dags/spark_airflow.py
[2024-10-24T18:22:33.354+0000] {processor.py:914} INFO - Processing file /opt/airflow/dags/spark_airflow.py for tasks to queue
[2024-10-24T18:22:33.355+0000] {logging_mixin.py:190} INFO - [2024-10-24T18:22:33.354+0000] {dagbag.py:588} INFO - Filling up the DagBag from /opt/airflow/dags/spark_airflow.py
[2024-10-24T18:22:33.371+0000] {processor.py:925} INFO - DAG(s) 'sparking_flow' retrieved from /opt/airflow/dags/spark_airflow.py
[2024-10-24T18:22:33.394+0000] {logging_mixin.py:190} INFO - [2024-10-24T18:22:33.394+0000] {dag.py:3239} INFO - Sync 1 DAGs
[2024-10-24T18:22:33.415+0000] {logging_mixin.py:190} INFO - [2024-10-24T18:22:33.415+0000] {dag.py:4180} INFO - Setting next_dagrun for sparking_flow to 2024-10-24 00:00:00+00:00, run_after=2024-10-25 00:00:00+00:00
[2024-10-24T18:22:33.431+0000] {processor.py:208} INFO - Processing /opt/airflow/dags/spark_airflow.py took 0.083 seconds
[2024-10-24T18:23:03.601+0000] {processor.py:186} INFO - Started process (PID=14881) to work on /opt/airflow/dags/spark_airflow.py
[2024-10-24T18:23:03.602+0000] {processor.py:914} INFO - Processing file /opt/airflow/dags/spark_airflow.py for tasks to queue
[2024-10-24T18:23:03.603+0000] {logging_mixin.py:190} INFO - [2024-10-24T18:23:03.603+0000] {dagbag.py:588} INFO - Filling up the DagBag from /opt/airflow/dags/spark_airflow.py
[2024-10-24T18:23:03.620+0000] {processor.py:925} INFO - DAG(s) 'sparking_flow' retrieved from /opt/airflow/dags/spark_airflow.py
[2024-10-24T18:23:03.645+0000] {logging_mixin.py:190} INFO - [2024-10-24T18:23:03.644+0000] {dag.py:3239} INFO - Sync 1 DAGs
[2024-10-24T18:23:03.667+0000] {logging_mixin.py:190} INFO - [2024-10-24T18:23:03.667+0000] {dag.py:4180} INFO - Setting next_dagrun for sparking_flow to 2024-10-24 00:00:00+00:00, run_after=2024-10-25 00:00:00+00:00
[2024-10-24T18:23:03.685+0000] {processor.py:208} INFO - Processing /opt/airflow/dags/spark_airflow.py took 0.088 seconds
[2024-10-24T18:23:33.785+0000] {processor.py:186} INFO - Started process (PID=14886) to work on /opt/airflow/dags/spark_airflow.py
[2024-10-24T18:23:33.786+0000] {processor.py:914} INFO - Processing file /opt/airflow/dags/spark_airflow.py for tasks to queue
[2024-10-24T18:23:33.788+0000] {logging_mixin.py:190} INFO - [2024-10-24T18:23:33.787+0000] {dagbag.py:588} INFO - Filling up the DagBag from /opt/airflow/dags/spark_airflow.py
[2024-10-24T18:23:33.806+0000] {processor.py:925} INFO - DAG(s) 'sparking_flow' retrieved from /opt/airflow/dags/spark_airflow.py
[2024-10-24T18:23:33.830+0000] {logging_mixin.py:190} INFO - [2024-10-24T18:23:33.830+0000] {dag.py:3239} INFO - Sync 1 DAGs
[2024-10-24T18:23:33.854+0000] {logging_mixin.py:190} INFO - [2024-10-24T18:23:33.853+0000] {dag.py:4180} INFO - Setting next_dagrun for sparking_flow to 2024-10-24 00:00:00+00:00, run_after=2024-10-25 00:00:00+00:00
[2024-10-24T18:23:33.869+0000] {processor.py:208} INFO - Processing /opt/airflow/dags/spark_airflow.py took 0.091 seconds
[2024-10-24T18:24:04.047+0000] {processor.py:186} INFO - Started process (PID=14891) to work on /opt/airflow/dags/spark_airflow.py
[2024-10-24T18:24:04.048+0000] {processor.py:914} INFO - Processing file /opt/airflow/dags/spark_airflow.py for tasks to queue
[2024-10-24T18:24:04.048+0000] {logging_mixin.py:190} INFO - [2024-10-24T18:24:04.048+0000] {dagbag.py:588} INFO - Filling up the DagBag from /opt/airflow/dags/spark_airflow.py
[2024-10-24T18:24:04.065+0000] {processor.py:925} INFO - DAG(s) 'sparking_flow' retrieved from /opt/airflow/dags/spark_airflow.py
[2024-10-24T18:24:04.088+0000] {logging_mixin.py:190} INFO - [2024-10-24T18:24:04.088+0000] {dag.py:3239} INFO - Sync 1 DAGs
[2024-10-24T18:24:04.109+0000] {logging_mixin.py:190} INFO - [2024-10-24T18:24:04.109+0000] {dag.py:4180} INFO - Setting next_dagrun for sparking_flow to 2024-10-24 00:00:00+00:00, run_after=2024-10-25 00:00:00+00:00
[2024-10-24T18:24:04.125+0000] {processor.py:208} INFO - Processing /opt/airflow/dags/spark_airflow.py took 0.082 seconds
[2024-10-24T18:24:34.231+0000] {processor.py:186} INFO - Started process (PID=14896) to work on /opt/airflow/dags/spark_airflow.py
[2024-10-24T18:24:34.232+0000] {processor.py:914} INFO - Processing file /opt/airflow/dags/spark_airflow.py for tasks to queue
[2024-10-24T18:24:34.234+0000] {logging_mixin.py:190} INFO - [2024-10-24T18:24:34.233+0000] {dagbag.py:588} INFO - Filling up the DagBag from /opt/airflow/dags/spark_airflow.py
[2024-10-24T18:24:34.252+0000] {processor.py:925} INFO - DAG(s) 'sparking_flow' retrieved from /opt/airflow/dags/spark_airflow.py
[2024-10-24T18:24:34.276+0000] {logging_mixin.py:190} INFO - [2024-10-24T18:24:34.276+0000] {dag.py:3239} INFO - Sync 1 DAGs
[2024-10-24T18:24:34.298+0000] {logging_mixin.py:190} INFO - [2024-10-24T18:24:34.298+0000] {dag.py:4180} INFO - Setting next_dagrun for sparking_flow to 2024-10-24 00:00:00+00:00, run_after=2024-10-25 00:00:00+00:00
[2024-10-24T18:24:34.314+0000] {processor.py:208} INFO - Processing /opt/airflow/dags/spark_airflow.py took 0.087 seconds
[2024-10-24T18:25:04.471+0000] {processor.py:186} INFO - Started process (PID=14901) to work on /opt/airflow/dags/spark_airflow.py
[2024-10-24T18:25:04.471+0000] {processor.py:914} INFO - Processing file /opt/airflow/dags/spark_airflow.py for tasks to queue
[2024-10-24T18:25:04.473+0000] {logging_mixin.py:190} INFO - [2024-10-24T18:25:04.472+0000] {dagbag.py:588} INFO - Filling up the DagBag from /opt/airflow/dags/spark_airflow.py
[2024-10-24T18:25:04.488+0000] {processor.py:925} INFO - DAG(s) 'sparking_flow' retrieved from /opt/airflow/dags/spark_airflow.py
[2024-10-24T18:25:04.514+0000] {logging_mixin.py:190} INFO - [2024-10-24T18:25:04.514+0000] {dag.py:3239} INFO - Sync 1 DAGs
[2024-10-24T18:25:04.537+0000] {logging_mixin.py:190} INFO - [2024-10-24T18:25:04.536+0000] {dag.py:4180} INFO - Setting next_dagrun for sparking_flow to 2024-10-24 00:00:00+00:00, run_after=2024-10-25 00:00:00+00:00
[2024-10-24T18:25:04.556+0000] {processor.py:208} INFO - Processing /opt/airflow/dags/spark_airflow.py took 0.089 seconds
[2024-10-24T18:25:34.658+0000] {processor.py:186} INFO - Started process (PID=14906) to work on /opt/airflow/dags/spark_airflow.py
[2024-10-24T18:25:34.659+0000] {processor.py:914} INFO - Processing file /opt/airflow/dags/spark_airflow.py for tasks to queue
[2024-10-24T18:25:34.660+0000] {logging_mixin.py:190} INFO - [2024-10-24T18:25:34.660+0000] {dagbag.py:588} INFO - Filling up the DagBag from /opt/airflow/dags/spark_airflow.py
[2024-10-24T18:25:34.680+0000] {processor.py:925} INFO - DAG(s) 'sparking_flow' retrieved from /opt/airflow/dags/spark_airflow.py
[2024-10-24T18:25:34.708+0000] {logging_mixin.py:190} INFO - [2024-10-24T18:25:34.707+0000] {dag.py:3239} INFO - Sync 1 DAGs
[2024-10-24T18:25:34.728+0000] {logging_mixin.py:190} INFO - [2024-10-24T18:25:34.728+0000] {dag.py:4180} INFO - Setting next_dagrun for sparking_flow to 2024-10-24 00:00:00+00:00, run_after=2024-10-25 00:00:00+00:00
[2024-10-24T18:25:34.744+0000] {processor.py:208} INFO - Processing /opt/airflow/dags/spark_airflow.py took 0.092 seconds
[2024-10-24T18:26:04.897+0000] {processor.py:186} INFO - Started process (PID=14911) to work on /opt/airflow/dags/spark_airflow.py
[2024-10-24T18:26:04.898+0000] {processor.py:914} INFO - Processing file /opt/airflow/dags/spark_airflow.py for tasks to queue
[2024-10-24T18:26:04.899+0000] {logging_mixin.py:190} INFO - [2024-10-24T18:26:04.899+0000] {dagbag.py:588} INFO - Filling up the DagBag from /opt/airflow/dags/spark_airflow.py
[2024-10-24T18:26:04.917+0000] {processor.py:925} INFO - DAG(s) 'sparking_flow' retrieved from /opt/airflow/dags/spark_airflow.py
[2024-10-24T18:26:04.941+0000] {logging_mixin.py:190} INFO - [2024-10-24T18:26:04.941+0000] {dag.py:3239} INFO - Sync 1 DAGs
[2024-10-24T18:26:04.962+0000] {logging_mixin.py:190} INFO - [2024-10-24T18:26:04.961+0000] {dag.py:4180} INFO - Setting next_dagrun for sparking_flow to 2024-10-24 00:00:00+00:00, run_after=2024-10-25 00:00:00+00:00
[2024-10-24T18:26:04.979+0000] {processor.py:208} INFO - Processing /opt/airflow/dags/spark_airflow.py took 0.086 seconds
[2024-10-24T18:26:35.082+0000] {processor.py:186} INFO - Started process (PID=14916) to work on /opt/airflow/dags/spark_airflow.py
[2024-10-24T18:26:35.083+0000] {processor.py:914} INFO - Processing file /opt/airflow/dags/spark_airflow.py for tasks to queue
[2024-10-24T18:26:35.084+0000] {logging_mixin.py:190} INFO - [2024-10-24T18:26:35.084+0000] {dagbag.py:588} INFO - Filling up the DagBag from /opt/airflow/dags/spark_airflow.py
[2024-10-24T18:26:35.104+0000] {processor.py:925} INFO - DAG(s) 'sparking_flow' retrieved from /opt/airflow/dags/spark_airflow.py
[2024-10-24T18:26:35.129+0000] {logging_mixin.py:190} INFO - [2024-10-24T18:26:35.129+0000] {dag.py:3239} INFO - Sync 1 DAGs
[2024-10-24T18:26:35.150+0000] {logging_mixin.py:190} INFO - [2024-10-24T18:26:35.150+0000] {dag.py:4180} INFO - Setting next_dagrun for sparking_flow to 2024-10-24 00:00:00+00:00, run_after=2024-10-25 00:00:00+00:00
[2024-10-24T18:26:35.167+0000] {processor.py:208} INFO - Processing /opt/airflow/dags/spark_airflow.py took 0.092 seconds
[2024-10-24T18:27:05.358+0000] {processor.py:186} INFO - Started process (PID=14921) to work on /opt/airflow/dags/spark_airflow.py
[2024-10-24T18:27:05.358+0000] {processor.py:914} INFO - Processing file /opt/airflow/dags/spark_airflow.py for tasks to queue
[2024-10-24T18:27:05.359+0000] {logging_mixin.py:190} INFO - [2024-10-24T18:27:05.359+0000] {dagbag.py:588} INFO - Filling up the DagBag from /opt/airflow/dags/spark_airflow.py
[2024-10-24T18:27:05.377+0000] {processor.py:925} INFO - DAG(s) 'sparking_flow' retrieved from /opt/airflow/dags/spark_airflow.py
[2024-10-24T18:27:05.403+0000] {logging_mixin.py:190} INFO - [2024-10-24T18:27:05.403+0000] {dag.py:3239} INFO - Sync 1 DAGs
[2024-10-24T18:27:05.427+0000] {logging_mixin.py:190} INFO - [2024-10-24T18:27:05.426+0000] {dag.py:4180} INFO - Setting next_dagrun for sparking_flow to 2024-10-24 00:00:00+00:00, run_after=2024-10-25 00:00:00+00:00
[2024-10-24T18:27:05.443+0000] {processor.py:208} INFO - Processing /opt/airflow/dags/spark_airflow.py took 0.090 seconds
[2024-10-24T18:27:35.548+0000] {processor.py:186} INFO - Started process (PID=14926) to work on /opt/airflow/dags/spark_airflow.py
[2024-10-24T18:27:35.549+0000] {processor.py:914} INFO - Processing file /opt/airflow/dags/spark_airflow.py for tasks to queue
[2024-10-24T18:27:35.550+0000] {logging_mixin.py:190} INFO - [2024-10-24T18:27:35.550+0000] {dagbag.py:588} INFO - Filling up the DagBag from /opt/airflow/dags/spark_airflow.py
[2024-10-24T18:27:35.570+0000] {processor.py:925} INFO - DAG(s) 'sparking_flow' retrieved from /opt/airflow/dags/spark_airflow.py
[2024-10-24T18:27:35.596+0000] {logging_mixin.py:190} INFO - [2024-10-24T18:27:35.596+0000] {dag.py:3239} INFO - Sync 1 DAGs
[2024-10-24T18:27:35.617+0000] {logging_mixin.py:190} INFO - [2024-10-24T18:27:35.617+0000] {dag.py:4180} INFO - Setting next_dagrun for sparking_flow to 2024-10-24 00:00:00+00:00, run_after=2024-10-25 00:00:00+00:00
[2024-10-24T18:27:35.634+0000] {processor.py:208} INFO - Processing /opt/airflow/dags/spark_airflow.py took 0.093 seconds
[2024-10-24T18:28:05.792+0000] {processor.py:186} INFO - Started process (PID=14931) to work on /opt/airflow/dags/spark_airflow.py
[2024-10-24T18:28:05.793+0000] {processor.py:914} INFO - Processing file /opt/airflow/dags/spark_airflow.py for tasks to queue
[2024-10-24T18:28:05.794+0000] {logging_mixin.py:190} INFO - [2024-10-24T18:28:05.793+0000] {dagbag.py:588} INFO - Filling up the DagBag from /opt/airflow/dags/spark_airflow.py
[2024-10-24T18:28:05.812+0000] {processor.py:925} INFO - DAG(s) 'sparking_flow' retrieved from /opt/airflow/dags/spark_airflow.py
[2024-10-24T18:28:05.839+0000] {logging_mixin.py:190} INFO - [2024-10-24T18:28:05.838+0000] {dag.py:3239} INFO - Sync 1 DAGs
[2024-10-24T18:28:05.861+0000] {logging_mixin.py:190} INFO - [2024-10-24T18:28:05.861+0000] {dag.py:4180} INFO - Setting next_dagrun for sparking_flow to 2024-10-24 00:00:00+00:00, run_after=2024-10-25 00:00:00+00:00
[2024-10-24T18:28:05.879+0000] {processor.py:208} INFO - Processing /opt/airflow/dags/spark_airflow.py took 0.091 seconds
[2024-10-24T18:28:35.983+0000] {processor.py:186} INFO - Started process (PID=14936) to work on /opt/airflow/dags/spark_airflow.py
[2024-10-24T18:28:35.984+0000] {processor.py:914} INFO - Processing file /opt/airflow/dags/spark_airflow.py for tasks to queue
[2024-10-24T18:28:35.986+0000] {logging_mixin.py:190} INFO - [2024-10-24T18:28:35.986+0000] {dagbag.py:588} INFO - Filling up the DagBag from /opt/airflow/dags/spark_airflow.py
[2024-10-24T18:28:36.007+0000] {processor.py:925} INFO - DAG(s) 'sparking_flow' retrieved from /opt/airflow/dags/spark_airflow.py
[2024-10-24T18:28:36.034+0000] {logging_mixin.py:190} INFO - [2024-10-24T18:28:36.034+0000] {dag.py:3239} INFO - Sync 1 DAGs
[2024-10-24T18:28:36.057+0000] {logging_mixin.py:190} INFO - [2024-10-24T18:28:36.057+0000] {dag.py:4180} INFO - Setting next_dagrun for sparking_flow to 2024-10-24 00:00:00+00:00, run_after=2024-10-25 00:00:00+00:00
[2024-10-24T18:28:36.075+0000] {processor.py:208} INFO - Processing /opt/airflow/dags/spark_airflow.py took 0.098 seconds
[2024-10-24T18:29:06.221+0000] {processor.py:186} INFO - Started process (PID=14941) to work on /opt/airflow/dags/spark_airflow.py
[2024-10-24T18:29:06.222+0000] {processor.py:914} INFO - Processing file /opt/airflow/dags/spark_airflow.py for tasks to queue
[2024-10-24T18:29:06.223+0000] {logging_mixin.py:190} INFO - [2024-10-24T18:29:06.223+0000] {dagbag.py:588} INFO - Filling up the DagBag from /opt/airflow/dags/spark_airflow.py
[2024-10-24T18:29:06.239+0000] {processor.py:925} INFO - DAG(s) 'sparking_flow' retrieved from /opt/airflow/dags/spark_airflow.py
[2024-10-24T18:29:06.264+0000] {logging_mixin.py:190} INFO - [2024-10-24T18:29:06.264+0000] {dag.py:3239} INFO - Sync 1 DAGs
[2024-10-24T18:29:06.288+0000] {logging_mixin.py:190} INFO - [2024-10-24T18:29:06.288+0000] {dag.py:4180} INFO - Setting next_dagrun for sparking_flow to 2024-10-24 00:00:00+00:00, run_after=2024-10-25 00:00:00+00:00
[2024-10-24T18:29:06.307+0000] {processor.py:208} INFO - Processing /opt/airflow/dags/spark_airflow.py took 0.091 seconds
[2024-10-24T18:29:36.419+0000] {processor.py:186} INFO - Started process (PID=14946) to work on /opt/airflow/dags/spark_airflow.py
[2024-10-24T18:29:36.421+0000] {processor.py:914} INFO - Processing file /opt/airflow/dags/spark_airflow.py for tasks to queue
[2024-10-24T18:29:36.422+0000] {logging_mixin.py:190} INFO - [2024-10-24T18:29:36.421+0000] {dagbag.py:588} INFO - Filling up the DagBag from /opt/airflow/dags/spark_airflow.py
[2024-10-24T18:29:36.438+0000] {processor.py:925} INFO - DAG(s) 'sparking_flow' retrieved from /opt/airflow/dags/spark_airflow.py
[2024-10-24T18:29:36.463+0000] {logging_mixin.py:190} INFO - [2024-10-24T18:29:36.462+0000] {dag.py:3239} INFO - Sync 1 DAGs
[2024-10-24T18:29:36.484+0000] {logging_mixin.py:190} INFO - [2024-10-24T18:29:36.483+0000] {dag.py:4180} INFO - Setting next_dagrun for sparking_flow to 2024-10-24 00:00:00+00:00, run_after=2024-10-25 00:00:00+00:00
[2024-10-24T18:29:36.499+0000] {processor.py:208} INFO - Processing /opt/airflow/dags/spark_airflow.py took 0.086 seconds
[2024-10-24T18:30:06.650+0000] {processor.py:186} INFO - Started process (PID=14951) to work on /opt/airflow/dags/spark_airflow.py
[2024-10-24T18:30:06.651+0000] {processor.py:914} INFO - Processing file /opt/airflow/dags/spark_airflow.py for tasks to queue
[2024-10-24T18:30:06.652+0000] {logging_mixin.py:190} INFO - [2024-10-24T18:30:06.652+0000] {dagbag.py:588} INFO - Filling up the DagBag from /opt/airflow/dags/spark_airflow.py
[2024-10-24T18:30:06.668+0000] {processor.py:925} INFO - DAG(s) 'sparking_flow' retrieved from /opt/airflow/dags/spark_airflow.py
[2024-10-24T18:30:06.694+0000] {logging_mixin.py:190} INFO - [2024-10-24T18:30:06.694+0000] {dag.py:3239} INFO - Sync 1 DAGs
[2024-10-24T18:30:06.717+0000] {logging_mixin.py:190} INFO - [2024-10-24T18:30:06.716+0000] {dag.py:4180} INFO - Setting next_dagrun for sparking_flow to 2024-10-24 00:00:00+00:00, run_after=2024-10-25 00:00:00+00:00
[2024-10-24T18:30:06.734+0000] {processor.py:208} INFO - Processing /opt/airflow/dags/spark_airflow.py took 0.089 seconds
[2024-10-24T18:30:36.839+0000] {processor.py:186} INFO - Started process (PID=14956) to work on /opt/airflow/dags/spark_airflow.py
[2024-10-24T18:30:36.840+0000] {processor.py:914} INFO - Processing file /opt/airflow/dags/spark_airflow.py for tasks to queue
[2024-10-24T18:30:36.841+0000] {logging_mixin.py:190} INFO - [2024-10-24T18:30:36.841+0000] {dagbag.py:588} INFO - Filling up the DagBag from /opt/airflow/dags/spark_airflow.py
[2024-10-24T18:30:36.858+0000] {processor.py:925} INFO - DAG(s) 'sparking_flow' retrieved from /opt/airflow/dags/spark_airflow.py
[2024-10-24T18:30:36.882+0000] {logging_mixin.py:190} INFO - [2024-10-24T18:30:36.881+0000] {dag.py:3239} INFO - Sync 1 DAGs
[2024-10-24T18:30:36.902+0000] {logging_mixin.py:190} INFO - [2024-10-24T18:30:36.902+0000] {dag.py:4180} INFO - Setting next_dagrun for sparking_flow to 2024-10-24 00:00:00+00:00, run_after=2024-10-25 00:00:00+00:00
[2024-10-24T18:30:36.918+0000] {processor.py:208} INFO - Processing /opt/airflow/dags/spark_airflow.py took 0.083 seconds
[2024-10-24T18:31:07.079+0000] {processor.py:186} INFO - Started process (PID=14961) to work on /opt/airflow/dags/spark_airflow.py
[2024-10-24T18:31:07.080+0000] {processor.py:914} INFO - Processing file /opt/airflow/dags/spark_airflow.py for tasks to queue
[2024-10-24T18:31:07.081+0000] {logging_mixin.py:190} INFO - [2024-10-24T18:31:07.081+0000] {dagbag.py:588} INFO - Filling up the DagBag from /opt/airflow/dags/spark_airflow.py
[2024-10-24T18:31:07.099+0000] {processor.py:925} INFO - DAG(s) 'sparking_flow' retrieved from /opt/airflow/dags/spark_airflow.py
[2024-10-24T18:31:07.124+0000] {logging_mixin.py:190} INFO - [2024-10-24T18:31:07.124+0000] {dag.py:3239} INFO - Sync 1 DAGs
[2024-10-24T18:31:07.148+0000] {logging_mixin.py:190} INFO - [2024-10-24T18:31:07.147+0000] {dag.py:4180} INFO - Setting next_dagrun for sparking_flow to 2024-10-24 00:00:00+00:00, run_after=2024-10-25 00:00:00+00:00
[2024-10-24T18:31:07.165+0000] {processor.py:208} INFO - Processing /opt/airflow/dags/spark_airflow.py took 0.091 seconds
[2024-10-24T18:31:37.270+0000] {processor.py:186} INFO - Started process (PID=14966) to work on /opt/airflow/dags/spark_airflow.py
[2024-10-24T18:31:37.271+0000] {processor.py:914} INFO - Processing file /opt/airflow/dags/spark_airflow.py for tasks to queue
[2024-10-24T18:31:37.272+0000] {logging_mixin.py:190} INFO - [2024-10-24T18:31:37.272+0000] {dagbag.py:588} INFO - Filling up the DagBag from /opt/airflow/dags/spark_airflow.py
[2024-10-24T18:31:37.293+0000] {processor.py:925} INFO - DAG(s) 'sparking_flow' retrieved from /opt/airflow/dags/spark_airflow.py
[2024-10-24T18:31:37.320+0000] {logging_mixin.py:190} INFO - [2024-10-24T18:31:37.319+0000] {dag.py:3239} INFO - Sync 1 DAGs
[2024-10-24T18:31:37.342+0000] {logging_mixin.py:190} INFO - [2024-10-24T18:31:37.342+0000] {dag.py:4180} INFO - Setting next_dagrun for sparking_flow to 2024-10-24 00:00:00+00:00, run_after=2024-10-25 00:00:00+00:00
[2024-10-24T18:31:37.360+0000] {processor.py:208} INFO - Processing /opt/airflow/dags/spark_airflow.py took 0.096 seconds
[2024-10-24T18:32:07.533+0000] {processor.py:186} INFO - Started process (PID=14971) to work on /opt/airflow/dags/spark_airflow.py
[2024-10-24T18:32:07.533+0000] {processor.py:914} INFO - Processing file /opt/airflow/dags/spark_airflow.py for tasks to queue
[2024-10-24T18:32:07.534+0000] {logging_mixin.py:190} INFO - [2024-10-24T18:32:07.534+0000] {dagbag.py:588} INFO - Filling up the DagBag from /opt/airflow/dags/spark_airflow.py
[2024-10-24T18:32:07.550+0000] {processor.py:925} INFO - DAG(s) 'sparking_flow' retrieved from /opt/airflow/dags/spark_airflow.py
[2024-10-24T18:32:07.576+0000] {logging_mixin.py:190} INFO - [2024-10-24T18:32:07.575+0000] {dag.py:3239} INFO - Sync 1 DAGs
[2024-10-24T18:32:07.598+0000] {logging_mixin.py:190} INFO - [2024-10-24T18:32:07.598+0000] {dag.py:4180} INFO - Setting next_dagrun for sparking_flow to 2024-10-24 00:00:00+00:00, run_after=2024-10-25 00:00:00+00:00
[2024-10-24T18:32:07.615+0000] {processor.py:208} INFO - Processing /opt/airflow/dags/spark_airflow.py took 0.086 seconds
[2024-10-24T18:32:37.718+0000] {processor.py:186} INFO - Started process (PID=14976) to work on /opt/airflow/dags/spark_airflow.py
[2024-10-24T18:32:37.719+0000] {processor.py:914} INFO - Processing file /opt/airflow/dags/spark_airflow.py for tasks to queue
[2024-10-24T18:32:37.721+0000] {logging_mixin.py:190} INFO - [2024-10-24T18:32:37.721+0000] {dagbag.py:588} INFO - Filling up the DagBag from /opt/airflow/dags/spark_airflow.py
[2024-10-24T18:32:37.741+0000] {processor.py:925} INFO - DAG(s) 'sparking_flow' retrieved from /opt/airflow/dags/spark_airflow.py
[2024-10-24T18:32:37.766+0000] {logging_mixin.py:190} INFO - [2024-10-24T18:32:37.765+0000] {dag.py:3239} INFO - Sync 1 DAGs
[2024-10-24T18:32:37.787+0000] {logging_mixin.py:190} INFO - [2024-10-24T18:32:37.787+0000] {dag.py:4180} INFO - Setting next_dagrun for sparking_flow to 2024-10-24 00:00:00+00:00, run_after=2024-10-25 00:00:00+00:00
[2024-10-24T18:32:37.802+0000] {processor.py:208} INFO - Processing /opt/airflow/dags/spark_airflow.py took 0.090 seconds
[2024-10-24T18:33:07.959+0000] {processor.py:186} INFO - Started process (PID=14981) to work on /opt/airflow/dags/spark_airflow.py
[2024-10-24T18:33:07.960+0000] {processor.py:914} INFO - Processing file /opt/airflow/dags/spark_airflow.py for tasks to queue
[2024-10-24T18:33:07.961+0000] {logging_mixin.py:190} INFO - [2024-10-24T18:33:07.961+0000] {dagbag.py:588} INFO - Filling up the DagBag from /opt/airflow/dags/spark_airflow.py
[2024-10-24T18:33:07.979+0000] {processor.py:925} INFO - DAG(s) 'sparking_flow' retrieved from /opt/airflow/dags/spark_airflow.py
[2024-10-24T18:33:08.004+0000] {logging_mixin.py:190} INFO - [2024-10-24T18:33:08.004+0000] {dag.py:3239} INFO - Sync 1 DAGs
[2024-10-24T18:33:08.029+0000] {logging_mixin.py:190} INFO - [2024-10-24T18:33:08.028+0000] {dag.py:4180} INFO - Setting next_dagrun for sparking_flow to 2024-10-24 00:00:00+00:00, run_after=2024-10-25 00:00:00+00:00
[2024-10-24T18:33:08.045+0000] {processor.py:208} INFO - Processing /opt/airflow/dags/spark_airflow.py took 0.090 seconds
[2024-10-24T18:33:38.146+0000] {processor.py:186} INFO - Started process (PID=14986) to work on /opt/airflow/dags/spark_airflow.py
[2024-10-24T18:33:38.147+0000] {processor.py:914} INFO - Processing file /opt/airflow/dags/spark_airflow.py for tasks to queue
[2024-10-24T18:33:38.148+0000] {logging_mixin.py:190} INFO - [2024-10-24T18:33:38.148+0000] {dagbag.py:588} INFO - Filling up the DagBag from /opt/airflow/dags/spark_airflow.py
[2024-10-24T18:33:38.166+0000] {processor.py:925} INFO - DAG(s) 'sparking_flow' retrieved from /opt/airflow/dags/spark_airflow.py
[2024-10-24T18:33:38.190+0000] {logging_mixin.py:190} INFO - [2024-10-24T18:33:38.189+0000] {dag.py:3239} INFO - Sync 1 DAGs
[2024-10-24T18:33:38.210+0000] {logging_mixin.py:190} INFO - [2024-10-24T18:33:38.209+0000] {dag.py:4180} INFO - Setting next_dagrun for sparking_flow to 2024-10-24 00:00:00+00:00, run_after=2024-10-25 00:00:00+00:00
[2024-10-24T18:33:38.227+0000] {processor.py:208} INFO - Processing /opt/airflow/dags/spark_airflow.py took 0.089 seconds
[2024-10-24T18:34:08.399+0000] {processor.py:186} INFO - Started process (PID=14991) to work on /opt/airflow/dags/spark_airflow.py
[2024-10-24T18:34:08.400+0000] {processor.py:914} INFO - Processing file /opt/airflow/dags/spark_airflow.py for tasks to queue
[2024-10-24T18:34:08.401+0000] {logging_mixin.py:190} INFO - [2024-10-24T18:34:08.400+0000] {dagbag.py:588} INFO - Filling up the DagBag from /opt/airflow/dags/spark_airflow.py
[2024-10-24T18:34:08.419+0000] {processor.py:925} INFO - DAG(s) 'sparking_flow' retrieved from /opt/airflow/dags/spark_airflow.py
[2024-10-24T18:34:08.453+0000] {logging_mixin.py:190} INFO - [2024-10-24T18:34:08.452+0000] {dag.py:3239} INFO - Sync 1 DAGs
[2024-10-24T18:34:08.475+0000] {logging_mixin.py:190} INFO - [2024-10-24T18:34:08.475+0000] {dag.py:4180} INFO - Setting next_dagrun for sparking_flow to 2024-10-24 00:00:00+00:00, run_after=2024-10-25 00:00:00+00:00
[2024-10-24T18:34:08.494+0000] {processor.py:208} INFO - Processing /opt/airflow/dags/spark_airflow.py took 0.108 seconds
[2024-10-24T18:34:38.581+0000] {processor.py:186} INFO - Started process (PID=14996) to work on /opt/airflow/dags/spark_airflow.py
[2024-10-24T18:34:38.582+0000] {processor.py:914} INFO - Processing file /opt/airflow/dags/spark_airflow.py for tasks to queue
[2024-10-24T18:34:38.584+0000] {logging_mixin.py:190} INFO - [2024-10-24T18:34:38.583+0000] {dagbag.py:588} INFO - Filling up the DagBag from /opt/airflow/dags/spark_airflow.py
[2024-10-24T18:34:38.603+0000] {processor.py:925} INFO - DAG(s) 'sparking_flow' retrieved from /opt/airflow/dags/spark_airflow.py
[2024-10-24T18:34:38.628+0000] {logging_mixin.py:190} INFO - [2024-10-24T18:34:38.628+0000] {dag.py:3239} INFO - Sync 1 DAGs
[2024-10-24T18:34:38.650+0000] {logging_mixin.py:190} INFO - [2024-10-24T18:34:38.650+0000] {dag.py:4180} INFO - Setting next_dagrun for sparking_flow to 2024-10-24 00:00:00+00:00, run_after=2024-10-25 00:00:00+00:00
[2024-10-24T18:34:38.667+0000] {processor.py:208} INFO - Processing /opt/airflow/dags/spark_airflow.py took 0.092 seconds
[2024-10-24T18:35:08.837+0000] {processor.py:186} INFO - Started process (PID=15001) to work on /opt/airflow/dags/spark_airflow.py
[2024-10-24T18:35:08.837+0000] {processor.py:914} INFO - Processing file /opt/airflow/dags/spark_airflow.py for tasks to queue
[2024-10-24T18:35:08.838+0000] {logging_mixin.py:190} INFO - [2024-10-24T18:35:08.838+0000] {dagbag.py:588} INFO - Filling up the DagBag from /opt/airflow/dags/spark_airflow.py
[2024-10-24T18:35:08.854+0000] {processor.py:925} INFO - DAG(s) 'sparking_flow' retrieved from /opt/airflow/dags/spark_airflow.py
[2024-10-24T18:35:08.879+0000] {logging_mixin.py:190} INFO - [2024-10-24T18:35:08.879+0000] {dag.py:3239} INFO - Sync 1 DAGs
[2024-10-24T18:35:08.902+0000] {logging_mixin.py:190} INFO - [2024-10-24T18:35:08.902+0000] {dag.py:4180} INFO - Setting next_dagrun for sparking_flow to 2024-10-24 00:00:00+00:00, run_after=2024-10-25 00:00:00+00:00
[2024-10-24T18:35:08.919+0000] {processor.py:208} INFO - Processing /opt/airflow/dags/spark_airflow.py took 0.087 seconds
[2024-10-24T18:35:39.019+0000] {processor.py:186} INFO - Started process (PID=15006) to work on /opt/airflow/dags/spark_airflow.py
[2024-10-24T18:35:39.019+0000] {processor.py:914} INFO - Processing file /opt/airflow/dags/spark_airflow.py for tasks to queue
[2024-10-24T18:35:39.020+0000] {logging_mixin.py:190} INFO - [2024-10-24T18:35:39.020+0000] {dagbag.py:588} INFO - Filling up the DagBag from /opt/airflow/dags/spark_airflow.py
[2024-10-24T18:35:39.038+0000] {processor.py:925} INFO - DAG(s) 'sparking_flow' retrieved from /opt/airflow/dags/spark_airflow.py
[2024-10-24T18:35:39.066+0000] {logging_mixin.py:190} INFO - [2024-10-24T18:35:39.065+0000] {dag.py:3239} INFO - Sync 1 DAGs
[2024-10-24T18:35:39.089+0000] {logging_mixin.py:190} INFO - [2024-10-24T18:35:39.088+0000] {dag.py:4180} INFO - Setting next_dagrun for sparking_flow to 2024-10-24 00:00:00+00:00, run_after=2024-10-25 00:00:00+00:00
[2024-10-24T18:35:39.105+0000] {processor.py:208} INFO - Processing /opt/airflow/dags/spark_airflow.py took 0.092 seconds
[2024-10-24T18:36:09.259+0000] {processor.py:186} INFO - Started process (PID=15011) to work on /opt/airflow/dags/spark_airflow.py
[2024-10-24T18:36:09.260+0000] {processor.py:914} INFO - Processing file /opt/airflow/dags/spark_airflow.py for tasks to queue
[2024-10-24T18:36:09.262+0000] {logging_mixin.py:190} INFO - [2024-10-24T18:36:09.261+0000] {dagbag.py:588} INFO - Filling up the DagBag from /opt/airflow/dags/spark_airflow.py
[2024-10-24T18:36:09.282+0000] {processor.py:925} INFO - DAG(s) 'sparking_flow' retrieved from /opt/airflow/dags/spark_airflow.py
[2024-10-24T18:36:09.307+0000] {logging_mixin.py:190} INFO - [2024-10-24T18:36:09.307+0000] {dag.py:3239} INFO - Sync 1 DAGs
[2024-10-24T18:36:09.330+0000] {logging_mixin.py:190} INFO - [2024-10-24T18:36:09.330+0000] {dag.py:4180} INFO - Setting next_dagrun for sparking_flow to 2024-10-24 00:00:00+00:00, run_after=2024-10-25 00:00:00+00:00
[2024-10-24T18:36:09.347+0000] {processor.py:208} INFO - Processing /opt/airflow/dags/spark_airflow.py took 0.094 seconds
[2024-10-24T18:36:39.449+0000] {processor.py:186} INFO - Started process (PID=15016) to work on /opt/airflow/dags/spark_airflow.py
[2024-10-24T18:36:39.450+0000] {processor.py:914} INFO - Processing file /opt/airflow/dags/spark_airflow.py for tasks to queue
[2024-10-24T18:36:39.452+0000] {logging_mixin.py:190} INFO - [2024-10-24T18:36:39.451+0000] {dagbag.py:588} INFO - Filling up the DagBag from /opt/airflow/dags/spark_airflow.py
[2024-10-24T18:36:39.470+0000] {processor.py:925} INFO - DAG(s) 'sparking_flow' retrieved from /opt/airflow/dags/spark_airflow.py
[2024-10-24T18:36:39.496+0000] {logging_mixin.py:190} INFO - [2024-10-24T18:36:39.496+0000] {dag.py:3239} INFO - Sync 1 DAGs
[2024-10-24T18:36:39.516+0000] {logging_mixin.py:190} INFO - [2024-10-24T18:36:39.516+0000] {dag.py:4180} INFO - Setting next_dagrun for sparking_flow to 2024-10-24 00:00:00+00:00, run_after=2024-10-25 00:00:00+00:00
[2024-10-24T18:36:39.533+0000] {processor.py:208} INFO - Processing /opt/airflow/dags/spark_airflow.py took 0.090 seconds
[2024-10-24T18:37:09.710+0000] {processor.py:186} INFO - Started process (PID=15021) to work on /opt/airflow/dags/spark_airflow.py
[2024-10-24T18:37:09.711+0000] {processor.py:914} INFO - Processing file /opt/airflow/dags/spark_airflow.py for tasks to queue
[2024-10-24T18:37:09.712+0000] {logging_mixin.py:190} INFO - [2024-10-24T18:37:09.712+0000] {dagbag.py:588} INFO - Filling up the DagBag from /opt/airflow/dags/spark_airflow.py
[2024-10-24T18:37:09.731+0000] {processor.py:925} INFO - DAG(s) 'sparking_flow' retrieved from /opt/airflow/dags/spark_airflow.py
[2024-10-24T18:37:09.755+0000] {logging_mixin.py:190} INFO - [2024-10-24T18:37:09.755+0000] {dag.py:3239} INFO - Sync 1 DAGs
[2024-10-24T18:37:09.776+0000] {logging_mixin.py:190} INFO - [2024-10-24T18:37:09.775+0000] {dag.py:4180} INFO - Setting next_dagrun for sparking_flow to 2024-10-24 00:00:00+00:00, run_after=2024-10-25 00:00:00+00:00
[2024-10-24T18:37:09.791+0000] {processor.py:208} INFO - Processing /opt/airflow/dags/spark_airflow.py took 0.086 seconds
[2024-10-24T18:37:39.889+0000] {processor.py:186} INFO - Started process (PID=15026) to work on /opt/airflow/dags/spark_airflow.py
[2024-10-24T18:37:39.890+0000] {processor.py:914} INFO - Processing file /opt/airflow/dags/spark_airflow.py for tasks to queue
[2024-10-24T18:37:39.892+0000] {logging_mixin.py:190} INFO - [2024-10-24T18:37:39.891+0000] {dagbag.py:588} INFO - Filling up the DagBag from /opt/airflow/dags/spark_airflow.py
[2024-10-24T18:37:39.909+0000] {processor.py:925} INFO - DAG(s) 'sparking_flow' retrieved from /opt/airflow/dags/spark_airflow.py
[2024-10-24T18:37:39.934+0000] {logging_mixin.py:190} INFO - [2024-10-24T18:37:39.933+0000] {dag.py:3239} INFO - Sync 1 DAGs
[2024-10-24T18:37:39.955+0000] {logging_mixin.py:190} INFO - [2024-10-24T18:37:39.955+0000] {dag.py:4180} INFO - Setting next_dagrun for sparking_flow to 2024-10-24 00:00:00+00:00, run_after=2024-10-25 00:00:00+00:00
[2024-10-24T18:37:39.973+0000] {processor.py:208} INFO - Processing /opt/airflow/dags/spark_airflow.py took 0.089 seconds
[2024-10-24T18:38:10.127+0000] {processor.py:186} INFO - Started process (PID=15031) to work on /opt/airflow/dags/spark_airflow.py
[2024-10-24T18:38:10.127+0000] {processor.py:914} INFO - Processing file /opt/airflow/dags/spark_airflow.py for tasks to queue
[2024-10-24T18:38:10.128+0000] {logging_mixin.py:190} INFO - [2024-10-24T18:38:10.128+0000] {dagbag.py:588} INFO - Filling up the DagBag from /opt/airflow/dags/spark_airflow.py
[2024-10-24T18:38:10.144+0000] {processor.py:925} INFO - DAG(s) 'sparking_flow' retrieved from /opt/airflow/dags/spark_airflow.py
[2024-10-24T18:38:10.171+0000] {logging_mixin.py:190} INFO - [2024-10-24T18:38:10.171+0000] {dag.py:3239} INFO - Sync 1 DAGs
[2024-10-24T18:38:10.195+0000] {logging_mixin.py:190} INFO - [2024-10-24T18:38:10.194+0000] {dag.py:4180} INFO - Setting next_dagrun for sparking_flow to 2024-10-24 00:00:00+00:00, run_after=2024-10-25 00:00:00+00:00
[2024-10-24T18:38:10.213+0000] {processor.py:208} INFO - Processing /opt/airflow/dags/spark_airflow.py took 0.091 seconds
[2024-10-24T18:38:40.313+0000] {processor.py:186} INFO - Started process (PID=15036) to work on /opt/airflow/dags/spark_airflow.py
[2024-10-24T18:38:40.314+0000] {processor.py:914} INFO - Processing file /opt/airflow/dags/spark_airflow.py for tasks to queue
[2024-10-24T18:38:40.315+0000] {logging_mixin.py:190} INFO - [2024-10-24T18:38:40.315+0000] {dagbag.py:588} INFO - Filling up the DagBag from /opt/airflow/dags/spark_airflow.py
[2024-10-24T18:38:40.333+0000] {processor.py:925} INFO - DAG(s) 'sparking_flow' retrieved from /opt/airflow/dags/spark_airflow.py
[2024-10-24T18:38:40.359+0000] {logging_mixin.py:190} INFO - [2024-10-24T18:38:40.358+0000] {dag.py:3239} INFO - Sync 1 DAGs
[2024-10-24T18:38:40.379+0000] {logging_mixin.py:190} INFO - [2024-10-24T18:38:40.379+0000] {dag.py:4180} INFO - Setting next_dagrun for sparking_flow to 2024-10-24 00:00:00+00:00, run_after=2024-10-25 00:00:00+00:00
[2024-10-24T18:38:40.398+0000] {processor.py:208} INFO - Processing /opt/airflow/dags/spark_airflow.py took 0.092 seconds
[2024-10-24T18:39:10.545+0000] {processor.py:186} INFO - Started process (PID=15041) to work on /opt/airflow/dags/spark_airflow.py
[2024-10-24T18:39:10.545+0000] {processor.py:914} INFO - Processing file /opt/airflow/dags/spark_airflow.py for tasks to queue
[2024-10-24T18:39:10.546+0000] {logging_mixin.py:190} INFO - [2024-10-24T18:39:10.546+0000] {dagbag.py:588} INFO - Filling up the DagBag from /opt/airflow/dags/spark_airflow.py
[2024-10-24T18:39:10.562+0000] {processor.py:925} INFO - DAG(s) 'sparking_flow' retrieved from /opt/airflow/dags/spark_airflow.py
[2024-10-24T18:39:10.587+0000] {logging_mixin.py:190} INFO - [2024-10-24T18:39:10.587+0000] {dag.py:3239} INFO - Sync 1 DAGs
[2024-10-24T18:39:10.609+0000] {logging_mixin.py:190} INFO - [2024-10-24T18:39:10.608+0000] {dag.py:4180} INFO - Setting next_dagrun for sparking_flow to 2024-10-24 00:00:00+00:00, run_after=2024-10-25 00:00:00+00:00
[2024-10-24T18:39:10.627+0000] {processor.py:208} INFO - Processing /opt/airflow/dags/spark_airflow.py took 0.086 seconds
[2024-10-24T18:39:40.746+0000] {processor.py:186} INFO - Started process (PID=15046) to work on /opt/airflow/dags/spark_airflow.py
[2024-10-24T18:39:40.747+0000] {processor.py:914} INFO - Processing file /opt/airflow/dags/spark_airflow.py for tasks to queue
[2024-10-24T18:39:40.748+0000] {logging_mixin.py:190} INFO - [2024-10-24T18:39:40.748+0000] {dagbag.py:588} INFO - Filling up the DagBag from /opt/airflow/dags/spark_airflow.py
[2024-10-24T18:39:40.764+0000] {processor.py:925} INFO - DAG(s) 'sparking_flow' retrieved from /opt/airflow/dags/spark_airflow.py
[2024-10-24T18:39:40.795+0000] {logging_mixin.py:190} INFO - [2024-10-24T18:39:40.795+0000] {dag.py:3239} INFO - Sync 1 DAGs
[2024-10-24T18:39:40.825+0000] {logging_mixin.py:190} INFO - [2024-10-24T18:39:40.824+0000] {dag.py:4180} INFO - Setting next_dagrun for sparking_flow to 2024-10-24 00:00:00+00:00, run_after=2024-10-25 00:00:00+00:00
[2024-10-24T18:39:40.841+0000] {processor.py:208} INFO - Processing /opt/airflow/dags/spark_airflow.py took 0.111 seconds
[2024-10-24T18:40:11.013+0000] {processor.py:186} INFO - Started process (PID=15051) to work on /opt/airflow/dags/spark_airflow.py
[2024-10-24T18:40:11.013+0000] {processor.py:914} INFO - Processing file /opt/airflow/dags/spark_airflow.py for tasks to queue
[2024-10-24T18:40:11.014+0000] {logging_mixin.py:190} INFO - [2024-10-24T18:40:11.014+0000] {dagbag.py:588} INFO - Filling up the DagBag from /opt/airflow/dags/spark_airflow.py
[2024-10-24T18:40:11.034+0000] {processor.py:925} INFO - DAG(s) 'sparking_flow' retrieved from /opt/airflow/dags/spark_airflow.py
[2024-10-24T18:40:11.061+0000] {logging_mixin.py:190} INFO - [2024-10-24T18:40:11.060+0000] {dag.py:3239} INFO - Sync 1 DAGs
[2024-10-24T18:40:11.089+0000] {logging_mixin.py:190} INFO - [2024-10-24T18:40:11.089+0000] {dag.py:4180} INFO - Setting next_dagrun for sparking_flow to 2024-10-24 00:00:00+00:00, run_after=2024-10-25 00:00:00+00:00
[2024-10-24T18:40:11.106+0000] {processor.py:208} INFO - Processing /opt/airflow/dags/spark_airflow.py took 0.098 seconds
[2024-10-24T18:40:41.191+0000] {processor.py:186} INFO - Started process (PID=15056) to work on /opt/airflow/dags/spark_airflow.py
[2024-10-24T18:40:41.191+0000] {processor.py:914} INFO - Processing file /opt/airflow/dags/spark_airflow.py for tasks to queue
[2024-10-24T18:40:41.192+0000] {logging_mixin.py:190} INFO - [2024-10-24T18:40:41.192+0000] {dagbag.py:588} INFO - Filling up the DagBag from /opt/airflow/dags/spark_airflow.py
[2024-10-24T18:40:41.209+0000] {processor.py:925} INFO - DAG(s) 'sparking_flow' retrieved from /opt/airflow/dags/spark_airflow.py
[2024-10-24T18:40:41.235+0000] {logging_mixin.py:190} INFO - [2024-10-24T18:40:41.235+0000] {dag.py:3239} INFO - Sync 1 DAGs
[2024-10-24T18:40:41.258+0000] {logging_mixin.py:190} INFO - [2024-10-24T18:40:41.258+0000] {dag.py:4180} INFO - Setting next_dagrun for sparking_flow to 2024-10-24 00:00:00+00:00, run_after=2024-10-25 00:00:00+00:00
[2024-10-24T18:40:41.275+0000] {processor.py:208} INFO - Processing /opt/airflow/dags/spark_airflow.py took 0.089 seconds
[2024-10-24T18:41:11.433+0000] {processor.py:186} INFO - Started process (PID=15061) to work on /opt/airflow/dags/spark_airflow.py
[2024-10-24T18:41:11.434+0000] {processor.py:914} INFO - Processing file /opt/airflow/dags/spark_airflow.py for tasks to queue
[2024-10-24T18:41:11.435+0000] {logging_mixin.py:190} INFO - [2024-10-24T18:41:11.435+0000] {dagbag.py:588} INFO - Filling up the DagBag from /opt/airflow/dags/spark_airflow.py
[2024-10-24T18:41:11.452+0000] {processor.py:925} INFO - DAG(s) 'sparking_flow' retrieved from /opt/airflow/dags/spark_airflow.py
[2024-10-24T18:41:11.478+0000] {logging_mixin.py:190} INFO - [2024-10-24T18:41:11.478+0000] {dag.py:3239} INFO - Sync 1 DAGs
[2024-10-24T18:41:11.500+0000] {logging_mixin.py:190} INFO - [2024-10-24T18:41:11.500+0000] {dag.py:4180} INFO - Setting next_dagrun for sparking_flow to 2024-10-24 00:00:00+00:00, run_after=2024-10-25 00:00:00+00:00
[2024-10-24T18:41:11.516+0000] {processor.py:208} INFO - Processing /opt/airflow/dags/spark_airflow.py took 0.087 seconds
[2024-10-24T18:41:41.613+0000] {processor.py:186} INFO - Started process (PID=15066) to work on /opt/airflow/dags/spark_airflow.py
[2024-10-24T18:41:41.614+0000] {processor.py:914} INFO - Processing file /opt/airflow/dags/spark_airflow.py for tasks to queue
[2024-10-24T18:41:41.616+0000] {logging_mixin.py:190} INFO - [2024-10-24T18:41:41.616+0000] {dagbag.py:588} INFO - Filling up the DagBag from /opt/airflow/dags/spark_airflow.py
[2024-10-24T18:41:41.635+0000] {processor.py:925} INFO - DAG(s) 'sparking_flow' retrieved from /opt/airflow/dags/spark_airflow.py
[2024-10-24T18:41:41.663+0000] {logging_mixin.py:190} INFO - [2024-10-24T18:41:41.663+0000] {dag.py:3239} INFO - Sync 1 DAGs
[2024-10-24T18:41:41.685+0000] {logging_mixin.py:190} INFO - [2024-10-24T18:41:41.685+0000] {dag.py:4180} INFO - Setting next_dagrun for sparking_flow to 2024-10-24 00:00:00+00:00, run_after=2024-10-25 00:00:00+00:00
[2024-10-24T18:41:41.702+0000] {processor.py:208} INFO - Processing /opt/airflow/dags/spark_airflow.py took 0.093 seconds
[2024-10-24T18:42:11.877+0000] {processor.py:186} INFO - Started process (PID=15071) to work on /opt/airflow/dags/spark_airflow.py
[2024-10-24T18:42:11.878+0000] {processor.py:914} INFO - Processing file /opt/airflow/dags/spark_airflow.py for tasks to queue
[2024-10-24T18:42:11.879+0000] {logging_mixin.py:190} INFO - [2024-10-24T18:42:11.879+0000] {dagbag.py:588} INFO - Filling up the DagBag from /opt/airflow/dags/spark_airflow.py
[2024-10-24T18:42:11.895+0000] {processor.py:925} INFO - DAG(s) 'sparking_flow' retrieved from /opt/airflow/dags/spark_airflow.py
[2024-10-24T18:42:11.920+0000] {logging_mixin.py:190} INFO - [2024-10-24T18:42:11.920+0000] {dag.py:3239} INFO - Sync 1 DAGs
[2024-10-24T18:42:11.943+0000] {logging_mixin.py:190} INFO - [2024-10-24T18:42:11.943+0000] {dag.py:4180} INFO - Setting next_dagrun for sparking_flow to 2024-10-24 00:00:00+00:00, run_after=2024-10-25 00:00:00+00:00
[2024-10-24T18:42:11.961+0000] {processor.py:208} INFO - Processing /opt/airflow/dags/spark_airflow.py took 0.088 seconds
[2024-10-24T18:42:42.054+0000] {processor.py:186} INFO - Started process (PID=15076) to work on /opt/airflow/dags/spark_airflow.py
[2024-10-24T18:42:42.056+0000] {processor.py:914} INFO - Processing file /opt/airflow/dags/spark_airflow.py for tasks to queue
[2024-10-24T18:42:42.057+0000] {logging_mixin.py:190} INFO - [2024-10-24T18:42:42.057+0000] {dagbag.py:588} INFO - Filling up the DagBag from /opt/airflow/dags/spark_airflow.py
[2024-10-24T18:42:42.075+0000] {processor.py:925} INFO - DAG(s) 'sparking_flow' retrieved from /opt/airflow/dags/spark_airflow.py
[2024-10-24T18:42:42.102+0000] {logging_mixin.py:190} INFO - [2024-10-24T18:42:42.101+0000] {dag.py:3239} INFO - Sync 1 DAGs
[2024-10-24T18:42:42.125+0000] {logging_mixin.py:190} INFO - [2024-10-24T18:42:42.125+0000] {dag.py:4180} INFO - Setting next_dagrun for sparking_flow to 2024-10-24 00:00:00+00:00, run_after=2024-10-25 00:00:00+00:00
[2024-10-24T18:42:42.142+0000] {processor.py:208} INFO - Processing /opt/airflow/dags/spark_airflow.py took 0.093 seconds
[2024-10-24T18:43:12.300+0000] {processor.py:186} INFO - Started process (PID=15081) to work on /opt/airflow/dags/spark_airflow.py
[2024-10-24T18:43:12.301+0000] {processor.py:914} INFO - Processing file /opt/airflow/dags/spark_airflow.py for tasks to queue
[2024-10-24T18:43:12.302+0000] {logging_mixin.py:190} INFO - [2024-10-24T18:43:12.301+0000] {dagbag.py:588} INFO - Filling up the DagBag from /opt/airflow/dags/spark_airflow.py
[2024-10-24T18:43:12.319+0000] {processor.py:925} INFO - DAG(s) 'sparking_flow' retrieved from /opt/airflow/dags/spark_airflow.py
[2024-10-24T18:43:12.345+0000] {logging_mixin.py:190} INFO - [2024-10-24T18:43:12.345+0000] {dag.py:3239} INFO - Sync 1 DAGs
[2024-10-24T18:43:12.367+0000] {logging_mixin.py:190} INFO - [2024-10-24T18:43:12.367+0000] {dag.py:4180} INFO - Setting next_dagrun for sparking_flow to 2024-10-24 00:00:00+00:00, run_after=2024-10-25 00:00:00+00:00
[2024-10-24T18:43:12.387+0000] {processor.py:208} INFO - Processing /opt/airflow/dags/spark_airflow.py took 0.092 seconds
[2024-10-24T18:43:42.476+0000] {processor.py:186} INFO - Started process (PID=15086) to work on /opt/airflow/dags/spark_airflow.py
[2024-10-24T18:43:42.477+0000] {processor.py:914} INFO - Processing file /opt/airflow/dags/spark_airflow.py for tasks to queue
[2024-10-24T18:43:42.478+0000] {logging_mixin.py:190} INFO - [2024-10-24T18:43:42.478+0000] {dagbag.py:588} INFO - Filling up the DagBag from /opt/airflow/dags/spark_airflow.py
[2024-10-24T18:43:42.496+0000] {processor.py:925} INFO - DAG(s) 'sparking_flow' retrieved from /opt/airflow/dags/spark_airflow.py
[2024-10-24T18:43:42.522+0000] {logging_mixin.py:190} INFO - [2024-10-24T18:43:42.522+0000] {dag.py:3239} INFO - Sync 1 DAGs
[2024-10-24T18:43:42.546+0000] {logging_mixin.py:190} INFO - [2024-10-24T18:43:42.546+0000] {dag.py:4180} INFO - Setting next_dagrun for sparking_flow to 2024-10-24 00:00:00+00:00, run_after=2024-10-25 00:00:00+00:00
[2024-10-24T18:43:42.564+0000] {processor.py:208} INFO - Processing /opt/airflow/dags/spark_airflow.py took 0.092 seconds
[2024-10-24T18:44:12.715+0000] {processor.py:186} INFO - Started process (PID=15091) to work on /opt/airflow/dags/spark_airflow.py
[2024-10-24T18:44:12.716+0000] {processor.py:914} INFO - Processing file /opt/airflow/dags/spark_airflow.py for tasks to queue
[2024-10-24T18:44:12.717+0000] {logging_mixin.py:190} INFO - [2024-10-24T18:44:12.716+0000] {dagbag.py:588} INFO - Filling up the DagBag from /opt/airflow/dags/spark_airflow.py
[2024-10-24T18:44:12.734+0000] {processor.py:925} INFO - DAG(s) 'sparking_flow' retrieved from /opt/airflow/dags/spark_airflow.py
[2024-10-24T18:44:12.759+0000] {logging_mixin.py:190} INFO - [2024-10-24T18:44:12.759+0000] {dag.py:3239} INFO - Sync 1 DAGs
[2024-10-24T18:44:12.782+0000] {logging_mixin.py:190} INFO - [2024-10-24T18:44:12.782+0000] {dag.py:4180} INFO - Setting next_dagrun for sparking_flow to 2024-10-24 00:00:00+00:00, run_after=2024-10-25 00:00:00+00:00
[2024-10-24T18:44:12.797+0000] {processor.py:208} INFO - Processing /opt/airflow/dags/spark_airflow.py took 0.087 seconds
[2024-10-24T18:44:42.893+0000] {processor.py:186} INFO - Started process (PID=15096) to work on /opt/airflow/dags/spark_airflow.py
[2024-10-24T18:44:42.894+0000] {processor.py:914} INFO - Processing file /opt/airflow/dags/spark_airflow.py for tasks to queue
[2024-10-24T18:44:42.895+0000] {logging_mixin.py:190} INFO - [2024-10-24T18:44:42.895+0000] {dagbag.py:588} INFO - Filling up the DagBag from /opt/airflow/dags/spark_airflow.py
[2024-10-24T18:44:42.911+0000] {processor.py:925} INFO - DAG(s) 'sparking_flow' retrieved from /opt/airflow/dags/spark_airflow.py
[2024-10-24T18:44:42.937+0000] {logging_mixin.py:190} INFO - [2024-10-24T18:44:42.937+0000] {dag.py:3239} INFO - Sync 1 DAGs
[2024-10-24T18:44:42.960+0000] {logging_mixin.py:190} INFO - [2024-10-24T18:44:42.959+0000] {dag.py:4180} INFO - Setting next_dagrun for sparking_flow to 2024-10-24 00:00:00+00:00, run_after=2024-10-25 00:00:00+00:00
[2024-10-24T18:44:42.976+0000] {processor.py:208} INFO - Processing /opt/airflow/dags/spark_airflow.py took 0.087 seconds
[2024-10-24T18:45:13.133+0000] {processor.py:186} INFO - Started process (PID=15101) to work on /opt/airflow/dags/spark_airflow.py
[2024-10-24T18:45:13.134+0000] {processor.py:914} INFO - Processing file /opt/airflow/dags/spark_airflow.py for tasks to queue
[2024-10-24T18:45:13.135+0000] {logging_mixin.py:190} INFO - [2024-10-24T18:45:13.135+0000] {dagbag.py:588} INFO - Filling up the DagBag from /opt/airflow/dags/spark_airflow.py
[2024-10-24T18:45:13.151+0000] {processor.py:925} INFO - DAG(s) 'sparking_flow' retrieved from /opt/airflow/dags/spark_airflow.py
[2024-10-24T18:45:13.176+0000] {logging_mixin.py:190} INFO - [2024-10-24T18:45:13.176+0000] {dag.py:3239} INFO - Sync 1 DAGs
[2024-10-24T18:45:13.198+0000] {logging_mixin.py:190} INFO - [2024-10-24T18:45:13.198+0000] {dag.py:4180} INFO - Setting next_dagrun for sparking_flow to 2024-10-24 00:00:00+00:00, run_after=2024-10-25 00:00:00+00:00
[2024-10-24T18:45:13.229+0000] {processor.py:208} INFO - Processing /opt/airflow/dags/spark_airflow.py took 0.100 seconds
[2024-10-24T18:45:43.315+0000] {processor.py:186} INFO - Started process (PID=15106) to work on /opt/airflow/dags/spark_airflow.py
[2024-10-24T18:45:43.316+0000] {processor.py:914} INFO - Processing file /opt/airflow/dags/spark_airflow.py for tasks to queue
[2024-10-24T18:45:43.318+0000] {logging_mixin.py:190} INFO - [2024-10-24T18:45:43.318+0000] {dagbag.py:588} INFO - Filling up the DagBag from /opt/airflow/dags/spark_airflow.py
[2024-10-24T18:45:43.338+0000] {processor.py:925} INFO - DAG(s) 'sparking_flow' retrieved from /opt/airflow/dags/spark_airflow.py
[2024-10-24T18:45:43.365+0000] {logging_mixin.py:190} INFO - [2024-10-24T18:45:43.365+0000] {dag.py:3239} INFO - Sync 1 DAGs
[2024-10-24T18:45:43.387+0000] {logging_mixin.py:190} INFO - [2024-10-24T18:45:43.387+0000] {dag.py:4180} INFO - Setting next_dagrun for sparking_flow to 2024-10-24 00:00:00+00:00, run_after=2024-10-25 00:00:00+00:00
[2024-10-24T18:45:43.404+0000] {processor.py:208} INFO - Processing /opt/airflow/dags/spark_airflow.py took 0.095 seconds
[2024-10-24T18:46:13.569+0000] {processor.py:186} INFO - Started process (PID=15111) to work on /opt/airflow/dags/spark_airflow.py
[2024-10-24T18:46:13.570+0000] {processor.py:914} INFO - Processing file /opt/airflow/dags/spark_airflow.py for tasks to queue
[2024-10-24T18:46:13.571+0000] {logging_mixin.py:190} INFO - [2024-10-24T18:46:13.571+0000] {dagbag.py:588} INFO - Filling up the DagBag from /opt/airflow/dags/spark_airflow.py
[2024-10-24T18:46:13.588+0000] {processor.py:925} INFO - DAG(s) 'sparking_flow' retrieved from /opt/airflow/dags/spark_airflow.py
[2024-10-24T18:46:13.613+0000] {logging_mixin.py:190} INFO - [2024-10-24T18:46:13.612+0000] {dag.py:3239} INFO - Sync 1 DAGs
[2024-10-24T18:46:13.635+0000] {logging_mixin.py:190} INFO - [2024-10-24T18:46:13.635+0000] {dag.py:4180} INFO - Setting next_dagrun for sparking_flow to 2024-10-24 00:00:00+00:00, run_after=2024-10-25 00:00:00+00:00
[2024-10-24T18:46:13.652+0000] {processor.py:208} INFO - Processing /opt/airflow/dags/spark_airflow.py took 0.087 seconds
[2024-10-24T18:46:43.754+0000] {processor.py:186} INFO - Started process (PID=15116) to work on /opt/airflow/dags/spark_airflow.py
[2024-10-24T18:46:43.755+0000] {processor.py:914} INFO - Processing file /opt/airflow/dags/spark_airflow.py for tasks to queue
[2024-10-24T18:46:43.756+0000] {logging_mixin.py:190} INFO - [2024-10-24T18:46:43.756+0000] {dagbag.py:588} INFO - Filling up the DagBag from /opt/airflow/dags/spark_airflow.py
[2024-10-24T18:46:43.776+0000] {processor.py:925} INFO - DAG(s) 'sparking_flow' retrieved from /opt/airflow/dags/spark_airflow.py
[2024-10-24T18:46:43.805+0000] {logging_mixin.py:190} INFO - [2024-10-24T18:46:43.805+0000] {dag.py:3239} INFO - Sync 1 DAGs
[2024-10-24T18:46:43.829+0000] {logging_mixin.py:190} INFO - [2024-10-24T18:46:43.829+0000] {dag.py:4180} INFO - Setting next_dagrun for sparking_flow to 2024-10-24 00:00:00+00:00, run_after=2024-10-25 00:00:00+00:00
[2024-10-24T18:46:43.847+0000] {processor.py:208} INFO - Processing /opt/airflow/dags/spark_airflow.py took 0.100 seconds
[2024-10-24T18:47:14.024+0000] {processor.py:186} INFO - Started process (PID=15121) to work on /opt/airflow/dags/spark_airflow.py
[2024-10-24T18:47:14.025+0000] {processor.py:914} INFO - Processing file /opt/airflow/dags/spark_airflow.py for tasks to queue
[2024-10-24T18:47:14.026+0000] {logging_mixin.py:190} INFO - [2024-10-24T18:47:14.026+0000] {dagbag.py:588} INFO - Filling up the DagBag from /opt/airflow/dags/spark_airflow.py
[2024-10-24T18:47:14.044+0000] {processor.py:925} INFO - DAG(s) 'sparking_flow' retrieved from /opt/airflow/dags/spark_airflow.py
[2024-10-24T18:47:14.072+0000] {logging_mixin.py:190} INFO - [2024-10-24T18:47:14.072+0000] {dag.py:3239} INFO - Sync 1 DAGs
[2024-10-24T18:47:14.093+0000] {logging_mixin.py:190} INFO - [2024-10-24T18:47:14.093+0000] {dag.py:4180} INFO - Setting next_dagrun for sparking_flow to 2024-10-24 00:00:00+00:00, run_after=2024-10-25 00:00:00+00:00
[2024-10-24T18:47:14.109+0000] {processor.py:208} INFO - Processing /opt/airflow/dags/spark_airflow.py took 0.089 seconds
[2024-10-24T18:47:44.205+0000] {processor.py:186} INFO - Started process (PID=15126) to work on /opt/airflow/dags/spark_airflow.py
[2024-10-24T18:47:44.206+0000] {processor.py:914} INFO - Processing file /opt/airflow/dags/spark_airflow.py for tasks to queue
[2024-10-24T18:47:44.207+0000] {logging_mixin.py:190} INFO - [2024-10-24T18:47:44.207+0000] {dagbag.py:588} INFO - Filling up the DagBag from /opt/airflow/dags/spark_airflow.py
[2024-10-24T18:47:44.227+0000] {processor.py:925} INFO - DAG(s) 'sparking_flow' retrieved from /opt/airflow/dags/spark_airflow.py
[2024-10-24T18:47:44.254+0000] {logging_mixin.py:190} INFO - [2024-10-24T18:47:44.254+0000] {dag.py:3239} INFO - Sync 1 DAGs
[2024-10-24T18:47:44.276+0000] {logging_mixin.py:190} INFO - [2024-10-24T18:47:44.276+0000] {dag.py:4180} INFO - Setting next_dagrun for sparking_flow to 2024-10-24 00:00:00+00:00, run_after=2024-10-25 00:00:00+00:00
[2024-10-24T18:47:44.299+0000] {processor.py:208} INFO - Processing /opt/airflow/dags/spark_airflow.py took 0.101 seconds
[2024-10-24T18:48:14.451+0000] {processor.py:186} INFO - Started process (PID=15131) to work on /opt/airflow/dags/spark_airflow.py
[2024-10-24T18:48:14.451+0000] {processor.py:914} INFO - Processing file /opt/airflow/dags/spark_airflow.py for tasks to queue
[2024-10-24T18:48:14.452+0000] {logging_mixin.py:190} INFO - [2024-10-24T18:48:14.452+0000] {dagbag.py:588} INFO - Filling up the DagBag from /opt/airflow/dags/spark_airflow.py
[2024-10-24T18:48:14.468+0000] {processor.py:925} INFO - DAG(s) 'sparking_flow' retrieved from /opt/airflow/dags/spark_airflow.py
[2024-10-24T18:48:14.491+0000] {logging_mixin.py:190} INFO - [2024-10-24T18:48:14.491+0000] {dag.py:3239} INFO - Sync 1 DAGs
[2024-10-24T18:48:14.512+0000] {logging_mixin.py:190} INFO - [2024-10-24T18:48:14.512+0000] {dag.py:4180} INFO - Setting next_dagrun for sparking_flow to 2024-10-24 00:00:00+00:00, run_after=2024-10-25 00:00:00+00:00
[2024-10-24T18:48:14.529+0000] {processor.py:208} INFO - Processing /opt/airflow/dags/spark_airflow.py took 0.082 seconds
[2024-10-24T18:48:44.640+0000] {processor.py:186} INFO - Started process (PID=15136) to work on /opt/airflow/dags/spark_airflow.py
[2024-10-24T18:48:44.642+0000] {processor.py:914} INFO - Processing file /opt/airflow/dags/spark_airflow.py for tasks to queue
[2024-10-24T18:48:44.643+0000] {logging_mixin.py:190} INFO - [2024-10-24T18:48:44.643+0000] {dagbag.py:588} INFO - Filling up the DagBag from /opt/airflow/dags/spark_airflow.py
[2024-10-24T18:48:44.662+0000] {processor.py:925} INFO - DAG(s) 'sparking_flow' retrieved from /opt/airflow/dags/spark_airflow.py
[2024-10-24T18:48:44.688+0000] {logging_mixin.py:190} INFO - [2024-10-24T18:48:44.688+0000] {dag.py:3239} INFO - Sync 1 DAGs
[2024-10-24T18:48:44.709+0000] {logging_mixin.py:190} INFO - [2024-10-24T18:48:44.709+0000] {dag.py:4180} INFO - Setting next_dagrun for sparking_flow to 2024-10-24 00:00:00+00:00, run_after=2024-10-25 00:00:00+00:00
[2024-10-24T18:48:44.726+0000] {processor.py:208} INFO - Processing /opt/airflow/dags/spark_airflow.py took 0.092 seconds
[2024-10-24T18:49:14.871+0000] {processor.py:186} INFO - Started process (PID=15141) to work on /opt/airflow/dags/spark_airflow.py
[2024-10-24T18:49:14.872+0000] {processor.py:914} INFO - Processing file /opt/airflow/dags/spark_airflow.py for tasks to queue
[2024-10-24T18:49:14.873+0000] {logging_mixin.py:190} INFO - [2024-10-24T18:49:14.873+0000] {dagbag.py:588} INFO - Filling up the DagBag from /opt/airflow/dags/spark_airflow.py
[2024-10-24T18:49:14.890+0000] {processor.py:925} INFO - DAG(s) 'sparking_flow' retrieved from /opt/airflow/dags/spark_airflow.py
[2024-10-24T18:49:14.916+0000] {logging_mixin.py:190} INFO - [2024-10-24T18:49:14.916+0000] {dag.py:3239} INFO - Sync 1 DAGs
[2024-10-24T18:49:14.939+0000] {logging_mixin.py:190} INFO - [2024-10-24T18:49:14.939+0000] {dag.py:4180} INFO - Setting next_dagrun for sparking_flow to 2024-10-24 00:00:00+00:00, run_after=2024-10-25 00:00:00+00:00
[2024-10-24T18:49:14.957+0000] {processor.py:208} INFO - Processing /opt/airflow/dags/spark_airflow.py took 0.090 seconds
[2024-10-24T18:49:45.068+0000] {processor.py:186} INFO - Started process (PID=15146) to work on /opt/airflow/dags/spark_airflow.py
[2024-10-24T18:49:45.069+0000] {processor.py:914} INFO - Processing file /opt/airflow/dags/spark_airflow.py for tasks to queue
[2024-10-24T18:49:45.070+0000] {logging_mixin.py:190} INFO - [2024-10-24T18:49:45.070+0000] {dagbag.py:588} INFO - Filling up the DagBag from /opt/airflow/dags/spark_airflow.py
[2024-10-24T18:49:45.088+0000] {processor.py:925} INFO - DAG(s) 'sparking_flow' retrieved from /opt/airflow/dags/spark_airflow.py
[2024-10-24T18:49:45.114+0000] {logging_mixin.py:190} INFO - [2024-10-24T18:49:45.114+0000] {dag.py:3239} INFO - Sync 1 DAGs
[2024-10-24T18:49:45.137+0000] {logging_mixin.py:190} INFO - [2024-10-24T18:49:45.137+0000] {dag.py:4180} INFO - Setting next_dagrun for sparking_flow to 2024-10-24 00:00:00+00:00, run_after=2024-10-25 00:00:00+00:00
[2024-10-24T18:49:45.154+0000] {processor.py:208} INFO - Processing /opt/airflow/dags/spark_airflow.py took 0.090 seconds
[2024-10-24T18:50:15.307+0000] {processor.py:186} INFO - Started process (PID=15151) to work on /opt/airflow/dags/spark_airflow.py
[2024-10-24T18:50:15.308+0000] {processor.py:914} INFO - Processing file /opt/airflow/dags/spark_airflow.py for tasks to queue
[2024-10-24T18:50:15.309+0000] {logging_mixin.py:190} INFO - [2024-10-24T18:50:15.309+0000] {dagbag.py:588} INFO - Filling up the DagBag from /opt/airflow/dags/spark_airflow.py
[2024-10-24T18:50:15.328+0000] {processor.py:925} INFO - DAG(s) 'sparking_flow' retrieved from /opt/airflow/dags/spark_airflow.py
[2024-10-24T18:50:15.353+0000] {logging_mixin.py:190} INFO - [2024-10-24T18:50:15.353+0000] {dag.py:3239} INFO - Sync 1 DAGs
[2024-10-24T18:50:15.376+0000] {logging_mixin.py:190} INFO - [2024-10-24T18:50:15.376+0000] {dag.py:4180} INFO - Setting next_dagrun for sparking_flow to 2024-10-24 00:00:00+00:00, run_after=2024-10-25 00:00:00+00:00
[2024-10-24T18:50:15.393+0000] {processor.py:208} INFO - Processing /opt/airflow/dags/spark_airflow.py took 0.090 seconds
[2024-10-24T18:50:45.488+0000] {processor.py:186} INFO - Started process (PID=15156) to work on /opt/airflow/dags/spark_airflow.py
[2024-10-24T18:50:45.489+0000] {processor.py:914} INFO - Processing file /opt/airflow/dags/spark_airflow.py for tasks to queue
[2024-10-24T18:50:45.490+0000] {logging_mixin.py:190} INFO - [2024-10-24T18:50:45.490+0000] {dagbag.py:588} INFO - Filling up the DagBag from /opt/airflow/dags/spark_airflow.py
[2024-10-24T18:50:45.506+0000] {processor.py:925} INFO - DAG(s) 'sparking_flow' retrieved from /opt/airflow/dags/spark_airflow.py
[2024-10-24T18:50:45.533+0000] {logging_mixin.py:190} INFO - [2024-10-24T18:50:45.533+0000] {dag.py:3239} INFO - Sync 1 DAGs
[2024-10-24T18:50:45.555+0000] {logging_mixin.py:190} INFO - [2024-10-24T18:50:45.555+0000] {dag.py:4180} INFO - Setting next_dagrun for sparking_flow to 2024-10-24 00:00:00+00:00, run_after=2024-10-25 00:00:00+00:00
[2024-10-24T18:50:45.572+0000] {processor.py:208} INFO - Processing /opt/airflow/dags/spark_airflow.py took 0.089 seconds
[2024-10-24T18:51:15.735+0000] {processor.py:186} INFO - Started process (PID=15161) to work on /opt/airflow/dags/spark_airflow.py
[2024-10-24T18:51:15.735+0000] {processor.py:914} INFO - Processing file /opt/airflow/dags/spark_airflow.py for tasks to queue
[2024-10-24T18:51:15.736+0000] {logging_mixin.py:190} INFO - [2024-10-24T18:51:15.736+0000] {dagbag.py:588} INFO - Filling up the DagBag from /opt/airflow/dags/spark_airflow.py
[2024-10-24T18:51:15.752+0000] {processor.py:925} INFO - DAG(s) 'sparking_flow' retrieved from /opt/airflow/dags/spark_airflow.py
[2024-10-24T18:51:15.777+0000] {logging_mixin.py:190} INFO - [2024-10-24T18:51:15.777+0000] {dag.py:3239} INFO - Sync 1 DAGs
[2024-10-24T18:51:15.800+0000] {logging_mixin.py:190} INFO - [2024-10-24T18:51:15.800+0000] {dag.py:4180} INFO - Setting next_dagrun for sparking_flow to 2024-10-24 00:00:00+00:00, run_after=2024-10-25 00:00:00+00:00
[2024-10-24T18:51:15.820+0000] {processor.py:208} INFO - Processing /opt/airflow/dags/spark_airflow.py took 0.090 seconds
[2024-10-24T18:51:45.922+0000] {processor.py:186} INFO - Started process (PID=15166) to work on /opt/airflow/dags/spark_airflow.py
[2024-10-24T18:51:45.923+0000] {processor.py:914} INFO - Processing file /opt/airflow/dags/spark_airflow.py for tasks to queue
[2024-10-24T18:51:45.924+0000] {logging_mixin.py:190} INFO - [2024-10-24T18:51:45.924+0000] {dagbag.py:588} INFO - Filling up the DagBag from /opt/airflow/dags/spark_airflow.py
[2024-10-24T18:51:45.943+0000] {processor.py:925} INFO - DAG(s) 'sparking_flow' retrieved from /opt/airflow/dags/spark_airflow.py
[2024-10-24T18:51:45.969+0000] {logging_mixin.py:190} INFO - [2024-10-24T18:51:45.969+0000] {dag.py:3239} INFO - Sync 1 DAGs
[2024-10-24T18:51:45.991+0000] {logging_mixin.py:190} INFO - [2024-10-24T18:51:45.990+0000] {dag.py:4180} INFO - Setting next_dagrun for sparking_flow to 2024-10-24 00:00:00+00:00, run_after=2024-10-25 00:00:00+00:00
[2024-10-24T18:51:46.007+0000] {processor.py:208} INFO - Processing /opt/airflow/dags/spark_airflow.py took 0.092 seconds
[2024-10-24T18:52:16.180+0000] {processor.py:186} INFO - Started process (PID=15171) to work on /opt/airflow/dags/spark_airflow.py
[2024-10-24T18:52:16.180+0000] {processor.py:914} INFO - Processing file /opt/airflow/dags/spark_airflow.py for tasks to queue
[2024-10-24T18:52:16.181+0000] {logging_mixin.py:190} INFO - [2024-10-24T18:52:16.181+0000] {dagbag.py:588} INFO - Filling up the DagBag from /opt/airflow/dags/spark_airflow.py
[2024-10-24T18:52:16.199+0000] {processor.py:925} INFO - DAG(s) 'sparking_flow' retrieved from /opt/airflow/dags/spark_airflow.py
[2024-10-24T18:52:16.224+0000] {logging_mixin.py:190} INFO - [2024-10-24T18:52:16.224+0000] {dag.py:3239} INFO - Sync 1 DAGs
[2024-10-24T18:52:16.246+0000] {logging_mixin.py:190} INFO - [2024-10-24T18:52:16.246+0000] {dag.py:4180} INFO - Setting next_dagrun for sparking_flow to 2024-10-24 00:00:00+00:00, run_after=2024-10-25 00:00:00+00:00
[2024-10-24T18:52:16.263+0000] {processor.py:208} INFO - Processing /opt/airflow/dags/spark_airflow.py took 0.088 seconds
[2024-10-24T18:52:46.367+0000] {processor.py:186} INFO - Started process (PID=15176) to work on /opt/airflow/dags/spark_airflow.py
[2024-10-24T18:52:46.368+0000] {processor.py:914} INFO - Processing file /opt/airflow/dags/spark_airflow.py for tasks to queue
[2024-10-24T18:52:46.369+0000] {logging_mixin.py:190} INFO - [2024-10-24T18:52:46.369+0000] {dagbag.py:588} INFO - Filling up the DagBag from /opt/airflow/dags/spark_airflow.py
[2024-10-24T18:52:46.386+0000] {processor.py:925} INFO - DAG(s) 'sparking_flow' retrieved from /opt/airflow/dags/spark_airflow.py
[2024-10-24T18:52:46.410+0000] {logging_mixin.py:190} INFO - [2024-10-24T18:52:46.410+0000] {dag.py:3239} INFO - Sync 1 DAGs
[2024-10-24T18:52:46.431+0000] {logging_mixin.py:190} INFO - [2024-10-24T18:52:46.431+0000] {dag.py:4180} INFO - Setting next_dagrun for sparking_flow to 2024-10-24 00:00:00+00:00, run_after=2024-10-25 00:00:00+00:00
[2024-10-24T18:52:46.447+0000] {processor.py:208} INFO - Processing /opt/airflow/dags/spark_airflow.py took 0.087 seconds
[2024-10-24T18:53:16.599+0000] {processor.py:186} INFO - Started process (PID=15181) to work on /opt/airflow/dags/spark_airflow.py
[2024-10-24T18:53:16.599+0000] {processor.py:914} INFO - Processing file /opt/airflow/dags/spark_airflow.py for tasks to queue
[2024-10-24T18:53:16.601+0000] {logging_mixin.py:190} INFO - [2024-10-24T18:53:16.600+0000] {dagbag.py:588} INFO - Filling up the DagBag from /opt/airflow/dags/spark_airflow.py
[2024-10-24T18:53:16.618+0000] {processor.py:925} INFO - DAG(s) 'sparking_flow' retrieved from /opt/airflow/dags/spark_airflow.py
[2024-10-24T18:53:16.643+0000] {logging_mixin.py:190} INFO - [2024-10-24T18:53:16.643+0000] {dag.py:3239} INFO - Sync 1 DAGs
[2024-10-24T18:53:16.665+0000] {logging_mixin.py:190} INFO - [2024-10-24T18:53:16.665+0000] {dag.py:4180} INFO - Setting next_dagrun for sparking_flow to 2024-10-24 00:00:00+00:00, run_after=2024-10-25 00:00:00+00:00
[2024-10-24T18:53:16.681+0000] {processor.py:208} INFO - Processing /opt/airflow/dags/spark_airflow.py took 0.086 seconds
[2024-10-24T18:53:46.776+0000] {processor.py:186} INFO - Started process (PID=15186) to work on /opt/airflow/dags/spark_airflow.py
[2024-10-24T18:53:46.777+0000] {processor.py:914} INFO - Processing file /opt/airflow/dags/spark_airflow.py for tasks to queue
[2024-10-24T18:53:46.778+0000] {logging_mixin.py:190} INFO - [2024-10-24T18:53:46.778+0000] {dagbag.py:588} INFO - Filling up the DagBag from /opt/airflow/dags/spark_airflow.py
[2024-10-24T18:53:46.795+0000] {processor.py:925} INFO - DAG(s) 'sparking_flow' retrieved from /opt/airflow/dags/spark_airflow.py
[2024-10-24T18:53:46.819+0000] {logging_mixin.py:190} INFO - [2024-10-24T18:53:46.819+0000] {dag.py:3239} INFO - Sync 1 DAGs
[2024-10-24T18:53:46.839+0000] {logging_mixin.py:190} INFO - [2024-10-24T18:53:46.839+0000] {dag.py:4180} INFO - Setting next_dagrun for sparking_flow to 2024-10-24 00:00:00+00:00, run_after=2024-10-25 00:00:00+00:00
[2024-10-24T18:53:46.854+0000] {processor.py:208} INFO - Processing /opt/airflow/dags/spark_airflow.py took 0.083 seconds
[2024-10-24T18:54:17.018+0000] {processor.py:186} INFO - Started process (PID=15191) to work on /opt/airflow/dags/spark_airflow.py
[2024-10-24T18:54:17.019+0000] {processor.py:914} INFO - Processing file /opt/airflow/dags/spark_airflow.py for tasks to queue
[2024-10-24T18:54:17.020+0000] {logging_mixin.py:190} INFO - [2024-10-24T18:54:17.020+0000] {dagbag.py:588} INFO - Filling up the DagBag from /opt/airflow/dags/spark_airflow.py
[2024-10-24T18:54:17.037+0000] {processor.py:925} INFO - DAG(s) 'sparking_flow' retrieved from /opt/airflow/dags/spark_airflow.py
[2024-10-24T18:54:17.062+0000] {logging_mixin.py:190} INFO - [2024-10-24T18:54:17.062+0000] {dag.py:3239} INFO - Sync 1 DAGs
[2024-10-24T18:54:17.084+0000] {logging_mixin.py:190} INFO - [2024-10-24T18:54:17.084+0000] {dag.py:4180} INFO - Setting next_dagrun for sparking_flow to 2024-10-24 00:00:00+00:00, run_after=2024-10-25 00:00:00+00:00
[2024-10-24T18:54:17.102+0000] {processor.py:208} INFO - Processing /opt/airflow/dags/spark_airflow.py took 0.089 seconds
[2024-10-24T18:54:47.200+0000] {processor.py:186} INFO - Started process (PID=15196) to work on /opt/airflow/dags/spark_airflow.py
[2024-10-24T18:54:47.201+0000] {processor.py:914} INFO - Processing file /opt/airflow/dags/spark_airflow.py for tasks to queue
[2024-10-24T18:54:47.203+0000] {logging_mixin.py:190} INFO - [2024-10-24T18:54:47.202+0000] {dagbag.py:588} INFO - Filling up the DagBag from /opt/airflow/dags/spark_airflow.py
[2024-10-24T18:54:47.223+0000] {processor.py:925} INFO - DAG(s) 'sparking_flow' retrieved from /opt/airflow/dags/spark_airflow.py
[2024-10-24T18:54:47.249+0000] {logging_mixin.py:190} INFO - [2024-10-24T18:54:47.249+0000] {dag.py:3239} INFO - Sync 1 DAGs
[2024-10-24T18:54:47.270+0000] {logging_mixin.py:190} INFO - [2024-10-24T18:54:47.270+0000] {dag.py:4180} INFO - Setting next_dagrun for sparking_flow to 2024-10-24 00:00:00+00:00, run_after=2024-10-25 00:00:00+00:00
[2024-10-24T18:54:47.285+0000] {processor.py:208} INFO - Processing /opt/airflow/dags/spark_airflow.py took 0.091 seconds
[2024-10-24T18:55:17.435+0000] {processor.py:186} INFO - Started process (PID=15201) to work on /opt/airflow/dags/spark_airflow.py
[2024-10-24T18:55:17.436+0000] {processor.py:914} INFO - Processing file /opt/airflow/dags/spark_airflow.py for tasks to queue
[2024-10-24T18:55:17.437+0000] {logging_mixin.py:190} INFO - [2024-10-24T18:55:17.437+0000] {dagbag.py:588} INFO - Filling up the DagBag from /opt/airflow/dags/spark_airflow.py
[2024-10-24T18:55:17.455+0000] {processor.py:925} INFO - DAG(s) 'sparking_flow' retrieved from /opt/airflow/dags/spark_airflow.py
[2024-10-24T18:55:17.480+0000] {logging_mixin.py:190} INFO - [2024-10-24T18:55:17.480+0000] {dag.py:3239} INFO - Sync 1 DAGs
[2024-10-24T18:55:17.504+0000] {logging_mixin.py:190} INFO - [2024-10-24T18:55:17.504+0000] {dag.py:4180} INFO - Setting next_dagrun for sparking_flow to 2024-10-24 00:00:00+00:00, run_after=2024-10-25 00:00:00+00:00
[2024-10-24T18:55:17.523+0000] {processor.py:208} INFO - Processing /opt/airflow/dags/spark_airflow.py took 0.092 seconds
[2024-10-24T18:55:47.614+0000] {processor.py:186} INFO - Started process (PID=15206) to work on /opt/airflow/dags/spark_airflow.py
[2024-10-24T18:55:47.615+0000] {processor.py:914} INFO - Processing file /opt/airflow/dags/spark_airflow.py for tasks to queue
[2024-10-24T18:55:47.616+0000] {logging_mixin.py:190} INFO - [2024-10-24T18:55:47.615+0000] {dagbag.py:588} INFO - Filling up the DagBag from /opt/airflow/dags/spark_airflow.py
[2024-10-24T18:55:47.634+0000] {processor.py:925} INFO - DAG(s) 'sparking_flow' retrieved from /opt/airflow/dags/spark_airflow.py
[2024-10-24T18:55:47.658+0000] {logging_mixin.py:190} INFO - [2024-10-24T18:55:47.658+0000] {dag.py:3239} INFO - Sync 1 DAGs
[2024-10-24T18:55:47.678+0000] {logging_mixin.py:190} INFO - [2024-10-24T18:55:47.678+0000] {dag.py:4180} INFO - Setting next_dagrun for sparking_flow to 2024-10-24 00:00:00+00:00, run_after=2024-10-25 00:00:00+00:00
[2024-10-24T18:55:47.694+0000] {processor.py:208} INFO - Processing /opt/airflow/dags/spark_airflow.py took 0.085 seconds
[2024-10-24T18:56:17.857+0000] {processor.py:186} INFO - Started process (PID=15211) to work on /opt/airflow/dags/spark_airflow.py
[2024-10-24T18:56:17.858+0000] {processor.py:914} INFO - Processing file /opt/airflow/dags/spark_airflow.py for tasks to queue
[2024-10-24T18:56:17.859+0000] {logging_mixin.py:190} INFO - [2024-10-24T18:56:17.859+0000] {dagbag.py:588} INFO - Filling up the DagBag from /opt/airflow/dags/spark_airflow.py
[2024-10-24T18:56:17.877+0000] {processor.py:925} INFO - DAG(s) 'sparking_flow' retrieved from /opt/airflow/dags/spark_airflow.py
[2024-10-24T18:56:17.902+0000] {logging_mixin.py:190} INFO - [2024-10-24T18:56:17.902+0000] {dag.py:3239} INFO - Sync 1 DAGs
[2024-10-24T18:56:17.924+0000] {logging_mixin.py:190} INFO - [2024-10-24T18:56:17.924+0000] {dag.py:4180} INFO - Setting next_dagrun for sparking_flow to 2024-10-24 00:00:00+00:00, run_after=2024-10-25 00:00:00+00:00
[2024-10-24T18:56:17.940+0000] {processor.py:208} INFO - Processing /opt/airflow/dags/spark_airflow.py took 0.087 seconds
[2024-10-24T18:56:48.059+0000] {processor.py:186} INFO - Started process (PID=15216) to work on /opt/airflow/dags/spark_airflow.py
[2024-10-24T18:56:48.060+0000] {processor.py:914} INFO - Processing file /opt/airflow/dags/spark_airflow.py for tasks to queue
[2024-10-24T18:56:48.062+0000] {logging_mixin.py:190} INFO - [2024-10-24T18:56:48.061+0000] {dagbag.py:588} INFO - Filling up the DagBag from /opt/airflow/dags/spark_airflow.py
[2024-10-24T18:56:48.081+0000] {processor.py:925} INFO - DAG(s) 'sparking_flow' retrieved from /opt/airflow/dags/spark_airflow.py
[2024-10-24T18:56:48.106+0000] {logging_mixin.py:190} INFO - [2024-10-24T18:56:48.106+0000] {dag.py:3239} INFO - Sync 1 DAGs
[2024-10-24T18:56:48.127+0000] {logging_mixin.py:190} INFO - [2024-10-24T18:56:48.127+0000] {dag.py:4180} INFO - Setting next_dagrun for sparking_flow to 2024-10-24 00:00:00+00:00, run_after=2024-10-25 00:00:00+00:00
[2024-10-24T18:56:48.157+0000] {processor.py:208} INFO - Processing /opt/airflow/dags/spark_airflow.py took 0.105 seconds
[2024-10-24T18:57:18.271+0000] {processor.py:186} INFO - Started process (PID=15221) to work on /opt/airflow/dags/spark_airflow.py
[2024-10-24T18:57:18.272+0000] {processor.py:914} INFO - Processing file /opt/airflow/dags/spark_airflow.py for tasks to queue
[2024-10-24T18:57:18.273+0000] {logging_mixin.py:190} INFO - [2024-10-24T18:57:18.273+0000] {dagbag.py:588} INFO - Filling up the DagBag from /opt/airflow/dags/spark_airflow.py
[2024-10-24T18:57:18.292+0000] {processor.py:925} INFO - DAG(s) 'sparking_flow' retrieved from /opt/airflow/dags/spark_airflow.py
[2024-10-24T18:57:18.315+0000] {logging_mixin.py:190} INFO - [2024-10-24T18:57:18.315+0000] {dag.py:3239} INFO - Sync 1 DAGs
[2024-10-24T18:57:18.335+0000] {logging_mixin.py:190} INFO - [2024-10-24T18:57:18.335+0000] {dag.py:4180} INFO - Setting next_dagrun for sparking_flow to 2024-10-24 00:00:00+00:00, run_after=2024-10-25 00:00:00+00:00
[2024-10-24T18:57:18.351+0000] {processor.py:208} INFO - Processing /opt/airflow/dags/spark_airflow.py took 0.087 seconds
[2024-10-24T18:57:48.485+0000] {processor.py:186} INFO - Started process (PID=15226) to work on /opt/airflow/dags/spark_airflow.py
[2024-10-24T18:57:48.486+0000] {processor.py:914} INFO - Processing file /opt/airflow/dags/spark_airflow.py for tasks to queue
[2024-10-24T18:57:48.487+0000] {logging_mixin.py:190} INFO - [2024-10-24T18:57:48.487+0000] {dagbag.py:588} INFO - Filling up the DagBag from /opt/airflow/dags/spark_airflow.py
[2024-10-24T18:57:48.506+0000] {processor.py:925} INFO - DAG(s) 'sparking_flow' retrieved from /opt/airflow/dags/spark_airflow.py
[2024-10-24T18:57:48.531+0000] {logging_mixin.py:190} INFO - [2024-10-24T18:57:48.530+0000] {dag.py:3239} INFO - Sync 1 DAGs
[2024-10-24T18:57:48.553+0000] {logging_mixin.py:190} INFO - [2024-10-24T18:57:48.552+0000] {dag.py:4180} INFO - Setting next_dagrun for sparking_flow to 2024-10-24 00:00:00+00:00, run_after=2024-10-25 00:00:00+00:00
[2024-10-24T18:57:48.571+0000] {processor.py:208} INFO - Processing /opt/airflow/dags/spark_airflow.py took 0.093 seconds
[2024-10-24T18:58:18.684+0000] {processor.py:186} INFO - Started process (PID=15231) to work on /opt/airflow/dags/spark_airflow.py
[2024-10-24T18:58:18.685+0000] {processor.py:914} INFO - Processing file /opt/airflow/dags/spark_airflow.py for tasks to queue
[2024-10-24T18:58:18.686+0000] {logging_mixin.py:190} INFO - [2024-10-24T18:58:18.686+0000] {dagbag.py:588} INFO - Filling up the DagBag from /opt/airflow/dags/spark_airflow.py
[2024-10-24T18:58:18.706+0000] {processor.py:925} INFO - DAG(s) 'sparking_flow' retrieved from /opt/airflow/dags/spark_airflow.py
[2024-10-24T18:58:18.732+0000] {logging_mixin.py:190} INFO - [2024-10-24T18:58:18.731+0000] {dag.py:3239} INFO - Sync 1 DAGs
[2024-10-24T18:58:18.753+0000] {logging_mixin.py:190} INFO - [2024-10-24T18:58:18.753+0000] {dag.py:4180} INFO - Setting next_dagrun for sparking_flow to 2024-10-24 00:00:00+00:00, run_after=2024-10-25 00:00:00+00:00
[2024-10-24T18:58:18.769+0000] {processor.py:208} INFO - Processing /opt/airflow/dags/spark_airflow.py took 0.091 seconds
[2024-10-24T18:58:48.903+0000] {processor.py:186} INFO - Started process (PID=15236) to work on /opt/airflow/dags/spark_airflow.py
[2024-10-24T18:58:48.904+0000] {processor.py:914} INFO - Processing file /opt/airflow/dags/spark_airflow.py for tasks to queue
[2024-10-24T18:58:48.905+0000] {logging_mixin.py:190} INFO - [2024-10-24T18:58:48.905+0000] {dagbag.py:588} INFO - Filling up the DagBag from /opt/airflow/dags/spark_airflow.py
[2024-10-24T18:58:48.923+0000] {processor.py:925} INFO - DAG(s) 'sparking_flow' retrieved from /opt/airflow/dags/spark_airflow.py
[2024-10-24T18:58:48.950+0000] {logging_mixin.py:190} INFO - [2024-10-24T18:58:48.950+0000] {dag.py:3239} INFO - Sync 1 DAGs
[2024-10-24T18:58:48.972+0000] {logging_mixin.py:190} INFO - [2024-10-24T18:58:48.972+0000] {dag.py:4180} INFO - Setting next_dagrun for sparking_flow to 2024-10-24 00:00:00+00:00, run_after=2024-10-25 00:00:00+00:00
[2024-10-24T18:58:48.988+0000] {processor.py:208} INFO - Processing /opt/airflow/dags/spark_airflow.py took 0.092 seconds
[2024-10-24T18:59:19.101+0000] {processor.py:186} INFO - Started process (PID=15241) to work on /opt/airflow/dags/spark_airflow.py
[2024-10-24T18:59:19.102+0000] {processor.py:914} INFO - Processing file /opt/airflow/dags/spark_airflow.py for tasks to queue
[2024-10-24T18:59:19.103+0000] {logging_mixin.py:190} INFO - [2024-10-24T18:59:19.103+0000] {dagbag.py:588} INFO - Filling up the DagBag from /opt/airflow/dags/spark_airflow.py
[2024-10-24T18:59:19.121+0000] {processor.py:925} INFO - DAG(s) 'sparking_flow' retrieved from /opt/airflow/dags/spark_airflow.py
[2024-10-24T18:59:19.146+0000] {logging_mixin.py:190} INFO - [2024-10-24T18:59:19.146+0000] {dag.py:3239} INFO - Sync 1 DAGs
[2024-10-24T18:59:19.167+0000] {logging_mixin.py:190} INFO - [2024-10-24T18:59:19.167+0000] {dag.py:4180} INFO - Setting next_dagrun for sparking_flow to 2024-10-24 00:00:00+00:00, run_after=2024-10-25 00:00:00+00:00
[2024-10-24T18:59:19.197+0000] {processor.py:208} INFO - Processing /opt/airflow/dags/spark_airflow.py took 0.101 seconds
[2024-10-24T18:59:49.319+0000] {processor.py:186} INFO - Started process (PID=15246) to work on /opt/airflow/dags/spark_airflow.py
[2024-10-24T18:59:49.320+0000] {processor.py:914} INFO - Processing file /opt/airflow/dags/spark_airflow.py for tasks to queue
[2024-10-24T18:59:49.321+0000] {logging_mixin.py:190} INFO - [2024-10-24T18:59:49.321+0000] {dagbag.py:588} INFO - Filling up the DagBag from /opt/airflow/dags/spark_airflow.py
[2024-10-24T18:59:49.340+0000] {processor.py:925} INFO - DAG(s) 'sparking_flow' retrieved from /opt/airflow/dags/spark_airflow.py
[2024-10-24T18:59:49.362+0000] {logging_mixin.py:190} INFO - [2024-10-24T18:59:49.362+0000] {dag.py:3239} INFO - Sync 1 DAGs
[2024-10-24T18:59:49.383+0000] {logging_mixin.py:190} INFO - [2024-10-24T18:59:49.382+0000] {dag.py:4180} INFO - Setting next_dagrun for sparking_flow to 2024-10-24 00:00:00+00:00, run_after=2024-10-25 00:00:00+00:00
[2024-10-24T18:59:49.400+0000] {processor.py:208} INFO - Processing /opt/airflow/dags/spark_airflow.py took 0.086 seconds
[2024-10-24T19:00:19.533+0000] {processor.py:186} INFO - Started process (PID=15251) to work on /opt/airflow/dags/spark_airflow.py
[2024-10-24T19:00:19.534+0000] {processor.py:914} INFO - Processing file /opt/airflow/dags/spark_airflow.py for tasks to queue
[2024-10-24T19:00:19.535+0000] {logging_mixin.py:190} INFO - [2024-10-24T19:00:19.535+0000] {dagbag.py:588} INFO - Filling up the DagBag from /opt/airflow/dags/spark_airflow.py
[2024-10-24T19:00:19.554+0000] {processor.py:925} INFO - DAG(s) 'sparking_flow' retrieved from /opt/airflow/dags/spark_airflow.py
[2024-10-24T19:00:19.579+0000] {logging_mixin.py:190} INFO - [2024-10-24T19:00:19.579+0000] {dag.py:3239} INFO - Sync 1 DAGs
[2024-10-24T19:00:19.603+0000] {logging_mixin.py:190} INFO - [2024-10-24T19:00:19.603+0000] {dag.py:4180} INFO - Setting next_dagrun for sparking_flow to 2024-10-24 00:00:00+00:00, run_after=2024-10-25 00:00:00+00:00
[2024-10-24T19:00:19.620+0000] {processor.py:208} INFO - Processing /opt/airflow/dags/spark_airflow.py took 0.093 seconds
[2024-10-24T19:00:49.732+0000] {processor.py:186} INFO - Started process (PID=15256) to work on /opt/airflow/dags/spark_airflow.py
[2024-10-24T19:00:49.733+0000] {processor.py:914} INFO - Processing file /opt/airflow/dags/spark_airflow.py for tasks to queue
[2024-10-24T19:00:49.734+0000] {logging_mixin.py:190} INFO - [2024-10-24T19:00:49.733+0000] {dagbag.py:588} INFO - Filling up the DagBag from /opt/airflow/dags/spark_airflow.py
[2024-10-24T19:00:49.752+0000] {processor.py:925} INFO - DAG(s) 'sparking_flow' retrieved from /opt/airflow/dags/spark_airflow.py
[2024-10-24T19:00:49.777+0000] {logging_mixin.py:190} INFO - [2024-10-24T19:00:49.776+0000] {dag.py:3239} INFO - Sync 1 DAGs
[2024-10-24T19:00:49.797+0000] {logging_mixin.py:190} INFO - [2024-10-24T19:00:49.797+0000] {dag.py:4180} INFO - Setting next_dagrun for sparking_flow to 2024-10-24 00:00:00+00:00, run_after=2024-10-25 00:00:00+00:00
[2024-10-24T19:00:49.813+0000] {processor.py:208} INFO - Processing /opt/airflow/dags/spark_airflow.py took 0.086 seconds
[2024-10-24T19:01:19.954+0000] {processor.py:186} INFO - Started process (PID=15261) to work on /opt/airflow/dags/spark_airflow.py
[2024-10-24T19:01:19.955+0000] {processor.py:914} INFO - Processing file /opt/airflow/dags/spark_airflow.py for tasks to queue
[2024-10-24T19:01:19.956+0000] {logging_mixin.py:190} INFO - [2024-10-24T19:01:19.956+0000] {dagbag.py:588} INFO - Filling up the DagBag from /opt/airflow/dags/spark_airflow.py
[2024-10-24T19:01:19.975+0000] {processor.py:925} INFO - DAG(s) 'sparking_flow' retrieved from /opt/airflow/dags/spark_airflow.py
[2024-10-24T19:01:19.999+0000] {logging_mixin.py:190} INFO - [2024-10-24T19:01:19.999+0000] {dag.py:3239} INFO - Sync 1 DAGs
[2024-10-24T19:01:20.022+0000] {logging_mixin.py:190} INFO - [2024-10-24T19:01:20.021+0000] {dag.py:4180} INFO - Setting next_dagrun for sparking_flow to 2024-10-24 00:00:00+00:00, run_after=2024-10-25 00:00:00+00:00
[2024-10-24T19:01:20.040+0000] {processor.py:208} INFO - Processing /opt/airflow/dags/spark_airflow.py took 0.091 seconds
[2024-10-24T19:01:50.172+0000] {processor.py:186} INFO - Started process (PID=15266) to work on /opt/airflow/dags/spark_airflow.py
[2024-10-24T19:01:50.173+0000] {processor.py:914} INFO - Processing file /opt/airflow/dags/spark_airflow.py for tasks to queue
[2024-10-24T19:01:50.174+0000] {logging_mixin.py:190} INFO - [2024-10-24T19:01:50.174+0000] {dagbag.py:588} INFO - Filling up the DagBag from /opt/airflow/dags/spark_airflow.py
[2024-10-24T19:01:50.194+0000] {processor.py:925} INFO - DAG(s) 'sparking_flow' retrieved from /opt/airflow/dags/spark_airflow.py
[2024-10-24T19:01:50.218+0000] {logging_mixin.py:190} INFO - [2024-10-24T19:01:50.218+0000] {dag.py:3239} INFO - Sync 1 DAGs
[2024-10-24T19:01:50.238+0000] {logging_mixin.py:190} INFO - [2024-10-24T19:01:50.238+0000] {dag.py:4180} INFO - Setting next_dagrun for sparking_flow to 2024-10-24 00:00:00+00:00, run_after=2024-10-25 00:00:00+00:00
[2024-10-24T19:01:50.253+0000] {processor.py:208} INFO - Processing /opt/airflow/dags/spark_airflow.py took 0.088 seconds
[2024-10-24T19:02:20.381+0000] {processor.py:186} INFO - Started process (PID=15271) to work on /opt/airflow/dags/spark_airflow.py
[2024-10-24T19:02:20.382+0000] {processor.py:914} INFO - Processing file /opt/airflow/dags/spark_airflow.py for tasks to queue
[2024-10-24T19:02:20.383+0000] {logging_mixin.py:190} INFO - [2024-10-24T19:02:20.383+0000] {dagbag.py:588} INFO - Filling up the DagBag from /opt/airflow/dags/spark_airflow.py
[2024-10-24T19:02:20.402+0000] {processor.py:925} INFO - DAG(s) 'sparking_flow' retrieved from /opt/airflow/dags/spark_airflow.py
[2024-10-24T19:02:20.428+0000] {logging_mixin.py:190} INFO - [2024-10-24T19:02:20.428+0000] {dag.py:3239} INFO - Sync 1 DAGs
[2024-10-24T19:02:20.451+0000] {logging_mixin.py:190} INFO - [2024-10-24T19:02:20.450+0000] {dag.py:4180} INFO - Setting next_dagrun for sparking_flow to 2024-10-24 00:00:00+00:00, run_after=2024-10-25 00:00:00+00:00
[2024-10-24T19:02:20.468+0000] {processor.py:208} INFO - Processing /opt/airflow/dags/spark_airflow.py took 0.094 seconds
[2024-10-24T19:02:50.603+0000] {processor.py:186} INFO - Started process (PID=15276) to work on /opt/airflow/dags/spark_airflow.py
[2024-10-24T19:02:50.604+0000] {processor.py:914} INFO - Processing file /opt/airflow/dags/spark_airflow.py for tasks to queue
[2024-10-24T19:02:50.605+0000] {logging_mixin.py:190} INFO - [2024-10-24T19:02:50.605+0000] {dagbag.py:588} INFO - Filling up the DagBag from /opt/airflow/dags/spark_airflow.py
[2024-10-24T19:02:50.624+0000] {processor.py:925} INFO - DAG(s) 'sparking_flow' retrieved from /opt/airflow/dags/spark_airflow.py
[2024-10-24T19:02:50.649+0000] {logging_mixin.py:190} INFO - [2024-10-24T19:02:50.649+0000] {dag.py:3239} INFO - Sync 1 DAGs
[2024-10-24T19:02:50.672+0000] {logging_mixin.py:190} INFO - [2024-10-24T19:02:50.672+0000] {dag.py:4180} INFO - Setting next_dagrun for sparking_flow to 2024-10-24 00:00:00+00:00, run_after=2024-10-25 00:00:00+00:00
[2024-10-24T19:02:50.698+0000] {processor.py:208} INFO - Processing /opt/airflow/dags/spark_airflow.py took 0.095 seconds
[2024-10-24T19:03:20.814+0000] {processor.py:186} INFO - Started process (PID=15281) to work on /opt/airflow/dags/spark_airflow.py
[2024-10-24T19:03:20.815+0000] {processor.py:914} INFO - Processing file /opt/airflow/dags/spark_airflow.py for tasks to queue
[2024-10-24T19:03:20.816+0000] {logging_mixin.py:190} INFO - [2024-10-24T19:03:20.816+0000] {dagbag.py:588} INFO - Filling up the DagBag from /opt/airflow/dags/spark_airflow.py
[2024-10-24T19:03:20.836+0000] {processor.py:925} INFO - DAG(s) 'sparking_flow' retrieved from /opt/airflow/dags/spark_airflow.py
[2024-10-24T19:03:20.861+0000] {logging_mixin.py:190} INFO - [2024-10-24T19:03:20.861+0000] {dag.py:3239} INFO - Sync 1 DAGs
[2024-10-24T19:03:20.882+0000] {logging_mixin.py:190} INFO - [2024-10-24T19:03:20.882+0000] {dag.py:4180} INFO - Setting next_dagrun for sparking_flow to 2024-10-24 00:00:00+00:00, run_after=2024-10-25 00:00:00+00:00
[2024-10-24T19:03:20.898+0000] {processor.py:208} INFO - Processing /opt/airflow/dags/spark_airflow.py took 0.091 seconds
[2024-10-24T19:03:51.035+0000] {processor.py:186} INFO - Started process (PID=15286) to work on /opt/airflow/dags/spark_airflow.py
[2024-10-24T19:03:51.036+0000] {processor.py:914} INFO - Processing file /opt/airflow/dags/spark_airflow.py for tasks to queue
[2024-10-24T19:03:51.037+0000] {logging_mixin.py:190} INFO - [2024-10-24T19:03:51.037+0000] {dagbag.py:588} INFO - Filling up the DagBag from /opt/airflow/dags/spark_airflow.py
[2024-10-24T19:03:51.056+0000] {processor.py:925} INFO - DAG(s) 'sparking_flow' retrieved from /opt/airflow/dags/spark_airflow.py
[2024-10-24T19:03:51.082+0000] {logging_mixin.py:190} INFO - [2024-10-24T19:03:51.082+0000] {dag.py:3239} INFO - Sync 1 DAGs
[2024-10-24T19:03:51.104+0000] {logging_mixin.py:190} INFO - [2024-10-24T19:03:51.104+0000] {dag.py:4180} INFO - Setting next_dagrun for sparking_flow to 2024-10-24 00:00:00+00:00, run_after=2024-10-25 00:00:00+00:00
[2024-10-24T19:03:51.120+0000] {processor.py:208} INFO - Processing /opt/airflow/dags/spark_airflow.py took 0.092 seconds
[2024-10-24T19:04:21.228+0000] {processor.py:186} INFO - Started process (PID=15291) to work on /opt/airflow/dags/spark_airflow.py
[2024-10-24T19:04:21.229+0000] {processor.py:914} INFO - Processing file /opt/airflow/dags/spark_airflow.py for tasks to queue
[2024-10-24T19:04:21.231+0000] {logging_mixin.py:190} INFO - [2024-10-24T19:04:21.230+0000] {dagbag.py:588} INFO - Filling up the DagBag from /opt/airflow/dags/spark_airflow.py
[2024-10-24T19:04:21.249+0000] {processor.py:925} INFO - DAG(s) 'sparking_flow' retrieved from /opt/airflow/dags/spark_airflow.py
[2024-10-24T19:04:21.273+0000] {logging_mixin.py:190} INFO - [2024-10-24T19:04:21.273+0000] {dag.py:3239} INFO - Sync 1 DAGs
[2024-10-24T19:04:21.294+0000] {logging_mixin.py:190} INFO - [2024-10-24T19:04:21.294+0000] {dag.py:4180} INFO - Setting next_dagrun for sparking_flow to 2024-10-24 00:00:00+00:00, run_after=2024-10-25 00:00:00+00:00
[2024-10-24T19:04:21.313+0000] {processor.py:208} INFO - Processing /opt/airflow/dags/spark_airflow.py took 0.091 seconds
[2024-10-24T19:04:51.440+0000] {processor.py:186} INFO - Started process (PID=15296) to work on /opt/airflow/dags/spark_airflow.py
[2024-10-24T19:04:51.441+0000] {processor.py:914} INFO - Processing file /opt/airflow/dags/spark_airflow.py for tasks to queue
[2024-10-24T19:04:51.443+0000] {logging_mixin.py:190} INFO - [2024-10-24T19:04:51.442+0000] {dagbag.py:588} INFO - Filling up the DagBag from /opt/airflow/dags/spark_airflow.py
[2024-10-24T19:04:51.460+0000] {processor.py:925} INFO - DAG(s) 'sparking_flow' retrieved from /opt/airflow/dags/spark_airflow.py
[2024-10-24T19:04:51.485+0000] {logging_mixin.py:190} INFO - [2024-10-24T19:04:51.484+0000] {dag.py:3239} INFO - Sync 1 DAGs
[2024-10-24T19:04:51.506+0000] {logging_mixin.py:190} INFO - [2024-10-24T19:04:51.506+0000] {dag.py:4180} INFO - Setting next_dagrun for sparking_flow to 2024-10-24 00:00:00+00:00, run_after=2024-10-25 00:00:00+00:00
[2024-10-24T19:04:51.523+0000] {processor.py:208} INFO - Processing /opt/airflow/dags/spark_airflow.py took 0.089 seconds
[2024-10-24T19:05:21.633+0000] {processor.py:186} INFO - Started process (PID=15301) to work on /opt/airflow/dags/spark_airflow.py
[2024-10-24T19:05:21.635+0000] {processor.py:914} INFO - Processing file /opt/airflow/dags/spark_airflow.py for tasks to queue
[2024-10-24T19:05:21.637+0000] {logging_mixin.py:190} INFO - [2024-10-24T19:05:21.636+0000] {dagbag.py:588} INFO - Filling up the DagBag from /opt/airflow/dags/spark_airflow.py
[2024-10-24T19:05:21.657+0000] {processor.py:925} INFO - DAG(s) 'sparking_flow' retrieved from /opt/airflow/dags/spark_airflow.py
[2024-10-24T19:05:21.683+0000] {logging_mixin.py:190} INFO - [2024-10-24T19:05:21.683+0000] {dag.py:3239} INFO - Sync 1 DAGs
[2024-10-24T19:05:21.706+0000] {logging_mixin.py:190} INFO - [2024-10-24T19:05:21.705+0000] {dag.py:4180} INFO - Setting next_dagrun for sparking_flow to 2024-10-24 00:00:00+00:00, run_after=2024-10-25 00:00:00+00:00
[2024-10-24T19:05:21.723+0000] {processor.py:208} INFO - Processing /opt/airflow/dags/spark_airflow.py took 0.096 seconds
[2024-10-24T19:05:51.844+0000] {processor.py:186} INFO - Started process (PID=15306) to work on /opt/airflow/dags/spark_airflow.py
[2024-10-24T19:05:51.845+0000] {processor.py:914} INFO - Processing file /opt/airflow/dags/spark_airflow.py for tasks to queue
[2024-10-24T19:05:51.846+0000] {logging_mixin.py:190} INFO - [2024-10-24T19:05:51.846+0000] {dagbag.py:588} INFO - Filling up the DagBag from /opt/airflow/dags/spark_airflow.py
[2024-10-24T19:05:51.864+0000] {processor.py:925} INFO - DAG(s) 'sparking_flow' retrieved from /opt/airflow/dags/spark_airflow.py
[2024-10-24T19:05:51.886+0000] {logging_mixin.py:190} INFO - [2024-10-24T19:05:51.886+0000] {dag.py:3239} INFO - Sync 1 DAGs
[2024-10-24T19:05:51.906+0000] {logging_mixin.py:190} INFO - [2024-10-24T19:05:51.906+0000] {dag.py:4180} INFO - Setting next_dagrun for sparking_flow to 2024-10-24 00:00:00+00:00, run_after=2024-10-25 00:00:00+00:00
[2024-10-24T19:05:51.923+0000] {processor.py:208} INFO - Processing /opt/airflow/dags/spark_airflow.py took 0.084 seconds
[2024-10-24T19:06:22.052+0000] {processor.py:186} INFO - Started process (PID=15311) to work on /opt/airflow/dags/spark_airflow.py
[2024-10-24T19:06:22.053+0000] {processor.py:914} INFO - Processing file /opt/airflow/dags/spark_airflow.py for tasks to queue
[2024-10-24T19:06:22.054+0000] {logging_mixin.py:190} INFO - [2024-10-24T19:06:22.054+0000] {dagbag.py:588} INFO - Filling up the DagBag from /opt/airflow/dags/spark_airflow.py
[2024-10-24T19:06:22.074+0000] {processor.py:925} INFO - DAG(s) 'sparking_flow' retrieved from /opt/airflow/dags/spark_airflow.py
[2024-10-24T19:06:22.100+0000] {logging_mixin.py:190} INFO - [2024-10-24T19:06:22.100+0000] {dag.py:3239} INFO - Sync 1 DAGs
[2024-10-24T19:06:22.123+0000] {logging_mixin.py:190} INFO - [2024-10-24T19:06:22.123+0000] {dag.py:4180} INFO - Setting next_dagrun for sparking_flow to 2024-10-24 00:00:00+00:00, run_after=2024-10-25 00:00:00+00:00
[2024-10-24T19:06:22.143+0000] {processor.py:208} INFO - Processing /opt/airflow/dags/spark_airflow.py took 0.098 seconds
[2024-10-24T19:06:52.279+0000] {processor.py:186} INFO - Started process (PID=15316) to work on /opt/airflow/dags/spark_airflow.py
[2024-10-24T19:06:52.280+0000] {processor.py:914} INFO - Processing file /opt/airflow/dags/spark_airflow.py for tasks to queue
[2024-10-24T19:06:52.281+0000] {logging_mixin.py:190} INFO - [2024-10-24T19:06:52.281+0000] {dagbag.py:588} INFO - Filling up the DagBag from /opt/airflow/dags/spark_airflow.py
[2024-10-24T19:06:52.300+0000] {processor.py:925} INFO - DAG(s) 'sparking_flow' retrieved from /opt/airflow/dags/spark_airflow.py
[2024-10-24T19:06:52.325+0000] {logging_mixin.py:190} INFO - [2024-10-24T19:06:52.325+0000] {dag.py:3239} INFO - Sync 1 DAGs
[2024-10-24T19:06:52.348+0000] {logging_mixin.py:190} INFO - [2024-10-24T19:06:52.348+0000] {dag.py:4180} INFO - Setting next_dagrun for sparking_flow to 2024-10-24 00:00:00+00:00, run_after=2024-10-25 00:00:00+00:00
[2024-10-24T19:06:52.367+0000] {processor.py:208} INFO - Processing /opt/airflow/dags/spark_airflow.py took 0.094 seconds
[2024-10-24T19:07:22.487+0000] {processor.py:186} INFO - Started process (PID=15321) to work on /opt/airflow/dags/spark_airflow.py
[2024-10-24T19:07:22.488+0000] {processor.py:914} INFO - Processing file /opt/airflow/dags/spark_airflow.py for tasks to queue
[2024-10-24T19:07:22.489+0000] {logging_mixin.py:190} INFO - [2024-10-24T19:07:22.489+0000] {dagbag.py:588} INFO - Filling up the DagBag from /opt/airflow/dags/spark_airflow.py
[2024-10-24T19:07:22.509+0000] {processor.py:925} INFO - DAG(s) 'sparking_flow' retrieved from /opt/airflow/dags/spark_airflow.py
[2024-10-24T19:07:22.534+0000] {logging_mixin.py:190} INFO - [2024-10-24T19:07:22.534+0000] {dag.py:3239} INFO - Sync 1 DAGs
[2024-10-24T19:07:22.556+0000] {logging_mixin.py:190} INFO - [2024-10-24T19:07:22.556+0000] {dag.py:4180} INFO - Setting next_dagrun for sparking_flow to 2024-10-24 00:00:00+00:00, run_after=2024-10-25 00:00:00+00:00
[2024-10-24T19:07:22.573+0000] {processor.py:208} INFO - Processing /opt/airflow/dags/spark_airflow.py took 0.092 seconds
[2024-10-24T19:07:52.701+0000] {processor.py:186} INFO - Started process (PID=15326) to work on /opt/airflow/dags/spark_airflow.py
[2024-10-24T19:07:52.702+0000] {processor.py:914} INFO - Processing file /opt/airflow/dags/spark_airflow.py for tasks to queue
[2024-10-24T19:07:52.704+0000] {logging_mixin.py:190} INFO - [2024-10-24T19:07:52.703+0000] {dagbag.py:588} INFO - Filling up the DagBag from /opt/airflow/dags/spark_airflow.py
[2024-10-24T19:07:52.725+0000] {processor.py:925} INFO - DAG(s) 'sparking_flow' retrieved from /opt/airflow/dags/spark_airflow.py
[2024-10-24T19:07:52.751+0000] {logging_mixin.py:190} INFO - [2024-10-24T19:07:52.750+0000] {dag.py:3239} INFO - Sync 1 DAGs
[2024-10-24T19:07:52.772+0000] {logging_mixin.py:190} INFO - [2024-10-24T19:07:52.772+0000] {dag.py:4180} INFO - Setting next_dagrun for sparking_flow to 2024-10-24 00:00:00+00:00, run_after=2024-10-25 00:00:00+00:00
[2024-10-24T19:07:52.803+0000] {processor.py:208} INFO - Processing /opt/airflow/dags/spark_airflow.py took 0.109 seconds
[2024-10-24T19:08:22.908+0000] {processor.py:186} INFO - Started process (PID=15331) to work on /opt/airflow/dags/spark_airflow.py
[2024-10-24T19:08:22.909+0000] {processor.py:914} INFO - Processing file /opt/airflow/dags/spark_airflow.py for tasks to queue
[2024-10-24T19:08:22.911+0000] {logging_mixin.py:190} INFO - [2024-10-24T19:08:22.910+0000] {dagbag.py:588} INFO - Filling up the DagBag from /opt/airflow/dags/spark_airflow.py
[2024-10-24T19:08:22.930+0000] {processor.py:925} INFO - DAG(s) 'sparking_flow' retrieved from /opt/airflow/dags/spark_airflow.py
[2024-10-24T19:08:22.955+0000] {logging_mixin.py:190} INFO - [2024-10-24T19:08:22.954+0000] {dag.py:3239} INFO - Sync 1 DAGs
[2024-10-24T19:08:22.974+0000] {logging_mixin.py:190} INFO - [2024-10-24T19:08:22.974+0000] {dag.py:4180} INFO - Setting next_dagrun for sparking_flow to 2024-10-24 00:00:00+00:00, run_after=2024-10-25 00:00:00+00:00
[2024-10-24T19:08:22.991+0000] {processor.py:208} INFO - Processing /opt/airflow/dags/spark_airflow.py took 0.089 seconds
[2024-10-24T19:08:53.138+0000] {processor.py:186} INFO - Started process (PID=15336) to work on /opt/airflow/dags/spark_airflow.py
[2024-10-24T19:08:53.139+0000] {processor.py:914} INFO - Processing file /opt/airflow/dags/spark_airflow.py for tasks to queue
[2024-10-24T19:08:53.141+0000] {logging_mixin.py:190} INFO - [2024-10-24T19:08:53.141+0000] {dagbag.py:588} INFO - Filling up the DagBag from /opt/airflow/dags/spark_airflow.py
[2024-10-24T19:08:53.160+0000] {processor.py:925} INFO - DAG(s) 'sparking_flow' retrieved from /opt/airflow/dags/spark_airflow.py
[2024-10-24T19:08:53.184+0000] {logging_mixin.py:190} INFO - [2024-10-24T19:08:53.184+0000] {dag.py:3239} INFO - Sync 1 DAGs
[2024-10-24T19:08:53.206+0000] {logging_mixin.py:190} INFO - [2024-10-24T19:08:53.205+0000] {dag.py:4180} INFO - Setting next_dagrun for sparking_flow to 2024-10-24 00:00:00+00:00, run_after=2024-10-25 00:00:00+00:00
[2024-10-24T19:08:53.222+0000] {processor.py:208} INFO - Processing /opt/airflow/dags/spark_airflow.py took 0.089 seconds
[2024-10-24T19:09:23.330+0000] {processor.py:186} INFO - Started process (PID=15341) to work on /opt/airflow/dags/spark_airflow.py
[2024-10-24T19:09:23.331+0000] {processor.py:914} INFO - Processing file /opt/airflow/dags/spark_airflow.py for tasks to queue
[2024-10-24T19:09:23.333+0000] {logging_mixin.py:190} INFO - [2024-10-24T19:09:23.332+0000] {dagbag.py:588} INFO - Filling up the DagBag from /opt/airflow/dags/spark_airflow.py
[2024-10-24T19:09:23.352+0000] {processor.py:925} INFO - DAG(s) 'sparking_flow' retrieved from /opt/airflow/dags/spark_airflow.py
[2024-10-24T19:09:23.376+0000] {logging_mixin.py:190} INFO - [2024-10-24T19:09:23.376+0000] {dag.py:3239} INFO - Sync 1 DAGs
[2024-10-24T19:09:23.397+0000] {logging_mixin.py:190} INFO - [2024-10-24T19:09:23.397+0000] {dag.py:4180} INFO - Setting next_dagrun for sparking_flow to 2024-10-24 00:00:00+00:00, run_after=2024-10-25 00:00:00+00:00
[2024-10-24T19:09:23.414+0000] {processor.py:208} INFO - Processing /opt/airflow/dags/spark_airflow.py took 0.091 seconds
[2024-10-24T19:09:53.563+0000] {processor.py:186} INFO - Started process (PID=15346) to work on /opt/airflow/dags/spark_airflow.py
[2024-10-24T19:09:53.564+0000] {processor.py:914} INFO - Processing file /opt/airflow/dags/spark_airflow.py for tasks to queue
[2024-10-24T19:09:53.565+0000] {logging_mixin.py:190} INFO - [2024-10-24T19:09:53.565+0000] {dagbag.py:588} INFO - Filling up the DagBag from /opt/airflow/dags/spark_airflow.py
[2024-10-24T19:09:53.584+0000] {processor.py:925} INFO - DAG(s) 'sparking_flow' retrieved from /opt/airflow/dags/spark_airflow.py
[2024-10-24T19:09:53.610+0000] {logging_mixin.py:190} INFO - [2024-10-24T19:09:53.610+0000] {dag.py:3239} INFO - Sync 1 DAGs
[2024-10-24T19:09:53.632+0000] {logging_mixin.py:190} INFO - [2024-10-24T19:09:53.632+0000] {dag.py:4180} INFO - Setting next_dagrun for sparking_flow to 2024-10-24 00:00:00+00:00, run_after=2024-10-25 00:00:00+00:00
[2024-10-24T19:09:53.648+0000] {processor.py:208} INFO - Processing /opt/airflow/dags/spark_airflow.py took 0.092 seconds
[2024-10-24T19:10:23.765+0000] {processor.py:186} INFO - Started process (PID=15351) to work on /opt/airflow/dags/spark_airflow.py
[2024-10-24T19:10:23.766+0000] {processor.py:914} INFO - Processing file /opt/airflow/dags/spark_airflow.py for tasks to queue
[2024-10-24T19:10:23.768+0000] {logging_mixin.py:190} INFO - [2024-10-24T19:10:23.768+0000] {dagbag.py:588} INFO - Filling up the DagBag from /opt/airflow/dags/spark_airflow.py
[2024-10-24T19:10:23.806+0000] {processor.py:925} INFO - DAG(s) 'sparking_flow' retrieved from /opt/airflow/dags/spark_airflow.py
[2024-10-24T19:10:23.831+0000] {logging_mixin.py:190} INFO - [2024-10-24T19:10:23.831+0000] {dag.py:3239} INFO - Sync 1 DAGs
[2024-10-24T19:10:23.853+0000] {logging_mixin.py:190} INFO - [2024-10-24T19:10:23.853+0000] {dag.py:4180} INFO - Setting next_dagrun for sparking_flow to 2024-10-24 00:00:00+00:00, run_after=2024-10-25 00:00:00+00:00
[2024-10-24T19:10:23.878+0000] {processor.py:208} INFO - Processing /opt/airflow/dags/spark_airflow.py took 0.123 seconds
[2024-10-24T19:10:53.993+0000] {processor.py:186} INFO - Started process (PID=15356) to work on /opt/airflow/dags/spark_airflow.py
[2024-10-24T19:10:53.994+0000] {processor.py:914} INFO - Processing file /opt/airflow/dags/spark_airflow.py for tasks to queue
[2024-10-24T19:10:53.995+0000] {logging_mixin.py:190} INFO - [2024-10-24T19:10:53.995+0000] {dagbag.py:588} INFO - Filling up the DagBag from /opt/airflow/dags/spark_airflow.py
[2024-10-24T19:10:54.013+0000] {processor.py:925} INFO - DAG(s) 'sparking_flow' retrieved from /opt/airflow/dags/spark_airflow.py
[2024-10-24T19:10:54.037+0000] {logging_mixin.py:190} INFO - [2024-10-24T19:10:54.037+0000] {dag.py:3239} INFO - Sync 1 DAGs
[2024-10-24T19:10:54.057+0000] {logging_mixin.py:190} INFO - [2024-10-24T19:10:54.057+0000] {dag.py:4180} INFO - Setting next_dagrun for sparking_flow to 2024-10-24 00:00:00+00:00, run_after=2024-10-25 00:00:00+00:00
[2024-10-24T19:10:54.074+0000] {processor.py:208} INFO - Processing /opt/airflow/dags/spark_airflow.py took 0.085 seconds
[2024-10-24T19:11:24.217+0000] {processor.py:186} INFO - Started process (PID=15361) to work on /opt/airflow/dags/spark_airflow.py
[2024-10-24T19:11:24.218+0000] {processor.py:914} INFO - Processing file /opt/airflow/dags/spark_airflow.py for tasks to queue
[2024-10-24T19:11:24.219+0000] {logging_mixin.py:190} INFO - [2024-10-24T19:11:24.219+0000] {dagbag.py:588} INFO - Filling up the DagBag from /opt/airflow/dags/spark_airflow.py
[2024-10-24T19:11:24.237+0000] {processor.py:925} INFO - DAG(s) 'sparking_flow' retrieved from /opt/airflow/dags/spark_airflow.py
[2024-10-24T19:11:24.264+0000] {logging_mixin.py:190} INFO - [2024-10-24T19:11:24.264+0000] {dag.py:3239} INFO - Sync 1 DAGs
[2024-10-24T19:11:24.286+0000] {logging_mixin.py:190} INFO - [2024-10-24T19:11:24.285+0000] {dag.py:4180} INFO - Setting next_dagrun for sparking_flow to 2024-10-24 00:00:00+00:00, run_after=2024-10-25 00:00:00+00:00
[2024-10-24T19:11:24.306+0000] {processor.py:208} INFO - Processing /opt/airflow/dags/spark_airflow.py took 0.094 seconds
[2024-10-24T19:11:54.427+0000] {processor.py:186} INFO - Started process (PID=15366) to work on /opt/airflow/dags/spark_airflow.py
[2024-10-24T19:11:54.428+0000] {processor.py:914} INFO - Processing file /opt/airflow/dags/spark_airflow.py for tasks to queue
[2024-10-24T19:11:54.429+0000] {logging_mixin.py:190} INFO - [2024-10-24T19:11:54.429+0000] {dagbag.py:588} INFO - Filling up the DagBag from /opt/airflow/dags/spark_airflow.py
[2024-10-24T19:11:54.446+0000] {processor.py:925} INFO - DAG(s) 'sparking_flow' retrieved from /opt/airflow/dags/spark_airflow.py
[2024-10-24T19:11:54.470+0000] {logging_mixin.py:190} INFO - [2024-10-24T19:11:54.470+0000] {dag.py:3239} INFO - Sync 1 DAGs
[2024-10-24T19:11:54.490+0000] {logging_mixin.py:190} INFO - [2024-10-24T19:11:54.490+0000] {dag.py:4180} INFO - Setting next_dagrun for sparking_flow to 2024-10-24 00:00:00+00:00, run_after=2024-10-25 00:00:00+00:00
[2024-10-24T19:11:54.510+0000] {processor.py:208} INFO - Processing /opt/airflow/dags/spark_airflow.py took 0.088 seconds
[2024-10-24T19:12:24.647+0000] {processor.py:186} INFO - Started process (PID=15371) to work on /opt/airflow/dags/spark_airflow.py
[2024-10-24T19:12:24.648+0000] {processor.py:914} INFO - Processing file /opt/airflow/dags/spark_airflow.py for tasks to queue
[2024-10-24T19:12:24.650+0000] {logging_mixin.py:190} INFO - [2024-10-24T19:12:24.649+0000] {dagbag.py:588} INFO - Filling up the DagBag from /opt/airflow/dags/spark_airflow.py
[2024-10-24T19:12:24.667+0000] {processor.py:925} INFO - DAG(s) 'sparking_flow' retrieved from /opt/airflow/dags/spark_airflow.py
[2024-10-24T19:12:24.690+0000] {logging_mixin.py:190} INFO - [2024-10-24T19:12:24.690+0000] {dag.py:3239} INFO - Sync 1 DAGs
[2024-10-24T19:12:24.711+0000] {logging_mixin.py:190} INFO - [2024-10-24T19:12:24.711+0000] {dag.py:4180} INFO - Setting next_dagrun for sparking_flow to 2024-10-24 00:00:00+00:00, run_after=2024-10-25 00:00:00+00:00
[2024-10-24T19:12:24.745+0000] {processor.py:208} INFO - Processing /opt/airflow/dags/spark_airflow.py took 0.104 seconds
[2024-10-24T19:12:54.849+0000] {processor.py:186} INFO - Started process (PID=15376) to work on /opt/airflow/dags/spark_airflow.py
[2024-10-24T19:12:54.850+0000] {processor.py:914} INFO - Processing file /opt/airflow/dags/spark_airflow.py for tasks to queue
[2024-10-24T19:12:54.851+0000] {logging_mixin.py:190} INFO - [2024-10-24T19:12:54.851+0000] {dagbag.py:588} INFO - Filling up the DagBag from /opt/airflow/dags/spark_airflow.py
[2024-10-24T19:12:54.871+0000] {processor.py:925} INFO - DAG(s) 'sparking_flow' retrieved from /opt/airflow/dags/spark_airflow.py
[2024-10-24T19:12:54.898+0000] {logging_mixin.py:190} INFO - [2024-10-24T19:12:54.898+0000] {dag.py:3239} INFO - Sync 1 DAGs
[2024-10-24T19:12:54.922+0000] {logging_mixin.py:190} INFO - [2024-10-24T19:12:54.922+0000] {dag.py:4180} INFO - Setting next_dagrun for sparking_flow to 2024-10-24 00:00:00+00:00, run_after=2024-10-25 00:00:00+00:00
[2024-10-24T19:12:54.939+0000] {processor.py:208} INFO - Processing /opt/airflow/dags/spark_airflow.py took 0.097 seconds
[2024-10-24T19:13:25.077+0000] {processor.py:186} INFO - Started process (PID=15381) to work on /opt/airflow/dags/spark_airflow.py
[2024-10-24T19:13:25.078+0000] {processor.py:914} INFO - Processing file /opt/airflow/dags/spark_airflow.py for tasks to queue
[2024-10-24T19:13:25.079+0000] {logging_mixin.py:190} INFO - [2024-10-24T19:13:25.079+0000] {dagbag.py:588} INFO - Filling up the DagBag from /opt/airflow/dags/spark_airflow.py
[2024-10-24T19:13:25.097+0000] {processor.py:925} INFO - DAG(s) 'sparking_flow' retrieved from /opt/airflow/dags/spark_airflow.py
[2024-10-24T19:13:25.120+0000] {logging_mixin.py:190} INFO - [2024-10-24T19:13:25.119+0000] {dag.py:3239} INFO - Sync 1 DAGs
[2024-10-24T19:13:25.140+0000] {logging_mixin.py:190} INFO - [2024-10-24T19:13:25.140+0000] {dag.py:4180} INFO - Setting next_dagrun for sparking_flow to 2024-10-24 00:00:00+00:00, run_after=2024-10-25 00:00:00+00:00
[2024-10-24T19:13:25.156+0000] {processor.py:208} INFO - Processing /opt/airflow/dags/spark_airflow.py took 0.084 seconds
[2024-10-24T19:13:55.277+0000] {processor.py:186} INFO - Started process (PID=15386) to work on /opt/airflow/dags/spark_airflow.py
[2024-10-24T19:13:55.278+0000] {processor.py:914} INFO - Processing file /opt/airflow/dags/spark_airflow.py for tasks to queue
[2024-10-24T19:13:55.279+0000] {logging_mixin.py:190} INFO - [2024-10-24T19:13:55.279+0000] {dagbag.py:588} INFO - Filling up the DagBag from /opt/airflow/dags/spark_airflow.py
[2024-10-24T19:13:55.299+0000] {processor.py:925} INFO - DAG(s) 'sparking_flow' retrieved from /opt/airflow/dags/spark_airflow.py
[2024-10-24T19:13:55.325+0000] {logging_mixin.py:190} INFO - [2024-10-24T19:13:55.325+0000] {dag.py:3239} INFO - Sync 1 DAGs
[2024-10-24T19:13:55.348+0000] {logging_mixin.py:190} INFO - [2024-10-24T19:13:55.348+0000] {dag.py:4180} INFO - Setting next_dagrun for sparking_flow to 2024-10-24 00:00:00+00:00, run_after=2024-10-25 00:00:00+00:00
[2024-10-24T19:13:55.365+0000] {processor.py:208} INFO - Processing /opt/airflow/dags/spark_airflow.py took 0.094 seconds
[2024-10-24T19:14:25.502+0000] {processor.py:186} INFO - Started process (PID=15391) to work on /opt/airflow/dags/spark_airflow.py
[2024-10-24T19:14:25.503+0000] {processor.py:914} INFO - Processing file /opt/airflow/dags/spark_airflow.py for tasks to queue
[2024-10-24T19:14:25.504+0000] {logging_mixin.py:190} INFO - [2024-10-24T19:14:25.504+0000] {dagbag.py:588} INFO - Filling up the DagBag from /opt/airflow/dags/spark_airflow.py
[2024-10-24T19:14:25.525+0000] {processor.py:925} INFO - DAG(s) 'sparking_flow' retrieved from /opt/airflow/dags/spark_airflow.py
[2024-10-24T19:14:25.551+0000] {logging_mixin.py:190} INFO - [2024-10-24T19:14:25.551+0000] {dag.py:3239} INFO - Sync 1 DAGs
[2024-10-24T19:14:25.574+0000] {logging_mixin.py:190} INFO - [2024-10-24T19:14:25.574+0000] {dag.py:4180} INFO - Setting next_dagrun for sparking_flow to 2024-10-24 00:00:00+00:00, run_after=2024-10-25 00:00:00+00:00
[2024-10-24T19:14:25.591+0000] {processor.py:208} INFO - Processing /opt/airflow/dags/spark_airflow.py took 0.096 seconds
[2024-10-24T19:14:55.703+0000] {processor.py:186} INFO - Started process (PID=15396) to work on /opt/airflow/dags/spark_airflow.py
[2024-10-24T19:14:55.704+0000] {processor.py:914} INFO - Processing file /opt/airflow/dags/spark_airflow.py for tasks to queue
[2024-10-24T19:14:55.706+0000] {logging_mixin.py:190} INFO - [2024-10-24T19:14:55.705+0000] {dagbag.py:588} INFO - Filling up the DagBag from /opt/airflow/dags/spark_airflow.py
[2024-10-24T19:14:55.725+0000] {processor.py:925} INFO - DAG(s) 'sparking_flow' retrieved from /opt/airflow/dags/spark_airflow.py
[2024-10-24T19:14:55.750+0000] {logging_mixin.py:190} INFO - [2024-10-24T19:14:55.749+0000] {dag.py:3239} INFO - Sync 1 DAGs
[2024-10-24T19:14:55.771+0000] {logging_mixin.py:190} INFO - [2024-10-24T19:14:55.771+0000] {dag.py:4180} INFO - Setting next_dagrun for sparking_flow to 2024-10-24 00:00:00+00:00, run_after=2024-10-25 00:00:00+00:00
[2024-10-24T19:14:55.787+0000] {processor.py:208} INFO - Processing /opt/airflow/dags/spark_airflow.py took 0.089 seconds
[2024-10-24T19:15:25.939+0000] {processor.py:186} INFO - Started process (PID=15401) to work on /opt/airflow/dags/spark_airflow.py
[2024-10-24T19:15:25.940+0000] {processor.py:914} INFO - Processing file /opt/airflow/dags/spark_airflow.py for tasks to queue
[2024-10-24T19:15:25.941+0000] {logging_mixin.py:190} INFO - [2024-10-24T19:15:25.941+0000] {dagbag.py:588} INFO - Filling up the DagBag from /opt/airflow/dags/spark_airflow.py
[2024-10-24T19:15:25.962+0000] {processor.py:925} INFO - DAG(s) 'sparking_flow' retrieved from /opt/airflow/dags/spark_airflow.py
[2024-10-24T19:15:25.986+0000] {logging_mixin.py:190} INFO - [2024-10-24T19:15:25.986+0000] {dag.py:3239} INFO - Sync 1 DAGs
[2024-10-24T19:15:26.007+0000] {logging_mixin.py:190} INFO - [2024-10-24T19:15:26.007+0000] {dag.py:4180} INFO - Setting next_dagrun for sparking_flow to 2024-10-24 00:00:00+00:00, run_after=2024-10-25 00:00:00+00:00
[2024-10-24T19:15:26.023+0000] {processor.py:208} INFO - Processing /opt/airflow/dags/spark_airflow.py took 0.089 seconds
[2024-10-24T19:15:56.121+0000] {processor.py:186} INFO - Started process (PID=15406) to work on /opt/airflow/dags/spark_airflow.py
[2024-10-24T19:15:56.122+0000] {processor.py:914} INFO - Processing file /opt/airflow/dags/spark_airflow.py for tasks to queue
[2024-10-24T19:15:56.124+0000] {logging_mixin.py:190} INFO - [2024-10-24T19:15:56.124+0000] {dagbag.py:588} INFO - Filling up the DagBag from /opt/airflow/dags/spark_airflow.py
[2024-10-24T19:15:56.143+0000] {processor.py:925} INFO - DAG(s) 'sparking_flow' retrieved from /opt/airflow/dags/spark_airflow.py
[2024-10-24T19:15:56.168+0000] {logging_mixin.py:190} INFO - [2024-10-24T19:15:56.168+0000] {dag.py:3239} INFO - Sync 1 DAGs
[2024-10-24T19:15:56.191+0000] {logging_mixin.py:190} INFO - [2024-10-24T19:15:56.190+0000] {dag.py:4180} INFO - Setting next_dagrun for sparking_flow to 2024-10-24 00:00:00+00:00, run_after=2024-10-25 00:00:00+00:00
[2024-10-24T19:15:56.208+0000] {processor.py:208} INFO - Processing /opt/airflow/dags/spark_airflow.py took 0.093 seconds
[2024-10-24T19:16:26.358+0000] {processor.py:186} INFO - Started process (PID=15411) to work on /opt/airflow/dags/spark_airflow.py
[2024-10-24T19:16:26.359+0000] {processor.py:914} INFO - Processing file /opt/airflow/dags/spark_airflow.py for tasks to queue
[2024-10-24T19:16:26.360+0000] {logging_mixin.py:190} INFO - [2024-10-24T19:16:26.360+0000] {dagbag.py:588} INFO - Filling up the DagBag from /opt/airflow/dags/spark_airflow.py
[2024-10-24T19:16:26.378+0000] {processor.py:925} INFO - DAG(s) 'sparking_flow' retrieved from /opt/airflow/dags/spark_airflow.py
[2024-10-24T19:16:26.402+0000] {logging_mixin.py:190} INFO - [2024-10-24T19:16:26.402+0000] {dag.py:3239} INFO - Sync 1 DAGs
[2024-10-24T19:16:26.423+0000] {logging_mixin.py:190} INFO - [2024-10-24T19:16:26.423+0000] {dag.py:4180} INFO - Setting next_dagrun for sparking_flow to 2024-10-24 00:00:00+00:00, run_after=2024-10-25 00:00:00+00:00
[2024-10-24T19:16:26.440+0000] {processor.py:208} INFO - Processing /opt/airflow/dags/spark_airflow.py took 0.086 seconds
[2024-10-24T19:16:56.577+0000] {processor.py:186} INFO - Started process (PID=15416) to work on /opt/airflow/dags/spark_airflow.py
[2024-10-24T19:16:56.578+0000] {processor.py:914} INFO - Processing file /opt/airflow/dags/spark_airflow.py for tasks to queue
[2024-10-24T19:16:56.579+0000] {logging_mixin.py:190} INFO - [2024-10-24T19:16:56.579+0000] {dagbag.py:588} INFO - Filling up the DagBag from /opt/airflow/dags/spark_airflow.py
[2024-10-24T19:16:56.602+0000] {processor.py:925} INFO - DAG(s) 'sparking_flow' retrieved from /opt/airflow/dags/spark_airflow.py
[2024-10-24T19:16:56.640+0000] {logging_mixin.py:190} INFO - [2024-10-24T19:16:56.639+0000] {dag.py:3239} INFO - Sync 1 DAGs
[2024-10-24T19:16:56.669+0000] {logging_mixin.py:190} INFO - [2024-10-24T19:16:56.669+0000] {dag.py:4180} INFO - Setting next_dagrun for sparking_flow to 2024-10-24 00:00:00+00:00, run_after=2024-10-25 00:00:00+00:00
[2024-10-24T19:16:56.693+0000] {processor.py:208} INFO - Processing /opt/airflow/dags/spark_airflow.py took 0.124 seconds
[2024-10-24T19:17:26.779+0000] {processor.py:186} INFO - Started process (PID=15421) to work on /opt/airflow/dags/spark_airflow.py
[2024-10-24T19:17:26.780+0000] {processor.py:914} INFO - Processing file /opt/airflow/dags/spark_airflow.py for tasks to queue
[2024-10-24T19:17:26.781+0000] {logging_mixin.py:190} INFO - [2024-10-24T19:17:26.780+0000] {dagbag.py:588} INFO - Filling up the DagBag from /opt/airflow/dags/spark_airflow.py
[2024-10-24T19:17:26.798+0000] {processor.py:925} INFO - DAG(s) 'sparking_flow' retrieved from /opt/airflow/dags/spark_airflow.py
[2024-10-24T19:17:26.823+0000] {logging_mixin.py:190} INFO - [2024-10-24T19:17:26.823+0000] {dag.py:3239} INFO - Sync 1 DAGs
[2024-10-24T19:17:26.847+0000] {logging_mixin.py:190} INFO - [2024-10-24T19:17:26.847+0000] {dag.py:4180} INFO - Setting next_dagrun for sparking_flow to 2024-10-24 00:00:00+00:00, run_after=2024-10-25 00:00:00+00:00
[2024-10-24T19:17:26.864+0000] {processor.py:208} INFO - Processing /opt/airflow/dags/spark_airflow.py took 0.091 seconds
[2024-10-24T19:17:57.044+0000] {processor.py:186} INFO - Started process (PID=15426) to work on /opt/airflow/dags/spark_airflow.py
[2024-10-24T19:17:57.045+0000] {processor.py:914} INFO - Processing file /opt/airflow/dags/spark_airflow.py for tasks to queue
[2024-10-24T19:17:57.046+0000] {logging_mixin.py:190} INFO - [2024-10-24T19:17:57.046+0000] {dagbag.py:588} INFO - Filling up the DagBag from /opt/airflow/dags/spark_airflow.py
[2024-10-24T19:17:57.064+0000] {processor.py:925} INFO - DAG(s) 'sparking_flow' retrieved from /opt/airflow/dags/spark_airflow.py
[2024-10-24T19:17:57.086+0000] {logging_mixin.py:190} INFO - [2024-10-24T19:17:57.086+0000] {dag.py:3239} INFO - Sync 1 DAGs
[2024-10-24T19:17:57.107+0000] {logging_mixin.py:190} INFO - [2024-10-24T19:17:57.107+0000] {dag.py:4180} INFO - Setting next_dagrun for sparking_flow to 2024-10-24 00:00:00+00:00, run_after=2024-10-25 00:00:00+00:00
[2024-10-24T19:17:57.125+0000] {processor.py:208} INFO - Processing /opt/airflow/dags/spark_airflow.py took 0.085 seconds
[2024-10-24T19:18:27.225+0000] {processor.py:186} INFO - Started process (PID=15431) to work on /opt/airflow/dags/spark_airflow.py
[2024-10-24T19:18:27.226+0000] {processor.py:914} INFO - Processing file /opt/airflow/dags/spark_airflow.py for tasks to queue
[2024-10-24T19:18:27.227+0000] {logging_mixin.py:190} INFO - [2024-10-24T19:18:27.227+0000] {dagbag.py:588} INFO - Filling up the DagBag from /opt/airflow/dags/spark_airflow.py
[2024-10-24T19:18:27.245+0000] {processor.py:925} INFO - DAG(s) 'sparking_flow' retrieved from /opt/airflow/dags/spark_airflow.py
[2024-10-24T19:18:27.272+0000] {logging_mixin.py:190} INFO - [2024-10-24T19:18:27.272+0000] {dag.py:3239} INFO - Sync 1 DAGs
[2024-10-24T19:18:27.293+0000] {logging_mixin.py:190} INFO - [2024-10-24T19:18:27.293+0000] {dag.py:4180} INFO - Setting next_dagrun for sparking_flow to 2024-10-24 00:00:00+00:00, run_after=2024-10-25 00:00:00+00:00
[2024-10-24T19:18:27.308+0000] {processor.py:208} INFO - Processing /opt/airflow/dags/spark_airflow.py took 0.089 seconds
[2024-10-24T19:18:57.464+0000] {processor.py:186} INFO - Started process (PID=15436) to work on /opt/airflow/dags/spark_airflow.py
[2024-10-24T19:18:57.466+0000] {processor.py:914} INFO - Processing file /opt/airflow/dags/spark_airflow.py for tasks to queue
[2024-10-24T19:18:57.468+0000] {logging_mixin.py:190} INFO - [2024-10-24T19:18:57.467+0000] {dagbag.py:588} INFO - Filling up the DagBag from /opt/airflow/dags/spark_airflow.py
[2024-10-24T19:18:57.486+0000] {processor.py:925} INFO - DAG(s) 'sparking_flow' retrieved from /opt/airflow/dags/spark_airflow.py
[2024-10-24T19:18:57.513+0000] {logging_mixin.py:190} INFO - [2024-10-24T19:18:57.512+0000] {dag.py:3239} INFO - Sync 1 DAGs
[2024-10-24T19:18:57.536+0000] {logging_mixin.py:190} INFO - [2024-10-24T19:18:57.536+0000] {dag.py:4180} INFO - Setting next_dagrun for sparking_flow to 2024-10-24 00:00:00+00:00, run_after=2024-10-25 00:00:00+00:00
[2024-10-24T19:18:57.554+0000] {processor.py:208} INFO - Processing /opt/airflow/dags/spark_airflow.py took 0.096 seconds
[2024-10-24T19:19:27.649+0000] {processor.py:186} INFO - Started process (PID=15441) to work on /opt/airflow/dags/spark_airflow.py
[2024-10-24T19:19:27.650+0000] {processor.py:914} INFO - Processing file /opt/airflow/dags/spark_airflow.py for tasks to queue
[2024-10-24T19:19:27.651+0000] {logging_mixin.py:190} INFO - [2024-10-24T19:19:27.650+0000] {dagbag.py:588} INFO - Filling up the DagBag from /opt/airflow/dags/spark_airflow.py
[2024-10-24T19:19:27.669+0000] {processor.py:925} INFO - DAG(s) 'sparking_flow' retrieved from /opt/airflow/dags/spark_airflow.py
[2024-10-24T19:19:27.695+0000] {logging_mixin.py:190} INFO - [2024-10-24T19:19:27.695+0000] {dag.py:3239} INFO - Sync 1 DAGs
[2024-10-24T19:19:27.717+0000] {logging_mixin.py:190} INFO - [2024-10-24T19:19:27.717+0000] {dag.py:4180} INFO - Setting next_dagrun for sparking_flow to 2024-10-24 00:00:00+00:00, run_after=2024-10-25 00:00:00+00:00
[2024-10-24T19:19:27.734+0000] {processor.py:208} INFO - Processing /opt/airflow/dags/spark_airflow.py took 0.091 seconds
[2024-10-24T19:19:57.895+0000] {processor.py:186} INFO - Started process (PID=15446) to work on /opt/airflow/dags/spark_airflow.py
[2024-10-24T19:19:57.896+0000] {processor.py:914} INFO - Processing file /opt/airflow/dags/spark_airflow.py for tasks to queue
[2024-10-24T19:19:57.897+0000] {logging_mixin.py:190} INFO - [2024-10-24T19:19:57.897+0000] {dagbag.py:588} INFO - Filling up the DagBag from /opt/airflow/dags/spark_airflow.py
[2024-10-24T19:19:57.913+0000] {processor.py:925} INFO - DAG(s) 'sparking_flow' retrieved from /opt/airflow/dags/spark_airflow.py
[2024-10-24T19:19:57.937+0000] {logging_mixin.py:190} INFO - [2024-10-24T19:19:57.937+0000] {dag.py:3239} INFO - Sync 1 DAGs
[2024-10-24T19:19:57.958+0000] {logging_mixin.py:190} INFO - [2024-10-24T19:19:57.958+0000] {dag.py:4180} INFO - Setting next_dagrun for sparking_flow to 2024-10-24 00:00:00+00:00, run_after=2024-10-25 00:00:00+00:00
[2024-10-24T19:19:57.976+0000] {processor.py:208} INFO - Processing /opt/airflow/dags/spark_airflow.py took 0.086 seconds
[2024-10-24T19:20:28.078+0000] {processor.py:186} INFO - Started process (PID=15451) to work on /opt/airflow/dags/spark_airflow.py
[2024-10-24T19:20:28.079+0000] {processor.py:914} INFO - Processing file /opt/airflow/dags/spark_airflow.py for tasks to queue
[2024-10-24T19:20:28.080+0000] {logging_mixin.py:190} INFO - [2024-10-24T19:20:28.080+0000] {dagbag.py:588} INFO - Filling up the DagBag from /opt/airflow/dags/spark_airflow.py
[2024-10-24T19:20:28.098+0000] {processor.py:925} INFO - DAG(s) 'sparking_flow' retrieved from /opt/airflow/dags/spark_airflow.py
[2024-10-24T19:20:28.124+0000] {logging_mixin.py:190} INFO - [2024-10-24T19:20:28.124+0000] {dag.py:3239} INFO - Sync 1 DAGs
[2024-10-24T19:20:28.147+0000] {logging_mixin.py:190} INFO - [2024-10-24T19:20:28.147+0000] {dag.py:4180} INFO - Setting next_dagrun for sparking_flow to 2024-10-24 00:00:00+00:00, run_after=2024-10-25 00:00:00+00:00
[2024-10-24T19:20:28.165+0000] {processor.py:208} INFO - Processing /opt/airflow/dags/spark_airflow.py took 0.094 seconds
[2024-10-24T19:20:58.312+0000] {processor.py:186} INFO - Started process (PID=15456) to work on /opt/airflow/dags/spark_airflow.py
[2024-10-24T19:20:58.313+0000] {processor.py:914} INFO - Processing file /opt/airflow/dags/spark_airflow.py for tasks to queue
[2024-10-24T19:20:58.315+0000] {logging_mixin.py:190} INFO - [2024-10-24T19:20:58.314+0000] {dagbag.py:588} INFO - Filling up the DagBag from /opt/airflow/dags/spark_airflow.py
[2024-10-24T19:20:58.332+0000] {processor.py:925} INFO - DAG(s) 'sparking_flow' retrieved from /opt/airflow/dags/spark_airflow.py
[2024-10-24T19:20:58.358+0000] {logging_mixin.py:190} INFO - [2024-10-24T19:20:58.358+0000] {dag.py:3239} INFO - Sync 1 DAGs
[2024-10-24T19:20:58.380+0000] {logging_mixin.py:190} INFO - [2024-10-24T19:20:58.380+0000] {dag.py:4180} INFO - Setting next_dagrun for sparking_flow to 2024-10-24 00:00:00+00:00, run_after=2024-10-25 00:00:00+00:00
[2024-10-24T19:20:58.397+0000] {processor.py:208} INFO - Processing /opt/airflow/dags/spark_airflow.py took 0.091 seconds
[2024-10-24T19:21:28.500+0000] {processor.py:186} INFO - Started process (PID=15461) to work on /opt/airflow/dags/spark_airflow.py
[2024-10-24T19:21:28.501+0000] {processor.py:914} INFO - Processing file /opt/airflow/dags/spark_airflow.py for tasks to queue
[2024-10-24T19:21:28.502+0000] {logging_mixin.py:190} INFO - [2024-10-24T19:21:28.502+0000] {dagbag.py:588} INFO - Filling up the DagBag from /opt/airflow/dags/spark_airflow.py
[2024-10-24T19:21:28.519+0000] {processor.py:925} INFO - DAG(s) 'sparking_flow' retrieved from /opt/airflow/dags/spark_airflow.py
[2024-10-24T19:21:28.547+0000] {logging_mixin.py:190} INFO - [2024-10-24T19:21:28.547+0000] {dag.py:3239} INFO - Sync 1 DAGs
[2024-10-24T19:21:28.568+0000] {logging_mixin.py:190} INFO - [2024-10-24T19:21:28.567+0000] {dag.py:4180} INFO - Setting next_dagrun for sparking_flow to 2024-10-24 00:00:00+00:00, run_after=2024-10-25 00:00:00+00:00
[2024-10-24T19:21:28.597+0000] {processor.py:208} INFO - Processing /opt/airflow/dags/spark_airflow.py took 0.102 seconds
[2024-10-24T19:21:58.753+0000] {processor.py:186} INFO - Started process (PID=15466) to work on /opt/airflow/dags/spark_airflow.py
[2024-10-24T19:21:58.754+0000] {processor.py:914} INFO - Processing file /opt/airflow/dags/spark_airflow.py for tasks to queue
[2024-10-24T19:21:58.755+0000] {logging_mixin.py:190} INFO - [2024-10-24T19:21:58.755+0000] {dagbag.py:588} INFO - Filling up the DagBag from /opt/airflow/dags/spark_airflow.py
[2024-10-24T19:21:58.773+0000] {processor.py:925} INFO - DAG(s) 'sparking_flow' retrieved from /opt/airflow/dags/spark_airflow.py
[2024-10-24T19:21:58.797+0000] {logging_mixin.py:190} INFO - [2024-10-24T19:21:58.796+0000] {dag.py:3239} INFO - Sync 1 DAGs
[2024-10-24T19:21:58.817+0000] {logging_mixin.py:190} INFO - [2024-10-24T19:21:58.817+0000] {dag.py:4180} INFO - Setting next_dagrun for sparking_flow to 2024-10-24 00:00:00+00:00, run_after=2024-10-25 00:00:00+00:00
[2024-10-24T19:21:58.832+0000] {processor.py:208} INFO - Processing /opt/airflow/dags/spark_airflow.py took 0.084 seconds
[2024-10-24T19:22:28.941+0000] {processor.py:186} INFO - Started process (PID=15471) to work on /opt/airflow/dags/spark_airflow.py
[2024-10-24T19:22:28.942+0000] {processor.py:914} INFO - Processing file /opt/airflow/dags/spark_airflow.py for tasks to queue
[2024-10-24T19:22:28.943+0000] {logging_mixin.py:190} INFO - [2024-10-24T19:22:28.943+0000] {dagbag.py:588} INFO - Filling up the DagBag from /opt/airflow/dags/spark_airflow.py
[2024-10-24T19:22:28.961+0000] {processor.py:925} INFO - DAG(s) 'sparking_flow' retrieved from /opt/airflow/dags/spark_airflow.py
[2024-10-24T19:22:28.987+0000] {logging_mixin.py:190} INFO - [2024-10-24T19:22:28.987+0000] {dag.py:3239} INFO - Sync 1 DAGs
[2024-10-24T19:22:29.009+0000] {logging_mixin.py:190} INFO - [2024-10-24T19:22:29.008+0000] {dag.py:4180} INFO - Setting next_dagrun for sparking_flow to 2024-10-24 00:00:00+00:00, run_after=2024-10-25 00:00:00+00:00
[2024-10-24T19:22:29.026+0000] {processor.py:208} INFO - Processing /opt/airflow/dags/spark_airflow.py took 0.091 seconds
[2024-10-24T19:22:59.169+0000] {processor.py:186} INFO - Started process (PID=15476) to work on /opt/airflow/dags/spark_airflow.py
[2024-10-24T19:22:59.169+0000] {processor.py:914} INFO - Processing file /opt/airflow/dags/spark_airflow.py for tasks to queue
[2024-10-24T19:22:59.171+0000] {logging_mixin.py:190} INFO - [2024-10-24T19:22:59.170+0000] {dagbag.py:588} INFO - Filling up the DagBag from /opt/airflow/dags/spark_airflow.py
[2024-10-24T19:22:59.188+0000] {processor.py:925} INFO - DAG(s) 'sparking_flow' retrieved from /opt/airflow/dags/spark_airflow.py
[2024-10-24T19:22:59.214+0000] {logging_mixin.py:190} INFO - [2024-10-24T19:22:59.213+0000] {dag.py:3239} INFO - Sync 1 DAGs
[2024-10-24T19:22:59.236+0000] {logging_mixin.py:190} INFO - [2024-10-24T19:22:59.236+0000] {dag.py:4180} INFO - Setting next_dagrun for sparking_flow to 2024-10-24 00:00:00+00:00, run_after=2024-10-25 00:00:00+00:00
[2024-10-24T19:22:59.255+0000] {processor.py:208} INFO - Processing /opt/airflow/dags/spark_airflow.py took 0.092 seconds
[2024-10-24T19:23:29.361+0000] {processor.py:186} INFO - Started process (PID=15481) to work on /opt/airflow/dags/spark_airflow.py
[2024-10-24T19:23:29.362+0000] {processor.py:914} INFO - Processing file /opt/airflow/dags/spark_airflow.py for tasks to queue
[2024-10-24T19:23:29.363+0000] {logging_mixin.py:190} INFO - [2024-10-24T19:23:29.363+0000] {dagbag.py:588} INFO - Filling up the DagBag from /opt/airflow/dags/spark_airflow.py
[2024-10-24T19:23:29.383+0000] {processor.py:925} INFO - DAG(s) 'sparking_flow' retrieved from /opt/airflow/dags/spark_airflow.py
[2024-10-24T19:23:29.408+0000] {logging_mixin.py:190} INFO - [2024-10-24T19:23:29.407+0000] {dag.py:3239} INFO - Sync 1 DAGs
[2024-10-24T19:23:29.428+0000] {logging_mixin.py:190} INFO - [2024-10-24T19:23:29.428+0000] {dag.py:4180} INFO - Setting next_dagrun for sparking_flow to 2024-10-24 00:00:00+00:00, run_after=2024-10-25 00:00:00+00:00
[2024-10-24T19:23:29.445+0000] {processor.py:208} INFO - Processing /opt/airflow/dags/spark_airflow.py took 0.090 seconds
[2024-10-24T19:23:59.589+0000] {processor.py:186} INFO - Started process (PID=15486) to work on /opt/airflow/dags/spark_airflow.py
[2024-10-24T19:23:59.590+0000] {processor.py:914} INFO - Processing file /opt/airflow/dags/spark_airflow.py for tasks to queue
[2024-10-24T19:23:59.591+0000] {logging_mixin.py:190} INFO - [2024-10-24T19:23:59.591+0000] {dagbag.py:588} INFO - Filling up the DagBag from /opt/airflow/dags/spark_airflow.py
[2024-10-24T19:23:59.609+0000] {processor.py:925} INFO - DAG(s) 'sparking_flow' retrieved from /opt/airflow/dags/spark_airflow.py
[2024-10-24T19:23:59.634+0000] {logging_mixin.py:190} INFO - [2024-10-24T19:23:59.634+0000] {dag.py:3239} INFO - Sync 1 DAGs
[2024-10-24T19:23:59.656+0000] {logging_mixin.py:190} INFO - [2024-10-24T19:23:59.655+0000] {dag.py:4180} INFO - Setting next_dagrun for sparking_flow to 2024-10-24 00:00:00+00:00, run_after=2024-10-25 00:00:00+00:00
[2024-10-24T19:23:59.674+0000] {processor.py:208} INFO - Processing /opt/airflow/dags/spark_airflow.py took 0.090 seconds
[2024-10-24T19:24:29.782+0000] {processor.py:186} INFO - Started process (PID=15491) to work on /opt/airflow/dags/spark_airflow.py
[2024-10-24T19:24:29.783+0000] {processor.py:914} INFO - Processing file /opt/airflow/dags/spark_airflow.py for tasks to queue
[2024-10-24T19:24:29.785+0000] {logging_mixin.py:190} INFO - [2024-10-24T19:24:29.785+0000] {dagbag.py:588} INFO - Filling up the DagBag from /opt/airflow/dags/spark_airflow.py
[2024-10-24T19:24:29.805+0000] {processor.py:925} INFO - DAG(s) 'sparking_flow' retrieved from /opt/airflow/dags/spark_airflow.py
[2024-10-24T19:24:29.831+0000] {logging_mixin.py:190} INFO - [2024-10-24T19:24:29.830+0000] {dag.py:3239} INFO - Sync 1 DAGs
[2024-10-24T19:24:29.852+0000] {logging_mixin.py:190} INFO - [2024-10-24T19:24:29.852+0000] {dag.py:4180} INFO - Setting next_dagrun for sparking_flow to 2024-10-24 00:00:00+00:00, run_after=2024-10-25 00:00:00+00:00
[2024-10-24T19:24:29.883+0000] {processor.py:208} INFO - Processing /opt/airflow/dags/spark_airflow.py took 0.107 seconds
[2024-10-24T19:25:00.006+0000] {processor.py:186} INFO - Started process (PID=15496) to work on /opt/airflow/dags/spark_airflow.py
[2024-10-24T19:25:00.007+0000] {processor.py:914} INFO - Processing file /opt/airflow/dags/spark_airflow.py for tasks to queue
[2024-10-24T19:25:00.009+0000] {logging_mixin.py:190} INFO - [2024-10-24T19:25:00.009+0000] {dagbag.py:588} INFO - Filling up the DagBag from /opt/airflow/dags/spark_airflow.py
[2024-10-24T19:25:00.029+0000] {processor.py:925} INFO - DAG(s) 'sparking_flow' retrieved from /opt/airflow/dags/spark_airflow.py
[2024-10-24T19:25:00.052+0000] {logging_mixin.py:190} INFO - [2024-10-24T19:25:00.052+0000] {dag.py:3239} INFO - Sync 1 DAGs
[2024-10-24T19:25:00.073+0000] {logging_mixin.py:190} INFO - [2024-10-24T19:25:00.073+0000] {dag.py:4180} INFO - Setting next_dagrun for sparking_flow to 2024-10-24 00:00:00+00:00, run_after=2024-10-25 00:00:00+00:00
[2024-10-24T19:25:00.089+0000] {processor.py:208} INFO - Processing /opt/airflow/dags/spark_airflow.py took 0.090 seconds
[2024-10-24T19:25:30.240+0000] {processor.py:186} INFO - Started process (PID=15501) to work on /opt/airflow/dags/spark_airflow.py
[2024-10-24T19:25:30.241+0000] {processor.py:914} INFO - Processing file /opt/airflow/dags/spark_airflow.py for tasks to queue
[2024-10-24T19:25:30.242+0000] {logging_mixin.py:190} INFO - [2024-10-24T19:25:30.241+0000] {dagbag.py:588} INFO - Filling up the DagBag from /opt/airflow/dags/spark_airflow.py
[2024-10-24T19:25:30.260+0000] {processor.py:925} INFO - DAG(s) 'sparking_flow' retrieved from /opt/airflow/dags/spark_airflow.py
[2024-10-24T19:25:30.285+0000] {logging_mixin.py:190} INFO - [2024-10-24T19:25:30.285+0000] {dag.py:3239} INFO - Sync 1 DAGs
[2024-10-24T19:25:30.308+0000] {logging_mixin.py:190} INFO - [2024-10-24T19:25:30.307+0000] {dag.py:4180} INFO - Setting next_dagrun for sparking_flow to 2024-10-24 00:00:00+00:00, run_after=2024-10-25 00:00:00+00:00
[2024-10-24T19:25:30.325+0000] {processor.py:208} INFO - Processing /opt/airflow/dags/spark_airflow.py took 0.090 seconds
[2024-10-24T19:26:00.428+0000] {processor.py:186} INFO - Started process (PID=15506) to work on /opt/airflow/dags/spark_airflow.py
[2024-10-24T19:26:00.429+0000] {processor.py:914} INFO - Processing file /opt/airflow/dags/spark_airflow.py for tasks to queue
[2024-10-24T19:26:00.430+0000] {logging_mixin.py:190} INFO - [2024-10-24T19:26:00.430+0000] {dagbag.py:588} INFO - Filling up the DagBag from /opt/airflow/dags/spark_airflow.py
[2024-10-24T19:26:00.449+0000] {processor.py:925} INFO - DAG(s) 'sparking_flow' retrieved from /opt/airflow/dags/spark_airflow.py
[2024-10-24T19:26:00.475+0000] {logging_mixin.py:190} INFO - [2024-10-24T19:26:00.474+0000] {dag.py:3239} INFO - Sync 1 DAGs
[2024-10-24T19:26:00.499+0000] {logging_mixin.py:190} INFO - [2024-10-24T19:26:00.499+0000] {dag.py:4180} INFO - Setting next_dagrun for sparking_flow to 2024-10-24 00:00:00+00:00, run_after=2024-10-25 00:00:00+00:00
[2024-10-24T19:26:00.531+0000] {processor.py:208} INFO - Processing /opt/airflow/dags/spark_airflow.py took 0.110 seconds
[2024-10-24T19:26:30.667+0000] {processor.py:186} INFO - Started process (PID=15511) to work on /opt/airflow/dags/spark_airflow.py
[2024-10-24T19:26:30.668+0000] {processor.py:914} INFO - Processing file /opt/airflow/dags/spark_airflow.py for tasks to queue
[2024-10-24T19:26:30.669+0000] {logging_mixin.py:190} INFO - [2024-10-24T19:26:30.669+0000] {dagbag.py:588} INFO - Filling up the DagBag from /opt/airflow/dags/spark_airflow.py
[2024-10-24T19:26:30.687+0000] {processor.py:925} INFO - DAG(s) 'sparking_flow' retrieved from /opt/airflow/dags/spark_airflow.py
[2024-10-24T19:26:30.710+0000] {logging_mixin.py:190} INFO - [2024-10-24T19:26:30.710+0000] {dag.py:3239} INFO - Sync 1 DAGs
[2024-10-24T19:26:30.732+0000] {logging_mixin.py:190} INFO - [2024-10-24T19:26:30.731+0000] {dag.py:4180} INFO - Setting next_dagrun for sparking_flow to 2024-10-24 00:00:00+00:00, run_after=2024-10-25 00:00:00+00:00
[2024-10-24T19:26:30.762+0000] {processor.py:208} INFO - Processing /opt/airflow/dags/spark_airflow.py took 0.102 seconds
[2024-10-24T19:27:00.904+0000] {processor.py:186} INFO - Started process (PID=15516) to work on /opt/airflow/dags/spark_airflow.py
[2024-10-24T19:27:00.905+0000] {processor.py:914} INFO - Processing file /opt/airflow/dags/spark_airflow.py for tasks to queue
[2024-10-24T19:27:00.906+0000] {logging_mixin.py:190} INFO - [2024-10-24T19:27:00.906+0000] {dagbag.py:588} INFO - Filling up the DagBag from /opt/airflow/dags/spark_airflow.py
[2024-10-24T19:27:00.926+0000] {processor.py:925} INFO - DAG(s) 'sparking_flow' retrieved from /opt/airflow/dags/spark_airflow.py
[2024-10-24T19:27:00.949+0000] {logging_mixin.py:190} INFO - [2024-10-24T19:27:00.949+0000] {dag.py:3239} INFO - Sync 1 DAGs
[2024-10-24T19:27:00.970+0000] {logging_mixin.py:190} INFO - [2024-10-24T19:27:00.970+0000] {dag.py:4180} INFO - Setting next_dagrun for sparking_flow to 2024-10-24 00:00:00+00:00, run_after=2024-10-25 00:00:00+00:00
[2024-10-24T19:27:00.989+0000] {processor.py:208} INFO - Processing /opt/airflow/dags/spark_airflow.py took 0.091 seconds
[2024-10-24T19:27:31.105+0000] {processor.py:186} INFO - Started process (PID=15521) to work on /opt/airflow/dags/spark_airflow.py
[2024-10-24T19:27:31.106+0000] {processor.py:914} INFO - Processing file /opt/airflow/dags/spark_airflow.py for tasks to queue
[2024-10-24T19:27:31.107+0000] {logging_mixin.py:190} INFO - [2024-10-24T19:27:31.107+0000] {dagbag.py:588} INFO - Filling up the DagBag from /opt/airflow/dags/spark_airflow.py
[2024-10-24T19:27:31.127+0000] {processor.py:925} INFO - DAG(s) 'sparking_flow' retrieved from /opt/airflow/dags/spark_airflow.py
[2024-10-24T19:27:31.151+0000] {logging_mixin.py:190} INFO - [2024-10-24T19:27:31.150+0000] {dag.py:3239} INFO - Sync 1 DAGs
[2024-10-24T19:27:31.170+0000] {logging_mixin.py:190} INFO - [2024-10-24T19:27:31.170+0000] {dag.py:4180} INFO - Setting next_dagrun for sparking_flow to 2024-10-24 00:00:00+00:00, run_after=2024-10-25 00:00:00+00:00
[2024-10-24T19:27:31.186+0000] {processor.py:208} INFO - Processing /opt/airflow/dags/spark_airflow.py took 0.087 seconds
[2024-10-24T19:28:01.337+0000] {processor.py:186} INFO - Started process (PID=15526) to work on /opt/airflow/dags/spark_airflow.py
[2024-10-24T19:28:01.338+0000] {processor.py:914} INFO - Processing file /opt/airflow/dags/spark_airflow.py for tasks to queue
[2024-10-24T19:28:01.339+0000] {logging_mixin.py:190} INFO - [2024-10-24T19:28:01.339+0000] {dagbag.py:588} INFO - Filling up the DagBag from /opt/airflow/dags/spark_airflow.py
[2024-10-24T19:28:01.356+0000] {processor.py:925} INFO - DAG(s) 'sparking_flow' retrieved from /opt/airflow/dags/spark_airflow.py
[2024-10-24T19:28:01.381+0000] {logging_mixin.py:190} INFO - [2024-10-24T19:28:01.381+0000] {dag.py:3239} INFO - Sync 1 DAGs
[2024-10-24T19:28:01.403+0000] {logging_mixin.py:190} INFO - [2024-10-24T19:28:01.403+0000] {dag.py:4180} INFO - Setting next_dagrun for sparking_flow to 2024-10-24 00:00:00+00:00, run_after=2024-10-25 00:00:00+00:00
[2024-10-24T19:28:01.420+0000] {processor.py:208} INFO - Processing /opt/airflow/dags/spark_airflow.py took 0.087 seconds
[2024-10-24T19:28:31.524+0000] {processor.py:186} INFO - Started process (PID=15531) to work on /opt/airflow/dags/spark_airflow.py
[2024-10-24T19:28:31.526+0000] {processor.py:914} INFO - Processing file /opt/airflow/dags/spark_airflow.py for tasks to queue
[2024-10-24T19:28:31.527+0000] {logging_mixin.py:190} INFO - [2024-10-24T19:28:31.527+0000] {dagbag.py:588} INFO - Filling up the DagBag from /opt/airflow/dags/spark_airflow.py
[2024-10-24T19:28:31.549+0000] {processor.py:925} INFO - DAG(s) 'sparking_flow' retrieved from /opt/airflow/dags/spark_airflow.py
[2024-10-24T19:28:31.574+0000] {logging_mixin.py:190} INFO - [2024-10-24T19:28:31.573+0000] {dag.py:3239} INFO - Sync 1 DAGs
[2024-10-24T19:28:31.594+0000] {logging_mixin.py:190} INFO - [2024-10-24T19:28:31.594+0000] {dag.py:4180} INFO - Setting next_dagrun for sparking_flow to 2024-10-24 00:00:00+00:00, run_after=2024-10-25 00:00:00+00:00
[2024-10-24T19:28:31.611+0000] {processor.py:208} INFO - Processing /opt/airflow/dags/spark_airflow.py took 0.093 seconds
[2024-10-24T19:29:01.754+0000] {processor.py:186} INFO - Started process (PID=15536) to work on /opt/airflow/dags/spark_airflow.py
[2024-10-24T19:29:01.755+0000] {processor.py:914} INFO - Processing file /opt/airflow/dags/spark_airflow.py for tasks to queue
[2024-10-24T19:29:01.756+0000] {logging_mixin.py:190} INFO - [2024-10-24T19:29:01.756+0000] {dagbag.py:588} INFO - Filling up the DagBag from /opt/airflow/dags/spark_airflow.py
[2024-10-24T19:29:01.773+0000] {processor.py:925} INFO - DAG(s) 'sparking_flow' retrieved from /opt/airflow/dags/spark_airflow.py
[2024-10-24T19:29:01.797+0000] {logging_mixin.py:190} INFO - [2024-10-24T19:29:01.797+0000] {dag.py:3239} INFO - Sync 1 DAGs
[2024-10-24T19:29:01.822+0000] {logging_mixin.py:190} INFO - [2024-10-24T19:29:01.822+0000] {dag.py:4180} INFO - Setting next_dagrun for sparking_flow to 2024-10-24 00:00:00+00:00, run_after=2024-10-25 00:00:00+00:00
[2024-10-24T19:29:01.842+0000] {processor.py:208} INFO - Processing /opt/airflow/dags/spark_airflow.py took 0.094 seconds
[2024-10-24T19:29:31.946+0000] {processor.py:186} INFO - Started process (PID=15541) to work on /opt/airflow/dags/spark_airflow.py
[2024-10-24T19:29:31.947+0000] {processor.py:914} INFO - Processing file /opt/airflow/dags/spark_airflow.py for tasks to queue
[2024-10-24T19:29:31.948+0000] {logging_mixin.py:190} INFO - [2024-10-24T19:29:31.948+0000] {dagbag.py:588} INFO - Filling up the DagBag from /opt/airflow/dags/spark_airflow.py
[2024-10-24T19:29:31.966+0000] {processor.py:925} INFO - DAG(s) 'sparking_flow' retrieved from /opt/airflow/dags/spark_airflow.py
[2024-10-24T19:29:31.993+0000] {logging_mixin.py:190} INFO - [2024-10-24T19:29:31.993+0000] {dag.py:3239} INFO - Sync 1 DAGs
[2024-10-24T19:29:32.016+0000] {logging_mixin.py:190} INFO - [2024-10-24T19:29:32.016+0000] {dag.py:4180} INFO - Setting next_dagrun for sparking_flow to 2024-10-24 00:00:00+00:00, run_after=2024-10-25 00:00:00+00:00
[2024-10-24T19:29:32.047+0000] {processor.py:208} INFO - Processing /opt/airflow/dags/spark_airflow.py took 0.107 seconds
[2024-10-24T19:30:02.175+0000] {processor.py:186} INFO - Started process (PID=15546) to work on /opt/airflow/dags/spark_airflow.py
[2024-10-24T19:30:02.176+0000] {processor.py:914} INFO - Processing file /opt/airflow/dags/spark_airflow.py for tasks to queue
[2024-10-24T19:30:02.177+0000] {logging_mixin.py:190} INFO - [2024-10-24T19:30:02.177+0000] {dagbag.py:588} INFO - Filling up the DagBag from /opt/airflow/dags/spark_airflow.py
[2024-10-24T19:30:02.195+0000] {processor.py:925} INFO - DAG(s) 'sparking_flow' retrieved from /opt/airflow/dags/spark_airflow.py
[2024-10-24T19:30:02.220+0000] {logging_mixin.py:190} INFO - [2024-10-24T19:30:02.220+0000] {dag.py:3239} INFO - Sync 1 DAGs
[2024-10-24T19:30:02.241+0000] {logging_mixin.py:190} INFO - [2024-10-24T19:30:02.241+0000] {dag.py:4180} INFO - Setting next_dagrun for sparking_flow to 2024-10-24 00:00:00+00:00, run_after=2024-10-25 00:00:00+00:00
[2024-10-24T19:30:02.257+0000] {processor.py:208} INFO - Processing /opt/airflow/dags/spark_airflow.py took 0.086 seconds
[2024-10-24T19:30:32.380+0000] {processor.py:186} INFO - Started process (PID=15551) to work on /opt/airflow/dags/spark_airflow.py
[2024-10-24T19:30:32.381+0000] {processor.py:914} INFO - Processing file /opt/airflow/dags/spark_airflow.py for tasks to queue
[2024-10-24T19:30:32.382+0000] {logging_mixin.py:190} INFO - [2024-10-24T19:30:32.381+0000] {dagbag.py:588} INFO - Filling up the DagBag from /opt/airflow/dags/spark_airflow.py
[2024-10-24T19:30:32.399+0000] {processor.py:925} INFO - DAG(s) 'sparking_flow' retrieved from /opt/airflow/dags/spark_airflow.py
[2024-10-24T19:30:32.424+0000] {logging_mixin.py:190} INFO - [2024-10-24T19:30:32.424+0000] {dag.py:3239} INFO - Sync 1 DAGs
[2024-10-24T19:30:32.446+0000] {logging_mixin.py:190} INFO - [2024-10-24T19:30:32.446+0000] {dag.py:4180} INFO - Setting next_dagrun for sparking_flow to 2024-10-24 00:00:00+00:00, run_after=2024-10-25 00:00:00+00:00
[2024-10-24T19:30:32.465+0000] {processor.py:208} INFO - Processing /opt/airflow/dags/spark_airflow.py took 0.090 seconds
[2024-10-24T19:31:02.585+0000] {processor.py:186} INFO - Started process (PID=15556) to work on /opt/airflow/dags/spark_airflow.py
[2024-10-24T19:31:02.586+0000] {processor.py:914} INFO - Processing file /opt/airflow/dags/spark_airflow.py for tasks to queue
[2024-10-24T19:31:02.587+0000] {logging_mixin.py:190} INFO - [2024-10-24T19:31:02.587+0000] {dagbag.py:588} INFO - Filling up the DagBag from /opt/airflow/dags/spark_airflow.py
[2024-10-24T19:31:02.605+0000] {processor.py:925} INFO - DAG(s) 'sparking_flow' retrieved from /opt/airflow/dags/spark_airflow.py
[2024-10-24T19:31:02.629+0000] {logging_mixin.py:190} INFO - [2024-10-24T19:31:02.629+0000] {dag.py:3239} INFO - Sync 1 DAGs
[2024-10-24T19:31:02.651+0000] {logging_mixin.py:190} INFO - [2024-10-24T19:31:02.650+0000] {dag.py:4180} INFO - Setting next_dagrun for sparking_flow to 2024-10-24 00:00:00+00:00, run_after=2024-10-25 00:00:00+00:00
[2024-10-24T19:31:02.668+0000] {processor.py:208} INFO - Processing /opt/airflow/dags/spark_airflow.py took 0.087 seconds
[2024-10-24T19:31:32.797+0000] {processor.py:186} INFO - Started process (PID=15561) to work on /opt/airflow/dags/spark_airflow.py
[2024-10-24T19:31:32.798+0000] {processor.py:914} INFO - Processing file /opt/airflow/dags/spark_airflow.py for tasks to queue
[2024-10-24T19:31:32.799+0000] {logging_mixin.py:190} INFO - [2024-10-24T19:31:32.799+0000] {dagbag.py:588} INFO - Filling up the DagBag from /opt/airflow/dags/spark_airflow.py
[2024-10-24T19:31:32.816+0000] {processor.py:925} INFO - DAG(s) 'sparking_flow' retrieved from /opt/airflow/dags/spark_airflow.py
[2024-10-24T19:31:32.841+0000] {logging_mixin.py:190} INFO - [2024-10-24T19:31:32.840+0000] {dag.py:3239} INFO - Sync 1 DAGs
[2024-10-24T19:31:32.862+0000] {logging_mixin.py:190} INFO - [2024-10-24T19:31:32.862+0000] {dag.py:4180} INFO - Setting next_dagrun for sparking_flow to 2024-10-24 00:00:00+00:00, run_after=2024-10-25 00:00:00+00:00
[2024-10-24T19:31:32.879+0000] {processor.py:208} INFO - Processing /opt/airflow/dags/spark_airflow.py took 0.089 seconds
[2024-10-24T19:32:03.028+0000] {processor.py:186} INFO - Started process (PID=15566) to work on /opt/airflow/dags/spark_airflow.py
[2024-10-24T19:32:03.029+0000] {processor.py:914} INFO - Processing file /opt/airflow/dags/spark_airflow.py for tasks to queue
[2024-10-24T19:32:03.031+0000] {logging_mixin.py:190} INFO - [2024-10-24T19:32:03.030+0000] {dagbag.py:588} INFO - Filling up the DagBag from /opt/airflow/dags/spark_airflow.py
[2024-10-24T19:32:03.048+0000] {processor.py:925} INFO - DAG(s) 'sparking_flow' retrieved from /opt/airflow/dags/spark_airflow.py
[2024-10-24T19:32:03.071+0000] {logging_mixin.py:190} INFO - [2024-10-24T19:32:03.071+0000] {dag.py:3239} INFO - Sync 1 DAGs
[2024-10-24T19:32:03.095+0000] {logging_mixin.py:190} INFO - [2024-10-24T19:32:03.095+0000] {dag.py:4180} INFO - Setting next_dagrun for sparking_flow to 2024-10-24 00:00:00+00:00, run_after=2024-10-25 00:00:00+00:00
[2024-10-24T19:32:03.112+0000] {processor.py:208} INFO - Processing /opt/airflow/dags/spark_airflow.py took 0.088 seconds
[2024-10-24T19:32:33.214+0000] {processor.py:186} INFO - Started process (PID=15571) to work on /opt/airflow/dags/spark_airflow.py
[2024-10-24T19:32:33.214+0000] {processor.py:914} INFO - Processing file /opt/airflow/dags/spark_airflow.py for tasks to queue
[2024-10-24T19:32:33.215+0000] {logging_mixin.py:190} INFO - [2024-10-24T19:32:33.215+0000] {dagbag.py:588} INFO - Filling up the DagBag from /opt/airflow/dags/spark_airflow.py
[2024-10-24T19:32:33.231+0000] {processor.py:925} INFO - DAG(s) 'sparking_flow' retrieved from /opt/airflow/dags/spark_airflow.py
[2024-10-24T19:32:33.256+0000] {logging_mixin.py:190} INFO - [2024-10-24T19:32:33.256+0000] {dag.py:3239} INFO - Sync 1 DAGs
[2024-10-24T19:32:33.278+0000] {logging_mixin.py:190} INFO - [2024-10-24T19:32:33.278+0000] {dag.py:4180} INFO - Setting next_dagrun for sparking_flow to 2024-10-24 00:00:00+00:00, run_after=2024-10-25 00:00:00+00:00
[2024-10-24T19:32:33.295+0000] {processor.py:208} INFO - Processing /opt/airflow/dags/spark_airflow.py took 0.088 seconds
[2024-10-24T19:33:03.445+0000] {processor.py:186} INFO - Started process (PID=15576) to work on /opt/airflow/dags/spark_airflow.py
[2024-10-24T19:33:03.446+0000] {processor.py:914} INFO - Processing file /opt/airflow/dags/spark_airflow.py for tasks to queue
[2024-10-24T19:33:03.447+0000] {logging_mixin.py:190} INFO - [2024-10-24T19:33:03.446+0000] {dagbag.py:588} INFO - Filling up the DagBag from /opt/airflow/dags/spark_airflow.py
[2024-10-24T19:33:03.464+0000] {processor.py:925} INFO - DAG(s) 'sparking_flow' retrieved from /opt/airflow/dags/spark_airflow.py
[2024-10-24T19:33:03.489+0000] {logging_mixin.py:190} INFO - [2024-10-24T19:33:03.488+0000] {dag.py:3239} INFO - Sync 1 DAGs
[2024-10-24T19:33:03.510+0000] {logging_mixin.py:190} INFO - [2024-10-24T19:33:03.510+0000] {dag.py:4180} INFO - Setting next_dagrun for sparking_flow to 2024-10-24 00:00:00+00:00, run_after=2024-10-25 00:00:00+00:00
[2024-10-24T19:33:03.526+0000] {processor.py:208} INFO - Processing /opt/airflow/dags/spark_airflow.py took 0.087 seconds
[2024-10-24T19:33:33.633+0000] {processor.py:186} INFO - Started process (PID=15581) to work on /opt/airflow/dags/spark_airflow.py
[2024-10-24T19:33:33.634+0000] {processor.py:914} INFO - Processing file /opt/airflow/dags/spark_airflow.py for tasks to queue
[2024-10-24T19:33:33.635+0000] {logging_mixin.py:190} INFO - [2024-10-24T19:33:33.635+0000] {dagbag.py:588} INFO - Filling up the DagBag from /opt/airflow/dags/spark_airflow.py
[2024-10-24T19:33:33.655+0000] {processor.py:925} INFO - DAG(s) 'sparking_flow' retrieved from /opt/airflow/dags/spark_airflow.py
[2024-10-24T19:33:33.682+0000] {logging_mixin.py:190} INFO - [2024-10-24T19:33:33.682+0000] {dag.py:3239} INFO - Sync 1 DAGs
[2024-10-24T19:33:33.705+0000] {logging_mixin.py:190} INFO - [2024-10-24T19:33:33.704+0000] {dag.py:4180} INFO - Setting next_dagrun for sparking_flow to 2024-10-24 00:00:00+00:00, run_after=2024-10-25 00:00:00+00:00
[2024-10-24T19:33:33.721+0000] {processor.py:208} INFO - Processing /opt/airflow/dags/spark_airflow.py took 0.095 seconds
[2024-10-24T19:34:03.860+0000] {processor.py:186} INFO - Started process (PID=15586) to work on /opt/airflow/dags/spark_airflow.py
[2024-10-24T19:34:03.861+0000] {processor.py:914} INFO - Processing file /opt/airflow/dags/spark_airflow.py for tasks to queue
[2024-10-24T19:34:03.862+0000] {logging_mixin.py:190} INFO - [2024-10-24T19:34:03.862+0000] {dagbag.py:588} INFO - Filling up the DagBag from /opt/airflow/dags/spark_airflow.py
[2024-10-24T19:34:03.879+0000] {processor.py:925} INFO - DAG(s) 'sparking_flow' retrieved from /opt/airflow/dags/spark_airflow.py
[2024-10-24T19:34:03.902+0000] {logging_mixin.py:190} INFO - [2024-10-24T19:34:03.902+0000] {dag.py:3239} INFO - Sync 1 DAGs
[2024-10-24T19:34:03.923+0000] {logging_mixin.py:190} INFO - [2024-10-24T19:34:03.923+0000] {dag.py:4180} INFO - Setting next_dagrun for sparking_flow to 2024-10-24 00:00:00+00:00, run_after=2024-10-25 00:00:00+00:00
[2024-10-24T19:34:03.940+0000] {processor.py:208} INFO - Processing /opt/airflow/dags/spark_airflow.py took 0.084 seconds
[2024-10-24T19:34:34.056+0000] {processor.py:186} INFO - Started process (PID=15591) to work on /opt/airflow/dags/spark_airflow.py
[2024-10-24T19:34:34.058+0000] {processor.py:914} INFO - Processing file /opt/airflow/dags/spark_airflow.py for tasks to queue
[2024-10-24T19:34:34.059+0000] {logging_mixin.py:190} INFO - [2024-10-24T19:34:34.059+0000] {dagbag.py:588} INFO - Filling up the DagBag from /opt/airflow/dags/spark_airflow.py
[2024-10-24T19:34:34.079+0000] {processor.py:925} INFO - DAG(s) 'sparking_flow' retrieved from /opt/airflow/dags/spark_airflow.py
[2024-10-24T19:34:34.103+0000] {logging_mixin.py:190} INFO - [2024-10-24T19:34:34.103+0000] {dag.py:3239} INFO - Sync 1 DAGs
[2024-10-24T19:34:34.126+0000] {logging_mixin.py:190} INFO - [2024-10-24T19:34:34.125+0000] {dag.py:4180} INFO - Setting next_dagrun for sparking_flow to 2024-10-24 00:00:00+00:00, run_after=2024-10-25 00:00:00+00:00
[2024-10-24T19:34:34.142+0000] {processor.py:208} INFO - Processing /opt/airflow/dags/spark_airflow.py took 0.092 seconds
[2024-10-24T19:35:04.269+0000] {processor.py:186} INFO - Started process (PID=15596) to work on /opt/airflow/dags/spark_airflow.py
[2024-10-24T19:35:04.270+0000] {processor.py:914} INFO - Processing file /opt/airflow/dags/spark_airflow.py for tasks to queue
[2024-10-24T19:35:04.271+0000] {logging_mixin.py:190} INFO - [2024-10-24T19:35:04.271+0000] {dagbag.py:588} INFO - Filling up the DagBag from /opt/airflow/dags/spark_airflow.py
[2024-10-24T19:35:04.289+0000] {processor.py:925} INFO - DAG(s) 'sparking_flow' retrieved from /opt/airflow/dags/spark_airflow.py
[2024-10-24T19:35:04.315+0000] {logging_mixin.py:190} INFO - [2024-10-24T19:35:04.314+0000] {dag.py:3239} INFO - Sync 1 DAGs
[2024-10-24T19:35:04.337+0000] {logging_mixin.py:190} INFO - [2024-10-24T19:35:04.337+0000] {dag.py:4180} INFO - Setting next_dagrun for sparking_flow to 2024-10-24 00:00:00+00:00, run_after=2024-10-25 00:00:00+00:00
[2024-10-24T19:35:04.354+0000] {processor.py:208} INFO - Processing /opt/airflow/dags/spark_airflow.py took 0.090 seconds
[2024-10-24T19:35:34.471+0000] {processor.py:186} INFO - Started process (PID=15601) to work on /opt/airflow/dags/spark_airflow.py
[2024-10-24T19:35:34.472+0000] {processor.py:914} INFO - Processing file /opt/airflow/dags/spark_airflow.py for tasks to queue
[2024-10-24T19:35:34.473+0000] {logging_mixin.py:190} INFO - [2024-10-24T19:35:34.472+0000] {dagbag.py:588} INFO - Filling up the DagBag from /opt/airflow/dags/spark_airflow.py
[2024-10-24T19:35:34.489+0000] {processor.py:925} INFO - DAG(s) 'sparking_flow' retrieved from /opt/airflow/dags/spark_airflow.py
[2024-10-24T19:35:34.514+0000] {logging_mixin.py:190} INFO - [2024-10-24T19:35:34.514+0000] {dag.py:3239} INFO - Sync 1 DAGs
[2024-10-24T19:35:34.536+0000] {logging_mixin.py:190} INFO - [2024-10-24T19:35:34.535+0000] {dag.py:4180} INFO - Setting next_dagrun for sparking_flow to 2024-10-24 00:00:00+00:00, run_after=2024-10-25 00:00:00+00:00
[2024-10-24T19:35:34.553+0000] {processor.py:208} INFO - Processing /opt/airflow/dags/spark_airflow.py took 0.087 seconds
[2024-10-24T19:36:04.686+0000] {processor.py:186} INFO - Started process (PID=15606) to work on /opt/airflow/dags/spark_airflow.py
[2024-10-24T19:36:04.687+0000] {processor.py:914} INFO - Processing file /opt/airflow/dags/spark_airflow.py for tasks to queue
[2024-10-24T19:36:04.688+0000] {logging_mixin.py:190} INFO - [2024-10-24T19:36:04.688+0000] {dagbag.py:588} INFO - Filling up the DagBag from /opt/airflow/dags/spark_airflow.py
[2024-10-24T19:36:04.705+0000] {processor.py:925} INFO - DAG(s) 'sparking_flow' retrieved from /opt/airflow/dags/spark_airflow.py
[2024-10-24T19:36:04.730+0000] {logging_mixin.py:190} INFO - [2024-10-24T19:36:04.730+0000] {dag.py:3239} INFO - Sync 1 DAGs
[2024-10-24T19:36:04.753+0000] {logging_mixin.py:190} INFO - [2024-10-24T19:36:04.753+0000] {dag.py:4180} INFO - Setting next_dagrun for sparking_flow to 2024-10-24 00:00:00+00:00, run_after=2024-10-25 00:00:00+00:00
[2024-10-24T19:36:04.783+0000] {processor.py:208} INFO - Processing /opt/airflow/dags/spark_airflow.py took 0.104 seconds
[2024-10-24T19:36:34.883+0000] {processor.py:186} INFO - Started process (PID=15611) to work on /opt/airflow/dags/spark_airflow.py
[2024-10-24T19:36:34.884+0000] {processor.py:914} INFO - Processing file /opt/airflow/dags/spark_airflow.py for tasks to queue
[2024-10-24T19:36:34.885+0000] {logging_mixin.py:190} INFO - [2024-10-24T19:36:34.885+0000] {dagbag.py:588} INFO - Filling up the DagBag from /opt/airflow/dags/spark_airflow.py
[2024-10-24T19:36:34.903+0000] {processor.py:925} INFO - DAG(s) 'sparking_flow' retrieved from /opt/airflow/dags/spark_airflow.py
[2024-10-24T19:36:34.929+0000] {logging_mixin.py:190} INFO - [2024-10-24T19:36:34.929+0000] {dag.py:3239} INFO - Sync 1 DAGs
[2024-10-24T19:36:34.950+0000] {logging_mixin.py:190} INFO - [2024-10-24T19:36:34.950+0000] {dag.py:4180} INFO - Setting next_dagrun for sparking_flow to 2024-10-24 00:00:00+00:00, run_after=2024-10-25 00:00:00+00:00
[2024-10-24T19:36:34.967+0000] {processor.py:208} INFO - Processing /opt/airflow/dags/spark_airflow.py took 0.091 seconds
[2024-10-24T19:37:05.142+0000] {processor.py:186} INFO - Started process (PID=15616) to work on /opt/airflow/dags/spark_airflow.py
[2024-10-24T19:37:05.142+0000] {processor.py:914} INFO - Processing file /opt/airflow/dags/spark_airflow.py for tasks to queue
[2024-10-24T19:37:05.143+0000] {logging_mixin.py:190} INFO - [2024-10-24T19:37:05.143+0000] {dagbag.py:588} INFO - Filling up the DagBag from /opt/airflow/dags/spark_airflow.py
[2024-10-24T19:37:05.159+0000] {processor.py:925} INFO - DAG(s) 'sparking_flow' retrieved from /opt/airflow/dags/spark_airflow.py
[2024-10-24T19:37:05.184+0000] {logging_mixin.py:190} INFO - [2024-10-24T19:37:05.183+0000] {dag.py:3239} INFO - Sync 1 DAGs
[2024-10-24T19:37:05.205+0000] {logging_mixin.py:190} INFO - [2024-10-24T19:37:05.205+0000] {dag.py:4180} INFO - Setting next_dagrun for sparking_flow to 2024-10-24 00:00:00+00:00, run_after=2024-10-25 00:00:00+00:00
[2024-10-24T19:37:05.225+0000] {processor.py:208} INFO - Processing /opt/airflow/dags/spark_airflow.py took 0.088 seconds
[2024-10-24T19:37:35.323+0000] {processor.py:186} INFO - Started process (PID=15621) to work on /opt/airflow/dags/spark_airflow.py
[2024-10-24T19:37:35.323+0000] {processor.py:914} INFO - Processing file /opt/airflow/dags/spark_airflow.py for tasks to queue
[2024-10-24T19:37:35.324+0000] {logging_mixin.py:190} INFO - [2024-10-24T19:37:35.324+0000] {dagbag.py:588} INFO - Filling up the DagBag from /opt/airflow/dags/spark_airflow.py
[2024-10-24T19:37:35.342+0000] {processor.py:925} INFO - DAG(s) 'sparking_flow' retrieved from /opt/airflow/dags/spark_airflow.py
[2024-10-24T19:37:35.366+0000] {logging_mixin.py:190} INFO - [2024-10-24T19:37:35.366+0000] {dag.py:3239} INFO - Sync 1 DAGs
[2024-10-24T19:37:35.387+0000] {logging_mixin.py:190} INFO - [2024-10-24T19:37:35.387+0000] {dag.py:4180} INFO - Setting next_dagrun for sparking_flow to 2024-10-24 00:00:00+00:00, run_after=2024-10-25 00:00:00+00:00
[2024-10-24T19:37:35.403+0000] {processor.py:208} INFO - Processing /opt/airflow/dags/spark_airflow.py took 0.085 seconds
[2024-10-24T19:38:05.557+0000] {processor.py:186} INFO - Started process (PID=15626) to work on /opt/airflow/dags/spark_airflow.py
[2024-10-24T19:38:05.558+0000] {processor.py:914} INFO - Processing file /opt/airflow/dags/spark_airflow.py for tasks to queue
[2024-10-24T19:38:05.559+0000] {logging_mixin.py:190} INFO - [2024-10-24T19:38:05.559+0000] {dagbag.py:588} INFO - Filling up the DagBag from /opt/airflow/dags/spark_airflow.py
[2024-10-24T19:38:05.574+0000] {processor.py:925} INFO - DAG(s) 'sparking_flow' retrieved from /opt/airflow/dags/spark_airflow.py
[2024-10-24T19:38:05.601+0000] {logging_mixin.py:190} INFO - [2024-10-24T19:38:05.601+0000] {dag.py:3239} INFO - Sync 1 DAGs
[2024-10-24T19:38:05.626+0000] {logging_mixin.py:190} INFO - [2024-10-24T19:38:05.625+0000] {dag.py:4180} INFO - Setting next_dagrun for sparking_flow to 2024-10-24 00:00:00+00:00, run_after=2024-10-25 00:00:00+00:00
[2024-10-24T19:38:05.644+0000] {processor.py:208} INFO - Processing /opt/airflow/dags/spark_airflow.py took 0.091 seconds
[2024-10-24T19:38:35.738+0000] {processor.py:186} INFO - Started process (PID=15631) to work on /opt/airflow/dags/spark_airflow.py
[2024-10-24T19:38:35.739+0000] {processor.py:914} INFO - Processing file /opt/airflow/dags/spark_airflow.py for tasks to queue
[2024-10-24T19:38:35.740+0000] {logging_mixin.py:190} INFO - [2024-10-24T19:38:35.740+0000] {dagbag.py:588} INFO - Filling up the DagBag from /opt/airflow/dags/spark_airflow.py
[2024-10-24T19:38:35.760+0000] {processor.py:925} INFO - DAG(s) 'sparking_flow' retrieved from /opt/airflow/dags/spark_airflow.py
[2024-10-24T19:38:35.787+0000] {logging_mixin.py:190} INFO - [2024-10-24T19:38:35.787+0000] {dag.py:3239} INFO - Sync 1 DAGs
[2024-10-24T19:38:35.809+0000] {logging_mixin.py:190} INFO - [2024-10-24T19:38:35.809+0000] {dag.py:4180} INFO - Setting next_dagrun for sparking_flow to 2024-10-24 00:00:00+00:00, run_after=2024-10-25 00:00:00+00:00
[2024-10-24T19:38:35.827+0000] {processor.py:208} INFO - Processing /opt/airflow/dags/spark_airflow.py took 0.095 seconds
[2024-10-24T19:39:05.974+0000] {processor.py:186} INFO - Started process (PID=15636) to work on /opt/airflow/dags/spark_airflow.py
[2024-10-24T19:39:05.974+0000] {processor.py:914} INFO - Processing file /opt/airflow/dags/spark_airflow.py for tasks to queue
[2024-10-24T19:39:05.975+0000] {logging_mixin.py:190} INFO - [2024-10-24T19:39:05.975+0000] {dagbag.py:588} INFO - Filling up the DagBag from /opt/airflow/dags/spark_airflow.py
[2024-10-24T19:39:05.993+0000] {processor.py:925} INFO - DAG(s) 'sparking_flow' retrieved from /opt/airflow/dags/spark_airflow.py
[2024-10-24T19:39:06.016+0000] {logging_mixin.py:190} INFO - [2024-10-24T19:39:06.016+0000] {dag.py:3239} INFO - Sync 1 DAGs
[2024-10-24T19:39:06.036+0000] {logging_mixin.py:190} INFO - [2024-10-24T19:39:06.036+0000] {dag.py:4180} INFO - Setting next_dagrun for sparking_flow to 2024-10-24 00:00:00+00:00, run_after=2024-10-25 00:00:00+00:00
[2024-10-24T19:39:06.052+0000] {processor.py:208} INFO - Processing /opt/airflow/dags/spark_airflow.py took 0.083 seconds
[2024-10-24T19:39:36.159+0000] {processor.py:186} INFO - Started process (PID=15641) to work on /opt/airflow/dags/spark_airflow.py
[2024-10-24T19:39:36.159+0000] {processor.py:914} INFO - Processing file /opt/airflow/dags/spark_airflow.py for tasks to queue
[2024-10-24T19:39:36.161+0000] {logging_mixin.py:190} INFO - [2024-10-24T19:39:36.160+0000] {dagbag.py:588} INFO - Filling up the DagBag from /opt/airflow/dags/spark_airflow.py
[2024-10-24T19:39:36.179+0000] {processor.py:925} INFO - DAG(s) 'sparking_flow' retrieved from /opt/airflow/dags/spark_airflow.py
[2024-10-24T19:39:36.205+0000] {logging_mixin.py:190} INFO - [2024-10-24T19:39:36.205+0000] {dag.py:3239} INFO - Sync 1 DAGs
[2024-10-24T19:39:36.227+0000] {logging_mixin.py:190} INFO - [2024-10-24T19:39:36.227+0000] {dag.py:4180} INFO - Setting next_dagrun for sparking_flow to 2024-10-24 00:00:00+00:00, run_after=2024-10-25 00:00:00+00:00
[2024-10-24T19:39:36.245+0000] {processor.py:208} INFO - Processing /opt/airflow/dags/spark_airflow.py took 0.092 seconds
[2024-10-24T19:40:06.385+0000] {processor.py:186} INFO - Started process (PID=15646) to work on /opt/airflow/dags/spark_airflow.py
[2024-10-24T19:40:06.386+0000] {processor.py:914} INFO - Processing file /opt/airflow/dags/spark_airflow.py for tasks to queue
[2024-10-24T19:40:06.388+0000] {logging_mixin.py:190} INFO - [2024-10-24T19:40:06.387+0000] {dagbag.py:588} INFO - Filling up the DagBag from /opt/airflow/dags/spark_airflow.py
[2024-10-24T19:40:06.404+0000] {processor.py:925} INFO - DAG(s) 'sparking_flow' retrieved from /opt/airflow/dags/spark_airflow.py
[2024-10-24T19:40:06.430+0000] {logging_mixin.py:190} INFO - [2024-10-24T19:40:06.429+0000] {dag.py:3239} INFO - Sync 1 DAGs
[2024-10-24T19:40:06.453+0000] {logging_mixin.py:190} INFO - [2024-10-24T19:40:06.453+0000] {dag.py:4180} INFO - Setting next_dagrun for sparking_flow to 2024-10-24 00:00:00+00:00, run_after=2024-10-25 00:00:00+00:00
[2024-10-24T19:40:06.470+0000] {processor.py:208} INFO - Processing /opt/airflow/dags/spark_airflow.py took 0.089 seconds
[2024-10-24T19:40:36.582+0000] {processor.py:186} INFO - Started process (PID=15651) to work on /opt/airflow/dags/spark_airflow.py
[2024-10-24T19:40:36.583+0000] {processor.py:914} INFO - Processing file /opt/airflow/dags/spark_airflow.py for tasks to queue
[2024-10-24T19:40:36.584+0000] {logging_mixin.py:190} INFO - [2024-10-24T19:40:36.584+0000] {dagbag.py:588} INFO - Filling up the DagBag from /opt/airflow/dags/spark_airflow.py
[2024-10-24T19:40:36.602+0000] {processor.py:925} INFO - DAG(s) 'sparking_flow' retrieved from /opt/airflow/dags/spark_airflow.py
[2024-10-24T19:40:36.628+0000] {logging_mixin.py:190} INFO - [2024-10-24T19:40:36.628+0000] {dag.py:3239} INFO - Sync 1 DAGs
[2024-10-24T19:40:36.652+0000] {logging_mixin.py:190} INFO - [2024-10-24T19:40:36.652+0000] {dag.py:4180} INFO - Setting next_dagrun for sparking_flow to 2024-10-24 00:00:00+00:00, run_after=2024-10-25 00:00:00+00:00
[2024-10-24T19:40:36.669+0000] {processor.py:208} INFO - Processing /opt/airflow/dags/spark_airflow.py took 0.093 seconds
[2024-10-24T19:41:06.810+0000] {processor.py:186} INFO - Started process (PID=15656) to work on /opt/airflow/dags/spark_airflow.py
[2024-10-24T19:41:06.811+0000] {processor.py:914} INFO - Processing file /opt/airflow/dags/spark_airflow.py for tasks to queue
[2024-10-24T19:41:06.812+0000] {logging_mixin.py:190} INFO - [2024-10-24T19:41:06.812+0000] {dagbag.py:588} INFO - Filling up the DagBag from /opt/airflow/dags/spark_airflow.py
[2024-10-24T19:41:06.830+0000] {processor.py:925} INFO - DAG(s) 'sparking_flow' retrieved from /opt/airflow/dags/spark_airflow.py
[2024-10-24T19:41:06.856+0000] {logging_mixin.py:190} INFO - [2024-10-24T19:41:06.856+0000] {dag.py:3239} INFO - Sync 1 DAGs
[2024-10-24T19:41:06.880+0000] {logging_mixin.py:190} INFO - [2024-10-24T19:41:06.879+0000] {dag.py:4180} INFO - Setting next_dagrun for sparking_flow to 2024-10-24 00:00:00+00:00, run_after=2024-10-25 00:00:00+00:00
[2024-10-24T19:41:06.895+0000] {processor.py:208} INFO - Processing /opt/airflow/dags/spark_airflow.py took 0.090 seconds
[2024-10-24T19:41:37.006+0000] {processor.py:186} INFO - Started process (PID=15661) to work on /opt/airflow/dags/spark_airflow.py
[2024-10-24T19:41:37.007+0000] {processor.py:914} INFO - Processing file /opt/airflow/dags/spark_airflow.py for tasks to queue
[2024-10-24T19:41:37.008+0000] {logging_mixin.py:190} INFO - [2024-10-24T19:41:37.007+0000] {dagbag.py:588} INFO - Filling up the DagBag from /opt/airflow/dags/spark_airflow.py
[2024-10-24T19:41:37.023+0000] {processor.py:925} INFO - DAG(s) 'sparking_flow' retrieved from /opt/airflow/dags/spark_airflow.py
[2024-10-24T19:41:37.062+0000] {logging_mixin.py:190} INFO - [2024-10-24T19:41:37.062+0000] {dag.py:3239} INFO - Sync 1 DAGs
[2024-10-24T19:41:37.084+0000] {logging_mixin.py:190} INFO - [2024-10-24T19:41:37.084+0000] {dag.py:4180} INFO - Setting next_dagrun for sparking_flow to 2024-10-24 00:00:00+00:00, run_after=2024-10-25 00:00:00+00:00
[2024-10-24T19:41:37.100+0000] {processor.py:208} INFO - Processing /opt/airflow/dags/spark_airflow.py took 0.099 seconds
[2024-10-24T19:42:07.257+0000] {processor.py:186} INFO - Started process (PID=15666) to work on /opt/airflow/dags/spark_airflow.py
[2024-10-24T19:42:07.258+0000] {processor.py:914} INFO - Processing file /opt/airflow/dags/spark_airflow.py for tasks to queue
[2024-10-24T19:42:07.259+0000] {logging_mixin.py:190} INFO - [2024-10-24T19:42:07.258+0000] {dagbag.py:588} INFO - Filling up the DagBag from /opt/airflow/dags/spark_airflow.py
[2024-10-24T19:42:07.276+0000] {processor.py:925} INFO - DAG(s) 'sparking_flow' retrieved from /opt/airflow/dags/spark_airflow.py
[2024-10-24T19:42:07.299+0000] {logging_mixin.py:190} INFO - [2024-10-24T19:42:07.299+0000] {dag.py:3239} INFO - Sync 1 DAGs
[2024-10-24T19:42:07.320+0000] {logging_mixin.py:190} INFO - [2024-10-24T19:42:07.320+0000] {dag.py:4180} INFO - Setting next_dagrun for sparking_flow to 2024-10-24 00:00:00+00:00, run_after=2024-10-25 00:00:00+00:00
[2024-10-24T19:42:07.336+0000] {processor.py:208} INFO - Processing /opt/airflow/dags/spark_airflow.py took 0.084 seconds
[2024-10-24T19:42:37.439+0000] {processor.py:186} INFO - Started process (PID=15671) to work on /opt/airflow/dags/spark_airflow.py
[2024-10-24T19:42:37.441+0000] {processor.py:914} INFO - Processing file /opt/airflow/dags/spark_airflow.py for tasks to queue
[2024-10-24T19:42:37.442+0000] {logging_mixin.py:190} INFO - [2024-10-24T19:42:37.442+0000] {dagbag.py:588} INFO - Filling up the DagBag from /opt/airflow/dags/spark_airflow.py
[2024-10-24T19:42:37.460+0000] {processor.py:925} INFO - DAG(s) 'sparking_flow' retrieved from /opt/airflow/dags/spark_airflow.py
[2024-10-24T19:42:37.486+0000] {logging_mixin.py:190} INFO - [2024-10-24T19:42:37.485+0000] {dag.py:3239} INFO - Sync 1 DAGs
[2024-10-24T19:42:37.508+0000] {logging_mixin.py:190} INFO - [2024-10-24T19:42:37.507+0000] {dag.py:4180} INFO - Setting next_dagrun for sparking_flow to 2024-10-24 00:00:00+00:00, run_after=2024-10-25 00:00:00+00:00
[2024-10-24T19:42:37.539+0000] {processor.py:208} INFO - Processing /opt/airflow/dags/spark_airflow.py took 0.106 seconds
[2024-10-24T19:43:07.679+0000] {processor.py:186} INFO - Started process (PID=15676) to work on /opt/airflow/dags/spark_airflow.py
[2024-10-24T19:43:07.680+0000] {processor.py:914} INFO - Processing file /opt/airflow/dags/spark_airflow.py for tasks to queue
[2024-10-24T19:43:07.682+0000] {logging_mixin.py:190} INFO - [2024-10-24T19:43:07.681+0000] {dagbag.py:588} INFO - Filling up the DagBag from /opt/airflow/dags/spark_airflow.py
[2024-10-24T19:43:07.700+0000] {processor.py:925} INFO - DAG(s) 'sparking_flow' retrieved from /opt/airflow/dags/spark_airflow.py
[2024-10-24T19:43:07.725+0000] {logging_mixin.py:190} INFO - [2024-10-24T19:43:07.725+0000] {dag.py:3239} INFO - Sync 1 DAGs
[2024-10-24T19:43:07.748+0000] {logging_mixin.py:190} INFO - [2024-10-24T19:43:07.747+0000] {dag.py:4180} INFO - Setting next_dagrun for sparking_flow to 2024-10-24 00:00:00+00:00, run_after=2024-10-25 00:00:00+00:00
[2024-10-24T19:43:07.764+0000] {processor.py:208} INFO - Processing /opt/airflow/dags/spark_airflow.py took 0.090 seconds
[2024-10-24T19:43:37.872+0000] {processor.py:186} INFO - Started process (PID=15681) to work on /opt/airflow/dags/spark_airflow.py
[2024-10-24T19:43:37.873+0000] {processor.py:914} INFO - Processing file /opt/airflow/dags/spark_airflow.py for tasks to queue
[2024-10-24T19:43:37.874+0000] {logging_mixin.py:190} INFO - [2024-10-24T19:43:37.874+0000] {dagbag.py:588} INFO - Filling up the DagBag from /opt/airflow/dags/spark_airflow.py
[2024-10-24T19:43:37.892+0000] {processor.py:925} INFO - DAG(s) 'sparking_flow' retrieved from /opt/airflow/dags/spark_airflow.py
[2024-10-24T19:43:37.917+0000] {logging_mixin.py:190} INFO - [2024-10-24T19:43:37.917+0000] {dag.py:3239} INFO - Sync 1 DAGs
[2024-10-24T19:43:37.940+0000] {logging_mixin.py:190} INFO - [2024-10-24T19:43:37.940+0000] {dag.py:4180} INFO - Setting next_dagrun for sparking_flow to 2024-10-24 00:00:00+00:00, run_after=2024-10-25 00:00:00+00:00
[2024-10-24T19:43:37.959+0000] {processor.py:208} INFO - Processing /opt/airflow/dags/spark_airflow.py took 0.091 seconds
[2024-10-24T19:44:08.107+0000] {processor.py:186} INFO - Started process (PID=15686) to work on /opt/airflow/dags/spark_airflow.py
[2024-10-24T19:44:08.108+0000] {processor.py:914} INFO - Processing file /opt/airflow/dags/spark_airflow.py for tasks to queue
[2024-10-24T19:44:08.110+0000] {logging_mixin.py:190} INFO - [2024-10-24T19:44:08.110+0000] {dagbag.py:588} INFO - Filling up the DagBag from /opt/airflow/dags/spark_airflow.py
[2024-10-24T19:44:08.129+0000] {processor.py:925} INFO - DAG(s) 'sparking_flow' retrieved from /opt/airflow/dags/spark_airflow.py
[2024-10-24T19:44:08.155+0000] {logging_mixin.py:190} INFO - [2024-10-24T19:44:08.155+0000] {dag.py:3239} INFO - Sync 1 DAGs
[2024-10-24T19:44:08.177+0000] {logging_mixin.py:190} INFO - [2024-10-24T19:44:08.177+0000] {dag.py:4180} INFO - Setting next_dagrun for sparking_flow to 2024-10-24 00:00:00+00:00, run_after=2024-10-25 00:00:00+00:00
[2024-10-24T19:44:08.195+0000] {processor.py:208} INFO - Processing /opt/airflow/dags/spark_airflow.py took 0.093 seconds
[2024-10-24T19:44:38.298+0000] {processor.py:186} INFO - Started process (PID=15691) to work on /opt/airflow/dags/spark_airflow.py
[2024-10-24T19:44:38.299+0000] {processor.py:914} INFO - Processing file /opt/airflow/dags/spark_airflow.py for tasks to queue
[2024-10-24T19:44:38.300+0000] {logging_mixin.py:190} INFO - [2024-10-24T19:44:38.300+0000] {dagbag.py:588} INFO - Filling up the DagBag from /opt/airflow/dags/spark_airflow.py
[2024-10-24T19:44:38.317+0000] {processor.py:925} INFO - DAG(s) 'sparking_flow' retrieved from /opt/airflow/dags/spark_airflow.py
[2024-10-24T19:44:38.344+0000] {logging_mixin.py:190} INFO - [2024-10-24T19:44:38.343+0000] {dag.py:3239} INFO - Sync 1 DAGs
[2024-10-24T19:44:38.366+0000] {logging_mixin.py:190} INFO - [2024-10-24T19:44:38.366+0000] {dag.py:4180} INFO - Setting next_dagrun for sparking_flow to 2024-10-24 00:00:00+00:00, run_after=2024-10-25 00:00:00+00:00
[2024-10-24T19:44:38.397+0000] {processor.py:208} INFO - Processing /opt/airflow/dags/spark_airflow.py took 0.104 seconds
[2024-10-24T19:45:08.526+0000] {processor.py:186} INFO - Started process (PID=15696) to work on /opt/airflow/dags/spark_airflow.py
[2024-10-24T19:45:08.527+0000] {processor.py:914} INFO - Processing file /opt/airflow/dags/spark_airflow.py for tasks to queue
[2024-10-24T19:45:08.528+0000] {logging_mixin.py:190} INFO - [2024-10-24T19:45:08.528+0000] {dagbag.py:588} INFO - Filling up the DagBag from /opt/airflow/dags/spark_airflow.py
[2024-10-24T19:45:08.544+0000] {processor.py:925} INFO - DAG(s) 'sparking_flow' retrieved from /opt/airflow/dags/spark_airflow.py
[2024-10-24T19:45:08.569+0000] {logging_mixin.py:190} INFO - [2024-10-24T19:45:08.569+0000] {dag.py:3239} INFO - Sync 1 DAGs
[2024-10-24T19:45:08.589+0000] {logging_mixin.py:190} INFO - [2024-10-24T19:45:08.589+0000] {dag.py:4180} INFO - Setting next_dagrun for sparking_flow to 2024-10-24 00:00:00+00:00, run_after=2024-10-25 00:00:00+00:00
[2024-10-24T19:45:08.619+0000] {processor.py:208} INFO - Processing /opt/airflow/dags/spark_airflow.py took 0.099 seconds
[2024-10-24T19:45:38.742+0000] {processor.py:186} INFO - Started process (PID=15701) to work on /opt/airflow/dags/spark_airflow.py
[2024-10-24T19:45:38.743+0000] {processor.py:914} INFO - Processing file /opt/airflow/dags/spark_airflow.py for tasks to queue
[2024-10-24T19:45:38.745+0000] {logging_mixin.py:190} INFO - [2024-10-24T19:45:38.744+0000] {dagbag.py:588} INFO - Filling up the DagBag from /opt/airflow/dags/spark_airflow.py
[2024-10-24T19:45:38.764+0000] {processor.py:925} INFO - DAG(s) 'sparking_flow' retrieved from /opt/airflow/dags/spark_airflow.py
[2024-10-24T19:45:38.789+0000] {logging_mixin.py:190} INFO - [2024-10-24T19:45:38.788+0000] {dag.py:3239} INFO - Sync 1 DAGs
[2024-10-24T19:45:38.809+0000] {logging_mixin.py:190} INFO - [2024-10-24T19:45:38.809+0000] {dag.py:4180} INFO - Setting next_dagrun for sparking_flow to 2024-10-24 00:00:00+00:00, run_after=2024-10-25 00:00:00+00:00
[2024-10-24T19:45:38.840+0000] {processor.py:208} INFO - Processing /opt/airflow/dags/spark_airflow.py took 0.104 seconds
[2024-10-24T19:46:08.961+0000] {processor.py:186} INFO - Started process (PID=15706) to work on /opt/airflow/dags/spark_airflow.py
[2024-10-24T19:46:08.962+0000] {processor.py:914} INFO - Processing file /opt/airflow/dags/spark_airflow.py for tasks to queue
[2024-10-24T19:46:08.963+0000] {logging_mixin.py:190} INFO - [2024-10-24T19:46:08.963+0000] {dagbag.py:588} INFO - Filling up the DagBag from /opt/airflow/dags/spark_airflow.py
[2024-10-24T19:46:08.983+0000] {processor.py:925} INFO - DAG(s) 'sparking_flow' retrieved from /opt/airflow/dags/spark_airflow.py
[2024-10-24T19:46:09.008+0000] {logging_mixin.py:190} INFO - [2024-10-24T19:46:09.008+0000] {dag.py:3239} INFO - Sync 1 DAGs
[2024-10-24T19:46:09.031+0000] {logging_mixin.py:190} INFO - [2024-10-24T19:46:09.031+0000] {dag.py:4180} INFO - Setting next_dagrun for sparking_flow to 2024-10-24 00:00:00+00:00, run_after=2024-10-25 00:00:00+00:00
[2024-10-24T19:46:09.062+0000] {processor.py:208} INFO - Processing /opt/airflow/dags/spark_airflow.py took 0.107 seconds
[2024-10-24T19:46:39.178+0000] {processor.py:186} INFO - Started process (PID=15711) to work on /opt/airflow/dags/spark_airflow.py
[2024-10-24T19:46:39.179+0000] {processor.py:914} INFO - Processing file /opt/airflow/dags/spark_airflow.py for tasks to queue
[2024-10-24T19:46:39.180+0000] {logging_mixin.py:190} INFO - [2024-10-24T19:46:39.179+0000] {dagbag.py:588} INFO - Filling up the DagBag from /opt/airflow/dags/spark_airflow.py
[2024-10-24T19:46:39.198+0000] {processor.py:925} INFO - DAG(s) 'sparking_flow' retrieved from /opt/airflow/dags/spark_airflow.py
[2024-10-24T19:46:39.223+0000] {logging_mixin.py:190} INFO - [2024-10-24T19:46:39.223+0000] {dag.py:3239} INFO - Sync 1 DAGs
[2024-10-24T19:46:39.246+0000] {logging_mixin.py:190} INFO - [2024-10-24T19:46:39.245+0000] {dag.py:4180} INFO - Setting next_dagrun for sparking_flow to 2024-10-24 00:00:00+00:00, run_after=2024-10-25 00:00:00+00:00
[2024-10-24T19:46:39.262+0000] {processor.py:208} INFO - Processing /opt/airflow/dags/spark_airflow.py took 0.089 seconds
[2024-10-24T19:47:09.435+0000] {processor.py:186} INFO - Started process (PID=15716) to work on /opt/airflow/dags/spark_airflow.py
[2024-10-24T19:47:09.436+0000] {processor.py:914} INFO - Processing file /opt/airflow/dags/spark_airflow.py for tasks to queue
[2024-10-24T19:47:09.437+0000] {logging_mixin.py:190} INFO - [2024-10-24T19:47:09.436+0000] {dagbag.py:588} INFO - Filling up the DagBag from /opt/airflow/dags/spark_airflow.py
[2024-10-24T19:47:09.456+0000] {processor.py:925} INFO - DAG(s) 'sparking_flow' retrieved from /opt/airflow/dags/spark_airflow.py
[2024-10-24T19:47:09.481+0000] {logging_mixin.py:190} INFO - [2024-10-24T19:47:09.480+0000] {dag.py:3239} INFO - Sync 1 DAGs
[2024-10-24T19:47:09.501+0000] {logging_mixin.py:190} INFO - [2024-10-24T19:47:09.501+0000] {dag.py:4180} INFO - Setting next_dagrun for sparking_flow to 2024-10-24 00:00:00+00:00, run_after=2024-10-25 00:00:00+00:00
[2024-10-24T19:47:09.518+0000] {processor.py:208} INFO - Processing /opt/airflow/dags/spark_airflow.py took 0.088 seconds
[2024-10-24T19:47:39.626+0000] {processor.py:186} INFO - Started process (PID=15721) to work on /opt/airflow/dags/spark_airflow.py
[2024-10-24T19:47:39.627+0000] {processor.py:914} INFO - Processing file /opt/airflow/dags/spark_airflow.py for tasks to queue
[2024-10-24T19:47:39.629+0000] {logging_mixin.py:190} INFO - [2024-10-24T19:47:39.628+0000] {dagbag.py:588} INFO - Filling up the DagBag from /opt/airflow/dags/spark_airflow.py
[2024-10-24T19:47:39.646+0000] {processor.py:925} INFO - DAG(s) 'sparking_flow' retrieved from /opt/airflow/dags/spark_airflow.py
[2024-10-24T19:47:39.672+0000] {logging_mixin.py:190} INFO - [2024-10-24T19:47:39.672+0000] {dag.py:3239} INFO - Sync 1 DAGs
[2024-10-24T19:47:39.694+0000] {logging_mixin.py:190} INFO - [2024-10-24T19:47:39.694+0000] {dag.py:4180} INFO - Setting next_dagrun for sparking_flow to 2024-10-24 00:00:00+00:00, run_after=2024-10-25 00:00:00+00:00
[2024-10-24T19:47:39.710+0000] {processor.py:208} INFO - Processing /opt/airflow/dags/spark_airflow.py took 0.089 seconds
[2024-10-24T19:48:09.855+0000] {processor.py:186} INFO - Started process (PID=15726) to work on /opt/airflow/dags/spark_airflow.py
[2024-10-24T19:48:09.856+0000] {processor.py:914} INFO - Processing file /opt/airflow/dags/spark_airflow.py for tasks to queue
[2024-10-24T19:48:09.857+0000] {logging_mixin.py:190} INFO - [2024-10-24T19:48:09.857+0000] {dagbag.py:588} INFO - Filling up the DagBag from /opt/airflow/dags/spark_airflow.py
[2024-10-24T19:48:09.875+0000] {processor.py:925} INFO - DAG(s) 'sparking_flow' retrieved from /opt/airflow/dags/spark_airflow.py
[2024-10-24T19:48:09.900+0000] {logging_mixin.py:190} INFO - [2024-10-24T19:48:09.899+0000] {dag.py:3239} INFO - Sync 1 DAGs
[2024-10-24T19:48:09.922+0000] {logging_mixin.py:190} INFO - [2024-10-24T19:48:09.922+0000] {dag.py:4180} INFO - Setting next_dagrun for sparking_flow to 2024-10-24 00:00:00+00:00, run_after=2024-10-25 00:00:00+00:00
[2024-10-24T19:48:09.939+0000] {processor.py:208} INFO - Processing /opt/airflow/dags/spark_airflow.py took 0.091 seconds
[2024-10-24T19:48:40.051+0000] {processor.py:186} INFO - Started process (PID=15731) to work on /opt/airflow/dags/spark_airflow.py
[2024-10-24T19:48:40.052+0000] {processor.py:914} INFO - Processing file /opt/airflow/dags/spark_airflow.py for tasks to queue
[2024-10-24T19:48:40.054+0000] {logging_mixin.py:190} INFO - [2024-10-24T19:48:40.053+0000] {dagbag.py:588} INFO - Filling up the DagBag from /opt/airflow/dags/spark_airflow.py
[2024-10-24T19:48:40.073+0000] {processor.py:925} INFO - DAG(s) 'sparking_flow' retrieved from /opt/airflow/dags/spark_airflow.py
[2024-10-24T19:48:40.099+0000] {logging_mixin.py:190} INFO - [2024-10-24T19:48:40.099+0000] {dag.py:3239} INFO - Sync 1 DAGs
[2024-10-24T19:48:40.123+0000] {logging_mixin.py:190} INFO - [2024-10-24T19:48:40.123+0000] {dag.py:4180} INFO - Setting next_dagrun for sparking_flow to 2024-10-24 00:00:00+00:00, run_after=2024-10-25 00:00:00+00:00
[2024-10-24T19:48:40.139+0000] {processor.py:208} INFO - Processing /opt/airflow/dags/spark_airflow.py took 0.094 seconds
[2024-10-24T19:49:10.279+0000] {processor.py:186} INFO - Started process (PID=15736) to work on /opt/airflow/dags/spark_airflow.py
[2024-10-24T19:49:10.280+0000] {processor.py:914} INFO - Processing file /opt/airflow/dags/spark_airflow.py for tasks to queue
[2024-10-24T19:49:10.281+0000] {logging_mixin.py:190} INFO - [2024-10-24T19:49:10.281+0000] {dagbag.py:588} INFO - Filling up the DagBag from /opt/airflow/dags/spark_airflow.py
[2024-10-24T19:49:10.299+0000] {processor.py:925} INFO - DAG(s) 'sparking_flow' retrieved from /opt/airflow/dags/spark_airflow.py
[2024-10-24T19:49:10.321+0000] {logging_mixin.py:190} INFO - [2024-10-24T19:49:10.321+0000] {dag.py:3239} INFO - Sync 1 DAGs
[2024-10-24T19:49:10.341+0000] {logging_mixin.py:190} INFO - [2024-10-24T19:49:10.341+0000] {dag.py:4180} INFO - Setting next_dagrun for sparking_flow to 2024-10-24 00:00:00+00:00, run_after=2024-10-25 00:00:00+00:00
[2024-10-24T19:49:10.359+0000] {processor.py:208} INFO - Processing /opt/airflow/dags/spark_airflow.py took 0.086 seconds
[2024-10-24T19:49:40.481+0000] {processor.py:186} INFO - Started process (PID=15741) to work on /opt/airflow/dags/spark_airflow.py
[2024-10-24T19:49:40.482+0000] {processor.py:914} INFO - Processing file /opt/airflow/dags/spark_airflow.py for tasks to queue
[2024-10-24T19:49:40.483+0000] {logging_mixin.py:190} INFO - [2024-10-24T19:49:40.483+0000] {dagbag.py:588} INFO - Filling up the DagBag from /opt/airflow/dags/spark_airflow.py
[2024-10-24T19:49:40.503+0000] {processor.py:925} INFO - DAG(s) 'sparking_flow' retrieved from /opt/airflow/dags/spark_airflow.py
[2024-10-24T19:49:40.527+0000] {logging_mixin.py:190} INFO - [2024-10-24T19:49:40.526+0000] {dag.py:3239} INFO - Sync 1 DAGs
[2024-10-24T19:49:40.547+0000] {logging_mixin.py:190} INFO - [2024-10-24T19:49:40.547+0000] {dag.py:4180} INFO - Setting next_dagrun for sparking_flow to 2024-10-24 00:00:00+00:00, run_after=2024-10-25 00:00:00+00:00
[2024-10-24T19:49:40.562+0000] {processor.py:208} INFO - Processing /opt/airflow/dags/spark_airflow.py took 0.087 seconds
[2024-10-24T19:50:10.702+0000] {processor.py:186} INFO - Started process (PID=15746) to work on /opt/airflow/dags/spark_airflow.py
[2024-10-24T19:50:10.703+0000] {processor.py:914} INFO - Processing file /opt/airflow/dags/spark_airflow.py for tasks to queue
[2024-10-24T19:50:10.705+0000] {logging_mixin.py:190} INFO - [2024-10-24T19:50:10.704+0000] {dagbag.py:588} INFO - Filling up the DagBag from /opt/airflow/dags/spark_airflow.py
[2024-10-24T19:50:10.723+0000] {processor.py:925} INFO - DAG(s) 'sparking_flow' retrieved from /opt/airflow/dags/spark_airflow.py
[2024-10-24T19:50:10.747+0000] {logging_mixin.py:190} INFO - [2024-10-24T19:50:10.747+0000] {dag.py:3239} INFO - Sync 1 DAGs
[2024-10-24T19:50:10.767+0000] {logging_mixin.py:190} INFO - [2024-10-24T19:50:10.767+0000] {dag.py:4180} INFO - Setting next_dagrun for sparking_flow to 2024-10-24 00:00:00+00:00, run_after=2024-10-25 00:00:00+00:00
[2024-10-24T19:50:10.782+0000] {processor.py:208} INFO - Processing /opt/airflow/dags/spark_airflow.py took 0.087 seconds
[2024-10-24T19:50:40.899+0000] {processor.py:186} INFO - Started process (PID=15751) to work on /opt/airflow/dags/spark_airflow.py
[2024-10-24T19:50:40.900+0000] {processor.py:914} INFO - Processing file /opt/airflow/dags/spark_airflow.py for tasks to queue
[2024-10-24T19:50:40.901+0000] {logging_mixin.py:190} INFO - [2024-10-24T19:50:40.901+0000] {dagbag.py:588} INFO - Filling up the DagBag from /opt/airflow/dags/spark_airflow.py
[2024-10-24T19:50:40.919+0000] {processor.py:925} INFO - DAG(s) 'sparking_flow' retrieved from /opt/airflow/dags/spark_airflow.py
[2024-10-24T19:50:40.945+0000] {logging_mixin.py:190} INFO - [2024-10-24T19:50:40.945+0000] {dag.py:3239} INFO - Sync 1 DAGs
[2024-10-24T19:50:40.967+0000] {logging_mixin.py:190} INFO - [2024-10-24T19:50:40.967+0000] {dag.py:4180} INFO - Setting next_dagrun for sparking_flow to 2024-10-24 00:00:00+00:00, run_after=2024-10-25 00:00:00+00:00
[2024-10-24T19:50:40.987+0000] {processor.py:208} INFO - Processing /opt/airflow/dags/spark_airflow.py took 0.093 seconds
[2024-10-24T19:51:11.121+0000] {processor.py:186} INFO - Started process (PID=15756) to work on /opt/airflow/dags/spark_airflow.py
[2024-10-24T19:51:11.122+0000] {processor.py:914} INFO - Processing file /opt/airflow/dags/spark_airflow.py for tasks to queue
[2024-10-24T19:51:11.124+0000] {logging_mixin.py:190} INFO - [2024-10-24T19:51:11.123+0000] {dagbag.py:588} INFO - Filling up the DagBag from /opt/airflow/dags/spark_airflow.py
[2024-10-24T19:51:11.142+0000] {processor.py:925} INFO - DAG(s) 'sparking_flow' retrieved from /opt/airflow/dags/spark_airflow.py
[2024-10-24T19:51:11.167+0000] {logging_mixin.py:190} INFO - [2024-10-24T19:51:11.167+0000] {dag.py:3239} INFO - Sync 1 DAGs
[2024-10-24T19:51:11.189+0000] {logging_mixin.py:190} INFO - [2024-10-24T19:51:11.189+0000] {dag.py:4180} INFO - Setting next_dagrun for sparking_flow to 2024-10-24 00:00:00+00:00, run_after=2024-10-25 00:00:00+00:00
[2024-10-24T19:51:11.206+0000] {processor.py:208} INFO - Processing /opt/airflow/dags/spark_airflow.py took 0.091 seconds
[2024-10-24T19:51:41.328+0000] {processor.py:186} INFO - Started process (PID=15761) to work on /opt/airflow/dags/spark_airflow.py
[2024-10-24T19:51:41.330+0000] {processor.py:914} INFO - Processing file /opt/airflow/dags/spark_airflow.py for tasks to queue
[2024-10-24T19:51:41.331+0000] {logging_mixin.py:190} INFO - [2024-10-24T19:51:41.331+0000] {dagbag.py:588} INFO - Filling up the DagBag from /opt/airflow/dags/spark_airflow.py
[2024-10-24T19:51:41.350+0000] {processor.py:925} INFO - DAG(s) 'sparking_flow' retrieved from /opt/airflow/dags/spark_airflow.py
[2024-10-24T19:51:41.374+0000] {logging_mixin.py:190} INFO - [2024-10-24T19:51:41.374+0000] {dag.py:3239} INFO - Sync 1 DAGs
[2024-10-24T19:51:41.395+0000] {logging_mixin.py:190} INFO - [2024-10-24T19:51:41.395+0000] {dag.py:4180} INFO - Setting next_dagrun for sparking_flow to 2024-10-24 00:00:00+00:00, run_after=2024-10-25 00:00:00+00:00
[2024-10-24T19:51:41.411+0000] {processor.py:208} INFO - Processing /opt/airflow/dags/spark_airflow.py took 0.089 seconds
[2024-10-24T19:52:11.567+0000] {processor.py:186} INFO - Started process (PID=15766) to work on /opt/airflow/dags/spark_airflow.py
[2024-10-24T19:52:11.568+0000] {processor.py:914} INFO - Processing file /opt/airflow/dags/spark_airflow.py for tasks to queue
[2024-10-24T19:52:11.569+0000] {logging_mixin.py:190} INFO - [2024-10-24T19:52:11.569+0000] {dagbag.py:588} INFO - Filling up the DagBag from /opt/airflow/dags/spark_airflow.py
[2024-10-24T19:52:11.587+0000] {processor.py:925} INFO - DAG(s) 'sparking_flow' retrieved from /opt/airflow/dags/spark_airflow.py
[2024-10-24T19:52:11.611+0000] {logging_mixin.py:190} INFO - [2024-10-24T19:52:11.611+0000] {dag.py:3239} INFO - Sync 1 DAGs
[2024-10-24T19:52:11.635+0000] {logging_mixin.py:190} INFO - [2024-10-24T19:52:11.635+0000] {dag.py:4180} INFO - Setting next_dagrun for sparking_flow to 2024-10-24 00:00:00+00:00, run_after=2024-10-25 00:00:00+00:00
[2024-10-24T19:52:11.651+0000] {processor.py:208} INFO - Processing /opt/airflow/dags/spark_airflow.py took 0.089 seconds
[2024-10-24T19:52:41.756+0000] {processor.py:186} INFO - Started process (PID=15771) to work on /opt/airflow/dags/spark_airflow.py
[2024-10-24T19:52:41.757+0000] {processor.py:914} INFO - Processing file /opt/airflow/dags/spark_airflow.py for tasks to queue
[2024-10-24T19:52:41.758+0000] {logging_mixin.py:190} INFO - [2024-10-24T19:52:41.758+0000] {dagbag.py:588} INFO - Filling up the DagBag from /opt/airflow/dags/spark_airflow.py
[2024-10-24T19:52:41.776+0000] {processor.py:925} INFO - DAG(s) 'sparking_flow' retrieved from /opt/airflow/dags/spark_airflow.py
[2024-10-24T19:52:41.802+0000] {logging_mixin.py:190} INFO - [2024-10-24T19:52:41.801+0000] {dag.py:3239} INFO - Sync 1 DAGs
[2024-10-24T19:52:41.824+0000] {logging_mixin.py:190} INFO - [2024-10-24T19:52:41.824+0000] {dag.py:4180} INFO - Setting next_dagrun for sparking_flow to 2024-10-24 00:00:00+00:00, run_after=2024-10-25 00:00:00+00:00
[2024-10-24T19:52:41.839+0000] {processor.py:208} INFO - Processing /opt/airflow/dags/spark_airflow.py took 0.090 seconds
[2024-10-24T19:53:11.988+0000] {processor.py:186} INFO - Started process (PID=15776) to work on /opt/airflow/dags/spark_airflow.py
[2024-10-24T19:53:11.989+0000] {processor.py:914} INFO - Processing file /opt/airflow/dags/spark_airflow.py for tasks to queue
[2024-10-24T19:53:11.990+0000] {logging_mixin.py:190} INFO - [2024-10-24T19:53:11.989+0000] {dagbag.py:588} INFO - Filling up the DagBag from /opt/airflow/dags/spark_airflow.py
[2024-10-24T19:53:12.007+0000] {processor.py:925} INFO - DAG(s) 'sparking_flow' retrieved from /opt/airflow/dags/spark_airflow.py
[2024-10-24T19:53:12.032+0000] {logging_mixin.py:190} INFO - [2024-10-24T19:53:12.031+0000] {dag.py:3239} INFO - Sync 1 DAGs
[2024-10-24T19:53:12.053+0000] {logging_mixin.py:190} INFO - [2024-10-24T19:53:12.053+0000] {dag.py:4180} INFO - Setting next_dagrun for sparking_flow to 2024-10-24 00:00:00+00:00, run_after=2024-10-25 00:00:00+00:00
[2024-10-24T19:53:12.069+0000] {processor.py:208} INFO - Processing /opt/airflow/dags/spark_airflow.py took 0.086 seconds
[2024-10-24T19:53:42.182+0000] {processor.py:186} INFO - Started process (PID=15781) to work on /opt/airflow/dags/spark_airflow.py
[2024-10-24T19:53:42.183+0000] {processor.py:914} INFO - Processing file /opt/airflow/dags/spark_airflow.py for tasks to queue
[2024-10-24T19:53:42.184+0000] {logging_mixin.py:190} INFO - [2024-10-24T19:53:42.184+0000] {dagbag.py:588} INFO - Filling up the DagBag from /opt/airflow/dags/spark_airflow.py
[2024-10-24T19:53:42.202+0000] {processor.py:925} INFO - DAG(s) 'sparking_flow' retrieved from /opt/airflow/dags/spark_airflow.py
[2024-10-24T19:53:42.227+0000] {logging_mixin.py:190} INFO - [2024-10-24T19:53:42.227+0000] {dag.py:3239} INFO - Sync 1 DAGs
[2024-10-24T19:53:42.247+0000] {logging_mixin.py:190} INFO - [2024-10-24T19:53:42.247+0000] {dag.py:4180} INFO - Setting next_dagrun for sparking_flow to 2024-10-24 00:00:00+00:00, run_after=2024-10-25 00:00:00+00:00
[2024-10-24T19:53:42.264+0000] {processor.py:208} INFO - Processing /opt/airflow/dags/spark_airflow.py took 0.089 seconds
[2024-10-24T19:54:12.406+0000] {processor.py:186} INFO - Started process (PID=15786) to work on /opt/airflow/dags/spark_airflow.py
[2024-10-24T19:54:12.406+0000] {processor.py:914} INFO - Processing file /opt/airflow/dags/spark_airflow.py for tasks to queue
[2024-10-24T19:54:12.407+0000] {logging_mixin.py:190} INFO - [2024-10-24T19:54:12.407+0000] {dagbag.py:588} INFO - Filling up the DagBag from /opt/airflow/dags/spark_airflow.py
[2024-10-24T19:54:12.424+0000] {processor.py:925} INFO - DAG(s) 'sparking_flow' retrieved from /opt/airflow/dags/spark_airflow.py
[2024-10-24T19:54:12.448+0000] {logging_mixin.py:190} INFO - [2024-10-24T19:54:12.448+0000] {dag.py:3239} INFO - Sync 1 DAGs
[2024-10-24T19:54:12.468+0000] {logging_mixin.py:190} INFO - [2024-10-24T19:54:12.468+0000] {dag.py:4180} INFO - Setting next_dagrun for sparking_flow to 2024-10-24 00:00:00+00:00, run_after=2024-10-25 00:00:00+00:00
[2024-10-24T19:54:12.487+0000] {processor.py:208} INFO - Processing /opt/airflow/dags/spark_airflow.py took 0.086 seconds
[2024-10-24T19:54:42.598+0000] {processor.py:186} INFO - Started process (PID=15791) to work on /opt/airflow/dags/spark_airflow.py
[2024-10-24T19:54:42.599+0000] {processor.py:914} INFO - Processing file /opt/airflow/dags/spark_airflow.py for tasks to queue
[2024-10-24T19:54:42.601+0000] {logging_mixin.py:190} INFO - [2024-10-24T19:54:42.600+0000] {dagbag.py:588} INFO - Filling up the DagBag from /opt/airflow/dags/spark_airflow.py
[2024-10-24T19:54:42.620+0000] {processor.py:925} INFO - DAG(s) 'sparking_flow' retrieved from /opt/airflow/dags/spark_airflow.py
[2024-10-24T19:54:42.645+0000] {logging_mixin.py:190} INFO - [2024-10-24T19:54:42.645+0000] {dag.py:3239} INFO - Sync 1 DAGs
[2024-10-24T19:54:42.667+0000] {logging_mixin.py:190} INFO - [2024-10-24T19:54:42.667+0000] {dag.py:4180} INFO - Setting next_dagrun for sparking_flow to 2024-10-24 00:00:00+00:00, run_after=2024-10-25 00:00:00+00:00
[2024-10-24T19:54:42.684+0000] {processor.py:208} INFO - Processing /opt/airflow/dags/spark_airflow.py took 0.091 seconds
[2024-10-24T19:55:12.819+0000] {processor.py:186} INFO - Started process (PID=15796) to work on /opt/airflow/dags/spark_airflow.py
[2024-10-24T19:55:12.820+0000] {processor.py:914} INFO - Processing file /opt/airflow/dags/spark_airflow.py for tasks to queue
[2024-10-24T19:55:12.821+0000] {logging_mixin.py:190} INFO - [2024-10-24T19:55:12.820+0000] {dagbag.py:588} INFO - Filling up the DagBag from /opt/airflow/dags/spark_airflow.py
[2024-10-24T19:55:12.839+0000] {processor.py:925} INFO - DAG(s) 'sparking_flow' retrieved from /opt/airflow/dags/spark_airflow.py
[2024-10-24T19:55:12.863+0000] {logging_mixin.py:190} INFO - [2024-10-24T19:55:12.863+0000] {dag.py:3239} INFO - Sync 1 DAGs
[2024-10-24T19:55:12.883+0000] {logging_mixin.py:190} INFO - [2024-10-24T19:55:12.883+0000] {dag.py:4180} INFO - Setting next_dagrun for sparking_flow to 2024-10-24 00:00:00+00:00, run_after=2024-10-25 00:00:00+00:00
[2024-10-24T19:55:12.900+0000] {processor.py:208} INFO - Processing /opt/airflow/dags/spark_airflow.py took 0.087 seconds
[2024-10-24T19:55:43.014+0000] {processor.py:186} INFO - Started process (PID=15801) to work on /opt/airflow/dags/spark_airflow.py
[2024-10-24T19:55:43.015+0000] {processor.py:914} INFO - Processing file /opt/airflow/dags/spark_airflow.py for tasks to queue
[2024-10-24T19:55:43.016+0000] {logging_mixin.py:190} INFO - [2024-10-24T19:55:43.016+0000] {dagbag.py:588} INFO - Filling up the DagBag from /opt/airflow/dags/spark_airflow.py
[2024-10-24T19:55:43.034+0000] {processor.py:925} INFO - DAG(s) 'sparking_flow' retrieved from /opt/airflow/dags/spark_airflow.py
[2024-10-24T19:55:43.059+0000] {logging_mixin.py:190} INFO - [2024-10-24T19:55:43.059+0000] {dag.py:3239} INFO - Sync 1 DAGs
[2024-10-24T19:55:43.081+0000] {logging_mixin.py:190} INFO - [2024-10-24T19:55:43.081+0000] {dag.py:4180} INFO - Setting next_dagrun for sparking_flow to 2024-10-24 00:00:00+00:00, run_after=2024-10-25 00:00:00+00:00
[2024-10-24T19:55:43.097+0000] {processor.py:208} INFO - Processing /opt/airflow/dags/spark_airflow.py took 0.088 seconds
[2024-10-24T19:56:13.236+0000] {processor.py:186} INFO - Started process (PID=15806) to work on /opt/airflow/dags/spark_airflow.py
[2024-10-24T19:56:13.237+0000] {processor.py:914} INFO - Processing file /opt/airflow/dags/spark_airflow.py for tasks to queue
[2024-10-24T19:56:13.238+0000] {logging_mixin.py:190} INFO - [2024-10-24T19:56:13.238+0000] {dagbag.py:588} INFO - Filling up the DagBag from /opt/airflow/dags/spark_airflow.py
[2024-10-24T19:56:13.256+0000] {processor.py:925} INFO - DAG(s) 'sparking_flow' retrieved from /opt/airflow/dags/spark_airflow.py
[2024-10-24T19:56:13.281+0000] {logging_mixin.py:190} INFO - [2024-10-24T19:56:13.281+0000] {dag.py:3239} INFO - Sync 1 DAGs
[2024-10-24T19:56:13.304+0000] {logging_mixin.py:190} INFO - [2024-10-24T19:56:13.304+0000] {dag.py:4180} INFO - Setting next_dagrun for sparking_flow to 2024-10-24 00:00:00+00:00, run_after=2024-10-25 00:00:00+00:00
[2024-10-24T19:56:13.322+0000] {processor.py:208} INFO - Processing /opt/airflow/dags/spark_airflow.py took 0.091 seconds
[2024-10-24T19:56:43.437+0000] {processor.py:186} INFO - Started process (PID=15811) to work on /opt/airflow/dags/spark_airflow.py
[2024-10-24T19:56:43.438+0000] {processor.py:914} INFO - Processing file /opt/airflow/dags/spark_airflow.py for tasks to queue
[2024-10-24T19:56:43.439+0000] {logging_mixin.py:190} INFO - [2024-10-24T19:56:43.439+0000] {dagbag.py:588} INFO - Filling up the DagBag from /opt/airflow/dags/spark_airflow.py
[2024-10-24T19:56:43.458+0000] {processor.py:925} INFO - DAG(s) 'sparking_flow' retrieved from /opt/airflow/dags/spark_airflow.py
[2024-10-24T19:56:43.484+0000] {logging_mixin.py:190} INFO - [2024-10-24T19:56:43.484+0000] {dag.py:3239} INFO - Sync 1 DAGs
[2024-10-24T19:56:43.505+0000] {logging_mixin.py:190} INFO - [2024-10-24T19:56:43.505+0000] {dag.py:4180} INFO - Setting next_dagrun for sparking_flow to 2024-10-24 00:00:00+00:00, run_after=2024-10-25 00:00:00+00:00
[2024-10-24T19:56:43.535+0000] {processor.py:208} INFO - Processing /opt/airflow/dags/spark_airflow.py took 0.104 seconds
[2024-10-24T19:57:13.679+0000] {processor.py:186} INFO - Started process (PID=15816) to work on /opt/airflow/dags/spark_airflow.py
[2024-10-24T19:57:13.680+0000] {processor.py:914} INFO - Processing file /opt/airflow/dags/spark_airflow.py for tasks to queue
[2024-10-24T19:57:13.681+0000] {logging_mixin.py:190} INFO - [2024-10-24T19:57:13.681+0000] {dagbag.py:588} INFO - Filling up the DagBag from /opt/airflow/dags/spark_airflow.py
[2024-10-24T19:57:13.698+0000] {processor.py:925} INFO - DAG(s) 'sparking_flow' retrieved from /opt/airflow/dags/spark_airflow.py
[2024-10-24T19:57:13.720+0000] {logging_mixin.py:190} INFO - [2024-10-24T19:57:13.720+0000] {dag.py:3239} INFO - Sync 1 DAGs
[2024-10-24T19:57:13.742+0000] {logging_mixin.py:190} INFO - [2024-10-24T19:57:13.741+0000] {dag.py:4180} INFO - Setting next_dagrun for sparking_flow to 2024-10-24 00:00:00+00:00, run_after=2024-10-25 00:00:00+00:00
[2024-10-24T19:57:13.759+0000] {processor.py:208} INFO - Processing /opt/airflow/dags/spark_airflow.py took 0.084 seconds
[2024-10-24T19:57:43.870+0000] {processor.py:186} INFO - Started process (PID=15821) to work on /opt/airflow/dags/spark_airflow.py
[2024-10-24T19:57:43.871+0000] {processor.py:914} INFO - Processing file /opt/airflow/dags/spark_airflow.py for tasks to queue
[2024-10-24T19:57:43.872+0000] {logging_mixin.py:190} INFO - [2024-10-24T19:57:43.872+0000] {dagbag.py:588} INFO - Filling up the DagBag from /opt/airflow/dags/spark_airflow.py
[2024-10-24T19:57:43.892+0000] {processor.py:925} INFO - DAG(s) 'sparking_flow' retrieved from /opt/airflow/dags/spark_airflow.py
[2024-10-24T19:57:43.918+0000] {logging_mixin.py:190} INFO - [2024-10-24T19:57:43.918+0000] {dag.py:3239} INFO - Sync 1 DAGs
[2024-10-24T19:57:43.941+0000] {logging_mixin.py:190} INFO - [2024-10-24T19:57:43.940+0000] {dag.py:4180} INFO - Setting next_dagrun for sparking_flow to 2024-10-24 00:00:00+00:00, run_after=2024-10-25 00:00:00+00:00
[2024-10-24T19:57:43.958+0000] {processor.py:208} INFO - Processing /opt/airflow/dags/spark_airflow.py took 0.095 seconds
[2024-10-24T19:58:14.099+0000] {processor.py:186} INFO - Started process (PID=15826) to work on /opt/airflow/dags/spark_airflow.py
[2024-10-24T19:58:14.100+0000] {processor.py:914} INFO - Processing file /opt/airflow/dags/spark_airflow.py for tasks to queue
[2024-10-24T19:58:14.101+0000] {logging_mixin.py:190} INFO - [2024-10-24T19:58:14.101+0000] {dagbag.py:588} INFO - Filling up the DagBag from /opt/airflow/dags/spark_airflow.py
[2024-10-24T19:58:14.118+0000] {processor.py:925} INFO - DAG(s) 'sparking_flow' retrieved from /opt/airflow/dags/spark_airflow.py
[2024-10-24T19:58:14.143+0000] {logging_mixin.py:190} INFO - [2024-10-24T19:58:14.143+0000] {dag.py:3239} INFO - Sync 1 DAGs
[2024-10-24T19:58:14.165+0000] {logging_mixin.py:190} INFO - [2024-10-24T19:58:14.165+0000] {dag.py:4180} INFO - Setting next_dagrun for sparking_flow to 2024-10-24 00:00:00+00:00, run_after=2024-10-25 00:00:00+00:00
[2024-10-24T19:58:14.195+0000] {processor.py:208} INFO - Processing /opt/airflow/dags/spark_airflow.py took 0.103 seconds
[2024-10-24T19:58:44.303+0000] {processor.py:186} INFO - Started process (PID=15831) to work on /opt/airflow/dags/spark_airflow.py
[2024-10-24T19:58:44.304+0000] {processor.py:914} INFO - Processing file /opt/airflow/dags/spark_airflow.py for tasks to queue
[2024-10-24T19:58:44.305+0000] {logging_mixin.py:190} INFO - [2024-10-24T19:58:44.305+0000] {dagbag.py:588} INFO - Filling up the DagBag from /opt/airflow/dags/spark_airflow.py
[2024-10-24T19:58:44.325+0000] {processor.py:925} INFO - DAG(s) 'sparking_flow' retrieved from /opt/airflow/dags/spark_airflow.py
[2024-10-24T19:58:44.352+0000] {logging_mixin.py:190} INFO - [2024-10-24T19:58:44.352+0000] {dag.py:3239} INFO - Sync 1 DAGs
[2024-10-24T19:58:44.374+0000] {logging_mixin.py:190} INFO - [2024-10-24T19:58:44.374+0000] {dag.py:4180} INFO - Setting next_dagrun for sparking_flow to 2024-10-24 00:00:00+00:00, run_after=2024-10-25 00:00:00+00:00
[2024-10-24T19:58:44.391+0000] {processor.py:208} INFO - Processing /opt/airflow/dags/spark_airflow.py took 0.094 seconds
[2024-10-24T19:59:14.542+0000] {processor.py:186} INFO - Started process (PID=15836) to work on /opt/airflow/dags/spark_airflow.py
[2024-10-24T19:59:14.543+0000] {processor.py:914} INFO - Processing file /opt/airflow/dags/spark_airflow.py for tasks to queue
[2024-10-24T19:59:14.544+0000] {logging_mixin.py:190} INFO - [2024-10-24T19:59:14.544+0000] {dagbag.py:588} INFO - Filling up the DagBag from /opt/airflow/dags/spark_airflow.py
[2024-10-24T19:59:14.564+0000] {processor.py:925} INFO - DAG(s) 'sparking_flow' retrieved from /opt/airflow/dags/spark_airflow.py
[2024-10-24T19:59:14.588+0000] {logging_mixin.py:190} INFO - [2024-10-24T19:59:14.588+0000] {dag.py:3239} INFO - Sync 1 DAGs
[2024-10-24T19:59:14.611+0000] {logging_mixin.py:190} INFO - [2024-10-24T19:59:14.610+0000] {dag.py:4180} INFO - Setting next_dagrun for sparking_flow to 2024-10-24 00:00:00+00:00, run_after=2024-10-25 00:00:00+00:00
[2024-10-24T19:59:14.628+0000] {processor.py:208} INFO - Processing /opt/airflow/dags/spark_airflow.py took 0.092 seconds
[2024-10-24T19:59:44.725+0000] {processor.py:186} INFO - Started process (PID=15841) to work on /opt/airflow/dags/spark_airflow.py
[2024-10-24T19:59:44.726+0000] {processor.py:914} INFO - Processing file /opt/airflow/dags/spark_airflow.py for tasks to queue
[2024-10-24T19:59:44.727+0000] {logging_mixin.py:190} INFO - [2024-10-24T19:59:44.727+0000] {dagbag.py:588} INFO - Filling up the DagBag from /opt/airflow/dags/spark_airflow.py
[2024-10-24T19:59:44.745+0000] {processor.py:925} INFO - DAG(s) 'sparking_flow' retrieved from /opt/airflow/dags/spark_airflow.py
[2024-10-24T19:59:44.772+0000] {logging_mixin.py:190} INFO - [2024-10-24T19:59:44.772+0000] {dag.py:3239} INFO - Sync 1 DAGs
[2024-10-24T19:59:44.795+0000] {logging_mixin.py:190} INFO - [2024-10-24T19:59:44.795+0000] {dag.py:4180} INFO - Setting next_dagrun for sparking_flow to 2024-10-24 00:00:00+00:00, run_after=2024-10-25 00:00:00+00:00
[2024-10-24T19:59:44.814+0000] {processor.py:208} INFO - Processing /opt/airflow/dags/spark_airflow.py took 0.093 seconds
[2024-10-24T20:00:14.980+0000] {processor.py:186} INFO - Started process (PID=15846) to work on /opt/airflow/dags/spark_airflow.py
[2024-10-24T20:00:14.980+0000] {processor.py:914} INFO - Processing file /opt/airflow/dags/spark_airflow.py for tasks to queue
[2024-10-24T20:00:14.981+0000] {logging_mixin.py:190} INFO - [2024-10-24T20:00:14.981+0000] {dagbag.py:588} INFO - Filling up the DagBag from /opt/airflow/dags/spark_airflow.py
[2024-10-24T20:00:14.999+0000] {processor.py:925} INFO - DAG(s) 'sparking_flow' retrieved from /opt/airflow/dags/spark_airflow.py
[2024-10-24T20:00:15.024+0000] {logging_mixin.py:190} INFO - [2024-10-24T20:00:15.023+0000] {dag.py:3239} INFO - Sync 1 DAGs
[2024-10-24T20:00:15.047+0000] {logging_mixin.py:190} INFO - [2024-10-24T20:00:15.047+0000] {dag.py:4180} INFO - Setting next_dagrun for sparking_flow to 2024-10-24 00:00:00+00:00, run_after=2024-10-25 00:00:00+00:00
[2024-10-24T20:00:15.064+0000] {processor.py:208} INFO - Processing /opt/airflow/dags/spark_airflow.py took 0.089 seconds
[2024-10-24T20:00:45.158+0000] {processor.py:186} INFO - Started process (PID=15851) to work on /opt/airflow/dags/spark_airflow.py
[2024-10-24T20:00:45.160+0000] {processor.py:914} INFO - Processing file /opt/airflow/dags/spark_airflow.py for tasks to queue
[2024-10-24T20:00:45.161+0000] {logging_mixin.py:190} INFO - [2024-10-24T20:00:45.161+0000] {dagbag.py:588} INFO - Filling up the DagBag from /opt/airflow/dags/spark_airflow.py
[2024-10-24T20:00:45.181+0000] {processor.py:925} INFO - DAG(s) 'sparking_flow' retrieved from /opt/airflow/dags/spark_airflow.py
[2024-10-24T20:00:45.207+0000] {logging_mixin.py:190} INFO - [2024-10-24T20:00:45.207+0000] {dag.py:3239} INFO - Sync 1 DAGs
[2024-10-24T20:00:45.231+0000] {logging_mixin.py:190} INFO - [2024-10-24T20:00:45.230+0000] {dag.py:4180} INFO - Setting next_dagrun for sparking_flow to 2024-10-24 00:00:00+00:00, run_after=2024-10-25 00:00:00+00:00
[2024-10-24T20:00:45.262+0000] {processor.py:208} INFO - Processing /opt/airflow/dags/spark_airflow.py took 0.110 seconds
[2024-10-24T20:01:15.405+0000] {processor.py:186} INFO - Started process (PID=15856) to work on /opt/airflow/dags/spark_airflow.py
[2024-10-24T20:01:15.407+0000] {processor.py:914} INFO - Processing file /opt/airflow/dags/spark_airflow.py for tasks to queue
[2024-10-24T20:01:15.408+0000] {logging_mixin.py:190} INFO - [2024-10-24T20:01:15.408+0000] {dagbag.py:588} INFO - Filling up the DagBag from /opt/airflow/dags/spark_airflow.py
[2024-10-24T20:01:15.427+0000] {processor.py:925} INFO - DAG(s) 'sparking_flow' retrieved from /opt/airflow/dags/spark_airflow.py
[2024-10-24T20:01:15.452+0000] {logging_mixin.py:190} INFO - [2024-10-24T20:01:15.451+0000] {dag.py:3239} INFO - Sync 1 DAGs
[2024-10-24T20:01:15.475+0000] {logging_mixin.py:190} INFO - [2024-10-24T20:01:15.474+0000] {dag.py:4180} INFO - Setting next_dagrun for sparking_flow to 2024-10-24 00:00:00+00:00, run_after=2024-10-25 00:00:00+00:00
[2024-10-24T20:01:15.505+0000] {processor.py:208} INFO - Processing /opt/airflow/dags/spark_airflow.py took 0.106 seconds
[2024-10-24T20:01:45.607+0000] {processor.py:186} INFO - Started process (PID=15861) to work on /opt/airflow/dags/spark_airflow.py
[2024-10-24T20:01:45.608+0000] {processor.py:914} INFO - Processing file /opt/airflow/dags/spark_airflow.py for tasks to queue
[2024-10-24T20:01:45.609+0000] {logging_mixin.py:190} INFO - [2024-10-24T20:01:45.609+0000] {dagbag.py:588} INFO - Filling up the DagBag from /opt/airflow/dags/spark_airflow.py
[2024-10-24T20:01:45.628+0000] {processor.py:925} INFO - DAG(s) 'sparking_flow' retrieved from /opt/airflow/dags/spark_airflow.py
[2024-10-24T20:01:45.654+0000] {logging_mixin.py:190} INFO - [2024-10-24T20:01:45.654+0000] {dag.py:3239} INFO - Sync 1 DAGs
[2024-10-24T20:01:45.676+0000] {logging_mixin.py:190} INFO - [2024-10-24T20:01:45.676+0000] {dag.py:4180} INFO - Setting next_dagrun for sparking_flow to 2024-10-24 00:00:00+00:00, run_after=2024-10-25 00:00:00+00:00
[2024-10-24T20:01:45.692+0000] {processor.py:208} INFO - Processing /opt/airflow/dags/spark_airflow.py took 0.092 seconds
[2024-10-24T20:02:15.871+0000] {processor.py:186} INFO - Started process (PID=15866) to work on /opt/airflow/dags/spark_airflow.py
[2024-10-24T20:02:15.872+0000] {processor.py:914} INFO - Processing file /opt/airflow/dags/spark_airflow.py for tasks to queue
[2024-10-24T20:02:15.873+0000] {logging_mixin.py:190} INFO - [2024-10-24T20:02:15.873+0000] {dagbag.py:588} INFO - Filling up the DagBag from /opt/airflow/dags/spark_airflow.py
[2024-10-24T20:02:15.890+0000] {processor.py:925} INFO - DAG(s) 'sparking_flow' retrieved from /opt/airflow/dags/spark_airflow.py
[2024-10-24T20:02:15.915+0000] {logging_mixin.py:190} INFO - [2024-10-24T20:02:15.915+0000] {dag.py:3239} INFO - Sync 1 DAGs
[2024-10-24T20:02:15.937+0000] {logging_mixin.py:190} INFO - [2024-10-24T20:02:15.937+0000] {dag.py:4180} INFO - Setting next_dagrun for sparking_flow to 2024-10-24 00:00:00+00:00, run_after=2024-10-25 00:00:00+00:00
[2024-10-24T20:02:15.955+0000] {processor.py:208} INFO - Processing /opt/airflow/dags/spark_airflow.py took 0.088 seconds
[2024-10-24T20:02:46.052+0000] {processor.py:186} INFO - Started process (PID=15871) to work on /opt/airflow/dags/spark_airflow.py
[2024-10-24T20:02:46.052+0000] {processor.py:914} INFO - Processing file /opt/airflow/dags/spark_airflow.py for tasks to queue
[2024-10-24T20:02:46.053+0000] {logging_mixin.py:190} INFO - [2024-10-24T20:02:46.053+0000] {dagbag.py:588} INFO - Filling up the DagBag from /opt/airflow/dags/spark_airflow.py
[2024-10-24T20:02:46.071+0000] {processor.py:925} INFO - DAG(s) 'sparking_flow' retrieved from /opt/airflow/dags/spark_airflow.py
[2024-10-24T20:02:46.096+0000] {logging_mixin.py:190} INFO - [2024-10-24T20:02:46.096+0000] {dag.py:3239} INFO - Sync 1 DAGs
[2024-10-24T20:02:46.117+0000] {logging_mixin.py:190} INFO - [2024-10-24T20:02:46.117+0000] {dag.py:4180} INFO - Setting next_dagrun for sparking_flow to 2024-10-24 00:00:00+00:00, run_after=2024-10-25 00:00:00+00:00
[2024-10-24T20:02:46.135+0000] {processor.py:208} INFO - Processing /opt/airflow/dags/spark_airflow.py took 0.088 seconds
[2024-10-24T20:03:16.300+0000] {processor.py:186} INFO - Started process (PID=15876) to work on /opt/airflow/dags/spark_airflow.py
[2024-10-24T20:03:16.301+0000] {processor.py:914} INFO - Processing file /opt/airflow/dags/spark_airflow.py for tasks to queue
[2024-10-24T20:03:16.302+0000] {logging_mixin.py:190} INFO - [2024-10-24T20:03:16.301+0000] {dagbag.py:588} INFO - Filling up the DagBag from /opt/airflow/dags/spark_airflow.py
[2024-10-24T20:03:16.319+0000] {processor.py:925} INFO - DAG(s) 'sparking_flow' retrieved from /opt/airflow/dags/spark_airflow.py
[2024-10-24T20:03:16.344+0000] {logging_mixin.py:190} INFO - [2024-10-24T20:03:16.343+0000] {dag.py:3239} INFO - Sync 1 DAGs
[2024-10-24T20:03:16.367+0000] {logging_mixin.py:190} INFO - [2024-10-24T20:03:16.367+0000] {dag.py:4180} INFO - Setting next_dagrun for sparking_flow to 2024-10-24 00:00:00+00:00, run_after=2024-10-25 00:00:00+00:00
[2024-10-24T20:03:16.386+0000] {processor.py:208} INFO - Processing /opt/airflow/dags/spark_airflow.py took 0.091 seconds
[2024-10-24T20:03:46.478+0000] {processor.py:186} INFO - Started process (PID=15881) to work on /opt/airflow/dags/spark_airflow.py
[2024-10-24T20:03:46.479+0000] {processor.py:914} INFO - Processing file /opt/airflow/dags/spark_airflow.py for tasks to queue
[2024-10-24T20:03:46.480+0000] {logging_mixin.py:190} INFO - [2024-10-24T20:03:46.480+0000] {dagbag.py:588} INFO - Filling up the DagBag from /opt/airflow/dags/spark_airflow.py
[2024-10-24T20:03:46.498+0000] {processor.py:925} INFO - DAG(s) 'sparking_flow' retrieved from /opt/airflow/dags/spark_airflow.py
[2024-10-24T20:03:46.524+0000] {logging_mixin.py:190} INFO - [2024-10-24T20:03:46.523+0000] {dag.py:3239} INFO - Sync 1 DAGs
[2024-10-24T20:03:46.546+0000] {logging_mixin.py:190} INFO - [2024-10-24T20:03:46.545+0000] {dag.py:4180} INFO - Setting next_dagrun for sparking_flow to 2024-10-24 00:00:00+00:00, run_after=2024-10-25 00:00:00+00:00
[2024-10-24T20:03:46.564+0000] {processor.py:208} INFO - Processing /opt/airflow/dags/spark_airflow.py took 0.090 seconds
[2024-10-24T20:04:16.725+0000] {processor.py:186} INFO - Started process (PID=15886) to work on /opt/airflow/dags/spark_airflow.py
[2024-10-24T20:04:16.726+0000] {processor.py:914} INFO - Processing file /opt/airflow/dags/spark_airflow.py for tasks to queue
[2024-10-24T20:04:16.727+0000] {logging_mixin.py:190} INFO - [2024-10-24T20:04:16.727+0000] {dagbag.py:588} INFO - Filling up the DagBag from /opt/airflow/dags/spark_airflow.py
[2024-10-24T20:04:16.745+0000] {processor.py:925} INFO - DAG(s) 'sparking_flow' retrieved from /opt/airflow/dags/spark_airflow.py
[2024-10-24T20:04:16.770+0000] {logging_mixin.py:190} INFO - [2024-10-24T20:04:16.770+0000] {dag.py:3239} INFO - Sync 1 DAGs
[2024-10-24T20:04:16.792+0000] {logging_mixin.py:190} INFO - [2024-10-24T20:04:16.792+0000] {dag.py:4180} INFO - Setting next_dagrun for sparking_flow to 2024-10-24 00:00:00+00:00, run_after=2024-10-25 00:00:00+00:00
[2024-10-24T20:04:16.822+0000] {processor.py:208} INFO - Processing /opt/airflow/dags/spark_airflow.py took 0.101 seconds
[2024-10-24T20:04:46.909+0000] {processor.py:186} INFO - Started process (PID=15891) to work on /opt/airflow/dags/spark_airflow.py
[2024-10-24T20:04:46.910+0000] {processor.py:914} INFO - Processing file /opt/airflow/dags/spark_airflow.py for tasks to queue
[2024-10-24T20:04:46.912+0000] {logging_mixin.py:190} INFO - [2024-10-24T20:04:46.911+0000] {dagbag.py:588} INFO - Filling up the DagBag from /opt/airflow/dags/spark_airflow.py
[2024-10-24T20:04:46.930+0000] {processor.py:925} INFO - DAG(s) 'sparking_flow' retrieved from /opt/airflow/dags/spark_airflow.py
[2024-10-24T20:04:46.956+0000] {logging_mixin.py:190} INFO - [2024-10-24T20:04:46.955+0000] {dag.py:3239} INFO - Sync 1 DAGs
[2024-10-24T20:04:46.977+0000] {logging_mixin.py:190} INFO - [2024-10-24T20:04:46.977+0000] {dag.py:4180} INFO - Setting next_dagrun for sparking_flow to 2024-10-24 00:00:00+00:00, run_after=2024-10-25 00:00:00+00:00
[2024-10-24T20:04:47.008+0000] {processor.py:208} INFO - Processing /opt/airflow/dags/spark_airflow.py took 0.105 seconds
[2024-10-24T20:05:17.161+0000] {processor.py:186} INFO - Started process (PID=15896) to work on /opt/airflow/dags/spark_airflow.py
[2024-10-24T20:05:17.162+0000] {processor.py:914} INFO - Processing file /opt/airflow/dags/spark_airflow.py for tasks to queue
[2024-10-24T20:05:17.163+0000] {logging_mixin.py:190} INFO - [2024-10-24T20:05:17.163+0000] {dagbag.py:588} INFO - Filling up the DagBag from /opt/airflow/dags/spark_airflow.py
[2024-10-24T20:05:17.181+0000] {processor.py:925} INFO - DAG(s) 'sparking_flow' retrieved from /opt/airflow/dags/spark_airflow.py
[2024-10-24T20:05:17.205+0000] {logging_mixin.py:190} INFO - [2024-10-24T20:05:17.205+0000] {dag.py:3239} INFO - Sync 1 DAGs
[2024-10-24T20:05:17.225+0000] {logging_mixin.py:190} INFO - [2024-10-24T20:05:17.224+0000] {dag.py:4180} INFO - Setting next_dagrun for sparking_flow to 2024-10-24 00:00:00+00:00, run_after=2024-10-25 00:00:00+00:00
[2024-10-24T20:05:17.254+0000] {processor.py:208} INFO - Processing /opt/airflow/dags/spark_airflow.py took 0.098 seconds
[2024-10-24T20:05:47.349+0000] {processor.py:186} INFO - Started process (PID=15901) to work on /opt/airflow/dags/spark_airflow.py
[2024-10-24T20:05:47.351+0000] {processor.py:914} INFO - Processing file /opt/airflow/dags/spark_airflow.py for tasks to queue
[2024-10-24T20:05:47.352+0000] {logging_mixin.py:190} INFO - [2024-10-24T20:05:47.352+0000] {dagbag.py:588} INFO - Filling up the DagBag from /opt/airflow/dags/spark_airflow.py
[2024-10-24T20:05:47.372+0000] {processor.py:925} INFO - DAG(s) 'sparking_flow' retrieved from /opt/airflow/dags/spark_airflow.py
[2024-10-24T20:05:47.397+0000] {logging_mixin.py:190} INFO - [2024-10-24T20:05:47.396+0000] {dag.py:3239} INFO - Sync 1 DAGs
[2024-10-24T20:05:47.417+0000] {logging_mixin.py:190} INFO - [2024-10-24T20:05:47.417+0000] {dag.py:4180} INFO - Setting next_dagrun for sparking_flow to 2024-10-24 00:00:00+00:00, run_after=2024-10-25 00:00:00+00:00
[2024-10-24T20:05:47.435+0000] {processor.py:208} INFO - Processing /opt/airflow/dags/spark_airflow.py took 0.092 seconds
[2024-10-24T20:06:17.585+0000] {processor.py:186} INFO - Started process (PID=15906) to work on /opt/airflow/dags/spark_airflow.py
[2024-10-24T20:06:17.586+0000] {processor.py:914} INFO - Processing file /opt/airflow/dags/spark_airflow.py for tasks to queue
[2024-10-24T20:06:17.587+0000] {logging_mixin.py:190} INFO - [2024-10-24T20:06:17.586+0000] {dagbag.py:588} INFO - Filling up the DagBag from /opt/airflow/dags/spark_airflow.py
[2024-10-24T20:06:17.604+0000] {processor.py:925} INFO - DAG(s) 'sparking_flow' retrieved from /opt/airflow/dags/spark_airflow.py
[2024-10-24T20:06:17.629+0000] {logging_mixin.py:190} INFO - [2024-10-24T20:06:17.628+0000] {dag.py:3239} INFO - Sync 1 DAGs
[2024-10-24T20:06:17.650+0000] {logging_mixin.py:190} INFO - [2024-10-24T20:06:17.650+0000] {dag.py:4180} INFO - Setting next_dagrun for sparking_flow to 2024-10-24 00:00:00+00:00, run_after=2024-10-25 00:00:00+00:00
[2024-10-24T20:06:17.665+0000] {processor.py:208} INFO - Processing /opt/airflow/dags/spark_airflow.py took 0.085 seconds
[2024-10-24T20:06:47.767+0000] {processor.py:186} INFO - Started process (PID=15911) to work on /opt/airflow/dags/spark_airflow.py
[2024-10-24T20:06:47.768+0000] {processor.py:914} INFO - Processing file /opt/airflow/dags/spark_airflow.py for tasks to queue
[2024-10-24T20:06:47.769+0000] {logging_mixin.py:190} INFO - [2024-10-24T20:06:47.769+0000] {dagbag.py:588} INFO - Filling up the DagBag from /opt/airflow/dags/spark_airflow.py
[2024-10-24T20:06:47.789+0000] {processor.py:925} INFO - DAG(s) 'sparking_flow' retrieved from /opt/airflow/dags/spark_airflow.py
[2024-10-24T20:06:47.816+0000] {logging_mixin.py:190} INFO - [2024-10-24T20:06:47.815+0000] {dag.py:3239} INFO - Sync 1 DAGs
[2024-10-24T20:06:47.838+0000] {logging_mixin.py:190} INFO - [2024-10-24T20:06:47.837+0000] {dag.py:4180} INFO - Setting next_dagrun for sparking_flow to 2024-10-24 00:00:00+00:00, run_after=2024-10-25 00:00:00+00:00
[2024-10-24T20:06:47.853+0000] {processor.py:208} INFO - Processing /opt/airflow/dags/spark_airflow.py took 0.093 seconds
[2024-10-24T20:07:18.028+0000] {processor.py:186} INFO - Started process (PID=15916) to work on /opt/airflow/dags/spark_airflow.py
[2024-10-24T20:07:18.028+0000] {processor.py:914} INFO - Processing file /opt/airflow/dags/spark_airflow.py for tasks to queue
[2024-10-24T20:07:18.030+0000] {logging_mixin.py:190} INFO - [2024-10-24T20:07:18.029+0000] {dagbag.py:588} INFO - Filling up the DagBag from /opt/airflow/dags/spark_airflow.py
[2024-10-24T20:07:18.047+0000] {processor.py:925} INFO - DAG(s) 'sparking_flow' retrieved from /opt/airflow/dags/spark_airflow.py
[2024-10-24T20:07:18.073+0000] {logging_mixin.py:190} INFO - [2024-10-24T20:07:18.073+0000] {dag.py:3239} INFO - Sync 1 DAGs
[2024-10-24T20:07:18.096+0000] {logging_mixin.py:190} INFO - [2024-10-24T20:07:18.096+0000] {dag.py:4180} INFO - Setting next_dagrun for sparking_flow to 2024-10-24 00:00:00+00:00, run_after=2024-10-25 00:00:00+00:00
[2024-10-24T20:07:18.114+0000] {processor.py:208} INFO - Processing /opt/airflow/dags/spark_airflow.py took 0.095 seconds
[2024-10-24T20:07:48.202+0000] {processor.py:186} INFO - Started process (PID=15921) to work on /opt/airflow/dags/spark_airflow.py
[2024-10-24T20:07:48.203+0000] {processor.py:914} INFO - Processing file /opt/airflow/dags/spark_airflow.py for tasks to queue
[2024-10-24T20:07:48.204+0000] {logging_mixin.py:190} INFO - [2024-10-24T20:07:48.204+0000] {dagbag.py:588} INFO - Filling up the DagBag from /opt/airflow/dags/spark_airflow.py
[2024-10-24T20:07:48.222+0000] {processor.py:925} INFO - DAG(s) 'sparking_flow' retrieved from /opt/airflow/dags/spark_airflow.py
[2024-10-24T20:07:48.248+0000] {logging_mixin.py:190} INFO - [2024-10-24T20:07:48.248+0000] {dag.py:3239} INFO - Sync 1 DAGs
[2024-10-24T20:07:48.271+0000] {logging_mixin.py:190} INFO - [2024-10-24T20:07:48.270+0000] {dag.py:4180} INFO - Setting next_dagrun for sparking_flow to 2024-10-24 00:00:00+00:00, run_after=2024-10-25 00:00:00+00:00
[2024-10-24T20:07:48.288+0000] {processor.py:208} INFO - Processing /opt/airflow/dags/spark_airflow.py took 0.092 seconds
[2024-10-24T20:08:18.441+0000] {processor.py:186} INFO - Started process (PID=15926) to work on /opt/airflow/dags/spark_airflow.py
[2024-10-24T20:08:18.442+0000] {processor.py:914} INFO - Processing file /opt/airflow/dags/spark_airflow.py for tasks to queue
[2024-10-24T20:08:18.444+0000] {logging_mixin.py:190} INFO - [2024-10-24T20:08:18.443+0000] {dagbag.py:588} INFO - Filling up the DagBag from /opt/airflow/dags/spark_airflow.py
[2024-10-24T20:08:18.460+0000] {processor.py:925} INFO - DAG(s) 'sparking_flow' retrieved from /opt/airflow/dags/spark_airflow.py
[2024-10-24T20:08:18.483+0000] {logging_mixin.py:190} INFO - [2024-10-24T20:08:18.483+0000] {dag.py:3239} INFO - Sync 1 DAGs
[2024-10-24T20:08:18.504+0000] {logging_mixin.py:190} INFO - [2024-10-24T20:08:18.503+0000] {dag.py:4180} INFO - Setting next_dagrun for sparking_flow to 2024-10-24 00:00:00+00:00, run_after=2024-10-25 00:00:00+00:00
[2024-10-24T20:08:18.520+0000] {processor.py:208} INFO - Processing /opt/airflow/dags/spark_airflow.py took 0.083 seconds
[2024-10-24T20:08:48.623+0000] {processor.py:186} INFO - Started process (PID=15931) to work on /opt/airflow/dags/spark_airflow.py
[2024-10-24T20:08:48.624+0000] {processor.py:914} INFO - Processing file /opt/airflow/dags/spark_airflow.py for tasks to queue
[2024-10-24T20:08:48.626+0000] {logging_mixin.py:190} INFO - [2024-10-24T20:08:48.625+0000] {dagbag.py:588} INFO - Filling up the DagBag from /opt/airflow/dags/spark_airflow.py
[2024-10-24T20:08:48.645+0000] {processor.py:925} INFO - DAG(s) 'sparking_flow' retrieved from /opt/airflow/dags/spark_airflow.py
[2024-10-24T20:08:48.671+0000] {logging_mixin.py:190} INFO - [2024-10-24T20:08:48.671+0000] {dag.py:3239} INFO - Sync 1 DAGs
[2024-10-24T20:08:48.695+0000] {logging_mixin.py:190} INFO - [2024-10-24T20:08:48.694+0000] {dag.py:4180} INFO - Setting next_dagrun for sparking_flow to 2024-10-24 00:00:00+00:00, run_after=2024-10-25 00:00:00+00:00
[2024-10-24T20:08:48.712+0000] {processor.py:208} INFO - Processing /opt/airflow/dags/spark_airflow.py took 0.096 seconds
[2024-10-24T20:09:18.859+0000] {processor.py:186} INFO - Started process (PID=15936) to work on /opt/airflow/dags/spark_airflow.py
[2024-10-24T20:09:18.859+0000] {processor.py:914} INFO - Processing file /opt/airflow/dags/spark_airflow.py for tasks to queue
[2024-10-24T20:09:18.860+0000] {logging_mixin.py:190} INFO - [2024-10-24T20:09:18.860+0000] {dagbag.py:588} INFO - Filling up the DagBag from /opt/airflow/dags/spark_airflow.py
[2024-10-24T20:09:18.876+0000] {processor.py:925} INFO - DAG(s) 'sparking_flow' retrieved from /opt/airflow/dags/spark_airflow.py
[2024-10-24T20:09:18.899+0000] {logging_mixin.py:190} INFO - [2024-10-24T20:09:18.899+0000] {dag.py:3239} INFO - Sync 1 DAGs
[2024-10-24T20:09:18.920+0000] {logging_mixin.py:190} INFO - [2024-10-24T20:09:18.920+0000] {dag.py:4180} INFO - Setting next_dagrun for sparking_flow to 2024-10-24 00:00:00+00:00, run_after=2024-10-25 00:00:00+00:00
[2024-10-24T20:09:18.936+0000] {processor.py:208} INFO - Processing /opt/airflow/dags/spark_airflow.py took 0.082 seconds
[2024-10-24T20:09:49.056+0000] {processor.py:186} INFO - Started process (PID=15941) to work on /opt/airflow/dags/spark_airflow.py
[2024-10-24T20:09:49.057+0000] {processor.py:914} INFO - Processing file /opt/airflow/dags/spark_airflow.py for tasks to queue
[2024-10-24T20:09:49.059+0000] {logging_mixin.py:190} INFO - [2024-10-24T20:09:49.059+0000] {dagbag.py:588} INFO - Filling up the DagBag from /opt/airflow/dags/spark_airflow.py
[2024-10-24T20:09:49.079+0000] {processor.py:925} INFO - DAG(s) 'sparking_flow' retrieved from /opt/airflow/dags/spark_airflow.py
[2024-10-24T20:09:49.105+0000] {logging_mixin.py:190} INFO - [2024-10-24T20:09:49.104+0000] {dag.py:3239} INFO - Sync 1 DAGs
[2024-10-24T20:09:49.127+0000] {logging_mixin.py:190} INFO - [2024-10-24T20:09:49.127+0000] {dag.py:4180} INFO - Setting next_dagrun for sparking_flow to 2024-10-24 00:00:00+00:00, run_after=2024-10-25 00:00:00+00:00
[2024-10-24T20:09:49.157+0000] {processor.py:208} INFO - Processing /opt/airflow/dags/spark_airflow.py took 0.108 seconds
[2024-10-24T20:10:19.274+0000] {processor.py:186} INFO - Started process (PID=15946) to work on /opt/airflow/dags/spark_airflow.py
[2024-10-24T20:10:19.275+0000] {processor.py:914} INFO - Processing file /opt/airflow/dags/spark_airflow.py for tasks to queue
[2024-10-24T20:10:19.276+0000] {logging_mixin.py:190} INFO - [2024-10-24T20:10:19.276+0000] {dagbag.py:588} INFO - Filling up the DagBag from /opt/airflow/dags/spark_airflow.py
[2024-10-24T20:10:19.292+0000] {processor.py:925} INFO - DAG(s) 'sparking_flow' retrieved from /opt/airflow/dags/spark_airflow.py
[2024-10-24T20:10:19.316+0000] {logging_mixin.py:190} INFO - [2024-10-24T20:10:19.315+0000] {dag.py:3239} INFO - Sync 1 DAGs
[2024-10-24T20:10:19.336+0000] {logging_mixin.py:190} INFO - [2024-10-24T20:10:19.336+0000] {dag.py:4180} INFO - Setting next_dagrun for sparking_flow to 2024-10-24 00:00:00+00:00, run_after=2024-10-25 00:00:00+00:00
[2024-10-24T20:10:19.354+0000] {processor.py:208} INFO - Processing /opt/airflow/dags/spark_airflow.py took 0.086 seconds
[2024-10-24T20:10:49.500+0000] {processor.py:186} INFO - Started process (PID=15951) to work on /opt/airflow/dags/spark_airflow.py
[2024-10-24T20:10:49.501+0000] {processor.py:914} INFO - Processing file /opt/airflow/dags/spark_airflow.py for tasks to queue
[2024-10-24T20:10:49.502+0000] {logging_mixin.py:190} INFO - [2024-10-24T20:10:49.502+0000] {dagbag.py:588} INFO - Filling up the DagBag from /opt/airflow/dags/spark_airflow.py
[2024-10-24T20:10:49.520+0000] {processor.py:925} INFO - DAG(s) 'sparking_flow' retrieved from /opt/airflow/dags/spark_airflow.py
[2024-10-24T20:10:49.545+0000] {logging_mixin.py:190} INFO - [2024-10-24T20:10:49.545+0000] {dag.py:3239} INFO - Sync 1 DAGs
[2024-10-24T20:10:49.566+0000] {logging_mixin.py:190} INFO - [2024-10-24T20:10:49.566+0000] {dag.py:4180} INFO - Setting next_dagrun for sparking_flow to 2024-10-24 00:00:00+00:00, run_after=2024-10-25 00:00:00+00:00
[2024-10-24T20:10:49.597+0000] {processor.py:208} INFO - Processing /opt/airflow/dags/spark_airflow.py took 0.102 seconds
[2024-10-24T20:11:19.687+0000] {processor.py:186} INFO - Started process (PID=15956) to work on /opt/airflow/dags/spark_airflow.py
[2024-10-24T20:11:19.688+0000] {processor.py:914} INFO - Processing file /opt/airflow/dags/spark_airflow.py for tasks to queue
[2024-10-24T20:11:19.689+0000] {logging_mixin.py:190} INFO - [2024-10-24T20:11:19.689+0000] {dagbag.py:588} INFO - Filling up the DagBag from /opt/airflow/dags/spark_airflow.py
[2024-10-24T20:11:19.709+0000] {processor.py:925} INFO - DAG(s) 'sparking_flow' retrieved from /opt/airflow/dags/spark_airflow.py
[2024-10-24T20:11:19.733+0000] {logging_mixin.py:190} INFO - [2024-10-24T20:11:19.733+0000] {dag.py:3239} INFO - Sync 1 DAGs
[2024-10-24T20:11:19.753+0000] {logging_mixin.py:190} INFO - [2024-10-24T20:11:19.753+0000] {dag.py:4180} INFO - Setting next_dagrun for sparking_flow to 2024-10-24 00:00:00+00:00, run_after=2024-10-25 00:00:00+00:00
[2024-10-24T20:11:19.770+0000] {processor.py:208} INFO - Processing /opt/airflow/dags/spark_airflow.py took 0.090 seconds
[2024-10-24T20:11:49.958+0000] {processor.py:186} INFO - Started process (PID=15961) to work on /opt/airflow/dags/spark_airflow.py
[2024-10-24T20:11:49.959+0000] {processor.py:914} INFO - Processing file /opt/airflow/dags/spark_airflow.py for tasks to queue
[2024-10-24T20:11:49.960+0000] {logging_mixin.py:190} INFO - [2024-10-24T20:11:49.960+0000] {dagbag.py:588} INFO - Filling up the DagBag from /opt/airflow/dags/spark_airflow.py
[2024-10-24T20:11:49.976+0000] {processor.py:925} INFO - DAG(s) 'sparking_flow' retrieved from /opt/airflow/dags/spark_airflow.py
[2024-10-24T20:11:50.001+0000] {logging_mixin.py:190} INFO - [2024-10-24T20:11:50.001+0000] {dag.py:3239} INFO - Sync 1 DAGs
[2024-10-24T20:11:50.023+0000] {logging_mixin.py:190} INFO - [2024-10-24T20:11:50.023+0000] {dag.py:4180} INFO - Setting next_dagrun for sparking_flow to 2024-10-24 00:00:00+00:00, run_after=2024-10-25 00:00:00+00:00
[2024-10-24T20:11:50.039+0000] {processor.py:208} INFO - Processing /opt/airflow/dags/spark_airflow.py took 0.085 seconds
[2024-10-24T20:12:20.140+0000] {processor.py:186} INFO - Started process (PID=15966) to work on /opt/airflow/dags/spark_airflow.py
[2024-10-24T20:12:20.141+0000] {processor.py:914} INFO - Processing file /opt/airflow/dags/spark_airflow.py for tasks to queue
[2024-10-24T20:12:20.142+0000] {logging_mixin.py:190} INFO - [2024-10-24T20:12:20.142+0000] {dagbag.py:588} INFO - Filling up the DagBag from /opt/airflow/dags/spark_airflow.py
[2024-10-24T20:12:20.160+0000] {processor.py:925} INFO - DAG(s) 'sparking_flow' retrieved from /opt/airflow/dags/spark_airflow.py
[2024-10-24T20:12:20.186+0000] {logging_mixin.py:190} INFO - [2024-10-24T20:12:20.185+0000] {dag.py:3239} INFO - Sync 1 DAGs
[2024-10-24T20:12:20.208+0000] {logging_mixin.py:190} INFO - [2024-10-24T20:12:20.208+0000] {dag.py:4180} INFO - Setting next_dagrun for sparking_flow to 2024-10-24 00:00:00+00:00, run_after=2024-10-25 00:00:00+00:00
[2024-10-24T20:12:20.225+0000] {processor.py:208} INFO - Processing /opt/airflow/dags/spark_airflow.py took 0.090 seconds
[2024-10-24T20:12:50.379+0000] {processor.py:186} INFO - Started process (PID=15971) to work on /opt/airflow/dags/spark_airflow.py
[2024-10-24T20:12:50.380+0000] {processor.py:914} INFO - Processing file /opt/airflow/dags/spark_airflow.py for tasks to queue
[2024-10-24T20:12:50.381+0000] {logging_mixin.py:190} INFO - [2024-10-24T20:12:50.381+0000] {dagbag.py:588} INFO - Filling up the DagBag from /opt/airflow/dags/spark_airflow.py
[2024-10-24T20:12:50.400+0000] {processor.py:925} INFO - DAG(s) 'sparking_flow' retrieved from /opt/airflow/dags/spark_airflow.py
[2024-10-24T20:12:50.426+0000] {logging_mixin.py:190} INFO - [2024-10-24T20:12:50.426+0000] {dag.py:3239} INFO - Sync 1 DAGs
[2024-10-24T20:12:50.448+0000] {logging_mixin.py:190} INFO - [2024-10-24T20:12:50.448+0000] {dag.py:4180} INFO - Setting next_dagrun for sparking_flow to 2024-10-24 00:00:00+00:00, run_after=2024-10-25 00:00:00+00:00
[2024-10-24T20:12:50.465+0000] {processor.py:208} INFO - Processing /opt/airflow/dags/spark_airflow.py took 0.091 seconds
[2024-10-24T20:13:20.559+0000] {processor.py:186} INFO - Started process (PID=15976) to work on /opt/airflow/dags/spark_airflow.py
[2024-10-24T20:13:20.560+0000] {processor.py:914} INFO - Processing file /opt/airflow/dags/spark_airflow.py for tasks to queue
[2024-10-24T20:13:20.561+0000] {logging_mixin.py:190} INFO - [2024-10-24T20:13:20.561+0000] {dagbag.py:588} INFO - Filling up the DagBag from /opt/airflow/dags/spark_airflow.py
[2024-10-24T20:13:20.581+0000] {processor.py:925} INFO - DAG(s) 'sparking_flow' retrieved from /opt/airflow/dags/spark_airflow.py
[2024-10-24T20:13:20.607+0000] {logging_mixin.py:190} INFO - [2024-10-24T20:13:20.607+0000] {dag.py:3239} INFO - Sync 1 DAGs
[2024-10-24T20:13:20.627+0000] {logging_mixin.py:190} INFO - [2024-10-24T20:13:20.627+0000] {dag.py:4180} INFO - Setting next_dagrun for sparking_flow to 2024-10-24 00:00:00+00:00, run_after=2024-10-25 00:00:00+00:00
[2024-10-24T20:13:20.642+0000] {processor.py:208} INFO - Processing /opt/airflow/dags/spark_airflow.py took 0.089 seconds
[2024-10-24T20:13:50.807+0000] {processor.py:186} INFO - Started process (PID=15981) to work on /opt/airflow/dags/spark_airflow.py
[2024-10-24T20:13:50.808+0000] {processor.py:914} INFO - Processing file /opt/airflow/dags/spark_airflow.py for tasks to queue
[2024-10-24T20:13:50.809+0000] {logging_mixin.py:190} INFO - [2024-10-24T20:13:50.809+0000] {dagbag.py:588} INFO - Filling up the DagBag from /opt/airflow/dags/spark_airflow.py
[2024-10-24T20:13:50.827+0000] {processor.py:925} INFO - DAG(s) 'sparking_flow' retrieved from /opt/airflow/dags/spark_airflow.py
[2024-10-24T20:13:50.852+0000] {logging_mixin.py:190} INFO - [2024-10-24T20:13:50.852+0000] {dag.py:3239} INFO - Sync 1 DAGs
[2024-10-24T20:13:50.874+0000] {logging_mixin.py:190} INFO - [2024-10-24T20:13:50.873+0000] {dag.py:4180} INFO - Setting next_dagrun for sparking_flow to 2024-10-24 00:00:00+00:00, run_after=2024-10-25 00:00:00+00:00
[2024-10-24T20:13:50.892+0000] {processor.py:208} INFO - Processing /opt/airflow/dags/spark_airflow.py took 0.089 seconds
[2024-10-24T20:14:20.988+0000] {processor.py:186} INFO - Started process (PID=15986) to work on /opt/airflow/dags/spark_airflow.py
[2024-10-24T20:14:20.989+0000] {processor.py:914} INFO - Processing file /opt/airflow/dags/spark_airflow.py for tasks to queue
[2024-10-24T20:14:20.990+0000] {logging_mixin.py:190} INFO - [2024-10-24T20:14:20.990+0000] {dagbag.py:588} INFO - Filling up the DagBag from /opt/airflow/dags/spark_airflow.py
[2024-10-24T20:14:21.010+0000] {processor.py:925} INFO - DAG(s) 'sparking_flow' retrieved from /opt/airflow/dags/spark_airflow.py
[2024-10-24T20:14:21.033+0000] {logging_mixin.py:190} INFO - [2024-10-24T20:14:21.033+0000] {dag.py:3239} INFO - Sync 1 DAGs
[2024-10-24T20:14:21.054+0000] {logging_mixin.py:190} INFO - [2024-10-24T20:14:21.054+0000] {dag.py:4180} INFO - Setting next_dagrun for sparking_flow to 2024-10-24 00:00:00+00:00, run_after=2024-10-25 00:00:00+00:00
[2024-10-24T20:14:21.072+0000] {processor.py:208} INFO - Processing /opt/airflow/dags/spark_airflow.py took 0.090 seconds
[2024-10-24T20:14:51.233+0000] {processor.py:186} INFO - Started process (PID=15991) to work on /opt/airflow/dags/spark_airflow.py
[2024-10-24T20:14:51.234+0000] {processor.py:914} INFO - Processing file /opt/airflow/dags/spark_airflow.py for tasks to queue
[2024-10-24T20:14:51.235+0000] {logging_mixin.py:190} INFO - [2024-10-24T20:14:51.234+0000] {dagbag.py:588} INFO - Filling up the DagBag from /opt/airflow/dags/spark_airflow.py
[2024-10-24T20:14:51.252+0000] {processor.py:925} INFO - DAG(s) 'sparking_flow' retrieved from /opt/airflow/dags/spark_airflow.py
[2024-10-24T20:14:51.278+0000] {logging_mixin.py:190} INFO - [2024-10-24T20:14:51.278+0000] {dag.py:3239} INFO - Sync 1 DAGs
[2024-10-24T20:14:51.301+0000] {logging_mixin.py:190} INFO - [2024-10-24T20:14:51.301+0000] {dag.py:4180} INFO - Setting next_dagrun for sparking_flow to 2024-10-24 00:00:00+00:00, run_after=2024-10-25 00:00:00+00:00
[2024-10-24T20:14:51.318+0000] {processor.py:208} INFO - Processing /opt/airflow/dags/spark_airflow.py took 0.090 seconds
[2024-10-24T20:15:21.417+0000] {processor.py:186} INFO - Started process (PID=15996) to work on /opt/airflow/dags/spark_airflow.py
[2024-10-24T20:15:21.418+0000] {processor.py:914} INFO - Processing file /opt/airflow/dags/spark_airflow.py for tasks to queue
[2024-10-24T20:15:21.419+0000] {logging_mixin.py:190} INFO - [2024-10-24T20:15:21.419+0000] {dagbag.py:588} INFO - Filling up the DagBag from /opt/airflow/dags/spark_airflow.py
[2024-10-24T20:15:21.440+0000] {processor.py:925} INFO - DAG(s) 'sparking_flow' retrieved from /opt/airflow/dags/spark_airflow.py
[2024-10-24T20:15:21.468+0000] {logging_mixin.py:190} INFO - [2024-10-24T20:15:21.468+0000] {dag.py:3239} INFO - Sync 1 DAGs
[2024-10-24T20:15:21.490+0000] {logging_mixin.py:190} INFO - [2024-10-24T20:15:21.490+0000] {dag.py:4180} INFO - Setting next_dagrun for sparking_flow to 2024-10-24 00:00:00+00:00, run_after=2024-10-25 00:00:00+00:00
[2024-10-24T20:15:21.508+0000] {processor.py:208} INFO - Processing /opt/airflow/dags/spark_airflow.py took 0.097 seconds
[2024-10-24T20:15:51.666+0000] {processor.py:186} INFO - Started process (PID=16001) to work on /opt/airflow/dags/spark_airflow.py
[2024-10-24T20:15:51.667+0000] {processor.py:914} INFO - Processing file /opt/airflow/dags/spark_airflow.py for tasks to queue
[2024-10-24T20:15:51.668+0000] {logging_mixin.py:190} INFO - [2024-10-24T20:15:51.668+0000] {dagbag.py:588} INFO - Filling up the DagBag from /opt/airflow/dags/spark_airflow.py
[2024-10-24T20:15:51.686+0000] {processor.py:925} INFO - DAG(s) 'sparking_flow' retrieved from /opt/airflow/dags/spark_airflow.py
[2024-10-24T20:15:51.711+0000] {logging_mixin.py:190} INFO - [2024-10-24T20:15:51.711+0000] {dag.py:3239} INFO - Sync 1 DAGs
[2024-10-24T20:15:51.734+0000] {logging_mixin.py:190} INFO - [2024-10-24T20:15:51.734+0000] {dag.py:4180} INFO - Setting next_dagrun for sparking_flow to 2024-10-24 00:00:00+00:00, run_after=2024-10-25 00:00:00+00:00
[2024-10-24T20:15:51.750+0000] {processor.py:208} INFO - Processing /opt/airflow/dags/spark_airflow.py took 0.088 seconds
[2024-10-24T20:16:21.846+0000] {processor.py:186} INFO - Started process (PID=16006) to work on /opt/airflow/dags/spark_airflow.py
[2024-10-24T20:16:21.847+0000] {processor.py:914} INFO - Processing file /opt/airflow/dags/spark_airflow.py for tasks to queue
[2024-10-24T20:16:21.848+0000] {logging_mixin.py:190} INFO - [2024-10-24T20:16:21.848+0000] {dagbag.py:588} INFO - Filling up the DagBag from /opt/airflow/dags/spark_airflow.py
[2024-10-24T20:16:21.866+0000] {processor.py:925} INFO - DAG(s) 'sparking_flow' retrieved from /opt/airflow/dags/spark_airflow.py
[2024-10-24T20:16:21.890+0000] {logging_mixin.py:190} INFO - [2024-10-24T20:16:21.890+0000] {dag.py:3239} INFO - Sync 1 DAGs
[2024-10-24T20:16:21.910+0000] {logging_mixin.py:190} INFO - [2024-10-24T20:16:21.910+0000] {dag.py:4180} INFO - Setting next_dagrun for sparking_flow to 2024-10-24 00:00:00+00:00, run_after=2024-10-25 00:00:00+00:00
[2024-10-24T20:16:21.925+0000] {processor.py:208} INFO - Processing /opt/airflow/dags/spark_airflow.py took 0.084 seconds
[2024-10-24T20:16:52.115+0000] {processor.py:186} INFO - Started process (PID=16011) to work on /opt/airflow/dags/spark_airflow.py
[2024-10-24T20:16:52.116+0000] {processor.py:914} INFO - Processing file /opt/airflow/dags/spark_airflow.py for tasks to queue
[2024-10-24T20:16:52.117+0000] {logging_mixin.py:190} INFO - [2024-10-24T20:16:52.116+0000] {dagbag.py:588} INFO - Filling up the DagBag from /opt/airflow/dags/spark_airflow.py
[2024-10-24T20:16:52.134+0000] {processor.py:925} INFO - DAG(s) 'sparking_flow' retrieved from /opt/airflow/dags/spark_airflow.py
[2024-10-24T20:16:52.162+0000] {logging_mixin.py:190} INFO - [2024-10-24T20:16:52.162+0000] {dag.py:3239} INFO - Sync 1 DAGs
[2024-10-24T20:16:52.184+0000] {logging_mixin.py:190} INFO - [2024-10-24T20:16:52.183+0000] {dag.py:4180} INFO - Setting next_dagrun for sparking_flow to 2024-10-24 00:00:00+00:00, run_after=2024-10-25 00:00:00+00:00
[2024-10-24T20:16:52.201+0000] {processor.py:208} INFO - Processing /opt/airflow/dags/spark_airflow.py took 0.091 seconds
[2024-10-24T20:17:22.299+0000] {processor.py:186} INFO - Started process (PID=16016) to work on /opt/airflow/dags/spark_airflow.py
[2024-10-24T20:17:22.300+0000] {processor.py:914} INFO - Processing file /opt/airflow/dags/spark_airflow.py for tasks to queue
[2024-10-24T20:17:22.301+0000] {logging_mixin.py:190} INFO - [2024-10-24T20:17:22.301+0000] {dagbag.py:588} INFO - Filling up the DagBag from /opt/airflow/dags/spark_airflow.py
[2024-10-24T20:17:22.319+0000] {processor.py:925} INFO - DAG(s) 'sparking_flow' retrieved from /opt/airflow/dags/spark_airflow.py
[2024-10-24T20:17:22.345+0000] {logging_mixin.py:190} INFO - [2024-10-24T20:17:22.345+0000] {dag.py:3239} INFO - Sync 1 DAGs
[2024-10-24T20:17:22.368+0000] {logging_mixin.py:190} INFO - [2024-10-24T20:17:22.368+0000] {dag.py:4180} INFO - Setting next_dagrun for sparking_flow to 2024-10-24 00:00:00+00:00, run_after=2024-10-25 00:00:00+00:00
[2024-10-24T20:17:22.384+0000] {processor.py:208} INFO - Processing /opt/airflow/dags/spark_airflow.py took 0.090 seconds
[2024-10-24T20:17:52.545+0000] {processor.py:186} INFO - Started process (PID=16021) to work on /opt/airflow/dags/spark_airflow.py
[2024-10-24T20:17:52.546+0000] {processor.py:914} INFO - Processing file /opt/airflow/dags/spark_airflow.py for tasks to queue
[2024-10-24T20:17:52.547+0000] {logging_mixin.py:190} INFO - [2024-10-24T20:17:52.546+0000] {dagbag.py:588} INFO - Filling up the DagBag from /opt/airflow/dags/spark_airflow.py
[2024-10-24T20:17:52.564+0000] {processor.py:925} INFO - DAG(s) 'sparking_flow' retrieved from /opt/airflow/dags/spark_airflow.py
[2024-10-24T20:17:52.589+0000] {logging_mixin.py:190} INFO - [2024-10-24T20:17:52.589+0000] {dag.py:3239} INFO - Sync 1 DAGs
[2024-10-24T20:17:52.613+0000] {logging_mixin.py:190} INFO - [2024-10-24T20:17:52.613+0000] {dag.py:4180} INFO - Setting next_dagrun for sparking_flow to 2024-10-24 00:00:00+00:00, run_after=2024-10-25 00:00:00+00:00
[2024-10-24T20:17:52.632+0000] {processor.py:208} INFO - Processing /opt/airflow/dags/spark_airflow.py took 0.091 seconds
[2024-10-24T20:18:22.723+0000] {processor.py:186} INFO - Started process (PID=16026) to work on /opt/airflow/dags/spark_airflow.py
[2024-10-24T20:18:22.724+0000] {processor.py:914} INFO - Processing file /opt/airflow/dags/spark_airflow.py for tasks to queue
[2024-10-24T20:18:22.725+0000] {logging_mixin.py:190} INFO - [2024-10-24T20:18:22.724+0000] {dagbag.py:588} INFO - Filling up the DagBag from /opt/airflow/dags/spark_airflow.py
[2024-10-24T20:18:22.742+0000] {processor.py:925} INFO - DAG(s) 'sparking_flow' retrieved from /opt/airflow/dags/spark_airflow.py
[2024-10-24T20:18:22.766+0000] {logging_mixin.py:190} INFO - [2024-10-24T20:18:22.765+0000] {dag.py:3239} INFO - Sync 1 DAGs
[2024-10-24T20:18:22.787+0000] {logging_mixin.py:190} INFO - [2024-10-24T20:18:22.787+0000] {dag.py:4180} INFO - Setting next_dagrun for sparking_flow to 2024-10-24 00:00:00+00:00, run_after=2024-10-25 00:00:00+00:00
[2024-10-24T20:18:22.817+0000] {processor.py:208} INFO - Processing /opt/airflow/dags/spark_airflow.py took 0.099 seconds
[2024-10-24T20:18:52.977+0000] {processor.py:186} INFO - Started process (PID=16031) to work on /opt/airflow/dags/spark_airflow.py
[2024-10-24T20:18:52.978+0000] {processor.py:914} INFO - Processing file /opt/airflow/dags/spark_airflow.py for tasks to queue
[2024-10-24T20:18:52.980+0000] {logging_mixin.py:190} INFO - [2024-10-24T20:18:52.979+0000] {dagbag.py:588} INFO - Filling up the DagBag from /opt/airflow/dags/spark_airflow.py
[2024-10-24T20:18:52.999+0000] {processor.py:925} INFO - DAG(s) 'sparking_flow' retrieved from /opt/airflow/dags/spark_airflow.py
[2024-10-24T20:18:53.023+0000] {logging_mixin.py:190} INFO - [2024-10-24T20:18:53.023+0000] {dag.py:3239} INFO - Sync 1 DAGs
[2024-10-24T20:18:53.043+0000] {logging_mixin.py:190} INFO - [2024-10-24T20:18:53.043+0000] {dag.py:4180} INFO - Setting next_dagrun for sparking_flow to 2024-10-24 00:00:00+00:00, run_after=2024-10-25 00:00:00+00:00
[2024-10-24T20:18:53.060+0000] {processor.py:208} INFO - Processing /opt/airflow/dags/spark_airflow.py took 0.088 seconds
[2024-10-24T20:19:23.152+0000] {processor.py:186} INFO - Started process (PID=16036) to work on /opt/airflow/dags/spark_airflow.py
[2024-10-24T20:19:23.153+0000] {processor.py:914} INFO - Processing file /opt/airflow/dags/spark_airflow.py for tasks to queue
[2024-10-24T20:19:23.154+0000] {logging_mixin.py:190} INFO - [2024-10-24T20:19:23.154+0000] {dagbag.py:588} INFO - Filling up the DagBag from /opt/airflow/dags/spark_airflow.py
[2024-10-24T20:19:23.173+0000] {processor.py:925} INFO - DAG(s) 'sparking_flow' retrieved from /opt/airflow/dags/spark_airflow.py
[2024-10-24T20:19:23.201+0000] {logging_mixin.py:190} INFO - [2024-10-24T20:19:23.201+0000] {dag.py:3239} INFO - Sync 1 DAGs
[2024-10-24T20:19:23.222+0000] {logging_mixin.py:190} INFO - [2024-10-24T20:19:23.222+0000] {dag.py:4180} INFO - Setting next_dagrun for sparking_flow to 2024-10-24 00:00:00+00:00, run_after=2024-10-25 00:00:00+00:00
[2024-10-24T20:19:23.238+0000] {processor.py:208} INFO - Processing /opt/airflow/dags/spark_airflow.py took 0.091 seconds
[2024-10-24T20:19:53.390+0000] {processor.py:186} INFO - Started process (PID=16041) to work on /opt/airflow/dags/spark_airflow.py
[2024-10-24T20:19:53.391+0000] {processor.py:914} INFO - Processing file /opt/airflow/dags/spark_airflow.py for tasks to queue
[2024-10-24T20:19:53.393+0000] {logging_mixin.py:190} INFO - [2024-10-24T20:19:53.392+0000] {dagbag.py:588} INFO - Filling up the DagBag from /opt/airflow/dags/spark_airflow.py
[2024-10-24T20:19:53.410+0000] {processor.py:925} INFO - DAG(s) 'sparking_flow' retrieved from /opt/airflow/dags/spark_airflow.py
[2024-10-24T20:19:53.435+0000] {logging_mixin.py:190} INFO - [2024-10-24T20:19:53.435+0000] {dag.py:3239} INFO - Sync 1 DAGs
[2024-10-24T20:19:53.458+0000] {logging_mixin.py:190} INFO - [2024-10-24T20:19:53.458+0000] {dag.py:4180} INFO - Setting next_dagrun for sparking_flow to 2024-10-24 00:00:00+00:00, run_after=2024-10-25 00:00:00+00:00
[2024-10-24T20:19:53.476+0000] {processor.py:208} INFO - Processing /opt/airflow/dags/spark_airflow.py took 0.090 seconds
[2024-10-24T20:20:23.567+0000] {processor.py:186} INFO - Started process (PID=16046) to work on /opt/airflow/dags/spark_airflow.py
[2024-10-24T20:20:23.568+0000] {processor.py:914} INFO - Processing file /opt/airflow/dags/spark_airflow.py for tasks to queue
[2024-10-24T20:20:23.570+0000] {logging_mixin.py:190} INFO - [2024-10-24T20:20:23.570+0000] {dagbag.py:588} INFO - Filling up the DagBag from /opt/airflow/dags/spark_airflow.py
[2024-10-24T20:20:23.589+0000] {processor.py:925} INFO - DAG(s) 'sparking_flow' retrieved from /opt/airflow/dags/spark_airflow.py
[2024-10-24T20:20:23.616+0000] {logging_mixin.py:190} INFO - [2024-10-24T20:20:23.616+0000] {dag.py:3239} INFO - Sync 1 DAGs
[2024-10-24T20:20:23.639+0000] {logging_mixin.py:190} INFO - [2024-10-24T20:20:23.638+0000] {dag.py:4180} INFO - Setting next_dagrun for sparking_flow to 2024-10-24 00:00:00+00:00, run_after=2024-10-25 00:00:00+00:00
[2024-10-24T20:20:23.669+0000] {processor.py:208} INFO - Processing /opt/airflow/dags/spark_airflow.py took 0.108 seconds
[2024-10-24T20:20:53.811+0000] {processor.py:186} INFO - Started process (PID=16051) to work on /opt/airflow/dags/spark_airflow.py
[2024-10-24T20:20:53.811+0000] {processor.py:914} INFO - Processing file /opt/airflow/dags/spark_airflow.py for tasks to queue
[2024-10-24T20:20:53.812+0000] {logging_mixin.py:190} INFO - [2024-10-24T20:20:53.812+0000] {dagbag.py:588} INFO - Filling up the DagBag from /opt/airflow/dags/spark_airflow.py
[2024-10-24T20:20:53.830+0000] {processor.py:925} INFO - DAG(s) 'sparking_flow' retrieved from /opt/airflow/dags/spark_airflow.py
[2024-10-24T20:20:53.856+0000] {logging_mixin.py:190} INFO - [2024-10-24T20:20:53.855+0000] {dag.py:3239} INFO - Sync 1 DAGs
[2024-10-24T20:20:53.878+0000] {logging_mixin.py:190} INFO - [2024-10-24T20:20:53.878+0000] {dag.py:4180} INFO - Setting next_dagrun for sparking_flow to 2024-10-24 00:00:00+00:00, run_after=2024-10-25 00:00:00+00:00
[2024-10-24T20:20:53.894+0000] {processor.py:208} INFO - Processing /opt/airflow/dags/spark_airflow.py took 0.090 seconds
[2024-10-24T20:21:24.003+0000] {processor.py:186} INFO - Started process (PID=16056) to work on /opt/airflow/dags/spark_airflow.py
[2024-10-24T20:21:24.004+0000] {processor.py:914} INFO - Processing file /opt/airflow/dags/spark_airflow.py for tasks to queue
[2024-10-24T20:21:24.005+0000] {logging_mixin.py:190} INFO - [2024-10-24T20:21:24.005+0000] {dagbag.py:588} INFO - Filling up the DagBag from /opt/airflow/dags/spark_airflow.py
[2024-10-24T20:21:24.024+0000] {processor.py:925} INFO - DAG(s) 'sparking_flow' retrieved from /opt/airflow/dags/spark_airflow.py
[2024-10-24T20:21:24.050+0000] {logging_mixin.py:190} INFO - [2024-10-24T20:21:24.049+0000] {dag.py:3239} INFO - Sync 1 DAGs
[2024-10-24T20:21:24.071+0000] {logging_mixin.py:190} INFO - [2024-10-24T20:21:24.071+0000] {dag.py:4180} INFO - Setting next_dagrun for sparking_flow to 2024-10-24 00:00:00+00:00, run_after=2024-10-25 00:00:00+00:00
[2024-10-24T20:21:24.101+0000] {processor.py:208} INFO - Processing /opt/airflow/dags/spark_airflow.py took 0.103 seconds
[2024-10-24T20:21:54.272+0000] {processor.py:186} INFO - Started process (PID=16061) to work on /opt/airflow/dags/spark_airflow.py
[2024-10-24T20:21:54.272+0000] {processor.py:914} INFO - Processing file /opt/airflow/dags/spark_airflow.py for tasks to queue
[2024-10-24T20:21:54.274+0000] {logging_mixin.py:190} INFO - [2024-10-24T20:21:54.273+0000] {dagbag.py:588} INFO - Filling up the DagBag from /opt/airflow/dags/spark_airflow.py
[2024-10-24T20:21:54.292+0000] {processor.py:925} INFO - DAG(s) 'sparking_flow' retrieved from /opt/airflow/dags/spark_airflow.py
[2024-10-24T20:21:54.314+0000] {logging_mixin.py:190} INFO - [2024-10-24T20:21:54.314+0000] {dag.py:3239} INFO - Sync 1 DAGs
[2024-10-24T20:21:54.335+0000] {logging_mixin.py:190} INFO - [2024-10-24T20:21:54.335+0000] {dag.py:4180} INFO - Setting next_dagrun for sparking_flow to 2024-10-24 00:00:00+00:00, run_after=2024-10-25 00:00:00+00:00
[2024-10-24T20:21:54.351+0000] {processor.py:208} INFO - Processing /opt/airflow/dags/spark_airflow.py took 0.084 seconds
[2024-10-24T20:22:24.450+0000] {processor.py:186} INFO - Started process (PID=16066) to work on /opt/airflow/dags/spark_airflow.py
[2024-10-24T20:22:24.451+0000] {processor.py:914} INFO - Processing file /opt/airflow/dags/spark_airflow.py for tasks to queue
[2024-10-24T20:22:24.453+0000] {logging_mixin.py:190} INFO - [2024-10-24T20:22:24.452+0000] {dagbag.py:588} INFO - Filling up the DagBag from /opt/airflow/dags/spark_airflow.py
[2024-10-24T20:22:24.470+0000] {processor.py:925} INFO - DAG(s) 'sparking_flow' retrieved from /opt/airflow/dags/spark_airflow.py
[2024-10-24T20:22:24.496+0000] {logging_mixin.py:190} INFO - [2024-10-24T20:22:24.495+0000] {dag.py:3239} INFO - Sync 1 DAGs
[2024-10-24T20:22:24.517+0000] {logging_mixin.py:190} INFO - [2024-10-24T20:22:24.516+0000] {dag.py:4180} INFO - Setting next_dagrun for sparking_flow to 2024-10-24 00:00:00+00:00, run_after=2024-10-25 00:00:00+00:00
[2024-10-24T20:22:24.535+0000] {processor.py:208} INFO - Processing /opt/airflow/dags/spark_airflow.py took 0.090 seconds
[2024-10-24T20:22:54.690+0000] {processor.py:186} INFO - Started process (PID=16071) to work on /opt/airflow/dags/spark_airflow.py
[2024-10-24T20:22:54.691+0000] {processor.py:914} INFO - Processing file /opt/airflow/dags/spark_airflow.py for tasks to queue
[2024-10-24T20:22:54.692+0000] {logging_mixin.py:190} INFO - [2024-10-24T20:22:54.692+0000] {dagbag.py:588} INFO - Filling up the DagBag from /opt/airflow/dags/spark_airflow.py
[2024-10-24T20:22:54.711+0000] {processor.py:925} INFO - DAG(s) 'sparking_flow' retrieved from /opt/airflow/dags/spark_airflow.py
[2024-10-24T20:22:54.736+0000] {logging_mixin.py:190} INFO - [2024-10-24T20:22:54.736+0000] {dag.py:3239} INFO - Sync 1 DAGs
[2024-10-24T20:22:54.759+0000] {logging_mixin.py:190} INFO - [2024-10-24T20:22:54.759+0000] {dag.py:4180} INFO - Setting next_dagrun for sparking_flow to 2024-10-24 00:00:00+00:00, run_after=2024-10-25 00:00:00+00:00
[2024-10-24T20:22:54.779+0000] {processor.py:208} INFO - Processing /opt/airflow/dags/spark_airflow.py took 0.094 seconds
[2024-10-24T20:23:24.876+0000] {processor.py:186} INFO - Started process (PID=16076) to work on /opt/airflow/dags/spark_airflow.py
[2024-10-24T20:23:24.877+0000] {processor.py:914} INFO - Processing file /opt/airflow/dags/spark_airflow.py for tasks to queue
[2024-10-24T20:23:24.879+0000] {logging_mixin.py:190} INFO - [2024-10-24T20:23:24.878+0000] {dagbag.py:588} INFO - Filling up the DagBag from /opt/airflow/dags/spark_airflow.py
[2024-10-24T20:23:24.913+0000] {processor.py:925} INFO - DAG(s) 'sparking_flow' retrieved from /opt/airflow/dags/spark_airflow.py
[2024-10-24T20:23:24.938+0000] {logging_mixin.py:190} INFO - [2024-10-24T20:23:24.937+0000] {dag.py:3239} INFO - Sync 1 DAGs
[2024-10-24T20:23:24.958+0000] {logging_mixin.py:190} INFO - [2024-10-24T20:23:24.958+0000] {dag.py:4180} INFO - Setting next_dagrun for sparking_flow to 2024-10-24 00:00:00+00:00, run_after=2024-10-25 00:00:00+00:00
[2024-10-24T20:23:24.973+0000] {processor.py:208} INFO - Processing /opt/airflow/dags/spark_airflow.py took 0.103 seconds
[2024-10-24T20:23:55.124+0000] {processor.py:186} INFO - Started process (PID=16081) to work on /opt/airflow/dags/spark_airflow.py
[2024-10-24T20:23:55.125+0000] {processor.py:914} INFO - Processing file /opt/airflow/dags/spark_airflow.py for tasks to queue
[2024-10-24T20:23:55.126+0000] {logging_mixin.py:190} INFO - [2024-10-24T20:23:55.126+0000] {dagbag.py:588} INFO - Filling up the DagBag from /opt/airflow/dags/spark_airflow.py
[2024-10-24T20:23:55.143+0000] {processor.py:925} INFO - DAG(s) 'sparking_flow' retrieved from /opt/airflow/dags/spark_airflow.py
[2024-10-24T20:23:55.169+0000] {logging_mixin.py:190} INFO - [2024-10-24T20:23:55.169+0000] {dag.py:3239} INFO - Sync 1 DAGs
[2024-10-24T20:23:55.192+0000] {logging_mixin.py:190} INFO - [2024-10-24T20:23:55.192+0000] {dag.py:4180} INFO - Setting next_dagrun for sparking_flow to 2024-10-24 00:00:00+00:00, run_after=2024-10-25 00:00:00+00:00
[2024-10-24T20:23:55.223+0000] {processor.py:208} INFO - Processing /opt/airflow/dags/spark_airflow.py took 0.103 seconds
[2024-10-24T20:24:25.308+0000] {processor.py:186} INFO - Started process (PID=16086) to work on /opt/airflow/dags/spark_airflow.py
[2024-10-24T20:24:25.309+0000] {processor.py:914} INFO - Processing file /opt/airflow/dags/spark_airflow.py for tasks to queue
[2024-10-24T20:24:25.310+0000] {logging_mixin.py:190} INFO - [2024-10-24T20:24:25.310+0000] {dagbag.py:588} INFO - Filling up the DagBag from /opt/airflow/dags/spark_airflow.py
[2024-10-24T20:24:25.328+0000] {processor.py:925} INFO - DAG(s) 'sparking_flow' retrieved from /opt/airflow/dags/spark_airflow.py
[2024-10-24T20:24:25.354+0000] {logging_mixin.py:190} INFO - [2024-10-24T20:24:25.353+0000] {dag.py:3239} INFO - Sync 1 DAGs
[2024-10-24T20:24:25.376+0000] {logging_mixin.py:190} INFO - [2024-10-24T20:24:25.376+0000] {dag.py:4180} INFO - Setting next_dagrun for sparking_flow to 2024-10-24 00:00:00+00:00, run_after=2024-10-25 00:00:00+00:00
[2024-10-24T20:24:25.394+0000] {processor.py:208} INFO - Processing /opt/airflow/dags/spark_airflow.py took 0.091 seconds
[2024-10-24T20:24:55.566+0000] {processor.py:186} INFO - Started process (PID=16091) to work on /opt/airflow/dags/spark_airflow.py
[2024-10-24T20:24:55.567+0000] {processor.py:914} INFO - Processing file /opt/airflow/dags/spark_airflow.py for tasks to queue
[2024-10-24T20:24:55.568+0000] {logging_mixin.py:190} INFO - [2024-10-24T20:24:55.567+0000] {dagbag.py:588} INFO - Filling up the DagBag from /opt/airflow/dags/spark_airflow.py
[2024-10-24T20:24:55.585+0000] {processor.py:925} INFO - DAG(s) 'sparking_flow' retrieved from /opt/airflow/dags/spark_airflow.py
[2024-10-24T20:24:55.611+0000] {logging_mixin.py:190} INFO - [2024-10-24T20:24:55.610+0000] {dag.py:3239} INFO - Sync 1 DAGs
[2024-10-24T20:24:55.633+0000] {logging_mixin.py:190} INFO - [2024-10-24T20:24:55.632+0000] {dag.py:4180} INFO - Setting next_dagrun for sparking_flow to 2024-10-24 00:00:00+00:00, run_after=2024-10-25 00:00:00+00:00
[2024-10-24T20:24:55.649+0000] {processor.py:208} INFO - Processing /opt/airflow/dags/spark_airflow.py took 0.088 seconds
[2024-10-24T20:25:25.744+0000] {processor.py:186} INFO - Started process (PID=16096) to work on /opt/airflow/dags/spark_airflow.py
[2024-10-24T20:25:25.745+0000] {processor.py:914} INFO - Processing file /opt/airflow/dags/spark_airflow.py for tasks to queue
[2024-10-24T20:25:25.746+0000] {logging_mixin.py:190} INFO - [2024-10-24T20:25:25.746+0000] {dagbag.py:588} INFO - Filling up the DagBag from /opt/airflow/dags/spark_airflow.py
[2024-10-24T20:25:25.764+0000] {processor.py:925} INFO - DAG(s) 'sparking_flow' retrieved from /opt/airflow/dags/spark_airflow.py
[2024-10-24T20:25:25.788+0000] {logging_mixin.py:190} INFO - [2024-10-24T20:25:25.788+0000] {dag.py:3239} INFO - Sync 1 DAGs
[2024-10-24T20:25:25.809+0000] {logging_mixin.py:190} INFO - [2024-10-24T20:25:25.809+0000] {dag.py:4180} INFO - Setting next_dagrun for sparking_flow to 2024-10-24 00:00:00+00:00, run_after=2024-10-25 00:00:00+00:00
[2024-10-24T20:25:25.826+0000] {processor.py:208} INFO - Processing /opt/airflow/dags/spark_airflow.py took 0.087 seconds
[2024-10-24T20:25:55.992+0000] {processor.py:186} INFO - Started process (PID=16101) to work on /opt/airflow/dags/spark_airflow.py
[2024-10-24T20:25:55.993+0000] {processor.py:914} INFO - Processing file /opt/airflow/dags/spark_airflow.py for tasks to queue
[2024-10-24T20:25:55.994+0000] {logging_mixin.py:190} INFO - [2024-10-24T20:25:55.994+0000] {dagbag.py:588} INFO - Filling up the DagBag from /opt/airflow/dags/spark_airflow.py
[2024-10-24T20:25:56.012+0000] {processor.py:925} INFO - DAG(s) 'sparking_flow' retrieved from /opt/airflow/dags/spark_airflow.py
[2024-10-24T20:25:56.037+0000] {logging_mixin.py:190} INFO - [2024-10-24T20:25:56.036+0000] {dag.py:3239} INFO - Sync 1 DAGs
[2024-10-24T20:25:56.059+0000] {logging_mixin.py:190} INFO - [2024-10-24T20:25:56.059+0000] {dag.py:4180} INFO - Setting next_dagrun for sparking_flow to 2024-10-24 00:00:00+00:00, run_after=2024-10-25 00:00:00+00:00
[2024-10-24T20:25:56.075+0000] {processor.py:208} INFO - Processing /opt/airflow/dags/spark_airflow.py took 0.086 seconds
[2024-10-24T20:26:26.173+0000] {processor.py:186} INFO - Started process (PID=16106) to work on /opt/airflow/dags/spark_airflow.py
[2024-10-24T20:26:26.174+0000] {processor.py:914} INFO - Processing file /opt/airflow/dags/spark_airflow.py for tasks to queue
[2024-10-24T20:26:26.175+0000] {logging_mixin.py:190} INFO - [2024-10-24T20:26:26.175+0000] {dagbag.py:588} INFO - Filling up the DagBag from /opt/airflow/dags/spark_airflow.py
[2024-10-24T20:26:26.193+0000] {processor.py:925} INFO - DAG(s) 'sparking_flow' retrieved from /opt/airflow/dags/spark_airflow.py
[2024-10-24T20:26:26.220+0000] {logging_mixin.py:190} INFO - [2024-10-24T20:26:26.219+0000] {dag.py:3239} INFO - Sync 1 DAGs
[2024-10-24T20:26:26.243+0000] {logging_mixin.py:190} INFO - [2024-10-24T20:26:26.243+0000] {dag.py:4180} INFO - Setting next_dagrun for sparking_flow to 2024-10-24 00:00:00+00:00, run_after=2024-10-25 00:00:00+00:00
[2024-10-24T20:26:26.260+0000] {processor.py:208} INFO - Processing /opt/airflow/dags/spark_airflow.py took 0.092 seconds
[2024-10-24T20:26:56.440+0000] {processor.py:186} INFO - Started process (PID=16111) to work on /opt/airflow/dags/spark_airflow.py
[2024-10-24T20:26:56.441+0000] {processor.py:914} INFO - Processing file /opt/airflow/dags/spark_airflow.py for tasks to queue
[2024-10-24T20:26:56.442+0000] {logging_mixin.py:190} INFO - [2024-10-24T20:26:56.442+0000] {dagbag.py:588} INFO - Filling up the DagBag from /opt/airflow/dags/spark_airflow.py
[2024-10-24T20:26:56.460+0000] {processor.py:925} INFO - DAG(s) 'sparking_flow' retrieved from /opt/airflow/dags/spark_airflow.py
[2024-10-24T20:26:56.483+0000] {logging_mixin.py:190} INFO - [2024-10-24T20:26:56.482+0000] {dag.py:3239} INFO - Sync 1 DAGs
[2024-10-24T20:26:56.503+0000] {logging_mixin.py:190} INFO - [2024-10-24T20:26:56.502+0000] {dag.py:4180} INFO - Setting next_dagrun for sparking_flow to 2024-10-24 00:00:00+00:00, run_after=2024-10-25 00:00:00+00:00
[2024-10-24T20:26:56.518+0000] {processor.py:208} INFO - Processing /opt/airflow/dags/spark_airflow.py took 0.082 seconds
[2024-10-24T20:27:26.626+0000] {processor.py:186} INFO - Started process (PID=16116) to work on /opt/airflow/dags/spark_airflow.py
[2024-10-24T20:27:26.627+0000] {processor.py:914} INFO - Processing file /opt/airflow/dags/spark_airflow.py for tasks to queue
[2024-10-24T20:27:26.628+0000] {logging_mixin.py:190} INFO - [2024-10-24T20:27:26.628+0000] {dagbag.py:588} INFO - Filling up the DagBag from /opt/airflow/dags/spark_airflow.py
[2024-10-24T20:27:26.648+0000] {processor.py:925} INFO - DAG(s) 'sparking_flow' retrieved from /opt/airflow/dags/spark_airflow.py
[2024-10-24T20:27:26.675+0000] {logging_mixin.py:190} INFO - [2024-10-24T20:27:26.674+0000] {dag.py:3239} INFO - Sync 1 DAGs
[2024-10-24T20:27:26.697+0000] {logging_mixin.py:190} INFO - [2024-10-24T20:27:26.697+0000] {dag.py:4180} INFO - Setting next_dagrun for sparking_flow to 2024-10-24 00:00:00+00:00, run_after=2024-10-25 00:00:00+00:00
[2024-10-24T20:27:26.713+0000] {processor.py:208} INFO - Processing /opt/airflow/dags/spark_airflow.py took 0.093 seconds
[2024-10-24T20:27:56.868+0000] {processor.py:186} INFO - Started process (PID=16121) to work on /opt/airflow/dags/spark_airflow.py
[2024-10-24T20:27:56.869+0000] {processor.py:914} INFO - Processing file /opt/airflow/dags/spark_airflow.py for tasks to queue
[2024-10-24T20:27:56.870+0000] {logging_mixin.py:190} INFO - [2024-10-24T20:27:56.870+0000] {dagbag.py:588} INFO - Filling up the DagBag from /opt/airflow/dags/spark_airflow.py
[2024-10-24T20:27:56.889+0000] {processor.py:925} INFO - DAG(s) 'sparking_flow' retrieved from /opt/airflow/dags/spark_airflow.py
[2024-10-24T20:27:56.912+0000] {logging_mixin.py:190} INFO - [2024-10-24T20:27:56.912+0000] {dag.py:3239} INFO - Sync 1 DAGs
[2024-10-24T20:27:56.931+0000] {logging_mixin.py:190} INFO - [2024-10-24T20:27:56.931+0000] {dag.py:4180} INFO - Setting next_dagrun for sparking_flow to 2024-10-24 00:00:00+00:00, run_after=2024-10-25 00:00:00+00:00
[2024-10-24T20:27:56.947+0000] {processor.py:208} INFO - Processing /opt/airflow/dags/spark_airflow.py took 0.085 seconds
[2024-10-24T20:28:27.056+0000] {processor.py:186} INFO - Started process (PID=16126) to work on /opt/airflow/dags/spark_airflow.py
[2024-10-24T20:28:27.058+0000] {processor.py:914} INFO - Processing file /opt/airflow/dags/spark_airflow.py for tasks to queue
[2024-10-24T20:28:27.059+0000] {logging_mixin.py:190} INFO - [2024-10-24T20:28:27.059+0000] {dagbag.py:588} INFO - Filling up the DagBag from /opt/airflow/dags/spark_airflow.py
[2024-10-24T20:28:27.079+0000] {processor.py:925} INFO - DAG(s) 'sparking_flow' retrieved from /opt/airflow/dags/spark_airflow.py
[2024-10-24T20:28:27.105+0000] {logging_mixin.py:190} INFO - [2024-10-24T20:28:27.105+0000] {dag.py:3239} INFO - Sync 1 DAGs
[2024-10-24T20:28:27.128+0000] {logging_mixin.py:190} INFO - [2024-10-24T20:28:27.128+0000] {dag.py:4180} INFO - Setting next_dagrun for sparking_flow to 2024-10-24 00:00:00+00:00, run_after=2024-10-25 00:00:00+00:00
[2024-10-24T20:28:27.144+0000] {processor.py:208} INFO - Processing /opt/airflow/dags/spark_airflow.py took 0.094 seconds
[2024-10-24T20:28:57.297+0000] {processor.py:186} INFO - Started process (PID=16131) to work on /opt/airflow/dags/spark_airflow.py
[2024-10-24T20:28:57.298+0000] {processor.py:914} INFO - Processing file /opt/airflow/dags/spark_airflow.py for tasks to queue
[2024-10-24T20:28:57.299+0000] {logging_mixin.py:190} INFO - [2024-10-24T20:28:57.299+0000] {dagbag.py:588} INFO - Filling up the DagBag from /opt/airflow/dags/spark_airflow.py
[2024-10-24T20:28:57.319+0000] {processor.py:925} INFO - DAG(s) 'sparking_flow' retrieved from /opt/airflow/dags/spark_airflow.py
[2024-10-24T20:28:57.344+0000] {logging_mixin.py:190} INFO - [2024-10-24T20:28:57.344+0000] {dag.py:3239} INFO - Sync 1 DAGs
[2024-10-24T20:28:57.366+0000] {logging_mixin.py:190} INFO - [2024-10-24T20:28:57.366+0000] {dag.py:4180} INFO - Setting next_dagrun for sparking_flow to 2024-10-24 00:00:00+00:00, run_after=2024-10-25 00:00:00+00:00
[2024-10-24T20:28:57.383+0000] {processor.py:208} INFO - Processing /opt/airflow/dags/spark_airflow.py took 0.092 seconds
[2024-10-24T20:29:27.486+0000] {processor.py:186} INFO - Started process (PID=16136) to work on /opt/airflow/dags/spark_airflow.py
[2024-10-24T20:29:27.486+0000] {processor.py:914} INFO - Processing file /opt/airflow/dags/spark_airflow.py for tasks to queue
[2024-10-24T20:29:27.488+0000] {logging_mixin.py:190} INFO - [2024-10-24T20:29:27.487+0000] {dagbag.py:588} INFO - Filling up the DagBag from /opt/airflow/dags/spark_airflow.py
[2024-10-24T20:29:27.505+0000] {processor.py:925} INFO - DAG(s) 'sparking_flow' retrieved from /opt/airflow/dags/spark_airflow.py
[2024-10-24T20:29:27.532+0000] {logging_mixin.py:190} INFO - [2024-10-24T20:29:27.531+0000] {dag.py:3239} INFO - Sync 1 DAGs
[2024-10-24T20:29:27.554+0000] {logging_mixin.py:190} INFO - [2024-10-24T20:29:27.554+0000] {dag.py:4180} INFO - Setting next_dagrun for sparking_flow to 2024-10-24 00:00:00+00:00, run_after=2024-10-25 00:00:00+00:00
[2024-10-24T20:29:27.572+0000] {processor.py:208} INFO - Processing /opt/airflow/dags/spark_airflow.py took 0.091 seconds
[2024-10-24T20:29:57.727+0000] {processor.py:186} INFO - Started process (PID=16141) to work on /opt/airflow/dags/spark_airflow.py
[2024-10-24T20:29:57.728+0000] {processor.py:914} INFO - Processing file /opt/airflow/dags/spark_airflow.py for tasks to queue
[2024-10-24T20:29:57.729+0000] {logging_mixin.py:190} INFO - [2024-10-24T20:29:57.729+0000] {dagbag.py:588} INFO - Filling up the DagBag from /opt/airflow/dags/spark_airflow.py
[2024-10-24T20:29:57.746+0000] {processor.py:925} INFO - DAG(s) 'sparking_flow' retrieved from /opt/airflow/dags/spark_airflow.py
[2024-10-24T20:29:57.772+0000] {logging_mixin.py:190} INFO - [2024-10-24T20:29:57.772+0000] {dag.py:3239} INFO - Sync 1 DAGs
[2024-10-24T20:29:57.794+0000] {logging_mixin.py:190} INFO - [2024-10-24T20:29:57.794+0000] {dag.py:4180} INFO - Setting next_dagrun for sparking_flow to 2024-10-24 00:00:00+00:00, run_after=2024-10-25 00:00:00+00:00
[2024-10-24T20:29:57.810+0000] {processor.py:208} INFO - Processing /opt/airflow/dags/spark_airflow.py took 0.088 seconds
[2024-10-24T20:30:27.905+0000] {processor.py:186} INFO - Started process (PID=16146) to work on /opt/airflow/dags/spark_airflow.py
[2024-10-24T20:30:27.906+0000] {processor.py:914} INFO - Processing file /opt/airflow/dags/spark_airflow.py for tasks to queue
[2024-10-24T20:30:27.907+0000] {logging_mixin.py:190} INFO - [2024-10-24T20:30:27.907+0000] {dagbag.py:588} INFO - Filling up the DagBag from /opt/airflow/dags/spark_airflow.py
[2024-10-24T20:30:27.927+0000] {processor.py:925} INFO - DAG(s) 'sparking_flow' retrieved from /opt/airflow/dags/spark_airflow.py
[2024-10-24T20:30:27.955+0000] {logging_mixin.py:190} INFO - [2024-10-24T20:30:27.955+0000] {dag.py:3239} INFO - Sync 1 DAGs
[2024-10-24T20:30:27.977+0000] {logging_mixin.py:190} INFO - [2024-10-24T20:30:27.977+0000] {dag.py:4180} INFO - Setting next_dagrun for sparking_flow to 2024-10-24 00:00:00+00:00, run_after=2024-10-25 00:00:00+00:00
[2024-10-24T20:30:27.994+0000] {processor.py:208} INFO - Processing /opt/airflow/dags/spark_airflow.py took 0.094 seconds
[2024-10-24T20:30:58.138+0000] {processor.py:186} INFO - Started process (PID=16151) to work on /opt/airflow/dags/spark_airflow.py
[2024-10-24T20:30:58.139+0000] {processor.py:914} INFO - Processing file /opt/airflow/dags/spark_airflow.py for tasks to queue
[2024-10-24T20:30:58.140+0000] {logging_mixin.py:190} INFO - [2024-10-24T20:30:58.140+0000] {dagbag.py:588} INFO - Filling up the DagBag from /opt/airflow/dags/spark_airflow.py
[2024-10-24T20:30:58.160+0000] {processor.py:925} INFO - DAG(s) 'sparking_flow' retrieved from /opt/airflow/dags/spark_airflow.py
[2024-10-24T20:30:58.185+0000] {logging_mixin.py:190} INFO - [2024-10-24T20:30:58.185+0000] {dag.py:3239} INFO - Sync 1 DAGs
[2024-10-24T20:30:58.205+0000] {logging_mixin.py:190} INFO - [2024-10-24T20:30:58.205+0000] {dag.py:4180} INFO - Setting next_dagrun for sparking_flow to 2024-10-24 00:00:00+00:00, run_after=2024-10-25 00:00:00+00:00
[2024-10-24T20:30:58.222+0000] {processor.py:208} INFO - Processing /opt/airflow/dags/spark_airflow.py took 0.089 seconds
[2024-10-24T20:31:28.315+0000] {processor.py:186} INFO - Started process (PID=16156) to work on /opt/airflow/dags/spark_airflow.py
[2024-10-24T20:31:28.317+0000] {processor.py:914} INFO - Processing file /opt/airflow/dags/spark_airflow.py for tasks to queue
[2024-10-24T20:31:28.318+0000] {logging_mixin.py:190} INFO - [2024-10-24T20:31:28.317+0000] {dagbag.py:588} INFO - Filling up the DagBag from /opt/airflow/dags/spark_airflow.py
[2024-10-24T20:31:28.338+0000] {processor.py:925} INFO - DAG(s) 'sparking_flow' retrieved from /opt/airflow/dags/spark_airflow.py
[2024-10-24T20:31:28.365+0000] {logging_mixin.py:190} INFO - [2024-10-24T20:31:28.364+0000] {dag.py:3239} INFO - Sync 1 DAGs
[2024-10-24T20:31:28.387+0000] {logging_mixin.py:190} INFO - [2024-10-24T20:31:28.387+0000] {dag.py:4180} INFO - Setting next_dagrun for sparking_flow to 2024-10-24 00:00:00+00:00, run_after=2024-10-25 00:00:00+00:00
[2024-10-24T20:31:28.402+0000] {processor.py:208} INFO - Processing /opt/airflow/dags/spark_airflow.py took 0.093 seconds
[2024-10-24T20:31:58.569+0000] {processor.py:186} INFO - Started process (PID=16161) to work on /opt/airflow/dags/spark_airflow.py
[2024-10-24T20:31:58.570+0000] {processor.py:914} INFO - Processing file /opt/airflow/dags/spark_airflow.py for tasks to queue
[2024-10-24T20:31:58.571+0000] {logging_mixin.py:190} INFO - [2024-10-24T20:31:58.571+0000] {dagbag.py:588} INFO - Filling up the DagBag from /opt/airflow/dags/spark_airflow.py
[2024-10-24T20:31:58.588+0000] {processor.py:925} INFO - DAG(s) 'sparking_flow' retrieved from /opt/airflow/dags/spark_airflow.py
[2024-10-24T20:31:58.613+0000] {logging_mixin.py:190} INFO - [2024-10-24T20:31:58.612+0000] {dag.py:3239} INFO - Sync 1 DAGs
[2024-10-24T20:31:58.635+0000] {logging_mixin.py:190} INFO - [2024-10-24T20:31:58.635+0000] {dag.py:4180} INFO - Setting next_dagrun for sparking_flow to 2024-10-24 00:00:00+00:00, run_after=2024-10-25 00:00:00+00:00
[2024-10-24T20:31:58.651+0000] {processor.py:208} INFO - Processing /opt/airflow/dags/spark_airflow.py took 0.087 seconds
[2024-10-24T20:32:28.745+0000] {processor.py:186} INFO - Started process (PID=16166) to work on /opt/airflow/dags/spark_airflow.py
[2024-10-24T20:32:28.747+0000] {processor.py:914} INFO - Processing file /opt/airflow/dags/spark_airflow.py for tasks to queue
[2024-10-24T20:32:28.748+0000] {logging_mixin.py:190} INFO - [2024-10-24T20:32:28.748+0000] {dagbag.py:588} INFO - Filling up the DagBag from /opt/airflow/dags/spark_airflow.py
[2024-10-24T20:32:28.766+0000] {processor.py:925} INFO - DAG(s) 'sparking_flow' retrieved from /opt/airflow/dags/spark_airflow.py
[2024-10-24T20:32:28.793+0000] {logging_mixin.py:190} INFO - [2024-10-24T20:32:28.792+0000] {dag.py:3239} INFO - Sync 1 DAGs
[2024-10-24T20:32:28.814+0000] {logging_mixin.py:190} INFO - [2024-10-24T20:32:28.814+0000] {dag.py:4180} INFO - Setting next_dagrun for sparking_flow to 2024-10-24 00:00:00+00:00, run_after=2024-10-25 00:00:00+00:00
[2024-10-24T20:32:28.831+0000] {processor.py:208} INFO - Processing /opt/airflow/dags/spark_airflow.py took 0.092 seconds
[2024-10-24T20:32:58.975+0000] {processor.py:186} INFO - Started process (PID=16171) to work on /opt/airflow/dags/spark_airflow.py
[2024-10-24T20:32:58.976+0000] {processor.py:914} INFO - Processing file /opt/airflow/dags/spark_airflow.py for tasks to queue
[2024-10-24T20:32:58.978+0000] {logging_mixin.py:190} INFO - [2024-10-24T20:32:58.977+0000] {dagbag.py:588} INFO - Filling up the DagBag from /opt/airflow/dags/spark_airflow.py
[2024-10-24T20:32:58.997+0000] {processor.py:925} INFO - DAG(s) 'sparking_flow' retrieved from /opt/airflow/dags/spark_airflow.py
[2024-10-24T20:32:59.022+0000] {logging_mixin.py:190} INFO - [2024-10-24T20:32:59.022+0000] {dag.py:3239} INFO - Sync 1 DAGs
[2024-10-24T20:32:59.042+0000] {logging_mixin.py:190} INFO - [2024-10-24T20:32:59.042+0000] {dag.py:4180} INFO - Setting next_dagrun for sparking_flow to 2024-10-24 00:00:00+00:00, run_after=2024-10-25 00:00:00+00:00
[2024-10-24T20:32:59.059+0000] {processor.py:208} INFO - Processing /opt/airflow/dags/spark_airflow.py took 0.089 seconds
[2024-10-24T20:33:29.152+0000] {processor.py:186} INFO - Started process (PID=16176) to work on /opt/airflow/dags/spark_airflow.py
[2024-10-24T20:33:29.153+0000] {processor.py:914} INFO - Processing file /opt/airflow/dags/spark_airflow.py for tasks to queue
[2024-10-24T20:33:29.154+0000] {logging_mixin.py:190} INFO - [2024-10-24T20:33:29.154+0000] {dagbag.py:588} INFO - Filling up the DagBag from /opt/airflow/dags/spark_airflow.py
[2024-10-24T20:33:29.173+0000] {processor.py:925} INFO - DAG(s) 'sparking_flow' retrieved from /opt/airflow/dags/spark_airflow.py
[2024-10-24T20:33:29.197+0000] {logging_mixin.py:190} INFO - [2024-10-24T20:33:29.197+0000] {dag.py:3239} INFO - Sync 1 DAGs
[2024-10-24T20:33:29.217+0000] {logging_mixin.py:190} INFO - [2024-10-24T20:33:29.217+0000] {dag.py:4180} INFO - Setting next_dagrun for sparking_flow to 2024-10-24 00:00:00+00:00, run_after=2024-10-25 00:00:00+00:00
[2024-10-24T20:33:29.233+0000] {processor.py:208} INFO - Processing /opt/airflow/dags/spark_airflow.py took 0.087 seconds
[2024-10-24T20:33:59.381+0000] {processor.py:186} INFO - Started process (PID=16181) to work on /opt/airflow/dags/spark_airflow.py
[2024-10-24T20:33:59.382+0000] {processor.py:914} INFO - Processing file /opt/airflow/dags/spark_airflow.py for tasks to queue
[2024-10-24T20:33:59.383+0000] {logging_mixin.py:190} INFO - [2024-10-24T20:33:59.383+0000] {dagbag.py:588} INFO - Filling up the DagBag from /opt/airflow/dags/spark_airflow.py
[2024-10-24T20:33:59.401+0000] {processor.py:925} INFO - DAG(s) 'sparking_flow' retrieved from /opt/airflow/dags/spark_airflow.py
[2024-10-24T20:33:59.425+0000] {logging_mixin.py:190} INFO - [2024-10-24T20:33:59.425+0000] {dag.py:3239} INFO - Sync 1 DAGs
[2024-10-24T20:33:59.447+0000] {logging_mixin.py:190} INFO - [2024-10-24T20:33:59.447+0000] {dag.py:4180} INFO - Setting next_dagrun for sparking_flow to 2024-10-24 00:00:00+00:00, run_after=2024-10-25 00:00:00+00:00
[2024-10-24T20:33:59.466+0000] {processor.py:208} INFO - Processing /opt/airflow/dags/spark_airflow.py took 0.090 seconds
[2024-10-24T20:34:29.553+0000] {processor.py:186} INFO - Started process (PID=16186) to work on /opt/airflow/dags/spark_airflow.py
[2024-10-24T20:34:29.554+0000] {processor.py:914} INFO - Processing file /opt/airflow/dags/spark_airflow.py for tasks to queue
[2024-10-24T20:34:29.555+0000] {logging_mixin.py:190} INFO - [2024-10-24T20:34:29.555+0000] {dagbag.py:588} INFO - Filling up the DagBag from /opt/airflow/dags/spark_airflow.py
[2024-10-24T20:34:29.572+0000] {processor.py:925} INFO - DAG(s) 'sparking_flow' retrieved from /opt/airflow/dags/spark_airflow.py
[2024-10-24T20:34:29.597+0000] {logging_mixin.py:190} INFO - [2024-10-24T20:34:29.597+0000] {dag.py:3239} INFO - Sync 1 DAGs
[2024-10-24T20:34:29.618+0000] {logging_mixin.py:190} INFO - [2024-10-24T20:34:29.618+0000] {dag.py:4180} INFO - Setting next_dagrun for sparking_flow to 2024-10-24 00:00:00+00:00, run_after=2024-10-25 00:00:00+00:00
[2024-10-24T20:34:29.633+0000] {processor.py:208} INFO - Processing /opt/airflow/dags/spark_airflow.py took 0.085 seconds
[2024-10-24T20:34:59.798+0000] {processor.py:186} INFO - Started process (PID=16191) to work on /opt/airflow/dags/spark_airflow.py
[2024-10-24T20:34:59.799+0000] {processor.py:914} INFO - Processing file /opt/airflow/dags/spark_airflow.py for tasks to queue
[2024-10-24T20:34:59.800+0000] {logging_mixin.py:190} INFO - [2024-10-24T20:34:59.800+0000] {dagbag.py:588} INFO - Filling up the DagBag from /opt/airflow/dags/spark_airflow.py
[2024-10-24T20:34:59.818+0000] {processor.py:925} INFO - DAG(s) 'sparking_flow' retrieved from /opt/airflow/dags/spark_airflow.py
[2024-10-24T20:34:59.841+0000] {logging_mixin.py:190} INFO - [2024-10-24T20:34:59.841+0000] {dag.py:3239} INFO - Sync 1 DAGs
[2024-10-24T20:34:59.861+0000] {logging_mixin.py:190} INFO - [2024-10-24T20:34:59.861+0000] {dag.py:4180} INFO - Setting next_dagrun for sparking_flow to 2024-10-24 00:00:00+00:00, run_after=2024-10-25 00:00:00+00:00
[2024-10-24T20:34:59.877+0000] {processor.py:208} INFO - Processing /opt/airflow/dags/spark_airflow.py took 0.083 seconds
[2024-10-24T20:35:29.979+0000] {processor.py:186} INFO - Started process (PID=16196) to work on /opt/airflow/dags/spark_airflow.py
[2024-10-24T20:35:29.980+0000] {processor.py:914} INFO - Processing file /opt/airflow/dags/spark_airflow.py for tasks to queue
[2024-10-24T20:35:29.981+0000] {logging_mixin.py:190} INFO - [2024-10-24T20:35:29.981+0000] {dagbag.py:588} INFO - Filling up the DagBag from /opt/airflow/dags/spark_airflow.py
[2024-10-24T20:35:30.001+0000] {processor.py:925} INFO - DAG(s) 'sparking_flow' retrieved from /opt/airflow/dags/spark_airflow.py
[2024-10-24T20:35:30.026+0000] {logging_mixin.py:190} INFO - [2024-10-24T20:35:30.026+0000] {dag.py:3239} INFO - Sync 1 DAGs
[2024-10-24T20:35:30.046+0000] {logging_mixin.py:190} INFO - [2024-10-24T20:35:30.046+0000] {dag.py:4180} INFO - Setting next_dagrun for sparking_flow to 2024-10-24 00:00:00+00:00, run_after=2024-10-25 00:00:00+00:00
[2024-10-24T20:35:30.061+0000] {processor.py:208} INFO - Processing /opt/airflow/dags/spark_airflow.py took 0.089 seconds
[2024-10-24T20:36:00.223+0000] {processor.py:186} INFO - Started process (PID=16201) to work on /opt/airflow/dags/spark_airflow.py
[2024-10-24T20:36:00.224+0000] {processor.py:914} INFO - Processing file /opt/airflow/dags/spark_airflow.py for tasks to queue
[2024-10-24T20:36:00.225+0000] {logging_mixin.py:190} INFO - [2024-10-24T20:36:00.225+0000] {dagbag.py:588} INFO - Filling up the DagBag from /opt/airflow/dags/spark_airflow.py
[2024-10-24T20:36:00.242+0000] {processor.py:925} INFO - DAG(s) 'sparking_flow' retrieved from /opt/airflow/dags/spark_airflow.py
[2024-10-24T20:36:00.267+0000] {logging_mixin.py:190} INFO - [2024-10-24T20:36:00.267+0000] {dag.py:3239} INFO - Sync 1 DAGs
[2024-10-24T20:36:00.289+0000] {logging_mixin.py:190} INFO - [2024-10-24T20:36:00.289+0000] {dag.py:4180} INFO - Setting next_dagrun for sparking_flow to 2024-10-24 00:00:00+00:00, run_after=2024-10-25 00:00:00+00:00
[2024-10-24T20:36:00.307+0000] {processor.py:208} INFO - Processing /opt/airflow/dags/spark_airflow.py took 0.089 seconds
[2024-10-24T20:36:30.406+0000] {processor.py:186} INFO - Started process (PID=16206) to work on /opt/airflow/dags/spark_airflow.py
[2024-10-24T20:36:30.408+0000] {processor.py:914} INFO - Processing file /opt/airflow/dags/spark_airflow.py for tasks to queue
[2024-10-24T20:36:30.409+0000] {logging_mixin.py:190} INFO - [2024-10-24T20:36:30.409+0000] {dagbag.py:588} INFO - Filling up the DagBag from /opt/airflow/dags/spark_airflow.py
[2024-10-24T20:36:30.429+0000] {processor.py:925} INFO - DAG(s) 'sparking_flow' retrieved from /opt/airflow/dags/spark_airflow.py
[2024-10-24T20:36:30.455+0000] {logging_mixin.py:190} INFO - [2024-10-24T20:36:30.455+0000] {dag.py:3239} INFO - Sync 1 DAGs
[2024-10-24T20:36:30.477+0000] {logging_mixin.py:190} INFO - [2024-10-24T20:36:30.477+0000] {dag.py:4180} INFO - Setting next_dagrun for sparking_flow to 2024-10-24 00:00:00+00:00, run_after=2024-10-25 00:00:00+00:00
[2024-10-24T20:36:30.493+0000] {processor.py:208} INFO - Processing /opt/airflow/dags/spark_airflow.py took 0.093 seconds
[2024-10-24T20:37:00.677+0000] {processor.py:186} INFO - Started process (PID=16211) to work on /opt/airflow/dags/spark_airflow.py
[2024-10-24T20:37:00.678+0000] {processor.py:914} INFO - Processing file /opt/airflow/dags/spark_airflow.py for tasks to queue
[2024-10-24T20:37:00.679+0000] {logging_mixin.py:190} INFO - [2024-10-24T20:37:00.679+0000] {dagbag.py:588} INFO - Filling up the DagBag from /opt/airflow/dags/spark_airflow.py
[2024-10-24T20:37:00.698+0000] {processor.py:925} INFO - DAG(s) 'sparking_flow' retrieved from /opt/airflow/dags/spark_airflow.py
[2024-10-24T20:37:00.724+0000] {logging_mixin.py:190} INFO - [2024-10-24T20:37:00.724+0000] {dag.py:3239} INFO - Sync 1 DAGs
[2024-10-24T20:37:00.747+0000] {logging_mixin.py:190} INFO - [2024-10-24T20:37:00.747+0000] {dag.py:4180} INFO - Setting next_dagrun for sparking_flow to 2024-10-24 00:00:00+00:00, run_after=2024-10-25 00:00:00+00:00
[2024-10-24T20:37:00.766+0000] {processor.py:208} INFO - Processing /opt/airflow/dags/spark_airflow.py took 0.095 seconds
[2024-10-24T20:37:30.859+0000] {processor.py:186} INFO - Started process (PID=16216) to work on /opt/airflow/dags/spark_airflow.py
[2024-10-24T20:37:30.860+0000] {processor.py:914} INFO - Processing file /opt/airflow/dags/spark_airflow.py for tasks to queue
[2024-10-24T20:37:30.862+0000] {logging_mixin.py:190} INFO - [2024-10-24T20:37:30.861+0000] {dagbag.py:588} INFO - Filling up the DagBag from /opt/airflow/dags/spark_airflow.py
[2024-10-24T20:37:30.881+0000] {processor.py:925} INFO - DAG(s) 'sparking_flow' retrieved from /opt/airflow/dags/spark_airflow.py
[2024-10-24T20:37:30.905+0000] {logging_mixin.py:190} INFO - [2024-10-24T20:37:30.905+0000] {dag.py:3239} INFO - Sync 1 DAGs
[2024-10-24T20:37:30.926+0000] {logging_mixin.py:190} INFO - [2024-10-24T20:37:30.925+0000] {dag.py:4180} INFO - Setting next_dagrun for sparking_flow to 2024-10-24 00:00:00+00:00, run_after=2024-10-25 00:00:00+00:00
[2024-10-24T20:37:30.940+0000] {processor.py:208} INFO - Processing /opt/airflow/dags/spark_airflow.py took 0.088 seconds
[2024-10-24T20:38:01.108+0000] {processor.py:186} INFO - Started process (PID=16221) to work on /opt/airflow/dags/spark_airflow.py
[2024-10-24T20:38:01.108+0000] {processor.py:914} INFO - Processing file /opt/airflow/dags/spark_airflow.py for tasks to queue
[2024-10-24T20:38:01.110+0000] {logging_mixin.py:190} INFO - [2024-10-24T20:38:01.109+0000] {dagbag.py:588} INFO - Filling up the DagBag from /opt/airflow/dags/spark_airflow.py
[2024-10-24T20:38:01.127+0000] {processor.py:925} INFO - DAG(s) 'sparking_flow' retrieved from /opt/airflow/dags/spark_airflow.py
[2024-10-24T20:38:01.154+0000] {logging_mixin.py:190} INFO - [2024-10-24T20:38:01.153+0000] {dag.py:3239} INFO - Sync 1 DAGs
[2024-10-24T20:38:01.176+0000] {logging_mixin.py:190} INFO - [2024-10-24T20:38:01.175+0000] {dag.py:4180} INFO - Setting next_dagrun for sparking_flow to 2024-10-24 00:00:00+00:00, run_after=2024-10-25 00:00:00+00:00
[2024-10-24T20:38:01.194+0000] {processor.py:208} INFO - Processing /opt/airflow/dags/spark_airflow.py took 0.091 seconds
[2024-10-24T20:38:31.289+0000] {processor.py:186} INFO - Started process (PID=16226) to work on /opt/airflow/dags/spark_airflow.py
[2024-10-24T20:38:31.290+0000] {processor.py:914} INFO - Processing file /opt/airflow/dags/spark_airflow.py for tasks to queue
[2024-10-24T20:38:31.291+0000] {logging_mixin.py:190} INFO - [2024-10-24T20:38:31.291+0000] {dagbag.py:588} INFO - Filling up the DagBag from /opt/airflow/dags/spark_airflow.py
[2024-10-24T20:38:31.309+0000] {processor.py:925} INFO - DAG(s) 'sparking_flow' retrieved from /opt/airflow/dags/spark_airflow.py
[2024-10-24T20:38:31.336+0000] {logging_mixin.py:190} INFO - [2024-10-24T20:38:31.336+0000] {dag.py:3239} INFO - Sync 1 DAGs
[2024-10-24T20:38:31.357+0000] {logging_mixin.py:190} INFO - [2024-10-24T20:38:31.357+0000] {dag.py:4180} INFO - Setting next_dagrun for sparking_flow to 2024-10-24 00:00:00+00:00, run_after=2024-10-25 00:00:00+00:00
[2024-10-24T20:38:31.372+0000] {processor.py:208} INFO - Processing /opt/airflow/dags/spark_airflow.py took 0.087 seconds
[2024-10-24T20:39:01.524+0000] {processor.py:186} INFO - Started process (PID=16231) to work on /opt/airflow/dags/spark_airflow.py
[2024-10-24T20:39:01.525+0000] {processor.py:914} INFO - Processing file /opt/airflow/dags/spark_airflow.py for tasks to queue
[2024-10-24T20:39:01.526+0000] {logging_mixin.py:190} INFO - [2024-10-24T20:39:01.526+0000] {dagbag.py:588} INFO - Filling up the DagBag from /opt/airflow/dags/spark_airflow.py
[2024-10-24T20:39:01.544+0000] {processor.py:925} INFO - DAG(s) 'sparking_flow' retrieved from /opt/airflow/dags/spark_airflow.py
[2024-10-24T20:39:01.567+0000] {logging_mixin.py:190} INFO - [2024-10-24T20:39:01.567+0000] {dag.py:3239} INFO - Sync 1 DAGs
[2024-10-24T20:39:01.587+0000] {logging_mixin.py:190} INFO - [2024-10-24T20:39:01.587+0000] {dag.py:4180} INFO - Setting next_dagrun for sparking_flow to 2024-10-24 00:00:00+00:00, run_after=2024-10-25 00:00:00+00:00
[2024-10-24T20:39:01.603+0000] {processor.py:208} INFO - Processing /opt/airflow/dags/spark_airflow.py took 0.083 seconds
[2024-10-24T20:39:31.702+0000] {processor.py:186} INFO - Started process (PID=16236) to work on /opt/airflow/dags/spark_airflow.py
[2024-10-24T20:39:31.703+0000] {processor.py:914} INFO - Processing file /opt/airflow/dags/spark_airflow.py for tasks to queue
[2024-10-24T20:39:31.704+0000] {logging_mixin.py:190} INFO - [2024-10-24T20:39:31.704+0000] {dagbag.py:588} INFO - Filling up the DagBag from /opt/airflow/dags/spark_airflow.py
[2024-10-24T20:39:31.724+0000] {processor.py:925} INFO - DAG(s) 'sparking_flow' retrieved from /opt/airflow/dags/spark_airflow.py
[2024-10-24T20:39:31.751+0000] {logging_mixin.py:190} INFO - [2024-10-24T20:39:31.751+0000] {dag.py:3239} INFO - Sync 1 DAGs
[2024-10-24T20:39:31.771+0000] {logging_mixin.py:190} INFO - [2024-10-24T20:39:31.771+0000] {dag.py:4180} INFO - Setting next_dagrun for sparking_flow to 2024-10-24 00:00:00+00:00, run_after=2024-10-25 00:00:00+00:00
[2024-10-24T20:39:31.787+0000] {processor.py:208} INFO - Processing /opt/airflow/dags/spark_airflow.py took 0.092 seconds
[2024-10-24T20:40:01.927+0000] {processor.py:186} INFO - Started process (PID=16241) to work on /opt/airflow/dags/spark_airflow.py
[2024-10-24T20:40:01.928+0000] {processor.py:914} INFO - Processing file /opt/airflow/dags/spark_airflow.py for tasks to queue
[2024-10-24T20:40:01.930+0000] {logging_mixin.py:190} INFO - [2024-10-24T20:40:01.929+0000] {dagbag.py:588} INFO - Filling up the DagBag from /opt/airflow/dags/spark_airflow.py
[2024-10-24T20:40:01.947+0000] {processor.py:925} INFO - DAG(s) 'sparking_flow' retrieved from /opt/airflow/dags/spark_airflow.py
[2024-10-24T20:40:01.972+0000] {logging_mixin.py:190} INFO - [2024-10-24T20:40:01.972+0000] {dag.py:3239} INFO - Sync 1 DAGs
[2024-10-24T20:40:01.995+0000] {logging_mixin.py:190} INFO - [2024-10-24T20:40:01.995+0000] {dag.py:4180} INFO - Setting next_dagrun for sparking_flow to 2024-10-24 00:00:00+00:00, run_after=2024-10-25 00:00:00+00:00
[2024-10-24T20:40:02.012+0000] {processor.py:208} INFO - Processing /opt/airflow/dags/spark_airflow.py took 0.089 seconds
[2024-10-24T20:40:32.107+0000] {processor.py:186} INFO - Started process (PID=16246) to work on /opt/airflow/dags/spark_airflow.py
[2024-10-24T20:40:32.108+0000] {processor.py:914} INFO - Processing file /opt/airflow/dags/spark_airflow.py for tasks to queue
[2024-10-24T20:40:32.109+0000] {logging_mixin.py:190} INFO - [2024-10-24T20:40:32.108+0000] {dagbag.py:588} INFO - Filling up the DagBag from /opt/airflow/dags/spark_airflow.py
[2024-10-24T20:40:32.126+0000] {processor.py:925} INFO - DAG(s) 'sparking_flow' retrieved from /opt/airflow/dags/spark_airflow.py
[2024-10-24T20:40:32.149+0000] {logging_mixin.py:190} INFO - [2024-10-24T20:40:32.149+0000] {dag.py:3239} INFO - Sync 1 DAGs
[2024-10-24T20:40:32.171+0000] {logging_mixin.py:190} INFO - [2024-10-24T20:40:32.170+0000] {dag.py:4180} INFO - Setting next_dagrun for sparking_flow to 2024-10-24 00:00:00+00:00, run_after=2024-10-25 00:00:00+00:00
[2024-10-24T20:40:32.187+0000] {processor.py:208} INFO - Processing /opt/airflow/dags/spark_airflow.py took 0.085 seconds
[2024-10-24T20:41:02.333+0000] {processor.py:186} INFO - Started process (PID=16251) to work on /opt/airflow/dags/spark_airflow.py
[2024-10-24T20:41:02.334+0000] {processor.py:914} INFO - Processing file /opt/airflow/dags/spark_airflow.py for tasks to queue
[2024-10-24T20:41:02.335+0000] {logging_mixin.py:190} INFO - [2024-10-24T20:41:02.335+0000] {dagbag.py:588} INFO - Filling up the DagBag from /opt/airflow/dags/spark_airflow.py
[2024-10-24T20:41:02.353+0000] {processor.py:925} INFO - DAG(s) 'sparking_flow' retrieved from /opt/airflow/dags/spark_airflow.py
[2024-10-24T20:41:02.378+0000] {logging_mixin.py:190} INFO - [2024-10-24T20:41:02.378+0000] {dag.py:3239} INFO - Sync 1 DAGs
[2024-10-24T20:41:02.400+0000] {logging_mixin.py:190} INFO - [2024-10-24T20:41:02.400+0000] {dag.py:4180} INFO - Setting next_dagrun for sparking_flow to 2024-10-24 00:00:00+00:00, run_after=2024-10-25 00:00:00+00:00
[2024-10-24T20:41:02.418+0000] {processor.py:208} INFO - Processing /opt/airflow/dags/spark_airflow.py took 0.090 seconds
[2024-10-24T20:41:32.511+0000] {processor.py:186} INFO - Started process (PID=16256) to work on /opt/airflow/dags/spark_airflow.py
[2024-10-24T20:41:32.512+0000] {processor.py:914} INFO - Processing file /opt/airflow/dags/spark_airflow.py for tasks to queue
[2024-10-24T20:41:32.513+0000] {logging_mixin.py:190} INFO - [2024-10-24T20:41:32.513+0000] {dagbag.py:588} INFO - Filling up the DagBag from /opt/airflow/dags/spark_airflow.py
[2024-10-24T20:41:32.533+0000] {processor.py:925} INFO - DAG(s) 'sparking_flow' retrieved from /opt/airflow/dags/spark_airflow.py
[2024-10-24T20:41:32.559+0000] {logging_mixin.py:190} INFO - [2024-10-24T20:41:32.559+0000] {dag.py:3239} INFO - Sync 1 DAGs
[2024-10-24T20:41:32.581+0000] {logging_mixin.py:190} INFO - [2024-10-24T20:41:32.581+0000] {dag.py:4180} INFO - Setting next_dagrun for sparking_flow to 2024-10-24 00:00:00+00:00, run_after=2024-10-25 00:00:00+00:00
[2024-10-24T20:41:32.599+0000] {processor.py:208} INFO - Processing /opt/airflow/dags/spark_airflow.py took 0.095 seconds
[2024-10-24T20:42:02.765+0000] {processor.py:186} INFO - Started process (PID=16261) to work on /opt/airflow/dags/spark_airflow.py
[2024-10-24T20:42:02.766+0000] {processor.py:914} INFO - Processing file /opt/airflow/dags/spark_airflow.py for tasks to queue
[2024-10-24T20:42:02.767+0000] {logging_mixin.py:190} INFO - [2024-10-24T20:42:02.767+0000] {dagbag.py:588} INFO - Filling up the DagBag from /opt/airflow/dags/spark_airflow.py
[2024-10-24T20:42:02.785+0000] {processor.py:925} INFO - DAG(s) 'sparking_flow' retrieved from /opt/airflow/dags/spark_airflow.py
[2024-10-24T20:42:02.809+0000] {logging_mixin.py:190} INFO - [2024-10-24T20:42:02.809+0000] {dag.py:3239} INFO - Sync 1 DAGs
[2024-10-24T20:42:02.829+0000] {logging_mixin.py:190} INFO - [2024-10-24T20:42:02.829+0000] {dag.py:4180} INFO - Setting next_dagrun for sparking_flow to 2024-10-24 00:00:00+00:00, run_after=2024-10-25 00:00:00+00:00
[2024-10-24T20:42:02.846+0000] {processor.py:208} INFO - Processing /opt/airflow/dags/spark_airflow.py took 0.085 seconds
[2024-10-24T20:42:32.942+0000] {processor.py:186} INFO - Started process (PID=16266) to work on /opt/airflow/dags/spark_airflow.py
[2024-10-24T20:42:32.943+0000] {processor.py:914} INFO - Processing file /opt/airflow/dags/spark_airflow.py for tasks to queue
[2024-10-24T20:42:32.944+0000] {logging_mixin.py:190} INFO - [2024-10-24T20:42:32.944+0000] {dagbag.py:588} INFO - Filling up the DagBag from /opt/airflow/dags/spark_airflow.py
[2024-10-24T20:42:32.964+0000] {processor.py:925} INFO - DAG(s) 'sparking_flow' retrieved from /opt/airflow/dags/spark_airflow.py
[2024-10-24T20:42:32.988+0000] {logging_mixin.py:190} INFO - [2024-10-24T20:42:32.988+0000] {dag.py:3239} INFO - Sync 1 DAGs
[2024-10-24T20:42:33.010+0000] {logging_mixin.py:190} INFO - [2024-10-24T20:42:33.009+0000] {dag.py:4180} INFO - Setting next_dagrun for sparking_flow to 2024-10-24 00:00:00+00:00, run_after=2024-10-25 00:00:00+00:00
[2024-10-24T20:42:33.027+0000] {processor.py:208} INFO - Processing /opt/airflow/dags/spark_airflow.py took 0.091 seconds
[2024-10-24T20:43:03.175+0000] {processor.py:186} INFO - Started process (PID=16271) to work on /opt/airflow/dags/spark_airflow.py
[2024-10-24T20:43:03.176+0000] {processor.py:914} INFO - Processing file /opt/airflow/dags/spark_airflow.py for tasks to queue
[2024-10-24T20:43:03.177+0000] {logging_mixin.py:190} INFO - [2024-10-24T20:43:03.177+0000] {dagbag.py:588} INFO - Filling up the DagBag from /opt/airflow/dags/spark_airflow.py
[2024-10-24T20:43:03.195+0000] {processor.py:925} INFO - DAG(s) 'sparking_flow' retrieved from /opt/airflow/dags/spark_airflow.py
[2024-10-24T20:43:03.221+0000] {logging_mixin.py:190} INFO - [2024-10-24T20:43:03.220+0000] {dag.py:3239} INFO - Sync 1 DAGs
[2024-10-24T20:43:03.243+0000] {logging_mixin.py:190} INFO - [2024-10-24T20:43:03.243+0000] {dag.py:4180} INFO - Setting next_dagrun for sparking_flow to 2024-10-24 00:00:00+00:00, run_after=2024-10-25 00:00:00+00:00
[2024-10-24T20:43:03.273+0000] {processor.py:208} INFO - Processing /opt/airflow/dags/spark_airflow.py took 0.102 seconds
[2024-10-24T20:43:33.353+0000] {processor.py:186} INFO - Started process (PID=16276) to work on /opt/airflow/dags/spark_airflow.py
[2024-10-24T20:43:33.354+0000] {processor.py:914} INFO - Processing file /opt/airflow/dags/spark_airflow.py for tasks to queue
[2024-10-24T20:43:33.355+0000] {logging_mixin.py:190} INFO - [2024-10-24T20:43:33.355+0000] {dagbag.py:588} INFO - Filling up the DagBag from /opt/airflow/dags/spark_airflow.py
[2024-10-24T20:43:33.373+0000] {processor.py:925} INFO - DAG(s) 'sparking_flow' retrieved from /opt/airflow/dags/spark_airflow.py
[2024-10-24T20:43:33.397+0000] {logging_mixin.py:190} INFO - [2024-10-24T20:43:33.397+0000] {dag.py:3239} INFO - Sync 1 DAGs
[2024-10-24T20:43:33.418+0000] {logging_mixin.py:190} INFO - [2024-10-24T20:43:33.418+0000] {dag.py:4180} INFO - Setting next_dagrun for sparking_flow to 2024-10-24 00:00:00+00:00, run_after=2024-10-25 00:00:00+00:00
[2024-10-24T20:43:33.433+0000] {processor.py:208} INFO - Processing /opt/airflow/dags/spark_airflow.py took 0.085 seconds
[2024-10-24T20:44:03.598+0000] {processor.py:186} INFO - Started process (PID=16281) to work on /opt/airflow/dags/spark_airflow.py
[2024-10-24T20:44:03.599+0000] {processor.py:914} INFO - Processing file /opt/airflow/dags/spark_airflow.py for tasks to queue
[2024-10-24T20:44:03.600+0000] {logging_mixin.py:190} INFO - [2024-10-24T20:44:03.600+0000] {dagbag.py:588} INFO - Filling up the DagBag from /opt/airflow/dags/spark_airflow.py
[2024-10-24T20:44:03.618+0000] {processor.py:925} INFO - DAG(s) 'sparking_flow' retrieved from /opt/airflow/dags/spark_airflow.py
[2024-10-24T20:44:03.643+0000] {logging_mixin.py:190} INFO - [2024-10-24T20:44:03.643+0000] {dag.py:3239} INFO - Sync 1 DAGs
[2024-10-24T20:44:03.666+0000] {logging_mixin.py:190} INFO - [2024-10-24T20:44:03.666+0000] {dag.py:4180} INFO - Setting next_dagrun for sparking_flow to 2024-10-24 00:00:00+00:00, run_after=2024-10-25 00:00:00+00:00
[2024-10-24T20:44:03.683+0000] {processor.py:208} INFO - Processing /opt/airflow/dags/spark_airflow.py took 0.090 seconds
[2024-10-24T20:44:33.774+0000] {processor.py:186} INFO - Started process (PID=16286) to work on /opt/airflow/dags/spark_airflow.py
[2024-10-24T20:44:33.775+0000] {processor.py:914} INFO - Processing file /opt/airflow/dags/spark_airflow.py for tasks to queue
[2024-10-24T20:44:33.776+0000] {logging_mixin.py:190} INFO - [2024-10-24T20:44:33.776+0000] {dagbag.py:588} INFO - Filling up the DagBag from /opt/airflow/dags/spark_airflow.py
[2024-10-24T20:44:33.794+0000] {processor.py:925} INFO - DAG(s) 'sparking_flow' retrieved from /opt/airflow/dags/spark_airflow.py
[2024-10-24T20:44:33.820+0000] {logging_mixin.py:190} INFO - [2024-10-24T20:44:33.819+0000] {dag.py:3239} INFO - Sync 1 DAGs
[2024-10-24T20:44:33.841+0000] {logging_mixin.py:190} INFO - [2024-10-24T20:44:33.841+0000] {dag.py:4180} INFO - Setting next_dagrun for sparking_flow to 2024-10-24 00:00:00+00:00, run_after=2024-10-25 00:00:00+00:00
[2024-10-24T20:44:33.857+0000] {processor.py:208} INFO - Processing /opt/airflow/dags/spark_airflow.py took 0.088 seconds
[2024-10-24T20:45:04.005+0000] {processor.py:186} INFO - Started process (PID=16291) to work on /opt/airflow/dags/spark_airflow.py
[2024-10-24T20:45:04.006+0000] {processor.py:914} INFO - Processing file /opt/airflow/dags/spark_airflow.py for tasks to queue
[2024-10-24T20:45:04.007+0000] {logging_mixin.py:190} INFO - [2024-10-24T20:45:04.007+0000] {dagbag.py:588} INFO - Filling up the DagBag from /opt/airflow/dags/spark_airflow.py
[2024-10-24T20:45:04.026+0000] {processor.py:925} INFO - DAG(s) 'sparking_flow' retrieved from /opt/airflow/dags/spark_airflow.py
[2024-10-24T20:45:04.049+0000] {logging_mixin.py:190} INFO - [2024-10-24T20:45:04.049+0000] {dag.py:3239} INFO - Sync 1 DAGs
[2024-10-24T20:45:04.070+0000] {logging_mixin.py:190} INFO - [2024-10-24T20:45:04.070+0000] {dag.py:4180} INFO - Setting next_dagrun for sparking_flow to 2024-10-24 00:00:00+00:00, run_after=2024-10-25 00:00:00+00:00
[2024-10-24T20:45:04.087+0000] {processor.py:208} INFO - Processing /opt/airflow/dags/spark_airflow.py took 0.088 seconds
[2024-10-24T20:45:34.184+0000] {processor.py:186} INFO - Started process (PID=16296) to work on /opt/airflow/dags/spark_airflow.py
[2024-10-24T20:45:34.185+0000] {processor.py:914} INFO - Processing file /opt/airflow/dags/spark_airflow.py for tasks to queue
[2024-10-24T20:45:34.186+0000] {logging_mixin.py:190} INFO - [2024-10-24T20:45:34.186+0000] {dagbag.py:588} INFO - Filling up the DagBag from /opt/airflow/dags/spark_airflow.py
[2024-10-24T20:45:34.203+0000] {processor.py:925} INFO - DAG(s) 'sparking_flow' retrieved from /opt/airflow/dags/spark_airflow.py
[2024-10-24T20:45:34.227+0000] {logging_mixin.py:190} INFO - [2024-10-24T20:45:34.227+0000] {dag.py:3239} INFO - Sync 1 DAGs
[2024-10-24T20:45:34.249+0000] {logging_mixin.py:190} INFO - [2024-10-24T20:45:34.248+0000] {dag.py:4180} INFO - Setting next_dagrun for sparking_flow to 2024-10-24 00:00:00+00:00, run_after=2024-10-25 00:00:00+00:00
[2024-10-24T20:45:34.266+0000] {processor.py:208} INFO - Processing /opt/airflow/dags/spark_airflow.py took 0.092 seconds
[2024-10-24T20:46:04.415+0000] {processor.py:186} INFO - Started process (PID=16301) to work on /opt/airflow/dags/spark_airflow.py
[2024-10-24T20:46:04.416+0000] {processor.py:914} INFO - Processing file /opt/airflow/dags/spark_airflow.py for tasks to queue
[2024-10-24T20:46:04.417+0000] {logging_mixin.py:190} INFO - [2024-10-24T20:46:04.417+0000] {dagbag.py:588} INFO - Filling up the DagBag from /opt/airflow/dags/spark_airflow.py
[2024-10-24T20:46:04.436+0000] {processor.py:925} INFO - DAG(s) 'sparking_flow' retrieved from /opt/airflow/dags/spark_airflow.py
[2024-10-24T20:46:04.461+0000] {logging_mixin.py:190} INFO - [2024-10-24T20:46:04.461+0000] {dag.py:3239} INFO - Sync 1 DAGs
[2024-10-24T20:46:04.483+0000] {logging_mixin.py:190} INFO - [2024-10-24T20:46:04.483+0000] {dag.py:4180} INFO - Setting next_dagrun for sparking_flow to 2024-10-24 00:00:00+00:00, run_after=2024-10-25 00:00:00+00:00
[2024-10-24T20:46:04.500+0000] {processor.py:208} INFO - Processing /opt/airflow/dags/spark_airflow.py took 0.091 seconds
[2024-10-24T20:46:34.594+0000] {processor.py:186} INFO - Started process (PID=16306) to work on /opt/airflow/dags/spark_airflow.py
[2024-10-24T20:46:34.595+0000] {processor.py:914} INFO - Processing file /opt/airflow/dags/spark_airflow.py for tasks to queue
[2024-10-24T20:46:34.597+0000] {logging_mixin.py:190} INFO - [2024-10-24T20:46:34.596+0000] {dagbag.py:588} INFO - Filling up the DagBag from /opt/airflow/dags/spark_airflow.py
[2024-10-24T20:46:34.616+0000] {processor.py:925} INFO - DAG(s) 'sparking_flow' retrieved from /opt/airflow/dags/spark_airflow.py
[2024-10-24T20:46:34.643+0000] {logging_mixin.py:190} INFO - [2024-10-24T20:46:34.643+0000] {dag.py:3239} INFO - Sync 1 DAGs
[2024-10-24T20:46:34.665+0000] {logging_mixin.py:190} INFO - [2024-10-24T20:46:34.665+0000] {dag.py:4180} INFO - Setting next_dagrun for sparking_flow to 2024-10-24 00:00:00+00:00, run_after=2024-10-25 00:00:00+00:00
[2024-10-24T20:46:34.682+0000] {processor.py:208} INFO - Processing /opt/airflow/dags/spark_airflow.py took 0.094 seconds
[2024-10-24T20:47:04.866+0000] {processor.py:186} INFO - Started process (PID=16311) to work on /opt/airflow/dags/spark_airflow.py
[2024-10-24T20:47:04.867+0000] {processor.py:914} INFO - Processing file /opt/airflow/dags/spark_airflow.py for tasks to queue
[2024-10-24T20:47:04.869+0000] {logging_mixin.py:190} INFO - [2024-10-24T20:47:04.869+0000] {dagbag.py:588} INFO - Filling up the DagBag from /opt/airflow/dags/spark_airflow.py
[2024-10-24T20:47:04.885+0000] {processor.py:925} INFO - DAG(s) 'sparking_flow' retrieved from /opt/airflow/dags/spark_airflow.py
[2024-10-24T20:47:04.911+0000] {logging_mixin.py:190} INFO - [2024-10-24T20:47:04.911+0000] {dag.py:3239} INFO - Sync 1 DAGs
[2024-10-24T20:47:04.934+0000] {logging_mixin.py:190} INFO - [2024-10-24T20:47:04.933+0000] {dag.py:4180} INFO - Setting next_dagrun for sparking_flow to 2024-10-24 00:00:00+00:00, run_after=2024-10-25 00:00:00+00:00
[2024-10-24T20:47:04.950+0000] {processor.py:208} INFO - Processing /opt/airflow/dags/spark_airflow.py took 0.087 seconds
[2024-10-24T20:47:35.056+0000] {processor.py:186} INFO - Started process (PID=16316) to work on /opt/airflow/dags/spark_airflow.py
[2024-10-24T20:47:35.057+0000] {processor.py:914} INFO - Processing file /opt/airflow/dags/spark_airflow.py for tasks to queue
[2024-10-24T20:47:35.058+0000] {logging_mixin.py:190} INFO - [2024-10-24T20:47:35.058+0000] {dagbag.py:588} INFO - Filling up the DagBag from /opt/airflow/dags/spark_airflow.py
[2024-10-24T20:47:35.074+0000] {processor.py:925} INFO - DAG(s) 'sparking_flow' retrieved from /opt/airflow/dags/spark_airflow.py
[2024-10-24T20:47:35.099+0000] {logging_mixin.py:190} INFO - [2024-10-24T20:47:35.099+0000] {dag.py:3239} INFO - Sync 1 DAGs
[2024-10-24T20:47:35.122+0000] {logging_mixin.py:190} INFO - [2024-10-24T20:47:35.121+0000] {dag.py:4180} INFO - Setting next_dagrun for sparking_flow to 2024-10-24 00:00:00+00:00, run_after=2024-10-25 00:00:00+00:00
[2024-10-24T20:47:35.137+0000] {processor.py:208} INFO - Processing /opt/airflow/dags/spark_airflow.py took 0.088 seconds
[2024-10-24T20:48:05.303+0000] {processor.py:186} INFO - Started process (PID=16321) to work on /opt/airflow/dags/spark_airflow.py
[2024-10-24T20:48:05.303+0000] {processor.py:914} INFO - Processing file /opt/airflow/dags/spark_airflow.py for tasks to queue
[2024-10-24T20:48:05.304+0000] {logging_mixin.py:190} INFO - [2024-10-24T20:48:05.304+0000] {dagbag.py:588} INFO - Filling up the DagBag from /opt/airflow/dags/spark_airflow.py
[2024-10-24T20:48:05.320+0000] {processor.py:925} INFO - DAG(s) 'sparking_flow' retrieved from /opt/airflow/dags/spark_airflow.py
[2024-10-24T20:48:05.344+0000] {logging_mixin.py:190} INFO - [2024-10-24T20:48:05.344+0000] {dag.py:3239} INFO - Sync 1 DAGs
[2024-10-24T20:48:05.366+0000] {logging_mixin.py:190} INFO - [2024-10-24T20:48:05.366+0000] {dag.py:4180} INFO - Setting next_dagrun for sparking_flow to 2024-10-24 00:00:00+00:00, run_after=2024-10-25 00:00:00+00:00
[2024-10-24T20:48:05.383+0000] {processor.py:208} INFO - Processing /opt/airflow/dags/spark_airflow.py took 0.085 seconds
[2024-10-24T20:48:35.486+0000] {processor.py:186} INFO - Started process (PID=16326) to work on /opt/airflow/dags/spark_airflow.py
[2024-10-24T20:48:35.487+0000] {processor.py:914} INFO - Processing file /opt/airflow/dags/spark_airflow.py for tasks to queue
[2024-10-24T20:48:35.488+0000] {logging_mixin.py:190} INFO - [2024-10-24T20:48:35.488+0000] {dagbag.py:588} INFO - Filling up the DagBag from /opt/airflow/dags/spark_airflow.py
[2024-10-24T20:48:35.505+0000] {processor.py:925} INFO - DAG(s) 'sparking_flow' retrieved from /opt/airflow/dags/spark_airflow.py
[2024-10-24T20:48:35.531+0000] {logging_mixin.py:190} INFO - [2024-10-24T20:48:35.531+0000] {dag.py:3239} INFO - Sync 1 DAGs
[2024-10-24T20:48:35.554+0000] {logging_mixin.py:190} INFO - [2024-10-24T20:48:35.554+0000] {dag.py:4180} INFO - Setting next_dagrun for sparking_flow to 2024-10-24 00:00:00+00:00, run_after=2024-10-25 00:00:00+00:00
[2024-10-24T20:48:35.570+0000] {processor.py:208} INFO - Processing /opt/airflow/dags/spark_airflow.py took 0.091 seconds
[2024-10-24T20:49:05.727+0000] {processor.py:186} INFO - Started process (PID=16331) to work on /opt/airflow/dags/spark_airflow.py
[2024-10-24T20:49:05.728+0000] {processor.py:914} INFO - Processing file /opt/airflow/dags/spark_airflow.py for tasks to queue
[2024-10-24T20:49:05.729+0000] {logging_mixin.py:190} INFO - [2024-10-24T20:49:05.729+0000] {dagbag.py:588} INFO - Filling up the DagBag from /opt/airflow/dags/spark_airflow.py
[2024-10-24T20:49:05.745+0000] {processor.py:925} INFO - DAG(s) 'sparking_flow' retrieved from /opt/airflow/dags/spark_airflow.py
[2024-10-24T20:49:05.770+0000] {logging_mixin.py:190} INFO - [2024-10-24T20:49:05.770+0000] {dag.py:3239} INFO - Sync 1 DAGs
[2024-10-24T20:49:05.792+0000] {logging_mixin.py:190} INFO - [2024-10-24T20:49:05.792+0000] {dag.py:4180} INFO - Setting next_dagrun for sparking_flow to 2024-10-24 00:00:00+00:00, run_after=2024-10-25 00:00:00+00:00
[2024-10-24T20:49:05.808+0000] {processor.py:208} INFO - Processing /opt/airflow/dags/spark_airflow.py took 0.085 seconds
[2024-10-24T20:49:35.911+0000] {processor.py:186} INFO - Started process (PID=16336) to work on /opt/airflow/dags/spark_airflow.py
[2024-10-24T20:49:35.912+0000] {processor.py:914} INFO - Processing file /opt/airflow/dags/spark_airflow.py for tasks to queue
[2024-10-24T20:49:35.914+0000] {logging_mixin.py:190} INFO - [2024-10-24T20:49:35.913+0000] {dagbag.py:588} INFO - Filling up the DagBag from /opt/airflow/dags/spark_airflow.py
[2024-10-24T20:49:35.934+0000] {processor.py:925} INFO - DAG(s) 'sparking_flow' retrieved from /opt/airflow/dags/spark_airflow.py
[2024-10-24T20:49:35.959+0000] {logging_mixin.py:190} INFO - [2024-10-24T20:49:35.959+0000] {dag.py:3239} INFO - Sync 1 DAGs
[2024-10-24T20:49:35.980+0000] {logging_mixin.py:190} INFO - [2024-10-24T20:49:35.980+0000] {dag.py:4180} INFO - Setting next_dagrun for sparking_flow to 2024-10-24 00:00:00+00:00, run_after=2024-10-25 00:00:00+00:00
[2024-10-24T20:49:35.996+0000] {processor.py:208} INFO - Processing /opt/airflow/dags/spark_airflow.py took 0.091 seconds
[2024-10-24T20:50:06.154+0000] {processor.py:186} INFO - Started process (PID=16341) to work on /opt/airflow/dags/spark_airflow.py
[2024-10-24T20:50:06.155+0000] {processor.py:914} INFO - Processing file /opt/airflow/dags/spark_airflow.py for tasks to queue
[2024-10-24T20:50:06.156+0000] {logging_mixin.py:190} INFO - [2024-10-24T20:50:06.156+0000] {dagbag.py:588} INFO - Filling up the DagBag from /opt/airflow/dags/spark_airflow.py
[2024-10-24T20:50:06.175+0000] {processor.py:925} INFO - DAG(s) 'sparking_flow' retrieved from /opt/airflow/dags/spark_airflow.py
[2024-10-24T20:50:06.203+0000] {logging_mixin.py:190} INFO - [2024-10-24T20:50:06.203+0000] {dag.py:3239} INFO - Sync 1 DAGs
[2024-10-24T20:50:06.229+0000] {logging_mixin.py:190} INFO - [2024-10-24T20:50:06.229+0000] {dag.py:4180} INFO - Setting next_dagrun for sparking_flow to 2024-10-24 00:00:00+00:00, run_after=2024-10-25 00:00:00+00:00
[2024-10-24T20:50:06.247+0000] {processor.py:208} INFO - Processing /opt/airflow/dags/spark_airflow.py took 0.102 seconds
[2024-10-24T20:50:36.335+0000] {processor.py:186} INFO - Started process (PID=16346) to work on /opt/airflow/dags/spark_airflow.py
[2024-10-24T20:50:36.336+0000] {processor.py:914} INFO - Processing file /opt/airflow/dags/spark_airflow.py for tasks to queue
[2024-10-24T20:50:36.338+0000] {logging_mixin.py:190} INFO - [2024-10-24T20:50:36.337+0000] {dagbag.py:588} INFO - Filling up the DagBag from /opt/airflow/dags/spark_airflow.py
[2024-10-24T20:50:36.359+0000] {processor.py:925} INFO - DAG(s) 'sparking_flow' retrieved from /opt/airflow/dags/spark_airflow.py
[2024-10-24T20:50:36.402+0000] {logging_mixin.py:190} INFO - [2024-10-24T20:50:36.401+0000] {dag.py:3239} INFO - Sync 1 DAGs
[2024-10-24T20:50:36.428+0000] {logging_mixin.py:190} INFO - [2024-10-24T20:50:36.428+0000] {dag.py:4180} INFO - Setting next_dagrun for sparking_flow to 2024-10-24 00:00:00+00:00, run_after=2024-10-25 00:00:00+00:00
[2024-10-24T20:50:36.445+0000] {processor.py:208} INFO - Processing /opt/airflow/dags/spark_airflow.py took 0.115 seconds
[2024-10-24T20:51:06.594+0000] {processor.py:186} INFO - Started process (PID=16351) to work on /opt/airflow/dags/spark_airflow.py
[2024-10-24T20:51:06.594+0000] {processor.py:914} INFO - Processing file /opt/airflow/dags/spark_airflow.py for tasks to queue
[2024-10-24T20:51:06.595+0000] {logging_mixin.py:190} INFO - [2024-10-24T20:51:06.595+0000] {dagbag.py:588} INFO - Filling up the DagBag from /opt/airflow/dags/spark_airflow.py
[2024-10-24T20:51:06.612+0000] {processor.py:925} INFO - DAG(s) 'sparking_flow' retrieved from /opt/airflow/dags/spark_airflow.py
[2024-10-24T20:51:06.637+0000] {logging_mixin.py:190} INFO - [2024-10-24T20:51:06.637+0000] {dag.py:3239} INFO - Sync 1 DAGs
[2024-10-24T20:51:06.661+0000] {logging_mixin.py:190} INFO - [2024-10-24T20:51:06.661+0000] {dag.py:4180} INFO - Setting next_dagrun for sparking_flow to 2024-10-24 00:00:00+00:00, run_after=2024-10-25 00:00:00+00:00
[2024-10-24T20:51:06.677+0000] {processor.py:208} INFO - Processing /opt/airflow/dags/spark_airflow.py took 0.088 seconds
[2024-10-24T20:51:36.780+0000] {processor.py:186} INFO - Started process (PID=16356) to work on /opt/airflow/dags/spark_airflow.py
[2024-10-24T20:51:36.781+0000] {processor.py:914} INFO - Processing file /opt/airflow/dags/spark_airflow.py for tasks to queue
[2024-10-24T20:51:36.783+0000] {logging_mixin.py:190} INFO - [2024-10-24T20:51:36.782+0000] {dagbag.py:588} INFO - Filling up the DagBag from /opt/airflow/dags/spark_airflow.py
[2024-10-24T20:51:36.801+0000] {processor.py:925} INFO - DAG(s) 'sparking_flow' retrieved from /opt/airflow/dags/spark_airflow.py
[2024-10-24T20:51:36.827+0000] {logging_mixin.py:190} INFO - [2024-10-24T20:51:36.827+0000] {dag.py:3239} INFO - Sync 1 DAGs
[2024-10-24T20:51:36.848+0000] {logging_mixin.py:190} INFO - [2024-10-24T20:51:36.848+0000] {dag.py:4180} INFO - Setting next_dagrun for sparking_flow to 2024-10-24 00:00:00+00:00, run_after=2024-10-25 00:00:00+00:00
[2024-10-24T20:51:36.865+0000] {processor.py:208} INFO - Processing /opt/airflow/dags/spark_airflow.py took 0.091 seconds
[2024-10-24T20:52:07.038+0000] {processor.py:186} INFO - Started process (PID=16361) to work on /opt/airflow/dags/spark_airflow.py
[2024-10-24T20:52:07.039+0000] {processor.py:914} INFO - Processing file /opt/airflow/dags/spark_airflow.py for tasks to queue
[2024-10-24T20:52:07.040+0000] {logging_mixin.py:190} INFO - [2024-10-24T20:52:07.040+0000] {dagbag.py:588} INFO - Filling up the DagBag from /opt/airflow/dags/spark_airflow.py
[2024-10-24T20:52:07.058+0000] {processor.py:925} INFO - DAG(s) 'sparking_flow' retrieved from /opt/airflow/dags/spark_airflow.py
[2024-10-24T20:52:07.083+0000] {logging_mixin.py:190} INFO - [2024-10-24T20:52:07.083+0000] {dag.py:3239} INFO - Sync 1 DAGs
[2024-10-24T20:52:07.105+0000] {logging_mixin.py:190} INFO - [2024-10-24T20:52:07.104+0000] {dag.py:4180} INFO - Setting next_dagrun for sparking_flow to 2024-10-24 00:00:00+00:00, run_after=2024-10-25 00:00:00+00:00
[2024-10-24T20:52:07.122+0000] {processor.py:208} INFO - Processing /opt/airflow/dags/spark_airflow.py took 0.088 seconds
[2024-10-24T20:52:37.224+0000] {processor.py:186} INFO - Started process (PID=16366) to work on /opt/airflow/dags/spark_airflow.py
[2024-10-24T20:52:37.225+0000] {processor.py:914} INFO - Processing file /opt/airflow/dags/spark_airflow.py for tasks to queue
[2024-10-24T20:52:37.227+0000] {logging_mixin.py:190} INFO - [2024-10-24T20:52:37.226+0000] {dagbag.py:588} INFO - Filling up the DagBag from /opt/airflow/dags/spark_airflow.py
[2024-10-24T20:52:37.252+0000] {processor.py:925} INFO - DAG(s) 'sparking_flow' retrieved from /opt/airflow/dags/spark_airflow.py
[2024-10-24T20:52:37.278+0000] {logging_mixin.py:190} INFO - [2024-10-24T20:52:37.278+0000] {dag.py:3239} INFO - Sync 1 DAGs
[2024-10-24T20:52:37.301+0000] {logging_mixin.py:190} INFO - [2024-10-24T20:52:37.300+0000] {dag.py:4180} INFO - Setting next_dagrun for sparking_flow to 2024-10-24 00:00:00+00:00, run_after=2024-10-25 00:00:00+00:00
[2024-10-24T20:52:37.318+0000] {processor.py:208} INFO - Processing /opt/airflow/dags/spark_airflow.py took 0.100 seconds
[2024-10-24T20:53:07.459+0000] {processor.py:186} INFO - Started process (PID=16371) to work on /opt/airflow/dags/spark_airflow.py
[2024-10-24T20:53:07.460+0000] {processor.py:914} INFO - Processing file /opt/airflow/dags/spark_airflow.py for tasks to queue
[2024-10-24T20:53:07.461+0000] {logging_mixin.py:190} INFO - [2024-10-24T20:53:07.461+0000] {dagbag.py:588} INFO - Filling up the DagBag from /opt/airflow/dags/spark_airflow.py
[2024-10-24T20:53:07.477+0000] {processor.py:925} INFO - DAG(s) 'sparking_flow' retrieved from /opt/airflow/dags/spark_airflow.py
[2024-10-24T20:53:07.501+0000] {logging_mixin.py:190} INFO - [2024-10-24T20:53:07.501+0000] {dag.py:3239} INFO - Sync 1 DAGs
[2024-10-24T20:53:07.524+0000] {logging_mixin.py:190} INFO - [2024-10-24T20:53:07.524+0000] {dag.py:4180} INFO - Setting next_dagrun for sparking_flow to 2024-10-24 00:00:00+00:00, run_after=2024-10-25 00:00:00+00:00
[2024-10-24T20:53:07.540+0000] {processor.py:208} INFO - Processing /opt/airflow/dags/spark_airflow.py took 0.086 seconds
[2024-10-24T20:53:37.654+0000] {processor.py:186} INFO - Started process (PID=16376) to work on /opt/airflow/dags/spark_airflow.py
[2024-10-24T20:53:37.655+0000] {processor.py:914} INFO - Processing file /opt/airflow/dags/spark_airflow.py for tasks to queue
[2024-10-24T20:53:37.657+0000] {logging_mixin.py:190} INFO - [2024-10-24T20:53:37.656+0000] {dagbag.py:588} INFO - Filling up the DagBag from /opt/airflow/dags/spark_airflow.py
[2024-10-24T20:53:37.675+0000] {processor.py:925} INFO - DAG(s) 'sparking_flow' retrieved from /opt/airflow/dags/spark_airflow.py
[2024-10-24T20:53:37.701+0000] {logging_mixin.py:190} INFO - [2024-10-24T20:53:37.701+0000] {dag.py:3239} INFO - Sync 1 DAGs
[2024-10-24T20:53:37.722+0000] {logging_mixin.py:190} INFO - [2024-10-24T20:53:37.722+0000] {dag.py:4180} INFO - Setting next_dagrun for sparking_flow to 2024-10-24 00:00:00+00:00, run_after=2024-10-25 00:00:00+00:00
[2024-10-24T20:53:37.740+0000] {processor.py:208} INFO - Processing /opt/airflow/dags/spark_airflow.py took 0.091 seconds
[2024-10-24T20:54:07.887+0000] {processor.py:186} INFO - Started process (PID=16381) to work on /opt/airflow/dags/spark_airflow.py
[2024-10-24T20:54:07.888+0000] {processor.py:914} INFO - Processing file /opt/airflow/dags/spark_airflow.py for tasks to queue
[2024-10-24T20:54:07.889+0000] {logging_mixin.py:190} INFO - [2024-10-24T20:54:07.889+0000] {dagbag.py:588} INFO - Filling up the DagBag from /opt/airflow/dags/spark_airflow.py
[2024-10-24T20:54:07.909+0000] {processor.py:925} INFO - DAG(s) 'sparking_flow' retrieved from /opt/airflow/dags/spark_airflow.py
[2024-10-24T20:54:07.934+0000] {logging_mixin.py:190} INFO - [2024-10-24T20:54:07.934+0000] {dag.py:3239} INFO - Sync 1 DAGs
[2024-10-24T20:54:07.957+0000] {logging_mixin.py:190} INFO - [2024-10-24T20:54:07.957+0000] {dag.py:4180} INFO - Setting next_dagrun for sparking_flow to 2024-10-24 00:00:00+00:00, run_after=2024-10-25 00:00:00+00:00
[2024-10-24T20:54:07.973+0000] {processor.py:208} INFO - Processing /opt/airflow/dags/spark_airflow.py took 0.092 seconds
[2024-10-24T20:54:38.078+0000] {processor.py:186} INFO - Started process (PID=16386) to work on /opt/airflow/dags/spark_airflow.py
[2024-10-24T20:54:38.080+0000] {processor.py:914} INFO - Processing file /opt/airflow/dags/spark_airflow.py for tasks to queue
[2024-10-24T20:54:38.081+0000] {logging_mixin.py:190} INFO - [2024-10-24T20:54:38.081+0000] {dagbag.py:588} INFO - Filling up the DagBag from /opt/airflow/dags/spark_airflow.py
[2024-10-24T20:54:38.103+0000] {processor.py:925} INFO - DAG(s) 'sparking_flow' retrieved from /opt/airflow/dags/spark_airflow.py
[2024-10-24T20:54:38.132+0000] {logging_mixin.py:190} INFO - [2024-10-24T20:54:38.131+0000] {dag.py:3239} INFO - Sync 1 DAGs
[2024-10-24T20:54:38.155+0000] {logging_mixin.py:190} INFO - [2024-10-24T20:54:38.155+0000] {dag.py:4180} INFO - Setting next_dagrun for sparking_flow to 2024-10-24 00:00:00+00:00, run_after=2024-10-25 00:00:00+00:00
[2024-10-24T20:54:38.171+0000] {processor.py:208} INFO - Processing /opt/airflow/dags/spark_airflow.py took 0.099 seconds
[2024-10-24T20:55:08.311+0000] {processor.py:186} INFO - Started process (PID=16391) to work on /opt/airflow/dags/spark_airflow.py
[2024-10-24T20:55:08.312+0000] {processor.py:914} INFO - Processing file /opt/airflow/dags/spark_airflow.py for tasks to queue
[2024-10-24T20:55:08.313+0000] {logging_mixin.py:190} INFO - [2024-10-24T20:55:08.313+0000] {dagbag.py:588} INFO - Filling up the DagBag from /opt/airflow/dags/spark_airflow.py
[2024-10-24T20:55:08.329+0000] {processor.py:925} INFO - DAG(s) 'sparking_flow' retrieved from /opt/airflow/dags/spark_airflow.py
[2024-10-24T20:55:08.353+0000] {logging_mixin.py:190} INFO - [2024-10-24T20:55:08.353+0000] {dag.py:3239} INFO - Sync 1 DAGs
[2024-10-24T20:55:08.373+0000] {logging_mixin.py:190} INFO - [2024-10-24T20:55:08.373+0000] {dag.py:4180} INFO - Setting next_dagrun for sparking_flow to 2024-10-24 00:00:00+00:00, run_after=2024-10-25 00:00:00+00:00
[2024-10-24T20:55:08.389+0000] {processor.py:208} INFO - Processing /opt/airflow/dags/spark_airflow.py took 0.084 seconds
[2024-10-24T20:55:38.510+0000] {processor.py:186} INFO - Started process (PID=16396) to work on /opt/airflow/dags/spark_airflow.py
[2024-10-24T20:55:38.511+0000] {processor.py:914} INFO - Processing file /opt/airflow/dags/spark_airflow.py for tasks to queue
[2024-10-24T20:55:38.512+0000] {logging_mixin.py:190} INFO - [2024-10-24T20:55:38.512+0000] {dagbag.py:588} INFO - Filling up the DagBag from /opt/airflow/dags/spark_airflow.py
[2024-10-24T20:55:38.532+0000] {processor.py:925} INFO - DAG(s) 'sparking_flow' retrieved from /opt/airflow/dags/spark_airflow.py
[2024-10-24T20:55:38.556+0000] {logging_mixin.py:190} INFO - [2024-10-24T20:55:38.556+0000] {dag.py:3239} INFO - Sync 1 DAGs
[2024-10-24T20:55:38.577+0000] {logging_mixin.py:190} INFO - [2024-10-24T20:55:38.576+0000] {dag.py:4180} INFO - Setting next_dagrun for sparking_flow to 2024-10-24 00:00:00+00:00, run_after=2024-10-25 00:00:00+00:00
[2024-10-24T20:55:38.593+0000] {processor.py:208} INFO - Processing /opt/airflow/dags/spark_airflow.py took 0.089 seconds
[2024-10-24T20:56:08.733+0000] {processor.py:186} INFO - Started process (PID=16401) to work on /opt/airflow/dags/spark_airflow.py
[2024-10-24T20:56:08.734+0000] {processor.py:914} INFO - Processing file /opt/airflow/dags/spark_airflow.py for tasks to queue
[2024-10-24T20:56:08.735+0000] {logging_mixin.py:190} INFO - [2024-10-24T20:56:08.734+0000] {dagbag.py:588} INFO - Filling up the DagBag from /opt/airflow/dags/spark_airflow.py
[2024-10-24T20:56:08.752+0000] {processor.py:925} INFO - DAG(s) 'sparking_flow' retrieved from /opt/airflow/dags/spark_airflow.py
[2024-10-24T20:56:08.777+0000] {logging_mixin.py:190} INFO - [2024-10-24T20:56:08.776+0000] {dag.py:3239} INFO - Sync 1 DAGs
[2024-10-24T20:56:08.799+0000] {logging_mixin.py:190} INFO - [2024-10-24T20:56:08.799+0000] {dag.py:4180} INFO - Setting next_dagrun for sparking_flow to 2024-10-24 00:00:00+00:00, run_after=2024-10-25 00:00:00+00:00
[2024-10-24T20:56:08.818+0000] {processor.py:208} INFO - Processing /opt/airflow/dags/spark_airflow.py took 0.090 seconds
[2024-10-24T20:56:38.938+0000] {processor.py:186} INFO - Started process (PID=16406) to work on /opt/airflow/dags/spark_airflow.py
[2024-10-24T20:56:38.939+0000] {processor.py:914} INFO - Processing file /opt/airflow/dags/spark_airflow.py for tasks to queue
[2024-10-24T20:56:38.940+0000] {logging_mixin.py:190} INFO - [2024-10-24T20:56:38.940+0000] {dagbag.py:588} INFO - Filling up the DagBag from /opt/airflow/dags/spark_airflow.py
[2024-10-24T20:56:38.961+0000] {processor.py:925} INFO - DAG(s) 'sparking_flow' retrieved from /opt/airflow/dags/spark_airflow.py
[2024-10-24T20:56:38.988+0000] {logging_mixin.py:190} INFO - [2024-10-24T20:56:38.987+0000] {dag.py:3239} INFO - Sync 1 DAGs
[2024-10-24T20:56:39.010+0000] {logging_mixin.py:190} INFO - [2024-10-24T20:56:39.010+0000] {dag.py:4180} INFO - Setting next_dagrun for sparking_flow to 2024-10-24 00:00:00+00:00, run_after=2024-10-25 00:00:00+00:00
[2024-10-24T20:56:39.028+0000] {processor.py:208} INFO - Processing /opt/airflow/dags/spark_airflow.py took 0.097 seconds
[2024-10-24T20:57:09.183+0000] {processor.py:186} INFO - Started process (PID=16411) to work on /opt/airflow/dags/spark_airflow.py
[2024-10-24T20:57:09.184+0000] {processor.py:914} INFO - Processing file /opt/airflow/dags/spark_airflow.py for tasks to queue
[2024-10-24T20:57:09.185+0000] {logging_mixin.py:190} INFO - [2024-10-24T20:57:09.185+0000] {dagbag.py:588} INFO - Filling up the DagBag from /opt/airflow/dags/spark_airflow.py
[2024-10-24T20:57:09.202+0000] {processor.py:925} INFO - DAG(s) 'sparking_flow' retrieved from /opt/airflow/dags/spark_airflow.py
[2024-10-24T20:57:09.226+0000] {logging_mixin.py:190} INFO - [2024-10-24T20:57:09.226+0000] {dag.py:3239} INFO - Sync 1 DAGs
[2024-10-24T20:57:09.249+0000] {logging_mixin.py:190} INFO - [2024-10-24T20:57:09.248+0000] {dag.py:4180} INFO - Setting next_dagrun for sparking_flow to 2024-10-24 00:00:00+00:00, run_after=2024-10-25 00:00:00+00:00
[2024-10-24T20:57:09.265+0000] {processor.py:208} INFO - Processing /opt/airflow/dags/spark_airflow.py took 0.087 seconds
[2024-10-24T20:57:39.372+0000] {processor.py:186} INFO - Started process (PID=16416) to work on /opt/airflow/dags/spark_airflow.py
[2024-10-24T20:57:39.373+0000] {processor.py:914} INFO - Processing file /opt/airflow/dags/spark_airflow.py for tasks to queue
[2024-10-24T20:57:39.374+0000] {logging_mixin.py:190} INFO - [2024-10-24T20:57:39.374+0000] {dagbag.py:588} INFO - Filling up the DagBag from /opt/airflow/dags/spark_airflow.py
[2024-10-24T20:57:39.392+0000] {processor.py:925} INFO - DAG(s) 'sparking_flow' retrieved from /opt/airflow/dags/spark_airflow.py
[2024-10-24T20:57:39.417+0000] {logging_mixin.py:190} INFO - [2024-10-24T20:57:39.416+0000] {dag.py:3239} INFO - Sync 1 DAGs
[2024-10-24T20:57:39.437+0000] {logging_mixin.py:190} INFO - [2024-10-24T20:57:39.437+0000] {dag.py:4180} INFO - Setting next_dagrun for sparking_flow to 2024-10-24 00:00:00+00:00, run_after=2024-10-25 00:00:00+00:00
[2024-10-24T20:57:39.454+0000] {processor.py:208} INFO - Processing /opt/airflow/dags/spark_airflow.py took 0.088 seconds
[2024-10-24T20:58:09.606+0000] {processor.py:186} INFO - Started process (PID=16421) to work on /opt/airflow/dags/spark_airflow.py
[2024-10-24T20:58:09.607+0000] {processor.py:914} INFO - Processing file /opt/airflow/dags/spark_airflow.py for tasks to queue
[2024-10-24T20:58:09.608+0000] {logging_mixin.py:190} INFO - [2024-10-24T20:58:09.607+0000] {dagbag.py:588} INFO - Filling up the DagBag from /opt/airflow/dags/spark_airflow.py
[2024-10-24T20:58:09.625+0000] {processor.py:925} INFO - DAG(s) 'sparking_flow' retrieved from /opt/airflow/dags/spark_airflow.py
[2024-10-24T20:58:09.648+0000] {logging_mixin.py:190} INFO - [2024-10-24T20:58:09.648+0000] {dag.py:3239} INFO - Sync 1 DAGs
[2024-10-24T20:58:09.668+0000] {logging_mixin.py:190} INFO - [2024-10-24T20:58:09.668+0000] {dag.py:4180} INFO - Setting next_dagrun for sparking_flow to 2024-10-24 00:00:00+00:00, run_after=2024-10-25 00:00:00+00:00
[2024-10-24T20:58:09.683+0000] {processor.py:208} INFO - Processing /opt/airflow/dags/spark_airflow.py took 0.083 seconds
[2024-10-24T20:58:39.791+0000] {processor.py:186} INFO - Started process (PID=16426) to work on /opt/airflow/dags/spark_airflow.py
[2024-10-24T20:58:39.792+0000] {processor.py:914} INFO - Processing file /opt/airflow/dags/spark_airflow.py for tasks to queue
[2024-10-24T20:58:39.794+0000] {logging_mixin.py:190} INFO - [2024-10-24T20:58:39.794+0000] {dagbag.py:588} INFO - Filling up the DagBag from /opt/airflow/dags/spark_airflow.py
[2024-10-24T20:58:39.812+0000] {processor.py:925} INFO - DAG(s) 'sparking_flow' retrieved from /opt/airflow/dags/spark_airflow.py
[2024-10-24T20:58:39.839+0000] {logging_mixin.py:190} INFO - [2024-10-24T20:58:39.838+0000] {dag.py:3239} INFO - Sync 1 DAGs
[2024-10-24T20:58:39.860+0000] {logging_mixin.py:190} INFO - [2024-10-24T20:58:39.860+0000] {dag.py:4180} INFO - Setting next_dagrun for sparking_flow to 2024-10-24 00:00:00+00:00, run_after=2024-10-25 00:00:00+00:00
[2024-10-24T20:58:39.876+0000] {processor.py:208} INFO - Processing /opt/airflow/dags/spark_airflow.py took 0.090 seconds
[2024-10-24T20:59:10.017+0000] {processor.py:186} INFO - Started process (PID=16431) to work on /opt/airflow/dags/spark_airflow.py
[2024-10-24T20:59:10.018+0000] {processor.py:914} INFO - Processing file /opt/airflow/dags/spark_airflow.py for tasks to queue
[2024-10-24T20:59:10.019+0000] {logging_mixin.py:190} INFO - [2024-10-24T20:59:10.019+0000] {dagbag.py:588} INFO - Filling up the DagBag from /opt/airflow/dags/spark_airflow.py
[2024-10-24T20:59:10.037+0000] {processor.py:925} INFO - DAG(s) 'sparking_flow' retrieved from /opt/airflow/dags/spark_airflow.py
[2024-10-24T20:59:10.061+0000] {logging_mixin.py:190} INFO - [2024-10-24T20:59:10.061+0000] {dag.py:3239} INFO - Sync 1 DAGs
[2024-10-24T20:59:10.082+0000] {logging_mixin.py:190} INFO - [2024-10-24T20:59:10.082+0000] {dag.py:4180} INFO - Setting next_dagrun for sparking_flow to 2024-10-24 00:00:00+00:00, run_after=2024-10-25 00:00:00+00:00
[2024-10-24T20:59:10.096+0000] {processor.py:208} INFO - Processing /opt/airflow/dags/spark_airflow.py took 0.084 seconds
[2024-10-24T20:59:40.208+0000] {processor.py:186} INFO - Started process (PID=16436) to work on /opt/airflow/dags/spark_airflow.py
[2024-10-24T20:59:40.209+0000] {processor.py:914} INFO - Processing file /opt/airflow/dags/spark_airflow.py for tasks to queue
[2024-10-24T20:59:40.210+0000] {logging_mixin.py:190} INFO - [2024-10-24T20:59:40.210+0000] {dagbag.py:588} INFO - Filling up the DagBag from /opt/airflow/dags/spark_airflow.py
[2024-10-24T20:59:40.227+0000] {processor.py:925} INFO - DAG(s) 'sparking_flow' retrieved from /opt/airflow/dags/spark_airflow.py
[2024-10-24T20:59:40.251+0000] {logging_mixin.py:190} INFO - [2024-10-24T20:59:40.251+0000] {dag.py:3239} INFO - Sync 1 DAGs
[2024-10-24T20:59:40.272+0000] {logging_mixin.py:190} INFO - [2024-10-24T20:59:40.272+0000] {dag.py:4180} INFO - Setting next_dagrun for sparking_flow to 2024-10-24 00:00:00+00:00, run_after=2024-10-25 00:00:00+00:00
[2024-10-24T20:59:40.288+0000] {processor.py:208} INFO - Processing /opt/airflow/dags/spark_airflow.py took 0.086 seconds
[2024-10-24T21:00:10.430+0000] {processor.py:186} INFO - Started process (PID=16441) to work on /opt/airflow/dags/spark_airflow.py
[2024-10-24T21:00:10.430+0000] {processor.py:914} INFO - Processing file /opt/airflow/dags/spark_airflow.py for tasks to queue
[2024-10-24T21:00:10.431+0000] {logging_mixin.py:190} INFO - [2024-10-24T21:00:10.431+0000] {dagbag.py:588} INFO - Filling up the DagBag from /opt/airflow/dags/spark_airflow.py
[2024-10-24T21:00:10.448+0000] {processor.py:925} INFO - DAG(s) 'sparking_flow' retrieved from /opt/airflow/dags/spark_airflow.py
[2024-10-24T21:00:10.473+0000] {logging_mixin.py:190} INFO - [2024-10-24T21:00:10.473+0000] {dag.py:3239} INFO - Sync 1 DAGs
[2024-10-24T21:00:10.496+0000] {logging_mixin.py:190} INFO - [2024-10-24T21:00:10.496+0000] {dag.py:4180} INFO - Setting next_dagrun for sparking_flow to 2024-10-24 00:00:00+00:00, run_after=2024-10-25 00:00:00+00:00
[2024-10-24T21:00:10.514+0000] {processor.py:208} INFO - Processing /opt/airflow/dags/spark_airflow.py took 0.089 seconds
[2024-10-24T21:00:40.615+0000] {processor.py:186} INFO - Started process (PID=16446) to work on /opt/airflow/dags/spark_airflow.py
[2024-10-24T21:00:40.616+0000] {processor.py:914} INFO - Processing file /opt/airflow/dags/spark_airflow.py for tasks to queue
[2024-10-24T21:00:40.617+0000] {logging_mixin.py:190} INFO - [2024-10-24T21:00:40.617+0000] {dagbag.py:588} INFO - Filling up the DagBag from /opt/airflow/dags/spark_airflow.py
[2024-10-24T21:00:40.635+0000] {processor.py:925} INFO - DAG(s) 'sparking_flow' retrieved from /opt/airflow/dags/spark_airflow.py
[2024-10-24T21:00:40.662+0000] {logging_mixin.py:190} INFO - [2024-10-24T21:00:40.661+0000] {dag.py:3239} INFO - Sync 1 DAGs
[2024-10-24T21:00:40.683+0000] {logging_mixin.py:190} INFO - [2024-10-24T21:00:40.682+0000] {dag.py:4180} INFO - Setting next_dagrun for sparking_flow to 2024-10-24 00:00:00+00:00, run_after=2024-10-25 00:00:00+00:00
[2024-10-24T21:00:40.714+0000] {processor.py:208} INFO - Processing /opt/airflow/dags/spark_airflow.py took 0.104 seconds
[2024-10-24T21:01:10.852+0000] {processor.py:186} INFO - Started process (PID=16451) to work on /opt/airflow/dags/spark_airflow.py
[2024-10-24T21:01:10.853+0000] {processor.py:914} INFO - Processing file /opt/airflow/dags/spark_airflow.py for tasks to queue
[2024-10-24T21:01:10.854+0000] {logging_mixin.py:190} INFO - [2024-10-24T21:01:10.854+0000] {dagbag.py:588} INFO - Filling up the DagBag from /opt/airflow/dags/spark_airflow.py
[2024-10-24T21:01:10.872+0000] {processor.py:925} INFO - DAG(s) 'sparking_flow' retrieved from /opt/airflow/dags/spark_airflow.py
[2024-10-24T21:01:10.895+0000] {logging_mixin.py:190} INFO - [2024-10-24T21:01:10.895+0000] {dag.py:3239} INFO - Sync 1 DAGs
[2024-10-24T21:01:10.915+0000] {logging_mixin.py:190} INFO - [2024-10-24T21:01:10.915+0000] {dag.py:4180} INFO - Setting next_dagrun for sparking_flow to 2024-10-24 00:00:00+00:00, run_after=2024-10-25 00:00:00+00:00
[2024-10-24T21:01:10.945+0000] {processor.py:208} INFO - Processing /opt/airflow/dags/spark_airflow.py took 0.099 seconds
[2024-10-24T21:01:41.051+0000] {processor.py:186} INFO - Started process (PID=16456) to work on /opt/airflow/dags/spark_airflow.py
[2024-10-24T21:01:41.052+0000] {processor.py:914} INFO - Processing file /opt/airflow/dags/spark_airflow.py for tasks to queue
[2024-10-24T21:01:41.053+0000] {logging_mixin.py:190} INFO - [2024-10-24T21:01:41.053+0000] {dagbag.py:588} INFO - Filling up the DagBag from /opt/airflow/dags/spark_airflow.py
[2024-10-24T21:01:41.072+0000] {processor.py:925} INFO - DAG(s) 'sparking_flow' retrieved from /opt/airflow/dags/spark_airflow.py
[2024-10-24T21:01:41.098+0000] {logging_mixin.py:190} INFO - [2024-10-24T21:01:41.098+0000] {dag.py:3239} INFO - Sync 1 DAGs
[2024-10-24T21:01:41.118+0000] {logging_mixin.py:190} INFO - [2024-10-24T21:01:41.118+0000] {dag.py:4180} INFO - Setting next_dagrun for sparking_flow to 2024-10-24 00:00:00+00:00, run_after=2024-10-25 00:00:00+00:00
[2024-10-24T21:01:41.135+0000] {processor.py:208} INFO - Processing /opt/airflow/dags/spark_airflow.py took 0.090 seconds
[2024-10-24T21:02:11.314+0000] {processor.py:186} INFO - Started process (PID=16461) to work on /opt/airflow/dags/spark_airflow.py
[2024-10-24T21:02:11.315+0000] {processor.py:914} INFO - Processing file /opt/airflow/dags/spark_airflow.py for tasks to queue
[2024-10-24T21:02:11.316+0000] {logging_mixin.py:190} INFO - [2024-10-24T21:02:11.316+0000] {dagbag.py:588} INFO - Filling up the DagBag from /opt/airflow/dags/spark_airflow.py
[2024-10-24T21:02:11.334+0000] {processor.py:925} INFO - DAG(s) 'sparking_flow' retrieved from /opt/airflow/dags/spark_airflow.py
[2024-10-24T21:02:11.359+0000] {logging_mixin.py:190} INFO - [2024-10-24T21:02:11.359+0000] {dag.py:3239} INFO - Sync 1 DAGs
[2024-10-24T21:02:11.382+0000] {logging_mixin.py:190} INFO - [2024-10-24T21:02:11.382+0000] {dag.py:4180} INFO - Setting next_dagrun for sparking_flow to 2024-10-24 00:00:00+00:00, run_after=2024-10-25 00:00:00+00:00
[2024-10-24T21:02:11.405+0000] {processor.py:208} INFO - Processing /opt/airflow/dags/spark_airflow.py took 0.096 seconds
[2024-10-24T21:02:41.491+0000] {processor.py:186} INFO - Started process (PID=16466) to work on /opt/airflow/dags/spark_airflow.py
[2024-10-24T21:02:41.492+0000] {processor.py:914} INFO - Processing file /opt/airflow/dags/spark_airflow.py for tasks to queue
[2024-10-24T21:02:41.493+0000] {logging_mixin.py:190} INFO - [2024-10-24T21:02:41.493+0000] {dagbag.py:588} INFO - Filling up the DagBag from /opt/airflow/dags/spark_airflow.py
[2024-10-24T21:02:41.510+0000] {processor.py:925} INFO - DAG(s) 'sparking_flow' retrieved from /opt/airflow/dags/spark_airflow.py
[2024-10-24T21:02:41.536+0000] {logging_mixin.py:190} INFO - [2024-10-24T21:02:41.536+0000] {dag.py:3239} INFO - Sync 1 DAGs
[2024-10-24T21:02:41.559+0000] {logging_mixin.py:190} INFO - [2024-10-24T21:02:41.558+0000] {dag.py:4180} INFO - Setting next_dagrun for sparking_flow to 2024-10-24 00:00:00+00:00, run_after=2024-10-25 00:00:00+00:00
[2024-10-24T21:02:41.576+0000] {processor.py:208} INFO - Processing /opt/airflow/dags/spark_airflow.py took 0.090 seconds
[2024-10-24T21:03:11.744+0000] {processor.py:186} INFO - Started process (PID=16471) to work on /opt/airflow/dags/spark_airflow.py
[2024-10-24T21:03:11.745+0000] {processor.py:914} INFO - Processing file /opt/airflow/dags/spark_airflow.py for tasks to queue
[2024-10-24T21:03:11.746+0000] {logging_mixin.py:190} INFO - [2024-10-24T21:03:11.746+0000] {dagbag.py:588} INFO - Filling up the DagBag from /opt/airflow/dags/spark_airflow.py
[2024-10-24T21:03:11.764+0000] {processor.py:925} INFO - DAG(s) 'sparking_flow' retrieved from /opt/airflow/dags/spark_airflow.py
[2024-10-24T21:03:11.786+0000] {logging_mixin.py:190} INFO - [2024-10-24T21:03:11.786+0000] {dag.py:3239} INFO - Sync 1 DAGs
[2024-10-24T21:03:11.807+0000] {logging_mixin.py:190} INFO - [2024-10-24T21:03:11.807+0000] {dag.py:4180} INFO - Setting next_dagrun for sparking_flow to 2024-10-24 00:00:00+00:00, run_after=2024-10-25 00:00:00+00:00
[2024-10-24T21:03:11.824+0000] {processor.py:208} INFO - Processing /opt/airflow/dags/spark_airflow.py took 0.085 seconds
[2024-10-24T21:03:41.926+0000] {processor.py:186} INFO - Started process (PID=16476) to work on /opt/airflow/dags/spark_airflow.py
[2024-10-24T21:03:41.927+0000] {processor.py:914} INFO - Processing file /opt/airflow/dags/spark_airflow.py for tasks to queue
[2024-10-24T21:03:41.928+0000] {logging_mixin.py:190} INFO - [2024-10-24T21:03:41.927+0000] {dagbag.py:588} INFO - Filling up the DagBag from /opt/airflow/dags/spark_airflow.py
[2024-10-24T21:03:41.945+0000] {processor.py:925} INFO - DAG(s) 'sparking_flow' retrieved from /opt/airflow/dags/spark_airflow.py
[2024-10-24T21:03:41.971+0000] {logging_mixin.py:190} INFO - [2024-10-24T21:03:41.971+0000] {dag.py:3239} INFO - Sync 1 DAGs
[2024-10-24T21:03:41.991+0000] {logging_mixin.py:190} INFO - [2024-10-24T21:03:41.991+0000] {dag.py:4180} INFO - Setting next_dagrun for sparking_flow to 2024-10-24 00:00:00+00:00, run_after=2024-10-25 00:00:00+00:00
[2024-10-24T21:03:42.006+0000] {processor.py:208} INFO - Processing /opt/airflow/dags/spark_airflow.py took 0.085 seconds
[2024-10-24T21:04:12.164+0000] {processor.py:186} INFO - Started process (PID=16481) to work on /opt/airflow/dags/spark_airflow.py
[2024-10-24T21:04:12.165+0000] {processor.py:914} INFO - Processing file /opt/airflow/dags/spark_airflow.py for tasks to queue
[2024-10-24T21:04:12.166+0000] {logging_mixin.py:190} INFO - [2024-10-24T21:04:12.166+0000] {dagbag.py:588} INFO - Filling up the DagBag from /opt/airflow/dags/spark_airflow.py
[2024-10-24T21:04:12.184+0000] {processor.py:925} INFO - DAG(s) 'sparking_flow' retrieved from /opt/airflow/dags/spark_airflow.py
[2024-10-24T21:04:12.207+0000] {logging_mixin.py:190} INFO - [2024-10-24T21:04:12.207+0000] {dag.py:3239} INFO - Sync 1 DAGs
[2024-10-24T21:04:12.227+0000] {logging_mixin.py:190} INFO - [2024-10-24T21:04:12.227+0000] {dag.py:4180} INFO - Setting next_dagrun for sparking_flow to 2024-10-24 00:00:00+00:00, run_after=2024-10-25 00:00:00+00:00
[2024-10-24T21:04:12.246+0000] {processor.py:208} INFO - Processing /opt/airflow/dags/spark_airflow.py took 0.086 seconds
[2024-10-24T21:04:42.344+0000] {processor.py:186} INFO - Started process (PID=16486) to work on /opt/airflow/dags/spark_airflow.py
[2024-10-24T21:04:42.345+0000] {processor.py:914} INFO - Processing file /opt/airflow/dags/spark_airflow.py for tasks to queue
[2024-10-24T21:04:42.346+0000] {logging_mixin.py:190} INFO - [2024-10-24T21:04:42.346+0000] {dagbag.py:588} INFO - Filling up the DagBag from /opt/airflow/dags/spark_airflow.py
[2024-10-24T21:04:42.364+0000] {processor.py:925} INFO - DAG(s) 'sparking_flow' retrieved from /opt/airflow/dags/spark_airflow.py
[2024-10-24T21:04:42.390+0000] {logging_mixin.py:190} INFO - [2024-10-24T21:04:42.390+0000] {dag.py:3239} INFO - Sync 1 DAGs
[2024-10-24T21:04:42.411+0000] {logging_mixin.py:190} INFO - [2024-10-24T21:04:42.411+0000] {dag.py:4180} INFO - Setting next_dagrun for sparking_flow to 2024-10-24 00:00:00+00:00, run_after=2024-10-25 00:00:00+00:00
[2024-10-24T21:04:42.429+0000] {processor.py:208} INFO - Processing /opt/airflow/dags/spark_airflow.py took 0.091 seconds
[2024-10-24T21:05:12.584+0000] {processor.py:186} INFO - Started process (PID=16491) to work on /opt/airflow/dags/spark_airflow.py
[2024-10-24T21:05:12.585+0000] {processor.py:914} INFO - Processing file /opt/airflow/dags/spark_airflow.py for tasks to queue
[2024-10-24T21:05:12.586+0000] {logging_mixin.py:190} INFO - [2024-10-24T21:05:12.586+0000] {dagbag.py:588} INFO - Filling up the DagBag from /opt/airflow/dags/spark_airflow.py
[2024-10-24T21:05:12.602+0000] {processor.py:925} INFO - DAG(s) 'sparking_flow' retrieved from /opt/airflow/dags/spark_airflow.py
[2024-10-24T21:05:12.624+0000] {logging_mixin.py:190} INFO - [2024-10-24T21:05:12.624+0000] {dag.py:3239} INFO - Sync 1 DAGs
[2024-10-24T21:05:12.645+0000] {logging_mixin.py:190} INFO - [2024-10-24T21:05:12.645+0000] {dag.py:4180} INFO - Setting next_dagrun for sparking_flow to 2024-10-24 00:00:00+00:00, run_after=2024-10-25 00:00:00+00:00
[2024-10-24T21:05:12.676+0000] {processor.py:208} INFO - Processing /opt/airflow/dags/spark_airflow.py took 0.096 seconds
[2024-10-24T21:05:42.768+0000] {processor.py:186} INFO - Started process (PID=16496) to work on /opt/airflow/dags/spark_airflow.py
[2024-10-24T21:05:42.769+0000] {processor.py:914} INFO - Processing file /opt/airflow/dags/spark_airflow.py for tasks to queue
[2024-10-24T21:05:42.771+0000] {logging_mixin.py:190} INFO - [2024-10-24T21:05:42.770+0000] {dagbag.py:588} INFO - Filling up the DagBag from /opt/airflow/dags/spark_airflow.py
[2024-10-24T21:05:42.788+0000] {processor.py:925} INFO - DAG(s) 'sparking_flow' retrieved from /opt/airflow/dags/spark_airflow.py
[2024-10-24T21:05:42.814+0000] {logging_mixin.py:190} INFO - [2024-10-24T21:05:42.813+0000] {dag.py:3239} INFO - Sync 1 DAGs
[2024-10-24T21:05:42.835+0000] {logging_mixin.py:190} INFO - [2024-10-24T21:05:42.835+0000] {dag.py:4180} INFO - Setting next_dagrun for sparking_flow to 2024-10-24 00:00:00+00:00, run_after=2024-10-25 00:00:00+00:00
[2024-10-24T21:05:42.864+0000] {processor.py:208} INFO - Processing /opt/airflow/dags/spark_airflow.py took 0.102 seconds
[2024-10-24T21:06:13.018+0000] {processor.py:186} INFO - Started process (PID=16501) to work on /opt/airflow/dags/spark_airflow.py
[2024-10-24T21:06:13.019+0000] {processor.py:914} INFO - Processing file /opt/airflow/dags/spark_airflow.py for tasks to queue
[2024-10-24T21:06:13.020+0000] {logging_mixin.py:190} INFO - [2024-10-24T21:06:13.020+0000] {dagbag.py:588} INFO - Filling up the DagBag from /opt/airflow/dags/spark_airflow.py
[2024-10-24T21:06:13.039+0000] {processor.py:925} INFO - DAG(s) 'sparking_flow' retrieved from /opt/airflow/dags/spark_airflow.py
[2024-10-24T21:06:13.064+0000] {logging_mixin.py:190} INFO - [2024-10-24T21:06:13.064+0000] {dag.py:3239} INFO - Sync 1 DAGs
[2024-10-24T21:06:13.086+0000] {logging_mixin.py:190} INFO - [2024-10-24T21:06:13.086+0000] {dag.py:4180} INFO - Setting next_dagrun for sparking_flow to 2024-10-24 00:00:00+00:00, run_after=2024-10-25 00:00:00+00:00
[2024-10-24T21:06:13.116+0000] {processor.py:208} INFO - Processing /opt/airflow/dags/spark_airflow.py took 0.103 seconds
[2024-10-24T21:06:43.197+0000] {processor.py:186} INFO - Started process (PID=16506) to work on /opt/airflow/dags/spark_airflow.py
[2024-10-24T21:06:43.198+0000] {processor.py:914} INFO - Processing file /opt/airflow/dags/spark_airflow.py for tasks to queue
[2024-10-24T21:06:43.199+0000] {logging_mixin.py:190} INFO - [2024-10-24T21:06:43.198+0000] {dagbag.py:588} INFO - Filling up the DagBag from /opt/airflow/dags/spark_airflow.py
[2024-10-24T21:06:43.218+0000] {processor.py:925} INFO - DAG(s) 'sparking_flow' retrieved from /opt/airflow/dags/spark_airflow.py
[2024-10-24T21:06:43.242+0000] {logging_mixin.py:190} INFO - [2024-10-24T21:06:43.242+0000] {dag.py:3239} INFO - Sync 1 DAGs
[2024-10-24T21:06:43.263+0000] {logging_mixin.py:190} INFO - [2024-10-24T21:06:43.262+0000] {dag.py:4180} INFO - Setting next_dagrun for sparking_flow to 2024-10-24 00:00:00+00:00, run_after=2024-10-25 00:00:00+00:00
[2024-10-24T21:06:43.282+0000] {processor.py:208} INFO - Processing /opt/airflow/dags/spark_airflow.py took 0.090 seconds
[2024-10-24T21:07:13.473+0000] {processor.py:186} INFO - Started process (PID=16511) to work on /opt/airflow/dags/spark_airflow.py
[2024-10-24T21:07:13.474+0000] {processor.py:914} INFO - Processing file /opt/airflow/dags/spark_airflow.py for tasks to queue
[2024-10-24T21:07:13.476+0000] {logging_mixin.py:190} INFO - [2024-10-24T21:07:13.475+0000] {dagbag.py:588} INFO - Filling up the DagBag from /opt/airflow/dags/spark_airflow.py
[2024-10-24T21:07:13.491+0000] {processor.py:925} INFO - DAG(s) 'sparking_flow' retrieved from /opt/airflow/dags/spark_airflow.py
[2024-10-24T21:07:13.516+0000] {logging_mixin.py:190} INFO - [2024-10-24T21:07:13.516+0000] {dag.py:3239} INFO - Sync 1 DAGs
[2024-10-24T21:07:13.537+0000] {logging_mixin.py:190} INFO - [2024-10-24T21:07:13.536+0000] {dag.py:4180} INFO - Setting next_dagrun for sparking_flow to 2024-10-24 00:00:00+00:00, run_after=2024-10-25 00:00:00+00:00
[2024-10-24T21:07:13.553+0000] {processor.py:208} INFO - Processing /opt/airflow/dags/spark_airflow.py took 0.083 seconds
[2024-10-24T21:07:43.652+0000] {processor.py:186} INFO - Started process (PID=16516) to work on /opt/airflow/dags/spark_airflow.py
[2024-10-24T21:07:43.652+0000] {processor.py:914} INFO - Processing file /opt/airflow/dags/spark_airflow.py for tasks to queue
[2024-10-24T21:07:43.654+0000] {logging_mixin.py:190} INFO - [2024-10-24T21:07:43.653+0000] {dagbag.py:588} INFO - Filling up the DagBag from /opt/airflow/dags/spark_airflow.py
[2024-10-24T21:07:43.671+0000] {processor.py:925} INFO - DAG(s) 'sparking_flow' retrieved from /opt/airflow/dags/spark_airflow.py
[2024-10-24T21:07:43.695+0000] {logging_mixin.py:190} INFO - [2024-10-24T21:07:43.694+0000] {dag.py:3239} INFO - Sync 1 DAGs
[2024-10-24T21:07:43.715+0000] {logging_mixin.py:190} INFO - [2024-10-24T21:07:43.715+0000] {dag.py:4180} INFO - Setting next_dagrun for sparking_flow to 2024-10-24 00:00:00+00:00, run_after=2024-10-25 00:00:00+00:00
[2024-10-24T21:07:43.733+0000] {processor.py:208} INFO - Processing /opt/airflow/dags/spark_airflow.py took 0.087 seconds
[2024-10-24T21:08:13.881+0000] {processor.py:186} INFO - Started process (PID=16521) to work on /opt/airflow/dags/spark_airflow.py
[2024-10-24T21:08:13.882+0000] {processor.py:914} INFO - Processing file /opt/airflow/dags/spark_airflow.py for tasks to queue
[2024-10-24T21:08:13.883+0000] {logging_mixin.py:190} INFO - [2024-10-24T21:08:13.883+0000] {dagbag.py:588} INFO - Filling up the DagBag from /opt/airflow/dags/spark_airflow.py
[2024-10-24T21:08:13.899+0000] {processor.py:925} INFO - DAG(s) 'sparking_flow' retrieved from /opt/airflow/dags/spark_airflow.py
[2024-10-24T21:08:13.922+0000] {logging_mixin.py:190} INFO - [2024-10-24T21:08:13.922+0000] {dag.py:3239} INFO - Sync 1 DAGs
[2024-10-24T21:08:13.944+0000] {logging_mixin.py:190} INFO - [2024-10-24T21:08:13.943+0000] {dag.py:4180} INFO - Setting next_dagrun for sparking_flow to 2024-10-24 00:00:00+00:00, run_after=2024-10-25 00:00:00+00:00
[2024-10-24T21:08:13.960+0000] {processor.py:208} INFO - Processing /opt/airflow/dags/spark_airflow.py took 0.085 seconds
[2024-10-24T21:08:44.059+0000] {processor.py:186} INFO - Started process (PID=16526) to work on /opt/airflow/dags/spark_airflow.py
[2024-10-24T21:08:44.060+0000] {processor.py:914} INFO - Processing file /opt/airflow/dags/spark_airflow.py for tasks to queue
[2024-10-24T21:08:44.061+0000] {logging_mixin.py:190} INFO - [2024-10-24T21:08:44.061+0000] {dagbag.py:588} INFO - Filling up the DagBag from /opt/airflow/dags/spark_airflow.py
[2024-10-24T21:08:44.077+0000] {processor.py:925} INFO - DAG(s) 'sparking_flow' retrieved from /opt/airflow/dags/spark_airflow.py
[2024-10-24T21:08:44.100+0000] {logging_mixin.py:190} INFO - [2024-10-24T21:08:44.100+0000] {dag.py:3239} INFO - Sync 1 DAGs
[2024-10-24T21:08:44.122+0000] {logging_mixin.py:190} INFO - [2024-10-24T21:08:44.122+0000] {dag.py:4180} INFO - Setting next_dagrun for sparking_flow to 2024-10-24 00:00:00+00:00, run_after=2024-10-25 00:00:00+00:00
[2024-10-24T21:08:44.140+0000] {processor.py:208} INFO - Processing /opt/airflow/dags/spark_airflow.py took 0.085 seconds
[2024-10-24T21:09:14.292+0000] {processor.py:186} INFO - Started process (PID=16531) to work on /opt/airflow/dags/spark_airflow.py
[2024-10-24T21:09:14.293+0000] {processor.py:914} INFO - Processing file /opt/airflow/dags/spark_airflow.py for tasks to queue
[2024-10-24T21:09:14.294+0000] {logging_mixin.py:190} INFO - [2024-10-24T21:09:14.294+0000] {dagbag.py:588} INFO - Filling up the DagBag from /opt/airflow/dags/spark_airflow.py
[2024-10-24T21:09:14.311+0000] {processor.py:925} INFO - DAG(s) 'sparking_flow' retrieved from /opt/airflow/dags/spark_airflow.py
[2024-10-24T21:09:14.334+0000] {logging_mixin.py:190} INFO - [2024-10-24T21:09:14.334+0000] {dag.py:3239} INFO - Sync 1 DAGs
[2024-10-24T21:09:14.354+0000] {logging_mixin.py:190} INFO - [2024-10-24T21:09:14.354+0000] {dag.py:4180} INFO - Setting next_dagrun for sparking_flow to 2024-10-24 00:00:00+00:00, run_after=2024-10-25 00:00:00+00:00
[2024-10-24T21:09:14.384+0000] {processor.py:208} INFO - Processing /opt/airflow/dags/spark_airflow.py took 0.097 seconds
[2024-10-24T21:09:44.464+0000] {processor.py:186} INFO - Started process (PID=16536) to work on /opt/airflow/dags/spark_airflow.py
[2024-10-24T21:09:44.465+0000] {processor.py:914} INFO - Processing file /opt/airflow/dags/spark_airflow.py for tasks to queue
[2024-10-24T21:09:44.466+0000] {logging_mixin.py:190} INFO - [2024-10-24T21:09:44.466+0000] {dagbag.py:588} INFO - Filling up the DagBag from /opt/airflow/dags/spark_airflow.py
[2024-10-24T21:09:44.486+0000] {processor.py:925} INFO - DAG(s) 'sparking_flow' retrieved from /opt/airflow/dags/spark_airflow.py
[2024-10-24T21:09:44.510+0000] {logging_mixin.py:190} INFO - [2024-10-24T21:09:44.510+0000] {dag.py:3239} INFO - Sync 1 DAGs
[2024-10-24T21:09:44.530+0000] {logging_mixin.py:190} INFO - [2024-10-24T21:09:44.530+0000] {dag.py:4180} INFO - Setting next_dagrun for sparking_flow to 2024-10-24 00:00:00+00:00, run_after=2024-10-25 00:00:00+00:00
[2024-10-24T21:09:44.546+0000] {processor.py:208} INFO - Processing /opt/airflow/dags/spark_airflow.py took 0.088 seconds
[2024-10-24T21:10:14.710+0000] {processor.py:186} INFO - Started process (PID=16541) to work on /opt/airflow/dags/spark_airflow.py
[2024-10-24T21:10:14.710+0000] {processor.py:914} INFO - Processing file /opt/airflow/dags/spark_airflow.py for tasks to queue
[2024-10-24T21:10:14.711+0000] {logging_mixin.py:190} INFO - [2024-10-24T21:10:14.711+0000] {dagbag.py:588} INFO - Filling up the DagBag from /opt/airflow/dags/spark_airflow.py
[2024-10-24T21:10:14.728+0000] {processor.py:925} INFO - DAG(s) 'sparking_flow' retrieved from /opt/airflow/dags/spark_airflow.py
[2024-10-24T21:10:14.753+0000] {logging_mixin.py:190} INFO - [2024-10-24T21:10:14.753+0000] {dag.py:3239} INFO - Sync 1 DAGs
[2024-10-24T21:10:14.776+0000] {logging_mixin.py:190} INFO - [2024-10-24T21:10:14.776+0000] {dag.py:4180} INFO - Setting next_dagrun for sparking_flow to 2024-10-24 00:00:00+00:00, run_after=2024-10-25 00:00:00+00:00
[2024-10-24T21:10:14.794+0000] {processor.py:208} INFO - Processing /opt/airflow/dags/spark_airflow.py took 0.089 seconds
[2024-10-24T21:10:44.886+0000] {processor.py:186} INFO - Started process (PID=16546) to work on /opt/airflow/dags/spark_airflow.py
[2024-10-24T21:10:44.887+0000] {processor.py:914} INFO - Processing file /opt/airflow/dags/spark_airflow.py for tasks to queue
[2024-10-24T21:10:44.889+0000] {logging_mixin.py:190} INFO - [2024-10-24T21:10:44.888+0000] {dagbag.py:588} INFO - Filling up the DagBag from /opt/airflow/dags/spark_airflow.py
[2024-10-24T21:10:44.907+0000] {processor.py:925} INFO - DAG(s) 'sparking_flow' retrieved from /opt/airflow/dags/spark_airflow.py
[2024-10-24T21:10:44.933+0000] {logging_mixin.py:190} INFO - [2024-10-24T21:10:44.933+0000] {dag.py:3239} INFO - Sync 1 DAGs
[2024-10-24T21:10:44.953+0000] {logging_mixin.py:190} INFO - [2024-10-24T21:10:44.953+0000] {dag.py:4180} INFO - Setting next_dagrun for sparking_flow to 2024-10-24 00:00:00+00:00, run_after=2024-10-25 00:00:00+00:00
[2024-10-24T21:10:44.984+0000] {processor.py:208} INFO - Processing /opt/airflow/dags/spark_airflow.py took 0.103 seconds
[2024-10-24T21:11:15.122+0000] {processor.py:186} INFO - Started process (PID=16551) to work on /opt/airflow/dags/spark_airflow.py
[2024-10-24T21:11:15.123+0000] {processor.py:914} INFO - Processing file /opt/airflow/dags/spark_airflow.py for tasks to queue
[2024-10-24T21:11:15.124+0000] {logging_mixin.py:190} INFO - [2024-10-24T21:11:15.124+0000] {dagbag.py:588} INFO - Filling up the DagBag from /opt/airflow/dags/spark_airflow.py
[2024-10-24T21:11:15.140+0000] {processor.py:925} INFO - DAG(s) 'sparking_flow' retrieved from /opt/airflow/dags/spark_airflow.py
[2024-10-24T21:11:15.165+0000] {logging_mixin.py:190} INFO - [2024-10-24T21:11:15.165+0000] {dag.py:3239} INFO - Sync 1 DAGs
[2024-10-24T21:11:15.187+0000] {logging_mixin.py:190} INFO - [2024-10-24T21:11:15.187+0000] {dag.py:4180} INFO - Setting next_dagrun for sparking_flow to 2024-10-24 00:00:00+00:00, run_after=2024-10-25 00:00:00+00:00
[2024-10-24T21:11:15.205+0000] {processor.py:208} INFO - Processing /opt/airflow/dags/spark_airflow.py took 0.088 seconds
[2024-10-24T21:11:45.310+0000] {processor.py:186} INFO - Started process (PID=16556) to work on /opt/airflow/dags/spark_airflow.py
[2024-10-24T21:11:45.311+0000] {processor.py:914} INFO - Processing file /opt/airflow/dags/spark_airflow.py for tasks to queue
[2024-10-24T21:11:45.313+0000] {logging_mixin.py:190} INFO - [2024-10-24T21:11:45.312+0000] {dagbag.py:588} INFO - Filling up the DagBag from /opt/airflow/dags/spark_airflow.py
[2024-10-24T21:11:45.330+0000] {processor.py:925} INFO - DAG(s) 'sparking_flow' retrieved from /opt/airflow/dags/spark_airflow.py
[2024-10-24T21:11:45.355+0000] {logging_mixin.py:190} INFO - [2024-10-24T21:11:45.355+0000] {dag.py:3239} INFO - Sync 1 DAGs
[2024-10-24T21:11:45.376+0000] {logging_mixin.py:190} INFO - [2024-10-24T21:11:45.376+0000] {dag.py:4180} INFO - Setting next_dagrun for sparking_flow to 2024-10-24 00:00:00+00:00, run_after=2024-10-25 00:00:00+00:00
[2024-10-24T21:11:45.392+0000] {processor.py:208} INFO - Processing /opt/airflow/dags/spark_airflow.py took 0.087 seconds
[2024-10-24T21:12:15.569+0000] {processor.py:186} INFO - Started process (PID=16561) to work on /opt/airflow/dags/spark_airflow.py
[2024-10-24T21:12:15.570+0000] {processor.py:914} INFO - Processing file /opt/airflow/dags/spark_airflow.py for tasks to queue
[2024-10-24T21:12:15.571+0000] {logging_mixin.py:190} INFO - [2024-10-24T21:12:15.571+0000] {dagbag.py:588} INFO - Filling up the DagBag from /opt/airflow/dags/spark_airflow.py
[2024-10-24T21:12:15.588+0000] {processor.py:925} INFO - DAG(s) 'sparking_flow' retrieved from /opt/airflow/dags/spark_airflow.py
[2024-10-24T21:12:15.614+0000] {logging_mixin.py:190} INFO - [2024-10-24T21:12:15.614+0000] {dag.py:3239} INFO - Sync 1 DAGs
[2024-10-24T21:12:15.637+0000] {logging_mixin.py:190} INFO - [2024-10-24T21:12:15.636+0000] {dag.py:4180} INFO - Setting next_dagrun for sparking_flow to 2024-10-24 00:00:00+00:00, run_after=2024-10-25 00:00:00+00:00
[2024-10-24T21:12:15.654+0000] {processor.py:208} INFO - Processing /opt/airflow/dags/spark_airflow.py took 0.089 seconds
[2024-10-24T21:12:45.752+0000] {processor.py:186} INFO - Started process (PID=16566) to work on /opt/airflow/dags/spark_airflow.py
[2024-10-24T21:12:45.753+0000] {processor.py:914} INFO - Processing file /opt/airflow/dags/spark_airflow.py for tasks to queue
[2024-10-24T21:12:45.754+0000] {logging_mixin.py:190} INFO - [2024-10-24T21:12:45.754+0000] {dagbag.py:588} INFO - Filling up the DagBag from /opt/airflow/dags/spark_airflow.py
[2024-10-24T21:12:45.771+0000] {processor.py:925} INFO - DAG(s) 'sparking_flow' retrieved from /opt/airflow/dags/spark_airflow.py
[2024-10-24T21:12:45.796+0000] {logging_mixin.py:190} INFO - [2024-10-24T21:12:45.796+0000] {dag.py:3239} INFO - Sync 1 DAGs
[2024-10-24T21:12:45.816+0000] {logging_mixin.py:190} INFO - [2024-10-24T21:12:45.816+0000] {dag.py:4180} INFO - Setting next_dagrun for sparking_flow to 2024-10-24 00:00:00+00:00, run_after=2024-10-25 00:00:00+00:00
[2024-10-24T21:12:45.835+0000] {processor.py:208} INFO - Processing /opt/airflow/dags/spark_airflow.py took 0.088 seconds
[2024-10-24T21:13:16.006+0000] {processor.py:186} INFO - Started process (PID=16571) to work on /opt/airflow/dags/spark_airflow.py
[2024-10-24T21:13:16.006+0000] {processor.py:914} INFO - Processing file /opt/airflow/dags/spark_airflow.py for tasks to queue
[2024-10-24T21:13:16.007+0000] {logging_mixin.py:190} INFO - [2024-10-24T21:13:16.007+0000] {dagbag.py:588} INFO - Filling up the DagBag from /opt/airflow/dags/spark_airflow.py
[2024-10-24T21:13:16.025+0000] {processor.py:925} INFO - DAG(s) 'sparking_flow' retrieved from /opt/airflow/dags/spark_airflow.py
[2024-10-24T21:13:16.050+0000] {logging_mixin.py:190} INFO - [2024-10-24T21:13:16.050+0000] {dag.py:3239} INFO - Sync 1 DAGs
[2024-10-24T21:13:16.073+0000] {logging_mixin.py:190} INFO - [2024-10-24T21:13:16.073+0000] {dag.py:4180} INFO - Setting next_dagrun for sparking_flow to 2024-10-24 00:00:00+00:00, run_after=2024-10-25 00:00:00+00:00
[2024-10-24T21:13:16.089+0000] {processor.py:208} INFO - Processing /opt/airflow/dags/spark_airflow.py took 0.088 seconds
[2024-10-24T21:13:46.163+0000] {processor.py:186} INFO - Started process (PID=16576) to work on /opt/airflow/dags/spark_airflow.py
[2024-10-24T21:13:46.164+0000] {processor.py:914} INFO - Processing file /opt/airflow/dags/spark_airflow.py for tasks to queue
[2024-10-24T21:13:46.165+0000] {logging_mixin.py:190} INFO - [2024-10-24T21:13:46.165+0000] {dagbag.py:588} INFO - Filling up the DagBag from /opt/airflow/dags/spark_airflow.py
[2024-10-24T21:13:46.183+0000] {processor.py:925} INFO - DAG(s) 'sparking_flow' retrieved from /opt/airflow/dags/spark_airflow.py
[2024-10-24T21:13:46.207+0000] {logging_mixin.py:190} INFO - [2024-10-24T21:13:46.207+0000] {dag.py:3239} INFO - Sync 1 DAGs
[2024-10-24T21:13:46.227+0000] {logging_mixin.py:190} INFO - [2024-10-24T21:13:46.227+0000] {dag.py:4180} INFO - Setting next_dagrun for sparking_flow to 2024-10-24 00:00:00+00:00, run_after=2024-10-25 00:00:00+00:00
[2024-10-24T21:13:46.245+0000] {processor.py:208} INFO - Processing /opt/airflow/dags/spark_airflow.py took 0.088 seconds
[2024-10-24T21:14:16.409+0000] {processor.py:186} INFO - Started process (PID=16581) to work on /opt/airflow/dags/spark_airflow.py
[2024-10-24T21:14:16.410+0000] {processor.py:914} INFO - Processing file /opt/airflow/dags/spark_airflow.py for tasks to queue
[2024-10-24T21:14:16.411+0000] {logging_mixin.py:190} INFO - [2024-10-24T21:14:16.411+0000] {dagbag.py:588} INFO - Filling up the DagBag from /opt/airflow/dags/spark_airflow.py
[2024-10-24T21:14:16.427+0000] {processor.py:925} INFO - DAG(s) 'sparking_flow' retrieved from /opt/airflow/dags/spark_airflow.py
[2024-10-24T21:14:16.451+0000] {logging_mixin.py:190} INFO - [2024-10-24T21:14:16.451+0000] {dag.py:3239} INFO - Sync 1 DAGs
[2024-10-24T21:14:16.474+0000] {logging_mixin.py:190} INFO - [2024-10-24T21:14:16.474+0000] {dag.py:4180} INFO - Setting next_dagrun for sparking_flow to 2024-10-24 00:00:00+00:00, run_after=2024-10-25 00:00:00+00:00
[2024-10-24T21:14:16.505+0000] {processor.py:208} INFO - Processing /opt/airflow/dags/spark_airflow.py took 0.100 seconds
[2024-10-24T21:14:46.589+0000] {processor.py:186} INFO - Started process (PID=16586) to work on /opt/airflow/dags/spark_airflow.py
[2024-10-24T21:14:46.590+0000] {processor.py:914} INFO - Processing file /opt/airflow/dags/spark_airflow.py for tasks to queue
[2024-10-24T21:14:46.591+0000] {logging_mixin.py:190} INFO - [2024-10-24T21:14:46.591+0000] {dagbag.py:588} INFO - Filling up the DagBag from /opt/airflow/dags/spark_airflow.py
[2024-10-24T21:14:46.611+0000] {processor.py:925} INFO - DAG(s) 'sparking_flow' retrieved from /opt/airflow/dags/spark_airflow.py
[2024-10-24T21:14:46.637+0000] {logging_mixin.py:190} INFO - [2024-10-24T21:14:46.637+0000] {dag.py:3239} INFO - Sync 1 DAGs
[2024-10-24T21:14:46.658+0000] {logging_mixin.py:190} INFO - [2024-10-24T21:14:46.657+0000] {dag.py:4180} INFO - Setting next_dagrun for sparking_flow to 2024-10-24 00:00:00+00:00, run_after=2024-10-25 00:00:00+00:00
[2024-10-24T21:14:46.688+0000] {processor.py:208} INFO - Processing /opt/airflow/dags/spark_airflow.py took 0.105 seconds
[2024-10-24T21:15:16.840+0000] {processor.py:186} INFO - Started process (PID=16591) to work on /opt/airflow/dags/spark_airflow.py
[2024-10-24T21:15:16.841+0000] {processor.py:914} INFO - Processing file /opt/airflow/dags/spark_airflow.py for tasks to queue
[2024-10-24T21:15:16.843+0000] {logging_mixin.py:190} INFO - [2024-10-24T21:15:16.842+0000] {dagbag.py:588} INFO - Filling up the DagBag from /opt/airflow/dags/spark_airflow.py
[2024-10-24T21:15:16.863+0000] {processor.py:925} INFO - DAG(s) 'sparking_flow' retrieved from /opt/airflow/dags/spark_airflow.py
[2024-10-24T21:15:16.889+0000] {logging_mixin.py:190} INFO - [2024-10-24T21:15:16.889+0000] {dag.py:3239} INFO - Sync 1 DAGs
[2024-10-24T21:15:16.911+0000] {logging_mixin.py:190} INFO - [2024-10-24T21:15:16.911+0000] {dag.py:4180} INFO - Setting next_dagrun for sparking_flow to 2024-10-24 00:00:00+00:00, run_after=2024-10-25 00:00:00+00:00
[2024-10-24T21:15:16.928+0000] {processor.py:208} INFO - Processing /opt/airflow/dags/spark_airflow.py took 0.093 seconds
[2024-10-24T21:15:47.022+0000] {processor.py:186} INFO - Started process (PID=16596) to work on /opt/airflow/dags/spark_airflow.py
[2024-10-24T21:15:47.023+0000] {processor.py:914} INFO - Processing file /opt/airflow/dags/spark_airflow.py for tasks to queue
[2024-10-24T21:15:47.025+0000] {logging_mixin.py:190} INFO - [2024-10-24T21:15:47.025+0000] {dagbag.py:588} INFO - Filling up the DagBag from /opt/airflow/dags/spark_airflow.py
[2024-10-24T21:15:47.043+0000] {processor.py:925} INFO - DAG(s) 'sparking_flow' retrieved from /opt/airflow/dags/spark_airflow.py
[2024-10-24T21:15:47.070+0000] {logging_mixin.py:190} INFO - [2024-10-24T21:15:47.070+0000] {dag.py:3239} INFO - Sync 1 DAGs
[2024-10-24T21:15:47.092+0000] {logging_mixin.py:190} INFO - [2024-10-24T21:15:47.092+0000] {dag.py:4180} INFO - Setting next_dagrun for sparking_flow to 2024-10-24 00:00:00+00:00, run_after=2024-10-25 00:00:00+00:00
[2024-10-24T21:15:47.110+0000] {processor.py:208} INFO - Processing /opt/airflow/dags/spark_airflow.py took 0.092 seconds
[2024-10-24T21:16:17.264+0000] {processor.py:186} INFO - Started process (PID=16601) to work on /opt/airflow/dags/spark_airflow.py
[2024-10-24T21:16:17.265+0000] {processor.py:914} INFO - Processing file /opt/airflow/dags/spark_airflow.py for tasks to queue
[2024-10-24T21:16:17.266+0000] {logging_mixin.py:190} INFO - [2024-10-24T21:16:17.266+0000] {dagbag.py:588} INFO - Filling up the DagBag from /opt/airflow/dags/spark_airflow.py
[2024-10-24T21:16:17.281+0000] {processor.py:925} INFO - DAG(s) 'sparking_flow' retrieved from /opt/airflow/dags/spark_airflow.py
[2024-10-24T21:16:17.304+0000] {logging_mixin.py:190} INFO - [2024-10-24T21:16:17.304+0000] {dag.py:3239} INFO - Sync 1 DAGs
[2024-10-24T21:16:17.324+0000] {logging_mixin.py:190} INFO - [2024-10-24T21:16:17.324+0000] {dag.py:4180} INFO - Setting next_dagrun for sparking_flow to 2024-10-24 00:00:00+00:00, run_after=2024-10-25 00:00:00+00:00
[2024-10-24T21:16:17.341+0000] {processor.py:208} INFO - Processing /opt/airflow/dags/spark_airflow.py took 0.082 seconds
[2024-10-24T21:16:47.450+0000] {processor.py:186} INFO - Started process (PID=16606) to work on /opt/airflow/dags/spark_airflow.py
[2024-10-24T21:16:47.451+0000] {processor.py:914} INFO - Processing file /opt/airflow/dags/spark_airflow.py for tasks to queue
[2024-10-24T21:16:47.452+0000] {logging_mixin.py:190} INFO - [2024-10-24T21:16:47.452+0000] {dagbag.py:588} INFO - Filling up the DagBag from /opt/airflow/dags/spark_airflow.py
[2024-10-24T21:16:47.469+0000] {processor.py:925} INFO - DAG(s) 'sparking_flow' retrieved from /opt/airflow/dags/spark_airflow.py
[2024-10-24T21:16:47.493+0000] {logging_mixin.py:190} INFO - [2024-10-24T21:16:47.492+0000] {dag.py:3239} INFO - Sync 1 DAGs
[2024-10-24T21:16:47.514+0000] {logging_mixin.py:190} INFO - [2024-10-24T21:16:47.514+0000] {dag.py:4180} INFO - Setting next_dagrun for sparking_flow to 2024-10-24 00:00:00+00:00, run_after=2024-10-25 00:00:00+00:00
[2024-10-24T21:16:47.534+0000] {processor.py:208} INFO - Processing /opt/airflow/dags/spark_airflow.py took 0.089 seconds
[2024-10-24T21:17:17.696+0000] {processor.py:186} INFO - Started process (PID=16611) to work on /opt/airflow/dags/spark_airflow.py
[2024-10-24T21:17:17.697+0000] {processor.py:914} INFO - Processing file /opt/airflow/dags/spark_airflow.py for tasks to queue
[2024-10-24T21:17:17.699+0000] {logging_mixin.py:190} INFO - [2024-10-24T21:17:17.698+0000] {dagbag.py:588} INFO - Filling up the DagBag from /opt/airflow/dags/spark_airflow.py
[2024-10-24T21:17:17.717+0000] {processor.py:925} INFO - DAG(s) 'sparking_flow' retrieved from /opt/airflow/dags/spark_airflow.py
[2024-10-24T21:17:17.742+0000] {logging_mixin.py:190} INFO - [2024-10-24T21:17:17.742+0000] {dag.py:3239} INFO - Sync 1 DAGs
[2024-10-24T21:17:17.765+0000] {logging_mixin.py:190} INFO - [2024-10-24T21:17:17.764+0000] {dag.py:4180} INFO - Setting next_dagrun for sparking_flow to 2024-10-24 00:00:00+00:00, run_after=2024-10-25 00:00:00+00:00
[2024-10-24T21:17:17.782+0000] {processor.py:208} INFO - Processing /opt/airflow/dags/spark_airflow.py took 0.090 seconds
[2024-10-24T21:17:47.873+0000] {processor.py:186} INFO - Started process (PID=16616) to work on /opt/airflow/dags/spark_airflow.py
[2024-10-24T21:17:47.874+0000] {processor.py:914} INFO - Processing file /opt/airflow/dags/spark_airflow.py for tasks to queue
[2024-10-24T21:17:47.876+0000] {logging_mixin.py:190} INFO - [2024-10-24T21:17:47.875+0000] {dagbag.py:588} INFO - Filling up the DagBag from /opt/airflow/dags/spark_airflow.py
[2024-10-24T21:17:47.896+0000] {processor.py:925} INFO - DAG(s) 'sparking_flow' retrieved from /opt/airflow/dags/spark_airflow.py
[2024-10-24T21:17:47.922+0000] {logging_mixin.py:190} INFO - [2024-10-24T21:17:47.922+0000] {dag.py:3239} INFO - Sync 1 DAGs
[2024-10-24T21:17:47.945+0000] {logging_mixin.py:190} INFO - [2024-10-24T21:17:47.945+0000] {dag.py:4180} INFO - Setting next_dagrun for sparking_flow to 2024-10-24 00:00:00+00:00, run_after=2024-10-25 00:00:00+00:00
[2024-10-24T21:17:47.962+0000] {processor.py:208} INFO - Processing /opt/airflow/dags/spark_airflow.py took 0.094 seconds
[2024-10-24T21:18:18.110+0000] {processor.py:186} INFO - Started process (PID=16621) to work on /opt/airflow/dags/spark_airflow.py
[2024-10-24T21:18:18.111+0000] {processor.py:914} INFO - Processing file /opt/airflow/dags/spark_airflow.py for tasks to queue
[2024-10-24T21:18:18.112+0000] {logging_mixin.py:190} INFO - [2024-10-24T21:18:18.111+0000] {dagbag.py:588} INFO - Filling up the DagBag from /opt/airflow/dags/spark_airflow.py
[2024-10-24T21:18:18.132+0000] {processor.py:925} INFO - DAG(s) 'sparking_flow' retrieved from /opt/airflow/dags/spark_airflow.py
[2024-10-24T21:18:18.157+0000] {logging_mixin.py:190} INFO - [2024-10-24T21:18:18.156+0000] {dag.py:3239} INFO - Sync 1 DAGs
[2024-10-24T21:18:18.179+0000] {logging_mixin.py:190} INFO - [2024-10-24T21:18:18.178+0000] {dag.py:4180} INFO - Setting next_dagrun for sparking_flow to 2024-10-24 00:00:00+00:00, run_after=2024-10-25 00:00:00+00:00
[2024-10-24T21:18:18.209+0000] {processor.py:208} INFO - Processing /opt/airflow/dags/spark_airflow.py took 0.105 seconds
[2024-10-24T21:18:48.289+0000] {processor.py:186} INFO - Started process (PID=16626) to work on /opt/airflow/dags/spark_airflow.py
[2024-10-24T21:18:48.290+0000] {processor.py:914} INFO - Processing file /opt/airflow/dags/spark_airflow.py for tasks to queue
[2024-10-24T21:18:48.292+0000] {logging_mixin.py:190} INFO - [2024-10-24T21:18:48.291+0000] {dagbag.py:588} INFO - Filling up the DagBag from /opt/airflow/dags/spark_airflow.py
[2024-10-24T21:18:48.311+0000] {processor.py:925} INFO - DAG(s) 'sparking_flow' retrieved from /opt/airflow/dags/spark_airflow.py
[2024-10-24T21:18:48.338+0000] {logging_mixin.py:190} INFO - [2024-10-24T21:18:48.338+0000] {dag.py:3239} INFO - Sync 1 DAGs
[2024-10-24T21:18:48.360+0000] {logging_mixin.py:190} INFO - [2024-10-24T21:18:48.360+0000] {dag.py:4180} INFO - Setting next_dagrun for sparking_flow to 2024-10-24 00:00:00+00:00, run_after=2024-10-25 00:00:00+00:00
[2024-10-24T21:18:48.391+0000] {processor.py:208} INFO - Processing /opt/airflow/dags/spark_airflow.py took 0.108 seconds
[2024-10-24T21:19:18.532+0000] {processor.py:186} INFO - Started process (PID=16631) to work on /opt/airflow/dags/spark_airflow.py
[2024-10-24T21:19:18.533+0000] {processor.py:914} INFO - Processing file /opt/airflow/dags/spark_airflow.py for tasks to queue
[2024-10-24T21:19:18.534+0000] {logging_mixin.py:190} INFO - [2024-10-24T21:19:18.534+0000] {dagbag.py:588} INFO - Filling up the DagBag from /opt/airflow/dags/spark_airflow.py
[2024-10-24T21:19:18.553+0000] {processor.py:925} INFO - DAG(s) 'sparking_flow' retrieved from /opt/airflow/dags/spark_airflow.py
[2024-10-24T21:19:18.579+0000] {logging_mixin.py:190} INFO - [2024-10-24T21:19:18.579+0000] {dag.py:3239} INFO - Sync 1 DAGs
[2024-10-24T21:19:18.602+0000] {logging_mixin.py:190} INFO - [2024-10-24T21:19:18.601+0000] {dag.py:4180} INFO - Setting next_dagrun for sparking_flow to 2024-10-24 00:00:00+00:00, run_after=2024-10-25 00:00:00+00:00
[2024-10-24T21:19:18.619+0000] {processor.py:208} INFO - Processing /opt/airflow/dags/spark_airflow.py took 0.092 seconds
[2024-10-24T21:19:48.711+0000] {processor.py:186} INFO - Started process (PID=16636) to work on /opt/airflow/dags/spark_airflow.py
[2024-10-24T21:19:48.712+0000] {processor.py:914} INFO - Processing file /opt/airflow/dags/spark_airflow.py for tasks to queue
[2024-10-24T21:19:48.713+0000] {logging_mixin.py:190} INFO - [2024-10-24T21:19:48.713+0000] {dagbag.py:588} INFO - Filling up the DagBag from /opt/airflow/dags/spark_airflow.py
[2024-10-24T21:19:48.732+0000] {processor.py:925} INFO - DAG(s) 'sparking_flow' retrieved from /opt/airflow/dags/spark_airflow.py
[2024-10-24T21:19:48.759+0000] {logging_mixin.py:190} INFO - [2024-10-24T21:19:48.758+0000] {dag.py:3239} INFO - Sync 1 DAGs
[2024-10-24T21:19:48.782+0000] {logging_mixin.py:190} INFO - [2024-10-24T21:19:48.782+0000] {dag.py:4180} INFO - Setting next_dagrun for sparking_flow to 2024-10-24 00:00:00+00:00, run_after=2024-10-25 00:00:00+00:00
[2024-10-24T21:19:48.799+0000] {processor.py:208} INFO - Processing /opt/airflow/dags/spark_airflow.py took 0.094 seconds
[2024-10-24T21:20:18.946+0000] {processor.py:186} INFO - Started process (PID=16641) to work on /opt/airflow/dags/spark_airflow.py
[2024-10-24T21:20:18.947+0000] {processor.py:914} INFO - Processing file /opt/airflow/dags/spark_airflow.py for tasks to queue
[2024-10-24T21:20:18.949+0000] {logging_mixin.py:190} INFO - [2024-10-24T21:20:18.948+0000] {dagbag.py:588} INFO - Filling up the DagBag from /opt/airflow/dags/spark_airflow.py
[2024-10-24T21:20:18.968+0000] {processor.py:925} INFO - DAG(s) 'sparking_flow' retrieved from /opt/airflow/dags/spark_airflow.py
[2024-10-24T21:20:18.992+0000] {logging_mixin.py:190} INFO - [2024-10-24T21:20:18.992+0000] {dag.py:3239} INFO - Sync 1 DAGs
[2024-10-24T21:20:19.014+0000] {logging_mixin.py:190} INFO - [2024-10-24T21:20:19.014+0000] {dag.py:4180} INFO - Setting next_dagrun for sparking_flow to 2024-10-24 00:00:00+00:00, run_after=2024-10-25 00:00:00+00:00
[2024-10-24T21:20:19.044+0000] {processor.py:208} INFO - Processing /opt/airflow/dags/spark_airflow.py took 0.104 seconds
[2024-10-24T21:20:49.127+0000] {processor.py:186} INFO - Started process (PID=16646) to work on /opt/airflow/dags/spark_airflow.py
[2024-10-24T21:20:49.128+0000] {processor.py:914} INFO - Processing file /opt/airflow/dags/spark_airflow.py for tasks to queue
[2024-10-24T21:20:49.129+0000] {logging_mixin.py:190} INFO - [2024-10-24T21:20:49.129+0000] {dagbag.py:588} INFO - Filling up the DagBag from /opt/airflow/dags/spark_airflow.py
[2024-10-24T21:20:49.149+0000] {processor.py:925} INFO - DAG(s) 'sparking_flow' retrieved from /opt/airflow/dags/spark_airflow.py
[2024-10-24T21:20:49.173+0000] {logging_mixin.py:190} INFO - [2024-10-24T21:20:49.173+0000] {dag.py:3239} INFO - Sync 1 DAGs
[2024-10-24T21:20:49.196+0000] {logging_mixin.py:190} INFO - [2024-10-24T21:20:49.196+0000] {dag.py:4180} INFO - Setting next_dagrun for sparking_flow to 2024-10-24 00:00:00+00:00, run_after=2024-10-25 00:00:00+00:00
[2024-10-24T21:20:49.217+0000] {processor.py:208} INFO - Processing /opt/airflow/dags/spark_airflow.py took 0.098 seconds
[2024-10-24T21:21:19.369+0000] {processor.py:186} INFO - Started process (PID=16651) to work on /opt/airflow/dags/spark_airflow.py
[2024-10-24T21:21:19.370+0000] {processor.py:914} INFO - Processing file /opt/airflow/dags/spark_airflow.py for tasks to queue
[2024-10-24T21:21:19.371+0000] {logging_mixin.py:190} INFO - [2024-10-24T21:21:19.371+0000] {dagbag.py:588} INFO - Filling up the DagBag from /opt/airflow/dags/spark_airflow.py
[2024-10-24T21:21:19.388+0000] {processor.py:925} INFO - DAG(s) 'sparking_flow' retrieved from /opt/airflow/dags/spark_airflow.py
[2024-10-24T21:21:19.413+0000] {logging_mixin.py:190} INFO - [2024-10-24T21:21:19.413+0000] {dag.py:3239} INFO - Sync 1 DAGs
[2024-10-24T21:21:19.435+0000] {logging_mixin.py:190} INFO - [2024-10-24T21:21:19.435+0000] {dag.py:4180} INFO - Setting next_dagrun for sparking_flow to 2024-10-24 00:00:00+00:00, run_after=2024-10-25 00:00:00+00:00
[2024-10-24T21:21:19.465+0000] {processor.py:208} INFO - Processing /opt/airflow/dags/spark_airflow.py took 0.101 seconds
[2024-10-24T21:21:49.546+0000] {processor.py:186} INFO - Started process (PID=16656) to work on /opt/airflow/dags/spark_airflow.py
[2024-10-24T21:21:49.547+0000] {processor.py:914} INFO - Processing file /opt/airflow/dags/spark_airflow.py for tasks to queue
[2024-10-24T21:21:49.548+0000] {logging_mixin.py:190} INFO - [2024-10-24T21:21:49.548+0000] {dagbag.py:588} INFO - Filling up the DagBag from /opt/airflow/dags/spark_airflow.py
[2024-10-24T21:21:49.568+0000] {processor.py:925} INFO - DAG(s) 'sparking_flow' retrieved from /opt/airflow/dags/spark_airflow.py
[2024-10-24T21:21:49.596+0000] {logging_mixin.py:190} INFO - [2024-10-24T21:21:49.596+0000] {dag.py:3239} INFO - Sync 1 DAGs
[2024-10-24T21:21:49.619+0000] {logging_mixin.py:190} INFO - [2024-10-24T21:21:49.619+0000] {dag.py:4180} INFO - Setting next_dagrun for sparking_flow to 2024-10-24 00:00:00+00:00, run_after=2024-10-25 00:00:00+00:00
[2024-10-24T21:21:49.650+0000] {processor.py:208} INFO - Processing /opt/airflow/dags/spark_airflow.py took 0.111 seconds
[2024-10-24T21:22:19.828+0000] {processor.py:186} INFO - Started process (PID=16661) to work on /opt/airflow/dags/spark_airflow.py
[2024-10-24T21:22:19.829+0000] {processor.py:914} INFO - Processing file /opt/airflow/dags/spark_airflow.py for tasks to queue
[2024-10-24T21:22:19.830+0000] {logging_mixin.py:190} INFO - [2024-10-24T21:22:19.830+0000] {dagbag.py:588} INFO - Filling up the DagBag from /opt/airflow/dags/spark_airflow.py
[2024-10-24T21:22:19.848+0000] {processor.py:925} INFO - DAG(s) 'sparking_flow' retrieved from /opt/airflow/dags/spark_airflow.py
[2024-10-24T21:22:19.874+0000] {logging_mixin.py:190} INFO - [2024-10-24T21:22:19.873+0000] {dag.py:3239} INFO - Sync 1 DAGs
[2024-10-24T21:22:19.897+0000] {logging_mixin.py:190} INFO - [2024-10-24T21:22:19.897+0000] {dag.py:4180} INFO - Setting next_dagrun for sparking_flow to 2024-10-24 00:00:00+00:00, run_after=2024-10-25 00:00:00+00:00
[2024-10-24T21:22:19.914+0000] {processor.py:208} INFO - Processing /opt/airflow/dags/spark_airflow.py took 0.091 seconds
[2024-10-24T21:22:50.009+0000] {processor.py:186} INFO - Started process (PID=16666) to work on /opt/airflow/dags/spark_airflow.py
[2024-10-24T21:22:50.010+0000] {processor.py:914} INFO - Processing file /opt/airflow/dags/spark_airflow.py for tasks to queue
[2024-10-24T21:22:50.011+0000] {logging_mixin.py:190} INFO - [2024-10-24T21:22:50.010+0000] {dagbag.py:588} INFO - Filling up the DagBag from /opt/airflow/dags/spark_airflow.py
[2024-10-24T21:22:50.028+0000] {processor.py:925} INFO - DAG(s) 'sparking_flow' retrieved from /opt/airflow/dags/spark_airflow.py
[2024-10-24T21:22:50.054+0000] {logging_mixin.py:190} INFO - [2024-10-24T21:22:50.054+0000] {dag.py:3239} INFO - Sync 1 DAGs
[2024-10-24T21:22:50.077+0000] {logging_mixin.py:190} INFO - [2024-10-24T21:22:50.076+0000] {dag.py:4180} INFO - Setting next_dagrun for sparking_flow to 2024-10-24 00:00:00+00:00, run_after=2024-10-25 00:00:00+00:00
[2024-10-24T21:22:50.093+0000] {processor.py:208} INFO - Processing /opt/airflow/dags/spark_airflow.py took 0.088 seconds
[2024-10-24T21:23:20.256+0000] {processor.py:186} INFO - Started process (PID=16671) to work on /opt/airflow/dags/spark_airflow.py
[2024-10-24T21:23:20.257+0000] {processor.py:914} INFO - Processing file /opt/airflow/dags/spark_airflow.py for tasks to queue
[2024-10-24T21:23:20.258+0000] {logging_mixin.py:190} INFO - [2024-10-24T21:23:20.258+0000] {dagbag.py:588} INFO - Filling up the DagBag from /opt/airflow/dags/spark_airflow.py
[2024-10-24T21:23:20.276+0000] {processor.py:925} INFO - DAG(s) 'sparking_flow' retrieved from /opt/airflow/dags/spark_airflow.py
[2024-10-24T21:23:20.300+0000] {logging_mixin.py:190} INFO - [2024-10-24T21:23:20.300+0000] {dag.py:3239} INFO - Sync 1 DAGs
[2024-10-24T21:23:20.320+0000] {logging_mixin.py:190} INFO - [2024-10-24T21:23:20.319+0000] {dag.py:4180} INFO - Setting next_dagrun for sparking_flow to 2024-10-24 00:00:00+00:00, run_after=2024-10-25 00:00:00+00:00
[2024-10-24T21:23:20.336+0000] {processor.py:208} INFO - Processing /opt/airflow/dags/spark_airflow.py took 0.084 seconds
[2024-10-24T21:23:50.439+0000] {processor.py:186} INFO - Started process (PID=16676) to work on /opt/airflow/dags/spark_airflow.py
[2024-10-24T21:23:50.440+0000] {processor.py:914} INFO - Processing file /opt/airflow/dags/spark_airflow.py for tasks to queue
[2024-10-24T21:23:50.441+0000] {logging_mixin.py:190} INFO - [2024-10-24T21:23:50.441+0000] {dagbag.py:588} INFO - Filling up the DagBag from /opt/airflow/dags/spark_airflow.py
[2024-10-24T21:23:50.460+0000] {processor.py:925} INFO - DAG(s) 'sparking_flow' retrieved from /opt/airflow/dags/spark_airflow.py
[2024-10-24T21:23:50.486+0000] {logging_mixin.py:190} INFO - [2024-10-24T21:23:50.486+0000] {dag.py:3239} INFO - Sync 1 DAGs
[2024-10-24T21:23:50.508+0000] {logging_mixin.py:190} INFO - [2024-10-24T21:23:50.508+0000] {dag.py:4180} INFO - Setting next_dagrun for sparking_flow to 2024-10-24 00:00:00+00:00, run_after=2024-10-25 00:00:00+00:00
[2024-10-24T21:23:50.539+0000] {processor.py:208} INFO - Processing /opt/airflow/dags/spark_airflow.py took 0.107 seconds
[2024-10-24T21:24:20.682+0000] {processor.py:186} INFO - Started process (PID=16681) to work on /opt/airflow/dags/spark_airflow.py
[2024-10-24T21:24:20.683+0000] {processor.py:914} INFO - Processing file /opt/airflow/dags/spark_airflow.py for tasks to queue
[2024-10-24T21:24:20.684+0000] {logging_mixin.py:190} INFO - [2024-10-24T21:24:20.684+0000] {dagbag.py:588} INFO - Filling up the DagBag from /opt/airflow/dags/spark_airflow.py
[2024-10-24T21:24:20.703+0000] {processor.py:925} INFO - DAG(s) 'sparking_flow' retrieved from /opt/airflow/dags/spark_airflow.py
[2024-10-24T21:24:20.728+0000] {logging_mixin.py:190} INFO - [2024-10-24T21:24:20.728+0000] {dag.py:3239} INFO - Sync 1 DAGs
[2024-10-24T21:24:20.749+0000] {logging_mixin.py:190} INFO - [2024-10-24T21:24:20.748+0000] {dag.py:4180} INFO - Setting next_dagrun for sparking_flow to 2024-10-24 00:00:00+00:00, run_after=2024-10-25 00:00:00+00:00
[2024-10-24T21:24:20.765+0000] {processor.py:208} INFO - Processing /opt/airflow/dags/spark_airflow.py took 0.089 seconds
[2024-10-24T21:24:50.884+0000] {processor.py:186} INFO - Started process (PID=16686) to work on /opt/airflow/dags/spark_airflow.py
[2024-10-24T21:24:50.885+0000] {processor.py:914} INFO - Processing file /opt/airflow/dags/spark_airflow.py for tasks to queue
[2024-10-24T21:24:50.886+0000] {logging_mixin.py:190} INFO - [2024-10-24T21:24:50.886+0000] {dagbag.py:588} INFO - Filling up the DagBag from /opt/airflow/dags/spark_airflow.py
[2024-10-24T21:24:50.906+0000] {processor.py:925} INFO - DAG(s) 'sparking_flow' retrieved from /opt/airflow/dags/spark_airflow.py
[2024-10-24T21:24:50.930+0000] {logging_mixin.py:190} INFO - [2024-10-24T21:24:50.929+0000] {dag.py:3239} INFO - Sync 1 DAGs
[2024-10-24T21:24:50.950+0000] {logging_mixin.py:190} INFO - [2024-10-24T21:24:50.950+0000] {dag.py:4180} INFO - Setting next_dagrun for sparking_flow to 2024-10-24 00:00:00+00:00, run_after=2024-10-25 00:00:00+00:00
[2024-10-24T21:24:50.981+0000] {processor.py:208} INFO - Processing /opt/airflow/dags/spark_airflow.py took 0.104 seconds
[2024-10-24T21:25:21.108+0000] {processor.py:186} INFO - Started process (PID=16691) to work on /opt/airflow/dags/spark_airflow.py
[2024-10-24T21:25:21.109+0000] {processor.py:914} INFO - Processing file /opt/airflow/dags/spark_airflow.py for tasks to queue
[2024-10-24T21:25:21.111+0000] {logging_mixin.py:190} INFO - [2024-10-24T21:25:21.110+0000] {dagbag.py:588} INFO - Filling up the DagBag from /opt/airflow/dags/spark_airflow.py
[2024-10-24T21:25:21.131+0000] {processor.py:925} INFO - DAG(s) 'sparking_flow' retrieved from /opt/airflow/dags/spark_airflow.py
[2024-10-24T21:25:21.156+0000] {logging_mixin.py:190} INFO - [2024-10-24T21:25:21.155+0000] {dag.py:3239} INFO - Sync 1 DAGs
[2024-10-24T21:25:21.178+0000] {logging_mixin.py:190} INFO - [2024-10-24T21:25:21.178+0000] {dag.py:4180} INFO - Setting next_dagrun for sparking_flow to 2024-10-24 00:00:00+00:00, run_after=2024-10-25 00:00:00+00:00
[2024-10-24T21:25:21.195+0000] {processor.py:208} INFO - Processing /opt/airflow/dags/spark_airflow.py took 0.093 seconds
[2024-10-24T21:25:51.326+0000] {processor.py:186} INFO - Started process (PID=16696) to work on /opt/airflow/dags/spark_airflow.py
[2024-10-24T21:25:51.327+0000] {processor.py:914} INFO - Processing file /opt/airflow/dags/spark_airflow.py for tasks to queue
[2024-10-24T21:25:51.329+0000] {logging_mixin.py:190} INFO - [2024-10-24T21:25:51.328+0000] {dagbag.py:588} INFO - Filling up the DagBag from /opt/airflow/dags/spark_airflow.py
[2024-10-24T21:25:51.348+0000] {processor.py:925} INFO - DAG(s) 'sparking_flow' retrieved from /opt/airflow/dags/spark_airflow.py
[2024-10-24T21:25:51.374+0000] {logging_mixin.py:190} INFO - [2024-10-24T21:25:51.374+0000] {dag.py:3239} INFO - Sync 1 DAGs
[2024-10-24T21:25:51.397+0000] {logging_mixin.py:190} INFO - [2024-10-24T21:25:51.396+0000] {dag.py:4180} INFO - Setting next_dagrun for sparking_flow to 2024-10-24 00:00:00+00:00, run_after=2024-10-25 00:00:00+00:00
[2024-10-24T21:25:51.416+0000] {processor.py:208} INFO - Processing /opt/airflow/dags/spark_airflow.py took 0.096 seconds
[2024-10-24T21:26:21.537+0000] {processor.py:186} INFO - Started process (PID=16701) to work on /opt/airflow/dags/spark_airflow.py
[2024-10-24T21:26:21.538+0000] {processor.py:914} INFO - Processing file /opt/airflow/dags/spark_airflow.py for tasks to queue
[2024-10-24T21:26:21.539+0000] {logging_mixin.py:190} INFO - [2024-10-24T21:26:21.539+0000] {dagbag.py:588} INFO - Filling up the DagBag from /opt/airflow/dags/spark_airflow.py
[2024-10-24T21:26:21.559+0000] {processor.py:925} INFO - DAG(s) 'sparking_flow' retrieved from /opt/airflow/dags/spark_airflow.py
[2024-10-24T21:26:21.583+0000] {logging_mixin.py:190} INFO - [2024-10-24T21:26:21.582+0000] {dag.py:3239} INFO - Sync 1 DAGs
[2024-10-24T21:26:21.602+0000] {logging_mixin.py:190} INFO - [2024-10-24T21:26:21.602+0000] {dag.py:4180} INFO - Setting next_dagrun for sparking_flow to 2024-10-24 00:00:00+00:00, run_after=2024-10-25 00:00:00+00:00
[2024-10-24T21:26:21.619+0000] {processor.py:208} INFO - Processing /opt/airflow/dags/spark_airflow.py took 0.088 seconds
[2024-10-24T21:26:51.775+0000] {processor.py:186} INFO - Started process (PID=16706) to work on /opt/airflow/dags/spark_airflow.py
[2024-10-24T21:26:51.776+0000] {processor.py:914} INFO - Processing file /opt/airflow/dags/spark_airflow.py for tasks to queue
[2024-10-24T21:26:51.777+0000] {logging_mixin.py:190} INFO - [2024-10-24T21:26:51.777+0000] {dagbag.py:588} INFO - Filling up the DagBag from /opt/airflow/dags/spark_airflow.py
[2024-10-24T21:26:51.795+0000] {processor.py:925} INFO - DAG(s) 'sparking_flow' retrieved from /opt/airflow/dags/spark_airflow.py
[2024-10-24T21:26:51.820+0000] {logging_mixin.py:190} INFO - [2024-10-24T21:26:51.819+0000] {dag.py:3239} INFO - Sync 1 DAGs
[2024-10-24T21:26:51.842+0000] {logging_mixin.py:190} INFO - [2024-10-24T21:26:51.842+0000] {dag.py:4180} INFO - Setting next_dagrun for sparking_flow to 2024-10-24 00:00:00+00:00, run_after=2024-10-25 00:00:00+00:00
[2024-10-24T21:26:51.860+0000] {processor.py:208} INFO - Processing /opt/airflow/dags/spark_airflow.py took 0.089 seconds
[2024-10-24T21:27:21.951+0000] {processor.py:186} INFO - Started process (PID=16711) to work on /opt/airflow/dags/spark_airflow.py
[2024-10-24T21:27:21.952+0000] {processor.py:914} INFO - Processing file /opt/airflow/dags/spark_airflow.py for tasks to queue
[2024-10-24T21:27:21.953+0000] {logging_mixin.py:190} INFO - [2024-10-24T21:27:21.953+0000] {dagbag.py:588} INFO - Filling up the DagBag from /opt/airflow/dags/spark_airflow.py
[2024-10-24T21:27:21.971+0000] {processor.py:925} INFO - DAG(s) 'sparking_flow' retrieved from /opt/airflow/dags/spark_airflow.py
[2024-10-24T21:27:21.997+0000] {logging_mixin.py:190} INFO - [2024-10-24T21:27:21.997+0000] {dag.py:3239} INFO - Sync 1 DAGs
[2024-10-24T21:27:22.019+0000] {logging_mixin.py:190} INFO - [2024-10-24T21:27:22.019+0000] {dag.py:4180} INFO - Setting next_dagrun for sparking_flow to 2024-10-24 00:00:00+00:00, run_after=2024-10-25 00:00:00+00:00
[2024-10-24T21:27:22.050+0000] {processor.py:208} INFO - Processing /opt/airflow/dags/spark_airflow.py took 0.104 seconds
[2024-10-24T21:27:52.193+0000] {processor.py:186} INFO - Started process (PID=16716) to work on /opt/airflow/dags/spark_airflow.py
[2024-10-24T21:27:52.194+0000] {processor.py:914} INFO - Processing file /opt/airflow/dags/spark_airflow.py for tasks to queue
[2024-10-24T21:27:52.195+0000] {logging_mixin.py:190} INFO - [2024-10-24T21:27:52.195+0000] {dagbag.py:588} INFO - Filling up the DagBag from /opt/airflow/dags/spark_airflow.py
[2024-10-24T21:27:52.212+0000] {processor.py:925} INFO - DAG(s) 'sparking_flow' retrieved from /opt/airflow/dags/spark_airflow.py
[2024-10-24T21:27:52.236+0000] {logging_mixin.py:190} INFO - [2024-10-24T21:27:52.236+0000] {dag.py:3239} INFO - Sync 1 DAGs
[2024-10-24T21:27:52.256+0000] {logging_mixin.py:190} INFO - [2024-10-24T21:27:52.256+0000] {dag.py:4180} INFO - Setting next_dagrun for sparking_flow to 2024-10-24 00:00:00+00:00, run_after=2024-10-25 00:00:00+00:00
[2024-10-24T21:27:52.273+0000] {processor.py:208} INFO - Processing /opt/airflow/dags/spark_airflow.py took 0.086 seconds
[2024-10-24T21:28:22.399+0000] {processor.py:186} INFO - Started process (PID=16721) to work on /opt/airflow/dags/spark_airflow.py
[2024-10-24T21:28:22.400+0000] {processor.py:914} INFO - Processing file /opt/airflow/dags/spark_airflow.py for tasks to queue
[2024-10-24T21:28:22.401+0000] {logging_mixin.py:190} INFO - [2024-10-24T21:28:22.401+0000] {dagbag.py:588} INFO - Filling up the DagBag from /opt/airflow/dags/spark_airflow.py
[2024-10-24T21:28:22.420+0000] {processor.py:925} INFO - DAG(s) 'sparking_flow' retrieved from /opt/airflow/dags/spark_airflow.py
[2024-10-24T21:28:22.444+0000] {logging_mixin.py:190} INFO - [2024-10-24T21:28:22.444+0000] {dag.py:3239} INFO - Sync 1 DAGs
[2024-10-24T21:28:22.465+0000] {logging_mixin.py:190} INFO - [2024-10-24T21:28:22.464+0000] {dag.py:4180} INFO - Setting next_dagrun for sparking_flow to 2024-10-24 00:00:00+00:00, run_after=2024-10-25 00:00:00+00:00
[2024-10-24T21:28:22.480+0000] {processor.py:208} INFO - Processing /opt/airflow/dags/spark_airflow.py took 0.088 seconds
[2024-10-24T21:28:52.612+0000] {processor.py:186} INFO - Started process (PID=16726) to work on /opt/airflow/dags/spark_airflow.py
[2024-10-24T21:28:52.613+0000] {processor.py:914} INFO - Processing file /opt/airflow/dags/spark_airflow.py for tasks to queue
[2024-10-24T21:28:52.614+0000] {logging_mixin.py:190} INFO - [2024-10-24T21:28:52.614+0000] {dagbag.py:588} INFO - Filling up the DagBag from /opt/airflow/dags/spark_airflow.py
[2024-10-24T21:28:52.632+0000] {processor.py:925} INFO - DAG(s) 'sparking_flow' retrieved from /opt/airflow/dags/spark_airflow.py
[2024-10-24T21:28:52.657+0000] {logging_mixin.py:190} INFO - [2024-10-24T21:28:52.657+0000] {dag.py:3239} INFO - Sync 1 DAGs
[2024-10-24T21:28:52.680+0000] {logging_mixin.py:190} INFO - [2024-10-24T21:28:52.680+0000] {dag.py:4180} INFO - Setting next_dagrun for sparking_flow to 2024-10-24 00:00:00+00:00, run_after=2024-10-25 00:00:00+00:00
[2024-10-24T21:28:52.698+0000] {processor.py:208} INFO - Processing /opt/airflow/dags/spark_airflow.py took 0.092 seconds
[2024-10-24T21:29:22.817+0000] {processor.py:186} INFO - Started process (PID=16731) to work on /opt/airflow/dags/spark_airflow.py
[2024-10-24T21:29:22.818+0000] {processor.py:914} INFO - Processing file /opt/airflow/dags/spark_airflow.py for tasks to queue
[2024-10-24T21:29:22.820+0000] {logging_mixin.py:190} INFO - [2024-10-24T21:29:22.819+0000] {dagbag.py:588} INFO - Filling up the DagBag from /opt/airflow/dags/spark_airflow.py
[2024-10-24T21:29:22.841+0000] {processor.py:925} INFO - DAG(s) 'sparking_flow' retrieved from /opt/airflow/dags/spark_airflow.py
[2024-10-24T21:29:22.865+0000] {logging_mixin.py:190} INFO - [2024-10-24T21:29:22.865+0000] {dag.py:3239} INFO - Sync 1 DAGs
[2024-10-24T21:29:22.886+0000] {logging_mixin.py:190} INFO - [2024-10-24T21:29:22.885+0000] {dag.py:4180} INFO - Setting next_dagrun for sparking_flow to 2024-10-24 00:00:00+00:00, run_after=2024-10-25 00:00:00+00:00
[2024-10-24T21:29:22.901+0000] {processor.py:208} INFO - Processing /opt/airflow/dags/spark_airflow.py took 0.090 seconds
[2024-10-24T21:29:53.043+0000] {processor.py:186} INFO - Started process (PID=16736) to work on /opt/airflow/dags/spark_airflow.py
[2024-10-24T21:29:53.044+0000] {processor.py:914} INFO - Processing file /opt/airflow/dags/spark_airflow.py for tasks to queue
[2024-10-24T21:29:53.045+0000] {logging_mixin.py:190} INFO - [2024-10-24T21:29:53.045+0000] {dagbag.py:588} INFO - Filling up the DagBag from /opt/airflow/dags/spark_airflow.py
[2024-10-24T21:29:53.065+0000] {processor.py:925} INFO - DAG(s) 'sparking_flow' retrieved from /opt/airflow/dags/spark_airflow.py
[2024-10-24T21:29:53.088+0000] {logging_mixin.py:190} INFO - [2024-10-24T21:29:53.088+0000] {dag.py:3239} INFO - Sync 1 DAGs
[2024-10-24T21:29:53.108+0000] {logging_mixin.py:190} INFO - [2024-10-24T21:29:53.108+0000] {dag.py:4180} INFO - Setting next_dagrun for sparking_flow to 2024-10-24 00:00:00+00:00, run_after=2024-10-25 00:00:00+00:00
[2024-10-24T21:29:53.127+0000] {processor.py:208} INFO - Processing /opt/airflow/dags/spark_airflow.py took 0.090 seconds
[2024-10-24T21:30:23.244+0000] {processor.py:186} INFO - Started process (PID=16741) to work on /opt/airflow/dags/spark_airflow.py
[2024-10-24T21:30:23.245+0000] {processor.py:914} INFO - Processing file /opt/airflow/dags/spark_airflow.py for tasks to queue
[2024-10-24T21:30:23.246+0000] {logging_mixin.py:190} INFO - [2024-10-24T21:30:23.246+0000] {dagbag.py:588} INFO - Filling up the DagBag from /opt/airflow/dags/spark_airflow.py
[2024-10-24T21:30:23.266+0000] {processor.py:925} INFO - DAG(s) 'sparking_flow' retrieved from /opt/airflow/dags/spark_airflow.py
[2024-10-24T21:30:23.293+0000] {logging_mixin.py:190} INFO - [2024-10-24T21:30:23.293+0000] {dag.py:3239} INFO - Sync 1 DAGs
[2024-10-24T21:30:23.316+0000] {logging_mixin.py:190} INFO - [2024-10-24T21:30:23.316+0000] {dag.py:4180} INFO - Setting next_dagrun for sparking_flow to 2024-10-24 00:00:00+00:00, run_after=2024-10-25 00:00:00+00:00
[2024-10-24T21:30:23.335+0000] {processor.py:208} INFO - Processing /opt/airflow/dags/spark_airflow.py took 0.097 seconds
[2024-10-24T21:30:53.455+0000] {processor.py:186} INFO - Started process (PID=16746) to work on /opt/airflow/dags/spark_airflow.py
[2024-10-24T21:30:53.456+0000] {processor.py:914} INFO - Processing file /opt/airflow/dags/spark_airflow.py for tasks to queue
[2024-10-24T21:30:53.457+0000] {logging_mixin.py:190} INFO - [2024-10-24T21:30:53.457+0000] {dagbag.py:588} INFO - Filling up the DagBag from /opt/airflow/dags/spark_airflow.py
[2024-10-24T21:30:53.475+0000] {processor.py:925} INFO - DAG(s) 'sparking_flow' retrieved from /opt/airflow/dags/spark_airflow.py
[2024-10-24T21:30:53.500+0000] {logging_mixin.py:190} INFO - [2024-10-24T21:30:53.500+0000] {dag.py:3239} INFO - Sync 1 DAGs
[2024-10-24T21:30:53.522+0000] {logging_mixin.py:190} INFO - [2024-10-24T21:30:53.522+0000] {dag.py:4180} INFO - Setting next_dagrun for sparking_flow to 2024-10-24 00:00:00+00:00, run_after=2024-10-25 00:00:00+00:00
[2024-10-24T21:30:53.553+0000] {processor.py:208} INFO - Processing /opt/airflow/dags/spark_airflow.py took 0.102 seconds
[2024-10-24T21:31:23.665+0000] {processor.py:186} INFO - Started process (PID=16751) to work on /opt/airflow/dags/spark_airflow.py
[2024-10-24T21:31:23.667+0000] {processor.py:914} INFO - Processing file /opt/airflow/dags/spark_airflow.py for tasks to queue
[2024-10-24T21:31:23.668+0000] {logging_mixin.py:190} INFO - [2024-10-24T21:31:23.668+0000] {dagbag.py:588} INFO - Filling up the DagBag from /opt/airflow/dags/spark_airflow.py
[2024-10-24T21:31:23.688+0000] {processor.py:925} INFO - DAG(s) 'sparking_flow' retrieved from /opt/airflow/dags/spark_airflow.py
[2024-10-24T21:31:23.713+0000] {logging_mixin.py:190} INFO - [2024-10-24T21:31:23.713+0000] {dag.py:3239} INFO - Sync 1 DAGs
[2024-10-24T21:31:23.734+0000] {logging_mixin.py:190} INFO - [2024-10-24T21:31:23.734+0000] {dag.py:4180} INFO - Setting next_dagrun for sparking_flow to 2024-10-24 00:00:00+00:00, run_after=2024-10-25 00:00:00+00:00
[2024-10-24T21:31:23.750+0000] {processor.py:208} INFO - Processing /opt/airflow/dags/spark_airflow.py took 0.090 seconds
[2024-10-24T21:31:53.912+0000] {processor.py:186} INFO - Started process (PID=16756) to work on /opt/airflow/dags/spark_airflow.py
[2024-10-24T21:31:53.913+0000] {processor.py:914} INFO - Processing file /opt/airflow/dags/spark_airflow.py for tasks to queue
[2024-10-24T21:31:53.914+0000] {logging_mixin.py:190} INFO - [2024-10-24T21:31:53.913+0000] {dagbag.py:588} INFO - Filling up the DagBag from /opt/airflow/dags/spark_airflow.py
[2024-10-24T21:31:53.931+0000] {processor.py:925} INFO - DAG(s) 'sparking_flow' retrieved from /opt/airflow/dags/spark_airflow.py
[2024-10-24T21:31:53.956+0000] {logging_mixin.py:190} INFO - [2024-10-24T21:31:53.956+0000] {dag.py:3239} INFO - Sync 1 DAGs
[2024-10-24T21:31:53.979+0000] {logging_mixin.py:190} INFO - [2024-10-24T21:31:53.979+0000] {dag.py:4180} INFO - Setting next_dagrun for sparking_flow to 2024-10-24 00:00:00+00:00, run_after=2024-10-25 00:00:00+00:00
[2024-10-24T21:31:53.997+0000] {processor.py:208} INFO - Processing /opt/airflow/dags/spark_airflow.py took 0.090 seconds
[2024-10-24T21:32:24.085+0000] {processor.py:186} INFO - Started process (PID=16761) to work on /opt/airflow/dags/spark_airflow.py
[2024-10-24T21:32:24.086+0000] {processor.py:914} INFO - Processing file /opt/airflow/dags/spark_airflow.py for tasks to queue
[2024-10-24T21:32:24.087+0000] {logging_mixin.py:190} INFO - [2024-10-24T21:32:24.087+0000] {dagbag.py:588} INFO - Filling up the DagBag from /opt/airflow/dags/spark_airflow.py
[2024-10-24T21:32:24.105+0000] {processor.py:925} INFO - DAG(s) 'sparking_flow' retrieved from /opt/airflow/dags/spark_airflow.py
[2024-10-24T21:32:24.130+0000] {logging_mixin.py:190} INFO - [2024-10-24T21:32:24.130+0000] {dag.py:3239} INFO - Sync 1 DAGs
[2024-10-24T21:32:24.153+0000] {logging_mixin.py:190} INFO - [2024-10-24T21:32:24.153+0000] {dag.py:4180} INFO - Setting next_dagrun for sparking_flow to 2024-10-24 00:00:00+00:00, run_after=2024-10-25 00:00:00+00:00
[2024-10-24T21:32:24.169+0000] {processor.py:208} INFO - Processing /opt/airflow/dags/spark_airflow.py took 0.089 seconds
[2024-10-24T21:32:54.318+0000] {processor.py:186} INFO - Started process (PID=16766) to work on /opt/airflow/dags/spark_airflow.py
[2024-10-24T21:32:54.319+0000] {processor.py:914} INFO - Processing file /opt/airflow/dags/spark_airflow.py for tasks to queue
[2024-10-24T21:32:54.320+0000] {logging_mixin.py:190} INFO - [2024-10-24T21:32:54.320+0000] {dagbag.py:588} INFO - Filling up the DagBag from /opt/airflow/dags/spark_airflow.py
[2024-10-24T21:32:54.338+0000] {processor.py:925} INFO - DAG(s) 'sparking_flow' retrieved from /opt/airflow/dags/spark_airflow.py
[2024-10-24T21:32:54.363+0000] {logging_mixin.py:190} INFO - [2024-10-24T21:32:54.363+0000] {dag.py:3239} INFO - Sync 1 DAGs
[2024-10-24T21:32:54.384+0000] {logging_mixin.py:190} INFO - [2024-10-24T21:32:54.383+0000] {dag.py:4180} INFO - Setting next_dagrun for sparking_flow to 2024-10-24 00:00:00+00:00, run_after=2024-10-25 00:00:00+00:00
[2024-10-24T21:32:54.399+0000] {processor.py:208} INFO - Processing /opt/airflow/dags/spark_airflow.py took 0.085 seconds
[2024-10-24T21:33:24.493+0000] {processor.py:186} INFO - Started process (PID=16771) to work on /opt/airflow/dags/spark_airflow.py
[2024-10-24T21:33:24.494+0000] {processor.py:914} INFO - Processing file /opt/airflow/dags/spark_airflow.py for tasks to queue
[2024-10-24T21:33:24.495+0000] {logging_mixin.py:190} INFO - [2024-10-24T21:33:24.495+0000] {dagbag.py:588} INFO - Filling up the DagBag from /opt/airflow/dags/spark_airflow.py
[2024-10-24T21:33:24.512+0000] {processor.py:925} INFO - DAG(s) 'sparking_flow' retrieved from /opt/airflow/dags/spark_airflow.py
[2024-10-24T21:33:24.536+0000] {logging_mixin.py:190} INFO - [2024-10-24T21:33:24.535+0000] {dag.py:3239} INFO - Sync 1 DAGs
[2024-10-24T21:33:24.556+0000] {logging_mixin.py:190} INFO - [2024-10-24T21:33:24.556+0000] {dag.py:4180} INFO - Setting next_dagrun for sparking_flow to 2024-10-24 00:00:00+00:00, run_after=2024-10-25 00:00:00+00:00
[2024-10-24T21:33:24.573+0000] {processor.py:208} INFO - Processing /opt/airflow/dags/spark_airflow.py took 0.086 seconds
[2024-10-24T21:33:54.718+0000] {processor.py:186} INFO - Started process (PID=16776) to work on /opt/airflow/dags/spark_airflow.py
[2024-10-24T21:33:54.719+0000] {processor.py:914} INFO - Processing file /opt/airflow/dags/spark_airflow.py for tasks to queue
[2024-10-24T21:33:54.720+0000] {logging_mixin.py:190} INFO - [2024-10-24T21:33:54.720+0000] {dagbag.py:588} INFO - Filling up the DagBag from /opt/airflow/dags/spark_airflow.py
[2024-10-24T21:33:54.740+0000] {processor.py:925} INFO - DAG(s) 'sparking_flow' retrieved from /opt/airflow/dags/spark_airflow.py
[2024-10-24T21:33:54.765+0000] {logging_mixin.py:190} INFO - [2024-10-24T21:33:54.765+0000] {dag.py:3239} INFO - Sync 1 DAGs
[2024-10-24T21:33:54.788+0000] {logging_mixin.py:190} INFO - [2024-10-24T21:33:54.788+0000] {dag.py:4180} INFO - Setting next_dagrun for sparking_flow to 2024-10-24 00:00:00+00:00, run_after=2024-10-25 00:00:00+00:00
[2024-10-24T21:33:54.807+0000] {processor.py:208} INFO - Processing /opt/airflow/dags/spark_airflow.py took 0.095 seconds
[2024-10-24T21:34:24.893+0000] {processor.py:186} INFO - Started process (PID=16781) to work on /opt/airflow/dags/spark_airflow.py
[2024-10-24T21:34:24.894+0000] {processor.py:914} INFO - Processing file /opt/airflow/dags/spark_airflow.py for tasks to queue
[2024-10-24T21:34:24.896+0000] {logging_mixin.py:190} INFO - [2024-10-24T21:34:24.895+0000] {dagbag.py:588} INFO - Filling up the DagBag from /opt/airflow/dags/spark_airflow.py
[2024-10-24T21:34:24.915+0000] {processor.py:925} INFO - DAG(s) 'sparking_flow' retrieved from /opt/airflow/dags/spark_airflow.py
[2024-10-24T21:34:24.942+0000] {logging_mixin.py:190} INFO - [2024-10-24T21:34:24.942+0000] {dag.py:3239} INFO - Sync 1 DAGs
[2024-10-24T21:34:24.965+0000] {logging_mixin.py:190} INFO - [2024-10-24T21:34:24.965+0000] {dag.py:4180} INFO - Setting next_dagrun for sparking_flow to 2024-10-24 00:00:00+00:00, run_after=2024-10-25 00:00:00+00:00
[2024-10-24T21:34:24.996+0000] {processor.py:208} INFO - Processing /opt/airflow/dags/spark_airflow.py took 0.109 seconds
[2024-10-24T21:34:55.131+0000] {processor.py:186} INFO - Started process (PID=16786) to work on /opt/airflow/dags/spark_airflow.py
[2024-10-24T21:34:55.132+0000] {processor.py:914} INFO - Processing file /opt/airflow/dags/spark_airflow.py for tasks to queue
[2024-10-24T21:34:55.134+0000] {logging_mixin.py:190} INFO - [2024-10-24T21:34:55.134+0000] {dagbag.py:588} INFO - Filling up the DagBag from /opt/airflow/dags/spark_airflow.py
[2024-10-24T21:34:55.154+0000] {processor.py:925} INFO - DAG(s) 'sparking_flow' retrieved from /opt/airflow/dags/spark_airflow.py
[2024-10-24T21:34:55.180+0000] {logging_mixin.py:190} INFO - [2024-10-24T21:34:55.179+0000] {dag.py:3239} INFO - Sync 1 DAGs
[2024-10-24T21:34:55.202+0000] {logging_mixin.py:190} INFO - [2024-10-24T21:34:55.201+0000] {dag.py:4180} INFO - Setting next_dagrun for sparking_flow to 2024-10-24 00:00:00+00:00, run_after=2024-10-25 00:00:00+00:00
[2024-10-24T21:34:55.218+0000] {processor.py:208} INFO - Processing /opt/airflow/dags/spark_airflow.py took 0.093 seconds
[2024-10-24T21:35:25.329+0000] {processor.py:186} INFO - Started process (PID=16791) to work on /opt/airflow/dags/spark_airflow.py
[2024-10-24T21:35:25.330+0000] {processor.py:914} INFO - Processing file /opt/airflow/dags/spark_airflow.py for tasks to queue
[2024-10-24T21:35:25.332+0000] {logging_mixin.py:190} INFO - [2024-10-24T21:35:25.331+0000] {dagbag.py:588} INFO - Filling up the DagBag from /opt/airflow/dags/spark_airflow.py
[2024-10-24T21:35:25.349+0000] {processor.py:925} INFO - DAG(s) 'sparking_flow' retrieved from /opt/airflow/dags/spark_airflow.py
[2024-10-24T21:35:25.375+0000] {logging_mixin.py:190} INFO - [2024-10-24T21:35:25.374+0000] {dag.py:3239} INFO - Sync 1 DAGs
[2024-10-24T21:35:25.397+0000] {logging_mixin.py:190} INFO - [2024-10-24T21:35:25.397+0000] {dag.py:4180} INFO - Setting next_dagrun for sparking_flow to 2024-10-24 00:00:00+00:00, run_after=2024-10-25 00:00:00+00:00
[2024-10-24T21:35:25.413+0000] {processor.py:208} INFO - Processing /opt/airflow/dags/spark_airflow.py took 0.089 seconds
[2024-10-24T21:35:55.551+0000] {processor.py:186} INFO - Started process (PID=16796) to work on /opt/airflow/dags/spark_airflow.py
[2024-10-24T21:35:55.552+0000] {processor.py:914} INFO - Processing file /opt/airflow/dags/spark_airflow.py for tasks to queue
[2024-10-24T21:35:55.553+0000] {logging_mixin.py:190} INFO - [2024-10-24T21:35:55.553+0000] {dagbag.py:588} INFO - Filling up the DagBag from /opt/airflow/dags/spark_airflow.py
[2024-10-24T21:35:55.573+0000] {processor.py:925} INFO - DAG(s) 'sparking_flow' retrieved from /opt/airflow/dags/spark_airflow.py
[2024-10-24T21:35:55.598+0000] {logging_mixin.py:190} INFO - [2024-10-24T21:35:55.598+0000] {dag.py:3239} INFO - Sync 1 DAGs
[2024-10-24T21:35:55.620+0000] {logging_mixin.py:190} INFO - [2024-10-24T21:35:55.620+0000] {dag.py:4180} INFO - Setting next_dagrun for sparking_flow to 2024-10-24 00:00:00+00:00, run_after=2024-10-25 00:00:00+00:00
[2024-10-24T21:35:55.636+0000] {processor.py:208} INFO - Processing /opt/airflow/dags/spark_airflow.py took 0.092 seconds
[2024-10-24T21:36:25.756+0000] {processor.py:186} INFO - Started process (PID=16801) to work on /opt/airflow/dags/spark_airflow.py
[2024-10-24T21:36:25.757+0000] {processor.py:914} INFO - Processing file /opt/airflow/dags/spark_airflow.py for tasks to queue
[2024-10-24T21:36:25.758+0000] {logging_mixin.py:190} INFO - [2024-10-24T21:36:25.758+0000] {dagbag.py:588} INFO - Filling up the DagBag from /opt/airflow/dags/spark_airflow.py
[2024-10-24T21:36:25.778+0000] {processor.py:925} INFO - DAG(s) 'sparking_flow' retrieved from /opt/airflow/dags/spark_airflow.py
[2024-10-24T21:36:25.804+0000] {logging_mixin.py:190} INFO - [2024-10-24T21:36:25.804+0000] {dag.py:3239} INFO - Sync 1 DAGs
[2024-10-24T21:36:25.825+0000] {logging_mixin.py:190} INFO - [2024-10-24T21:36:25.825+0000] {dag.py:4180} INFO - Setting next_dagrun for sparking_flow to 2024-10-24 00:00:00+00:00, run_after=2024-10-25 00:00:00+00:00
[2024-10-24T21:36:25.843+0000] {processor.py:208} INFO - Processing /opt/airflow/dags/spark_airflow.py took 0.094 seconds
[2024-10-24T21:36:56.030+0000] {processor.py:186} INFO - Started process (PID=16806) to work on /opt/airflow/dags/spark_airflow.py
[2024-10-24T21:36:56.031+0000] {processor.py:914} INFO - Processing file /opt/airflow/dags/spark_airflow.py for tasks to queue
[2024-10-24T21:36:56.033+0000] {logging_mixin.py:190} INFO - [2024-10-24T21:36:56.032+0000] {dagbag.py:588} INFO - Filling up the DagBag from /opt/airflow/dags/spark_airflow.py
[2024-10-24T21:36:56.059+0000] {processor.py:925} INFO - DAG(s) 'sparking_flow' retrieved from /opt/airflow/dags/spark_airflow.py
[2024-10-24T21:36:56.096+0000] {logging_mixin.py:190} INFO - [2024-10-24T21:36:56.096+0000] {dag.py:3239} INFO - Sync 1 DAGs
[2024-10-24T21:36:56.129+0000] {logging_mixin.py:190} INFO - [2024-10-24T21:36:56.128+0000] {dag.py:4180} INFO - Setting next_dagrun for sparking_flow to 2024-10-24 00:00:00+00:00, run_after=2024-10-25 00:00:00+00:00
[2024-10-24T21:36:56.157+0000] {processor.py:208} INFO - Processing /opt/airflow/dags/spark_airflow.py took 0.134 seconds
[2024-10-24T21:37:26.213+0000] {processor.py:186} INFO - Started process (PID=16811) to work on /opt/airflow/dags/spark_airflow.py
[2024-10-24T21:37:26.214+0000] {processor.py:914} INFO - Processing file /opt/airflow/dags/spark_airflow.py for tasks to queue
[2024-10-24T21:37:26.215+0000] {logging_mixin.py:190} INFO - [2024-10-24T21:37:26.215+0000] {dagbag.py:588} INFO - Filling up the DagBag from /opt/airflow/dags/spark_airflow.py
[2024-10-24T21:37:26.236+0000] {processor.py:925} INFO - DAG(s) 'sparking_flow' retrieved from /opt/airflow/dags/spark_airflow.py
[2024-10-24T21:37:26.262+0000] {logging_mixin.py:190} INFO - [2024-10-24T21:37:26.262+0000] {dag.py:3239} INFO - Sync 1 DAGs
[2024-10-24T21:37:26.286+0000] {logging_mixin.py:190} INFO - [2024-10-24T21:37:26.286+0000] {dag.py:4180} INFO - Setting next_dagrun for sparking_flow to 2024-10-24 00:00:00+00:00, run_after=2024-10-25 00:00:00+00:00
[2024-10-24T21:37:26.305+0000] {processor.py:208} INFO - Processing /opt/airflow/dags/spark_airflow.py took 0.099 seconds
[2024-10-24T21:37:56.382+0000] {processor.py:186} INFO - Started process (PID=16816) to work on /opt/airflow/dags/spark_airflow.py
[2024-10-24T21:37:56.383+0000] {processor.py:914} INFO - Processing file /opt/airflow/dags/spark_airflow.py for tasks to queue
[2024-10-24T21:37:56.385+0000] {logging_mixin.py:190} INFO - [2024-10-24T21:37:56.384+0000] {dagbag.py:588} INFO - Filling up the DagBag from /opt/airflow/dags/spark_airflow.py
[2024-10-24T21:37:56.405+0000] {processor.py:925} INFO - DAG(s) 'sparking_flow' retrieved from /opt/airflow/dags/spark_airflow.py
[2024-10-24T21:37:56.432+0000] {logging_mixin.py:190} INFO - [2024-10-24T21:37:56.432+0000] {dag.py:3239} INFO - Sync 1 DAGs
[2024-10-24T21:37:56.454+0000] {logging_mixin.py:190} INFO - [2024-10-24T21:37:56.454+0000] {dag.py:4180} INFO - Setting next_dagrun for sparking_flow to 2024-10-24 00:00:00+00:00, run_after=2024-10-25 00:00:00+00:00
[2024-10-24T21:37:56.471+0000] {processor.py:208} INFO - Processing /opt/airflow/dags/spark_airflow.py took 0.095 seconds
[2024-10-24T21:38:26.652+0000] {processor.py:186} INFO - Started process (PID=16821) to work on /opt/airflow/dags/spark_airflow.py
[2024-10-24T21:38:26.653+0000] {processor.py:914} INFO - Processing file /opt/airflow/dags/spark_airflow.py for tasks to queue
[2024-10-24T21:38:26.654+0000] {logging_mixin.py:190} INFO - [2024-10-24T21:38:26.654+0000] {dagbag.py:588} INFO - Filling up the DagBag from /opt/airflow/dags/spark_airflow.py
[2024-10-24T21:38:26.672+0000] {processor.py:925} INFO - DAG(s) 'sparking_flow' retrieved from /opt/airflow/dags/spark_airflow.py
[2024-10-24T21:38:26.696+0000] {logging_mixin.py:190} INFO - [2024-10-24T21:38:26.696+0000] {dag.py:3239} INFO - Sync 1 DAGs
[2024-10-24T21:38:26.717+0000] {logging_mixin.py:190} INFO - [2024-10-24T21:38:26.716+0000] {dag.py:4180} INFO - Setting next_dagrun for sparking_flow to 2024-10-24 00:00:00+00:00, run_after=2024-10-25 00:00:00+00:00
[2024-10-24T21:38:26.736+0000] {processor.py:208} INFO - Processing /opt/airflow/dags/spark_airflow.py took 0.088 seconds
[2024-10-24T21:38:56.837+0000] {processor.py:186} INFO - Started process (PID=16826) to work on /opt/airflow/dags/spark_airflow.py
[2024-10-24T21:38:56.838+0000] {processor.py:914} INFO - Processing file /opt/airflow/dags/spark_airflow.py for tasks to queue
[2024-10-24T21:38:56.839+0000] {logging_mixin.py:190} INFO - [2024-10-24T21:38:56.839+0000] {dagbag.py:588} INFO - Filling up the DagBag from /opt/airflow/dags/spark_airflow.py
[2024-10-24T21:38:56.857+0000] {processor.py:925} INFO - DAG(s) 'sparking_flow' retrieved from /opt/airflow/dags/spark_airflow.py
[2024-10-24T21:38:56.884+0000] {logging_mixin.py:190} INFO - [2024-10-24T21:38:56.884+0000] {dag.py:3239} INFO - Sync 1 DAGs
[2024-10-24T21:38:56.907+0000] {logging_mixin.py:190} INFO - [2024-10-24T21:38:56.906+0000] {dag.py:4180} INFO - Setting next_dagrun for sparking_flow to 2024-10-24 00:00:00+00:00, run_after=2024-10-25 00:00:00+00:00
[2024-10-24T21:38:56.931+0000] {processor.py:208} INFO - Processing /opt/airflow/dags/spark_airflow.py took 0.098 seconds
[2024-10-24T21:39:27.091+0000] {processor.py:186} INFO - Started process (PID=16831) to work on /opt/airflow/dags/spark_airflow.py
[2024-10-24T21:39:27.092+0000] {processor.py:914} INFO - Processing file /opt/airflow/dags/spark_airflow.py for tasks to queue
[2024-10-24T21:39:27.094+0000] {logging_mixin.py:190} INFO - [2024-10-24T21:39:27.093+0000] {dagbag.py:588} INFO - Filling up the DagBag from /opt/airflow/dags/spark_airflow.py
[2024-10-24T21:39:27.112+0000] {processor.py:925} INFO - DAG(s) 'sparking_flow' retrieved from /opt/airflow/dags/spark_airflow.py
[2024-10-24T21:39:27.138+0000] {logging_mixin.py:190} INFO - [2024-10-24T21:39:27.138+0000] {dag.py:3239} INFO - Sync 1 DAGs
[2024-10-24T21:39:27.164+0000] {logging_mixin.py:190} INFO - [2024-10-24T21:39:27.164+0000] {dag.py:4180} INFO - Setting next_dagrun for sparking_flow to 2024-10-24 00:00:00+00:00, run_after=2024-10-25 00:00:00+00:00
[2024-10-24T21:39:27.183+0000] {processor.py:208} INFO - Processing /opt/airflow/dags/spark_airflow.py took 0.097 seconds
[2024-10-24T21:39:57.275+0000] {processor.py:186} INFO - Started process (PID=16836) to work on /opt/airflow/dags/spark_airflow.py
[2024-10-24T21:39:57.276+0000] {processor.py:914} INFO - Processing file /opt/airflow/dags/spark_airflow.py for tasks to queue
[2024-10-24T21:39:57.277+0000] {logging_mixin.py:190} INFO - [2024-10-24T21:39:57.277+0000] {dagbag.py:588} INFO - Filling up the DagBag from /opt/airflow/dags/spark_airflow.py
[2024-10-24T21:39:57.296+0000] {processor.py:925} INFO - DAG(s) 'sparking_flow' retrieved from /opt/airflow/dags/spark_airflow.py
[2024-10-24T21:39:57.323+0000] {logging_mixin.py:190} INFO - [2024-10-24T21:39:57.322+0000] {dag.py:3239} INFO - Sync 1 DAGs
[2024-10-24T21:39:57.347+0000] {logging_mixin.py:190} INFO - [2024-10-24T21:39:57.347+0000] {dag.py:4180} INFO - Setting next_dagrun for sparking_flow to 2024-10-24 00:00:00+00:00, run_after=2024-10-25 00:00:00+00:00
[2024-10-24T21:39:57.366+0000] {processor.py:208} INFO - Processing /opt/airflow/dags/spark_airflow.py took 0.096 seconds
[2024-10-24T21:40:27.526+0000] {processor.py:186} INFO - Started process (PID=16841) to work on /opt/airflow/dags/spark_airflow.py
[2024-10-24T21:40:27.527+0000] {processor.py:914} INFO - Processing file /opt/airflow/dags/spark_airflow.py for tasks to queue
[2024-10-24T21:40:27.528+0000] {logging_mixin.py:190} INFO - [2024-10-24T21:40:27.528+0000] {dagbag.py:588} INFO - Filling up the DagBag from /opt/airflow/dags/spark_airflow.py
[2024-10-24T21:40:27.546+0000] {processor.py:925} INFO - DAG(s) 'sparking_flow' retrieved from /opt/airflow/dags/spark_airflow.py
[2024-10-24T21:40:27.574+0000] {logging_mixin.py:190} INFO - [2024-10-24T21:40:27.574+0000] {dag.py:3239} INFO - Sync 1 DAGs
[2024-10-24T21:40:27.597+0000] {logging_mixin.py:190} INFO - [2024-10-24T21:40:27.597+0000] {dag.py:4180} INFO - Setting next_dagrun for sparking_flow to 2024-10-24 00:00:00+00:00, run_after=2024-10-25 00:00:00+00:00
[2024-10-24T21:40:27.615+0000] {processor.py:208} INFO - Processing /opt/airflow/dags/spark_airflow.py took 0.094 seconds
[2024-10-24T21:40:57.719+0000] {processor.py:186} INFO - Started process (PID=16846) to work on /opt/airflow/dags/spark_airflow.py
[2024-10-24T21:40:57.721+0000] {processor.py:914} INFO - Processing file /opt/airflow/dags/spark_airflow.py for tasks to queue
[2024-10-24T21:40:57.723+0000] {logging_mixin.py:190} INFO - [2024-10-24T21:40:57.723+0000] {dagbag.py:588} INFO - Filling up the DagBag from /opt/airflow/dags/spark_airflow.py
[2024-10-24T21:40:57.753+0000] {processor.py:925} INFO - DAG(s) 'sparking_flow' retrieved from /opt/airflow/dags/spark_airflow.py
[2024-10-24T21:40:57.797+0000] {logging_mixin.py:190} INFO - [2024-10-24T21:40:57.797+0000] {dag.py:3239} INFO - Sync 1 DAGs
[2024-10-24T21:40:57.825+0000] {logging_mixin.py:190} INFO - [2024-10-24T21:40:57.824+0000] {dag.py:4180} INFO - Setting next_dagrun for sparking_flow to 2024-10-24 00:00:00+00:00, run_after=2024-10-25 00:00:00+00:00
[2024-10-24T21:40:57.845+0000] {processor.py:208} INFO - Processing /opt/airflow/dags/spark_airflow.py took 0.134 seconds
[2024-10-24T21:41:27.968+0000] {processor.py:186} INFO - Started process (PID=16851) to work on /opt/airflow/dags/spark_airflow.py
[2024-10-24T21:41:27.969+0000] {processor.py:914} INFO - Processing file /opt/airflow/dags/spark_airflow.py for tasks to queue
[2024-10-24T21:41:27.971+0000] {logging_mixin.py:190} INFO - [2024-10-24T21:41:27.971+0000] {dagbag.py:588} INFO - Filling up the DagBag from /opt/airflow/dags/spark_airflow.py
[2024-10-24T21:41:27.993+0000] {processor.py:925} INFO - DAG(s) 'sparking_flow' retrieved from /opt/airflow/dags/spark_airflow.py
[2024-10-24T21:41:28.020+0000] {logging_mixin.py:190} INFO - [2024-10-24T21:41:28.020+0000] {dag.py:3239} INFO - Sync 1 DAGs
[2024-10-24T21:41:28.043+0000] {logging_mixin.py:190} INFO - [2024-10-24T21:41:28.043+0000] {dag.py:4180} INFO - Setting next_dagrun for sparking_flow to 2024-10-24 00:00:00+00:00, run_after=2024-10-25 00:00:00+00:00
[2024-10-24T21:41:28.060+0000] {processor.py:208} INFO - Processing /opt/airflow/dags/spark_airflow.py took 0.099 seconds
[2024-10-24T21:41:58.212+0000] {processor.py:186} INFO - Started process (PID=16856) to work on /opt/airflow/dags/spark_airflow.py
[2024-10-24T21:41:58.213+0000] {processor.py:914} INFO - Processing file /opt/airflow/dags/spark_airflow.py for tasks to queue
[2024-10-24T21:41:58.214+0000] {logging_mixin.py:190} INFO - [2024-10-24T21:41:58.214+0000] {dagbag.py:588} INFO - Filling up the DagBag from /opt/airflow/dags/spark_airflow.py
[2024-10-24T21:41:58.232+0000] {processor.py:925} INFO - DAG(s) 'sparking_flow' retrieved from /opt/airflow/dags/spark_airflow.py
[2024-10-24T21:41:58.257+0000] {logging_mixin.py:190} INFO - [2024-10-24T21:41:58.257+0000] {dag.py:3239} INFO - Sync 1 DAGs
[2024-10-24T21:41:58.277+0000] {logging_mixin.py:190} INFO - [2024-10-24T21:41:58.277+0000] {dag.py:4180} INFO - Setting next_dagrun for sparking_flow to 2024-10-24 00:00:00+00:00, run_after=2024-10-25 00:00:00+00:00
[2024-10-24T21:41:58.294+0000] {processor.py:208} INFO - Processing /opt/airflow/dags/spark_airflow.py took 0.086 seconds
[2024-10-24T21:42:28.403+0000] {processor.py:186} INFO - Started process (PID=16861) to work on /opt/airflow/dags/spark_airflow.py
[2024-10-24T21:42:28.404+0000] {processor.py:914} INFO - Processing file /opt/airflow/dags/spark_airflow.py for tasks to queue
[2024-10-24T21:42:28.406+0000] {logging_mixin.py:190} INFO - [2024-10-24T21:42:28.406+0000] {dagbag.py:588} INFO - Filling up the DagBag from /opt/airflow/dags/spark_airflow.py
[2024-10-24T21:42:28.425+0000] {processor.py:925} INFO - DAG(s) 'sparking_flow' retrieved from /opt/airflow/dags/spark_airflow.py
[2024-10-24T21:42:28.453+0000] {logging_mixin.py:190} INFO - [2024-10-24T21:42:28.452+0000] {dag.py:3239} INFO - Sync 1 DAGs
[2024-10-24T21:42:28.477+0000] {logging_mixin.py:190} INFO - [2024-10-24T21:42:28.477+0000] {dag.py:4180} INFO - Setting next_dagrun for sparking_flow to 2024-10-24 00:00:00+00:00, run_after=2024-10-25 00:00:00+00:00
[2024-10-24T21:42:28.497+0000] {processor.py:208} INFO - Processing /opt/airflow/dags/spark_airflow.py took 0.100 seconds
[2024-10-24T21:42:58.628+0000] {processor.py:186} INFO - Started process (PID=16866) to work on /opt/airflow/dags/spark_airflow.py
[2024-10-24T21:42:58.629+0000] {processor.py:914} INFO - Processing file /opt/airflow/dags/spark_airflow.py for tasks to queue
[2024-10-24T21:42:58.631+0000] {logging_mixin.py:190} INFO - [2024-10-24T21:42:58.631+0000] {dagbag.py:588} INFO - Filling up the DagBag from /opt/airflow/dags/spark_airflow.py
[2024-10-24T21:42:58.656+0000] {processor.py:925} INFO - DAG(s) 'sparking_flow' retrieved from /opt/airflow/dags/spark_airflow.py
[2024-10-24T21:42:58.682+0000] {logging_mixin.py:190} INFO - [2024-10-24T21:42:58.682+0000] {dag.py:3239} INFO - Sync 1 DAGs
[2024-10-24T21:42:58.708+0000] {logging_mixin.py:190} INFO - [2024-10-24T21:42:58.708+0000] {dag.py:4180} INFO - Setting next_dagrun for sparking_flow to 2024-10-24 00:00:00+00:00, run_after=2024-10-25 00:00:00+00:00
[2024-10-24T21:42:58.731+0000] {processor.py:208} INFO - Processing /opt/airflow/dags/spark_airflow.py took 0.110 seconds
[2024-10-24T21:43:28.843+0000] {processor.py:186} INFO - Started process (PID=16871) to work on /opt/airflow/dags/spark_airflow.py
[2024-10-24T21:43:28.844+0000] {processor.py:914} INFO - Processing file /opt/airflow/dags/spark_airflow.py for tasks to queue
[2024-10-24T21:43:28.845+0000] {logging_mixin.py:190} INFO - [2024-10-24T21:43:28.845+0000] {dagbag.py:588} INFO - Filling up the DagBag from /opt/airflow/dags/spark_airflow.py
[2024-10-24T21:43:28.863+0000] {processor.py:925} INFO - DAG(s) 'sparking_flow' retrieved from /opt/airflow/dags/spark_airflow.py
[2024-10-24T21:43:28.890+0000] {logging_mixin.py:190} INFO - [2024-10-24T21:43:28.890+0000] {dag.py:3239} INFO - Sync 1 DAGs
[2024-10-24T21:43:28.912+0000] {logging_mixin.py:190} INFO - [2024-10-24T21:43:28.912+0000] {dag.py:4180} INFO - Setting next_dagrun for sparking_flow to 2024-10-24 00:00:00+00:00, run_after=2024-10-25 00:00:00+00:00
[2024-10-24T21:43:28.931+0000] {processor.py:208} INFO - Processing /opt/airflow/dags/spark_airflow.py took 0.094 seconds
[2024-10-24T21:43:59.078+0000] {processor.py:186} INFO - Started process (PID=16876) to work on /opt/airflow/dags/spark_airflow.py
[2024-10-24T21:43:59.078+0000] {processor.py:914} INFO - Processing file /opt/airflow/dags/spark_airflow.py for tasks to queue
[2024-10-24T21:43:59.079+0000] {logging_mixin.py:190} INFO - [2024-10-24T21:43:59.079+0000] {dagbag.py:588} INFO - Filling up the DagBag from /opt/airflow/dags/spark_airflow.py
[2024-10-24T21:43:59.097+0000] {processor.py:925} INFO - DAG(s) 'sparking_flow' retrieved from /opt/airflow/dags/spark_airflow.py
[2024-10-24T21:43:59.122+0000] {logging_mixin.py:190} INFO - [2024-10-24T21:43:59.122+0000] {dag.py:3239} INFO - Sync 1 DAGs
[2024-10-24T21:43:59.142+0000] {logging_mixin.py:190} INFO - [2024-10-24T21:43:59.142+0000] {dag.py:4180} INFO - Setting next_dagrun for sparking_flow to 2024-10-24 00:00:00+00:00, run_after=2024-10-25 00:00:00+00:00
[2024-10-24T21:43:59.157+0000] {processor.py:208} INFO - Processing /opt/airflow/dags/spark_airflow.py took 0.084 seconds
[2024-10-24T21:44:29.259+0000] {processor.py:186} INFO - Started process (PID=16881) to work on /opt/airflow/dags/spark_airflow.py
[2024-10-24T21:44:29.260+0000] {processor.py:914} INFO - Processing file /opt/airflow/dags/spark_airflow.py for tasks to queue
[2024-10-24T21:44:29.262+0000] {logging_mixin.py:190} INFO - [2024-10-24T21:44:29.261+0000] {dagbag.py:588} INFO - Filling up the DagBag from /opt/airflow/dags/spark_airflow.py
[2024-10-24T21:44:29.279+0000] {processor.py:925} INFO - DAG(s) 'sparking_flow' retrieved from /opt/airflow/dags/spark_airflow.py
[2024-10-24T21:44:29.304+0000] {logging_mixin.py:190} INFO - [2024-10-24T21:44:29.304+0000] {dag.py:3239} INFO - Sync 1 DAGs
[2024-10-24T21:44:29.325+0000] {logging_mixin.py:190} INFO - [2024-10-24T21:44:29.325+0000] {dag.py:4180} INFO - Setting next_dagrun for sparking_flow to 2024-10-24 00:00:00+00:00, run_after=2024-10-25 00:00:00+00:00
[2024-10-24T21:44:29.343+0000] {processor.py:208} INFO - Processing /opt/airflow/dags/spark_airflow.py took 0.089 seconds
[2024-10-24T21:44:59.492+0000] {processor.py:186} INFO - Started process (PID=16886) to work on /opt/airflow/dags/spark_airflow.py
[2024-10-24T21:44:59.493+0000] {processor.py:914} INFO - Processing file /opt/airflow/dags/spark_airflow.py for tasks to queue
[2024-10-24T21:44:59.494+0000] {logging_mixin.py:190} INFO - [2024-10-24T21:44:59.494+0000] {dagbag.py:588} INFO - Filling up the DagBag from /opt/airflow/dags/spark_airflow.py
[2024-10-24T21:44:59.512+0000] {processor.py:925} INFO - DAG(s) 'sparking_flow' retrieved from /opt/airflow/dags/spark_airflow.py
[2024-10-24T21:44:59.538+0000] {logging_mixin.py:190} INFO - [2024-10-24T21:44:59.538+0000] {dag.py:3239} INFO - Sync 1 DAGs
[2024-10-24T21:44:59.561+0000] {logging_mixin.py:190} INFO - [2024-10-24T21:44:59.560+0000] {dag.py:4180} INFO - Setting next_dagrun for sparking_flow to 2024-10-24 00:00:00+00:00, run_after=2024-10-25 00:00:00+00:00
[2024-10-24T21:44:59.578+0000] {processor.py:208} INFO - Processing /opt/airflow/dags/spark_airflow.py took 0.090 seconds
[2024-10-24T21:45:29.684+0000] {processor.py:186} INFO - Started process (PID=16891) to work on /opt/airflow/dags/spark_airflow.py
[2024-10-24T21:45:29.685+0000] {processor.py:914} INFO - Processing file /opt/airflow/dags/spark_airflow.py for tasks to queue
[2024-10-24T21:45:29.687+0000] {logging_mixin.py:190} INFO - [2024-10-24T21:45:29.686+0000] {dagbag.py:588} INFO - Filling up the DagBag from /opt/airflow/dags/spark_airflow.py
[2024-10-24T21:45:29.704+0000] {processor.py:925} INFO - DAG(s) 'sparking_flow' retrieved from /opt/airflow/dags/spark_airflow.py
[2024-10-24T21:45:29.730+0000] {logging_mixin.py:190} INFO - [2024-10-24T21:45:29.729+0000] {dag.py:3239} INFO - Sync 1 DAGs
[2024-10-24T21:45:29.752+0000] {logging_mixin.py:190} INFO - [2024-10-24T21:45:29.751+0000] {dag.py:4180} INFO - Setting next_dagrun for sparking_flow to 2024-10-24 00:00:00+00:00, run_after=2024-10-25 00:00:00+00:00
[2024-10-24T21:45:29.768+0000] {processor.py:208} INFO - Processing /opt/airflow/dags/spark_airflow.py took 0.088 seconds
[2024-10-24T21:45:59.927+0000] {processor.py:186} INFO - Started process (PID=16896) to work on /opt/airflow/dags/spark_airflow.py
[2024-10-24T21:45:59.928+0000] {processor.py:914} INFO - Processing file /opt/airflow/dags/spark_airflow.py for tasks to queue
[2024-10-24T21:45:59.929+0000] {logging_mixin.py:190} INFO - [2024-10-24T21:45:59.929+0000] {dagbag.py:588} INFO - Filling up the DagBag from /opt/airflow/dags/spark_airflow.py
[2024-10-24T21:45:59.947+0000] {processor.py:925} INFO - DAG(s) 'sparking_flow' retrieved from /opt/airflow/dags/spark_airflow.py
[2024-10-24T21:45:59.972+0000] {logging_mixin.py:190} INFO - [2024-10-24T21:45:59.972+0000] {dag.py:3239} INFO - Sync 1 DAGs
[2024-10-24T21:45:59.994+0000] {logging_mixin.py:190} INFO - [2024-10-24T21:45:59.994+0000] {dag.py:4180} INFO - Setting next_dagrun for sparking_flow to 2024-10-24 00:00:00+00:00, run_after=2024-10-25 00:00:00+00:00
[2024-10-24T21:46:00.012+0000] {processor.py:208} INFO - Processing /opt/airflow/dags/spark_airflow.py took 0.089 seconds
[2024-10-24T21:46:30.112+0000] {processor.py:186} INFO - Started process (PID=16901) to work on /opt/airflow/dags/spark_airflow.py
[2024-10-24T21:46:30.113+0000] {processor.py:914} INFO - Processing file /opt/airflow/dags/spark_airflow.py for tasks to queue
[2024-10-24T21:46:30.114+0000] {logging_mixin.py:190} INFO - [2024-10-24T21:46:30.114+0000] {dagbag.py:588} INFO - Filling up the DagBag from /opt/airflow/dags/spark_airflow.py
[2024-10-24T21:46:30.132+0000] {processor.py:925} INFO - DAG(s) 'sparking_flow' retrieved from /opt/airflow/dags/spark_airflow.py
[2024-10-24T21:46:30.158+0000] {logging_mixin.py:190} INFO - [2024-10-24T21:46:30.158+0000] {dag.py:3239} INFO - Sync 1 DAGs
[2024-10-24T21:46:30.181+0000] {logging_mixin.py:190} INFO - [2024-10-24T21:46:30.181+0000] {dag.py:4180} INFO - Setting next_dagrun for sparking_flow to 2024-10-24 00:00:00+00:00, run_after=2024-10-25 00:00:00+00:00
[2024-10-24T21:46:30.199+0000] {processor.py:208} INFO - Processing /opt/airflow/dags/spark_airflow.py took 0.092 seconds
[2024-10-24T21:47:00.387+0000] {processor.py:186} INFO - Started process (PID=16906) to work on /opt/airflow/dags/spark_airflow.py
[2024-10-24T21:47:00.388+0000] {processor.py:914} INFO - Processing file /opt/airflow/dags/spark_airflow.py for tasks to queue
[2024-10-24T21:47:00.389+0000] {logging_mixin.py:190} INFO - [2024-10-24T21:47:00.389+0000] {dagbag.py:588} INFO - Filling up the DagBag from /opt/airflow/dags/spark_airflow.py
[2024-10-24T21:47:00.406+0000] {processor.py:925} INFO - DAG(s) 'sparking_flow' retrieved from /opt/airflow/dags/spark_airflow.py
[2024-10-24T21:47:00.432+0000] {logging_mixin.py:190} INFO - [2024-10-24T21:47:00.432+0000] {dag.py:3239} INFO - Sync 1 DAGs
[2024-10-24T21:47:00.455+0000] {logging_mixin.py:190} INFO - [2024-10-24T21:47:00.454+0000] {dag.py:4180} INFO - Setting next_dagrun for sparking_flow to 2024-10-24 00:00:00+00:00, run_after=2024-10-25 00:00:00+00:00
[2024-10-24T21:47:00.471+0000] {processor.py:208} INFO - Processing /opt/airflow/dags/spark_airflow.py took 0.088 seconds
[2024-10-24T21:47:30.573+0000] {processor.py:186} INFO - Started process (PID=16911) to work on /opt/airflow/dags/spark_airflow.py
[2024-10-24T21:47:30.574+0000] {processor.py:914} INFO - Processing file /opt/airflow/dags/spark_airflow.py for tasks to queue
[2024-10-24T21:47:30.575+0000] {logging_mixin.py:190} INFO - [2024-10-24T21:47:30.575+0000] {dagbag.py:588} INFO - Filling up the DagBag from /opt/airflow/dags/spark_airflow.py
[2024-10-24T21:47:30.595+0000] {processor.py:925} INFO - DAG(s) 'sparking_flow' retrieved from /opt/airflow/dags/spark_airflow.py
[2024-10-24T21:47:30.619+0000] {logging_mixin.py:190} INFO - [2024-10-24T21:47:30.619+0000] {dag.py:3239} INFO - Sync 1 DAGs
[2024-10-24T21:47:30.641+0000] {logging_mixin.py:190} INFO - [2024-10-24T21:47:30.640+0000] {dag.py:4180} INFO - Setting next_dagrun for sparking_flow to 2024-10-24 00:00:00+00:00, run_after=2024-10-25 00:00:00+00:00
[2024-10-24T21:47:30.661+0000] {processor.py:208} INFO - Processing /opt/airflow/dags/spark_airflow.py took 0.095 seconds
[2024-10-24T21:48:00.824+0000] {processor.py:186} INFO - Started process (PID=16916) to work on /opt/airflow/dags/spark_airflow.py
[2024-10-24T21:48:00.825+0000] {processor.py:914} INFO - Processing file /opt/airflow/dags/spark_airflow.py for tasks to queue
[2024-10-24T21:48:00.826+0000] {logging_mixin.py:190} INFO - [2024-10-24T21:48:00.826+0000] {dagbag.py:588} INFO - Filling up the DagBag from /opt/airflow/dags/spark_airflow.py
[2024-10-24T21:48:00.846+0000] {processor.py:925} INFO - DAG(s) 'sparking_flow' retrieved from /opt/airflow/dags/spark_airflow.py
[2024-10-24T21:48:00.872+0000] {logging_mixin.py:190} INFO - [2024-10-24T21:48:00.872+0000] {dag.py:3239} INFO - Sync 1 DAGs
[2024-10-24T21:48:00.895+0000] {logging_mixin.py:190} INFO - [2024-10-24T21:48:00.895+0000] {dag.py:4180} INFO - Setting next_dagrun for sparking_flow to 2024-10-24 00:00:00+00:00, run_after=2024-10-25 00:00:00+00:00
[2024-10-24T21:48:00.912+0000] {processor.py:208} INFO - Processing /opt/airflow/dags/spark_airflow.py took 0.094 seconds
[2024-10-24T21:48:31.010+0000] {processor.py:186} INFO - Started process (PID=16921) to work on /opt/airflow/dags/spark_airflow.py
[2024-10-24T21:48:31.011+0000] {processor.py:914} INFO - Processing file /opt/airflow/dags/spark_airflow.py for tasks to queue
[2024-10-24T21:48:31.012+0000] {logging_mixin.py:190} INFO - [2024-10-24T21:48:31.012+0000] {dagbag.py:588} INFO - Filling up the DagBag from /opt/airflow/dags/spark_airflow.py
[2024-10-24T21:48:31.032+0000] {processor.py:925} INFO - DAG(s) 'sparking_flow' retrieved from /opt/airflow/dags/spark_airflow.py
[2024-10-24T21:48:31.058+0000] {logging_mixin.py:190} INFO - [2024-10-24T21:48:31.058+0000] {dag.py:3239} INFO - Sync 1 DAGs
[2024-10-24T21:48:31.081+0000] {logging_mixin.py:190} INFO - [2024-10-24T21:48:31.080+0000] {dag.py:4180} INFO - Setting next_dagrun for sparking_flow to 2024-10-24 00:00:00+00:00, run_after=2024-10-25 00:00:00+00:00
[2024-10-24T21:48:31.099+0000] {processor.py:208} INFO - Processing /opt/airflow/dags/spark_airflow.py took 0.095 seconds
[2024-10-24T21:49:01.257+0000] {processor.py:186} INFO - Started process (PID=16926) to work on /opt/airflow/dags/spark_airflow.py
[2024-10-24T21:49:01.258+0000] {processor.py:914} INFO - Processing file /opt/airflow/dags/spark_airflow.py for tasks to queue
[2024-10-24T21:49:01.259+0000] {logging_mixin.py:190} INFO - [2024-10-24T21:49:01.259+0000] {dagbag.py:588} INFO - Filling up the DagBag from /opt/airflow/dags/spark_airflow.py
[2024-10-24T21:49:01.279+0000] {processor.py:925} INFO - DAG(s) 'sparking_flow' retrieved from /opt/airflow/dags/spark_airflow.py
[2024-10-24T21:49:01.306+0000] {logging_mixin.py:190} INFO - [2024-10-24T21:49:01.305+0000] {dag.py:3239} INFO - Sync 1 DAGs
[2024-10-24T21:49:01.329+0000] {logging_mixin.py:190} INFO - [2024-10-24T21:49:01.328+0000] {dag.py:4180} INFO - Setting next_dagrun for sparking_flow to 2024-10-24 00:00:00+00:00, run_after=2024-10-25 00:00:00+00:00
[2024-10-24T21:49:01.347+0000] {processor.py:208} INFO - Processing /opt/airflow/dags/spark_airflow.py took 0.096 seconds
[2024-10-24T21:49:31.452+0000] {processor.py:186} INFO - Started process (PID=16931) to work on /opt/airflow/dags/spark_airflow.py
[2024-10-24T21:49:31.453+0000] {processor.py:914} INFO - Processing file /opt/airflow/dags/spark_airflow.py for tasks to queue
[2024-10-24T21:49:31.454+0000] {logging_mixin.py:190} INFO - [2024-10-24T21:49:31.454+0000] {dagbag.py:588} INFO - Filling up the DagBag from /opt/airflow/dags/spark_airflow.py
[2024-10-24T21:49:31.478+0000] {processor.py:925} INFO - DAG(s) 'sparking_flow' retrieved from /opt/airflow/dags/spark_airflow.py
[2024-10-24T21:49:31.503+0000] {logging_mixin.py:190} INFO - [2024-10-24T21:49:31.503+0000] {dag.py:3239} INFO - Sync 1 DAGs
[2024-10-24T21:49:31.525+0000] {logging_mixin.py:190} INFO - [2024-10-24T21:49:31.525+0000] {dag.py:4180} INFO - Setting next_dagrun for sparking_flow to 2024-10-24 00:00:00+00:00, run_after=2024-10-25 00:00:00+00:00
[2024-10-24T21:49:31.543+0000] {processor.py:208} INFO - Processing /opt/airflow/dags/spark_airflow.py took 0.098 seconds
[2024-10-24T21:50:01.698+0000] {processor.py:186} INFO - Started process (PID=16936) to work on /opt/airflow/dags/spark_airflow.py
[2024-10-24T21:50:01.699+0000] {processor.py:914} INFO - Processing file /opt/airflow/dags/spark_airflow.py for tasks to queue
[2024-10-24T21:50:01.700+0000] {logging_mixin.py:190} INFO - [2024-10-24T21:50:01.700+0000] {dagbag.py:588} INFO - Filling up the DagBag from /opt/airflow/dags/spark_airflow.py
[2024-10-24T21:50:01.718+0000] {processor.py:925} INFO - DAG(s) 'sparking_flow' retrieved from /opt/airflow/dags/spark_airflow.py
[2024-10-24T21:50:01.741+0000] {logging_mixin.py:190} INFO - [2024-10-24T21:50:01.741+0000] {dag.py:3239} INFO - Sync 1 DAGs
[2024-10-24T21:50:01.762+0000] {logging_mixin.py:190} INFO - [2024-10-24T21:50:01.762+0000] {dag.py:4180} INFO - Setting next_dagrun for sparking_flow to 2024-10-24 00:00:00+00:00, run_after=2024-10-25 00:00:00+00:00
[2024-10-24T21:50:01.777+0000] {processor.py:208} INFO - Processing /opt/airflow/dags/spark_airflow.py took 0.083 seconds
[2024-10-24T21:50:31.888+0000] {processor.py:186} INFO - Started process (PID=16941) to work on /opt/airflow/dags/spark_airflow.py
[2024-10-24T21:50:31.889+0000] {processor.py:914} INFO - Processing file /opt/airflow/dags/spark_airflow.py for tasks to queue
[2024-10-24T21:50:31.891+0000] {logging_mixin.py:190} INFO - [2024-10-24T21:50:31.890+0000] {dagbag.py:588} INFO - Filling up the DagBag from /opt/airflow/dags/spark_airflow.py
[2024-10-24T21:50:31.910+0000] {processor.py:925} INFO - DAG(s) 'sparking_flow' retrieved from /opt/airflow/dags/spark_airflow.py
[2024-10-24T21:50:31.939+0000] {logging_mixin.py:190} INFO - [2024-10-24T21:50:31.938+0000] {dag.py:3239} INFO - Sync 1 DAGs
[2024-10-24T21:50:31.963+0000] {logging_mixin.py:190} INFO - [2024-10-24T21:50:31.963+0000] {dag.py:4180} INFO - Setting next_dagrun for sparking_flow to 2024-10-24 00:00:00+00:00, run_after=2024-10-25 00:00:00+00:00
[2024-10-24T21:50:31.984+0000] {processor.py:208} INFO - Processing /opt/airflow/dags/spark_airflow.py took 0.102 seconds
[2024-10-24T21:51:02.134+0000] {processor.py:186} INFO - Started process (PID=16946) to work on /opt/airflow/dags/spark_airflow.py
[2024-10-24T21:51:02.135+0000] {processor.py:914} INFO - Processing file /opt/airflow/dags/spark_airflow.py for tasks to queue
[2024-10-24T21:51:02.136+0000] {logging_mixin.py:190} INFO - [2024-10-24T21:51:02.136+0000] {dagbag.py:588} INFO - Filling up the DagBag from /opt/airflow/dags/spark_airflow.py
[2024-10-24T21:51:02.155+0000] {processor.py:925} INFO - DAG(s) 'sparking_flow' retrieved from /opt/airflow/dags/spark_airflow.py
[2024-10-24T21:51:02.181+0000] {logging_mixin.py:190} INFO - [2024-10-24T21:51:02.181+0000] {dag.py:3239} INFO - Sync 1 DAGs
[2024-10-24T21:51:02.204+0000] {logging_mixin.py:190} INFO - [2024-10-24T21:51:02.204+0000] {dag.py:4180} INFO - Setting next_dagrun for sparking_flow to 2024-10-24 00:00:00+00:00, run_after=2024-10-25 00:00:00+00:00
[2024-10-24T21:51:02.221+0000] {processor.py:208} INFO - Processing /opt/airflow/dags/spark_airflow.py took 0.092 seconds
[2024-10-24T21:51:32.332+0000] {processor.py:186} INFO - Started process (PID=16951) to work on /opt/airflow/dags/spark_airflow.py
[2024-10-24T21:51:32.334+0000] {processor.py:914} INFO - Processing file /opt/airflow/dags/spark_airflow.py for tasks to queue
[2024-10-24T21:51:32.335+0000] {logging_mixin.py:190} INFO - [2024-10-24T21:51:32.335+0000] {dagbag.py:588} INFO - Filling up the DagBag from /opt/airflow/dags/spark_airflow.py
[2024-10-24T21:51:32.355+0000] {processor.py:925} INFO - DAG(s) 'sparking_flow' retrieved from /opt/airflow/dags/spark_airflow.py
[2024-10-24T21:51:32.383+0000] {logging_mixin.py:190} INFO - [2024-10-24T21:51:32.383+0000] {dag.py:3239} INFO - Sync 1 DAGs
[2024-10-24T21:51:32.406+0000] {logging_mixin.py:190} INFO - [2024-10-24T21:51:32.406+0000] {dag.py:4180} INFO - Setting next_dagrun for sparking_flow to 2024-10-24 00:00:00+00:00, run_after=2024-10-25 00:00:00+00:00
[2024-10-24T21:51:32.424+0000] {processor.py:208} INFO - Processing /opt/airflow/dags/spark_airflow.py took 0.098 seconds
[2024-10-24T21:52:02.597+0000] {processor.py:186} INFO - Started process (PID=16956) to work on /opt/airflow/dags/spark_airflow.py
[2024-10-24T21:52:02.598+0000] {processor.py:914} INFO - Processing file /opt/airflow/dags/spark_airflow.py for tasks to queue
[2024-10-24T21:52:02.599+0000] {logging_mixin.py:190} INFO - [2024-10-24T21:52:02.599+0000] {dagbag.py:588} INFO - Filling up the DagBag from /opt/airflow/dags/spark_airflow.py
[2024-10-24T21:52:02.618+0000] {processor.py:925} INFO - DAG(s) 'sparking_flow' retrieved from /opt/airflow/dags/spark_airflow.py
[2024-10-24T21:52:02.647+0000] {logging_mixin.py:190} INFO - [2024-10-24T21:52:02.646+0000] {dag.py:3239} INFO - Sync 1 DAGs
[2024-10-24T21:52:02.675+0000] {logging_mixin.py:190} INFO - [2024-10-24T21:52:02.675+0000] {dag.py:4180} INFO - Setting next_dagrun for sparking_flow to 2024-10-24 00:00:00+00:00, run_after=2024-10-25 00:00:00+00:00
[2024-10-24T21:52:02.694+0000] {processor.py:208} INFO - Processing /opt/airflow/dags/spark_airflow.py took 0.107 seconds
[2024-10-24T21:52:32.784+0000] {processor.py:186} INFO - Started process (PID=16961) to work on /opt/airflow/dags/spark_airflow.py
[2024-10-24T21:52:32.785+0000] {processor.py:914} INFO - Processing file /opt/airflow/dags/spark_airflow.py for tasks to queue
[2024-10-24T21:52:32.786+0000] {logging_mixin.py:190} INFO - [2024-10-24T21:52:32.786+0000] {dagbag.py:588} INFO - Filling up the DagBag from /opt/airflow/dags/spark_airflow.py
[2024-10-24T21:52:32.808+0000] {processor.py:925} INFO - DAG(s) 'sparking_flow' retrieved from /opt/airflow/dags/spark_airflow.py
[2024-10-24T21:52:32.837+0000] {logging_mixin.py:190} INFO - [2024-10-24T21:52:32.837+0000] {dag.py:3239} INFO - Sync 1 DAGs
[2024-10-24T21:52:32.862+0000] {logging_mixin.py:190} INFO - [2024-10-24T21:52:32.862+0000] {dag.py:4180} INFO - Setting next_dagrun for sparking_flow to 2024-10-24 00:00:00+00:00, run_after=2024-10-25 00:00:00+00:00
[2024-10-24T21:52:32.881+0000] {processor.py:208} INFO - Processing /opt/airflow/dags/spark_airflow.py took 0.104 seconds
[2024-10-24T21:53:03.048+0000] {processor.py:186} INFO - Started process (PID=16966) to work on /opt/airflow/dags/spark_airflow.py
[2024-10-24T21:53:03.049+0000] {processor.py:914} INFO - Processing file /opt/airflow/dags/spark_airflow.py for tasks to queue
[2024-10-24T21:53:03.051+0000] {logging_mixin.py:190} INFO - [2024-10-24T21:53:03.051+0000] {dagbag.py:588} INFO - Filling up the DagBag from /opt/airflow/dags/spark_airflow.py
[2024-10-24T21:53:03.073+0000] {processor.py:925} INFO - DAG(s) 'sparking_flow' retrieved from /opt/airflow/dags/spark_airflow.py
[2024-10-24T21:53:03.104+0000] {logging_mixin.py:190} INFO - [2024-10-24T21:53:03.103+0000] {dag.py:3239} INFO - Sync 1 DAGs
[2024-10-24T21:53:03.129+0000] {logging_mixin.py:190} INFO - [2024-10-24T21:53:03.129+0000] {dag.py:4180} INFO - Setting next_dagrun for sparking_flow to 2024-10-24 00:00:00+00:00, run_after=2024-10-25 00:00:00+00:00
[2024-10-24T21:53:03.148+0000] {processor.py:208} INFO - Processing /opt/airflow/dags/spark_airflow.py took 0.105 seconds
[2024-10-24T21:53:33.235+0000] {processor.py:186} INFO - Started process (PID=16971) to work on /opt/airflow/dags/spark_airflow.py
[2024-10-24T21:53:33.236+0000] {processor.py:914} INFO - Processing file /opt/airflow/dags/spark_airflow.py for tasks to queue
[2024-10-24T21:53:33.237+0000] {logging_mixin.py:190} INFO - [2024-10-24T21:53:33.237+0000] {dagbag.py:588} INFO - Filling up the DagBag from /opt/airflow/dags/spark_airflow.py
[2024-10-24T21:53:33.256+0000] {processor.py:925} INFO - DAG(s) 'sparking_flow' retrieved from /opt/airflow/dags/spark_airflow.py
[2024-10-24T21:53:33.283+0000] {logging_mixin.py:190} INFO - [2024-10-24T21:53:33.283+0000] {dag.py:3239} INFO - Sync 1 DAGs
[2024-10-24T21:53:33.307+0000] {logging_mixin.py:190} INFO - [2024-10-24T21:53:33.306+0000] {dag.py:4180} INFO - Setting next_dagrun for sparking_flow to 2024-10-24 00:00:00+00:00, run_after=2024-10-25 00:00:00+00:00
[2024-10-24T21:53:33.325+0000] {processor.py:208} INFO - Processing /opt/airflow/dags/spark_airflow.py took 0.094 seconds
[2024-10-24T21:54:03.504+0000] {processor.py:186} INFO - Started process (PID=16976) to work on /opt/airflow/dags/spark_airflow.py
[2024-10-24T21:54:03.505+0000] {processor.py:914} INFO - Processing file /opt/airflow/dags/spark_airflow.py for tasks to queue
[2024-10-24T21:54:03.506+0000] {logging_mixin.py:190} INFO - [2024-10-24T21:54:03.506+0000] {dagbag.py:588} INFO - Filling up the DagBag from /opt/airflow/dags/spark_airflow.py
[2024-10-24T21:54:03.525+0000] {processor.py:925} INFO - DAG(s) 'sparking_flow' retrieved from /opt/airflow/dags/spark_airflow.py
[2024-10-24T21:54:03.549+0000] {logging_mixin.py:190} INFO - [2024-10-24T21:54:03.549+0000] {dag.py:3239} INFO - Sync 1 DAGs
[2024-10-24T21:54:03.570+0000] {logging_mixin.py:190} INFO - [2024-10-24T21:54:03.570+0000] {dag.py:4180} INFO - Setting next_dagrun for sparking_flow to 2024-10-24 00:00:00+00:00, run_after=2024-10-25 00:00:00+00:00
[2024-10-24T21:54:03.588+0000] {processor.py:208} INFO - Processing /opt/airflow/dags/spark_airflow.py took 0.088 seconds
[2024-10-24T21:54:33.696+0000] {processor.py:186} INFO - Started process (PID=16981) to work on /opt/airflow/dags/spark_airflow.py
[2024-10-24T21:54:33.697+0000] {processor.py:914} INFO - Processing file /opt/airflow/dags/spark_airflow.py for tasks to queue
[2024-10-24T21:54:33.698+0000] {logging_mixin.py:190} INFO - [2024-10-24T21:54:33.698+0000] {dagbag.py:588} INFO - Filling up the DagBag from /opt/airflow/dags/spark_airflow.py
[2024-10-24T21:54:33.718+0000] {processor.py:925} INFO - DAG(s) 'sparking_flow' retrieved from /opt/airflow/dags/spark_airflow.py
[2024-10-24T21:54:33.754+0000] {logging_mixin.py:190} INFO - [2024-10-24T21:54:33.754+0000] {dag.py:3239} INFO - Sync 1 DAGs
[2024-10-24T21:54:33.778+0000] {logging_mixin.py:190} INFO - [2024-10-24T21:54:33.778+0000] {dag.py:4180} INFO - Setting next_dagrun for sparking_flow to 2024-10-24 00:00:00+00:00, run_after=2024-10-25 00:00:00+00:00
[2024-10-24T21:54:33.797+0000] {processor.py:208} INFO - Processing /opt/airflow/dags/spark_airflow.py took 0.107 seconds
[2024-10-24T21:55:03.937+0000] {processor.py:186} INFO - Started process (PID=16986) to work on /opt/airflow/dags/spark_airflow.py
[2024-10-24T21:55:03.938+0000] {processor.py:914} INFO - Processing file /opt/airflow/dags/spark_airflow.py for tasks to queue
[2024-10-24T21:55:03.940+0000] {logging_mixin.py:190} INFO - [2024-10-24T21:55:03.939+0000] {dagbag.py:588} INFO - Filling up the DagBag from /opt/airflow/dags/spark_airflow.py
[2024-10-24T21:55:03.960+0000] {processor.py:925} INFO - DAG(s) 'sparking_flow' retrieved from /opt/airflow/dags/spark_airflow.py
[2024-10-24T21:55:03.987+0000] {logging_mixin.py:190} INFO - [2024-10-24T21:55:03.987+0000] {dag.py:3239} INFO - Sync 1 DAGs
[2024-10-24T21:55:04.010+0000] {logging_mixin.py:190} INFO - [2024-10-24T21:55:04.009+0000] {dag.py:4180} INFO - Setting next_dagrun for sparking_flow to 2024-10-24 00:00:00+00:00, run_after=2024-10-25 00:00:00+00:00
[2024-10-24T21:55:04.029+0000] {processor.py:208} INFO - Processing /opt/airflow/dags/spark_airflow.py took 0.098 seconds
[2024-10-24T21:55:34.156+0000] {processor.py:186} INFO - Started process (PID=16991) to work on /opt/airflow/dags/spark_airflow.py
[2024-10-24T21:55:34.157+0000] {processor.py:914} INFO - Processing file /opt/airflow/dags/spark_airflow.py for tasks to queue
[2024-10-24T21:55:34.158+0000] {logging_mixin.py:190} INFO - [2024-10-24T21:55:34.157+0000] {dagbag.py:588} INFO - Filling up the DagBag from /opt/airflow/dags/spark_airflow.py
[2024-10-24T21:55:34.174+0000] {processor.py:925} INFO - DAG(s) 'sparking_flow' retrieved from /opt/airflow/dags/spark_airflow.py
[2024-10-24T21:55:34.202+0000] {logging_mixin.py:190} INFO - [2024-10-24T21:55:34.202+0000] {dag.py:3239} INFO - Sync 1 DAGs
[2024-10-24T21:55:34.229+0000] {logging_mixin.py:190} INFO - [2024-10-24T21:55:34.229+0000] {dag.py:4180} INFO - Setting next_dagrun for sparking_flow to 2024-10-24 00:00:00+00:00, run_after=2024-10-25 00:00:00+00:00
[2024-10-24T21:55:34.253+0000] {processor.py:208} INFO - Processing /opt/airflow/dags/spark_airflow.py took 0.102 seconds
[2024-10-24T21:56:04.396+0000] {processor.py:186} INFO - Started process (PID=16996) to work on /opt/airflow/dags/spark_airflow.py
[2024-10-24T21:56:04.397+0000] {processor.py:914} INFO - Processing file /opt/airflow/dags/spark_airflow.py for tasks to queue
[2024-10-24T21:56:04.399+0000] {logging_mixin.py:190} INFO - [2024-10-24T21:56:04.398+0000] {dagbag.py:588} INFO - Filling up the DagBag from /opt/airflow/dags/spark_airflow.py
[2024-10-24T21:56:04.419+0000] {processor.py:925} INFO - DAG(s) 'sparking_flow' retrieved from /opt/airflow/dags/spark_airflow.py
[2024-10-24T21:56:04.443+0000] {logging_mixin.py:190} INFO - [2024-10-24T21:56:04.443+0000] {dag.py:3239} INFO - Sync 1 DAGs
[2024-10-24T21:56:04.465+0000] {logging_mixin.py:190} INFO - [2024-10-24T21:56:04.465+0000] {dag.py:4180} INFO - Setting next_dagrun for sparking_flow to 2024-10-24 00:00:00+00:00, run_after=2024-10-25 00:00:00+00:00
[2024-10-24T21:56:04.483+0000] {processor.py:208} INFO - Processing /opt/airflow/dags/spark_airflow.py took 0.093 seconds
[2024-10-24T21:56:34.626+0000] {processor.py:186} INFO - Started process (PID=17001) to work on /opt/airflow/dags/spark_airflow.py
[2024-10-24T21:56:34.627+0000] {processor.py:914} INFO - Processing file /opt/airflow/dags/spark_airflow.py for tasks to queue
[2024-10-24T21:56:34.629+0000] {logging_mixin.py:190} INFO - [2024-10-24T21:56:34.629+0000] {dagbag.py:588} INFO - Filling up the DagBag from /opt/airflow/dags/spark_airflow.py
[2024-10-24T21:56:34.655+0000] {processor.py:925} INFO - DAG(s) 'sparking_flow' retrieved from /opt/airflow/dags/spark_airflow.py
[2024-10-24T21:56:34.685+0000] {logging_mixin.py:190} INFO - [2024-10-24T21:56:34.684+0000] {dag.py:3239} INFO - Sync 1 DAGs
[2024-10-24T21:56:34.710+0000] {logging_mixin.py:190} INFO - [2024-10-24T21:56:34.710+0000] {dag.py:4180} INFO - Setting next_dagrun for sparking_flow to 2024-10-24 00:00:00+00:00, run_after=2024-10-25 00:00:00+00:00
[2024-10-24T21:56:34.732+0000] {processor.py:208} INFO - Processing /opt/airflow/dags/spark_airflow.py took 0.116 seconds
[2024-10-24T21:57:04.885+0000] {processor.py:186} INFO - Started process (PID=17006) to work on /opt/airflow/dags/spark_airflow.py
[2024-10-24T21:57:04.886+0000] {processor.py:914} INFO - Processing file /opt/airflow/dags/spark_airflow.py for tasks to queue
[2024-10-24T21:57:04.887+0000] {logging_mixin.py:190} INFO - [2024-10-24T21:57:04.887+0000] {dagbag.py:588} INFO - Filling up the DagBag from /opt/airflow/dags/spark_airflow.py
[2024-10-24T21:57:04.909+0000] {processor.py:925} INFO - DAG(s) 'sparking_flow' retrieved from /opt/airflow/dags/spark_airflow.py
[2024-10-24T21:57:04.937+0000] {logging_mixin.py:190} INFO - [2024-10-24T21:57:04.937+0000] {dag.py:3239} INFO - Sync 1 DAGs
[2024-10-24T21:57:04.960+0000] {logging_mixin.py:190} INFO - [2024-10-24T21:57:04.960+0000] {dag.py:4180} INFO - Setting next_dagrun for sparking_flow to 2024-10-24 00:00:00+00:00, run_after=2024-10-25 00:00:00+00:00
[2024-10-24T21:57:04.979+0000] {processor.py:208} INFO - Processing /opt/airflow/dags/spark_airflow.py took 0.099 seconds
[2024-10-24T21:57:35.145+0000] {processor.py:186} INFO - Started process (PID=17011) to work on /opt/airflow/dags/spark_airflow.py
[2024-10-24T21:57:35.146+0000] {processor.py:914} INFO - Processing file /opt/airflow/dags/spark_airflow.py for tasks to queue
[2024-10-24T21:57:35.148+0000] {logging_mixin.py:190} INFO - [2024-10-24T21:57:35.147+0000] {dagbag.py:588} INFO - Filling up the DagBag from /opt/airflow/dags/spark_airflow.py
[2024-10-24T21:57:35.173+0000] {processor.py:925} INFO - DAG(s) 'sparking_flow' retrieved from /opt/airflow/dags/spark_airflow.py
[2024-10-24T21:57:35.208+0000] {logging_mixin.py:190} INFO - [2024-10-24T21:57:35.208+0000] {dag.py:3239} INFO - Sync 1 DAGs
[2024-10-24T21:57:35.237+0000] {logging_mixin.py:190} INFO - [2024-10-24T21:57:35.237+0000] {dag.py:4180} INFO - Setting next_dagrun for sparking_flow to 2024-10-24 00:00:00+00:00, run_after=2024-10-25 00:00:00+00:00
[2024-10-24T21:57:35.259+0000] {processor.py:208} INFO - Processing /opt/airflow/dags/spark_airflow.py took 0.118 seconds
[2024-10-24T21:58:05.370+0000] {processor.py:186} INFO - Started process (PID=17016) to work on /opt/airflow/dags/spark_airflow.py
[2024-10-24T21:58:05.371+0000] {processor.py:914} INFO - Processing file /opt/airflow/dags/spark_airflow.py for tasks to queue
[2024-10-24T21:58:05.372+0000] {logging_mixin.py:190} INFO - [2024-10-24T21:58:05.372+0000] {dagbag.py:588} INFO - Filling up the DagBag from /opt/airflow/dags/spark_airflow.py
[2024-10-24T21:58:05.401+0000] {processor.py:925} INFO - DAG(s) 'sparking_flow' retrieved from /opt/airflow/dags/spark_airflow.py
[2024-10-24T21:58:05.432+0000] {logging_mixin.py:190} INFO - [2024-10-24T21:58:05.431+0000] {dag.py:3239} INFO - Sync 1 DAGs
[2024-10-24T21:58:05.459+0000] {logging_mixin.py:190} INFO - [2024-10-24T21:58:05.459+0000] {dag.py:4180} INFO - Setting next_dagrun for sparking_flow to 2024-10-24 00:00:00+00:00, run_after=2024-10-25 00:00:00+00:00
[2024-10-24T21:58:05.479+0000] {processor.py:208} INFO - Processing /opt/airflow/dags/spark_airflow.py took 0.117 seconds
[2024-10-24T21:58:35.647+0000] {processor.py:186} INFO - Started process (PID=17021) to work on /opt/airflow/dags/spark_airflow.py
[2024-10-24T21:58:35.648+0000] {processor.py:914} INFO - Processing file /opt/airflow/dags/spark_airflow.py for tasks to queue
[2024-10-24T21:58:35.649+0000] {logging_mixin.py:190} INFO - [2024-10-24T21:58:35.649+0000] {dagbag.py:588} INFO - Filling up the DagBag from /opt/airflow/dags/spark_airflow.py
[2024-10-24T21:58:35.669+0000] {processor.py:925} INFO - DAG(s) 'sparking_flow' retrieved from /opt/airflow/dags/spark_airflow.py
[2024-10-24T21:58:35.698+0000] {logging_mixin.py:190} INFO - [2024-10-24T21:58:35.697+0000] {dag.py:3239} INFO - Sync 1 DAGs
[2024-10-24T21:58:35.722+0000] {logging_mixin.py:190} INFO - [2024-10-24T21:58:35.722+0000] {dag.py:4180} INFO - Setting next_dagrun for sparking_flow to 2024-10-24 00:00:00+00:00, run_after=2024-10-25 00:00:00+00:00
[2024-10-24T21:58:35.740+0000] {processor.py:208} INFO - Processing /opt/airflow/dags/spark_airflow.py took 0.098 seconds
[2024-10-24T21:59:05.851+0000] {processor.py:186} INFO - Started process (PID=17026) to work on /opt/airflow/dags/spark_airflow.py
[2024-10-24T21:59:05.852+0000] {processor.py:914} INFO - Processing file /opt/airflow/dags/spark_airflow.py for tasks to queue
[2024-10-24T21:59:05.854+0000] {logging_mixin.py:190} INFO - [2024-10-24T21:59:05.853+0000] {dagbag.py:588} INFO - Filling up the DagBag from /opt/airflow/dags/spark_airflow.py
[2024-10-24T21:59:05.873+0000] {processor.py:925} INFO - DAG(s) 'sparking_flow' retrieved from /opt/airflow/dags/spark_airflow.py
[2024-10-24T21:59:05.899+0000] {logging_mixin.py:190} INFO - [2024-10-24T21:59:05.898+0000] {dag.py:3239} INFO - Sync 1 DAGs
[2024-10-24T21:59:05.921+0000] {logging_mixin.py:190} INFO - [2024-10-24T21:59:05.921+0000] {dag.py:4180} INFO - Setting next_dagrun for sparking_flow to 2024-10-24 00:00:00+00:00, run_after=2024-10-25 00:00:00+00:00
[2024-10-24T21:59:05.938+0000] {processor.py:208} INFO - Processing /opt/airflow/dags/spark_airflow.py took 0.092 seconds
[2024-10-24T21:59:36.124+0000] {processor.py:186} INFO - Started process (PID=17031) to work on /opt/airflow/dags/spark_airflow.py
[2024-10-24T21:59:36.125+0000] {processor.py:914} INFO - Processing file /opt/airflow/dags/spark_airflow.py for tasks to queue
[2024-10-24T21:59:36.126+0000] {logging_mixin.py:190} INFO - [2024-10-24T21:59:36.126+0000] {dagbag.py:588} INFO - Filling up the DagBag from /opt/airflow/dags/spark_airflow.py
[2024-10-24T21:59:36.145+0000] {processor.py:925} INFO - DAG(s) 'sparking_flow' retrieved from /opt/airflow/dags/spark_airflow.py
[2024-10-24T21:59:36.174+0000] {logging_mixin.py:190} INFO - [2024-10-24T21:59:36.174+0000] {dag.py:3239} INFO - Sync 1 DAGs
[2024-10-24T21:59:36.199+0000] {logging_mixin.py:190} INFO - [2024-10-24T21:59:36.199+0000] {dag.py:4180} INFO - Setting next_dagrun for sparking_flow to 2024-10-24 00:00:00+00:00, run_after=2024-10-25 00:00:00+00:00
[2024-10-24T21:59:36.219+0000] {processor.py:208} INFO - Processing /opt/airflow/dags/spark_airflow.py took 0.099 seconds
[2024-10-24T22:00:06.316+0000] {processor.py:186} INFO - Started process (PID=17036) to work on /opt/airflow/dags/spark_airflow.py
[2024-10-24T22:00:06.317+0000] {processor.py:914} INFO - Processing file /opt/airflow/dags/spark_airflow.py for tasks to queue
[2024-10-24T22:00:06.319+0000] {logging_mixin.py:190} INFO - [2024-10-24T22:00:06.319+0000] {dagbag.py:588} INFO - Filling up the DagBag from /opt/airflow/dags/spark_airflow.py
[2024-10-24T22:00:06.339+0000] {processor.py:925} INFO - DAG(s) 'sparking_flow' retrieved from /opt/airflow/dags/spark_airflow.py
[2024-10-24T22:00:06.368+0000] {logging_mixin.py:190} INFO - [2024-10-24T22:00:06.368+0000] {dag.py:3239} INFO - Sync 1 DAGs
[2024-10-24T22:00:06.393+0000] {logging_mixin.py:190} INFO - [2024-10-24T22:00:06.392+0000] {dag.py:4180} INFO - Setting next_dagrun for sparking_flow to 2024-10-24 00:00:00+00:00, run_after=2024-10-25 00:00:00+00:00
[2024-10-24T22:00:06.413+0000] {processor.py:208} INFO - Processing /opt/airflow/dags/spark_airflow.py took 0.102 seconds
[2024-10-24T22:00:36.602+0000] {processor.py:186} INFO - Started process (PID=17041) to work on /opt/airflow/dags/spark_airflow.py
[2024-10-24T22:00:36.603+0000] {processor.py:914} INFO - Processing file /opt/airflow/dags/spark_airflow.py for tasks to queue
[2024-10-24T22:00:36.604+0000] {logging_mixin.py:190} INFO - [2024-10-24T22:00:36.604+0000] {dagbag.py:588} INFO - Filling up the DagBag from /opt/airflow/dags/spark_airflow.py
[2024-10-24T22:00:36.624+0000] {processor.py:925} INFO - DAG(s) 'sparking_flow' retrieved from /opt/airflow/dags/spark_airflow.py
[2024-10-24T22:00:36.654+0000] {logging_mixin.py:190} INFO - [2024-10-24T22:00:36.653+0000] {dag.py:3239} INFO - Sync 1 DAGs
[2024-10-24T22:00:36.679+0000] {logging_mixin.py:190} INFO - [2024-10-24T22:00:36.679+0000] {dag.py:4180} INFO - Setting next_dagrun for sparking_flow to 2024-10-24 00:00:00+00:00, run_after=2024-10-25 00:00:00+00:00
[2024-10-24T22:00:36.698+0000] {processor.py:208} INFO - Processing /opt/airflow/dags/spark_airflow.py took 0.101 seconds
[2024-10-24T22:01:06.805+0000] {processor.py:186} INFO - Started process (PID=17046) to work on /opt/airflow/dags/spark_airflow.py
[2024-10-24T22:01:06.806+0000] {processor.py:914} INFO - Processing file /opt/airflow/dags/spark_airflow.py for tasks to queue
[2024-10-24T22:01:06.807+0000] {logging_mixin.py:190} INFO - [2024-10-24T22:01:06.807+0000] {dagbag.py:588} INFO - Filling up the DagBag from /opt/airflow/dags/spark_airflow.py
[2024-10-24T22:01:06.830+0000] {processor.py:925} INFO - DAG(s) 'sparking_flow' retrieved from /opt/airflow/dags/spark_airflow.py
[2024-10-24T22:01:06.859+0000] {logging_mixin.py:190} INFO - [2024-10-24T22:01:06.859+0000] {dag.py:3239} INFO - Sync 1 DAGs
[2024-10-24T22:01:06.883+0000] {logging_mixin.py:190} INFO - [2024-10-24T22:01:06.882+0000] {dag.py:4180} INFO - Setting next_dagrun for sparking_flow to 2024-10-24 00:00:00+00:00, run_after=2024-10-25 00:00:00+00:00
[2024-10-24T22:01:06.902+0000] {processor.py:208} INFO - Processing /opt/airflow/dags/spark_airflow.py took 0.104 seconds
[2024-10-24T22:01:37.080+0000] {processor.py:186} INFO - Started process (PID=17051) to work on /opt/airflow/dags/spark_airflow.py
[2024-10-24T22:01:37.081+0000] {processor.py:914} INFO - Processing file /opt/airflow/dags/spark_airflow.py for tasks to queue
[2024-10-24T22:01:37.082+0000] {logging_mixin.py:190} INFO - [2024-10-24T22:01:37.082+0000] {dagbag.py:588} INFO - Filling up the DagBag from /opt/airflow/dags/spark_airflow.py
[2024-10-24T22:01:37.102+0000] {processor.py:925} INFO - DAG(s) 'sparking_flow' retrieved from /opt/airflow/dags/spark_airflow.py
[2024-10-24T22:01:37.129+0000] {logging_mixin.py:190} INFO - [2024-10-24T22:01:37.129+0000] {dag.py:3239} INFO - Sync 1 DAGs
[2024-10-24T22:01:37.150+0000] {logging_mixin.py:190} INFO - [2024-10-24T22:01:37.150+0000] {dag.py:4180} INFO - Setting next_dagrun for sparking_flow to 2024-10-24 00:00:00+00:00, run_after=2024-10-25 00:00:00+00:00
[2024-10-24T22:01:37.170+0000] {processor.py:208} INFO - Processing /opt/airflow/dags/spark_airflow.py took 0.095 seconds
[2024-10-24T22:02:07.318+0000] {processor.py:186} INFO - Started process (PID=17056) to work on /opt/airflow/dags/spark_airflow.py
[2024-10-24T22:02:07.321+0000] {processor.py:914} INFO - Processing file /opt/airflow/dags/spark_airflow.py for tasks to queue
[2024-10-24T22:02:07.323+0000] {logging_mixin.py:190} INFO - [2024-10-24T22:02:07.322+0000] {dagbag.py:588} INFO - Filling up the DagBag from /opt/airflow/dags/spark_airflow.py
[2024-10-24T22:02:07.346+0000] {processor.py:925} INFO - DAG(s) 'sparking_flow' retrieved from /opt/airflow/dags/spark_airflow.py
[2024-10-24T22:02:07.374+0000] {logging_mixin.py:190} INFO - [2024-10-24T22:02:07.374+0000] {dag.py:3239} INFO - Sync 1 DAGs
[2024-10-24T22:02:07.403+0000] {logging_mixin.py:190} INFO - [2024-10-24T22:02:07.403+0000] {dag.py:4180} INFO - Setting next_dagrun for sparking_flow to 2024-10-24 00:00:00+00:00, run_after=2024-10-25 00:00:00+00:00
[2024-10-24T22:02:07.423+0000] {processor.py:208} INFO - Processing /opt/airflow/dags/spark_airflow.py took 0.114 seconds
[2024-10-24T22:02:37.547+0000] {processor.py:186} INFO - Started process (PID=17061) to work on /opt/airflow/dags/spark_airflow.py
[2024-10-24T22:02:37.548+0000] {processor.py:914} INFO - Processing file /opt/airflow/dags/spark_airflow.py for tasks to queue
[2024-10-24T22:02:37.549+0000] {logging_mixin.py:190} INFO - [2024-10-24T22:02:37.549+0000] {dagbag.py:588} INFO - Filling up the DagBag from /opt/airflow/dags/spark_airflow.py
[2024-10-24T22:02:37.570+0000] {processor.py:925} INFO - DAG(s) 'sparking_flow' retrieved from /opt/airflow/dags/spark_airflow.py
[2024-10-24T22:02:37.597+0000] {logging_mixin.py:190} INFO - [2024-10-24T22:02:37.597+0000] {dag.py:3239} INFO - Sync 1 DAGs
[2024-10-24T22:02:37.620+0000] {logging_mixin.py:190} INFO - [2024-10-24T22:02:37.620+0000] {dag.py:4180} INFO - Setting next_dagrun for sparking_flow to 2024-10-24 00:00:00+00:00, run_after=2024-10-25 00:00:00+00:00
[2024-10-24T22:02:37.644+0000] {processor.py:208} INFO - Processing /opt/airflow/dags/spark_airflow.py took 0.104 seconds
[2024-10-24T22:03:07.811+0000] {processor.py:186} INFO - Started process (PID=17066) to work on /opt/airflow/dags/spark_airflow.py
[2024-10-24T22:03:07.812+0000] {processor.py:914} INFO - Processing file /opt/airflow/dags/spark_airflow.py for tasks to queue
[2024-10-24T22:03:07.813+0000] {logging_mixin.py:190} INFO - [2024-10-24T22:03:07.813+0000] {dagbag.py:588} INFO - Filling up the DagBag from /opt/airflow/dags/spark_airflow.py
[2024-10-24T22:03:07.834+0000] {processor.py:925} INFO - DAG(s) 'sparking_flow' retrieved from /opt/airflow/dags/spark_airflow.py
[2024-10-24T22:03:07.864+0000] {logging_mixin.py:190} INFO - [2024-10-24T22:03:07.864+0000] {dag.py:3239} INFO - Sync 1 DAGs
[2024-10-24T22:03:07.891+0000] {logging_mixin.py:190} INFO - [2024-10-24T22:03:07.891+0000] {dag.py:4180} INFO - Setting next_dagrun for sparking_flow to 2024-10-24 00:00:00+00:00, run_after=2024-10-25 00:00:00+00:00
[2024-10-24T22:03:07.921+0000] {processor.py:208} INFO - Processing /opt/airflow/dags/spark_airflow.py took 0.118 seconds
[2024-10-24T22:03:38.027+0000] {processor.py:186} INFO - Started process (PID=17071) to work on /opt/airflow/dags/spark_airflow.py
[2024-10-24T22:03:38.028+0000] {processor.py:914} INFO - Processing file /opt/airflow/dags/spark_airflow.py for tasks to queue
[2024-10-24T22:03:38.030+0000] {logging_mixin.py:190} INFO - [2024-10-24T22:03:38.030+0000] {dagbag.py:588} INFO - Filling up the DagBag from /opt/airflow/dags/spark_airflow.py
[2024-10-24T22:03:38.055+0000] {processor.py:925} INFO - DAG(s) 'sparking_flow' retrieved from /opt/airflow/dags/spark_airflow.py
[2024-10-24T22:03:38.092+0000] {logging_mixin.py:190} INFO - [2024-10-24T22:03:38.092+0000] {dag.py:3239} INFO - Sync 1 DAGs
[2024-10-24T22:03:38.121+0000] {logging_mixin.py:190} INFO - [2024-10-24T22:03:38.121+0000] {dag.py:4180} INFO - Setting next_dagrun for sparking_flow to 2024-10-24 00:00:00+00:00, run_after=2024-10-25 00:00:00+00:00
[2024-10-24T22:03:38.152+0000] {processor.py:208} INFO - Processing /opt/airflow/dags/spark_airflow.py took 0.132 seconds
[2024-10-24T22:04:08.305+0000] {processor.py:186} INFO - Started process (PID=17076) to work on /opt/airflow/dags/spark_airflow.py
[2024-10-24T22:04:08.306+0000] {processor.py:914} INFO - Processing file /opt/airflow/dags/spark_airflow.py for tasks to queue
[2024-10-24T22:04:08.308+0000] {logging_mixin.py:190} INFO - [2024-10-24T22:04:08.307+0000] {dagbag.py:588} INFO - Filling up the DagBag from /opt/airflow/dags/spark_airflow.py
[2024-10-24T22:04:08.330+0000] {processor.py:925} INFO - DAG(s) 'sparking_flow' retrieved from /opt/airflow/dags/spark_airflow.py
[2024-10-24T22:04:08.356+0000] {logging_mixin.py:190} INFO - [2024-10-24T22:04:08.356+0000] {dag.py:3239} INFO - Sync 1 DAGs
[2024-10-24T22:04:08.385+0000] {logging_mixin.py:190} INFO - [2024-10-24T22:04:08.385+0000] {dag.py:4180} INFO - Setting next_dagrun for sparking_flow to 2024-10-24 00:00:00+00:00, run_after=2024-10-25 00:00:00+00:00
[2024-10-24T22:04:08.403+0000] {processor.py:208} INFO - Processing /opt/airflow/dags/spark_airflow.py took 0.105 seconds
[2024-10-24T22:04:38.542+0000] {processor.py:186} INFO - Started process (PID=17081) to work on /opt/airflow/dags/spark_airflow.py
[2024-10-24T22:04:38.542+0000] {processor.py:914} INFO - Processing file /opt/airflow/dags/spark_airflow.py for tasks to queue
[2024-10-24T22:04:38.544+0000] {logging_mixin.py:190} INFO - [2024-10-24T22:04:38.544+0000] {dagbag.py:588} INFO - Filling up the DagBag from /opt/airflow/dags/spark_airflow.py
[2024-10-24T22:04:38.564+0000] {processor.py:925} INFO - DAG(s) 'sparking_flow' retrieved from /opt/airflow/dags/spark_airflow.py
[2024-10-24T22:04:38.592+0000] {logging_mixin.py:190} INFO - [2024-10-24T22:04:38.591+0000] {dag.py:3239} INFO - Sync 1 DAGs
[2024-10-24T22:04:38.622+0000] {logging_mixin.py:190} INFO - [2024-10-24T22:04:38.621+0000] {dag.py:4180} INFO - Setting next_dagrun for sparking_flow to 2024-10-24 00:00:00+00:00, run_after=2024-10-25 00:00:00+00:00
[2024-10-24T22:04:38.639+0000] {processor.py:208} INFO - Processing /opt/airflow/dags/spark_airflow.py took 0.102 seconds
[2024-10-24T22:05:08.760+0000] {processor.py:186} INFO - Started process (PID=17086) to work on /opt/airflow/dags/spark_airflow.py
[2024-10-24T22:05:08.761+0000] {processor.py:914} INFO - Processing file /opt/airflow/dags/spark_airflow.py for tasks to queue
[2024-10-24T22:05:08.763+0000] {logging_mixin.py:190} INFO - [2024-10-24T22:05:08.763+0000] {dagbag.py:588} INFO - Filling up the DagBag from /opt/airflow/dags/spark_airflow.py
[2024-10-24T22:05:08.782+0000] {processor.py:925} INFO - DAG(s) 'sparking_flow' retrieved from /opt/airflow/dags/spark_airflow.py
[2024-10-24T22:05:08.807+0000] {logging_mixin.py:190} INFO - [2024-10-24T22:05:08.807+0000] {dag.py:3239} INFO - Sync 1 DAGs
[2024-10-24T22:05:08.832+0000] {logging_mixin.py:190} INFO - [2024-10-24T22:05:08.831+0000] {dag.py:4180} INFO - Setting next_dagrun for sparking_flow to 2024-10-24 00:00:00+00:00, run_after=2024-10-25 00:00:00+00:00
[2024-10-24T22:05:08.849+0000] {processor.py:208} INFO - Processing /opt/airflow/dags/spark_airflow.py took 0.096 seconds
[2024-10-24T22:05:39.029+0000] {processor.py:186} INFO - Started process (PID=17091) to work on /opt/airflow/dags/spark_airflow.py
[2024-10-24T22:05:39.030+0000] {processor.py:914} INFO - Processing file /opt/airflow/dags/spark_airflow.py for tasks to queue
[2024-10-24T22:05:39.032+0000] {logging_mixin.py:190} INFO - [2024-10-24T22:05:39.031+0000] {dagbag.py:588} INFO - Filling up the DagBag from /opt/airflow/dags/spark_airflow.py
[2024-10-24T22:05:39.057+0000] {processor.py:925} INFO - DAG(s) 'sparking_flow' retrieved from /opt/airflow/dags/spark_airflow.py
[2024-10-24T22:05:39.085+0000] {logging_mixin.py:190} INFO - [2024-10-24T22:05:39.084+0000] {dag.py:3239} INFO - Sync 1 DAGs
[2024-10-24T22:05:39.114+0000] {logging_mixin.py:190} INFO - [2024-10-24T22:05:39.113+0000] {dag.py:4180} INFO - Setting next_dagrun for sparking_flow to 2024-10-24 00:00:00+00:00, run_after=2024-10-25 00:00:00+00:00
[2024-10-24T22:05:39.137+0000] {processor.py:208} INFO - Processing /opt/airflow/dags/spark_airflow.py took 0.116 seconds
[2024-10-24T22:06:09.230+0000] {processor.py:186} INFO - Started process (PID=17096) to work on /opt/airflow/dags/spark_airflow.py
[2024-10-24T22:06:09.232+0000] {processor.py:914} INFO - Processing file /opt/airflow/dags/spark_airflow.py for tasks to queue
[2024-10-24T22:06:09.234+0000] {logging_mixin.py:190} INFO - [2024-10-24T22:06:09.233+0000] {dagbag.py:588} INFO - Filling up the DagBag from /opt/airflow/dags/spark_airflow.py
[2024-10-24T22:06:09.258+0000] {processor.py:925} INFO - DAG(s) 'sparking_flow' retrieved from /opt/airflow/dags/spark_airflow.py
[2024-10-24T22:06:09.293+0000] {logging_mixin.py:190} INFO - [2024-10-24T22:06:09.293+0000] {dag.py:3239} INFO - Sync 1 DAGs
[2024-10-24T22:06:09.322+0000] {logging_mixin.py:190} INFO - [2024-10-24T22:06:09.322+0000] {dag.py:4180} INFO - Setting next_dagrun for sparking_flow to 2024-10-24 00:00:00+00:00, run_after=2024-10-25 00:00:00+00:00
[2024-10-24T22:06:09.347+0000] {processor.py:208} INFO - Processing /opt/airflow/dags/spark_airflow.py took 0.123 seconds
[2024-10-24T22:06:39.527+0000] {processor.py:186} INFO - Started process (PID=17101) to work on /opt/airflow/dags/spark_airflow.py
[2024-10-24T22:06:39.529+0000] {processor.py:914} INFO - Processing file /opt/airflow/dags/spark_airflow.py for tasks to queue
[2024-10-24T22:06:39.530+0000] {logging_mixin.py:190} INFO - [2024-10-24T22:06:39.530+0000] {dagbag.py:588} INFO - Filling up the DagBag from /opt/airflow/dags/spark_airflow.py
[2024-10-24T22:06:39.558+0000] {processor.py:925} INFO - DAG(s) 'sparking_flow' retrieved from /opt/airflow/dags/spark_airflow.py
[2024-10-24T22:06:39.587+0000] {logging_mixin.py:190} INFO - [2024-10-24T22:06:39.587+0000] {dag.py:3239} INFO - Sync 1 DAGs
[2024-10-24T22:06:39.621+0000] {logging_mixin.py:190} INFO - [2024-10-24T22:06:39.621+0000] {dag.py:4180} INFO - Setting next_dagrun for sparking_flow to 2024-10-24 00:00:00+00:00, run_after=2024-10-25 00:00:00+00:00
[2024-10-24T22:06:39.653+0000] {processor.py:208} INFO - Processing /opt/airflow/dags/spark_airflow.py took 0.134 seconds
[2024-10-24T22:07:09.739+0000] {processor.py:186} INFO - Started process (PID=17106) to work on /opt/airflow/dags/spark_airflow.py
[2024-10-24T22:07:09.740+0000] {processor.py:914} INFO - Processing file /opt/airflow/dags/spark_airflow.py for tasks to queue
[2024-10-24T22:07:09.741+0000] {logging_mixin.py:190} INFO - [2024-10-24T22:07:09.741+0000] {dagbag.py:588} INFO - Filling up the DagBag from /opt/airflow/dags/spark_airflow.py
[2024-10-24T22:07:09.759+0000] {processor.py:925} INFO - DAG(s) 'sparking_flow' retrieved from /opt/airflow/dags/spark_airflow.py
[2024-10-24T22:07:09.787+0000] {logging_mixin.py:190} INFO - [2024-10-24T22:07:09.787+0000] {dag.py:3239} INFO - Sync 1 DAGs
[2024-10-24T22:07:09.811+0000] {logging_mixin.py:190} INFO - [2024-10-24T22:07:09.810+0000] {dag.py:4180} INFO - Setting next_dagrun for sparking_flow to 2024-10-24 00:00:00+00:00, run_after=2024-10-25 00:00:00+00:00
[2024-10-24T22:07:09.829+0000] {processor.py:208} INFO - Processing /opt/airflow/dags/spark_airflow.py took 0.095 seconds
[2024-10-24T22:07:40.014+0000] {processor.py:186} INFO - Started process (PID=17111) to work on /opt/airflow/dags/spark_airflow.py
[2024-10-24T22:07:40.014+0000] {processor.py:914} INFO - Processing file /opt/airflow/dags/spark_airflow.py for tasks to queue
[2024-10-24T22:07:40.015+0000] {logging_mixin.py:190} INFO - [2024-10-24T22:07:40.015+0000] {dagbag.py:588} INFO - Filling up the DagBag from /opt/airflow/dags/spark_airflow.py
[2024-10-24T22:07:40.035+0000] {processor.py:925} INFO - DAG(s) 'sparking_flow' retrieved from /opt/airflow/dags/spark_airflow.py
[2024-10-24T22:07:40.062+0000] {logging_mixin.py:190} INFO - [2024-10-24T22:07:40.061+0000] {dag.py:3239} INFO - Sync 1 DAGs
[2024-10-24T22:07:40.086+0000] {logging_mixin.py:190} INFO - [2024-10-24T22:07:40.085+0000] {dag.py:4180} INFO - Setting next_dagrun for sparking_flow to 2024-10-24 00:00:00+00:00, run_after=2024-10-25 00:00:00+00:00
[2024-10-24T22:07:40.104+0000] {processor.py:208} INFO - Processing /opt/airflow/dags/spark_airflow.py took 0.095 seconds
[2024-10-24T22:08:10.202+0000] {processor.py:186} INFO - Started process (PID=17116) to work on /opt/airflow/dags/spark_airflow.py
[2024-10-24T22:08:10.203+0000] {processor.py:914} INFO - Processing file /opt/airflow/dags/spark_airflow.py for tasks to queue
[2024-10-24T22:08:10.206+0000] {logging_mixin.py:190} INFO - [2024-10-24T22:08:10.205+0000] {dagbag.py:588} INFO - Filling up the DagBag from /opt/airflow/dags/spark_airflow.py
[2024-10-24T22:08:10.228+0000] {processor.py:925} INFO - DAG(s) 'sparking_flow' retrieved from /opt/airflow/dags/spark_airflow.py
[2024-10-24T22:08:10.258+0000] {logging_mixin.py:190} INFO - [2024-10-24T22:08:10.257+0000] {dag.py:3239} INFO - Sync 1 DAGs
[2024-10-24T22:08:10.280+0000] {logging_mixin.py:190} INFO - [2024-10-24T22:08:10.280+0000] {dag.py:4180} INFO - Setting next_dagrun for sparking_flow to 2024-10-24 00:00:00+00:00, run_after=2024-10-25 00:00:00+00:00
[2024-10-24T22:08:10.297+0000] {processor.py:208} INFO - Processing /opt/airflow/dags/spark_airflow.py took 0.101 seconds
[2024-10-24T22:08:40.457+0000] {processor.py:186} INFO - Started process (PID=17121) to work on /opt/airflow/dags/spark_airflow.py
[2024-10-24T22:08:40.457+0000] {processor.py:914} INFO - Processing file /opt/airflow/dags/spark_airflow.py for tasks to queue
[2024-10-24T22:08:40.459+0000] {logging_mixin.py:190} INFO - [2024-10-24T22:08:40.458+0000] {dagbag.py:588} INFO - Filling up the DagBag from /opt/airflow/dags/spark_airflow.py
[2024-10-24T22:08:40.476+0000] {processor.py:925} INFO - DAG(s) 'sparking_flow' retrieved from /opt/airflow/dags/spark_airflow.py
[2024-10-24T22:08:40.502+0000] {logging_mixin.py:190} INFO - [2024-10-24T22:08:40.502+0000] {dag.py:3239} INFO - Sync 1 DAGs
[2024-10-24T22:08:40.525+0000] {logging_mixin.py:190} INFO - [2024-10-24T22:08:40.524+0000] {dag.py:4180} INFO - Setting next_dagrun for sparking_flow to 2024-10-24 00:00:00+00:00, run_after=2024-10-25 00:00:00+00:00
[2024-10-24T22:08:40.542+0000] {processor.py:208} INFO - Processing /opt/airflow/dags/spark_airflow.py took 0.091 seconds
[2024-10-24T22:09:10.642+0000] {processor.py:186} INFO - Started process (PID=17126) to work on /opt/airflow/dags/spark_airflow.py
[2024-10-24T22:09:10.643+0000] {processor.py:914} INFO - Processing file /opt/airflow/dags/spark_airflow.py for tasks to queue
[2024-10-24T22:09:10.645+0000] {logging_mixin.py:190} INFO - [2024-10-24T22:09:10.644+0000] {dagbag.py:588} INFO - Filling up the DagBag from /opt/airflow/dags/spark_airflow.py
[2024-10-24T22:09:10.666+0000] {processor.py:925} INFO - DAG(s) 'sparking_flow' retrieved from /opt/airflow/dags/spark_airflow.py
[2024-10-24T22:09:10.694+0000] {logging_mixin.py:190} INFO - [2024-10-24T22:09:10.694+0000] {dag.py:3239} INFO - Sync 1 DAGs
[2024-10-24T22:09:10.717+0000] {logging_mixin.py:190} INFO - [2024-10-24T22:09:10.717+0000] {dag.py:4180} INFO - Setting next_dagrun for sparking_flow to 2024-10-24 00:00:00+00:00, run_after=2024-10-25 00:00:00+00:00
[2024-10-24T22:09:10.734+0000] {processor.py:208} INFO - Processing /opt/airflow/dags/spark_airflow.py took 0.100 seconds
[2024-10-24T22:09:40.899+0000] {processor.py:186} INFO - Started process (PID=17131) to work on /opt/airflow/dags/spark_airflow.py
[2024-10-24T22:09:40.900+0000] {processor.py:914} INFO - Processing file /opt/airflow/dags/spark_airflow.py for tasks to queue
[2024-10-24T22:09:40.901+0000] {logging_mixin.py:190} INFO - [2024-10-24T22:09:40.900+0000] {dagbag.py:588} INFO - Filling up the DagBag from /opt/airflow/dags/spark_airflow.py
[2024-10-24T22:09:40.920+0000] {processor.py:925} INFO - DAG(s) 'sparking_flow' retrieved from /opt/airflow/dags/spark_airflow.py
[2024-10-24T22:09:40.945+0000] {logging_mixin.py:190} INFO - [2024-10-24T22:09:40.945+0000] {dag.py:3239} INFO - Sync 1 DAGs
[2024-10-24T22:09:40.970+0000] {logging_mixin.py:190} INFO - [2024-10-24T22:09:40.970+0000] {dag.py:4180} INFO - Setting next_dagrun for sparking_flow to 2024-10-24 00:00:00+00:00, run_after=2024-10-25 00:00:00+00:00
[2024-10-24T22:09:40.990+0000] {processor.py:208} INFO - Processing /opt/airflow/dags/spark_airflow.py took 0.096 seconds
[2024-10-24T22:10:11.090+0000] {processor.py:186} INFO - Started process (PID=17136) to work on /opt/airflow/dags/spark_airflow.py
[2024-10-24T22:10:11.091+0000] {processor.py:914} INFO - Processing file /opt/airflow/dags/spark_airflow.py for tasks to queue
[2024-10-24T22:10:11.092+0000] {logging_mixin.py:190} INFO - [2024-10-24T22:10:11.092+0000] {dagbag.py:588} INFO - Filling up the DagBag from /opt/airflow/dags/spark_airflow.py
[2024-10-24T22:10:11.113+0000] {processor.py:925} INFO - DAG(s) 'sparking_flow' retrieved from /opt/airflow/dags/spark_airflow.py
[2024-10-24T22:10:11.137+0000] {logging_mixin.py:190} INFO - [2024-10-24T22:10:11.136+0000] {dag.py:3239} INFO - Sync 1 DAGs
[2024-10-24T22:10:11.158+0000] {logging_mixin.py:190} INFO - [2024-10-24T22:10:11.158+0000] {dag.py:4180} INFO - Setting next_dagrun for sparking_flow to 2024-10-24 00:00:00+00:00, run_after=2024-10-25 00:00:00+00:00
[2024-10-24T22:10:11.176+0000] {processor.py:208} INFO - Processing /opt/airflow/dags/spark_airflow.py took 0.093 seconds
[2024-10-24T22:10:41.356+0000] {processor.py:186} INFO - Started process (PID=17141) to work on /opt/airflow/dags/spark_airflow.py
[2024-10-24T22:10:41.356+0000] {processor.py:914} INFO - Processing file /opt/airflow/dags/spark_airflow.py for tasks to queue
[2024-10-24T22:10:41.358+0000] {logging_mixin.py:190} INFO - [2024-10-24T22:10:41.357+0000] {dagbag.py:588} INFO - Filling up the DagBag from /opt/airflow/dags/spark_airflow.py
[2024-10-24T22:10:41.375+0000] {processor.py:925} INFO - DAG(s) 'sparking_flow' retrieved from /opt/airflow/dags/spark_airflow.py
[2024-10-24T22:10:41.403+0000] {logging_mixin.py:190} INFO - [2024-10-24T22:10:41.403+0000] {dag.py:3239} INFO - Sync 1 DAGs
[2024-10-24T22:10:41.429+0000] {logging_mixin.py:190} INFO - [2024-10-24T22:10:41.429+0000] {dag.py:4180} INFO - Setting next_dagrun for sparking_flow to 2024-10-24 00:00:00+00:00, run_after=2024-10-25 00:00:00+00:00
[2024-10-24T22:10:41.453+0000] {processor.py:208} INFO - Processing /opt/airflow/dags/spark_airflow.py took 0.102 seconds
[2024-10-24T22:11:11.538+0000] {processor.py:186} INFO - Started process (PID=17146) to work on /opt/airflow/dags/spark_airflow.py
[2024-10-24T22:11:11.539+0000] {processor.py:914} INFO - Processing file /opt/airflow/dags/spark_airflow.py for tasks to queue
[2024-10-24T22:11:11.540+0000] {logging_mixin.py:190} INFO - [2024-10-24T22:11:11.540+0000] {dagbag.py:588} INFO - Filling up the DagBag from /opt/airflow/dags/spark_airflow.py
[2024-10-24T22:11:11.559+0000] {processor.py:925} INFO - DAG(s) 'sparking_flow' retrieved from /opt/airflow/dags/spark_airflow.py
[2024-10-24T22:11:11.585+0000] {logging_mixin.py:190} INFO - [2024-10-24T22:11:11.585+0000] {dag.py:3239} INFO - Sync 1 DAGs
[2024-10-24T22:11:11.609+0000] {logging_mixin.py:190} INFO - [2024-10-24T22:11:11.609+0000] {dag.py:4180} INFO - Setting next_dagrun for sparking_flow to 2024-10-24 00:00:00+00:00, run_after=2024-10-25 00:00:00+00:00
[2024-10-24T22:11:11.632+0000] {processor.py:208} INFO - Processing /opt/airflow/dags/spark_airflow.py took 0.099 seconds
[2024-10-24T22:11:41.810+0000] {processor.py:186} INFO - Started process (PID=17151) to work on /opt/airflow/dags/spark_airflow.py
[2024-10-24T22:11:41.811+0000] {processor.py:914} INFO - Processing file /opt/airflow/dags/spark_airflow.py for tasks to queue
[2024-10-24T22:11:41.812+0000] {logging_mixin.py:190} INFO - [2024-10-24T22:11:41.812+0000] {dagbag.py:588} INFO - Filling up the DagBag from /opt/airflow/dags/spark_airflow.py
[2024-10-24T22:11:41.831+0000] {processor.py:925} INFO - DAG(s) 'sparking_flow' retrieved from /opt/airflow/dags/spark_airflow.py
[2024-10-24T22:11:41.858+0000] {logging_mixin.py:190} INFO - [2024-10-24T22:11:41.858+0000] {dag.py:3239} INFO - Sync 1 DAGs
[2024-10-24T22:11:41.880+0000] {logging_mixin.py:190} INFO - [2024-10-24T22:11:41.880+0000] {dag.py:4180} INFO - Setting next_dagrun for sparking_flow to 2024-10-24 00:00:00+00:00, run_after=2024-10-25 00:00:00+00:00
[2024-10-24T22:11:41.900+0000] {processor.py:208} INFO - Processing /opt/airflow/dags/spark_airflow.py took 0.095 seconds
[2024-10-24T22:12:12.025+0000] {processor.py:186} INFO - Started process (PID=17156) to work on /opt/airflow/dags/spark_airflow.py
[2024-10-24T22:12:12.026+0000] {processor.py:914} INFO - Processing file /opt/airflow/dags/spark_airflow.py for tasks to queue
[2024-10-24T22:12:12.027+0000] {logging_mixin.py:190} INFO - [2024-10-24T22:12:12.027+0000] {dagbag.py:588} INFO - Filling up the DagBag from /opt/airflow/dags/spark_airflow.py
[2024-10-24T22:12:12.049+0000] {processor.py:925} INFO - DAG(s) 'sparking_flow' retrieved from /opt/airflow/dags/spark_airflow.py
[2024-10-24T22:12:12.076+0000] {logging_mixin.py:190} INFO - [2024-10-24T22:12:12.076+0000] {dag.py:3239} INFO - Sync 1 DAGs
[2024-10-24T22:12:12.100+0000] {logging_mixin.py:190} INFO - [2024-10-24T22:12:12.100+0000] {dag.py:4180} INFO - Setting next_dagrun for sparking_flow to 2024-10-24 00:00:00+00:00, run_after=2024-10-25 00:00:00+00:00
[2024-10-24T22:12:12.119+0000] {processor.py:208} INFO - Processing /opt/airflow/dags/spark_airflow.py took 0.101 seconds
[2024-10-24T22:12:42.251+0000] {processor.py:186} INFO - Started process (PID=17161) to work on /opt/airflow/dags/spark_airflow.py
[2024-10-24T22:12:42.253+0000] {processor.py:914} INFO - Processing file /opt/airflow/dags/spark_airflow.py for tasks to queue
[2024-10-24T22:12:42.254+0000] {logging_mixin.py:190} INFO - [2024-10-24T22:12:42.254+0000] {dagbag.py:588} INFO - Filling up the DagBag from /opt/airflow/dags/spark_airflow.py
[2024-10-24T22:12:42.274+0000] {processor.py:925} INFO - DAG(s) 'sparking_flow' retrieved from /opt/airflow/dags/spark_airflow.py
[2024-10-24T22:12:42.300+0000] {logging_mixin.py:190} INFO - [2024-10-24T22:12:42.300+0000] {dag.py:3239} INFO - Sync 1 DAGs
[2024-10-24T22:12:42.324+0000] {logging_mixin.py:190} INFO - [2024-10-24T22:12:42.324+0000] {dag.py:4180} INFO - Setting next_dagrun for sparking_flow to 2024-10-24 00:00:00+00:00, run_after=2024-10-25 00:00:00+00:00
[2024-10-24T22:12:42.346+0000] {processor.py:208} INFO - Processing /opt/airflow/dags/spark_airflow.py took 0.101 seconds
[2024-10-24T22:13:12.471+0000] {processor.py:186} INFO - Started process (PID=17166) to work on /opt/airflow/dags/spark_airflow.py
[2024-10-24T22:13:12.473+0000] {processor.py:914} INFO - Processing file /opt/airflow/dags/spark_airflow.py for tasks to queue
[2024-10-24T22:13:12.474+0000] {logging_mixin.py:190} INFO - [2024-10-24T22:13:12.474+0000] {dagbag.py:588} INFO - Filling up the DagBag from /opt/airflow/dags/spark_airflow.py
[2024-10-24T22:13:12.495+0000] {processor.py:925} INFO - DAG(s) 'sparking_flow' retrieved from /opt/airflow/dags/spark_airflow.py
[2024-10-24T22:13:12.523+0000] {logging_mixin.py:190} INFO - [2024-10-24T22:13:12.523+0000] {dag.py:3239} INFO - Sync 1 DAGs
[2024-10-24T22:13:12.546+0000] {logging_mixin.py:190} INFO - [2024-10-24T22:13:12.545+0000] {dag.py:4180} INFO - Setting next_dagrun for sparking_flow to 2024-10-24 00:00:00+00:00, run_after=2024-10-25 00:00:00+00:00
[2024-10-24T22:13:12.566+0000] {processor.py:208} INFO - Processing /opt/airflow/dags/spark_airflow.py took 0.101 seconds
[2024-10-24T22:13:42.707+0000] {processor.py:186} INFO - Started process (PID=17171) to work on /opt/airflow/dags/spark_airflow.py
[2024-10-24T22:13:42.708+0000] {processor.py:914} INFO - Processing file /opt/airflow/dags/spark_airflow.py for tasks to queue
[2024-10-24T22:13:42.710+0000] {logging_mixin.py:190} INFO - [2024-10-24T22:13:42.710+0000] {dagbag.py:588} INFO - Filling up the DagBag from /opt/airflow/dags/spark_airflow.py
[2024-10-24T22:13:42.733+0000] {processor.py:925} INFO - DAG(s) 'sparking_flow' retrieved from /opt/airflow/dags/spark_airflow.py
[2024-10-24T22:13:42.766+0000] {logging_mixin.py:190} INFO - [2024-10-24T22:13:42.766+0000] {dag.py:3239} INFO - Sync 1 DAGs
[2024-10-24T22:13:42.792+0000] {logging_mixin.py:190} INFO - [2024-10-24T22:13:42.791+0000] {dag.py:4180} INFO - Setting next_dagrun for sparking_flow to 2024-10-24 00:00:00+00:00, run_after=2024-10-25 00:00:00+00:00
[2024-10-24T22:13:42.814+0000] {processor.py:208} INFO - Processing /opt/airflow/dags/spark_airflow.py took 0.114 seconds
[2024-10-24T22:14:12.931+0000] {processor.py:186} INFO - Started process (PID=17176) to work on /opt/airflow/dags/spark_airflow.py
[2024-10-24T22:14:12.932+0000] {processor.py:914} INFO - Processing file /opt/airflow/dags/spark_airflow.py for tasks to queue
[2024-10-24T22:14:12.933+0000] {logging_mixin.py:190} INFO - [2024-10-24T22:14:12.933+0000] {dagbag.py:588} INFO - Filling up the DagBag from /opt/airflow/dags/spark_airflow.py
[2024-10-24T22:14:12.954+0000] {processor.py:925} INFO - DAG(s) 'sparking_flow' retrieved from /opt/airflow/dags/spark_airflow.py
[2024-10-24T22:14:12.984+0000] {logging_mixin.py:190} INFO - [2024-10-24T22:14:12.983+0000] {dag.py:3239} INFO - Sync 1 DAGs
[2024-10-24T22:14:13.010+0000] {logging_mixin.py:190} INFO - [2024-10-24T22:14:13.009+0000] {dag.py:4180} INFO - Setting next_dagrun for sparking_flow to 2024-10-24 00:00:00+00:00, run_after=2024-10-25 00:00:00+00:00
[2024-10-24T22:14:13.029+0000] {processor.py:208} INFO - Processing /opt/airflow/dags/spark_airflow.py took 0.105 seconds
[2024-10-24T22:14:43.183+0000] {processor.py:186} INFO - Started process (PID=17181) to work on /opt/airflow/dags/spark_airflow.py
[2024-10-24T22:14:43.184+0000] {processor.py:914} INFO - Processing file /opt/airflow/dags/spark_airflow.py for tasks to queue
[2024-10-24T22:14:43.185+0000] {logging_mixin.py:190} INFO - [2024-10-24T22:14:43.185+0000] {dagbag.py:588} INFO - Filling up the DagBag from /opt/airflow/dags/spark_airflow.py
[2024-10-24T22:14:43.203+0000] {processor.py:925} INFO - DAG(s) 'sparking_flow' retrieved from /opt/airflow/dags/spark_airflow.py
[2024-10-24T22:14:43.230+0000] {logging_mixin.py:190} INFO - [2024-10-24T22:14:43.230+0000] {dag.py:3239} INFO - Sync 1 DAGs
[2024-10-24T22:14:43.254+0000] {logging_mixin.py:190} INFO - [2024-10-24T22:14:43.254+0000] {dag.py:4180} INFO - Setting next_dagrun for sparking_flow to 2024-10-24 00:00:00+00:00, run_after=2024-10-25 00:00:00+00:00
[2024-10-24T22:14:43.272+0000] {processor.py:208} INFO - Processing /opt/airflow/dags/spark_airflow.py took 0.094 seconds
[2024-10-24T22:15:13.387+0000] {processor.py:186} INFO - Started process (PID=17186) to work on /opt/airflow/dags/spark_airflow.py
[2024-10-24T22:15:13.388+0000] {processor.py:914} INFO - Processing file /opt/airflow/dags/spark_airflow.py for tasks to queue
[2024-10-24T22:15:13.391+0000] {logging_mixin.py:190} INFO - [2024-10-24T22:15:13.390+0000] {dagbag.py:588} INFO - Filling up the DagBag from /opt/airflow/dags/spark_airflow.py
[2024-10-24T22:15:13.415+0000] {processor.py:925} INFO - DAG(s) 'sparking_flow' retrieved from /opt/airflow/dags/spark_airflow.py
[2024-10-24T22:15:13.441+0000] {logging_mixin.py:190} INFO - [2024-10-24T22:15:13.441+0000] {dag.py:3239} INFO - Sync 1 DAGs
[2024-10-24T22:15:13.464+0000] {logging_mixin.py:190} INFO - [2024-10-24T22:15:13.464+0000] {dag.py:4180} INFO - Setting next_dagrun for sparking_flow to 2024-10-24 00:00:00+00:00, run_after=2024-10-25 00:00:00+00:00
[2024-10-24T22:15:13.483+0000] {processor.py:208} INFO - Processing /opt/airflow/dags/spark_airflow.py took 0.102 seconds
[2024-10-24T22:15:43.632+0000] {processor.py:186} INFO - Started process (PID=17191) to work on /opt/airflow/dags/spark_airflow.py
[2024-10-24T22:15:43.633+0000] {processor.py:914} INFO - Processing file /opt/airflow/dags/spark_airflow.py for tasks to queue
[2024-10-24T22:15:43.634+0000] {logging_mixin.py:190} INFO - [2024-10-24T22:15:43.634+0000] {dagbag.py:588} INFO - Filling up the DagBag from /opt/airflow/dags/spark_airflow.py
[2024-10-24T22:15:43.653+0000] {processor.py:925} INFO - DAG(s) 'sparking_flow' retrieved from /opt/airflow/dags/spark_airflow.py
[2024-10-24T22:15:43.679+0000] {logging_mixin.py:190} INFO - [2024-10-24T22:15:43.679+0000] {dag.py:3239} INFO - Sync 1 DAGs
[2024-10-24T22:15:43.702+0000] {logging_mixin.py:190} INFO - [2024-10-24T22:15:43.702+0000] {dag.py:4180} INFO - Setting next_dagrun for sparking_flow to 2024-10-24 00:00:00+00:00, run_after=2024-10-25 00:00:00+00:00
[2024-10-24T22:15:43.729+0000] {processor.py:208} INFO - Processing /opt/airflow/dags/spark_airflow.py took 0.102 seconds
[2024-10-24T22:16:13.835+0000] {processor.py:186} INFO - Started process (PID=17196) to work on /opt/airflow/dags/spark_airflow.py
[2024-10-24T22:16:13.836+0000] {processor.py:914} INFO - Processing file /opt/airflow/dags/spark_airflow.py for tasks to queue
[2024-10-24T22:16:13.838+0000] {logging_mixin.py:190} INFO - [2024-10-24T22:16:13.838+0000] {dagbag.py:588} INFO - Filling up the DagBag from /opt/airflow/dags/spark_airflow.py
[2024-10-24T22:16:13.854+0000] {processor.py:925} INFO - DAG(s) 'sparking_flow' retrieved from /opt/airflow/dags/spark_airflow.py
[2024-10-24T22:16:13.881+0000] {logging_mixin.py:190} INFO - [2024-10-24T22:16:13.881+0000] {dag.py:3239} INFO - Sync 1 DAGs
[2024-10-24T22:16:13.905+0000] {logging_mixin.py:190} INFO - [2024-10-24T22:16:13.905+0000] {dag.py:4180} INFO - Setting next_dagrun for sparking_flow to 2024-10-24 00:00:00+00:00, run_after=2024-10-25 00:00:00+00:00
[2024-10-24T22:16:13.925+0000] {processor.py:208} INFO - Processing /opt/airflow/dags/spark_airflow.py took 0.094 seconds
[2024-10-24T22:16:44.085+0000] {processor.py:186} INFO - Started process (PID=17201) to work on /opt/airflow/dags/spark_airflow.py
[2024-10-24T22:16:44.086+0000] {processor.py:914} INFO - Processing file /opt/airflow/dags/spark_airflow.py for tasks to queue
[2024-10-24T22:16:44.087+0000] {logging_mixin.py:190} INFO - [2024-10-24T22:16:44.087+0000] {dagbag.py:588} INFO - Filling up the DagBag from /opt/airflow/dags/spark_airflow.py
[2024-10-24T22:16:44.108+0000] {processor.py:925} INFO - DAG(s) 'sparking_flow' retrieved from /opt/airflow/dags/spark_airflow.py
[2024-10-24T22:16:44.131+0000] {logging_mixin.py:190} INFO - [2024-10-24T22:16:44.131+0000] {dag.py:3239} INFO - Sync 1 DAGs
[2024-10-24T22:16:44.156+0000] {logging_mixin.py:190} INFO - [2024-10-24T22:16:44.156+0000] {dag.py:4180} INFO - Setting next_dagrun for sparking_flow to 2024-10-24 00:00:00+00:00, run_after=2024-10-25 00:00:00+00:00
[2024-10-24T22:16:44.174+0000] {processor.py:208} INFO - Processing /opt/airflow/dags/spark_airflow.py took 0.096 seconds
[2024-10-24T22:17:14.309+0000] {processor.py:186} INFO - Started process (PID=17206) to work on /opt/airflow/dags/spark_airflow.py
[2024-10-24T22:17:14.310+0000] {processor.py:914} INFO - Processing file /opt/airflow/dags/spark_airflow.py for tasks to queue
[2024-10-24T22:17:14.312+0000] {logging_mixin.py:190} INFO - [2024-10-24T22:17:14.312+0000] {dagbag.py:588} INFO - Filling up the DagBag from /opt/airflow/dags/spark_airflow.py
[2024-10-24T22:17:14.332+0000] {processor.py:925} INFO - DAG(s) 'sparking_flow' retrieved from /opt/airflow/dags/spark_airflow.py
[2024-10-24T22:17:14.361+0000] {logging_mixin.py:190} INFO - [2024-10-24T22:17:14.360+0000] {dag.py:3239} INFO - Sync 1 DAGs
[2024-10-24T22:17:14.388+0000] {logging_mixin.py:190} INFO - [2024-10-24T22:17:14.388+0000] {dag.py:4180} INFO - Setting next_dagrun for sparking_flow to 2024-10-24 00:00:00+00:00, run_after=2024-10-25 00:00:00+00:00
[2024-10-24T22:17:14.416+0000] {processor.py:208} INFO - Processing /opt/airflow/dags/spark_airflow.py took 0.113 seconds
[2024-10-24T22:17:44.524+0000] {processor.py:186} INFO - Started process (PID=17211) to work on /opt/airflow/dags/spark_airflow.py
[2024-10-24T22:17:44.525+0000] {processor.py:914} INFO - Processing file /opt/airflow/dags/spark_airflow.py for tasks to queue
[2024-10-24T22:17:44.526+0000] {logging_mixin.py:190} INFO - [2024-10-24T22:17:44.526+0000] {dagbag.py:588} INFO - Filling up the DagBag from /opt/airflow/dags/spark_airflow.py
[2024-10-24T22:17:44.546+0000] {processor.py:925} INFO - DAG(s) 'sparking_flow' retrieved from /opt/airflow/dags/spark_airflow.py
[2024-10-24T22:17:44.574+0000] {logging_mixin.py:190} INFO - [2024-10-24T22:17:44.574+0000] {dag.py:3239} INFO - Sync 1 DAGs
[2024-10-24T22:17:44.597+0000] {logging_mixin.py:190} INFO - [2024-10-24T22:17:44.597+0000] {dag.py:4180} INFO - Setting next_dagrun for sparking_flow to 2024-10-24 00:00:00+00:00, run_after=2024-10-25 00:00:00+00:00
[2024-10-24T22:17:44.623+0000] {processor.py:208} INFO - Processing /opt/airflow/dags/spark_airflow.py took 0.106 seconds
[2024-10-24T22:18:14.775+0000] {processor.py:186} INFO - Started process (PID=17216) to work on /opt/airflow/dags/spark_airflow.py
[2024-10-24T22:18:14.777+0000] {processor.py:914} INFO - Processing file /opt/airflow/dags/spark_airflow.py for tasks to queue
[2024-10-24T22:18:14.779+0000] {logging_mixin.py:190} INFO - [2024-10-24T22:18:14.778+0000] {dagbag.py:588} INFO - Filling up the DagBag from /opt/airflow/dags/spark_airflow.py
[2024-10-24T22:18:14.805+0000] {processor.py:925} INFO - DAG(s) 'sparking_flow' retrieved from /opt/airflow/dags/spark_airflow.py
[2024-10-24T22:18:14.844+0000] {logging_mixin.py:190} INFO - [2024-10-24T22:18:14.844+0000] {dag.py:3239} INFO - Sync 1 DAGs
[2024-10-24T22:18:14.898+0000] {logging_mixin.py:190} INFO - [2024-10-24T22:18:14.897+0000] {dag.py:4180} INFO - Setting next_dagrun for sparking_flow to 2024-10-24 00:00:00+00:00, run_after=2024-10-25 00:00:00+00:00
[2024-10-24T22:18:14.932+0000] {processor.py:208} INFO - Processing /opt/airflow/dags/spark_airflow.py took 0.168 seconds
[2024-10-24T22:18:44.988+0000] {processor.py:186} INFO - Started process (PID=17221) to work on /opt/airflow/dags/spark_airflow.py
[2024-10-24T22:18:44.989+0000] {processor.py:914} INFO - Processing file /opt/airflow/dags/spark_airflow.py for tasks to queue
[2024-10-24T22:18:44.990+0000] {logging_mixin.py:190} INFO - [2024-10-24T22:18:44.990+0000] {dagbag.py:588} INFO - Filling up the DagBag from /opt/airflow/dags/spark_airflow.py
[2024-10-24T22:18:45.014+0000] {processor.py:925} INFO - DAG(s) 'sparking_flow' retrieved from /opt/airflow/dags/spark_airflow.py
[2024-10-24T22:18:45.045+0000] {logging_mixin.py:190} INFO - [2024-10-24T22:18:45.045+0000] {dag.py:3239} INFO - Sync 1 DAGs
[2024-10-24T22:18:45.071+0000] {logging_mixin.py:190} INFO - [2024-10-24T22:18:45.070+0000] {dag.py:4180} INFO - Setting next_dagrun for sparking_flow to 2024-10-24 00:00:00+00:00, run_after=2024-10-25 00:00:00+00:00
[2024-10-24T22:18:45.091+0000] {processor.py:208} INFO - Processing /opt/airflow/dags/spark_airflow.py took 0.111 seconds
[2024-10-24T22:19:15.171+0000] {processor.py:186} INFO - Started process (PID=17226) to work on /opt/airflow/dags/spark_airflow.py
[2024-10-24T22:19:15.173+0000] {processor.py:914} INFO - Processing file /opt/airflow/dags/spark_airflow.py for tasks to queue
[2024-10-24T22:19:15.174+0000] {logging_mixin.py:190} INFO - [2024-10-24T22:19:15.174+0000] {dagbag.py:588} INFO - Filling up the DagBag from /opt/airflow/dags/spark_airflow.py
[2024-10-24T22:19:15.193+0000] {processor.py:925} INFO - DAG(s) 'sparking_flow' retrieved from /opt/airflow/dags/spark_airflow.py
[2024-10-24T22:19:15.222+0000] {logging_mixin.py:190} INFO - [2024-10-24T22:19:15.221+0000] {dag.py:3239} INFO - Sync 1 DAGs
[2024-10-24T22:19:15.246+0000] {logging_mixin.py:190} INFO - [2024-10-24T22:19:15.246+0000] {dag.py:4180} INFO - Setting next_dagrun for sparking_flow to 2024-10-24 00:00:00+00:00, run_after=2024-10-25 00:00:00+00:00
[2024-10-24T22:19:15.264+0000] {processor.py:208} INFO - Processing /opt/airflow/dags/spark_airflow.py took 0.099 seconds
[2024-10-24T22:19:45.461+0000] {processor.py:186} INFO - Started process (PID=17231) to work on /opt/airflow/dags/spark_airflow.py
[2024-10-24T22:19:45.462+0000] {processor.py:914} INFO - Processing file /opt/airflow/dags/spark_airflow.py for tasks to queue
[2024-10-24T22:19:45.463+0000] {logging_mixin.py:190} INFO - [2024-10-24T22:19:45.463+0000] {dagbag.py:588} INFO - Filling up the DagBag from /opt/airflow/dags/spark_airflow.py
[2024-10-24T22:19:45.483+0000] {processor.py:925} INFO - DAG(s) 'sparking_flow' retrieved from /opt/airflow/dags/spark_airflow.py
[2024-10-24T22:19:45.513+0000] {logging_mixin.py:190} INFO - [2024-10-24T22:19:45.513+0000] {dag.py:3239} INFO - Sync 1 DAGs
[2024-10-24T22:19:45.542+0000] {logging_mixin.py:190} INFO - [2024-10-24T22:19:45.542+0000] {dag.py:4180} INFO - Setting next_dagrun for sparking_flow to 2024-10-24 00:00:00+00:00, run_after=2024-10-25 00:00:00+00:00
[2024-10-24T22:19:45.562+0000] {processor.py:208} INFO - Processing /opt/airflow/dags/spark_airflow.py took 0.107 seconds
[2024-10-24T22:20:15.671+0000] {processor.py:186} INFO - Started process (PID=17236) to work on /opt/airflow/dags/spark_airflow.py
[2024-10-24T22:20:15.672+0000] {processor.py:914} INFO - Processing file /opt/airflow/dags/spark_airflow.py for tasks to queue
[2024-10-24T22:20:15.674+0000] {logging_mixin.py:190} INFO - [2024-10-24T22:20:15.674+0000] {dagbag.py:588} INFO - Filling up the DagBag from /opt/airflow/dags/spark_airflow.py
[2024-10-24T22:20:15.694+0000] {processor.py:925} INFO - DAG(s) 'sparking_flow' retrieved from /opt/airflow/dags/spark_airflow.py
[2024-10-24T22:20:15.725+0000] {logging_mixin.py:190} INFO - [2024-10-24T22:20:15.724+0000] {dag.py:3239} INFO - Sync 1 DAGs
[2024-10-24T22:20:15.748+0000] {logging_mixin.py:190} INFO - [2024-10-24T22:20:15.748+0000] {dag.py:4180} INFO - Setting next_dagrun for sparking_flow to 2024-10-24 00:00:00+00:00, run_after=2024-10-25 00:00:00+00:00
[2024-10-24T22:20:15.768+0000] {processor.py:208} INFO - Processing /opt/airflow/dags/spark_airflow.py took 0.104 seconds
[2024-10-24T22:20:45.936+0000] {processor.py:186} INFO - Started process (PID=17241) to work on /opt/airflow/dags/spark_airflow.py
[2024-10-24T22:20:45.937+0000] {processor.py:914} INFO - Processing file /opt/airflow/dags/spark_airflow.py for tasks to queue
[2024-10-24T22:20:45.939+0000] {logging_mixin.py:190} INFO - [2024-10-24T22:20:45.938+0000] {dagbag.py:588} INFO - Filling up the DagBag from /opt/airflow/dags/spark_airflow.py
[2024-10-24T22:20:45.960+0000] {processor.py:925} INFO - DAG(s) 'sparking_flow' retrieved from /opt/airflow/dags/spark_airflow.py
[2024-10-24T22:20:45.988+0000] {logging_mixin.py:190} INFO - [2024-10-24T22:20:45.988+0000] {dag.py:3239} INFO - Sync 1 DAGs
[2024-10-24T22:20:46.016+0000] {logging_mixin.py:190} INFO - [2024-10-24T22:20:46.016+0000] {dag.py:4180} INFO - Setting next_dagrun for sparking_flow to 2024-10-24 00:00:00+00:00, run_after=2024-10-25 00:00:00+00:00
[2024-10-24T22:20:46.035+0000] {processor.py:208} INFO - Processing /opt/airflow/dags/spark_airflow.py took 0.104 seconds
[2024-10-24T22:21:16.145+0000] {processor.py:186} INFO - Started process (PID=17246) to work on /opt/airflow/dags/spark_airflow.py
[2024-10-24T22:21:16.146+0000] {processor.py:914} INFO - Processing file /opt/airflow/dags/spark_airflow.py for tasks to queue
[2024-10-24T22:21:16.148+0000] {logging_mixin.py:190} INFO - [2024-10-24T22:21:16.147+0000] {dagbag.py:588} INFO - Filling up the DagBag from /opt/airflow/dags/spark_airflow.py
[2024-10-24T22:21:16.175+0000] {processor.py:925} INFO - DAG(s) 'sparking_flow' retrieved from /opt/airflow/dags/spark_airflow.py
[2024-10-24T22:21:16.208+0000] {logging_mixin.py:190} INFO - [2024-10-24T22:21:16.208+0000] {dag.py:3239} INFO - Sync 1 DAGs
[2024-10-24T22:21:16.235+0000] {logging_mixin.py:190} INFO - [2024-10-24T22:21:16.235+0000] {dag.py:4180} INFO - Setting next_dagrun for sparking_flow to 2024-10-24 00:00:00+00:00, run_after=2024-10-25 00:00:00+00:00
[2024-10-24T22:21:16.255+0000] {processor.py:208} INFO - Processing /opt/airflow/dags/spark_airflow.py took 0.118 seconds
[2024-10-24T22:21:46.411+0000] {processor.py:186} INFO - Started process (PID=17251) to work on /opt/airflow/dags/spark_airflow.py
[2024-10-24T22:21:46.412+0000] {processor.py:914} INFO - Processing file /opt/airflow/dags/spark_airflow.py for tasks to queue
[2024-10-24T22:21:46.413+0000] {logging_mixin.py:190} INFO - [2024-10-24T22:21:46.413+0000] {dagbag.py:588} INFO - Filling up the DagBag from /opt/airflow/dags/spark_airflow.py
[2024-10-24T22:21:46.433+0000] {processor.py:925} INFO - DAG(s) 'sparking_flow' retrieved from /opt/airflow/dags/spark_airflow.py
[2024-10-24T22:21:46.462+0000] {logging_mixin.py:190} INFO - [2024-10-24T22:21:46.462+0000] {dag.py:3239} INFO - Sync 1 DAGs
[2024-10-24T22:21:46.498+0000] {logging_mixin.py:190} INFO - [2024-10-24T22:21:46.498+0000] {dag.py:4180} INFO - Setting next_dagrun for sparking_flow to 2024-10-24 00:00:00+00:00, run_after=2024-10-25 00:00:00+00:00
[2024-10-24T22:21:46.520+0000] {processor.py:208} INFO - Processing /opt/airflow/dags/spark_airflow.py took 0.115 seconds
[2024-10-24T22:22:16.650+0000] {processor.py:186} INFO - Started process (PID=17256) to work on /opt/airflow/dags/spark_airflow.py
[2024-10-24T22:22:16.651+0000] {processor.py:914} INFO - Processing file /opt/airflow/dags/spark_airflow.py for tasks to queue
[2024-10-24T22:22:16.653+0000] {logging_mixin.py:190} INFO - [2024-10-24T22:22:16.653+0000] {dagbag.py:588} INFO - Filling up the DagBag from /opt/airflow/dags/spark_airflow.py
[2024-10-24T22:22:16.674+0000] {processor.py:925} INFO - DAG(s) 'sparking_flow' retrieved from /opt/airflow/dags/spark_airflow.py
[2024-10-24T22:22:16.700+0000] {logging_mixin.py:190} INFO - [2024-10-24T22:22:16.699+0000] {dag.py:3239} INFO - Sync 1 DAGs
[2024-10-24T22:22:16.722+0000] {logging_mixin.py:190} INFO - [2024-10-24T22:22:16.722+0000] {dag.py:4180} INFO - Setting next_dagrun for sparking_flow to 2024-10-24 00:00:00+00:00, run_after=2024-10-25 00:00:00+00:00
[2024-10-24T22:22:16.744+0000] {processor.py:208} INFO - Processing /opt/airflow/dags/spark_airflow.py took 0.101 seconds
[2024-10-24T22:22:46.879+0000] {processor.py:186} INFO - Started process (PID=17261) to work on /opt/airflow/dags/spark_airflow.py
[2024-10-24T22:22:46.880+0000] {processor.py:914} INFO - Processing file /opt/airflow/dags/spark_airflow.py for tasks to queue
[2024-10-24T22:22:46.881+0000] {logging_mixin.py:190} INFO - [2024-10-24T22:22:46.881+0000] {dagbag.py:588} INFO - Filling up the DagBag from /opt/airflow/dags/spark_airflow.py
[2024-10-24T22:22:46.903+0000] {processor.py:925} INFO - DAG(s) 'sparking_flow' retrieved from /opt/airflow/dags/spark_airflow.py
[2024-10-24T22:22:46.932+0000] {logging_mixin.py:190} INFO - [2024-10-24T22:22:46.931+0000] {dag.py:3239} INFO - Sync 1 DAGs
[2024-10-24T22:22:46.955+0000] {logging_mixin.py:190} INFO - [2024-10-24T22:22:46.954+0000] {dag.py:4180} INFO - Setting next_dagrun for sparking_flow to 2024-10-24 00:00:00+00:00, run_after=2024-10-25 00:00:00+00:00
[2024-10-24T22:22:46.973+0000] {processor.py:208} INFO - Processing /opt/airflow/dags/spark_airflow.py took 0.099 seconds
[2024-10-24T22:23:17.108+0000] {processor.py:186} INFO - Started process (PID=17266) to work on /opt/airflow/dags/spark_airflow.py
[2024-10-24T22:23:17.110+0000] {processor.py:914} INFO - Processing file /opt/airflow/dags/spark_airflow.py for tasks to queue
[2024-10-24T22:23:17.111+0000] {logging_mixin.py:190} INFO - [2024-10-24T22:23:17.111+0000] {dagbag.py:588} INFO - Filling up the DagBag from /opt/airflow/dags/spark_airflow.py
[2024-10-24T22:23:17.133+0000] {processor.py:925} INFO - DAG(s) 'sparking_flow' retrieved from /opt/airflow/dags/spark_airflow.py
[2024-10-24T22:23:17.163+0000] {logging_mixin.py:190} INFO - [2024-10-24T22:23:17.163+0000] {dag.py:3239} INFO - Sync 1 DAGs
[2024-10-24T22:23:17.190+0000] {logging_mixin.py:190} INFO - [2024-10-24T22:23:17.189+0000] {dag.py:4180} INFO - Setting next_dagrun for sparking_flow to 2024-10-24 00:00:00+00:00, run_after=2024-10-25 00:00:00+00:00
[2024-10-24T22:23:17.210+0000] {processor.py:208} INFO - Processing /opt/airflow/dags/spark_airflow.py took 0.108 seconds
[2024-10-24T22:23:47.328+0000] {processor.py:186} INFO - Started process (PID=17271) to work on /opt/airflow/dags/spark_airflow.py
[2024-10-24T22:23:47.329+0000] {processor.py:914} INFO - Processing file /opt/airflow/dags/spark_airflow.py for tasks to queue
[2024-10-24T22:23:47.330+0000] {logging_mixin.py:190} INFO - [2024-10-24T22:23:47.330+0000] {dagbag.py:588} INFO - Filling up the DagBag from /opt/airflow/dags/spark_airflow.py
[2024-10-24T22:23:47.349+0000] {processor.py:925} INFO - DAG(s) 'sparking_flow' retrieved from /opt/airflow/dags/spark_airflow.py
[2024-10-24T22:23:47.379+0000] {logging_mixin.py:190} INFO - [2024-10-24T22:23:47.378+0000] {dag.py:3239} INFO - Sync 1 DAGs
[2024-10-24T22:23:47.403+0000] {logging_mixin.py:190} INFO - [2024-10-24T22:23:47.403+0000] {dag.py:4180} INFO - Setting next_dagrun for sparking_flow to 2024-10-24 00:00:00+00:00, run_after=2024-10-25 00:00:00+00:00
[2024-10-24T22:23:47.423+0000] {processor.py:208} INFO - Processing /opt/airflow/dags/spark_airflow.py took 0.100 seconds
[2024-10-24T22:24:17.559+0000] {processor.py:186} INFO - Started process (PID=17276) to work on /opt/airflow/dags/spark_airflow.py
[2024-10-24T22:24:17.560+0000] {processor.py:914} INFO - Processing file /opt/airflow/dags/spark_airflow.py for tasks to queue
[2024-10-24T22:24:17.562+0000] {logging_mixin.py:190} INFO - [2024-10-24T22:24:17.561+0000] {dagbag.py:588} INFO - Filling up the DagBag from /opt/airflow/dags/spark_airflow.py
[2024-10-24T22:24:17.582+0000] {processor.py:925} INFO - DAG(s) 'sparking_flow' retrieved from /opt/airflow/dags/spark_airflow.py
[2024-10-24T22:24:17.606+0000] {logging_mixin.py:190} INFO - [2024-10-24T22:24:17.606+0000] {dag.py:3239} INFO - Sync 1 DAGs
[2024-10-24T22:24:17.628+0000] {logging_mixin.py:190} INFO - [2024-10-24T22:24:17.628+0000] {dag.py:4180} INFO - Setting next_dagrun for sparking_flow to 2024-10-24 00:00:00+00:00, run_after=2024-10-25 00:00:00+00:00
[2024-10-24T22:24:17.659+0000] {processor.py:208} INFO - Processing /opt/airflow/dags/spark_airflow.py took 0.107 seconds
[2024-10-24T22:24:47.781+0000] {processor.py:186} INFO - Started process (PID=17281) to work on /opt/airflow/dags/spark_airflow.py
[2024-10-24T22:24:47.782+0000] {processor.py:914} INFO - Processing file /opt/airflow/dags/spark_airflow.py for tasks to queue
[2024-10-24T22:24:47.783+0000] {logging_mixin.py:190} INFO - [2024-10-24T22:24:47.783+0000] {dagbag.py:588} INFO - Filling up the DagBag from /opt/airflow/dags/spark_airflow.py
[2024-10-24T22:24:47.801+0000] {processor.py:925} INFO - DAG(s) 'sparking_flow' retrieved from /opt/airflow/dags/spark_airflow.py
[2024-10-24T22:24:47.826+0000] {logging_mixin.py:190} INFO - [2024-10-24T22:24:47.826+0000] {dag.py:3239} INFO - Sync 1 DAGs
[2024-10-24T22:24:47.848+0000] {logging_mixin.py:190} INFO - [2024-10-24T22:24:47.848+0000] {dag.py:4180} INFO - Setting next_dagrun for sparking_flow to 2024-10-24 00:00:00+00:00, run_after=2024-10-25 00:00:00+00:00
[2024-10-24T22:24:47.871+0000] {processor.py:208} INFO - Processing /opt/airflow/dags/spark_airflow.py took 0.095 seconds
[2024-10-24T22:25:18.012+0000] {processor.py:186} INFO - Started process (PID=17286) to work on /opt/airflow/dags/spark_airflow.py
[2024-10-24T22:25:18.013+0000] {processor.py:914} INFO - Processing file /opt/airflow/dags/spark_airflow.py for tasks to queue
[2024-10-24T22:25:18.015+0000] {logging_mixin.py:190} INFO - [2024-10-24T22:25:18.014+0000] {dagbag.py:588} INFO - Filling up the DagBag from /opt/airflow/dags/spark_airflow.py
[2024-10-24T22:25:18.034+0000] {processor.py:925} INFO - DAG(s) 'sparking_flow' retrieved from /opt/airflow/dags/spark_airflow.py
[2024-10-24T22:25:18.063+0000] {logging_mixin.py:190} INFO - [2024-10-24T22:25:18.063+0000] {dag.py:3239} INFO - Sync 1 DAGs
[2024-10-24T22:25:18.090+0000] {logging_mixin.py:190} INFO - [2024-10-24T22:25:18.090+0000] {dag.py:4180} INFO - Setting next_dagrun for sparking_flow to 2024-10-24 00:00:00+00:00, run_after=2024-10-25 00:00:00+00:00
[2024-10-24T22:25:18.110+0000] {processor.py:208} INFO - Processing /opt/airflow/dags/spark_airflow.py took 0.106 seconds
[2024-10-24T22:25:48.213+0000] {processor.py:186} INFO - Started process (PID=17291) to work on /opt/airflow/dags/spark_airflow.py
[2024-10-24T22:25:48.215+0000] {processor.py:914} INFO - Processing file /opt/airflow/dags/spark_airflow.py for tasks to queue
[2024-10-24T22:25:48.216+0000] {logging_mixin.py:190} INFO - [2024-10-24T22:25:48.216+0000] {dagbag.py:588} INFO - Filling up the DagBag from /opt/airflow/dags/spark_airflow.py
[2024-10-24T22:25:48.237+0000] {processor.py:925} INFO - DAG(s) 'sparking_flow' retrieved from /opt/airflow/dags/spark_airflow.py
[2024-10-24T22:25:48.265+0000] {logging_mixin.py:190} INFO - [2024-10-24T22:25:48.265+0000] {dag.py:3239} INFO - Sync 1 DAGs
[2024-10-24T22:25:48.289+0000] {logging_mixin.py:190} INFO - [2024-10-24T22:25:48.288+0000] {dag.py:4180} INFO - Setting next_dagrun for sparking_flow to 2024-10-24 00:00:00+00:00, run_after=2024-10-25 00:00:00+00:00
[2024-10-24T22:25:48.308+0000] {processor.py:208} INFO - Processing /opt/airflow/dags/spark_airflow.py took 0.101 seconds
[2024-10-24T22:26:18.453+0000] {processor.py:186} INFO - Started process (PID=17296) to work on /opt/airflow/dags/spark_airflow.py
[2024-10-24T22:26:18.454+0000] {processor.py:914} INFO - Processing file /opt/airflow/dags/spark_airflow.py for tasks to queue
[2024-10-24T22:26:18.455+0000] {logging_mixin.py:190} INFO - [2024-10-24T22:26:18.455+0000] {dagbag.py:588} INFO - Filling up the DagBag from /opt/airflow/dags/spark_airflow.py
[2024-10-24T22:26:18.476+0000] {processor.py:925} INFO - DAG(s) 'sparking_flow' retrieved from /opt/airflow/dags/spark_airflow.py
[2024-10-24T22:26:18.502+0000] {logging_mixin.py:190} INFO - [2024-10-24T22:26:18.502+0000] {dag.py:3239} INFO - Sync 1 DAGs
[2024-10-24T22:26:18.525+0000] {logging_mixin.py:190} INFO - [2024-10-24T22:26:18.525+0000] {dag.py:4180} INFO - Setting next_dagrun for sparking_flow to 2024-10-24 00:00:00+00:00, run_after=2024-10-25 00:00:00+00:00
[2024-10-24T22:26:18.542+0000] {processor.py:208} INFO - Processing /opt/airflow/dags/spark_airflow.py took 0.095 seconds
[2024-10-24T22:26:48.651+0000] {processor.py:186} INFO - Started process (PID=17301) to work on /opt/airflow/dags/spark_airflow.py
[2024-10-24T22:26:48.652+0000] {processor.py:914} INFO - Processing file /opt/airflow/dags/spark_airflow.py for tasks to queue
[2024-10-24T22:26:48.653+0000] {logging_mixin.py:190} INFO - [2024-10-24T22:26:48.653+0000] {dagbag.py:588} INFO - Filling up the DagBag from /opt/airflow/dags/spark_airflow.py
[2024-10-24T22:26:48.674+0000] {processor.py:925} INFO - DAG(s) 'sparking_flow' retrieved from /opt/airflow/dags/spark_airflow.py
[2024-10-24T22:26:48.703+0000] {logging_mixin.py:190} INFO - [2024-10-24T22:26:48.703+0000] {dag.py:3239} INFO - Sync 1 DAGs
[2024-10-24T22:26:48.726+0000] {logging_mixin.py:190} INFO - [2024-10-24T22:26:48.726+0000] {dag.py:4180} INFO - Setting next_dagrun for sparking_flow to 2024-10-24 00:00:00+00:00, run_after=2024-10-25 00:00:00+00:00
[2024-10-24T22:26:48.749+0000] {processor.py:208} INFO - Processing /opt/airflow/dags/spark_airflow.py took 0.105 seconds
[2024-10-24T22:27:18.903+0000] {processor.py:186} INFO - Started process (PID=17306) to work on /opt/airflow/dags/spark_airflow.py
[2024-10-24T22:27:18.904+0000] {processor.py:914} INFO - Processing file /opt/airflow/dags/spark_airflow.py for tasks to queue
[2024-10-24T22:27:18.906+0000] {logging_mixin.py:190} INFO - [2024-10-24T22:27:18.905+0000] {dagbag.py:588} INFO - Filling up the DagBag from /opt/airflow/dags/spark_airflow.py
[2024-10-24T22:27:18.925+0000] {processor.py:925} INFO - DAG(s) 'sparking_flow' retrieved from /opt/airflow/dags/spark_airflow.py
[2024-10-24T22:27:18.953+0000] {logging_mixin.py:190} INFO - [2024-10-24T22:27:18.953+0000] {dag.py:3239} INFO - Sync 1 DAGs
[2024-10-24T22:27:18.979+0000] {logging_mixin.py:190} INFO - [2024-10-24T22:27:18.978+0000] {dag.py:4180} INFO - Setting next_dagrun for sparking_flow to 2024-10-24 00:00:00+00:00, run_after=2024-10-25 00:00:00+00:00
[2024-10-24T22:27:19.016+0000] {processor.py:208} INFO - Processing /opt/airflow/dags/spark_airflow.py took 0.118 seconds
[2024-10-24T22:27:49.103+0000] {processor.py:186} INFO - Started process (PID=17311) to work on /opt/airflow/dags/spark_airflow.py
[2024-10-24T22:27:49.105+0000] {processor.py:914} INFO - Processing file /opt/airflow/dags/spark_airflow.py for tasks to queue
[2024-10-24T22:27:49.106+0000] {logging_mixin.py:190} INFO - [2024-10-24T22:27:49.106+0000] {dagbag.py:588} INFO - Filling up the DagBag from /opt/airflow/dags/spark_airflow.py
[2024-10-24T22:27:49.127+0000] {processor.py:925} INFO - DAG(s) 'sparking_flow' retrieved from /opt/airflow/dags/spark_airflow.py
[2024-10-24T22:27:49.155+0000] {logging_mixin.py:190} INFO - [2024-10-24T22:27:49.155+0000] {dag.py:3239} INFO - Sync 1 DAGs
[2024-10-24T22:27:49.179+0000] {logging_mixin.py:190} INFO - [2024-10-24T22:27:49.179+0000] {dag.py:4180} INFO - Setting next_dagrun for sparking_flow to 2024-10-24 00:00:00+00:00, run_after=2024-10-25 00:00:00+00:00
[2024-10-24T22:27:49.216+0000] {processor.py:208} INFO - Processing /opt/airflow/dags/spark_airflow.py took 0.119 seconds
[2024-10-24T22:28:19.376+0000] {processor.py:186} INFO - Started process (PID=17316) to work on /opt/airflow/dags/spark_airflow.py
[2024-10-24T22:28:19.377+0000] {processor.py:914} INFO - Processing file /opt/airflow/dags/spark_airflow.py for tasks to queue
[2024-10-24T22:28:19.378+0000] {logging_mixin.py:190} INFO - [2024-10-24T22:28:19.378+0000] {dagbag.py:588} INFO - Filling up the DagBag from /opt/airflow/dags/spark_airflow.py
[2024-10-24T22:28:19.399+0000] {processor.py:925} INFO - DAG(s) 'sparking_flow' retrieved from /opt/airflow/dags/spark_airflow.py
[2024-10-24T22:28:19.427+0000] {logging_mixin.py:190} INFO - [2024-10-24T22:28:19.427+0000] {dag.py:3239} INFO - Sync 1 DAGs
[2024-10-24T22:28:19.450+0000] {logging_mixin.py:190} INFO - [2024-10-24T22:28:19.450+0000] {dag.py:4180} INFO - Setting next_dagrun for sparking_flow to 2024-10-24 00:00:00+00:00, run_after=2024-10-25 00:00:00+00:00
[2024-10-24T22:28:19.467+0000] {processor.py:208} INFO - Processing /opt/airflow/dags/spark_airflow.py took 0.097 seconds
[2024-10-24T22:28:49.556+0000] {processor.py:186} INFO - Started process (PID=17321) to work on /opt/airflow/dags/spark_airflow.py
[2024-10-24T22:28:49.556+0000] {processor.py:914} INFO - Processing file /opt/airflow/dags/spark_airflow.py for tasks to queue
[2024-10-24T22:28:49.558+0000] {logging_mixin.py:190} INFO - [2024-10-24T22:28:49.557+0000] {dagbag.py:588} INFO - Filling up the DagBag from /opt/airflow/dags/spark_airflow.py
[2024-10-24T22:28:49.577+0000] {processor.py:925} INFO - DAG(s) 'sparking_flow' retrieved from /opt/airflow/dags/spark_airflow.py
[2024-10-24T22:28:49.607+0000] {logging_mixin.py:190} INFO - [2024-10-24T22:28:49.607+0000] {dag.py:3239} INFO - Sync 1 DAGs
[2024-10-24T22:28:49.634+0000] {logging_mixin.py:190} INFO - [2024-10-24T22:28:49.634+0000] {dag.py:4180} INFO - Setting next_dagrun for sparking_flow to 2024-10-24 00:00:00+00:00, run_after=2024-10-25 00:00:00+00:00
[2024-10-24T22:28:49.662+0000] {processor.py:208} INFO - Processing /opt/airflow/dags/spark_airflow.py took 0.112 seconds
[2024-10-24T22:29:19.802+0000] {processor.py:186} INFO - Started process (PID=17326) to work on /opt/airflow/dags/spark_airflow.py
[2024-10-24T22:29:19.803+0000] {processor.py:914} INFO - Processing file /opt/airflow/dags/spark_airflow.py for tasks to queue
[2024-10-24T22:29:19.805+0000] {logging_mixin.py:190} INFO - [2024-10-24T22:29:19.804+0000] {dagbag.py:588} INFO - Filling up the DagBag from /opt/airflow/dags/spark_airflow.py
[2024-10-24T22:29:19.824+0000] {processor.py:925} INFO - DAG(s) 'sparking_flow' retrieved from /opt/airflow/dags/spark_airflow.py
[2024-10-24T22:29:19.848+0000] {logging_mixin.py:190} INFO - [2024-10-24T22:29:19.848+0000] {dag.py:3239} INFO - Sync 1 DAGs
[2024-10-24T22:29:19.870+0000] {logging_mixin.py:190} INFO - [2024-10-24T22:29:19.870+0000] {dag.py:4180} INFO - Setting next_dagrun for sparking_flow to 2024-10-24 00:00:00+00:00, run_after=2024-10-25 00:00:00+00:00
[2024-10-24T22:29:19.888+0000] {processor.py:208} INFO - Processing /opt/airflow/dags/spark_airflow.py took 0.093 seconds
[2024-10-24T22:29:49.994+0000] {processor.py:186} INFO - Started process (PID=17331) to work on /opt/airflow/dags/spark_airflow.py
[2024-10-24T22:29:49.995+0000] {processor.py:914} INFO - Processing file /opt/airflow/dags/spark_airflow.py for tasks to queue
[2024-10-24T22:29:49.997+0000] {logging_mixin.py:190} INFO - [2024-10-24T22:29:49.996+0000] {dagbag.py:588} INFO - Filling up the DagBag from /opt/airflow/dags/spark_airflow.py
[2024-10-24T22:29:50.017+0000] {processor.py:925} INFO - DAG(s) 'sparking_flow' retrieved from /opt/airflow/dags/spark_airflow.py
[2024-10-24T22:29:50.045+0000] {logging_mixin.py:190} INFO - [2024-10-24T22:29:50.044+0000] {dag.py:3239} INFO - Sync 1 DAGs
[2024-10-24T22:29:50.070+0000] {logging_mixin.py:190} INFO - [2024-10-24T22:29:50.070+0000] {dag.py:4180} INFO - Setting next_dagrun for sparking_flow to 2024-10-24 00:00:00+00:00, run_after=2024-10-25 00:00:00+00:00
[2024-10-24T22:29:50.101+0000] {processor.py:208} INFO - Processing /opt/airflow/dags/spark_airflow.py took 0.113 seconds
[2024-10-24T22:30:20.223+0000] {processor.py:186} INFO - Started process (PID=17336) to work on /opt/airflow/dags/spark_airflow.py
[2024-10-24T22:30:20.239+0000] {processor.py:914} INFO - Processing file /opt/airflow/dags/spark_airflow.py for tasks to queue
[2024-10-24T22:30:20.241+0000] {logging_mixin.py:190} INFO - [2024-10-24T22:30:20.240+0000] {dagbag.py:588} INFO - Filling up the DagBag from /opt/airflow/dags/spark_airflow.py
[2024-10-24T22:30:20.265+0000] {processor.py:925} INFO - DAG(s) 'sparking_flow' retrieved from /opt/airflow/dags/spark_airflow.py
[2024-10-24T22:30:20.309+0000] {logging_mixin.py:190} INFO - [2024-10-24T22:30:20.308+0000] {dag.py:3239} INFO - Sync 1 DAGs
[2024-10-24T22:30:20.352+0000] {logging_mixin.py:190} INFO - [2024-10-24T22:30:20.352+0000] {dag.py:4180} INFO - Setting next_dagrun for sparking_flow to 2024-10-24 00:00:00+00:00, run_after=2024-10-25 00:00:00+00:00
[2024-10-24T22:30:20.370+0000] {processor.py:208} INFO - Processing /opt/airflow/dags/spark_airflow.py took 0.153 seconds
[2024-10-24T22:30:50.441+0000] {processor.py:186} INFO - Started process (PID=17341) to work on /opt/airflow/dags/spark_airflow.py
[2024-10-24T22:30:50.443+0000] {processor.py:914} INFO - Processing file /opt/airflow/dags/spark_airflow.py for tasks to queue
[2024-10-24T22:30:50.445+0000] {logging_mixin.py:190} INFO - [2024-10-24T22:30:50.445+0000] {dagbag.py:588} INFO - Filling up the DagBag from /opt/airflow/dags/spark_airflow.py
[2024-10-24T22:30:50.468+0000] {processor.py:925} INFO - DAG(s) 'sparking_flow' retrieved from /opt/airflow/dags/spark_airflow.py
[2024-10-24T22:30:50.499+0000] {logging_mixin.py:190} INFO - [2024-10-24T22:30:50.499+0000] {dag.py:3239} INFO - Sync 1 DAGs
[2024-10-24T22:30:50.523+0000] {logging_mixin.py:190} INFO - [2024-10-24T22:30:50.523+0000] {dag.py:4180} INFO - Setting next_dagrun for sparking_flow to 2024-10-24 00:00:00+00:00, run_after=2024-10-25 00:00:00+00:00
[2024-10-24T22:30:50.551+0000] {processor.py:208} INFO - Processing /opt/airflow/dags/spark_airflow.py took 0.118 seconds
[2024-10-24T22:31:20.698+0000] {processor.py:186} INFO - Started process (PID=17346) to work on /opt/airflow/dags/spark_airflow.py
[2024-10-24T22:31:20.699+0000] {processor.py:914} INFO - Processing file /opt/airflow/dags/spark_airflow.py for tasks to queue
[2024-10-24T22:31:20.701+0000] {logging_mixin.py:190} INFO - [2024-10-24T22:31:20.700+0000] {dagbag.py:588} INFO - Filling up the DagBag from /opt/airflow/dags/spark_airflow.py
[2024-10-24T22:31:20.720+0000] {processor.py:925} INFO - DAG(s) 'sparking_flow' retrieved from /opt/airflow/dags/spark_airflow.py
[2024-10-24T22:31:20.751+0000] {logging_mixin.py:190} INFO - [2024-10-24T22:31:20.751+0000] {dag.py:3239} INFO - Sync 1 DAGs
[2024-10-24T22:31:20.776+0000] {logging_mixin.py:190} INFO - [2024-10-24T22:31:20.776+0000] {dag.py:4180} INFO - Setting next_dagrun for sparking_flow to 2024-10-24 00:00:00+00:00, run_after=2024-10-25 00:00:00+00:00
[2024-10-24T22:31:20.798+0000] {processor.py:208} INFO - Processing /opt/airflow/dags/spark_airflow.py took 0.104 seconds
[2024-10-24T22:31:50.892+0000] {processor.py:186} INFO - Started process (PID=17351) to work on /opt/airflow/dags/spark_airflow.py
[2024-10-24T22:31:50.893+0000] {processor.py:914} INFO - Processing file /opt/airflow/dags/spark_airflow.py for tasks to queue
[2024-10-24T22:31:50.894+0000] {logging_mixin.py:190} INFO - [2024-10-24T22:31:50.894+0000] {dagbag.py:588} INFO - Filling up the DagBag from /opt/airflow/dags/spark_airflow.py
[2024-10-24T22:31:50.913+0000] {processor.py:925} INFO - DAG(s) 'sparking_flow' retrieved from /opt/airflow/dags/spark_airflow.py
[2024-10-24T22:31:50.941+0000] {logging_mixin.py:190} INFO - [2024-10-24T22:31:50.941+0000] {dag.py:3239} INFO - Sync 1 DAGs
[2024-10-24T22:31:50.965+0000] {logging_mixin.py:190} INFO - [2024-10-24T22:31:50.964+0000] {dag.py:4180} INFO - Setting next_dagrun for sparking_flow to 2024-10-24 00:00:00+00:00, run_after=2024-10-25 00:00:00+00:00
[2024-10-24T22:31:50.995+0000] {processor.py:208} INFO - Processing /opt/airflow/dags/spark_airflow.py took 0.108 seconds
[2024-10-24T22:32:21.161+0000] {processor.py:186} INFO - Started process (PID=17356) to work on /opt/airflow/dags/spark_airflow.py
[2024-10-24T22:32:21.162+0000] {processor.py:914} INFO - Processing file /opt/airflow/dags/spark_airflow.py for tasks to queue
[2024-10-24T22:32:21.163+0000] {logging_mixin.py:190} INFO - [2024-10-24T22:32:21.163+0000] {dagbag.py:588} INFO - Filling up the DagBag from /opt/airflow/dags/spark_airflow.py
[2024-10-24T22:32:21.181+0000] {processor.py:925} INFO - DAG(s) 'sparking_flow' retrieved from /opt/airflow/dags/spark_airflow.py
[2024-10-24T22:32:21.206+0000] {logging_mixin.py:190} INFO - [2024-10-24T22:32:21.206+0000] {dag.py:3239} INFO - Sync 1 DAGs
[2024-10-24T22:32:21.229+0000] {logging_mixin.py:190} INFO - [2024-10-24T22:32:21.229+0000] {dag.py:4180} INFO - Setting next_dagrun for sparking_flow to 2024-10-24 00:00:00+00:00, run_after=2024-10-25 00:00:00+00:00
[2024-10-24T22:32:21.247+0000] {processor.py:208} INFO - Processing /opt/airflow/dags/spark_airflow.py took 0.090 seconds
[2024-10-24T22:32:51.343+0000] {processor.py:186} INFO - Started process (PID=17361) to work on /opt/airflow/dags/spark_airflow.py
[2024-10-24T22:32:51.344+0000] {processor.py:914} INFO - Processing file /opt/airflow/dags/spark_airflow.py for tasks to queue
[2024-10-24T22:32:51.346+0000] {logging_mixin.py:190} INFO - [2024-10-24T22:32:51.345+0000] {dagbag.py:588} INFO - Filling up the DagBag from /opt/airflow/dags/spark_airflow.py
[2024-10-24T22:32:51.364+0000] {processor.py:925} INFO - DAG(s) 'sparking_flow' retrieved from /opt/airflow/dags/spark_airflow.py
[2024-10-24T22:32:51.391+0000] {logging_mixin.py:190} INFO - [2024-10-24T22:32:51.391+0000] {dag.py:3239} INFO - Sync 1 DAGs
[2024-10-24T22:32:51.413+0000] {logging_mixin.py:190} INFO - [2024-10-24T22:32:51.413+0000] {dag.py:4180} INFO - Setting next_dagrun for sparking_flow to 2024-10-24 00:00:00+00:00, run_after=2024-10-25 00:00:00+00:00
[2024-10-24T22:32:51.431+0000] {processor.py:208} INFO - Processing /opt/airflow/dags/spark_airflow.py took 0.094 seconds
[2024-10-24T22:33:21.589+0000] {processor.py:186} INFO - Started process (PID=17366) to work on /opt/airflow/dags/spark_airflow.py
[2024-10-24T22:33:21.590+0000] {processor.py:914} INFO - Processing file /opt/airflow/dags/spark_airflow.py for tasks to queue
[2024-10-24T22:33:21.591+0000] {logging_mixin.py:190} INFO - [2024-10-24T22:33:21.591+0000] {dagbag.py:588} INFO - Filling up the DagBag from /opt/airflow/dags/spark_airflow.py
[2024-10-24T22:33:21.612+0000] {processor.py:925} INFO - DAG(s) 'sparking_flow' retrieved from /opt/airflow/dags/spark_airflow.py
[2024-10-24T22:33:21.638+0000] {logging_mixin.py:190} INFO - [2024-10-24T22:33:21.638+0000] {dag.py:3239} INFO - Sync 1 DAGs
[2024-10-24T22:33:21.662+0000] {logging_mixin.py:190} INFO - [2024-10-24T22:33:21.662+0000] {dag.py:4180} INFO - Setting next_dagrun for sparking_flow to 2024-10-24 00:00:00+00:00, run_after=2024-10-25 00:00:00+00:00
[2024-10-24T22:33:21.683+0000] {processor.py:208} INFO - Processing /opt/airflow/dags/spark_airflow.py took 0.099 seconds
[2024-10-24T22:33:51.778+0000] {processor.py:186} INFO - Started process (PID=17371) to work on /opt/airflow/dags/spark_airflow.py
[2024-10-24T22:33:51.779+0000] {processor.py:914} INFO - Processing file /opt/airflow/dags/spark_airflow.py for tasks to queue
[2024-10-24T22:33:51.780+0000] {logging_mixin.py:190} INFO - [2024-10-24T22:33:51.780+0000] {dagbag.py:588} INFO - Filling up the DagBag from /opt/airflow/dags/spark_airflow.py
[2024-10-24T22:33:51.799+0000] {processor.py:925} INFO - DAG(s) 'sparking_flow' retrieved from /opt/airflow/dags/spark_airflow.py
[2024-10-24T22:33:51.826+0000] {logging_mixin.py:190} INFO - [2024-10-24T22:33:51.825+0000] {dag.py:3239} INFO - Sync 1 DAGs
[2024-10-24T22:33:51.848+0000] {logging_mixin.py:190} INFO - [2024-10-24T22:33:51.847+0000] {dag.py:4180} INFO - Setting next_dagrun for sparking_flow to 2024-10-24 00:00:00+00:00, run_after=2024-10-25 00:00:00+00:00
[2024-10-24T22:33:51.871+0000] {processor.py:208} INFO - Processing /opt/airflow/dags/spark_airflow.py took 0.098 seconds
[2024-10-24T22:34:22.022+0000] {processor.py:186} INFO - Started process (PID=17376) to work on /opt/airflow/dags/spark_airflow.py
[2024-10-24T22:34:22.023+0000] {processor.py:914} INFO - Processing file /opt/airflow/dags/spark_airflow.py for tasks to queue
[2024-10-24T22:34:22.025+0000] {logging_mixin.py:190} INFO - [2024-10-24T22:34:22.025+0000] {dagbag.py:588} INFO - Filling up the DagBag from /opt/airflow/dags/spark_airflow.py
[2024-10-24T22:34:22.043+0000] {processor.py:925} INFO - DAG(s) 'sparking_flow' retrieved from /opt/airflow/dags/spark_airflow.py
[2024-10-24T22:34:22.068+0000] {logging_mixin.py:190} INFO - [2024-10-24T22:34:22.068+0000] {dag.py:3239} INFO - Sync 1 DAGs
[2024-10-24T22:34:22.090+0000] {logging_mixin.py:190} INFO - [2024-10-24T22:34:22.090+0000] {dag.py:4180} INFO - Setting next_dagrun for sparking_flow to 2024-10-24 00:00:00+00:00, run_after=2024-10-25 00:00:00+00:00
[2024-10-24T22:34:22.121+0000] {processor.py:208} INFO - Processing /opt/airflow/dags/spark_airflow.py took 0.103 seconds
[2024-10-24T22:34:52.230+0000] {processor.py:186} INFO - Started process (PID=17381) to work on /opt/airflow/dags/spark_airflow.py
[2024-10-24T22:34:52.232+0000] {processor.py:914} INFO - Processing file /opt/airflow/dags/spark_airflow.py for tasks to queue
[2024-10-24T22:34:52.233+0000] {logging_mixin.py:190} INFO - [2024-10-24T22:34:52.233+0000] {dagbag.py:588} INFO - Filling up the DagBag from /opt/airflow/dags/spark_airflow.py
[2024-10-24T22:34:52.252+0000] {processor.py:925} INFO - DAG(s) 'sparking_flow' retrieved from /opt/airflow/dags/spark_airflow.py
[2024-10-24T22:34:52.280+0000] {logging_mixin.py:190} INFO - [2024-10-24T22:34:52.280+0000] {dag.py:3239} INFO - Sync 1 DAGs
[2024-10-24T22:34:52.303+0000] {logging_mixin.py:190} INFO - [2024-10-24T22:34:52.303+0000] {dag.py:4180} INFO - Setting next_dagrun for sparking_flow to 2024-10-24 00:00:00+00:00, run_after=2024-10-25 00:00:00+00:00
[2024-10-24T22:34:52.320+0000] {processor.py:208} INFO - Processing /opt/airflow/dags/spark_airflow.py took 0.095 seconds
[2024-10-24T22:35:22.476+0000] {processor.py:186} INFO - Started process (PID=17386) to work on /opt/airflow/dags/spark_airflow.py
[2024-10-24T22:35:22.477+0000] {processor.py:914} INFO - Processing file /opt/airflow/dags/spark_airflow.py for tasks to queue
[2024-10-24T22:35:22.479+0000] {logging_mixin.py:190} INFO - [2024-10-24T22:35:22.479+0000] {dagbag.py:588} INFO - Filling up the DagBag from /opt/airflow/dags/spark_airflow.py
[2024-10-24T22:35:22.499+0000] {processor.py:925} INFO - DAG(s) 'sparking_flow' retrieved from /opt/airflow/dags/spark_airflow.py
[2024-10-24T22:35:22.526+0000] {logging_mixin.py:190} INFO - [2024-10-24T22:35:22.526+0000] {dag.py:3239} INFO - Sync 1 DAGs
[2024-10-24T22:35:22.549+0000] {logging_mixin.py:190} INFO - [2024-10-24T22:35:22.549+0000] {dag.py:4180} INFO - Setting next_dagrun for sparking_flow to 2024-10-24 00:00:00+00:00, run_after=2024-10-25 00:00:00+00:00
[2024-10-24T22:35:22.567+0000] {processor.py:208} INFO - Processing /opt/airflow/dags/spark_airflow.py took 0.098 seconds
[2024-10-24T22:35:52.669+0000] {processor.py:186} INFO - Started process (PID=17391) to work on /opt/airflow/dags/spark_airflow.py
[2024-10-24T22:35:52.671+0000] {processor.py:914} INFO - Processing file /opt/airflow/dags/spark_airflow.py for tasks to queue
[2024-10-24T22:35:52.672+0000] {logging_mixin.py:190} INFO - [2024-10-24T22:35:52.672+0000] {dagbag.py:588} INFO - Filling up the DagBag from /opt/airflow/dags/spark_airflow.py
[2024-10-24T22:35:52.692+0000] {processor.py:925} INFO - DAG(s) 'sparking_flow' retrieved from /opt/airflow/dags/spark_airflow.py
[2024-10-24T22:35:52.721+0000] {logging_mixin.py:190} INFO - [2024-10-24T22:35:52.721+0000] {dag.py:3239} INFO - Sync 1 DAGs
[2024-10-24T22:35:52.745+0000] {logging_mixin.py:190} INFO - [2024-10-24T22:35:52.744+0000] {dag.py:4180} INFO - Setting next_dagrun for sparking_flow to 2024-10-24 00:00:00+00:00, run_after=2024-10-25 00:00:00+00:00
[2024-10-24T22:35:52.779+0000] {processor.py:208} INFO - Processing /opt/airflow/dags/spark_airflow.py took 0.116 seconds
[2024-10-24T22:36:22.904+0000] {processor.py:186} INFO - Started process (PID=17396) to work on /opt/airflow/dags/spark_airflow.py
[2024-10-24T22:36:22.906+0000] {processor.py:914} INFO - Processing file /opt/airflow/dags/spark_airflow.py for tasks to queue
[2024-10-24T22:36:22.907+0000] {logging_mixin.py:190} INFO - [2024-10-24T22:36:22.907+0000] {dagbag.py:588} INFO - Filling up the DagBag from /opt/airflow/dags/spark_airflow.py
[2024-10-24T22:36:22.926+0000] {processor.py:925} INFO - DAG(s) 'sparking_flow' retrieved from /opt/airflow/dags/spark_airflow.py
[2024-10-24T22:36:22.953+0000] {logging_mixin.py:190} INFO - [2024-10-24T22:36:22.953+0000] {dag.py:3239} INFO - Sync 1 DAGs
[2024-10-24T22:36:22.977+0000] {logging_mixin.py:190} INFO - [2024-10-24T22:36:22.977+0000] {dag.py:4180} INFO - Setting next_dagrun for sparking_flow to 2024-10-24 00:00:00+00:00, run_after=2024-10-25 00:00:00+00:00
[2024-10-24T22:36:22.996+0000] {processor.py:208} INFO - Processing /opt/airflow/dags/spark_airflow.py took 0.099 seconds
[2024-10-24T22:36:53.122+0000] {processor.py:186} INFO - Started process (PID=17401) to work on /opt/airflow/dags/spark_airflow.py
[2024-10-24T22:36:53.124+0000] {processor.py:914} INFO - Processing file /opt/airflow/dags/spark_airflow.py for tasks to queue
[2024-10-24T22:36:53.125+0000] {logging_mixin.py:190} INFO - [2024-10-24T22:36:53.125+0000] {dagbag.py:588} INFO - Filling up the DagBag from /opt/airflow/dags/spark_airflow.py
[2024-10-24T22:36:53.145+0000] {processor.py:925} INFO - DAG(s) 'sparking_flow' retrieved from /opt/airflow/dags/spark_airflow.py
[2024-10-24T22:36:53.172+0000] {logging_mixin.py:190} INFO - [2024-10-24T22:36:53.172+0000] {dag.py:3239} INFO - Sync 1 DAGs
[2024-10-24T22:36:53.196+0000] {logging_mixin.py:190} INFO - [2024-10-24T22:36:53.196+0000] {dag.py:4180} INFO - Setting next_dagrun for sparking_flow to 2024-10-24 00:00:00+00:00, run_after=2024-10-25 00:00:00+00:00
[2024-10-24T22:36:53.214+0000] {processor.py:208} INFO - Processing /opt/airflow/dags/spark_airflow.py took 0.098 seconds
