[2024-11-04T09:50:05.110+0000] {processor.py:186} INFO - Started process (PID=74874) to work on /opt/airflow/dags/spark_airflow.py
[2024-11-04T09:50:05.118+0000] {processor.py:914} INFO - Processing file /opt/airflow/dags/spark_airflow.py for tasks to queue
[2024-11-04T09:50:05.126+0000] {logging_mixin.py:190} INFO - [2024-11-04T09:50:05.124+0000] {dagbag.py:588} INFO - Filling up the DagBag from /opt/airflow/dags/spark_airflow.py
[2024-11-04T09:50:05.200+0000] {processor.py:925} INFO - DAG(s) 'sparking_flow' retrieved from /opt/airflow/dags/spark_airflow.py
[2024-11-04T09:50:06.260+0000] {logging_mixin.py:190} INFO - [2024-11-04T09:50:06.259+0000] {dag.py:3239} INFO - Sync 1 DAGs
[2024-11-04T09:50:06.351+0000] {logging_mixin.py:190} INFO - [2024-11-04T09:50:06.350+0000] {dag.py:4180} INFO - Setting next_dagrun for sparking_flow to 2024-11-04 00:00:00+00:00, run_after=2024-11-05 00:00:00+00:00
[2024-11-04T09:50:06.413+0000] {processor.py:208} INFO - Processing /opt/airflow/dags/spark_airflow.py took 1.326 seconds
[2024-11-04T09:50:36.801+0000] {processor.py:186} INFO - Started process (PID=74921) to work on /opt/airflow/dags/spark_airflow.py
[2024-11-04T09:50:36.803+0000] {processor.py:914} INFO - Processing file /opt/airflow/dags/spark_airflow.py for tasks to queue
[2024-11-04T09:50:36.804+0000] {logging_mixin.py:190} INFO - [2024-11-04T09:50:36.804+0000] {dagbag.py:588} INFO - Filling up the DagBag from /opt/airflow/dags/spark_airflow.py
[2024-11-04T09:50:36.823+0000] {processor.py:925} INFO - DAG(s) 'sparking_flow' retrieved from /opt/airflow/dags/spark_airflow.py
[2024-11-04T09:50:36.857+0000] {logging_mixin.py:190} INFO - [2024-11-04T09:50:36.857+0000] {dag.py:3239} INFO - Sync 1 DAGs
[2024-11-04T09:50:36.880+0000] {logging_mixin.py:190} INFO - [2024-11-04T09:50:36.880+0000] {dag.py:4180} INFO - Setting next_dagrun for sparking_flow to 2024-11-04 00:00:00+00:00, run_after=2024-11-05 00:00:00+00:00
[2024-11-04T09:50:36.897+0000] {processor.py:208} INFO - Processing /opt/airflow/dags/spark_airflow.py took 0.104 seconds
[2024-11-04T09:51:06.983+0000] {processor.py:186} INFO - Started process (PID=74926) to work on /opt/airflow/dags/spark_airflow.py
[2024-11-04T09:51:06.984+0000] {processor.py:914} INFO - Processing file /opt/airflow/dags/spark_airflow.py for tasks to queue
[2024-11-04T09:51:06.986+0000] {logging_mixin.py:190} INFO - [2024-11-04T09:51:06.985+0000] {dagbag.py:588} INFO - Filling up the DagBag from /opt/airflow/dags/spark_airflow.py
[2024-11-04T09:51:07.006+0000] {processor.py:925} INFO - DAG(s) 'sparking_flow' retrieved from /opt/airflow/dags/spark_airflow.py
[2024-11-04T09:51:07.035+0000] {logging_mixin.py:190} INFO - [2024-11-04T09:51:07.035+0000] {dag.py:3239} INFO - Sync 1 DAGs
[2024-11-04T09:51:07.060+0000] {logging_mixin.py:190} INFO - [2024-11-04T09:51:07.060+0000] {dag.py:4180} INFO - Setting next_dagrun for sparking_flow to 2024-11-04 00:00:00+00:00, run_after=2024-11-05 00:00:00+00:00
[2024-11-04T09:51:07.076+0000] {processor.py:208} INFO - Processing /opt/airflow/dags/spark_airflow.py took 0.100 seconds
[2024-11-04T09:51:37.263+0000] {processor.py:186} INFO - Started process (PID=74931) to work on /opt/airflow/dags/spark_airflow.py
[2024-11-04T09:51:37.264+0000] {processor.py:914} INFO - Processing file /opt/airflow/dags/spark_airflow.py for tasks to queue
[2024-11-04T09:51:37.265+0000] {logging_mixin.py:190} INFO - [2024-11-04T09:51:37.265+0000] {dagbag.py:588} INFO - Filling up the DagBag from /opt/airflow/dags/spark_airflow.py
[2024-11-04T09:51:37.283+0000] {processor.py:925} INFO - DAG(s) 'sparking_flow' retrieved from /opt/airflow/dags/spark_airflow.py
[2024-11-04T09:51:37.307+0000] {logging_mixin.py:190} INFO - [2024-11-04T09:51:37.307+0000] {dag.py:3239} INFO - Sync 1 DAGs
[2024-11-04T09:51:37.338+0000] {logging_mixin.py:190} INFO - [2024-11-04T09:51:37.338+0000] {dag.py:4180} INFO - Setting next_dagrun for sparking_flow to 2024-11-04 00:00:00+00:00, run_after=2024-11-05 00:00:00+00:00
[2024-11-04T09:51:37.354+0000] {processor.py:208} INFO - Processing /opt/airflow/dags/spark_airflow.py took 0.095 seconds
[2024-11-04T09:52:07.441+0000] {processor.py:186} INFO - Started process (PID=74936) to work on /opt/airflow/dags/spark_airflow.py
[2024-11-04T09:52:07.442+0000] {processor.py:914} INFO - Processing file /opt/airflow/dags/spark_airflow.py for tasks to queue
[2024-11-04T09:52:07.443+0000] {logging_mixin.py:190} INFO - [2024-11-04T09:52:07.443+0000] {dagbag.py:588} INFO - Filling up the DagBag from /opt/airflow/dags/spark_airflow.py
[2024-11-04T09:52:07.462+0000] {processor.py:925} INFO - DAG(s) 'sparking_flow' retrieved from /opt/airflow/dags/spark_airflow.py
[2024-11-04T09:52:07.490+0000] {logging_mixin.py:190} INFO - [2024-11-04T09:52:07.490+0000] {dag.py:3239} INFO - Sync 1 DAGs
[2024-11-04T09:52:07.513+0000] {logging_mixin.py:190} INFO - [2024-11-04T09:52:07.513+0000] {dag.py:4180} INFO - Setting next_dagrun for sparking_flow to 2024-11-04 00:00:00+00:00, run_after=2024-11-05 00:00:00+00:00
[2024-11-04T09:52:07.532+0000] {processor.py:208} INFO - Processing /opt/airflow/dags/spark_airflow.py took 0.097 seconds
[2024-11-04T09:52:37.679+0000] {processor.py:186} INFO - Started process (PID=74941) to work on /opt/airflow/dags/spark_airflow.py
[2024-11-04T09:52:37.680+0000] {processor.py:914} INFO - Processing file /opt/airflow/dags/spark_airflow.py for tasks to queue
[2024-11-04T09:52:37.682+0000] {logging_mixin.py:190} INFO - [2024-11-04T09:52:37.681+0000] {dagbag.py:588} INFO - Filling up the DagBag from /opt/airflow/dags/spark_airflow.py
[2024-11-04T09:52:37.701+0000] {processor.py:925} INFO - DAG(s) 'sparking_flow' retrieved from /opt/airflow/dags/spark_airflow.py
[2024-11-04T09:52:37.725+0000] {logging_mixin.py:190} INFO - [2024-11-04T09:52:37.725+0000] {dag.py:3239} INFO - Sync 1 DAGs
[2024-11-04T09:52:37.747+0000] {logging_mixin.py:190} INFO - [2024-11-04T09:52:37.747+0000] {dag.py:4180} INFO - Setting next_dagrun for sparking_flow to 2024-11-04 00:00:00+00:00, run_after=2024-11-05 00:00:00+00:00
[2024-11-04T09:52:37.763+0000] {processor.py:208} INFO - Processing /opt/airflow/dags/spark_airflow.py took 0.089 seconds
[2024-11-04T09:53:07.858+0000] {processor.py:186} INFO - Started process (PID=74946) to work on /opt/airflow/dags/spark_airflow.py
[2024-11-04T09:53:07.859+0000] {processor.py:914} INFO - Processing file /opt/airflow/dags/spark_airflow.py for tasks to queue
[2024-11-04T09:53:07.860+0000] {logging_mixin.py:190} INFO - [2024-11-04T09:53:07.860+0000] {dagbag.py:588} INFO - Filling up the DagBag from /opt/airflow/dags/spark_airflow.py
[2024-11-04T09:53:07.877+0000] {processor.py:925} INFO - DAG(s) 'sparking_flow' retrieved from /opt/airflow/dags/spark_airflow.py
[2024-11-04T09:53:07.904+0000] {logging_mixin.py:190} INFO - [2024-11-04T09:53:07.904+0000] {dag.py:3239} INFO - Sync 1 DAGs
[2024-11-04T09:53:07.929+0000] {logging_mixin.py:190} INFO - [2024-11-04T09:53:07.929+0000] {dag.py:4180} INFO - Setting next_dagrun for sparking_flow to 2024-11-04 00:00:00+00:00, run_after=2024-11-05 00:00:00+00:00
[2024-11-04T09:53:07.949+0000] {processor.py:208} INFO - Processing /opt/airflow/dags/spark_airflow.py took 0.096 seconds
[2024-11-04T09:53:38.092+0000] {processor.py:186} INFO - Started process (PID=74951) to work on /opt/airflow/dags/spark_airflow.py
[2024-11-04T09:53:38.093+0000] {processor.py:914} INFO - Processing file /opt/airflow/dags/spark_airflow.py for tasks to queue
[2024-11-04T09:53:38.094+0000] {logging_mixin.py:190} INFO - [2024-11-04T09:53:38.093+0000] {dagbag.py:588} INFO - Filling up the DagBag from /opt/airflow/dags/spark_airflow.py
[2024-11-04T09:53:38.113+0000] {processor.py:925} INFO - DAG(s) 'sparking_flow' retrieved from /opt/airflow/dags/spark_airflow.py
[2024-11-04T09:53:38.142+0000] {logging_mixin.py:190} INFO - [2024-11-04T09:53:38.141+0000] {dag.py:3239} INFO - Sync 1 DAGs
[2024-11-04T09:53:38.165+0000] {logging_mixin.py:190} INFO - [2024-11-04T09:53:38.165+0000] {dag.py:4180} INFO - Setting next_dagrun for sparking_flow to 2024-11-04 00:00:00+00:00, run_after=2024-11-05 00:00:00+00:00
[2024-11-04T09:53:38.182+0000] {processor.py:208} INFO - Processing /opt/airflow/dags/spark_airflow.py took 0.096 seconds
[2024-11-04T09:54:08.291+0000] {processor.py:186} INFO - Started process (PID=74956) to work on /opt/airflow/dags/spark_airflow.py
[2024-11-04T09:54:08.292+0000] {processor.py:914} INFO - Processing file /opt/airflow/dags/spark_airflow.py for tasks to queue
[2024-11-04T09:54:08.293+0000] {logging_mixin.py:190} INFO - [2024-11-04T09:54:08.292+0000] {dagbag.py:588} INFO - Filling up the DagBag from /opt/airflow/dags/spark_airflow.py
[2024-11-04T09:54:08.313+0000] {processor.py:925} INFO - DAG(s) 'sparking_flow' retrieved from /opt/airflow/dags/spark_airflow.py
[2024-11-04T09:54:08.343+0000] {logging_mixin.py:190} INFO - [2024-11-04T09:54:08.343+0000] {dag.py:3239} INFO - Sync 1 DAGs
[2024-11-04T09:54:08.368+0000] {logging_mixin.py:190} INFO - [2024-11-04T09:54:08.368+0000] {dag.py:4180} INFO - Setting next_dagrun for sparking_flow to 2024-11-04 00:00:00+00:00, run_after=2024-11-05 00:00:00+00:00
[2024-11-04T09:54:08.391+0000] {processor.py:208} INFO - Processing /opt/airflow/dags/spark_airflow.py took 0.106 seconds
[2024-11-04T09:54:38.534+0000] {processor.py:186} INFO - Started process (PID=74961) to work on /opt/airflow/dags/spark_airflow.py
[2024-11-04T09:54:38.535+0000] {processor.py:914} INFO - Processing file /opt/airflow/dags/spark_airflow.py for tasks to queue
[2024-11-04T09:54:38.537+0000] {logging_mixin.py:190} INFO - [2024-11-04T09:54:38.537+0000] {dagbag.py:588} INFO - Filling up the DagBag from /opt/airflow/dags/spark_airflow.py
[2024-11-04T09:54:38.555+0000] {processor.py:925} INFO - DAG(s) 'sparking_flow' retrieved from /opt/airflow/dags/spark_airflow.py
[2024-11-04T09:54:38.582+0000] {logging_mixin.py:190} INFO - [2024-11-04T09:54:38.581+0000] {dag.py:3239} INFO - Sync 1 DAGs
[2024-11-04T09:54:38.604+0000] {logging_mixin.py:190} INFO - [2024-11-04T09:54:38.604+0000] {dag.py:4180} INFO - Setting next_dagrun for sparking_flow to 2024-11-04 00:00:00+00:00, run_after=2024-11-05 00:00:00+00:00
[2024-11-04T09:54:38.622+0000] {processor.py:208} INFO - Processing /opt/airflow/dags/spark_airflow.py took 0.094 seconds
[2024-11-04T09:55:08.777+0000] {processor.py:186} INFO - Started process (PID=74966) to work on /opt/airflow/dags/spark_airflow.py
[2024-11-04T09:55:08.778+0000] {processor.py:914} INFO - Processing file /opt/airflow/dags/spark_airflow.py for tasks to queue
[2024-11-04T09:55:08.779+0000] {logging_mixin.py:190} INFO - [2024-11-04T09:55:08.779+0000] {dagbag.py:588} INFO - Filling up the DagBag from /opt/airflow/dags/spark_airflow.py
[2024-11-04T09:55:08.796+0000] {processor.py:925} INFO - DAG(s) 'sparking_flow' retrieved from /opt/airflow/dags/spark_airflow.py
[2024-11-04T09:55:08.821+0000] {logging_mixin.py:190} INFO - [2024-11-04T09:55:08.821+0000] {dag.py:3239} INFO - Sync 1 DAGs
[2024-11-04T09:55:08.844+0000] {logging_mixin.py:190} INFO - [2024-11-04T09:55:08.843+0000] {dag.py:4180} INFO - Setting next_dagrun for sparking_flow to 2024-11-04 00:00:00+00:00, run_after=2024-11-05 00:00:00+00:00
[2024-11-04T09:55:08.862+0000] {processor.py:208} INFO - Processing /opt/airflow/dags/spark_airflow.py took 0.090 seconds
[2024-11-04T09:55:38.980+0000] {processor.py:186} INFO - Started process (PID=74971) to work on /opt/airflow/dags/spark_airflow.py
[2024-11-04T09:55:38.981+0000] {processor.py:914} INFO - Processing file /opt/airflow/dags/spark_airflow.py for tasks to queue
[2024-11-04T09:55:38.982+0000] {logging_mixin.py:190} INFO - [2024-11-04T09:55:38.982+0000] {dagbag.py:588} INFO - Filling up the DagBag from /opt/airflow/dags/spark_airflow.py
[2024-11-04T09:55:39.002+0000] {processor.py:925} INFO - DAG(s) 'sparking_flow' retrieved from /opt/airflow/dags/spark_airflow.py
[2024-11-04T09:55:39.026+0000] {logging_mixin.py:190} INFO - [2024-11-04T09:55:39.025+0000] {dag.py:3239} INFO - Sync 1 DAGs
[2024-11-04T09:55:39.048+0000] {logging_mixin.py:190} INFO - [2024-11-04T09:55:39.047+0000] {dag.py:4180} INFO - Setting next_dagrun for sparking_flow to 2024-11-04 00:00:00+00:00, run_after=2024-11-05 00:00:00+00:00
[2024-11-04T09:55:39.065+0000] {processor.py:208} INFO - Processing /opt/airflow/dags/spark_airflow.py took 0.093 seconds
[2024-11-04T09:56:09.233+0000] {processor.py:186} INFO - Started process (PID=74976) to work on /opt/airflow/dags/spark_airflow.py
[2024-11-04T09:56:09.234+0000] {processor.py:914} INFO - Processing file /opt/airflow/dags/spark_airflow.py for tasks to queue
[2024-11-04T09:56:09.235+0000] {logging_mixin.py:190} INFO - [2024-11-04T09:56:09.235+0000] {dagbag.py:588} INFO - Filling up the DagBag from /opt/airflow/dags/spark_airflow.py
[2024-11-04T09:56:09.254+0000] {processor.py:925} INFO - DAG(s) 'sparking_flow' retrieved from /opt/airflow/dags/spark_airflow.py
[2024-11-04T09:56:09.285+0000] {logging_mixin.py:190} INFO - [2024-11-04T09:56:09.285+0000] {dag.py:3239} INFO - Sync 1 DAGs
[2024-11-04T09:56:09.311+0000] {logging_mixin.py:190} INFO - [2024-11-04T09:56:09.311+0000] {dag.py:4180} INFO - Setting next_dagrun for sparking_flow to 2024-11-04 00:00:00+00:00, run_after=2024-11-05 00:00:00+00:00
[2024-11-04T09:56:09.337+0000] {processor.py:208} INFO - Processing /opt/airflow/dags/spark_airflow.py took 0.109 seconds
[2024-11-04T09:56:39.406+0000] {processor.py:186} INFO - Started process (PID=74981) to work on /opt/airflow/dags/spark_airflow.py
[2024-11-04T09:56:39.407+0000] {processor.py:914} INFO - Processing file /opt/airflow/dags/spark_airflow.py for tasks to queue
[2024-11-04T09:56:39.409+0000] {logging_mixin.py:190} INFO - [2024-11-04T09:56:39.408+0000] {dagbag.py:588} INFO - Filling up the DagBag from /opt/airflow/dags/spark_airflow.py
[2024-11-04T09:56:39.429+0000] {processor.py:925} INFO - DAG(s) 'sparking_flow' retrieved from /opt/airflow/dags/spark_airflow.py
[2024-11-04T09:56:39.456+0000] {logging_mixin.py:190} INFO - [2024-11-04T09:56:39.455+0000] {dag.py:3239} INFO - Sync 1 DAGs
[2024-11-04T09:56:39.478+0000] {logging_mixin.py:190} INFO - [2024-11-04T09:56:39.477+0000] {dag.py:4180} INFO - Setting next_dagrun for sparking_flow to 2024-11-04 00:00:00+00:00, run_after=2024-11-05 00:00:00+00:00
[2024-11-04T09:56:39.495+0000] {processor.py:208} INFO - Processing /opt/airflow/dags/spark_airflow.py took 0.095 seconds
[2024-11-04T09:57:09.674+0000] {processor.py:186} INFO - Started process (PID=74986) to work on /opt/airflow/dags/spark_airflow.py
[2024-11-04T09:57:09.675+0000] {processor.py:914} INFO - Processing file /opt/airflow/dags/spark_airflow.py for tasks to queue
[2024-11-04T09:57:09.677+0000] {logging_mixin.py:190} INFO - [2024-11-04T09:57:09.676+0000] {dagbag.py:588} INFO - Filling up the DagBag from /opt/airflow/dags/spark_airflow.py
[2024-11-04T09:57:09.694+0000] {processor.py:925} INFO - DAG(s) 'sparking_flow' retrieved from /opt/airflow/dags/spark_airflow.py
[2024-11-04T09:57:09.720+0000] {logging_mixin.py:190} INFO - [2024-11-04T09:57:09.720+0000] {dag.py:3239} INFO - Sync 1 DAGs
[2024-11-04T09:57:09.742+0000] {logging_mixin.py:190} INFO - [2024-11-04T09:57:09.742+0000] {dag.py:4180} INFO - Setting next_dagrun for sparking_flow to 2024-11-04 00:00:00+00:00, run_after=2024-11-05 00:00:00+00:00
[2024-11-04T09:57:09.758+0000] {processor.py:208} INFO - Processing /opt/airflow/dags/spark_airflow.py took 0.089 seconds
[2024-11-04T09:57:39.859+0000] {processor.py:186} INFO - Started process (PID=74991) to work on /opt/airflow/dags/spark_airflow.py
[2024-11-04T09:57:39.860+0000] {processor.py:914} INFO - Processing file /opt/airflow/dags/spark_airflow.py for tasks to queue
[2024-11-04T09:57:39.861+0000] {logging_mixin.py:190} INFO - [2024-11-04T09:57:39.861+0000] {dagbag.py:588} INFO - Filling up the DagBag from /opt/airflow/dags/spark_airflow.py
[2024-11-04T09:57:39.883+0000] {processor.py:925} INFO - DAG(s) 'sparking_flow' retrieved from /opt/airflow/dags/spark_airflow.py
[2024-11-04T09:57:39.916+0000] {logging_mixin.py:190} INFO - [2024-11-04T09:57:39.916+0000] {dag.py:3239} INFO - Sync 1 DAGs
[2024-11-04T09:57:39.942+0000] {logging_mixin.py:190} INFO - [2024-11-04T09:57:39.941+0000] {dag.py:4180} INFO - Setting next_dagrun for sparking_flow to 2024-11-04 00:00:00+00:00, run_after=2024-11-05 00:00:00+00:00
[2024-11-04T09:57:39.962+0000] {processor.py:208} INFO - Processing /opt/airflow/dags/spark_airflow.py took 0.110 seconds
[2024-11-04T09:58:10.124+0000] {processor.py:186} INFO - Started process (PID=74996) to work on /opt/airflow/dags/spark_airflow.py
[2024-11-04T09:58:10.125+0000] {processor.py:914} INFO - Processing file /opt/airflow/dags/spark_airflow.py for tasks to queue
[2024-11-04T09:58:10.135+0000] {logging_mixin.py:190} INFO - [2024-11-04T09:58:10.135+0000] {dagbag.py:588} INFO - Filling up the DagBag from /opt/airflow/dags/spark_airflow.py
[2024-11-04T09:58:10.183+0000] {processor.py:925} INFO - DAG(s) 'sparking_flow' retrieved from /opt/airflow/dags/spark_airflow.py
[2024-11-04T09:58:10.261+0000] {logging_mixin.py:190} INFO - [2024-11-04T09:58:10.261+0000] {dag.py:3239} INFO - Sync 1 DAGs
[2024-11-04T09:58:10.328+0000] {logging_mixin.py:190} INFO - [2024-11-04T09:58:10.327+0000] {dag.py:4180} INFO - Setting next_dagrun for sparking_flow to 2024-11-04 00:00:00+00:00, run_after=2024-11-05 00:00:00+00:00
[2024-11-04T09:58:10.365+0000] {processor.py:208} INFO - Processing /opt/airflow/dags/spark_airflow.py took 0.249 seconds
[2024-11-04T09:58:40.578+0000] {processor.py:186} INFO - Started process (PID=75001) to work on /opt/airflow/dags/spark_airflow.py
[2024-11-04T09:58:40.579+0000] {processor.py:914} INFO - Processing file /opt/airflow/dags/spark_airflow.py for tasks to queue
[2024-11-04T09:58:40.580+0000] {logging_mixin.py:190} INFO - [2024-11-04T09:58:40.580+0000] {dagbag.py:588} INFO - Filling up the DagBag from /opt/airflow/dags/spark_airflow.py
[2024-11-04T09:58:40.602+0000] {processor.py:925} INFO - DAG(s) 'sparking_flow' retrieved from /opt/airflow/dags/spark_airflow.py
[2024-11-04T09:58:40.633+0000] {logging_mixin.py:190} INFO - [2024-11-04T09:58:40.633+0000] {dag.py:3239} INFO - Sync 1 DAGs
[2024-11-04T09:58:40.661+0000] {logging_mixin.py:190} INFO - [2024-11-04T09:58:40.661+0000] {dag.py:4180} INFO - Setting next_dagrun for sparking_flow to 2024-11-04 00:00:00+00:00, run_after=2024-11-05 00:00:00+00:00
[2024-11-04T09:58:40.683+0000] {processor.py:208} INFO - Processing /opt/airflow/dags/spark_airflow.py took 0.112 seconds
[2024-11-04T09:59:10.745+0000] {processor.py:186} INFO - Started process (PID=75006) to work on /opt/airflow/dags/spark_airflow.py
[2024-11-04T09:59:10.746+0000] {processor.py:914} INFO - Processing file /opt/airflow/dags/spark_airflow.py for tasks to queue
[2024-11-04T09:59:10.747+0000] {logging_mixin.py:190} INFO - [2024-11-04T09:59:10.747+0000] {dagbag.py:588} INFO - Filling up the DagBag from /opt/airflow/dags/spark_airflow.py
[2024-11-04T09:59:10.766+0000] {processor.py:925} INFO - DAG(s) 'sparking_flow' retrieved from /opt/airflow/dags/spark_airflow.py
[2024-11-04T09:59:10.793+0000] {logging_mixin.py:190} INFO - [2024-11-04T09:59:10.793+0000] {dag.py:3239} INFO - Sync 1 DAGs
[2024-11-04T09:59:10.815+0000] {logging_mixin.py:190} INFO - [2024-11-04T09:59:10.815+0000] {dag.py:4180} INFO - Setting next_dagrun for sparking_flow to 2024-11-04 00:00:00+00:00, run_after=2024-11-05 00:00:00+00:00
[2024-11-04T09:59:10.832+0000] {processor.py:208} INFO - Processing /opt/airflow/dags/spark_airflow.py took 0.094 seconds
[2024-11-04T09:59:41.032+0000] {processor.py:186} INFO - Started process (PID=75011) to work on /opt/airflow/dags/spark_airflow.py
[2024-11-04T09:59:41.033+0000] {processor.py:914} INFO - Processing file /opt/airflow/dags/spark_airflow.py for tasks to queue
[2024-11-04T09:59:41.034+0000] {logging_mixin.py:190} INFO - [2024-11-04T09:59:41.034+0000] {dagbag.py:588} INFO - Filling up the DagBag from /opt/airflow/dags/spark_airflow.py
[2024-11-04T09:59:41.055+0000] {processor.py:925} INFO - DAG(s) 'sparking_flow' retrieved from /opt/airflow/dags/spark_airflow.py
[2024-11-04T09:59:41.094+0000] {logging_mixin.py:190} INFO - [2024-11-04T09:59:41.094+0000] {dag.py:3239} INFO - Sync 1 DAGs
[2024-11-04T09:59:41.131+0000] {logging_mixin.py:190} INFO - [2024-11-04T09:59:41.130+0000] {dag.py:4180} INFO - Setting next_dagrun for sparking_flow to 2024-11-04 00:00:00+00:00, run_after=2024-11-05 00:00:00+00:00
[2024-11-04T09:59:41.154+0000] {processor.py:208} INFO - Processing /opt/airflow/dags/spark_airflow.py took 0.127 seconds
[2024-11-04T10:00:11.244+0000] {processor.py:186} INFO - Started process (PID=75016) to work on /opt/airflow/dags/spark_airflow.py
[2024-11-04T10:00:11.244+0000] {processor.py:914} INFO - Processing file /opt/airflow/dags/spark_airflow.py for tasks to queue
[2024-11-04T10:00:11.246+0000] {logging_mixin.py:190} INFO - [2024-11-04T10:00:11.245+0000] {dagbag.py:588} INFO - Filling up the DagBag from /opt/airflow/dags/spark_airflow.py
[2024-11-04T10:00:11.264+0000] {processor.py:925} INFO - DAG(s) 'sparking_flow' retrieved from /opt/airflow/dags/spark_airflow.py
[2024-11-04T10:00:11.290+0000] {logging_mixin.py:190} INFO - [2024-11-04T10:00:11.289+0000] {dag.py:3239} INFO - Sync 1 DAGs
[2024-11-04T10:00:11.313+0000] {logging_mixin.py:190} INFO - [2024-11-04T10:00:11.312+0000] {dag.py:4180} INFO - Setting next_dagrun for sparking_flow to 2024-11-04 00:00:00+00:00, run_after=2024-11-05 00:00:00+00:00
[2024-11-04T10:00:11.330+0000] {processor.py:208} INFO - Processing /opt/airflow/dags/spark_airflow.py took 0.091 seconds
[2024-11-04T10:00:41.498+0000] {processor.py:186} INFO - Started process (PID=75021) to work on /opt/airflow/dags/spark_airflow.py
[2024-11-04T10:00:41.499+0000] {processor.py:914} INFO - Processing file /opt/airflow/dags/spark_airflow.py for tasks to queue
[2024-11-04T10:00:41.500+0000] {logging_mixin.py:190} INFO - [2024-11-04T10:00:41.499+0000] {dagbag.py:588} INFO - Filling up the DagBag from /opt/airflow/dags/spark_airflow.py
[2024-11-04T10:00:41.517+0000] {processor.py:925} INFO - DAG(s) 'sparking_flow' retrieved from /opt/airflow/dags/spark_airflow.py
[2024-11-04T10:00:41.541+0000] {logging_mixin.py:190} INFO - [2024-11-04T10:00:41.541+0000] {dag.py:3239} INFO - Sync 1 DAGs
[2024-11-04T10:00:41.563+0000] {logging_mixin.py:190} INFO - [2024-11-04T10:00:41.563+0000] {dag.py:4180} INFO - Setting next_dagrun for sparking_flow to 2024-11-04 00:00:00+00:00, run_after=2024-11-05 00:00:00+00:00
[2024-11-04T10:00:41.582+0000] {processor.py:208} INFO - Processing /opt/airflow/dags/spark_airflow.py took 0.088 seconds
[2024-11-04T10:01:11.681+0000] {processor.py:186} INFO - Started process (PID=75026) to work on /opt/airflow/dags/spark_airflow.py
[2024-11-04T10:01:11.682+0000] {processor.py:914} INFO - Processing file /opt/airflow/dags/spark_airflow.py for tasks to queue
[2024-11-04T10:01:11.683+0000] {logging_mixin.py:190} INFO - [2024-11-04T10:01:11.682+0000] {dagbag.py:588} INFO - Filling up the DagBag from /opt/airflow/dags/spark_airflow.py
[2024-11-04T10:01:11.700+0000] {processor.py:925} INFO - DAG(s) 'sparking_flow' retrieved from /opt/airflow/dags/spark_airflow.py
[2024-11-04T10:01:11.726+0000] {logging_mixin.py:190} INFO - [2024-11-04T10:01:11.726+0000] {dag.py:3239} INFO - Sync 1 DAGs
[2024-11-04T10:01:11.748+0000] {logging_mixin.py:190} INFO - [2024-11-04T10:01:11.748+0000] {dag.py:4180} INFO - Setting next_dagrun for sparking_flow to 2024-11-04 00:00:00+00:00, run_after=2024-11-05 00:00:00+00:00
[2024-11-04T10:01:11.765+0000] {processor.py:208} INFO - Processing /opt/airflow/dags/spark_airflow.py took 0.088 seconds
[2024-11-04T10:01:41.912+0000] {processor.py:186} INFO - Started process (PID=75031) to work on /opt/airflow/dags/spark_airflow.py
[2024-11-04T10:01:41.913+0000] {processor.py:914} INFO - Processing file /opt/airflow/dags/spark_airflow.py for tasks to queue
[2024-11-04T10:01:41.914+0000] {logging_mixin.py:190} INFO - [2024-11-04T10:01:41.914+0000] {dagbag.py:588} INFO - Filling up the DagBag from /opt/airflow/dags/spark_airflow.py
[2024-11-04T10:01:41.931+0000] {processor.py:925} INFO - DAG(s) 'sparking_flow' retrieved from /opt/airflow/dags/spark_airflow.py
[2024-11-04T10:01:41.954+0000] {logging_mixin.py:190} INFO - [2024-11-04T10:01:41.954+0000] {dag.py:3239} INFO - Sync 1 DAGs
[2024-11-04T10:01:41.975+0000] {logging_mixin.py:190} INFO - [2024-11-04T10:01:41.975+0000] {dag.py:4180} INFO - Setting next_dagrun for sparking_flow to 2024-11-04 00:00:00+00:00, run_after=2024-11-05 00:00:00+00:00
[2024-11-04T10:01:41.990+0000] {processor.py:208} INFO - Processing /opt/airflow/dags/spark_airflow.py took 0.082 seconds
[2024-11-04T10:02:12.088+0000] {processor.py:186} INFO - Started process (PID=75036) to work on /opt/airflow/dags/spark_airflow.py
[2024-11-04T10:02:12.089+0000] {processor.py:914} INFO - Processing file /opt/airflow/dags/spark_airflow.py for tasks to queue
[2024-11-04T10:02:12.091+0000] {logging_mixin.py:190} INFO - [2024-11-04T10:02:12.091+0000] {dagbag.py:588} INFO - Filling up the DagBag from /opt/airflow/dags/spark_airflow.py
[2024-11-04T10:02:12.110+0000] {processor.py:925} INFO - DAG(s) 'sparking_flow' retrieved from /opt/airflow/dags/spark_airflow.py
[2024-11-04T10:02:12.137+0000] {logging_mixin.py:190} INFO - [2024-11-04T10:02:12.137+0000] {dag.py:3239} INFO - Sync 1 DAGs
[2024-11-04T10:02:12.159+0000] {logging_mixin.py:190} INFO - [2024-11-04T10:02:12.159+0000] {dag.py:4180} INFO - Setting next_dagrun for sparking_flow to 2024-11-04 00:00:00+00:00, run_after=2024-11-05 00:00:00+00:00
[2024-11-04T10:02:12.176+0000] {processor.py:208} INFO - Processing /opt/airflow/dags/spark_airflow.py took 0.094 seconds
[2024-11-04T10:02:42.330+0000] {processor.py:186} INFO - Started process (PID=75041) to work on /opt/airflow/dags/spark_airflow.py
[2024-11-04T10:02:42.331+0000] {processor.py:914} INFO - Processing file /opt/airflow/dags/spark_airflow.py for tasks to queue
[2024-11-04T10:02:42.332+0000] {logging_mixin.py:190} INFO - [2024-11-04T10:02:42.332+0000] {dagbag.py:588} INFO - Filling up the DagBag from /opt/airflow/dags/spark_airflow.py
[2024-11-04T10:02:42.351+0000] {processor.py:925} INFO - DAG(s) 'sparking_flow' retrieved from /opt/airflow/dags/spark_airflow.py
[2024-11-04T10:02:42.376+0000] {logging_mixin.py:190} INFO - [2024-11-04T10:02:42.375+0000] {dag.py:3239} INFO - Sync 1 DAGs
[2024-11-04T10:02:42.397+0000] {logging_mixin.py:190} INFO - [2024-11-04T10:02:42.397+0000] {dag.py:4180} INFO - Setting next_dagrun for sparking_flow to 2024-11-04 00:00:00+00:00, run_after=2024-11-05 00:00:00+00:00
[2024-11-04T10:02:42.427+0000] {processor.py:208} INFO - Processing /opt/airflow/dags/spark_airflow.py took 0.103 seconds
[2024-11-04T10:03:12.520+0000] {processor.py:186} INFO - Started process (PID=75046) to work on /opt/airflow/dags/spark_airflow.py
[2024-11-04T10:03:12.521+0000] {processor.py:914} INFO - Processing file /opt/airflow/dags/spark_airflow.py for tasks to queue
[2024-11-04T10:03:12.522+0000] {logging_mixin.py:190} INFO - [2024-11-04T10:03:12.522+0000] {dagbag.py:588} INFO - Filling up the DagBag from /opt/airflow/dags/spark_airflow.py
[2024-11-04T10:03:12.544+0000] {processor.py:925} INFO - DAG(s) 'sparking_flow' retrieved from /opt/airflow/dags/spark_airflow.py
[2024-11-04T10:03:12.572+0000] {logging_mixin.py:190} INFO - [2024-11-04T10:03:12.572+0000] {dag.py:3239} INFO - Sync 1 DAGs
[2024-11-04T10:03:12.594+0000] {logging_mixin.py:190} INFO - [2024-11-04T10:03:12.594+0000] {dag.py:4180} INFO - Setting next_dagrun for sparking_flow to 2024-11-04 00:00:00+00:00, run_after=2024-11-05 00:00:00+00:00
[2024-11-04T10:03:12.613+0000] {processor.py:208} INFO - Processing /opt/airflow/dags/spark_airflow.py took 0.100 seconds
[2024-11-04T10:03:42.760+0000] {processor.py:186} INFO - Started process (PID=75051) to work on /opt/airflow/dags/spark_airflow.py
[2024-11-04T10:03:42.761+0000] {processor.py:914} INFO - Processing file /opt/airflow/dags/spark_airflow.py for tasks to queue
[2024-11-04T10:03:42.762+0000] {logging_mixin.py:190} INFO - [2024-11-04T10:03:42.762+0000] {dagbag.py:588} INFO - Filling up the DagBag from /opt/airflow/dags/spark_airflow.py
[2024-11-04T10:03:42.782+0000] {processor.py:925} INFO - DAG(s) 'sparking_flow' retrieved from /opt/airflow/dags/spark_airflow.py
[2024-11-04T10:03:42.806+0000] {logging_mixin.py:190} INFO - [2024-11-04T10:03:42.806+0000] {dag.py:3239} INFO - Sync 1 DAGs
[2024-11-04T10:03:42.829+0000] {logging_mixin.py:190} INFO - [2024-11-04T10:03:42.829+0000] {dag.py:4180} INFO - Setting next_dagrun for sparking_flow to 2024-11-04 00:00:00+00:00, run_after=2024-11-05 00:00:00+00:00
[2024-11-04T10:03:42.846+0000] {processor.py:208} INFO - Processing /opt/airflow/dags/spark_airflow.py took 0.092 seconds
[2024-11-04T10:04:12.938+0000] {processor.py:186} INFO - Started process (PID=75056) to work on /opt/airflow/dags/spark_airflow.py
[2024-11-04T10:04:12.939+0000] {processor.py:914} INFO - Processing file /opt/airflow/dags/spark_airflow.py for tasks to queue
[2024-11-04T10:04:12.941+0000] {logging_mixin.py:190} INFO - [2024-11-04T10:04:12.940+0000] {dagbag.py:588} INFO - Filling up the DagBag from /opt/airflow/dags/spark_airflow.py
[2024-11-04T10:04:12.960+0000] {processor.py:925} INFO - DAG(s) 'sparking_flow' retrieved from /opt/airflow/dags/spark_airflow.py
[2024-11-04T10:04:12.984+0000] {logging_mixin.py:190} INFO - [2024-11-04T10:04:12.983+0000] {dag.py:3239} INFO - Sync 1 DAGs
[2024-11-04T10:04:13.003+0000] {logging_mixin.py:190} INFO - [2024-11-04T10:04:13.003+0000] {dag.py:4180} INFO - Setting next_dagrun for sparking_flow to 2024-11-04 00:00:00+00:00, run_after=2024-11-05 00:00:00+00:00
[2024-11-04T10:04:13.019+0000] {processor.py:208} INFO - Processing /opt/airflow/dags/spark_airflow.py took 0.086 seconds
[2024-11-04T10:04:43.172+0000] {processor.py:186} INFO - Started process (PID=75061) to work on /opt/airflow/dags/spark_airflow.py
[2024-11-04T10:04:43.172+0000] {processor.py:914} INFO - Processing file /opt/airflow/dags/spark_airflow.py for tasks to queue
[2024-11-04T10:04:43.174+0000] {logging_mixin.py:190} INFO - [2024-11-04T10:04:43.173+0000] {dagbag.py:588} INFO - Filling up the DagBag from /opt/airflow/dags/spark_airflow.py
[2024-11-04T10:04:43.191+0000] {processor.py:925} INFO - DAG(s) 'sparking_flow' retrieved from /opt/airflow/dags/spark_airflow.py
[2024-11-04T10:04:43.216+0000] {logging_mixin.py:190} INFO - [2024-11-04T10:04:43.215+0000] {dag.py:3239} INFO - Sync 1 DAGs
[2024-11-04T10:04:43.237+0000] {logging_mixin.py:190} INFO - [2024-11-04T10:04:43.237+0000] {dag.py:4180} INFO - Setting next_dagrun for sparking_flow to 2024-11-04 00:00:00+00:00, run_after=2024-11-05 00:00:00+00:00
[2024-11-04T10:04:43.254+0000] {processor.py:208} INFO - Processing /opt/airflow/dags/spark_airflow.py took 0.087 seconds
[2024-11-04T10:05:13.387+0000] {processor.py:186} INFO - Started process (PID=75066) to work on /opt/airflow/dags/spark_airflow.py
[2024-11-04T10:05:13.388+0000] {processor.py:914} INFO - Processing file /opt/airflow/dags/spark_airflow.py for tasks to queue
[2024-11-04T10:05:13.389+0000] {logging_mixin.py:190} INFO - [2024-11-04T10:05:13.389+0000] {dagbag.py:588} INFO - Filling up the DagBag from /opt/airflow/dags/spark_airflow.py
[2024-11-04T10:05:13.409+0000] {processor.py:925} INFO - DAG(s) 'sparking_flow' retrieved from /opt/airflow/dags/spark_airflow.py
[2024-11-04T10:05:13.438+0000] {logging_mixin.py:190} INFO - [2024-11-04T10:05:13.438+0000] {dag.py:3239} INFO - Sync 1 DAGs
[2024-11-04T10:05:13.464+0000] {logging_mixin.py:190} INFO - [2024-11-04T10:05:13.464+0000] {dag.py:4180} INFO - Setting next_dagrun for sparking_flow to 2024-11-04 00:00:00+00:00, run_after=2024-11-05 00:00:00+00:00
[2024-11-04T10:05:13.486+0000] {processor.py:208} INFO - Processing /opt/airflow/dags/spark_airflow.py took 0.103 seconds
[2024-11-04T10:05:43.595+0000] {processor.py:186} INFO - Started process (PID=75071) to work on /opt/airflow/dags/spark_airflow.py
[2024-11-04T10:05:43.596+0000] {processor.py:914} INFO - Processing file /opt/airflow/dags/spark_airflow.py for tasks to queue
[2024-11-04T10:05:43.598+0000] {logging_mixin.py:190} INFO - [2024-11-04T10:05:43.598+0000] {dagbag.py:588} INFO - Filling up the DagBag from /opt/airflow/dags/spark_airflow.py
[2024-11-04T10:05:43.616+0000] {processor.py:925} INFO - DAG(s) 'sparking_flow' retrieved from /opt/airflow/dags/spark_airflow.py
[2024-11-04T10:05:43.642+0000] {logging_mixin.py:190} INFO - [2024-11-04T10:05:43.642+0000] {dag.py:3239} INFO - Sync 1 DAGs
[2024-11-04T10:05:43.666+0000] {logging_mixin.py:190} INFO - [2024-11-04T10:05:43.666+0000] {dag.py:4180} INFO - Setting next_dagrun for sparking_flow to 2024-11-04 00:00:00+00:00, run_after=2024-11-05 00:00:00+00:00
[2024-11-04T10:05:43.686+0000] {processor.py:208} INFO - Processing /opt/airflow/dags/spark_airflow.py took 0.096 seconds
[2024-11-04T10:06:13.832+0000] {processor.py:186} INFO - Started process (PID=75076) to work on /opt/airflow/dags/spark_airflow.py
[2024-11-04T10:06:13.833+0000] {processor.py:914} INFO - Processing file /opt/airflow/dags/spark_airflow.py for tasks to queue
[2024-11-04T10:06:13.834+0000] {logging_mixin.py:190} INFO - [2024-11-04T10:06:13.834+0000] {dagbag.py:588} INFO - Filling up the DagBag from /opt/airflow/dags/spark_airflow.py
[2024-11-04T10:06:13.852+0000] {processor.py:925} INFO - DAG(s) 'sparking_flow' retrieved from /opt/airflow/dags/spark_airflow.py
[2024-11-04T10:06:13.877+0000] {logging_mixin.py:190} INFO - [2024-11-04T10:06:13.877+0000] {dag.py:3239} INFO - Sync 1 DAGs
[2024-11-04T10:06:13.901+0000] {logging_mixin.py:190} INFO - [2024-11-04T10:06:13.901+0000] {dag.py:4180} INFO - Setting next_dagrun for sparking_flow to 2024-11-04 00:00:00+00:00, run_after=2024-11-05 00:00:00+00:00
[2024-11-04T10:06:13.921+0000] {processor.py:208} INFO - Processing /opt/airflow/dags/spark_airflow.py took 0.097 seconds
[2024-11-04T10:06:44.035+0000] {processor.py:186} INFO - Started process (PID=75081) to work on /opt/airflow/dags/spark_airflow.py
[2024-11-04T10:06:44.036+0000] {processor.py:914} INFO - Processing file /opt/airflow/dags/spark_airflow.py for tasks to queue
[2024-11-04T10:06:44.037+0000] {logging_mixin.py:190} INFO - [2024-11-04T10:06:44.037+0000] {dagbag.py:588} INFO - Filling up the DagBag from /opt/airflow/dags/spark_airflow.py
[2024-11-04T10:06:44.055+0000] {processor.py:925} INFO - DAG(s) 'sparking_flow' retrieved from /opt/airflow/dags/spark_airflow.py
[2024-11-04T10:06:44.081+0000] {logging_mixin.py:190} INFO - [2024-11-04T10:06:44.080+0000] {dag.py:3239} INFO - Sync 1 DAGs
[2024-11-04T10:06:44.106+0000] {logging_mixin.py:190} INFO - [2024-11-04T10:06:44.105+0000] {dag.py:4180} INFO - Setting next_dagrun for sparking_flow to 2024-11-04 00:00:00+00:00, run_after=2024-11-05 00:00:00+00:00
[2024-11-04T10:06:44.127+0000] {processor.py:208} INFO - Processing /opt/airflow/dags/spark_airflow.py took 0.098 seconds
[2024-11-04T10:07:14.260+0000] {processor.py:186} INFO - Started process (PID=75086) to work on /opt/airflow/dags/spark_airflow.py
[2024-11-04T10:07:14.261+0000] {processor.py:914} INFO - Processing file /opt/airflow/dags/spark_airflow.py for tasks to queue
[2024-11-04T10:07:14.263+0000] {logging_mixin.py:190} INFO - [2024-11-04T10:07:14.262+0000] {dagbag.py:588} INFO - Filling up the DagBag from /opt/airflow/dags/spark_airflow.py
[2024-11-04T10:07:14.281+0000] {processor.py:925} INFO - DAG(s) 'sparking_flow' retrieved from /opt/airflow/dags/spark_airflow.py
[2024-11-04T10:07:14.305+0000] {logging_mixin.py:190} INFO - [2024-11-04T10:07:14.305+0000] {dag.py:3239} INFO - Sync 1 DAGs
[2024-11-04T10:07:14.329+0000] {logging_mixin.py:190} INFO - [2024-11-04T10:07:14.329+0000] {dag.py:4180} INFO - Setting next_dagrun for sparking_flow to 2024-11-04 00:00:00+00:00, run_after=2024-11-05 00:00:00+00:00
[2024-11-04T10:07:14.349+0000] {processor.py:208} INFO - Processing /opt/airflow/dags/spark_airflow.py took 0.095 seconds
[2024-11-04T10:07:44.467+0000] {processor.py:186} INFO - Started process (PID=75091) to work on /opt/airflow/dags/spark_airflow.py
[2024-11-04T10:07:44.469+0000] {processor.py:914} INFO - Processing file /opt/airflow/dags/spark_airflow.py for tasks to queue
[2024-11-04T10:07:44.470+0000] {logging_mixin.py:190} INFO - [2024-11-04T10:07:44.470+0000] {dagbag.py:588} INFO - Filling up the DagBag from /opt/airflow/dags/spark_airflow.py
[2024-11-04T10:07:44.489+0000] {processor.py:925} INFO - DAG(s) 'sparking_flow' retrieved from /opt/airflow/dags/spark_airflow.py
[2024-11-04T10:07:44.515+0000] {logging_mixin.py:190} INFO - [2024-11-04T10:07:44.515+0000] {dag.py:3239} INFO - Sync 1 DAGs
[2024-11-04T10:07:44.536+0000] {logging_mixin.py:190} INFO - [2024-11-04T10:07:44.536+0000] {dag.py:4180} INFO - Setting next_dagrun for sparking_flow to 2024-11-04 00:00:00+00:00, run_after=2024-11-05 00:00:00+00:00
[2024-11-04T10:07:44.552+0000] {processor.py:208} INFO - Processing /opt/airflow/dags/spark_airflow.py took 0.090 seconds
[2024-11-04T10:08:41.674+0000] {processor.py:186} INFO - Started process (PID=75096) to work on /opt/airflow/dags/spark_airflow.py
[2024-11-04T10:08:41.677+0000] {processor.py:914} INFO - Processing file /opt/airflow/dags/spark_airflow.py for tasks to queue
[2024-11-04T10:08:41.693+0000] {logging_mixin.py:190} INFO - [2024-11-04T10:08:41.690+0000] {dagbag.py:588} INFO - Filling up the DagBag from /opt/airflow/dags/spark_airflow.py
[2024-11-04T10:08:41.807+0000] {processor.py:925} INFO - DAG(s) 'sparking_flow' retrieved from /opt/airflow/dags/spark_airflow.py
[2024-11-04T10:08:41.904+0000] {logging_mixin.py:190} INFO - [2024-11-04T10:08:41.904+0000] {dag.py:3239} INFO - Sync 1 DAGs
[2024-11-04T10:08:41.930+0000] {logging_mixin.py:190} INFO - [2024-11-04T10:08:41.930+0000] {dag.py:4180} INFO - Setting next_dagrun for sparking_flow to 2024-11-04 00:00:00+00:00, run_after=2024-11-05 00:00:00+00:00
[2024-11-04T10:08:41.974+0000] {processor.py:208} INFO - Processing /opt/airflow/dags/spark_airflow.py took 0.339 seconds
[2024-11-04T10:09:12.271+0000] {processor.py:186} INFO - Started process (PID=75101) to work on /opt/airflow/dags/spark_airflow.py
[2024-11-04T10:09:12.272+0000] {processor.py:914} INFO - Processing file /opt/airflow/dags/spark_airflow.py for tasks to queue
[2024-11-04T10:09:12.273+0000] {logging_mixin.py:190} INFO - [2024-11-04T10:09:12.273+0000] {dagbag.py:588} INFO - Filling up the DagBag from /opt/airflow/dags/spark_airflow.py
[2024-11-04T10:09:12.293+0000] {processor.py:925} INFO - DAG(s) 'sparking_flow' retrieved from /opt/airflow/dags/spark_airflow.py
[2024-11-04T10:09:12.319+0000] {logging_mixin.py:190} INFO - [2024-11-04T10:09:12.319+0000] {dag.py:3239} INFO - Sync 1 DAGs
[2024-11-04T10:09:12.342+0000] {logging_mixin.py:190} INFO - [2024-11-04T10:09:12.341+0000] {dag.py:4180} INFO - Setting next_dagrun for sparking_flow to 2024-11-04 00:00:00+00:00, run_after=2024-11-05 00:00:00+00:00
[2024-11-04T10:09:12.357+0000] {processor.py:208} INFO - Processing /opt/airflow/dags/spark_airflow.py took 0.092 seconds
[2024-11-04T10:09:42.457+0000] {processor.py:186} INFO - Started process (PID=75106) to work on /opt/airflow/dags/spark_airflow.py
[2024-11-04T10:09:42.463+0000] {processor.py:914} INFO - Processing file /opt/airflow/dags/spark_airflow.py for tasks to queue
[2024-11-04T10:09:42.467+0000] {logging_mixin.py:190} INFO - [2024-11-04T10:09:42.467+0000] {dagbag.py:588} INFO - Filling up the DagBag from /opt/airflow/dags/spark_airflow.py
[2024-11-04T10:09:42.495+0000] {processor.py:925} INFO - DAG(s) 'sparking_flow' retrieved from /opt/airflow/dags/spark_airflow.py
[2024-11-04T10:09:42.522+0000] {logging_mixin.py:190} INFO - [2024-11-04T10:09:42.522+0000] {dag.py:3239} INFO - Sync 1 DAGs
[2024-11-04T10:09:42.544+0000] {logging_mixin.py:190} INFO - [2024-11-04T10:09:42.544+0000] {dag.py:4180} INFO - Setting next_dagrun for sparking_flow to 2024-11-04 00:00:00+00:00, run_after=2024-11-05 00:00:00+00:00
[2024-11-04T10:09:42.562+0000] {processor.py:208} INFO - Processing /opt/airflow/dags/spark_airflow.py took 0.126 seconds
[2024-11-04T10:10:12.741+0000] {processor.py:186} INFO - Started process (PID=75111) to work on /opt/airflow/dags/spark_airflow.py
[2024-11-04T10:10:12.742+0000] {processor.py:914} INFO - Processing file /opt/airflow/dags/spark_airflow.py for tasks to queue
[2024-11-04T10:10:12.744+0000] {logging_mixin.py:190} INFO - [2024-11-04T10:10:12.743+0000] {dagbag.py:588} INFO - Filling up the DagBag from /opt/airflow/dags/spark_airflow.py
[2024-11-04T10:10:12.764+0000] {processor.py:925} INFO - DAG(s) 'sparking_flow' retrieved from /opt/airflow/dags/spark_airflow.py
[2024-11-04T10:10:12.792+0000] {logging_mixin.py:190} INFO - [2024-11-04T10:10:12.791+0000] {dag.py:3239} INFO - Sync 1 DAGs
[2024-11-04T10:10:12.816+0000] {logging_mixin.py:190} INFO - [2024-11-04T10:10:12.816+0000] {dag.py:4180} INFO - Setting next_dagrun for sparking_flow to 2024-11-04 00:00:00+00:00, run_after=2024-11-05 00:00:00+00:00
[2024-11-04T10:10:12.835+0000] {processor.py:208} INFO - Processing /opt/airflow/dags/spark_airflow.py took 0.100 seconds
[2024-11-04T10:10:42.913+0000] {processor.py:186} INFO - Started process (PID=75116) to work on /opt/airflow/dags/spark_airflow.py
[2024-11-04T10:10:42.914+0000] {processor.py:914} INFO - Processing file /opt/airflow/dags/spark_airflow.py for tasks to queue
[2024-11-04T10:10:42.915+0000] {logging_mixin.py:190} INFO - [2024-11-04T10:10:42.915+0000] {dagbag.py:588} INFO - Filling up the DagBag from /opt/airflow/dags/spark_airflow.py
[2024-11-04T10:10:42.934+0000] {processor.py:925} INFO - DAG(s) 'sparking_flow' retrieved from /opt/airflow/dags/spark_airflow.py
[2024-11-04T10:10:42.964+0000] {logging_mixin.py:190} INFO - [2024-11-04T10:10:42.964+0000] {dag.py:3239} INFO - Sync 1 DAGs
[2024-11-04T10:10:42.990+0000] {logging_mixin.py:190} INFO - [2024-11-04T10:10:42.990+0000] {dag.py:4180} INFO - Setting next_dagrun for sparking_flow to 2024-11-04 00:00:00+00:00, run_after=2024-11-05 00:00:00+00:00
[2024-11-04T10:10:43.011+0000] {processor.py:208} INFO - Processing /opt/airflow/dags/spark_airflow.py took 0.103 seconds
[2024-11-04T10:11:13.179+0000] {processor.py:186} INFO - Started process (PID=75121) to work on /opt/airflow/dags/spark_airflow.py
[2024-11-04T10:11:13.180+0000] {processor.py:914} INFO - Processing file /opt/airflow/dags/spark_airflow.py for tasks to queue
[2024-11-04T10:11:13.181+0000] {logging_mixin.py:190} INFO - [2024-11-04T10:11:13.180+0000] {dagbag.py:588} INFO - Filling up the DagBag from /opt/airflow/dags/spark_airflow.py
[2024-11-04T10:11:13.198+0000] {processor.py:925} INFO - DAG(s) 'sparking_flow' retrieved from /opt/airflow/dags/spark_airflow.py
[2024-11-04T10:11:13.222+0000] {logging_mixin.py:190} INFO - [2024-11-04T10:11:13.222+0000] {dag.py:3239} INFO - Sync 1 DAGs
[2024-11-04T10:11:13.245+0000] {logging_mixin.py:190} INFO - [2024-11-04T10:11:13.245+0000] {dag.py:4180} INFO - Setting next_dagrun for sparking_flow to 2024-11-04 00:00:00+00:00, run_after=2024-11-05 00:00:00+00:00
[2024-11-04T10:11:13.261+0000] {processor.py:208} INFO - Processing /opt/airflow/dags/spark_airflow.py took 0.086 seconds
[2024-11-04T10:11:43.351+0000] {processor.py:186} INFO - Started process (PID=75126) to work on /opt/airflow/dags/spark_airflow.py
[2024-11-04T10:11:43.351+0000] {processor.py:914} INFO - Processing file /opt/airflow/dags/spark_airflow.py for tasks to queue
[2024-11-04T10:11:43.353+0000] {logging_mixin.py:190} INFO - [2024-11-04T10:11:43.352+0000] {dagbag.py:588} INFO - Filling up the DagBag from /opt/airflow/dags/spark_airflow.py
[2024-11-04T10:11:43.370+0000] {processor.py:925} INFO - DAG(s) 'sparking_flow' retrieved from /opt/airflow/dags/spark_airflow.py
[2024-11-04T10:11:43.395+0000] {logging_mixin.py:190} INFO - [2024-11-04T10:11:43.395+0000] {dag.py:3239} INFO - Sync 1 DAGs
[2024-11-04T10:11:43.416+0000] {logging_mixin.py:190} INFO - [2024-11-04T10:11:43.416+0000] {dag.py:4180} INFO - Setting next_dagrun for sparking_flow to 2024-11-04 00:00:00+00:00, run_after=2024-11-05 00:00:00+00:00
[2024-11-04T10:11:43.431+0000] {processor.py:208} INFO - Processing /opt/airflow/dags/spark_airflow.py took 0.086 seconds
[2024-11-04T10:12:13.590+0000] {processor.py:186} INFO - Started process (PID=75131) to work on /opt/airflow/dags/spark_airflow.py
[2024-11-04T10:12:13.591+0000] {processor.py:914} INFO - Processing file /opt/airflow/dags/spark_airflow.py for tasks to queue
[2024-11-04T10:12:13.593+0000] {logging_mixin.py:190} INFO - [2024-11-04T10:12:13.592+0000] {dagbag.py:588} INFO - Filling up the DagBag from /opt/airflow/dags/spark_airflow.py
[2024-11-04T10:12:13.612+0000] {processor.py:925} INFO - DAG(s) 'sparking_flow' retrieved from /opt/airflow/dags/spark_airflow.py
[2024-11-04T10:12:13.640+0000] {logging_mixin.py:190} INFO - [2024-11-04T10:12:13.640+0000] {dag.py:3239} INFO - Sync 1 DAGs
[2024-11-04T10:12:13.664+0000] {logging_mixin.py:190} INFO - [2024-11-04T10:12:13.664+0000] {dag.py:4180} INFO - Setting next_dagrun for sparking_flow to 2024-11-04 00:00:00+00:00, run_after=2024-11-05 00:00:00+00:00
[2024-11-04T10:12:13.686+0000] {processor.py:208} INFO - Processing /opt/airflow/dags/spark_airflow.py took 0.100 seconds
[2024-11-04T10:12:43.786+0000] {processor.py:186} INFO - Started process (PID=75136) to work on /opt/airflow/dags/spark_airflow.py
[2024-11-04T10:12:43.787+0000] {processor.py:914} INFO - Processing file /opt/airflow/dags/spark_airflow.py for tasks to queue
[2024-11-04T10:12:43.788+0000] {logging_mixin.py:190} INFO - [2024-11-04T10:12:43.788+0000] {dagbag.py:588} INFO - Filling up the DagBag from /opt/airflow/dags/spark_airflow.py
[2024-11-04T10:12:43.808+0000] {processor.py:925} INFO - DAG(s) 'sparking_flow' retrieved from /opt/airflow/dags/spark_airflow.py
[2024-11-04T10:12:43.834+0000] {logging_mixin.py:190} INFO - [2024-11-04T10:12:43.834+0000] {dag.py:3239} INFO - Sync 1 DAGs
[2024-11-04T10:12:43.856+0000] {logging_mixin.py:190} INFO - [2024-11-04T10:12:43.855+0000] {dag.py:4180} INFO - Setting next_dagrun for sparking_flow to 2024-11-04 00:00:00+00:00, run_after=2024-11-05 00:00:00+00:00
[2024-11-04T10:12:43.874+0000] {processor.py:208} INFO - Processing /opt/airflow/dags/spark_airflow.py took 0.101 seconds
[2024-11-04T10:13:14.032+0000] {processor.py:186} INFO - Started process (PID=75141) to work on /opt/airflow/dags/spark_airflow.py
[2024-11-04T10:13:14.033+0000] {processor.py:914} INFO - Processing file /opt/airflow/dags/spark_airflow.py for tasks to queue
[2024-11-04T10:13:14.034+0000] {logging_mixin.py:190} INFO - [2024-11-04T10:13:14.033+0000] {dagbag.py:588} INFO - Filling up the DagBag from /opt/airflow/dags/spark_airflow.py
[2024-11-04T10:13:14.053+0000] {processor.py:925} INFO - DAG(s) 'sparking_flow' retrieved from /opt/airflow/dags/spark_airflow.py
[2024-11-04T10:13:14.079+0000] {logging_mixin.py:190} INFO - [2024-11-04T10:13:14.079+0000] {dag.py:3239} INFO - Sync 1 DAGs
[2024-11-04T10:13:14.104+0000] {logging_mixin.py:190} INFO - [2024-11-04T10:13:14.103+0000] {dag.py:4180} INFO - Setting next_dagrun for sparking_flow to 2024-11-04 00:00:00+00:00, run_after=2024-11-05 00:00:00+00:00
[2024-11-04T10:13:14.121+0000] {processor.py:208} INFO - Processing /opt/airflow/dags/spark_airflow.py took 0.100 seconds
[2024-11-04T10:13:44.227+0000] {processor.py:186} INFO - Started process (PID=75146) to work on /opt/airflow/dags/spark_airflow.py
[2024-11-04T10:13:44.228+0000] {processor.py:914} INFO - Processing file /opt/airflow/dags/spark_airflow.py for tasks to queue
[2024-11-04T10:13:44.229+0000] {logging_mixin.py:190} INFO - [2024-11-04T10:13:44.229+0000] {dagbag.py:588} INFO - Filling up the DagBag from /opt/airflow/dags/spark_airflow.py
[2024-11-04T10:13:44.246+0000] {processor.py:925} INFO - DAG(s) 'sparking_flow' retrieved from /opt/airflow/dags/spark_airflow.py
[2024-11-04T10:13:44.272+0000] {logging_mixin.py:190} INFO - [2024-11-04T10:13:44.272+0000] {dag.py:3239} INFO - Sync 1 DAGs
[2024-11-04T10:13:44.294+0000] {logging_mixin.py:190} INFO - [2024-11-04T10:13:44.294+0000] {dag.py:4180} INFO - Setting next_dagrun for sparking_flow to 2024-11-04 00:00:00+00:00, run_after=2024-11-05 00:00:00+00:00
[2024-11-04T10:13:44.310+0000] {processor.py:208} INFO - Processing /opt/airflow/dags/spark_airflow.py took 0.087 seconds
[2024-11-04T10:14:14.442+0000] {processor.py:186} INFO - Started process (PID=75151) to work on /opt/airflow/dags/spark_airflow.py
[2024-11-04T10:14:14.443+0000] {processor.py:914} INFO - Processing file /opt/airflow/dags/spark_airflow.py for tasks to queue
[2024-11-04T10:14:14.445+0000] {logging_mixin.py:190} INFO - [2024-11-04T10:14:14.445+0000] {dagbag.py:588} INFO - Filling up the DagBag from /opt/airflow/dags/spark_airflow.py
[2024-11-04T10:14:14.466+0000] {processor.py:925} INFO - DAG(s) 'sparking_flow' retrieved from /opt/airflow/dags/spark_airflow.py
[2024-11-04T10:14:14.491+0000] {logging_mixin.py:190} INFO - [2024-11-04T10:14:14.491+0000] {dag.py:3239} INFO - Sync 1 DAGs
[2024-11-04T10:14:14.512+0000] {logging_mixin.py:190} INFO - [2024-11-04T10:14:14.512+0000] {dag.py:4180} INFO - Setting next_dagrun for sparking_flow to 2024-11-04 00:00:00+00:00, run_after=2024-11-05 00:00:00+00:00
[2024-11-04T10:14:14.528+0000] {processor.py:208} INFO - Processing /opt/airflow/dags/spark_airflow.py took 0.092 seconds
[2024-11-04T10:14:44.633+0000] {processor.py:186} INFO - Started process (PID=75156) to work on /opt/airflow/dags/spark_airflow.py
[2024-11-04T10:14:44.634+0000] {processor.py:914} INFO - Processing file /opt/airflow/dags/spark_airflow.py for tasks to queue
[2024-11-04T10:14:44.635+0000] {logging_mixin.py:190} INFO - [2024-11-04T10:14:44.635+0000] {dagbag.py:588} INFO - Filling up the DagBag from /opt/airflow/dags/spark_airflow.py
[2024-11-04T10:14:44.653+0000] {processor.py:925} INFO - DAG(s) 'sparking_flow' retrieved from /opt/airflow/dags/spark_airflow.py
[2024-11-04T10:14:44.678+0000] {logging_mixin.py:190} INFO - [2024-11-04T10:14:44.678+0000] {dag.py:3239} INFO - Sync 1 DAGs
[2024-11-04T10:14:44.699+0000] {logging_mixin.py:190} INFO - [2024-11-04T10:14:44.699+0000] {dag.py:4180} INFO - Setting next_dagrun for sparking_flow to 2024-11-04 00:00:00+00:00, run_after=2024-11-05 00:00:00+00:00
[2024-11-04T10:14:44.715+0000] {processor.py:208} INFO - Processing /opt/airflow/dags/spark_airflow.py took 0.086 seconds
[2024-11-04T10:15:14.899+0000] {processor.py:186} INFO - Started process (PID=75161) to work on /opt/airflow/dags/spark_airflow.py
[2024-11-04T10:15:14.900+0000] {processor.py:914} INFO - Processing file /opt/airflow/dags/spark_airflow.py for tasks to queue
[2024-11-04T10:15:14.901+0000] {logging_mixin.py:190} INFO - [2024-11-04T10:15:14.901+0000] {dagbag.py:588} INFO - Filling up the DagBag from /opt/airflow/dags/spark_airflow.py
[2024-11-04T10:15:14.922+0000] {processor.py:925} INFO - DAG(s) 'sparking_flow' retrieved from /opt/airflow/dags/spark_airflow.py
[2024-11-04T10:15:14.948+0000] {logging_mixin.py:190} INFO - [2024-11-04T10:15:14.948+0000] {dag.py:3239} INFO - Sync 1 DAGs
[2024-11-04T10:15:14.971+0000] {logging_mixin.py:190} INFO - [2024-11-04T10:15:14.970+0000] {dag.py:4180} INFO - Setting next_dagrun for sparking_flow to 2024-11-04 00:00:00+00:00, run_after=2024-11-05 00:00:00+00:00
[2024-11-04T10:15:14.989+0000] {processor.py:208} INFO - Processing /opt/airflow/dags/spark_airflow.py took 0.102 seconds
[2024-11-04T10:15:45.072+0000] {processor.py:186} INFO - Started process (PID=75166) to work on /opt/airflow/dags/spark_airflow.py
[2024-11-04T10:15:45.073+0000] {processor.py:914} INFO - Processing file /opt/airflow/dags/spark_airflow.py for tasks to queue
[2024-11-04T10:15:45.074+0000] {logging_mixin.py:190} INFO - [2024-11-04T10:15:45.074+0000] {dagbag.py:588} INFO - Filling up the DagBag from /opt/airflow/dags/spark_airflow.py
[2024-11-04T10:15:45.092+0000] {processor.py:925} INFO - DAG(s) 'sparking_flow' retrieved from /opt/airflow/dags/spark_airflow.py
[2024-11-04T10:15:45.119+0000] {logging_mixin.py:190} INFO - [2024-11-04T10:15:45.118+0000] {dag.py:3239} INFO - Sync 1 DAGs
[2024-11-04T10:15:45.143+0000] {logging_mixin.py:190} INFO - [2024-11-04T10:15:45.143+0000] {dag.py:4180} INFO - Setting next_dagrun for sparking_flow to 2024-11-04 00:00:00+00:00, run_after=2024-11-05 00:00:00+00:00
[2024-11-04T10:15:45.162+0000] {processor.py:208} INFO - Processing /opt/airflow/dags/spark_airflow.py took 0.095 seconds
[2024-11-04T10:16:15.338+0000] {processor.py:186} INFO - Started process (PID=75171) to work on /opt/airflow/dags/spark_airflow.py
[2024-11-04T10:16:15.338+0000] {processor.py:914} INFO - Processing file /opt/airflow/dags/spark_airflow.py for tasks to queue
[2024-11-04T10:16:15.340+0000] {logging_mixin.py:190} INFO - [2024-11-04T10:16:15.339+0000] {dagbag.py:588} INFO - Filling up the DagBag from /opt/airflow/dags/spark_airflow.py
[2024-11-04T10:16:15.358+0000] {processor.py:925} INFO - DAG(s) 'sparking_flow' retrieved from /opt/airflow/dags/spark_airflow.py
[2024-11-04T10:16:15.381+0000] {logging_mixin.py:190} INFO - [2024-11-04T10:16:15.380+0000] {dag.py:3239} INFO - Sync 1 DAGs
[2024-11-04T10:16:15.402+0000] {logging_mixin.py:190} INFO - [2024-11-04T10:16:15.402+0000] {dag.py:4180} INFO - Setting next_dagrun for sparking_flow to 2024-11-04 00:00:00+00:00, run_after=2024-11-05 00:00:00+00:00
[2024-11-04T10:16:15.418+0000] {processor.py:208} INFO - Processing /opt/airflow/dags/spark_airflow.py took 0.084 seconds
[2024-11-04T10:16:45.567+0000] {processor.py:186} INFO - Started process (PID=75176) to work on /opt/airflow/dags/spark_airflow.py
[2024-11-04T10:16:45.568+0000] {processor.py:914} INFO - Processing file /opt/airflow/dags/spark_airflow.py for tasks to queue
[2024-11-04T10:16:45.569+0000] {logging_mixin.py:190} INFO - [2024-11-04T10:16:45.569+0000] {dagbag.py:588} INFO - Filling up the DagBag from /opt/airflow/dags/spark_airflow.py
[2024-11-04T10:16:45.589+0000] {processor.py:925} INFO - DAG(s) 'sparking_flow' retrieved from /opt/airflow/dags/spark_airflow.py
[2024-11-04T10:16:45.615+0000] {logging_mixin.py:190} INFO - [2024-11-04T10:16:45.615+0000] {dag.py:3239} INFO - Sync 1 DAGs
[2024-11-04T10:16:45.638+0000] {logging_mixin.py:190} INFO - [2024-11-04T10:16:45.638+0000] {dag.py:4180} INFO - Setting next_dagrun for sparking_flow to 2024-11-04 00:00:00+00:00, run_after=2024-11-05 00:00:00+00:00
[2024-11-04T10:16:45.654+0000] {processor.py:208} INFO - Processing /opt/airflow/dags/spark_airflow.py took 0.094 seconds
[2024-11-04T10:17:15.800+0000] {processor.py:186} INFO - Started process (PID=75181) to work on /opt/airflow/dags/spark_airflow.py
[2024-11-04T10:17:15.801+0000] {processor.py:914} INFO - Processing file /opt/airflow/dags/spark_airflow.py for tasks to queue
[2024-11-04T10:17:15.802+0000] {logging_mixin.py:190} INFO - [2024-11-04T10:17:15.802+0000] {dagbag.py:588} INFO - Filling up the DagBag from /opt/airflow/dags/spark_airflow.py
[2024-11-04T10:17:15.820+0000] {processor.py:925} INFO - DAG(s) 'sparking_flow' retrieved from /opt/airflow/dags/spark_airflow.py
[2024-11-04T10:17:15.843+0000] {logging_mixin.py:190} INFO - [2024-11-04T10:17:15.843+0000] {dag.py:3239} INFO - Sync 1 DAGs
[2024-11-04T10:17:15.863+0000] {logging_mixin.py:190} INFO - [2024-11-04T10:17:15.863+0000] {dag.py:4180} INFO - Setting next_dagrun for sparking_flow to 2024-11-04 00:00:00+00:00, run_after=2024-11-05 00:00:00+00:00
[2024-11-04T10:17:15.883+0000] {processor.py:208} INFO - Processing /opt/airflow/dags/spark_airflow.py took 0.088 seconds
[2024-11-04T10:17:46.020+0000] {processor.py:186} INFO - Started process (PID=75186) to work on /opt/airflow/dags/spark_airflow.py
[2024-11-04T10:17:46.021+0000] {processor.py:914} INFO - Processing file /opt/airflow/dags/spark_airflow.py for tasks to queue
[2024-11-04T10:17:46.023+0000] {logging_mixin.py:190} INFO - [2024-11-04T10:17:46.022+0000] {dagbag.py:588} INFO - Filling up the DagBag from /opt/airflow/dags/spark_airflow.py
[2024-11-04T10:17:46.044+0000] {processor.py:925} INFO - DAG(s) 'sparking_flow' retrieved from /opt/airflow/dags/spark_airflow.py
[2024-11-04T10:17:46.078+0000] {logging_mixin.py:190} INFO - [2024-11-04T10:17:46.078+0000] {dag.py:3239} INFO - Sync 1 DAGs
[2024-11-04T10:17:46.106+0000] {logging_mixin.py:190} INFO - [2024-11-04T10:17:46.106+0000] {dag.py:4180} INFO - Setting next_dagrun for sparking_flow to 2024-11-04 00:00:00+00:00, run_after=2024-11-05 00:00:00+00:00
[2024-11-04T10:17:46.135+0000] {processor.py:208} INFO - Processing /opt/airflow/dags/spark_airflow.py took 0.120 seconds
[2024-11-04T10:18:16.227+0000] {processor.py:186} INFO - Started process (PID=75191) to work on /opt/airflow/dags/spark_airflow.py
[2024-11-04T10:18:16.228+0000] {processor.py:914} INFO - Processing file /opt/airflow/dags/spark_airflow.py for tasks to queue
[2024-11-04T10:18:16.229+0000] {logging_mixin.py:190} INFO - [2024-11-04T10:18:16.229+0000] {dagbag.py:588} INFO - Filling up the DagBag from /opt/airflow/dags/spark_airflow.py
[2024-11-04T10:18:16.250+0000] {processor.py:925} INFO - DAG(s) 'sparking_flow' retrieved from /opt/airflow/dags/spark_airflow.py
[2024-11-04T10:18:16.278+0000] {logging_mixin.py:190} INFO - [2024-11-04T10:18:16.278+0000] {dag.py:3239} INFO - Sync 1 DAGs
[2024-11-04T10:18:16.302+0000] {logging_mixin.py:190} INFO - [2024-11-04T10:18:16.301+0000] {dag.py:4180} INFO - Setting next_dagrun for sparking_flow to 2024-11-04 00:00:00+00:00, run_after=2024-11-05 00:00:00+00:00
[2024-11-04T10:18:16.323+0000] {processor.py:208} INFO - Processing /opt/airflow/dags/spark_airflow.py took 0.102 seconds
[2024-11-04T10:18:46.497+0000] {processor.py:186} INFO - Started process (PID=75196) to work on /opt/airflow/dags/spark_airflow.py
[2024-11-04T10:18:46.498+0000] {processor.py:914} INFO - Processing file /opt/airflow/dags/spark_airflow.py for tasks to queue
[2024-11-04T10:18:46.500+0000] {logging_mixin.py:190} INFO - [2024-11-04T10:18:46.499+0000] {dagbag.py:588} INFO - Filling up the DagBag from /opt/airflow/dags/spark_airflow.py
[2024-11-04T10:18:46.522+0000] {processor.py:925} INFO - DAG(s) 'sparking_flow' retrieved from /opt/airflow/dags/spark_airflow.py
[2024-11-04T10:18:46.551+0000] {logging_mixin.py:190} INFO - [2024-11-04T10:18:46.550+0000] {dag.py:3239} INFO - Sync 1 DAGs
[2024-11-04T10:18:46.578+0000] {logging_mixin.py:190} INFO - [2024-11-04T10:18:46.578+0000] {dag.py:4180} INFO - Setting next_dagrun for sparking_flow to 2024-11-04 00:00:00+00:00, run_after=2024-11-05 00:00:00+00:00
[2024-11-04T10:18:46.599+0000] {processor.py:208} INFO - Processing /opt/airflow/dags/spark_airflow.py took 0.107 seconds
[2024-11-04T10:19:16.690+0000] {processor.py:186} INFO - Started process (PID=75201) to work on /opt/airflow/dags/spark_airflow.py
[2024-11-04T10:19:16.691+0000] {processor.py:914} INFO - Processing file /opt/airflow/dags/spark_airflow.py for tasks to queue
[2024-11-04T10:19:16.693+0000] {logging_mixin.py:190} INFO - [2024-11-04T10:19:16.692+0000] {dagbag.py:588} INFO - Filling up the DagBag from /opt/airflow/dags/spark_airflow.py
[2024-11-04T10:19:16.714+0000] {processor.py:925} INFO - DAG(s) 'sparking_flow' retrieved from /opt/airflow/dags/spark_airflow.py
[2024-11-04T10:19:16.745+0000] {logging_mixin.py:190} INFO - [2024-11-04T10:19:16.745+0000] {dag.py:3239} INFO - Sync 1 DAGs
[2024-11-04T10:19:16.773+0000] {logging_mixin.py:190} INFO - [2024-11-04T10:19:16.772+0000] {dag.py:4180} INFO - Setting next_dagrun for sparking_flow to 2024-11-04 00:00:00+00:00, run_after=2024-11-05 00:00:00+00:00
[2024-11-04T10:19:16.791+0000] {processor.py:208} INFO - Processing /opt/airflow/dags/spark_airflow.py took 0.107 seconds
[2024-11-04T10:19:46.952+0000] {processor.py:186} INFO - Started process (PID=75206) to work on /opt/airflow/dags/spark_airflow.py
[2024-11-04T10:19:46.953+0000] {processor.py:914} INFO - Processing file /opt/airflow/dags/spark_airflow.py for tasks to queue
[2024-11-04T10:19:46.954+0000] {logging_mixin.py:190} INFO - [2024-11-04T10:19:46.954+0000] {dagbag.py:588} INFO - Filling up the DagBag from /opt/airflow/dags/spark_airflow.py
[2024-11-04T10:19:46.974+0000] {processor.py:925} INFO - DAG(s) 'sparking_flow' retrieved from /opt/airflow/dags/spark_airflow.py
[2024-11-04T10:19:47.002+0000] {logging_mixin.py:190} INFO - [2024-11-04T10:19:47.002+0000] {dag.py:3239} INFO - Sync 1 DAGs
[2024-11-04T10:19:47.027+0000] {logging_mixin.py:190} INFO - [2024-11-04T10:19:47.026+0000] {dag.py:4180} INFO - Setting next_dagrun for sparking_flow to 2024-11-04 00:00:00+00:00, run_after=2024-11-05 00:00:00+00:00
[2024-11-04T10:19:47.050+0000] {processor.py:208} INFO - Processing /opt/airflow/dags/spark_airflow.py took 0.104 seconds
[2024-11-04T10:20:17.180+0000] {processor.py:186} INFO - Started process (PID=75211) to work on /opt/airflow/dags/spark_airflow.py
[2024-11-04T10:20:17.180+0000] {processor.py:914} INFO - Processing file /opt/airflow/dags/spark_airflow.py for tasks to queue
[2024-11-04T10:20:17.182+0000] {logging_mixin.py:190} INFO - [2024-11-04T10:20:17.181+0000] {dagbag.py:588} INFO - Filling up the DagBag from /opt/airflow/dags/spark_airflow.py
[2024-11-04T10:20:17.200+0000] {processor.py:925} INFO - DAG(s) 'sparking_flow' retrieved from /opt/airflow/dags/spark_airflow.py
[2024-11-04T10:20:17.226+0000] {logging_mixin.py:190} INFO - [2024-11-04T10:20:17.226+0000] {dag.py:3239} INFO - Sync 1 DAGs
[2024-11-04T10:20:17.248+0000] {logging_mixin.py:190} INFO - [2024-11-04T10:20:17.248+0000] {dag.py:4180} INFO - Setting next_dagrun for sparking_flow to 2024-11-04 00:00:00+00:00, run_after=2024-11-05 00:00:00+00:00
[2024-11-04T10:20:17.265+0000] {processor.py:208} INFO - Processing /opt/airflow/dags/spark_airflow.py took 0.090 seconds
[2024-11-04T10:20:47.385+0000] {processor.py:186} INFO - Started process (PID=75216) to work on /opt/airflow/dags/spark_airflow.py
[2024-11-04T10:20:47.386+0000] {processor.py:914} INFO - Processing file /opt/airflow/dags/spark_airflow.py for tasks to queue
[2024-11-04T10:20:47.387+0000] {logging_mixin.py:190} INFO - [2024-11-04T10:20:47.387+0000] {dagbag.py:588} INFO - Filling up the DagBag from /opt/airflow/dags/spark_airflow.py
[2024-11-04T10:20:47.404+0000] {processor.py:925} INFO - DAG(s) 'sparking_flow' retrieved from /opt/airflow/dags/spark_airflow.py
[2024-11-04T10:20:47.429+0000] {logging_mixin.py:190} INFO - [2024-11-04T10:20:47.429+0000] {dag.py:3239} INFO - Sync 1 DAGs
[2024-11-04T10:20:47.452+0000] {logging_mixin.py:190} INFO - [2024-11-04T10:20:47.452+0000] {dag.py:4180} INFO - Setting next_dagrun for sparking_flow to 2024-11-04 00:00:00+00:00, run_after=2024-11-05 00:00:00+00:00
[2024-11-04T10:20:47.469+0000] {processor.py:208} INFO - Processing /opt/airflow/dags/spark_airflow.py took 0.089 seconds
[2024-11-04T10:21:17.613+0000] {processor.py:186} INFO - Started process (PID=75221) to work on /opt/airflow/dags/spark_airflow.py
[2024-11-04T10:21:17.615+0000] {processor.py:914} INFO - Processing file /opt/airflow/dags/spark_airflow.py for tasks to queue
[2024-11-04T10:21:17.616+0000] {logging_mixin.py:190} INFO - [2024-11-04T10:21:17.616+0000] {dagbag.py:588} INFO - Filling up the DagBag from /opt/airflow/dags/spark_airflow.py
[2024-11-04T10:21:17.639+0000] {processor.py:925} INFO - DAG(s) 'sparking_flow' retrieved from /opt/airflow/dags/spark_airflow.py
[2024-11-04T10:21:17.668+0000] {logging_mixin.py:190} INFO - [2024-11-04T10:21:17.668+0000] {dag.py:3239} INFO - Sync 1 DAGs
[2024-11-04T10:21:17.693+0000] {logging_mixin.py:190} INFO - [2024-11-04T10:21:17.693+0000] {dag.py:4180} INFO - Setting next_dagrun for sparking_flow to 2024-11-04 00:00:00+00:00, run_after=2024-11-05 00:00:00+00:00
[2024-11-04T10:21:17.714+0000] {processor.py:208} INFO - Processing /opt/airflow/dags/spark_airflow.py took 0.107 seconds
[2024-11-04T10:21:47.818+0000] {processor.py:186} INFO - Started process (PID=75226) to work on /opt/airflow/dags/spark_airflow.py
[2024-11-04T10:21:47.819+0000] {processor.py:914} INFO - Processing file /opt/airflow/dags/spark_airflow.py for tasks to queue
[2024-11-04T10:21:47.820+0000] {logging_mixin.py:190} INFO - [2024-11-04T10:21:47.820+0000] {dagbag.py:588} INFO - Filling up the DagBag from /opt/airflow/dags/spark_airflow.py
[2024-11-04T10:21:47.839+0000] {processor.py:925} INFO - DAG(s) 'sparking_flow' retrieved from /opt/airflow/dags/spark_airflow.py
[2024-11-04T10:21:47.865+0000] {logging_mixin.py:190} INFO - [2024-11-04T10:21:47.865+0000] {dag.py:3239} INFO - Sync 1 DAGs
[2024-11-04T10:21:47.888+0000] {logging_mixin.py:190} INFO - [2024-11-04T10:21:47.887+0000] {dag.py:4180} INFO - Setting next_dagrun for sparking_flow to 2024-11-04 00:00:00+00:00, run_after=2024-11-05 00:00:00+00:00
[2024-11-04T10:21:47.905+0000] {processor.py:208} INFO - Processing /opt/airflow/dags/spark_airflow.py took 0.093 seconds
[2024-11-04T10:22:18.052+0000] {processor.py:186} INFO - Started process (PID=75231) to work on /opt/airflow/dags/spark_airflow.py
[2024-11-04T10:22:18.052+0000] {processor.py:914} INFO - Processing file /opt/airflow/dags/spark_airflow.py for tasks to queue
[2024-11-04T10:22:18.054+0000] {logging_mixin.py:190} INFO - [2024-11-04T10:22:18.053+0000] {dagbag.py:588} INFO - Filling up the DagBag from /opt/airflow/dags/spark_airflow.py
[2024-11-04T10:22:18.071+0000] {processor.py:925} INFO - DAG(s) 'sparking_flow' retrieved from /opt/airflow/dags/spark_airflow.py
[2024-11-04T10:22:18.096+0000] {logging_mixin.py:190} INFO - [2024-11-04T10:22:18.096+0000] {dag.py:3239} INFO - Sync 1 DAGs
[2024-11-04T10:22:18.118+0000] {logging_mixin.py:190} INFO - [2024-11-04T10:22:18.118+0000] {dag.py:4180} INFO - Setting next_dagrun for sparking_flow to 2024-11-04 00:00:00+00:00, run_after=2024-11-05 00:00:00+00:00
[2024-11-04T10:22:18.136+0000] {processor.py:208} INFO - Processing /opt/airflow/dags/spark_airflow.py took 0.089 seconds
[2024-11-04T10:22:48.251+0000] {processor.py:186} INFO - Started process (PID=75236) to work on /opt/airflow/dags/spark_airflow.py
[2024-11-04T10:22:48.252+0000] {processor.py:914} INFO - Processing file /opt/airflow/dags/spark_airflow.py for tasks to queue
[2024-11-04T10:22:48.253+0000] {logging_mixin.py:190} INFO - [2024-11-04T10:22:48.253+0000] {dagbag.py:588} INFO - Filling up the DagBag from /opt/airflow/dags/spark_airflow.py
[2024-11-04T10:22:48.273+0000] {processor.py:925} INFO - DAG(s) 'sparking_flow' retrieved from /opt/airflow/dags/spark_airflow.py
[2024-11-04T10:22:48.297+0000] {logging_mixin.py:190} INFO - [2024-11-04T10:22:48.296+0000] {dag.py:3239} INFO - Sync 1 DAGs
[2024-11-04T10:22:48.317+0000] {logging_mixin.py:190} INFO - [2024-11-04T10:22:48.316+0000] {dag.py:4180} INFO - Setting next_dagrun for sparking_flow to 2024-11-04 00:00:00+00:00, run_after=2024-11-05 00:00:00+00:00
[2024-11-04T10:22:48.336+0000] {processor.py:208} INFO - Processing /opt/airflow/dags/spark_airflow.py took 0.091 seconds
[2024-11-04T10:23:18.469+0000] {processor.py:186} INFO - Started process (PID=75241) to work on /opt/airflow/dags/spark_airflow.py
[2024-11-04T10:23:18.469+0000] {processor.py:914} INFO - Processing file /opt/airflow/dags/spark_airflow.py for tasks to queue
[2024-11-04T10:23:18.470+0000] {logging_mixin.py:190} INFO - [2024-11-04T10:23:18.470+0000] {dagbag.py:588} INFO - Filling up the DagBag from /opt/airflow/dags/spark_airflow.py
[2024-11-04T10:23:18.489+0000] {processor.py:925} INFO - DAG(s) 'sparking_flow' retrieved from /opt/airflow/dags/spark_airflow.py
[2024-11-04T10:23:18.514+0000] {logging_mixin.py:190} INFO - [2024-11-04T10:23:18.513+0000] {dag.py:3239} INFO - Sync 1 DAGs
[2024-11-04T10:23:18.536+0000] {logging_mixin.py:190} INFO - [2024-11-04T10:23:18.536+0000] {dag.py:4180} INFO - Setting next_dagrun for sparking_flow to 2024-11-04 00:00:00+00:00, run_after=2024-11-05 00:00:00+00:00
[2024-11-04T10:23:18.552+0000] {processor.py:208} INFO - Processing /opt/airflow/dags/spark_airflow.py took 0.089 seconds
[2024-11-04T10:23:48.672+0000] {processor.py:186} INFO - Started process (PID=75246) to work on /opt/airflow/dags/spark_airflow.py
[2024-11-04T10:23:48.674+0000] {processor.py:914} INFO - Processing file /opt/airflow/dags/spark_airflow.py for tasks to queue
[2024-11-04T10:23:48.675+0000] {logging_mixin.py:190} INFO - [2024-11-04T10:23:48.675+0000] {dagbag.py:588} INFO - Filling up the DagBag from /opt/airflow/dags/spark_airflow.py
[2024-11-04T10:23:48.695+0000] {processor.py:925} INFO - DAG(s) 'sparking_flow' retrieved from /opt/airflow/dags/spark_airflow.py
[2024-11-04T10:23:48.720+0000] {logging_mixin.py:190} INFO - [2024-11-04T10:23:48.720+0000] {dag.py:3239} INFO - Sync 1 DAGs
[2024-11-04T10:23:48.742+0000] {logging_mixin.py:190} INFO - [2024-11-04T10:23:48.741+0000] {dag.py:4180} INFO - Setting next_dagrun for sparking_flow to 2024-11-04 00:00:00+00:00, run_after=2024-11-05 00:00:00+00:00
[2024-11-04T10:23:48.758+0000] {processor.py:208} INFO - Processing /opt/airflow/dags/spark_airflow.py took 0.092 seconds
[2024-11-04T10:24:18.889+0000] {processor.py:186} INFO - Started process (PID=75251) to work on /opt/airflow/dags/spark_airflow.py
[2024-11-04T10:24:18.890+0000] {processor.py:914} INFO - Processing file /opt/airflow/dags/spark_airflow.py for tasks to queue
[2024-11-04T10:24:18.892+0000] {logging_mixin.py:190} INFO - [2024-11-04T10:24:18.891+0000] {dagbag.py:588} INFO - Filling up the DagBag from /opt/airflow/dags/spark_airflow.py
[2024-11-04T10:24:18.911+0000] {processor.py:925} INFO - DAG(s) 'sparking_flow' retrieved from /opt/airflow/dags/spark_airflow.py
[2024-11-04T10:24:18.936+0000] {logging_mixin.py:190} INFO - [2024-11-04T10:24:18.935+0000] {dag.py:3239} INFO - Sync 1 DAGs
[2024-11-04T10:24:18.959+0000] {logging_mixin.py:190} INFO - [2024-11-04T10:24:18.959+0000] {dag.py:4180} INFO - Setting next_dagrun for sparking_flow to 2024-11-04 00:00:00+00:00, run_after=2024-11-05 00:00:00+00:00
[2024-11-04T10:24:18.975+0000] {processor.py:208} INFO - Processing /opt/airflow/dags/spark_airflow.py took 0.092 seconds
[2024-11-04T10:24:49.115+0000] {processor.py:186} INFO - Started process (PID=75256) to work on /opt/airflow/dags/spark_airflow.py
[2024-11-04T10:24:49.116+0000] {processor.py:914} INFO - Processing file /opt/airflow/dags/spark_airflow.py for tasks to queue
[2024-11-04T10:24:49.117+0000] {logging_mixin.py:190} INFO - [2024-11-04T10:24:49.117+0000] {dagbag.py:588} INFO - Filling up the DagBag from /opt/airflow/dags/spark_airflow.py
[2024-11-04T10:24:49.136+0000] {processor.py:925} INFO - DAG(s) 'sparking_flow' retrieved from /opt/airflow/dags/spark_airflow.py
[2024-11-04T10:24:49.161+0000] {logging_mixin.py:190} INFO - [2024-11-04T10:24:49.161+0000] {dag.py:3239} INFO - Sync 1 DAGs
[2024-11-04T10:24:49.184+0000] {logging_mixin.py:190} INFO - [2024-11-04T10:24:49.184+0000] {dag.py:4180} INFO - Setting next_dagrun for sparking_flow to 2024-11-04 00:00:00+00:00, run_after=2024-11-05 00:00:00+00:00
[2024-11-04T10:24:49.206+0000] {processor.py:208} INFO - Processing /opt/airflow/dags/spark_airflow.py took 0.096 seconds
[2024-11-04T10:25:19.349+0000] {processor.py:186} INFO - Started process (PID=75261) to work on /opt/airflow/dags/spark_airflow.py
[2024-11-04T10:25:19.350+0000] {processor.py:914} INFO - Processing file /opt/airflow/dags/spark_airflow.py for tasks to queue
[2024-11-04T10:25:19.351+0000] {logging_mixin.py:190} INFO - [2024-11-04T10:25:19.351+0000] {dagbag.py:588} INFO - Filling up the DagBag from /opt/airflow/dags/spark_airflow.py
[2024-11-04T10:25:19.369+0000] {processor.py:925} INFO - DAG(s) 'sparking_flow' retrieved from /opt/airflow/dags/spark_airflow.py
[2024-11-04T10:25:19.394+0000] {logging_mixin.py:190} INFO - [2024-11-04T10:25:19.393+0000] {dag.py:3239} INFO - Sync 1 DAGs
[2024-11-04T10:25:19.414+0000] {logging_mixin.py:190} INFO - [2024-11-04T10:25:19.414+0000] {dag.py:4180} INFO - Setting next_dagrun for sparking_flow to 2024-11-04 00:00:00+00:00, run_after=2024-11-05 00:00:00+00:00
[2024-11-04T10:25:19.431+0000] {processor.py:208} INFO - Processing /opt/airflow/dags/spark_airflow.py took 0.088 seconds
[2024-11-04T10:25:49.562+0000] {processor.py:186} INFO - Started process (PID=75266) to work on /opt/airflow/dags/spark_airflow.py
[2024-11-04T10:25:49.564+0000] {processor.py:914} INFO - Processing file /opt/airflow/dags/spark_airflow.py for tasks to queue
[2024-11-04T10:25:49.566+0000] {logging_mixin.py:190} INFO - [2024-11-04T10:25:49.566+0000] {dagbag.py:588} INFO - Filling up the DagBag from /opt/airflow/dags/spark_airflow.py
[2024-11-04T10:25:49.596+0000] {processor.py:925} INFO - DAG(s) 'sparking_flow' retrieved from /opt/airflow/dags/spark_airflow.py
[2024-11-04T10:25:49.632+0000] {logging_mixin.py:190} INFO - [2024-11-04T10:25:49.632+0000] {dag.py:3239} INFO - Sync 1 DAGs
[2024-11-04T10:25:49.657+0000] {logging_mixin.py:190} INFO - [2024-11-04T10:25:49.657+0000] {dag.py:4180} INFO - Setting next_dagrun for sparking_flow to 2024-11-04 00:00:00+00:00, run_after=2024-11-05 00:00:00+00:00
[2024-11-04T10:25:49.681+0000] {processor.py:208} INFO - Processing /opt/airflow/dags/spark_airflow.py took 0.127 seconds
[2024-11-04T10:26:19.794+0000] {processor.py:186} INFO - Started process (PID=75271) to work on /opt/airflow/dags/spark_airflow.py
[2024-11-04T10:26:19.795+0000] {processor.py:914} INFO - Processing file /opt/airflow/dags/spark_airflow.py for tasks to queue
[2024-11-04T10:26:19.797+0000] {logging_mixin.py:190} INFO - [2024-11-04T10:26:19.796+0000] {dagbag.py:588} INFO - Filling up the DagBag from /opt/airflow/dags/spark_airflow.py
[2024-11-04T10:26:19.816+0000] {processor.py:925} INFO - DAG(s) 'sparking_flow' retrieved from /opt/airflow/dags/spark_airflow.py
[2024-11-04T10:26:19.843+0000] {logging_mixin.py:190} INFO - [2024-11-04T10:26:19.843+0000] {dag.py:3239} INFO - Sync 1 DAGs
[2024-11-04T10:26:19.865+0000] {logging_mixin.py:190} INFO - [2024-11-04T10:26:19.865+0000] {dag.py:4180} INFO - Setting next_dagrun for sparking_flow to 2024-11-04 00:00:00+00:00, run_after=2024-11-05 00:00:00+00:00
[2024-11-04T10:26:19.882+0000] {processor.py:208} INFO - Processing /opt/airflow/dags/spark_airflow.py took 0.094 seconds
[2024-11-04T10:26:50.045+0000] {processor.py:186} INFO - Started process (PID=75276) to work on /opt/airflow/dags/spark_airflow.py
[2024-11-04T10:26:50.046+0000] {processor.py:914} INFO - Processing file /opt/airflow/dags/spark_airflow.py for tasks to queue
[2024-11-04T10:26:50.047+0000] {logging_mixin.py:190} INFO - [2024-11-04T10:26:50.046+0000] {dagbag.py:588} INFO - Filling up the DagBag from /opt/airflow/dags/spark_airflow.py
[2024-11-04T10:26:50.067+0000] {processor.py:925} INFO - DAG(s) 'sparking_flow' retrieved from /opt/airflow/dags/spark_airflow.py
[2024-11-04T10:26:50.091+0000] {logging_mixin.py:190} INFO - [2024-11-04T10:26:50.091+0000] {dag.py:3239} INFO - Sync 1 DAGs
[2024-11-04T10:26:50.114+0000] {logging_mixin.py:190} INFO - [2024-11-04T10:26:50.114+0000] {dag.py:4180} INFO - Setting next_dagrun for sparking_flow to 2024-11-04 00:00:00+00:00, run_after=2024-11-05 00:00:00+00:00
[2024-11-04T10:26:50.131+0000] {processor.py:208} INFO - Processing /opt/airflow/dags/spark_airflow.py took 0.092 seconds
[2024-11-04T10:27:20.230+0000] {processor.py:186} INFO - Started process (PID=75281) to work on /opt/airflow/dags/spark_airflow.py
[2024-11-04T10:27:20.231+0000] {processor.py:914} INFO - Processing file /opt/airflow/dags/spark_airflow.py for tasks to queue
[2024-11-04T10:27:20.233+0000] {logging_mixin.py:190} INFO - [2024-11-04T10:27:20.232+0000] {dagbag.py:588} INFO - Filling up the DagBag from /opt/airflow/dags/spark_airflow.py
[2024-11-04T10:27:20.251+0000] {processor.py:925} INFO - DAG(s) 'sparking_flow' retrieved from /opt/airflow/dags/spark_airflow.py
[2024-11-04T10:27:20.275+0000] {logging_mixin.py:190} INFO - [2024-11-04T10:27:20.275+0000] {dag.py:3239} INFO - Sync 1 DAGs
[2024-11-04T10:27:20.297+0000] {logging_mixin.py:190} INFO - [2024-11-04T10:27:20.297+0000] {dag.py:4180} INFO - Setting next_dagrun for sparking_flow to 2024-11-04 00:00:00+00:00, run_after=2024-11-05 00:00:00+00:00
[2024-11-04T10:27:20.313+0000] {processor.py:208} INFO - Processing /opt/airflow/dags/spark_airflow.py took 0.090 seconds
[2024-11-04T10:27:50.467+0000] {processor.py:186} INFO - Started process (PID=75286) to work on /opt/airflow/dags/spark_airflow.py
[2024-11-04T10:27:50.468+0000] {processor.py:914} INFO - Processing file /opt/airflow/dags/spark_airflow.py for tasks to queue
[2024-11-04T10:27:50.469+0000] {logging_mixin.py:190} INFO - [2024-11-04T10:27:50.469+0000] {dagbag.py:588} INFO - Filling up the DagBag from /opt/airflow/dags/spark_airflow.py
[2024-11-04T10:27:50.486+0000] {processor.py:925} INFO - DAG(s) 'sparking_flow' retrieved from /opt/airflow/dags/spark_airflow.py
[2024-11-04T10:27:50.509+0000] {logging_mixin.py:190} INFO - [2024-11-04T10:27:50.509+0000] {dag.py:3239} INFO - Sync 1 DAGs
[2024-11-04T10:27:50.529+0000] {logging_mixin.py:190} INFO - [2024-11-04T10:27:50.529+0000] {dag.py:4180} INFO - Setting next_dagrun for sparking_flow to 2024-11-04 00:00:00+00:00, run_after=2024-11-05 00:00:00+00:00
[2024-11-04T10:27:50.559+0000] {processor.py:208} INFO - Processing /opt/airflow/dags/spark_airflow.py took 0.097 seconds
[2024-11-04T10:28:20.657+0000] {processor.py:186} INFO - Started process (PID=75291) to work on /opt/airflow/dags/spark_airflow.py
[2024-11-04T10:28:20.658+0000] {processor.py:914} INFO - Processing file /opt/airflow/dags/spark_airflow.py for tasks to queue
[2024-11-04T10:28:20.660+0000] {logging_mixin.py:190} INFO - [2024-11-04T10:28:20.660+0000] {dagbag.py:588} INFO - Filling up the DagBag from /opt/airflow/dags/spark_airflow.py
[2024-11-04T10:28:20.680+0000] {processor.py:925} INFO - DAG(s) 'sparking_flow' retrieved from /opt/airflow/dags/spark_airflow.py
[2024-11-04T10:28:20.706+0000] {logging_mixin.py:190} INFO - [2024-11-04T10:28:20.706+0000] {dag.py:3239} INFO - Sync 1 DAGs
[2024-11-04T10:28:20.728+0000] {logging_mixin.py:190} INFO - [2024-11-04T10:28:20.727+0000] {dag.py:4180} INFO - Setting next_dagrun for sparking_flow to 2024-11-04 00:00:00+00:00, run_after=2024-11-05 00:00:00+00:00
[2024-11-04T10:28:20.750+0000] {processor.py:208} INFO - Processing /opt/airflow/dags/spark_airflow.py took 0.099 seconds
[2024-11-04T10:28:50.897+0000] {processor.py:186} INFO - Started process (PID=75296) to work on /opt/airflow/dags/spark_airflow.py
[2024-11-04T10:28:50.898+0000] {processor.py:914} INFO - Processing file /opt/airflow/dags/spark_airflow.py for tasks to queue
[2024-11-04T10:28:50.899+0000] {logging_mixin.py:190} INFO - [2024-11-04T10:28:50.899+0000] {dagbag.py:588} INFO - Filling up the DagBag from /opt/airflow/dags/spark_airflow.py
[2024-11-04T10:28:50.917+0000] {processor.py:925} INFO - DAG(s) 'sparking_flow' retrieved from /opt/airflow/dags/spark_airflow.py
[2024-11-04T10:28:50.940+0000] {logging_mixin.py:190} INFO - [2024-11-04T10:28:50.940+0000] {dag.py:3239} INFO - Sync 1 DAGs
[2024-11-04T10:28:50.960+0000] {logging_mixin.py:190} INFO - [2024-11-04T10:28:50.960+0000] {dag.py:4180} INFO - Setting next_dagrun for sparking_flow to 2024-11-04 00:00:00+00:00, run_after=2024-11-05 00:00:00+00:00
[2024-11-04T10:28:50.975+0000] {processor.py:208} INFO - Processing /opt/airflow/dags/spark_airflow.py took 0.082 seconds
[2024-11-04T10:29:21.080+0000] {processor.py:186} INFO - Started process (PID=75301) to work on /opt/airflow/dags/spark_airflow.py
[2024-11-04T10:29:21.082+0000] {processor.py:914} INFO - Processing file /opt/airflow/dags/spark_airflow.py for tasks to queue
[2024-11-04T10:29:21.083+0000] {logging_mixin.py:190} INFO - [2024-11-04T10:29:21.083+0000] {dagbag.py:588} INFO - Filling up the DagBag from /opt/airflow/dags/spark_airflow.py
[2024-11-04T10:29:21.105+0000] {processor.py:925} INFO - DAG(s) 'sparking_flow' retrieved from /opt/airflow/dags/spark_airflow.py
[2024-11-04T10:29:21.132+0000] {logging_mixin.py:190} INFO - [2024-11-04T10:29:21.132+0000] {dag.py:3239} INFO - Sync 1 DAGs
[2024-11-04T10:29:21.154+0000] {logging_mixin.py:190} INFO - [2024-11-04T10:29:21.154+0000] {dag.py:4180} INFO - Setting next_dagrun for sparking_flow to 2024-11-04 00:00:00+00:00, run_after=2024-11-05 00:00:00+00:00
[2024-11-04T10:29:21.171+0000] {processor.py:208} INFO - Processing /opt/airflow/dags/spark_airflow.py took 0.097 seconds
[2024-11-04T10:29:51.325+0000] {processor.py:186} INFO - Started process (PID=75306) to work on /opt/airflow/dags/spark_airflow.py
[2024-11-04T10:29:51.326+0000] {processor.py:914} INFO - Processing file /opt/airflow/dags/spark_airflow.py for tasks to queue
[2024-11-04T10:29:51.328+0000] {logging_mixin.py:190} INFO - [2024-11-04T10:29:51.327+0000] {dagbag.py:588} INFO - Filling up the DagBag from /opt/airflow/dags/spark_airflow.py
[2024-11-04T10:29:51.349+0000] {processor.py:925} INFO - DAG(s) 'sparking_flow' retrieved from /opt/airflow/dags/spark_airflow.py
[2024-11-04T10:29:51.375+0000] {logging_mixin.py:190} INFO - [2024-11-04T10:29:51.375+0000] {dag.py:3239} INFO - Sync 1 DAGs
[2024-11-04T10:29:51.399+0000] {logging_mixin.py:190} INFO - [2024-11-04T10:29:51.398+0000] {dag.py:4180} INFO - Setting next_dagrun for sparking_flow to 2024-11-04 00:00:00+00:00, run_after=2024-11-05 00:00:00+00:00
[2024-11-04T10:29:51.417+0000] {processor.py:208} INFO - Processing /opt/airflow/dags/spark_airflow.py took 0.098 seconds
[2024-11-04T10:30:26.335+0000] {processor.py:186} INFO - Started process (PID=75311) to work on /opt/airflow/dags/spark_airflow.py
[2024-11-04T10:30:26.340+0000] {processor.py:914} INFO - Processing file /opt/airflow/dags/spark_airflow.py for tasks to queue
[2024-11-04T10:30:26.342+0000] {logging_mixin.py:190} INFO - [2024-11-04T10:30:26.342+0000] {dagbag.py:588} INFO - Filling up the DagBag from /opt/airflow/dags/spark_airflow.py
[2024-11-04T10:30:26.378+0000] {processor.py:925} INFO - DAG(s) 'sparking_flow' retrieved from /opt/airflow/dags/spark_airflow.py
[2024-11-04T10:30:26.427+0000] {logging_mixin.py:190} INFO - [2024-11-04T10:30:26.426+0000] {dag.py:3239} INFO - Sync 1 DAGs
[2024-11-04T10:30:26.469+0000] {logging_mixin.py:190} INFO - [2024-11-04T10:30:26.469+0000] {dag.py:4180} INFO - Setting next_dagrun for sparking_flow to 2024-11-04 00:00:00+00:00, run_after=2024-11-05 00:00:00+00:00
[2024-11-04T10:30:26.492+0000] {processor.py:208} INFO - Processing /opt/airflow/dags/spark_airflow.py took 0.166 seconds
[2024-11-04T13:31:00.447+0000] {processor.py:186} INFO - Started process (PID=75316) to work on /opt/airflow/dags/spark_airflow.py
[2024-11-04T13:31:00.448+0000] {processor.py:914} INFO - Processing file /opt/airflow/dags/spark_airflow.py for tasks to queue
[2024-11-04T13:31:00.450+0000] {logging_mixin.py:190} INFO - [2024-11-04T13:31:00.450+0000] {dagbag.py:588} INFO - Filling up the DagBag from /opt/airflow/dags/spark_airflow.py
[2024-11-04T13:31:00.499+0000] {processor.py:925} INFO - DAG(s) 'sparking_flow' retrieved from /opt/airflow/dags/spark_airflow.py
[2024-11-04T13:31:00.590+0000] {logging_mixin.py:190} INFO - [2024-11-04T13:31:00.589+0000] {dag.py:3239} INFO - Sync 1 DAGs
[2024-11-04T13:31:00.696+0000] {logging_mixin.py:190} INFO - [2024-11-04T13:31:00.696+0000] {dag.py:4180} INFO - Setting next_dagrun for sparking_flow to 2024-11-04 00:00:00+00:00, run_after=2024-11-05 00:00:00+00:00
[2024-11-04T13:31:00.763+0000] {processor.py:208} INFO - Processing /opt/airflow/dags/spark_airflow.py took 0.330 seconds
[2024-11-04T13:31:31.024+0000] {processor.py:186} INFO - Started process (PID=75321) to work on /opt/airflow/dags/spark_airflow.py
[2024-11-04T13:31:31.025+0000] {processor.py:914} INFO - Processing file /opt/airflow/dags/spark_airflow.py for tasks to queue
[2024-11-04T13:31:31.026+0000] {logging_mixin.py:190} INFO - [2024-11-04T13:31:31.026+0000] {dagbag.py:588} INFO - Filling up the DagBag from /opt/airflow/dags/spark_airflow.py
[2024-11-04T13:31:31.043+0000] {processor.py:925} INFO - DAG(s) 'sparking_flow' retrieved from /opt/airflow/dags/spark_airflow.py
[2024-11-04T13:31:31.071+0000] {logging_mixin.py:190} INFO - [2024-11-04T13:31:31.071+0000] {dag.py:3239} INFO - Sync 1 DAGs
[2024-11-04T13:31:31.093+0000] {logging_mixin.py:190} INFO - [2024-11-04T13:31:31.093+0000] {dag.py:4180} INFO - Setting next_dagrun for sparking_flow to 2024-11-04 00:00:00+00:00, run_after=2024-11-05 00:00:00+00:00
[2024-11-04T13:31:31.112+0000] {processor.py:208} INFO - Processing /opt/airflow/dags/spark_airflow.py took 0.093 seconds
[2024-11-04T13:32:01.251+0000] {processor.py:186} INFO - Started process (PID=75326) to work on /opt/airflow/dags/spark_airflow.py
[2024-11-04T13:32:01.253+0000] {processor.py:914} INFO - Processing file /opt/airflow/dags/spark_airflow.py for tasks to queue
[2024-11-04T13:32:01.254+0000] {logging_mixin.py:190} INFO - [2024-11-04T13:32:01.254+0000] {dagbag.py:588} INFO - Filling up the DagBag from /opt/airflow/dags/spark_airflow.py
[2024-11-04T13:32:01.280+0000] {processor.py:925} INFO - DAG(s) 'sparking_flow' retrieved from /opt/airflow/dags/spark_airflow.py
[2024-11-04T13:32:01.312+0000] {logging_mixin.py:190} INFO - [2024-11-04T13:32:01.312+0000] {dag.py:3239} INFO - Sync 1 DAGs
[2024-11-04T13:32:01.338+0000] {logging_mixin.py:190} INFO - [2024-11-04T13:32:01.337+0000] {dag.py:4180} INFO - Setting next_dagrun for sparking_flow to 2024-11-04 00:00:00+00:00, run_after=2024-11-05 00:00:00+00:00
[2024-11-04T13:32:01.358+0000] {processor.py:208} INFO - Processing /opt/airflow/dags/spark_airflow.py took 0.114 seconds
[2024-11-04T13:32:31.488+0000] {processor.py:186} INFO - Started process (PID=75331) to work on /opt/airflow/dags/spark_airflow.py
[2024-11-04T13:32:31.489+0000] {processor.py:914} INFO - Processing file /opt/airflow/dags/spark_airflow.py for tasks to queue
[2024-11-04T13:32:31.490+0000] {logging_mixin.py:190} INFO - [2024-11-04T13:32:31.490+0000] {dagbag.py:588} INFO - Filling up the DagBag from /opt/airflow/dags/spark_airflow.py
[2024-11-04T13:32:31.507+0000] {processor.py:925} INFO - DAG(s) 'sparking_flow' retrieved from /opt/airflow/dags/spark_airflow.py
[2024-11-04T13:32:31.531+0000] {logging_mixin.py:190} INFO - [2024-11-04T13:32:31.531+0000] {dag.py:3239} INFO - Sync 1 DAGs
[2024-11-04T13:32:31.552+0000] {logging_mixin.py:190} INFO - [2024-11-04T13:32:31.552+0000] {dag.py:4180} INFO - Setting next_dagrun for sparking_flow to 2024-11-04 00:00:00+00:00, run_after=2024-11-05 00:00:00+00:00
[2024-11-04T13:32:31.568+0000] {processor.py:208} INFO - Processing /opt/airflow/dags/spark_airflow.py took 0.085 seconds
[2024-11-04T13:33:01.687+0000] {processor.py:186} INFO - Started process (PID=75336) to work on /opt/airflow/dags/spark_airflow.py
[2024-11-04T13:33:01.688+0000] {processor.py:914} INFO - Processing file /opt/airflow/dags/spark_airflow.py for tasks to queue
[2024-11-04T13:33:01.690+0000] {logging_mixin.py:190} INFO - [2024-11-04T13:33:01.690+0000] {dagbag.py:588} INFO - Filling up the DagBag from /opt/airflow/dags/spark_airflow.py
[2024-11-04T13:33:01.710+0000] {processor.py:925} INFO - DAG(s) 'sparking_flow' retrieved from /opt/airflow/dags/spark_airflow.py
[2024-11-04T13:33:01.735+0000] {logging_mixin.py:190} INFO - [2024-11-04T13:33:01.735+0000] {dag.py:3239} INFO - Sync 1 DAGs
[2024-11-04T13:33:01.755+0000] {logging_mixin.py:190} INFO - [2024-11-04T13:33:01.755+0000] {dag.py:4180} INFO - Setting next_dagrun for sparking_flow to 2024-11-04 00:00:00+00:00, run_after=2024-11-05 00:00:00+00:00
[2024-11-04T13:33:01.770+0000] {processor.py:208} INFO - Processing /opt/airflow/dags/spark_airflow.py took 0.089 seconds
[2024-11-04T13:33:31.898+0000] {processor.py:186} INFO - Started process (PID=75341) to work on /opt/airflow/dags/spark_airflow.py
[2024-11-04T13:33:31.899+0000] {processor.py:914} INFO - Processing file /opt/airflow/dags/spark_airflow.py for tasks to queue
[2024-11-04T13:33:31.901+0000] {logging_mixin.py:190} INFO - [2024-11-04T13:33:31.900+0000] {dagbag.py:588} INFO - Filling up the DagBag from /opt/airflow/dags/spark_airflow.py
[2024-11-04T13:33:31.918+0000] {processor.py:925} INFO - DAG(s) 'sparking_flow' retrieved from /opt/airflow/dags/spark_airflow.py
[2024-11-04T13:33:31.942+0000] {logging_mixin.py:190} INFO - [2024-11-04T13:33:31.942+0000] {dag.py:3239} INFO - Sync 1 DAGs
[2024-11-04T13:33:31.962+0000] {logging_mixin.py:190} INFO - [2024-11-04T13:33:31.962+0000] {dag.py:4180} INFO - Setting next_dagrun for sparking_flow to 2024-11-04 00:00:00+00:00, run_after=2024-11-05 00:00:00+00:00
[2024-11-04T13:33:31.977+0000] {processor.py:208} INFO - Processing /opt/airflow/dags/spark_airflow.py took 0.083 seconds
[2024-11-04T13:34:02.084+0000] {processor.py:186} INFO - Started process (PID=75346) to work on /opt/airflow/dags/spark_airflow.py
[2024-11-04T13:34:02.085+0000] {processor.py:914} INFO - Processing file /opt/airflow/dags/spark_airflow.py for tasks to queue
[2024-11-04T13:34:02.087+0000] {logging_mixin.py:190} INFO - [2024-11-04T13:34:02.087+0000] {dagbag.py:588} INFO - Filling up the DagBag from /opt/airflow/dags/spark_airflow.py
[2024-11-04T13:34:02.106+0000] {processor.py:925} INFO - DAG(s) 'sparking_flow' retrieved from /opt/airflow/dags/spark_airflow.py
[2024-11-04T13:34:02.131+0000] {logging_mixin.py:190} INFO - [2024-11-04T13:34:02.130+0000] {dag.py:3239} INFO - Sync 1 DAGs
[2024-11-04T13:34:02.153+0000] {logging_mixin.py:190} INFO - [2024-11-04T13:34:02.152+0000] {dag.py:4180} INFO - Setting next_dagrun for sparking_flow to 2024-11-04 00:00:00+00:00, run_after=2024-11-05 00:00:00+00:00
[2024-11-04T13:34:02.168+0000] {processor.py:208} INFO - Processing /opt/airflow/dags/spark_airflow.py took 0.090 seconds
[2024-11-04T13:34:32.288+0000] {processor.py:186} INFO - Started process (PID=75351) to work on /opt/airflow/dags/spark_airflow.py
[2024-11-04T13:34:32.289+0000] {processor.py:914} INFO - Processing file /opt/airflow/dags/spark_airflow.py for tasks to queue
[2024-11-04T13:34:32.290+0000] {logging_mixin.py:190} INFO - [2024-11-04T13:34:32.290+0000] {dagbag.py:588} INFO - Filling up the DagBag from /opt/airflow/dags/spark_airflow.py
[2024-11-04T13:34:32.309+0000] {processor.py:925} INFO - DAG(s) 'sparking_flow' retrieved from /opt/airflow/dags/spark_airflow.py
[2024-11-04T13:34:32.332+0000] {logging_mixin.py:190} INFO - [2024-11-04T13:34:32.332+0000] {dag.py:3239} INFO - Sync 1 DAGs
[2024-11-04T13:34:32.352+0000] {logging_mixin.py:190} INFO - [2024-11-04T13:34:32.351+0000] {dag.py:4180} INFO - Setting next_dagrun for sparking_flow to 2024-11-04 00:00:00+00:00, run_after=2024-11-05 00:00:00+00:00
[2024-11-04T13:34:32.368+0000] {processor.py:208} INFO - Processing /opt/airflow/dags/spark_airflow.py took 0.086 seconds
[2024-11-04T13:35:02.472+0000] {processor.py:186} INFO - Started process (PID=75356) to work on /opt/airflow/dags/spark_airflow.py
[2024-11-04T13:35:02.473+0000] {processor.py:914} INFO - Processing file /opt/airflow/dags/spark_airflow.py for tasks to queue
[2024-11-04T13:35:02.474+0000] {logging_mixin.py:190} INFO - [2024-11-04T13:35:02.474+0000] {dagbag.py:588} INFO - Filling up the DagBag from /opt/airflow/dags/spark_airflow.py
[2024-11-04T13:35:02.491+0000] {processor.py:925} INFO - DAG(s) 'sparking_flow' retrieved from /opt/airflow/dags/spark_airflow.py
[2024-11-04T13:35:02.513+0000] {logging_mixin.py:190} INFO - [2024-11-04T13:35:02.513+0000] {dag.py:3239} INFO - Sync 1 DAGs
[2024-11-04T13:35:02.533+0000] {logging_mixin.py:190} INFO - [2024-11-04T13:35:02.532+0000] {dag.py:4180} INFO - Setting next_dagrun for sparking_flow to 2024-11-04 00:00:00+00:00, run_after=2024-11-05 00:00:00+00:00
[2024-11-04T13:35:02.561+0000] {processor.py:208} INFO - Processing /opt/airflow/dags/spark_airflow.py took 0.094 seconds
[2024-11-04T13:35:32.672+0000] {processor.py:186} INFO - Started process (PID=75361) to work on /opt/airflow/dags/spark_airflow.py
[2024-11-04T13:35:32.673+0000] {processor.py:914} INFO - Processing file /opt/airflow/dags/spark_airflow.py for tasks to queue
[2024-11-04T13:35:32.674+0000] {logging_mixin.py:190} INFO - [2024-11-04T13:35:32.674+0000] {dagbag.py:588} INFO - Filling up the DagBag from /opt/airflow/dags/spark_airflow.py
[2024-11-04T13:35:32.693+0000] {processor.py:925} INFO - DAG(s) 'sparking_flow' retrieved from /opt/airflow/dags/spark_airflow.py
[2024-11-04T13:35:32.717+0000] {logging_mixin.py:190} INFO - [2024-11-04T13:35:32.717+0000] {dag.py:3239} INFO - Sync 1 DAGs
[2024-11-04T13:35:32.736+0000] {logging_mixin.py:190} INFO - [2024-11-04T13:35:32.736+0000] {dag.py:4180} INFO - Setting next_dagrun for sparking_flow to 2024-11-04 00:00:00+00:00, run_after=2024-11-05 00:00:00+00:00
[2024-11-04T13:35:32.751+0000] {processor.py:208} INFO - Processing /opt/airflow/dags/spark_airflow.py took 0.085 seconds
[2024-11-04T13:36:02.921+0000] {processor.py:186} INFO - Started process (PID=75366) to work on /opt/airflow/dags/spark_airflow.py
[2024-11-04T13:36:02.924+0000] {processor.py:914} INFO - Processing file /opt/airflow/dags/spark_airflow.py for tasks to queue
[2024-11-04T13:36:02.925+0000] {logging_mixin.py:190} INFO - [2024-11-04T13:36:02.925+0000] {dagbag.py:588} INFO - Filling up the DagBag from /opt/airflow/dags/spark_airflow.py
[2024-11-04T13:36:02.944+0000] {processor.py:925} INFO - DAG(s) 'sparking_flow' retrieved from /opt/airflow/dags/spark_airflow.py
[2024-11-04T13:36:02.966+0000] {logging_mixin.py:190} INFO - [2024-11-04T13:36:02.966+0000] {dag.py:3239} INFO - Sync 1 DAGs
[2024-11-04T13:36:02.985+0000] {logging_mixin.py:190} INFO - [2024-11-04T13:36:02.985+0000] {dag.py:4180} INFO - Setting next_dagrun for sparking_flow to 2024-11-04 00:00:00+00:00, run_after=2024-11-05 00:00:00+00:00
[2024-11-04T13:36:03.001+0000] {processor.py:208} INFO - Processing /opt/airflow/dags/spark_airflow.py took 0.099 seconds
[2024-11-04T13:36:33.121+0000] {processor.py:186} INFO - Started process (PID=75371) to work on /opt/airflow/dags/spark_airflow.py
[2024-11-04T13:36:33.122+0000] {processor.py:914} INFO - Processing file /opt/airflow/dags/spark_airflow.py for tasks to queue
[2024-11-04T13:36:33.124+0000] {logging_mixin.py:190} INFO - [2024-11-04T13:36:33.123+0000] {dagbag.py:588} INFO - Filling up the DagBag from /opt/airflow/dags/spark_airflow.py
[2024-11-04T13:36:33.143+0000] {processor.py:925} INFO - DAG(s) 'sparking_flow' retrieved from /opt/airflow/dags/spark_airflow.py
[2024-11-04T13:36:33.168+0000] {logging_mixin.py:190} INFO - [2024-11-04T13:36:33.167+0000] {dag.py:3239} INFO - Sync 1 DAGs
[2024-11-04T13:36:33.189+0000] {logging_mixin.py:190} INFO - [2024-11-04T13:36:33.189+0000] {dag.py:4180} INFO - Setting next_dagrun for sparking_flow to 2024-11-04 00:00:00+00:00, run_after=2024-11-05 00:00:00+00:00
[2024-11-04T13:36:33.205+0000] {processor.py:208} INFO - Processing /opt/airflow/dags/spark_airflow.py took 0.089 seconds
[2024-11-04T13:37:03.370+0000] {processor.py:186} INFO - Started process (PID=75376) to work on /opt/airflow/dags/spark_airflow.py
[2024-11-04T13:37:03.371+0000] {processor.py:914} INFO - Processing file /opt/airflow/dags/spark_airflow.py for tasks to queue
[2024-11-04T13:37:03.372+0000] {logging_mixin.py:190} INFO - [2024-11-04T13:37:03.372+0000] {dagbag.py:588} INFO - Filling up the DagBag from /opt/airflow/dags/spark_airflow.py
[2024-11-04T13:37:03.392+0000] {processor.py:925} INFO - DAG(s) 'sparking_flow' retrieved from /opt/airflow/dags/spark_airflow.py
[2024-11-04T13:37:03.418+0000] {logging_mixin.py:190} INFO - [2024-11-04T13:37:03.418+0000] {dag.py:3239} INFO - Sync 1 DAGs
[2024-11-04T13:37:03.440+0000] {logging_mixin.py:190} INFO - [2024-11-04T13:37:03.440+0000] {dag.py:4180} INFO - Setting next_dagrun for sparking_flow to 2024-11-04 00:00:00+00:00, run_after=2024-11-05 00:00:00+00:00
[2024-11-04T13:37:03.456+0000] {processor.py:208} INFO - Processing /opt/airflow/dags/spark_airflow.py took 0.097 seconds
[2024-11-04T13:37:33.570+0000] {processor.py:186} INFO - Started process (PID=75381) to work on /opt/airflow/dags/spark_airflow.py
[2024-11-04T13:37:33.570+0000] {processor.py:914} INFO - Processing file /opt/airflow/dags/spark_airflow.py for tasks to queue
[2024-11-04T13:37:33.572+0000] {logging_mixin.py:190} INFO - [2024-11-04T13:37:33.572+0000] {dagbag.py:588} INFO - Filling up the DagBag from /opt/airflow/dags/spark_airflow.py
[2024-11-04T13:37:33.593+0000] {processor.py:925} INFO - DAG(s) 'sparking_flow' retrieved from /opt/airflow/dags/spark_airflow.py
[2024-11-04T13:37:33.625+0000] {logging_mixin.py:190} INFO - [2024-11-04T13:37:33.625+0000] {dag.py:3239} INFO - Sync 1 DAGs
[2024-11-04T13:37:33.652+0000] {logging_mixin.py:190} INFO - [2024-11-04T13:37:33.651+0000] {dag.py:4180} INFO - Setting next_dagrun for sparking_flow to 2024-11-04 00:00:00+00:00, run_after=2024-11-05 00:00:00+00:00
[2024-11-04T13:37:33.670+0000] {processor.py:208} INFO - Processing /opt/airflow/dags/spark_airflow.py took 0.105 seconds
[2024-11-04T13:38:03.823+0000] {processor.py:186} INFO - Started process (PID=75386) to work on /opt/airflow/dags/spark_airflow.py
[2024-11-04T13:38:03.824+0000] {processor.py:914} INFO - Processing file /opt/airflow/dags/spark_airflow.py for tasks to queue
[2024-11-04T13:38:03.826+0000] {logging_mixin.py:190} INFO - [2024-11-04T13:38:03.825+0000] {dagbag.py:588} INFO - Filling up the DagBag from /opt/airflow/dags/spark_airflow.py
[2024-11-04T13:38:03.844+0000] {processor.py:925} INFO - DAG(s) 'sparking_flow' retrieved from /opt/airflow/dags/spark_airflow.py
[2024-11-04T13:38:03.868+0000] {logging_mixin.py:190} INFO - [2024-11-04T13:38:03.868+0000] {dag.py:3239} INFO - Sync 1 DAGs
[2024-11-04T13:38:03.895+0000] {logging_mixin.py:190} INFO - [2024-11-04T13:38:03.894+0000] {dag.py:4180} INFO - Setting next_dagrun for sparking_flow to 2024-11-04 00:00:00+00:00, run_after=2024-11-05 00:00:00+00:00
[2024-11-04T13:38:03.913+0000] {processor.py:208} INFO - Processing /opt/airflow/dags/spark_airflow.py took 0.096 seconds
[2024-11-04T13:38:34.040+0000] {processor.py:186} INFO - Started process (PID=75391) to work on /opt/airflow/dags/spark_airflow.py
[2024-11-04T13:38:34.041+0000] {processor.py:914} INFO - Processing file /opt/airflow/dags/spark_airflow.py for tasks to queue
[2024-11-04T13:38:34.043+0000] {logging_mixin.py:190} INFO - [2024-11-04T13:38:34.042+0000] {dagbag.py:588} INFO - Filling up the DagBag from /opt/airflow/dags/spark_airflow.py
[2024-11-04T13:38:34.063+0000] {processor.py:925} INFO - DAG(s) 'sparking_flow' retrieved from /opt/airflow/dags/spark_airflow.py
[2024-11-04T13:38:34.089+0000] {logging_mixin.py:190} INFO - [2024-11-04T13:38:34.089+0000] {dag.py:3239} INFO - Sync 1 DAGs
[2024-11-04T13:38:34.112+0000] {logging_mixin.py:190} INFO - [2024-11-04T13:38:34.111+0000] {dag.py:4180} INFO - Setting next_dagrun for sparking_flow to 2024-11-04 00:00:00+00:00, run_after=2024-11-05 00:00:00+00:00
[2024-11-04T13:38:34.130+0000] {processor.py:208} INFO - Processing /opt/airflow/dags/spark_airflow.py took 0.097 seconds
[2024-11-04T13:39:04.282+0000] {processor.py:186} INFO - Started process (PID=75396) to work on /opt/airflow/dags/spark_airflow.py
[2024-11-04T13:39:04.283+0000] {processor.py:914} INFO - Processing file /opt/airflow/dags/spark_airflow.py for tasks to queue
[2024-11-04T13:39:04.284+0000] {logging_mixin.py:190} INFO - [2024-11-04T13:39:04.284+0000] {dagbag.py:588} INFO - Filling up the DagBag from /opt/airflow/dags/spark_airflow.py
[2024-11-04T13:39:04.304+0000] {processor.py:925} INFO - DAG(s) 'sparking_flow' retrieved from /opt/airflow/dags/spark_airflow.py
[2024-11-04T13:39:04.329+0000] {logging_mixin.py:190} INFO - [2024-11-04T13:39:04.329+0000] {dag.py:3239} INFO - Sync 1 DAGs
[2024-11-04T13:39:04.352+0000] {logging_mixin.py:190} INFO - [2024-11-04T13:39:04.351+0000] {dag.py:4180} INFO - Setting next_dagrun for sparking_flow to 2024-11-04 00:00:00+00:00, run_after=2024-11-05 00:00:00+00:00
[2024-11-04T13:39:04.367+0000] {processor.py:208} INFO - Processing /opt/airflow/dags/spark_airflow.py took 0.092 seconds
[2024-11-04T13:39:34.496+0000] {processor.py:186} INFO - Started process (PID=75401) to work on /opt/airflow/dags/spark_airflow.py
[2024-11-04T13:39:34.497+0000] {processor.py:914} INFO - Processing file /opt/airflow/dags/spark_airflow.py for tasks to queue
[2024-11-04T13:39:34.498+0000] {logging_mixin.py:190} INFO - [2024-11-04T13:39:34.498+0000] {dagbag.py:588} INFO - Filling up the DagBag from /opt/airflow/dags/spark_airflow.py
[2024-11-04T13:39:34.521+0000] {processor.py:925} INFO - DAG(s) 'sparking_flow' retrieved from /opt/airflow/dags/spark_airflow.py
[2024-11-04T13:39:34.548+0000] {logging_mixin.py:190} INFO - [2024-11-04T13:39:34.548+0000] {dag.py:3239} INFO - Sync 1 DAGs
[2024-11-04T13:39:34.574+0000] {logging_mixin.py:190} INFO - [2024-11-04T13:39:34.574+0000] {dag.py:4180} INFO - Setting next_dagrun for sparking_flow to 2024-11-04 00:00:00+00:00, run_after=2024-11-05 00:00:00+00:00
[2024-11-04T13:39:34.597+0000] {processor.py:208} INFO - Processing /opt/airflow/dags/spark_airflow.py took 0.108 seconds
[2024-11-04T13:40:04.726+0000] {processor.py:186} INFO - Started process (PID=75406) to work on /opt/airflow/dags/spark_airflow.py
[2024-11-04T13:40:04.728+0000] {processor.py:914} INFO - Processing file /opt/airflow/dags/spark_airflow.py for tasks to queue
[2024-11-04T13:40:04.730+0000] {logging_mixin.py:190} INFO - [2024-11-04T13:40:04.730+0000] {dagbag.py:588} INFO - Filling up the DagBag from /opt/airflow/dags/spark_airflow.py
[2024-11-04T13:40:04.752+0000] {processor.py:925} INFO - DAG(s) 'sparking_flow' retrieved from /opt/airflow/dags/spark_airflow.py
[2024-11-04T13:40:04.777+0000] {logging_mixin.py:190} INFO - [2024-11-04T13:40:04.777+0000] {dag.py:3239} INFO - Sync 1 DAGs
[2024-11-04T13:40:04.800+0000] {logging_mixin.py:190} INFO - [2024-11-04T13:40:04.800+0000] {dag.py:4180} INFO - Setting next_dagrun for sparking_flow to 2024-11-04 00:00:00+00:00, run_after=2024-11-05 00:00:00+00:00
[2024-11-04T13:40:04.817+0000] {processor.py:208} INFO - Processing /opt/airflow/dags/spark_airflow.py took 0.096 seconds
[2024-11-04T13:40:34.949+0000] {processor.py:186} INFO - Started process (PID=75411) to work on /opt/airflow/dags/spark_airflow.py
[2024-11-04T13:40:34.950+0000] {processor.py:914} INFO - Processing file /opt/airflow/dags/spark_airflow.py for tasks to queue
[2024-11-04T13:40:34.952+0000] {logging_mixin.py:190} INFO - [2024-11-04T13:40:34.951+0000] {dagbag.py:588} INFO - Filling up the DagBag from /opt/airflow/dags/spark_airflow.py
[2024-11-04T13:40:34.971+0000] {processor.py:925} INFO - DAG(s) 'sparking_flow' retrieved from /opt/airflow/dags/spark_airflow.py
[2024-11-04T13:40:34.996+0000] {logging_mixin.py:190} INFO - [2024-11-04T13:40:34.996+0000] {dag.py:3239} INFO - Sync 1 DAGs
[2024-11-04T13:40:35.016+0000] {logging_mixin.py:190} INFO - [2024-11-04T13:40:35.016+0000] {dag.py:4180} INFO - Setting next_dagrun for sparking_flow to 2024-11-04 00:00:00+00:00, run_after=2024-11-05 00:00:00+00:00
[2024-11-04T13:40:35.032+0000] {processor.py:208} INFO - Processing /opt/airflow/dags/spark_airflow.py took 0.089 seconds
[2024-11-04T13:41:05.195+0000] {processor.py:186} INFO - Started process (PID=75416) to work on /opt/airflow/dags/spark_airflow.py
[2024-11-04T13:41:05.196+0000] {processor.py:914} INFO - Processing file /opt/airflow/dags/spark_airflow.py for tasks to queue
[2024-11-04T13:41:05.197+0000] {logging_mixin.py:190} INFO - [2024-11-04T13:41:05.197+0000] {dagbag.py:588} INFO - Filling up the DagBag from /opt/airflow/dags/spark_airflow.py
[2024-11-04T13:41:05.216+0000] {processor.py:925} INFO - DAG(s) 'sparking_flow' retrieved from /opt/airflow/dags/spark_airflow.py
[2024-11-04T13:41:05.241+0000] {logging_mixin.py:190} INFO - [2024-11-04T13:41:05.241+0000] {dag.py:3239} INFO - Sync 1 DAGs
[2024-11-04T13:41:05.264+0000] {logging_mixin.py:190} INFO - [2024-11-04T13:41:05.263+0000] {dag.py:4180} INFO - Setting next_dagrun for sparking_flow to 2024-11-04 00:00:00+00:00, run_after=2024-11-05 00:00:00+00:00
[2024-11-04T13:41:05.282+0000] {processor.py:208} INFO - Processing /opt/airflow/dags/spark_airflow.py took 0.092 seconds
[2024-11-04T13:41:35.378+0000] {processor.py:186} INFO - Started process (PID=75421) to work on /opt/airflow/dags/spark_airflow.py
[2024-11-04T13:41:35.379+0000] {processor.py:914} INFO - Processing file /opt/airflow/dags/spark_airflow.py for tasks to queue
[2024-11-04T13:41:35.381+0000] {logging_mixin.py:190} INFO - [2024-11-04T13:41:35.380+0000] {dagbag.py:588} INFO - Filling up the DagBag from /opt/airflow/dags/spark_airflow.py
[2024-11-04T13:41:35.407+0000] {processor.py:925} INFO - DAG(s) 'sparking_flow' retrieved from /opt/airflow/dags/spark_airflow.py
[2024-11-04T13:41:35.437+0000] {logging_mixin.py:190} INFO - [2024-11-04T13:41:35.436+0000] {dag.py:3239} INFO - Sync 1 DAGs
[2024-11-04T13:41:35.459+0000] {logging_mixin.py:190} INFO - [2024-11-04T13:41:35.459+0000] {dag.py:4180} INFO - Setting next_dagrun for sparking_flow to 2024-11-04 00:00:00+00:00, run_after=2024-11-05 00:00:00+00:00
[2024-11-04T13:41:35.480+0000] {processor.py:208} INFO - Processing /opt/airflow/dags/spark_airflow.py took 0.108 seconds
[2024-11-04T13:42:05.632+0000] {processor.py:186} INFO - Started process (PID=75426) to work on /opt/airflow/dags/spark_airflow.py
[2024-11-04T13:42:05.633+0000] {processor.py:914} INFO - Processing file /opt/airflow/dags/spark_airflow.py for tasks to queue
[2024-11-04T13:42:05.634+0000] {logging_mixin.py:190} INFO - [2024-11-04T13:42:05.634+0000] {dagbag.py:588} INFO - Filling up the DagBag from /opt/airflow/dags/spark_airflow.py
[2024-11-04T13:42:05.650+0000] {processor.py:925} INFO - DAG(s) 'sparking_flow' retrieved from /opt/airflow/dags/spark_airflow.py
[2024-11-04T13:42:05.673+0000] {logging_mixin.py:190} INFO - [2024-11-04T13:42:05.673+0000] {dag.py:3239} INFO - Sync 1 DAGs
[2024-11-04T13:42:05.694+0000] {logging_mixin.py:190} INFO - [2024-11-04T13:42:05.693+0000] {dag.py:4180} INFO - Setting next_dagrun for sparking_flow to 2024-11-04 00:00:00+00:00, run_after=2024-11-05 00:00:00+00:00
[2024-11-04T13:42:05.709+0000] {processor.py:208} INFO - Processing /opt/airflow/dags/spark_airflow.py took 0.091 seconds
[2024-11-04T13:42:35.836+0000] {processor.py:186} INFO - Started process (PID=75431) to work on /opt/airflow/dags/spark_airflow.py
[2024-11-04T13:42:35.836+0000] {processor.py:914} INFO - Processing file /opt/airflow/dags/spark_airflow.py for tasks to queue
[2024-11-04T13:42:35.838+0000] {logging_mixin.py:190} INFO - [2024-11-04T13:42:35.838+0000] {dagbag.py:588} INFO - Filling up the DagBag from /opt/airflow/dags/spark_airflow.py
[2024-11-04T13:42:35.856+0000] {processor.py:925} INFO - DAG(s) 'sparking_flow' retrieved from /opt/airflow/dags/spark_airflow.py
[2024-11-04T13:42:35.883+0000] {logging_mixin.py:190} INFO - [2024-11-04T13:42:35.882+0000] {dag.py:3239} INFO - Sync 1 DAGs
[2024-11-04T13:42:35.906+0000] {logging_mixin.py:190} INFO - [2024-11-04T13:42:35.906+0000] {dag.py:4180} INFO - Setting next_dagrun for sparking_flow to 2024-11-04 00:00:00+00:00, run_after=2024-11-05 00:00:00+00:00
[2024-11-04T13:42:35.922+0000] {processor.py:208} INFO - Processing /opt/airflow/dags/spark_airflow.py took 0.092 seconds
[2024-11-04T13:43:06.084+0000] {processor.py:186} INFO - Started process (PID=75436) to work on /opt/airflow/dags/spark_airflow.py
[2024-11-04T13:43:06.085+0000] {processor.py:914} INFO - Processing file /opt/airflow/dags/spark_airflow.py for tasks to queue
[2024-11-04T13:43:06.086+0000] {logging_mixin.py:190} INFO - [2024-11-04T13:43:06.086+0000] {dagbag.py:588} INFO - Filling up the DagBag from /opt/airflow/dags/spark_airflow.py
[2024-11-04T13:43:06.105+0000] {processor.py:925} INFO - DAG(s) 'sparking_flow' retrieved from /opt/airflow/dags/spark_airflow.py
[2024-11-04T13:43:06.134+0000] {logging_mixin.py:190} INFO - [2024-11-04T13:43:06.133+0000] {dag.py:3239} INFO - Sync 1 DAGs
[2024-11-04T13:43:06.160+0000] {logging_mixin.py:190} INFO - [2024-11-04T13:43:06.160+0000] {dag.py:4180} INFO - Setting next_dagrun for sparking_flow to 2024-11-04 00:00:00+00:00, run_after=2024-11-05 00:00:00+00:00
[2024-11-04T13:43:06.179+0000] {processor.py:208} INFO - Processing /opt/airflow/dags/spark_airflow.py took 0.101 seconds
[2024-11-04T13:43:36.277+0000] {processor.py:186} INFO - Started process (PID=75441) to work on /opt/airflow/dags/spark_airflow.py
[2024-11-04T13:43:36.279+0000] {processor.py:914} INFO - Processing file /opt/airflow/dags/spark_airflow.py for tasks to queue
[2024-11-04T13:43:36.280+0000] {logging_mixin.py:190} INFO - [2024-11-04T13:43:36.280+0000] {dagbag.py:588} INFO - Filling up the DagBag from /opt/airflow/dags/spark_airflow.py
[2024-11-04T13:43:36.299+0000] {processor.py:925} INFO - DAG(s) 'sparking_flow' retrieved from /opt/airflow/dags/spark_airflow.py
[2024-11-04T13:43:36.325+0000] {logging_mixin.py:190} INFO - [2024-11-04T13:43:36.325+0000] {dag.py:3239} INFO - Sync 1 DAGs
[2024-11-04T13:43:36.347+0000] {logging_mixin.py:190} INFO - [2024-11-04T13:43:36.347+0000] {dag.py:4180} INFO - Setting next_dagrun for sparking_flow to 2024-11-04 00:00:00+00:00, run_after=2024-11-05 00:00:00+00:00
[2024-11-04T13:43:36.363+0000] {processor.py:208} INFO - Processing /opt/airflow/dags/spark_airflow.py took 0.093 seconds
[2024-11-04T13:44:06.518+0000] {processor.py:186} INFO - Started process (PID=75446) to work on /opt/airflow/dags/spark_airflow.py
[2024-11-04T13:44:06.519+0000] {processor.py:914} INFO - Processing file /opt/airflow/dags/spark_airflow.py for tasks to queue
[2024-11-04T13:44:06.520+0000] {logging_mixin.py:190} INFO - [2024-11-04T13:44:06.520+0000] {dagbag.py:588} INFO - Filling up the DagBag from /opt/airflow/dags/spark_airflow.py
[2024-11-04T13:44:06.538+0000] {processor.py:925} INFO - DAG(s) 'sparking_flow' retrieved from /opt/airflow/dags/spark_airflow.py
[2024-11-04T13:44:06.564+0000] {logging_mixin.py:190} INFO - [2024-11-04T13:44:06.564+0000] {dag.py:3239} INFO - Sync 1 DAGs
[2024-11-04T13:44:06.586+0000] {logging_mixin.py:190} INFO - [2024-11-04T13:44:06.586+0000] {dag.py:4180} INFO - Setting next_dagrun for sparking_flow to 2024-11-04 00:00:00+00:00, run_after=2024-11-05 00:00:00+00:00
[2024-11-04T13:44:06.607+0000] {processor.py:208} INFO - Processing /opt/airflow/dags/spark_airflow.py took 0.094 seconds
[2024-11-04T13:44:36.706+0000] {processor.py:186} INFO - Started process (PID=75451) to work on /opt/airflow/dags/spark_airflow.py
[2024-11-04T13:44:36.707+0000] {processor.py:914} INFO - Processing file /opt/airflow/dags/spark_airflow.py for tasks to queue
[2024-11-04T13:44:36.709+0000] {logging_mixin.py:190} INFO - [2024-11-04T13:44:36.708+0000] {dagbag.py:588} INFO - Filling up the DagBag from /opt/airflow/dags/spark_airflow.py
[2024-11-04T13:44:36.727+0000] {processor.py:925} INFO - DAG(s) 'sparking_flow' retrieved from /opt/airflow/dags/spark_airflow.py
[2024-11-04T13:44:36.755+0000] {logging_mixin.py:190} INFO - [2024-11-04T13:44:36.755+0000] {dag.py:3239} INFO - Sync 1 DAGs
[2024-11-04T13:44:36.778+0000] {logging_mixin.py:190} INFO - [2024-11-04T13:44:36.778+0000] {dag.py:4180} INFO - Setting next_dagrun for sparking_flow to 2024-11-04 00:00:00+00:00, run_after=2024-11-05 00:00:00+00:00
[2024-11-04T13:44:36.797+0000] {processor.py:208} INFO - Processing /opt/airflow/dags/spark_airflow.py took 0.096 seconds
[2024-11-04T13:45:06.963+0000] {processor.py:186} INFO - Started process (PID=75456) to work on /opt/airflow/dags/spark_airflow.py
[2024-11-04T13:45:06.964+0000] {processor.py:914} INFO - Processing file /opt/airflow/dags/spark_airflow.py for tasks to queue
[2024-11-04T13:45:06.966+0000] {logging_mixin.py:190} INFO - [2024-11-04T13:45:06.966+0000] {dagbag.py:588} INFO - Filling up the DagBag from /opt/airflow/dags/spark_airflow.py
[2024-11-04T13:45:06.989+0000] {processor.py:925} INFO - DAG(s) 'sparking_flow' retrieved from /opt/airflow/dags/spark_airflow.py
[2024-11-04T13:45:07.014+0000] {logging_mixin.py:190} INFO - [2024-11-04T13:45:07.013+0000] {dag.py:3239} INFO - Sync 1 DAGs
[2024-11-04T13:45:07.036+0000] {logging_mixin.py:190} INFO - [2024-11-04T13:45:07.036+0000] {dag.py:4180} INFO - Setting next_dagrun for sparking_flow to 2024-11-04 00:00:00+00:00, run_after=2024-11-05 00:00:00+00:00
[2024-11-04T13:45:07.055+0000] {processor.py:208} INFO - Processing /opt/airflow/dags/spark_airflow.py took 0.098 seconds
[2024-11-04T13:45:37.150+0000] {processor.py:186} INFO - Started process (PID=75461) to work on /opt/airflow/dags/spark_airflow.py
[2024-11-04T13:45:37.151+0000] {processor.py:914} INFO - Processing file /opt/airflow/dags/spark_airflow.py for tasks to queue
[2024-11-04T13:45:37.152+0000] {logging_mixin.py:190} INFO - [2024-11-04T13:45:37.152+0000] {dagbag.py:588} INFO - Filling up the DagBag from /opt/airflow/dags/spark_airflow.py
[2024-11-04T13:45:37.171+0000] {processor.py:925} INFO - DAG(s) 'sparking_flow' retrieved from /opt/airflow/dags/spark_airflow.py
[2024-11-04T13:45:37.197+0000] {logging_mixin.py:190} INFO - [2024-11-04T13:45:37.197+0000] {dag.py:3239} INFO - Sync 1 DAGs
[2024-11-04T13:45:37.219+0000] {logging_mixin.py:190} INFO - [2024-11-04T13:45:37.219+0000] {dag.py:4180} INFO - Setting next_dagrun for sparking_flow to 2024-11-04 00:00:00+00:00, run_after=2024-11-05 00:00:00+00:00
[2024-11-04T13:45:37.236+0000] {processor.py:208} INFO - Processing /opt/airflow/dags/spark_airflow.py took 0.092 seconds
[2024-11-04T13:46:07.421+0000] {processor.py:186} INFO - Started process (PID=75466) to work on /opt/airflow/dags/spark_airflow.py
[2024-11-04T13:46:07.422+0000] {processor.py:914} INFO - Processing file /opt/airflow/dags/spark_airflow.py for tasks to queue
[2024-11-04T13:46:07.423+0000] {logging_mixin.py:190} INFO - [2024-11-04T13:46:07.422+0000] {dagbag.py:588} INFO - Filling up the DagBag from /opt/airflow/dags/spark_airflow.py
[2024-11-04T13:46:07.440+0000] {processor.py:925} INFO - DAG(s) 'sparking_flow' retrieved from /opt/airflow/dags/spark_airflow.py
[2024-11-04T13:46:07.466+0000] {logging_mixin.py:190} INFO - [2024-11-04T13:46:07.466+0000] {dag.py:3239} INFO - Sync 1 DAGs
[2024-11-04T13:46:07.488+0000] {logging_mixin.py:190} INFO - [2024-11-04T13:46:07.488+0000] {dag.py:4180} INFO - Setting next_dagrun for sparking_flow to 2024-11-04 00:00:00+00:00, run_after=2024-11-05 00:00:00+00:00
[2024-11-04T13:46:07.506+0000] {processor.py:208} INFO - Processing /opt/airflow/dags/spark_airflow.py took 0.089 seconds
[2024-11-04T13:46:37.618+0000] {processor.py:186} INFO - Started process (PID=75471) to work on /opt/airflow/dags/spark_airflow.py
[2024-11-04T13:46:37.619+0000] {processor.py:914} INFO - Processing file /opt/airflow/dags/spark_airflow.py for tasks to queue
[2024-11-04T13:46:37.621+0000] {logging_mixin.py:190} INFO - [2024-11-04T13:46:37.621+0000] {dagbag.py:588} INFO - Filling up the DagBag from /opt/airflow/dags/spark_airflow.py
[2024-11-04T13:46:37.645+0000] {processor.py:925} INFO - DAG(s) 'sparking_flow' retrieved from /opt/airflow/dags/spark_airflow.py
[2024-11-04T13:46:37.671+0000] {logging_mixin.py:190} INFO - [2024-11-04T13:46:37.671+0000] {dag.py:3239} INFO - Sync 1 DAGs
[2024-11-04T13:46:37.692+0000] {logging_mixin.py:190} INFO - [2024-11-04T13:46:37.692+0000] {dag.py:4180} INFO - Setting next_dagrun for sparking_flow to 2024-11-04 00:00:00+00:00, run_after=2024-11-05 00:00:00+00:00
[2024-11-04T13:46:37.710+0000] {processor.py:208} INFO - Processing /opt/airflow/dags/spark_airflow.py took 0.098 seconds
[2024-11-04T13:47:07.859+0000] {processor.py:186} INFO - Started process (PID=75476) to work on /opt/airflow/dags/spark_airflow.py
[2024-11-04T13:47:07.860+0000] {processor.py:914} INFO - Processing file /opt/airflow/dags/spark_airflow.py for tasks to queue
[2024-11-04T13:47:07.863+0000] {logging_mixin.py:190} INFO - [2024-11-04T13:47:07.862+0000] {dagbag.py:588} INFO - Filling up the DagBag from /opt/airflow/dags/spark_airflow.py
[2024-11-04T13:47:07.883+0000] {processor.py:925} INFO - DAG(s) 'sparking_flow' retrieved from /opt/airflow/dags/spark_airflow.py
[2024-11-04T13:47:07.910+0000] {logging_mixin.py:190} INFO - [2024-11-04T13:47:07.909+0000] {dag.py:3239} INFO - Sync 1 DAGs
[2024-11-04T13:47:07.931+0000] {logging_mixin.py:190} INFO - [2024-11-04T13:47:07.931+0000] {dag.py:4180} INFO - Setting next_dagrun for sparking_flow to 2024-11-04 00:00:00+00:00, run_after=2024-11-05 00:00:00+00:00
[2024-11-04T13:47:07.947+0000] {processor.py:208} INFO - Processing /opt/airflow/dags/spark_airflow.py took 0.095 seconds
[2024-11-04T13:47:38.064+0000] {processor.py:186} INFO - Started process (PID=75481) to work on /opt/airflow/dags/spark_airflow.py
[2024-11-04T13:47:38.065+0000] {processor.py:914} INFO - Processing file /opt/airflow/dags/spark_airflow.py for tasks to queue
[2024-11-04T13:47:38.066+0000] {logging_mixin.py:190} INFO - [2024-11-04T13:47:38.066+0000] {dagbag.py:588} INFO - Filling up the DagBag from /opt/airflow/dags/spark_airflow.py
[2024-11-04T13:47:38.086+0000] {processor.py:925} INFO - DAG(s) 'sparking_flow' retrieved from /opt/airflow/dags/spark_airflow.py
[2024-11-04T13:47:38.112+0000] {logging_mixin.py:190} INFO - [2024-11-04T13:47:38.112+0000] {dag.py:3239} INFO - Sync 1 DAGs
[2024-11-04T13:47:38.137+0000] {logging_mixin.py:190} INFO - [2024-11-04T13:47:38.137+0000] {dag.py:4180} INFO - Setting next_dagrun for sparking_flow to 2024-11-04 00:00:00+00:00, run_after=2024-11-05 00:00:00+00:00
[2024-11-04T13:47:38.154+0000] {processor.py:208} INFO - Processing /opt/airflow/dags/spark_airflow.py took 0.098 seconds
[2024-11-04T17:30:10.062+0000] {processor.py:186} INFO - Started process (PID=75486) to work on /opt/airflow/dags/spark_airflow.py
[2024-11-04T17:30:10.072+0000] {processor.py:914} INFO - Processing file /opt/airflow/dags/spark_airflow.py for tasks to queue
[2024-11-04T17:30:10.075+0000] {logging_mixin.py:190} INFO - [2024-11-04T17:30:10.074+0000] {dagbag.py:588} INFO - Filling up the DagBag from /opt/airflow/dags/spark_airflow.py
[2024-11-04T17:30:10.123+0000] {processor.py:925} INFO - DAG(s) 'sparking_flow' retrieved from /opt/airflow/dags/spark_airflow.py
[2024-11-04T17:30:10.211+0000] {logging_mixin.py:190} INFO - [2024-11-04T17:30:10.210+0000] {dag.py:3239} INFO - Sync 1 DAGs
[2024-11-04T17:30:10.259+0000] {logging_mixin.py:190} INFO - [2024-11-04T17:30:10.258+0000] {dag.py:4180} INFO - Setting next_dagrun for sparking_flow to 2024-11-04 00:00:00+00:00, run_after=2024-11-05 00:00:00+00:00
[2024-11-04T17:30:10.303+0000] {processor.py:208} INFO - Processing /opt/airflow/dags/spark_airflow.py took 0.252 seconds
[2024-11-04T17:30:40.903+0000] {processor.py:186} INFO - Started process (PID=75491) to work on /opt/airflow/dags/spark_airflow.py
[2024-11-04T17:30:40.904+0000] {processor.py:914} INFO - Processing file /opt/airflow/dags/spark_airflow.py for tasks to queue
[2024-11-04T17:30:40.906+0000] {logging_mixin.py:190} INFO - [2024-11-04T17:30:40.905+0000] {dagbag.py:588} INFO - Filling up the DagBag from /opt/airflow/dags/spark_airflow.py
[2024-11-04T17:30:40.930+0000] {processor.py:925} INFO - DAG(s) 'sparking_flow' retrieved from /opt/airflow/dags/spark_airflow.py
[2024-11-04T17:30:40.955+0000] {logging_mixin.py:190} INFO - [2024-11-04T17:30:40.955+0000] {dag.py:3239} INFO - Sync 1 DAGs
[2024-11-04T17:30:40.976+0000] {logging_mixin.py:190} INFO - [2024-11-04T17:30:40.976+0000] {dag.py:4180} INFO - Setting next_dagrun for sparking_flow to 2024-11-04 00:00:00+00:00, run_after=2024-11-05 00:00:00+00:00
[2024-11-04T17:30:40.994+0000] {processor.py:208} INFO - Processing /opt/airflow/dags/spark_airflow.py took 0.098 seconds
[2024-11-04T17:31:11.071+0000] {processor.py:186} INFO - Started process (PID=75496) to work on /opt/airflow/dags/spark_airflow.py
[2024-11-04T17:31:11.072+0000] {processor.py:914} INFO - Processing file /opt/airflow/dags/spark_airflow.py for tasks to queue
[2024-11-04T17:31:11.074+0000] {logging_mixin.py:190} INFO - [2024-11-04T17:31:11.073+0000] {dagbag.py:588} INFO - Filling up the DagBag from /opt/airflow/dags/spark_airflow.py
[2024-11-04T17:31:11.095+0000] {processor.py:925} INFO - DAG(s) 'sparking_flow' retrieved from /opt/airflow/dags/spark_airflow.py
[2024-11-04T17:31:11.122+0000] {logging_mixin.py:190} INFO - [2024-11-04T17:31:11.121+0000] {dag.py:3239} INFO - Sync 1 DAGs
[2024-11-04T17:31:11.143+0000] {logging_mixin.py:190} INFO - [2024-11-04T17:31:11.143+0000] {dag.py:4180} INFO - Setting next_dagrun for sparking_flow to 2024-11-04 00:00:00+00:00, run_after=2024-11-05 00:00:00+00:00
[2024-11-04T17:31:11.159+0000] {processor.py:208} INFO - Processing /opt/airflow/dags/spark_airflow.py took 0.093 seconds
[2024-11-04T17:31:41.326+0000] {processor.py:186} INFO - Started process (PID=75501) to work on /opt/airflow/dags/spark_airflow.py
[2024-11-04T17:31:41.327+0000] {processor.py:914} INFO - Processing file /opt/airflow/dags/spark_airflow.py for tasks to queue
[2024-11-04T17:31:41.328+0000] {logging_mixin.py:190} INFO - [2024-11-04T17:31:41.328+0000] {dagbag.py:588} INFO - Filling up the DagBag from /opt/airflow/dags/spark_airflow.py
[2024-11-04T17:31:41.347+0000] {processor.py:925} INFO - DAG(s) 'sparking_flow' retrieved from /opt/airflow/dags/spark_airflow.py
[2024-11-04T17:31:41.370+0000] {logging_mixin.py:190} INFO - [2024-11-04T17:31:41.370+0000] {dag.py:3239} INFO - Sync 1 DAGs
[2024-11-04T17:31:41.390+0000] {logging_mixin.py:190} INFO - [2024-11-04T17:31:41.390+0000] {dag.py:4180} INFO - Setting next_dagrun for sparking_flow to 2024-11-04 00:00:00+00:00, run_after=2024-11-05 00:00:00+00:00
[2024-11-04T17:31:41.408+0000] {processor.py:208} INFO - Processing /opt/airflow/dags/spark_airflow.py took 0.088 seconds
[2024-11-04T17:32:11.504+0000] {processor.py:186} INFO - Started process (PID=75506) to work on /opt/airflow/dags/spark_airflow.py
[2024-11-04T17:32:11.505+0000] {processor.py:914} INFO - Processing file /opt/airflow/dags/spark_airflow.py for tasks to queue
[2024-11-04T17:32:11.506+0000] {logging_mixin.py:190} INFO - [2024-11-04T17:32:11.506+0000] {dagbag.py:588} INFO - Filling up the DagBag from /opt/airflow/dags/spark_airflow.py
[2024-11-04T17:32:11.525+0000] {processor.py:925} INFO - DAG(s) 'sparking_flow' retrieved from /opt/airflow/dags/spark_airflow.py
[2024-11-04T17:32:11.549+0000] {logging_mixin.py:190} INFO - [2024-11-04T17:32:11.549+0000] {dag.py:3239} INFO - Sync 1 DAGs
[2024-11-04T17:32:11.569+0000] {logging_mixin.py:190} INFO - [2024-11-04T17:32:11.569+0000] {dag.py:4180} INFO - Setting next_dagrun for sparking_flow to 2024-11-04 00:00:00+00:00, run_after=2024-11-05 00:00:00+00:00
[2024-11-04T17:32:11.584+0000] {processor.py:208} INFO - Processing /opt/airflow/dags/spark_airflow.py took 0.084 seconds
[2024-11-04T17:32:41.740+0000] {processor.py:186} INFO - Started process (PID=75511) to work on /opt/airflow/dags/spark_airflow.py
[2024-11-04T17:32:41.741+0000] {processor.py:914} INFO - Processing file /opt/airflow/dags/spark_airflow.py for tasks to queue
[2024-11-04T17:32:41.742+0000] {logging_mixin.py:190} INFO - [2024-11-04T17:32:41.742+0000] {dagbag.py:588} INFO - Filling up the DagBag from /opt/airflow/dags/spark_airflow.py
[2024-11-04T17:32:41.760+0000] {processor.py:925} INFO - DAG(s) 'sparking_flow' retrieved from /opt/airflow/dags/spark_airflow.py
[2024-11-04T17:32:41.783+0000] {logging_mixin.py:190} INFO - [2024-11-04T17:32:41.783+0000] {dag.py:3239} INFO - Sync 1 DAGs
[2024-11-04T17:32:41.805+0000] {logging_mixin.py:190} INFO - [2024-11-04T17:32:41.805+0000] {dag.py:4180} INFO - Setting next_dagrun for sparking_flow to 2024-11-04 00:00:00+00:00, run_after=2024-11-05 00:00:00+00:00
[2024-11-04T17:32:41.820+0000] {processor.py:208} INFO - Processing /opt/airflow/dags/spark_airflow.py took 0.085 seconds
[2024-11-04T17:33:11.913+0000] {processor.py:186} INFO - Started process (PID=75516) to work on /opt/airflow/dags/spark_airflow.py
[2024-11-04T17:33:11.914+0000] {processor.py:914} INFO - Processing file /opt/airflow/dags/spark_airflow.py for tasks to queue
[2024-11-04T17:33:11.916+0000] {logging_mixin.py:190} INFO - [2024-11-04T17:33:11.915+0000] {dagbag.py:588} INFO - Filling up the DagBag from /opt/airflow/dags/spark_airflow.py
[2024-11-04T17:33:11.932+0000] {processor.py:925} INFO - DAG(s) 'sparking_flow' retrieved from /opt/airflow/dags/spark_airflow.py
[2024-11-04T17:33:11.956+0000] {logging_mixin.py:190} INFO - [2024-11-04T17:33:11.956+0000] {dag.py:3239} INFO - Sync 1 DAGs
[2024-11-04T17:33:11.977+0000] {logging_mixin.py:190} INFO - [2024-11-04T17:33:11.977+0000] {dag.py:4180} INFO - Setting next_dagrun for sparking_flow to 2024-11-04 00:00:00+00:00, run_after=2024-11-05 00:00:00+00:00
[2024-11-04T17:33:11.993+0000] {processor.py:208} INFO - Processing /opt/airflow/dags/spark_airflow.py took 0.084 seconds
[2024-11-04T17:33:42.144+0000] {processor.py:186} INFO - Started process (PID=75521) to work on /opt/airflow/dags/spark_airflow.py
[2024-11-04T17:33:42.144+0000] {processor.py:914} INFO - Processing file /opt/airflow/dags/spark_airflow.py for tasks to queue
[2024-11-04T17:33:42.145+0000] {logging_mixin.py:190} INFO - [2024-11-04T17:33:42.145+0000] {dagbag.py:588} INFO - Filling up the DagBag from /opt/airflow/dags/spark_airflow.py
[2024-11-04T17:33:42.162+0000] {processor.py:925} INFO - DAG(s) 'sparking_flow' retrieved from /opt/airflow/dags/spark_airflow.py
[2024-11-04T17:33:42.189+0000] {logging_mixin.py:190} INFO - [2024-11-04T17:33:42.189+0000] {dag.py:3239} INFO - Sync 1 DAGs
[2024-11-04T17:33:42.210+0000] {logging_mixin.py:190} INFO - [2024-11-04T17:33:42.210+0000] {dag.py:4180} INFO - Setting next_dagrun for sparking_flow to 2024-11-04 00:00:00+00:00, run_after=2024-11-05 00:00:00+00:00
[2024-11-04T17:33:42.225+0000] {processor.py:208} INFO - Processing /opt/airflow/dags/spark_airflow.py took 0.086 seconds
[2024-11-04T17:34:12.317+0000] {processor.py:186} INFO - Started process (PID=75526) to work on /opt/airflow/dags/spark_airflow.py
[2024-11-04T17:34:12.318+0000] {processor.py:914} INFO - Processing file /opt/airflow/dags/spark_airflow.py for tasks to queue
[2024-11-04T17:34:12.319+0000] {logging_mixin.py:190} INFO - [2024-11-04T17:34:12.319+0000] {dagbag.py:588} INFO - Filling up the DagBag from /opt/airflow/dags/spark_airflow.py
[2024-11-04T17:34:12.337+0000] {processor.py:925} INFO - DAG(s) 'sparking_flow' retrieved from /opt/airflow/dags/spark_airflow.py
[2024-11-04T17:34:12.361+0000] {logging_mixin.py:190} INFO - [2024-11-04T17:34:12.361+0000] {dag.py:3239} INFO - Sync 1 DAGs
[2024-11-04T17:34:12.381+0000] {logging_mixin.py:190} INFO - [2024-11-04T17:34:12.380+0000] {dag.py:4180} INFO - Setting next_dagrun for sparking_flow to 2024-11-04 00:00:00+00:00, run_after=2024-11-05 00:00:00+00:00
[2024-11-04T17:34:12.395+0000] {processor.py:208} INFO - Processing /opt/airflow/dags/spark_airflow.py took 0.083 seconds
[2024-11-04T17:34:42.545+0000] {processor.py:186} INFO - Started process (PID=75531) to work on /opt/airflow/dags/spark_airflow.py
[2024-11-04T17:34:42.546+0000] {processor.py:914} INFO - Processing file /opt/airflow/dags/spark_airflow.py for tasks to queue
[2024-11-04T17:34:42.547+0000] {logging_mixin.py:190} INFO - [2024-11-04T17:34:42.547+0000] {dagbag.py:588} INFO - Filling up the DagBag from /opt/airflow/dags/spark_airflow.py
[2024-11-04T17:34:42.565+0000] {processor.py:925} INFO - DAG(s) 'sparking_flow' retrieved from /opt/airflow/dags/spark_airflow.py
[2024-11-04T17:34:42.591+0000] {logging_mixin.py:190} INFO - [2024-11-04T17:34:42.591+0000] {dag.py:3239} INFO - Sync 1 DAGs
[2024-11-04T17:34:42.611+0000] {logging_mixin.py:190} INFO - [2024-11-04T17:34:42.611+0000] {dag.py:4180} INFO - Setting next_dagrun for sparking_flow to 2024-11-04 00:00:00+00:00, run_after=2024-11-05 00:00:00+00:00
[2024-11-04T17:34:42.640+0000] {processor.py:208} INFO - Processing /opt/airflow/dags/spark_airflow.py took 0.101 seconds
[2024-11-04T17:35:12.747+0000] {processor.py:186} INFO - Started process (PID=75536) to work on /opt/airflow/dags/spark_airflow.py
[2024-11-04T17:35:12.747+0000] {processor.py:914} INFO - Processing file /opt/airflow/dags/spark_airflow.py for tasks to queue
[2024-11-04T17:35:12.748+0000] {logging_mixin.py:190} INFO - [2024-11-04T17:35:12.748+0000] {dagbag.py:588} INFO - Filling up the DagBag from /opt/airflow/dags/spark_airflow.py
[2024-11-04T17:35:12.766+0000] {processor.py:925} INFO - DAG(s) 'sparking_flow' retrieved from /opt/airflow/dags/spark_airflow.py
[2024-11-04T17:35:12.791+0000] {logging_mixin.py:190} INFO - [2024-11-04T17:35:12.791+0000] {dag.py:3239} INFO - Sync 1 DAGs
[2024-11-04T17:35:12.812+0000] {logging_mixin.py:190} INFO - [2024-11-04T17:35:12.812+0000] {dag.py:4180} INFO - Setting next_dagrun for sparking_flow to 2024-11-04 00:00:00+00:00, run_after=2024-11-05 00:00:00+00:00
[2024-11-04T17:35:12.828+0000] {processor.py:208} INFO - Processing /opt/airflow/dags/spark_airflow.py took 0.087 seconds
[2024-11-04T17:35:42.966+0000] {processor.py:186} INFO - Started process (PID=75541) to work on /opt/airflow/dags/spark_airflow.py
[2024-11-04T17:35:42.966+0000] {processor.py:914} INFO - Processing file /opt/airflow/dags/spark_airflow.py for tasks to queue
[2024-11-04T17:35:42.967+0000] {logging_mixin.py:190} INFO - [2024-11-04T17:35:42.967+0000] {dagbag.py:588} INFO - Filling up the DagBag from /opt/airflow/dags/spark_airflow.py
[2024-11-04T17:35:42.984+0000] {processor.py:925} INFO - DAG(s) 'sparking_flow' retrieved from /opt/airflow/dags/spark_airflow.py
[2024-11-04T17:35:43.007+0000] {logging_mixin.py:190} INFO - [2024-11-04T17:35:43.006+0000] {dag.py:3239} INFO - Sync 1 DAGs
[2024-11-04T17:35:43.026+0000] {logging_mixin.py:190} INFO - [2024-11-04T17:35:43.026+0000] {dag.py:4180} INFO - Setting next_dagrun for sparking_flow to 2024-11-04 00:00:00+00:00, run_after=2024-11-05 00:00:00+00:00
[2024-11-04T17:35:43.041+0000] {processor.py:208} INFO - Processing /opt/airflow/dags/spark_airflow.py took 0.082 seconds
[2024-11-04T17:36:13.145+0000] {processor.py:186} INFO - Started process (PID=75546) to work on /opt/airflow/dags/spark_airflow.py
[2024-11-04T17:36:13.145+0000] {processor.py:914} INFO - Processing file /opt/airflow/dags/spark_airflow.py for tasks to queue
[2024-11-04T17:36:13.146+0000] {logging_mixin.py:190} INFO - [2024-11-04T17:36:13.146+0000] {dagbag.py:588} INFO - Filling up the DagBag from /opt/airflow/dags/spark_airflow.py
[2024-11-04T17:36:13.164+0000] {processor.py:925} INFO - DAG(s) 'sparking_flow' retrieved from /opt/airflow/dags/spark_airflow.py
[2024-11-04T17:36:13.189+0000] {logging_mixin.py:190} INFO - [2024-11-04T17:36:13.189+0000] {dag.py:3239} INFO - Sync 1 DAGs
[2024-11-04T17:36:13.211+0000] {logging_mixin.py:190} INFO - [2024-11-04T17:36:13.211+0000] {dag.py:4180} INFO - Setting next_dagrun for sparking_flow to 2024-11-04 00:00:00+00:00, run_after=2024-11-05 00:00:00+00:00
[2024-11-04T17:36:13.227+0000] {processor.py:208} INFO - Processing /opt/airflow/dags/spark_airflow.py took 0.087 seconds
[2024-11-04T17:36:43.364+0000] {processor.py:186} INFO - Started process (PID=75551) to work on /opt/airflow/dags/spark_airflow.py
[2024-11-04T17:36:43.364+0000] {processor.py:914} INFO - Processing file /opt/airflow/dags/spark_airflow.py for tasks to queue
[2024-11-04T17:36:43.365+0000] {logging_mixin.py:190} INFO - [2024-11-04T17:36:43.365+0000] {dagbag.py:588} INFO - Filling up the DagBag from /opt/airflow/dags/spark_airflow.py
[2024-11-04T17:36:43.382+0000] {processor.py:925} INFO - DAG(s) 'sparking_flow' retrieved from /opt/airflow/dags/spark_airflow.py
[2024-11-04T17:36:43.407+0000] {logging_mixin.py:190} INFO - [2024-11-04T17:36:43.406+0000] {dag.py:3239} INFO - Sync 1 DAGs
[2024-11-04T17:36:43.429+0000] {logging_mixin.py:190} INFO - [2024-11-04T17:36:43.429+0000] {dag.py:4180} INFO - Setting next_dagrun for sparking_flow to 2024-11-04 00:00:00+00:00, run_after=2024-11-05 00:00:00+00:00
[2024-11-04T17:36:43.444+0000] {processor.py:208} INFO - Processing /opt/airflow/dags/spark_airflow.py took 0.084 seconds
[2024-11-04T17:37:13.541+0000] {processor.py:186} INFO - Started process (PID=75556) to work on /opt/airflow/dags/spark_airflow.py
[2024-11-04T17:37:13.541+0000] {processor.py:914} INFO - Processing file /opt/airflow/dags/spark_airflow.py for tasks to queue
[2024-11-04T17:37:13.542+0000] {logging_mixin.py:190} INFO - [2024-11-04T17:37:13.542+0000] {dagbag.py:588} INFO - Filling up the DagBag from /opt/airflow/dags/spark_airflow.py
[2024-11-04T17:37:13.560+0000] {processor.py:925} INFO - DAG(s) 'sparking_flow' retrieved from /opt/airflow/dags/spark_airflow.py
[2024-11-04T17:37:13.584+0000] {logging_mixin.py:190} INFO - [2024-11-04T17:37:13.584+0000] {dag.py:3239} INFO - Sync 1 DAGs
[2024-11-04T17:37:13.603+0000] {logging_mixin.py:190} INFO - [2024-11-04T17:37:13.603+0000] {dag.py:4180} INFO - Setting next_dagrun for sparking_flow to 2024-11-04 00:00:00+00:00, run_after=2024-11-05 00:00:00+00:00
[2024-11-04T17:37:13.618+0000] {processor.py:208} INFO - Processing /opt/airflow/dags/spark_airflow.py took 0.082 seconds
[2024-11-04T17:37:43.753+0000] {processor.py:186} INFO - Started process (PID=75561) to work on /opt/airflow/dags/spark_airflow.py
[2024-11-04T17:37:43.754+0000] {processor.py:914} INFO - Processing file /opt/airflow/dags/spark_airflow.py for tasks to queue
[2024-11-04T17:37:43.755+0000] {logging_mixin.py:190} INFO - [2024-11-04T17:37:43.755+0000] {dagbag.py:588} INFO - Filling up the DagBag from /opt/airflow/dags/spark_airflow.py
[2024-11-04T17:37:43.773+0000] {processor.py:925} INFO - DAG(s) 'sparking_flow' retrieved from /opt/airflow/dags/spark_airflow.py
[2024-11-04T17:37:43.797+0000] {logging_mixin.py:190} INFO - [2024-11-04T17:37:43.797+0000] {dag.py:3239} INFO - Sync 1 DAGs
[2024-11-04T17:37:43.820+0000] {logging_mixin.py:190} INFO - [2024-11-04T17:37:43.820+0000] {dag.py:4180} INFO - Setting next_dagrun for sparking_flow to 2024-11-04 00:00:00+00:00, run_after=2024-11-05 00:00:00+00:00
[2024-11-04T17:37:43.836+0000] {processor.py:208} INFO - Processing /opt/airflow/dags/spark_airflow.py took 0.087 seconds
[2024-11-04T17:38:13.929+0000] {processor.py:186} INFO - Started process (PID=75566) to work on /opt/airflow/dags/spark_airflow.py
[2024-11-04T17:38:13.929+0000] {processor.py:914} INFO - Processing file /opt/airflow/dags/spark_airflow.py for tasks to queue
[2024-11-04T17:38:13.931+0000] {logging_mixin.py:190} INFO - [2024-11-04T17:38:13.930+0000] {dagbag.py:588} INFO - Filling up the DagBag from /opt/airflow/dags/spark_airflow.py
[2024-11-04T17:38:13.948+0000] {processor.py:925} INFO - DAG(s) 'sparking_flow' retrieved from /opt/airflow/dags/spark_airflow.py
[2024-11-04T17:38:13.973+0000] {logging_mixin.py:190} INFO - [2024-11-04T17:38:13.973+0000] {dag.py:3239} INFO - Sync 1 DAGs
[2024-11-04T17:38:13.994+0000] {logging_mixin.py:190} INFO - [2024-11-04T17:38:13.994+0000] {dag.py:4180} INFO - Setting next_dagrun for sparking_flow to 2024-11-04 00:00:00+00:00, run_after=2024-11-05 00:00:00+00:00
[2024-11-04T17:38:14.013+0000] {processor.py:208} INFO - Processing /opt/airflow/dags/spark_airflow.py took 0.089 seconds
[2024-11-04T17:38:44.158+0000] {processor.py:186} INFO - Started process (PID=75571) to work on /opt/airflow/dags/spark_airflow.py
[2024-11-04T17:38:44.158+0000] {processor.py:914} INFO - Processing file /opt/airflow/dags/spark_airflow.py for tasks to queue
[2024-11-04T17:38:44.160+0000] {logging_mixin.py:190} INFO - [2024-11-04T17:38:44.159+0000] {dagbag.py:588} INFO - Filling up the DagBag from /opt/airflow/dags/spark_airflow.py
[2024-11-04T17:38:44.177+0000] {processor.py:925} INFO - DAG(s) 'sparking_flow' retrieved from /opt/airflow/dags/spark_airflow.py
[2024-11-04T17:38:44.202+0000] {logging_mixin.py:190} INFO - [2024-11-04T17:38:44.202+0000] {dag.py:3239} INFO - Sync 1 DAGs
[2024-11-04T17:38:44.224+0000] {logging_mixin.py:190} INFO - [2024-11-04T17:38:44.224+0000] {dag.py:4180} INFO - Setting next_dagrun for sparking_flow to 2024-11-04 00:00:00+00:00, run_after=2024-11-05 00:00:00+00:00
[2024-11-04T17:38:44.241+0000] {processor.py:208} INFO - Processing /opt/airflow/dags/spark_airflow.py took 0.088 seconds
[2024-11-04T17:39:14.336+0000] {processor.py:186} INFO - Started process (PID=75576) to work on /opt/airflow/dags/spark_airflow.py
[2024-11-04T17:39:14.336+0000] {processor.py:914} INFO - Processing file /opt/airflow/dags/spark_airflow.py for tasks to queue
[2024-11-04T17:39:14.337+0000] {logging_mixin.py:190} INFO - [2024-11-04T17:39:14.337+0000] {dagbag.py:588} INFO - Filling up the DagBag from /opt/airflow/dags/spark_airflow.py
[2024-11-04T17:39:14.354+0000] {processor.py:925} INFO - DAG(s) 'sparking_flow' retrieved from /opt/airflow/dags/spark_airflow.py
[2024-11-04T17:39:14.387+0000] {logging_mixin.py:190} INFO - [2024-11-04T17:39:14.387+0000] {dag.py:3239} INFO - Sync 1 DAGs
[2024-11-04T17:39:14.409+0000] {logging_mixin.py:190} INFO - [2024-11-04T17:39:14.409+0000] {dag.py:4180} INFO - Setting next_dagrun for sparking_flow to 2024-11-04 00:00:00+00:00, run_after=2024-11-05 00:00:00+00:00
[2024-11-04T17:39:14.425+0000] {processor.py:208} INFO - Processing /opt/airflow/dags/spark_airflow.py took 0.094 seconds
[2024-11-04T17:39:44.554+0000] {processor.py:186} INFO - Started process (PID=75581) to work on /opt/airflow/dags/spark_airflow.py
[2024-11-04T17:39:44.555+0000] {processor.py:914} INFO - Processing file /opt/airflow/dags/spark_airflow.py for tasks to queue
[2024-11-04T17:39:44.556+0000] {logging_mixin.py:190} INFO - [2024-11-04T17:39:44.556+0000] {dagbag.py:588} INFO - Filling up the DagBag from /opt/airflow/dags/spark_airflow.py
[2024-11-04T17:39:44.573+0000] {processor.py:925} INFO - DAG(s) 'sparking_flow' retrieved from /opt/airflow/dags/spark_airflow.py
[2024-11-04T17:39:44.605+0000] {logging_mixin.py:190} INFO - [2024-11-04T17:39:44.605+0000] {dag.py:3239} INFO - Sync 1 DAGs
[2024-11-04T17:39:44.628+0000] {logging_mixin.py:190} INFO - [2024-11-04T17:39:44.628+0000] {dag.py:4180} INFO - Setting next_dagrun for sparking_flow to 2024-11-04 00:00:00+00:00, run_after=2024-11-05 00:00:00+00:00
[2024-11-04T17:39:44.644+0000] {processor.py:208} INFO - Processing /opt/airflow/dags/spark_airflow.py took 0.095 seconds
[2024-11-04T17:40:14.799+0000] {processor.py:186} INFO - Started process (PID=75586) to work on /opt/airflow/dags/spark_airflow.py
[2024-11-04T17:40:14.799+0000] {processor.py:914} INFO - Processing file /opt/airflow/dags/spark_airflow.py for tasks to queue
[2024-11-04T17:40:14.800+0000] {logging_mixin.py:190} INFO - [2024-11-04T17:40:14.800+0000] {dagbag.py:588} INFO - Filling up the DagBag from /opt/airflow/dags/spark_airflow.py
[2024-11-04T17:40:14.821+0000] {processor.py:925} INFO - DAG(s) 'sparking_flow' retrieved from /opt/airflow/dags/spark_airflow.py
[2024-11-04T17:40:14.848+0000] {logging_mixin.py:190} INFO - [2024-11-04T17:40:14.848+0000] {dag.py:3239} INFO - Sync 1 DAGs
[2024-11-04T17:40:14.875+0000] {logging_mixin.py:190} INFO - [2024-11-04T17:40:14.874+0000] {dag.py:4180} INFO - Setting next_dagrun for sparking_flow to 2024-11-04 00:00:00+00:00, run_after=2024-11-05 00:00:00+00:00
[2024-11-04T17:40:14.893+0000] {processor.py:208} INFO - Processing /opt/airflow/dags/spark_airflow.py took 0.109 seconds
[2024-11-04T17:40:44.975+0000] {processor.py:186} INFO - Started process (PID=75591) to work on /opt/airflow/dags/spark_airflow.py
[2024-11-04T17:40:44.976+0000] {processor.py:914} INFO - Processing file /opt/airflow/dags/spark_airflow.py for tasks to queue
[2024-11-04T17:40:44.977+0000] {logging_mixin.py:190} INFO - [2024-11-04T17:40:44.977+0000] {dagbag.py:588} INFO - Filling up the DagBag from /opt/airflow/dags/spark_airflow.py
[2024-11-04T17:40:44.996+0000] {processor.py:925} INFO - DAG(s) 'sparking_flow' retrieved from /opt/airflow/dags/spark_airflow.py
[2024-11-04T17:40:45.028+0000] {logging_mixin.py:190} INFO - [2024-11-04T17:40:45.028+0000] {dag.py:3239} INFO - Sync 1 DAGs
[2024-11-04T17:40:45.056+0000] {logging_mixin.py:190} INFO - [2024-11-04T17:40:45.055+0000] {dag.py:4180} INFO - Setting next_dagrun for sparking_flow to 2024-11-04 00:00:00+00:00, run_after=2024-11-05 00:00:00+00:00
[2024-11-04T17:40:45.075+0000] {processor.py:208} INFO - Processing /opt/airflow/dags/spark_airflow.py took 0.105 seconds
[2024-11-04T17:41:15.240+0000] {processor.py:186} INFO - Started process (PID=75596) to work on /opt/airflow/dags/spark_airflow.py
[2024-11-04T17:41:15.241+0000] {processor.py:914} INFO - Processing file /opt/airflow/dags/spark_airflow.py for tasks to queue
[2024-11-04T17:41:15.242+0000] {logging_mixin.py:190} INFO - [2024-11-04T17:41:15.242+0000] {dagbag.py:588} INFO - Filling up the DagBag from /opt/airflow/dags/spark_airflow.py
[2024-11-04T17:41:15.259+0000] {processor.py:925} INFO - DAG(s) 'sparking_flow' retrieved from /opt/airflow/dags/spark_airflow.py
[2024-11-04T17:41:15.283+0000] {logging_mixin.py:190} INFO - [2024-11-04T17:41:15.283+0000] {dag.py:3239} INFO - Sync 1 DAGs
[2024-11-04T17:41:15.304+0000] {logging_mixin.py:190} INFO - [2024-11-04T17:41:15.304+0000] {dag.py:4180} INFO - Setting next_dagrun for sparking_flow to 2024-11-04 00:00:00+00:00, run_after=2024-11-05 00:00:00+00:00
[2024-11-04T17:41:15.319+0000] {processor.py:208} INFO - Processing /opt/airflow/dags/spark_airflow.py took 0.083 seconds
[2024-11-04T17:41:45.411+0000] {processor.py:186} INFO - Started process (PID=75601) to work on /opt/airflow/dags/spark_airflow.py
[2024-11-04T17:41:45.412+0000] {processor.py:914} INFO - Processing file /opt/airflow/dags/spark_airflow.py for tasks to queue
[2024-11-04T17:41:45.413+0000] {logging_mixin.py:190} INFO - [2024-11-04T17:41:45.413+0000] {dagbag.py:588} INFO - Filling up the DagBag from /opt/airflow/dags/spark_airflow.py
[2024-11-04T17:41:45.431+0000] {processor.py:925} INFO - DAG(s) 'sparking_flow' retrieved from /opt/airflow/dags/spark_airflow.py
[2024-11-04T17:41:45.456+0000] {logging_mixin.py:190} INFO - [2024-11-04T17:41:45.456+0000] {dag.py:3239} INFO - Sync 1 DAGs
[2024-11-04T17:41:45.479+0000] {logging_mixin.py:190} INFO - [2024-11-04T17:41:45.479+0000] {dag.py:4180} INFO - Setting next_dagrun for sparking_flow to 2024-11-04 00:00:00+00:00, run_after=2024-11-05 00:00:00+00:00
[2024-11-04T17:41:45.495+0000] {processor.py:208} INFO - Processing /opt/airflow/dags/spark_airflow.py took 0.089 seconds
[2024-11-04T17:42:15.636+0000] {processor.py:186} INFO - Started process (PID=75606) to work on /opt/airflow/dags/spark_airflow.py
[2024-11-04T17:42:15.637+0000] {processor.py:914} INFO - Processing file /opt/airflow/dags/spark_airflow.py for tasks to queue
[2024-11-04T17:42:15.638+0000] {logging_mixin.py:190} INFO - [2024-11-04T17:42:15.638+0000] {dagbag.py:588} INFO - Filling up the DagBag from /opt/airflow/dags/spark_airflow.py
[2024-11-04T17:42:15.658+0000] {processor.py:925} INFO - DAG(s) 'sparking_flow' retrieved from /opt/airflow/dags/spark_airflow.py
[2024-11-04T17:42:15.683+0000] {logging_mixin.py:190} INFO - [2024-11-04T17:42:15.683+0000] {dag.py:3239} INFO - Sync 1 DAGs
[2024-11-04T17:42:15.704+0000] {logging_mixin.py:190} INFO - [2024-11-04T17:42:15.704+0000] {dag.py:4180} INFO - Setting next_dagrun for sparking_flow to 2024-11-04 00:00:00+00:00, run_after=2024-11-05 00:00:00+00:00
[2024-11-04T17:42:15.720+0000] {processor.py:208} INFO - Processing /opt/airflow/dags/spark_airflow.py took 0.090 seconds
[2024-11-04T17:42:45.816+0000] {processor.py:186} INFO - Started process (PID=75611) to work on /opt/airflow/dags/spark_airflow.py
[2024-11-04T17:42:45.817+0000] {processor.py:914} INFO - Processing file /opt/airflow/dags/spark_airflow.py for tasks to queue
[2024-11-04T17:42:45.818+0000] {logging_mixin.py:190} INFO - [2024-11-04T17:42:45.818+0000] {dagbag.py:588} INFO - Filling up the DagBag from /opt/airflow/dags/spark_airflow.py
[2024-11-04T17:42:45.836+0000] {processor.py:925} INFO - DAG(s) 'sparking_flow' retrieved from /opt/airflow/dags/spark_airflow.py
[2024-11-04T17:42:45.861+0000] {logging_mixin.py:190} INFO - [2024-11-04T17:42:45.861+0000] {dag.py:3239} INFO - Sync 1 DAGs
[2024-11-04T17:42:45.883+0000] {logging_mixin.py:190} INFO - [2024-11-04T17:42:45.883+0000] {dag.py:4180} INFO - Setting next_dagrun for sparking_flow to 2024-11-04 00:00:00+00:00, run_after=2024-11-05 00:00:00+00:00
[2024-11-04T17:42:45.899+0000] {processor.py:208} INFO - Processing /opt/airflow/dags/spark_airflow.py took 0.088 seconds
[2024-11-04T17:43:16.050+0000] {processor.py:186} INFO - Started process (PID=75616) to work on /opt/airflow/dags/spark_airflow.py
[2024-11-04T17:43:16.050+0000] {processor.py:914} INFO - Processing file /opt/airflow/dags/spark_airflow.py for tasks to queue
[2024-11-04T17:43:16.052+0000] {logging_mixin.py:190} INFO - [2024-11-04T17:43:16.051+0000] {dagbag.py:588} INFO - Filling up the DagBag from /opt/airflow/dags/spark_airflow.py
[2024-11-04T17:43:16.072+0000] {processor.py:925} INFO - DAG(s) 'sparking_flow' retrieved from /opt/airflow/dags/spark_airflow.py
[2024-11-04T17:43:16.096+0000] {logging_mixin.py:190} INFO - [2024-11-04T17:43:16.095+0000] {dag.py:3239} INFO - Sync 1 DAGs
[2024-11-04T17:43:16.117+0000] {logging_mixin.py:190} INFO - [2024-11-04T17:43:16.117+0000] {dag.py:4180} INFO - Setting next_dagrun for sparking_flow to 2024-11-04 00:00:00+00:00, run_after=2024-11-05 00:00:00+00:00
[2024-11-04T17:43:16.133+0000] {processor.py:208} INFO - Processing /opt/airflow/dags/spark_airflow.py took 0.088 seconds
[2024-11-04T17:43:46.223+0000] {processor.py:186} INFO - Started process (PID=75621) to work on /opt/airflow/dags/spark_airflow.py
[2024-11-04T17:43:46.224+0000] {processor.py:914} INFO - Processing file /opt/airflow/dags/spark_airflow.py for tasks to queue
[2024-11-04T17:43:46.225+0000] {logging_mixin.py:190} INFO - [2024-11-04T17:43:46.225+0000] {dagbag.py:588} INFO - Filling up the DagBag from /opt/airflow/dags/spark_airflow.py
[2024-11-04T17:43:46.242+0000] {processor.py:925} INFO - DAG(s) 'sparking_flow' retrieved from /opt/airflow/dags/spark_airflow.py
[2024-11-04T17:43:46.267+0000] {logging_mixin.py:190} INFO - [2024-11-04T17:43:46.267+0000] {dag.py:3239} INFO - Sync 1 DAGs
[2024-11-04T17:43:46.287+0000] {logging_mixin.py:190} INFO - [2024-11-04T17:43:46.287+0000] {dag.py:4180} INFO - Setting next_dagrun for sparking_flow to 2024-11-04 00:00:00+00:00, run_after=2024-11-05 00:00:00+00:00
[2024-11-04T17:43:46.304+0000] {processor.py:208} INFO - Processing /opt/airflow/dags/spark_airflow.py took 0.085 seconds
[2024-11-04T17:44:16.455+0000] {processor.py:186} INFO - Started process (PID=75626) to work on /opt/airflow/dags/spark_airflow.py
[2024-11-04T17:44:16.456+0000] {processor.py:914} INFO - Processing file /opt/airflow/dags/spark_airflow.py for tasks to queue
[2024-11-04T17:44:16.456+0000] {logging_mixin.py:190} INFO - [2024-11-04T17:44:16.456+0000] {dagbag.py:588} INFO - Filling up the DagBag from /opt/airflow/dags/spark_airflow.py
[2024-11-04T17:44:16.473+0000] {processor.py:925} INFO - DAG(s) 'sparking_flow' retrieved from /opt/airflow/dags/spark_airflow.py
[2024-11-04T17:44:16.496+0000] {logging_mixin.py:190} INFO - [2024-11-04T17:44:16.496+0000] {dag.py:3239} INFO - Sync 1 DAGs
[2024-11-04T17:44:16.517+0000] {logging_mixin.py:190} INFO - [2024-11-04T17:44:16.517+0000] {dag.py:4180} INFO - Setting next_dagrun for sparking_flow to 2024-11-04 00:00:00+00:00, run_after=2024-11-05 00:00:00+00:00
[2024-11-04T17:44:16.534+0000] {processor.py:208} INFO - Processing /opt/airflow/dags/spark_airflow.py took 0.083 seconds
[2024-11-04T17:44:46.642+0000] {processor.py:186} INFO - Started process (PID=75631) to work on /opt/airflow/dags/spark_airflow.py
[2024-11-04T17:44:46.643+0000] {processor.py:914} INFO - Processing file /opt/airflow/dags/spark_airflow.py for tasks to queue
[2024-11-04T17:44:46.644+0000] {logging_mixin.py:190} INFO - [2024-11-04T17:44:46.644+0000] {dagbag.py:588} INFO - Filling up the DagBag from /opt/airflow/dags/spark_airflow.py
[2024-11-04T17:44:46.662+0000] {processor.py:925} INFO - DAG(s) 'sparking_flow' retrieved from /opt/airflow/dags/spark_airflow.py
[2024-11-04T17:44:46.688+0000] {logging_mixin.py:190} INFO - [2024-11-04T17:44:46.688+0000] {dag.py:3239} INFO - Sync 1 DAGs
[2024-11-04T17:44:46.709+0000] {logging_mixin.py:190} INFO - [2024-11-04T17:44:46.708+0000] {dag.py:4180} INFO - Setting next_dagrun for sparking_flow to 2024-11-04 00:00:00+00:00, run_after=2024-11-05 00:00:00+00:00
[2024-11-04T17:44:46.726+0000] {processor.py:208} INFO - Processing /opt/airflow/dags/spark_airflow.py took 0.088 seconds
[2024-11-04T17:45:16.909+0000] {processor.py:186} INFO - Started process (PID=75636) to work on /opt/airflow/dags/spark_airflow.py
[2024-11-04T17:45:16.910+0000] {processor.py:914} INFO - Processing file /opt/airflow/dags/spark_airflow.py for tasks to queue
[2024-11-04T17:45:16.911+0000] {logging_mixin.py:190} INFO - [2024-11-04T17:45:16.910+0000] {dagbag.py:588} INFO - Filling up the DagBag from /opt/airflow/dags/spark_airflow.py
[2024-11-04T17:45:16.929+0000] {processor.py:925} INFO - DAG(s) 'sparking_flow' retrieved from /opt/airflow/dags/spark_airflow.py
[2024-11-04T17:45:16.955+0000] {logging_mixin.py:190} INFO - [2024-11-04T17:45:16.955+0000] {dag.py:3239} INFO - Sync 1 DAGs
[2024-11-04T17:45:16.981+0000] {logging_mixin.py:190} INFO - [2024-11-04T17:45:16.981+0000] {dag.py:4180} INFO - Setting next_dagrun for sparking_flow to 2024-11-04 00:00:00+00:00, run_after=2024-11-05 00:00:00+00:00
[2024-11-04T17:45:17.005+0000] {processor.py:208} INFO - Processing /opt/airflow/dags/spark_airflow.py took 0.101 seconds
[2024-11-04T17:45:47.094+0000] {processor.py:186} INFO - Started process (PID=75641) to work on /opt/airflow/dags/spark_airflow.py
[2024-11-04T17:45:47.094+0000] {processor.py:914} INFO - Processing file /opt/airflow/dags/spark_airflow.py for tasks to queue
[2024-11-04T17:45:47.096+0000] {logging_mixin.py:190} INFO - [2024-11-04T17:45:47.096+0000] {dagbag.py:588} INFO - Filling up the DagBag from /opt/airflow/dags/spark_airflow.py
[2024-11-04T17:45:47.116+0000] {processor.py:925} INFO - DAG(s) 'sparking_flow' retrieved from /opt/airflow/dags/spark_airflow.py
[2024-11-04T17:45:47.143+0000] {logging_mixin.py:190} INFO - [2024-11-04T17:45:47.143+0000] {dag.py:3239} INFO - Sync 1 DAGs
[2024-11-04T17:45:47.167+0000] {logging_mixin.py:190} INFO - [2024-11-04T17:45:47.167+0000] {dag.py:4180} INFO - Setting next_dagrun for sparking_flow to 2024-11-04 00:00:00+00:00, run_after=2024-11-05 00:00:00+00:00
[2024-11-04T17:45:47.187+0000] {processor.py:208} INFO - Processing /opt/airflow/dags/spark_airflow.py took 0.099 seconds
[2024-11-04T17:46:17.359+0000] {processor.py:186} INFO - Started process (PID=75646) to work on /opt/airflow/dags/spark_airflow.py
[2024-11-04T17:46:17.360+0000] {processor.py:914} INFO - Processing file /opt/airflow/dags/spark_airflow.py for tasks to queue
[2024-11-04T17:46:17.362+0000] {logging_mixin.py:190} INFO - [2024-11-04T17:46:17.361+0000] {dagbag.py:588} INFO - Filling up the DagBag from /opt/airflow/dags/spark_airflow.py
[2024-11-04T17:46:17.381+0000] {processor.py:925} INFO - DAG(s) 'sparking_flow' retrieved from /opt/airflow/dags/spark_airflow.py
[2024-11-04T17:46:17.412+0000] {logging_mixin.py:190} INFO - [2024-11-04T17:46:17.411+0000] {dag.py:3239} INFO - Sync 1 DAGs
[2024-11-04T17:46:17.438+0000] {logging_mixin.py:190} INFO - [2024-11-04T17:46:17.437+0000] {dag.py:4180} INFO - Setting next_dagrun for sparking_flow to 2024-11-04 00:00:00+00:00, run_after=2024-11-05 00:00:00+00:00
[2024-11-04T17:46:17.471+0000] {processor.py:208} INFO - Processing /opt/airflow/dags/spark_airflow.py took 0.116 seconds
[2024-11-04T17:46:47.545+0000] {processor.py:186} INFO - Started process (PID=75651) to work on /opt/airflow/dags/spark_airflow.py
[2024-11-04T17:46:47.546+0000] {processor.py:914} INFO - Processing file /opt/airflow/dags/spark_airflow.py for tasks to queue
[2024-11-04T17:46:47.547+0000] {logging_mixin.py:190} INFO - [2024-11-04T17:46:47.547+0000] {dagbag.py:588} INFO - Filling up the DagBag from /opt/airflow/dags/spark_airflow.py
[2024-11-04T17:46:47.564+0000] {processor.py:925} INFO - DAG(s) 'sparking_flow' retrieved from /opt/airflow/dags/spark_airflow.py
[2024-11-04T17:46:47.588+0000] {logging_mixin.py:190} INFO - [2024-11-04T17:46:47.588+0000] {dag.py:3239} INFO - Sync 1 DAGs
[2024-11-04T17:46:47.609+0000] {logging_mixin.py:190} INFO - [2024-11-04T17:46:47.609+0000] {dag.py:4180} INFO - Setting next_dagrun for sparking_flow to 2024-11-04 00:00:00+00:00, run_after=2024-11-05 00:00:00+00:00
[2024-11-04T17:46:47.626+0000] {processor.py:208} INFO - Processing /opt/airflow/dags/spark_airflow.py took 0.086 seconds
[2024-11-04T17:47:17.817+0000] {processor.py:186} INFO - Started process (PID=75656) to work on /opt/airflow/dags/spark_airflow.py
[2024-11-04T17:47:17.818+0000] {processor.py:914} INFO - Processing file /opt/airflow/dags/spark_airflow.py for tasks to queue
[2024-11-04T17:47:17.819+0000] {logging_mixin.py:190} INFO - [2024-11-04T17:47:17.819+0000] {dagbag.py:588} INFO - Filling up the DagBag from /opt/airflow/dags/spark_airflow.py
[2024-11-04T17:47:17.844+0000] {processor.py:925} INFO - DAG(s) 'sparking_flow' retrieved from /opt/airflow/dags/spark_airflow.py
[2024-11-04T17:47:17.873+0000] {logging_mixin.py:190} INFO - [2024-11-04T17:47:17.873+0000] {dag.py:3239} INFO - Sync 1 DAGs
[2024-11-04T17:47:17.897+0000] {logging_mixin.py:190} INFO - [2024-11-04T17:47:17.897+0000] {dag.py:4180} INFO - Setting next_dagrun for sparking_flow to 2024-11-04 00:00:00+00:00, run_after=2024-11-05 00:00:00+00:00
[2024-11-04T17:47:17.913+0000] {processor.py:208} INFO - Processing /opt/airflow/dags/spark_airflow.py took 0.103 seconds
[2024-11-04T17:47:47.992+0000] {processor.py:186} INFO - Started process (PID=75661) to work on /opt/airflow/dags/spark_airflow.py
[2024-11-04T17:47:47.992+0000] {processor.py:914} INFO - Processing file /opt/airflow/dags/spark_airflow.py for tasks to queue
[2024-11-04T17:47:47.994+0000] {logging_mixin.py:190} INFO - [2024-11-04T17:47:47.993+0000] {dagbag.py:588} INFO - Filling up the DagBag from /opt/airflow/dags/spark_airflow.py
[2024-11-04T17:47:48.009+0000] {processor.py:925} INFO - DAG(s) 'sparking_flow' retrieved from /opt/airflow/dags/spark_airflow.py
[2024-11-04T17:47:48.034+0000] {logging_mixin.py:190} INFO - [2024-11-04T17:47:48.034+0000] {dag.py:3239} INFO - Sync 1 DAGs
[2024-11-04T17:47:48.058+0000] {logging_mixin.py:190} INFO - [2024-11-04T17:47:48.057+0000] {dag.py:4180} INFO - Setting next_dagrun for sparking_flow to 2024-11-04 00:00:00+00:00, run_after=2024-11-05 00:00:00+00:00
[2024-11-04T17:47:48.077+0000] {processor.py:208} INFO - Processing /opt/airflow/dags/spark_airflow.py took 0.090 seconds
[2024-11-04T17:48:18.246+0000] {processor.py:186} INFO - Started process (PID=75666) to work on /opt/airflow/dags/spark_airflow.py
[2024-11-04T17:48:18.247+0000] {processor.py:914} INFO - Processing file /opt/airflow/dags/spark_airflow.py for tasks to queue
[2024-11-04T17:48:18.248+0000] {logging_mixin.py:190} INFO - [2024-11-04T17:48:18.248+0000] {dagbag.py:588} INFO - Filling up the DagBag from /opt/airflow/dags/spark_airflow.py
[2024-11-04T17:48:18.268+0000] {processor.py:925} INFO - DAG(s) 'sparking_flow' retrieved from /opt/airflow/dags/spark_airflow.py
[2024-11-04T17:48:18.295+0000] {logging_mixin.py:190} INFO - [2024-11-04T17:48:18.295+0000] {dag.py:3239} INFO - Sync 1 DAGs
[2024-11-04T17:48:18.317+0000] {logging_mixin.py:190} INFO - [2024-11-04T17:48:18.317+0000] {dag.py:4180} INFO - Setting next_dagrun for sparking_flow to 2024-11-04 00:00:00+00:00, run_after=2024-11-05 00:00:00+00:00
[2024-11-04T17:48:18.337+0000] {processor.py:208} INFO - Processing /opt/airflow/dags/spark_airflow.py took 0.095 seconds
[2024-11-04T17:48:48.422+0000] {processor.py:186} INFO - Started process (PID=75671) to work on /opt/airflow/dags/spark_airflow.py
[2024-11-04T17:48:48.422+0000] {processor.py:914} INFO - Processing file /opt/airflow/dags/spark_airflow.py for tasks to queue
[2024-11-04T17:48:48.423+0000] {logging_mixin.py:190} INFO - [2024-11-04T17:48:48.423+0000] {dagbag.py:588} INFO - Filling up the DagBag from /opt/airflow/dags/spark_airflow.py
[2024-11-04T17:48:48.440+0000] {processor.py:925} INFO - DAG(s) 'sparking_flow' retrieved from /opt/airflow/dags/spark_airflow.py
[2024-11-04T17:48:48.466+0000] {logging_mixin.py:190} INFO - [2024-11-04T17:48:48.465+0000] {dag.py:3239} INFO - Sync 1 DAGs
[2024-11-04T17:48:48.487+0000] {logging_mixin.py:190} INFO - [2024-11-04T17:48:48.487+0000] {dag.py:4180} INFO - Setting next_dagrun for sparking_flow to 2024-11-04 00:00:00+00:00, run_after=2024-11-05 00:00:00+00:00
[2024-11-04T17:48:48.503+0000] {processor.py:208} INFO - Processing /opt/airflow/dags/spark_airflow.py took 0.086 seconds
[2024-11-04T17:49:18.686+0000] {processor.py:186} INFO - Started process (PID=75676) to work on /opt/airflow/dags/spark_airflow.py
[2024-11-04T17:49:18.686+0000] {processor.py:914} INFO - Processing file /opt/airflow/dags/spark_airflow.py for tasks to queue
[2024-11-04T17:49:18.688+0000] {logging_mixin.py:190} INFO - [2024-11-04T17:49:18.687+0000] {dagbag.py:588} INFO - Filling up the DagBag from /opt/airflow/dags/spark_airflow.py
[2024-11-04T17:49:18.711+0000] {processor.py:925} INFO - DAG(s) 'sparking_flow' retrieved from /opt/airflow/dags/spark_airflow.py
[2024-11-04T17:49:18.740+0000] {logging_mixin.py:190} INFO - [2024-11-04T17:49:18.739+0000] {dag.py:3239} INFO - Sync 1 DAGs
[2024-11-04T17:49:18.762+0000] {logging_mixin.py:190} INFO - [2024-11-04T17:49:18.762+0000] {dag.py:4180} INFO - Setting next_dagrun for sparking_flow to 2024-11-04 00:00:00+00:00, run_after=2024-11-05 00:00:00+00:00
[2024-11-04T17:49:18.778+0000] {processor.py:208} INFO - Processing /opt/airflow/dags/spark_airflow.py took 0.096 seconds
[2024-11-04T17:49:48.871+0000] {processor.py:186} INFO - Started process (PID=75681) to work on /opt/airflow/dags/spark_airflow.py
[2024-11-04T17:49:48.872+0000] {processor.py:914} INFO - Processing file /opt/airflow/dags/spark_airflow.py for tasks to queue
[2024-11-04T17:49:48.873+0000] {logging_mixin.py:190} INFO - [2024-11-04T17:49:48.873+0000] {dagbag.py:588} INFO - Filling up the DagBag from /opt/airflow/dags/spark_airflow.py
[2024-11-04T17:49:48.890+0000] {processor.py:925} INFO - DAG(s) 'sparking_flow' retrieved from /opt/airflow/dags/spark_airflow.py
[2024-11-04T17:49:48.916+0000] {logging_mixin.py:190} INFO - [2024-11-04T17:49:48.916+0000] {dag.py:3239} INFO - Sync 1 DAGs
[2024-11-04T17:49:48.938+0000] {logging_mixin.py:190} INFO - [2024-11-04T17:49:48.938+0000] {dag.py:4180} INFO - Setting next_dagrun for sparking_flow to 2024-11-04 00:00:00+00:00, run_after=2024-11-05 00:00:00+00:00
[2024-11-04T17:49:48.955+0000] {processor.py:208} INFO - Processing /opt/airflow/dags/spark_airflow.py took 0.089 seconds
[2024-11-04T17:50:19.133+0000] {processor.py:186} INFO - Started process (PID=75686) to work on /opt/airflow/dags/spark_airflow.py
[2024-11-04T17:50:19.133+0000] {processor.py:914} INFO - Processing file /opt/airflow/dags/spark_airflow.py for tasks to queue
[2024-11-04T17:50:19.134+0000] {logging_mixin.py:190} INFO - [2024-11-04T17:50:19.134+0000] {dagbag.py:588} INFO - Filling up the DagBag from /opt/airflow/dags/spark_airflow.py
[2024-11-04T17:50:19.152+0000] {processor.py:925} INFO - DAG(s) 'sparking_flow' retrieved from /opt/airflow/dags/spark_airflow.py
[2024-11-04T17:50:19.179+0000] {logging_mixin.py:190} INFO - [2024-11-04T17:50:19.179+0000] {dag.py:3239} INFO - Sync 1 DAGs
[2024-11-04T17:50:19.202+0000] {logging_mixin.py:190} INFO - [2024-11-04T17:50:19.202+0000] {dag.py:4180} INFO - Setting next_dagrun for sparking_flow to 2024-11-04 00:00:00+00:00, run_after=2024-11-05 00:00:00+00:00
[2024-11-04T17:50:19.221+0000] {processor.py:208} INFO - Processing /opt/airflow/dags/spark_airflow.py took 0.093 seconds
[2024-11-04T17:50:49.311+0000] {processor.py:186} INFO - Started process (PID=75691) to work on /opt/airflow/dags/spark_airflow.py
[2024-11-04T17:50:49.312+0000] {processor.py:914} INFO - Processing file /opt/airflow/dags/spark_airflow.py for tasks to queue
[2024-11-04T17:50:49.313+0000] {logging_mixin.py:190} INFO - [2024-11-04T17:50:49.313+0000] {dagbag.py:588} INFO - Filling up the DagBag from /opt/airflow/dags/spark_airflow.py
[2024-11-04T17:50:49.333+0000] {processor.py:925} INFO - DAG(s) 'sparking_flow' retrieved from /opt/airflow/dags/spark_airflow.py
[2024-11-04T17:50:49.359+0000] {logging_mixin.py:190} INFO - [2024-11-04T17:50:49.359+0000] {dag.py:3239} INFO - Sync 1 DAGs
[2024-11-04T17:50:49.380+0000] {logging_mixin.py:190} INFO - [2024-11-04T17:50:49.380+0000] {dag.py:4180} INFO - Setting next_dagrun for sparking_flow to 2024-11-04 00:00:00+00:00, run_after=2024-11-05 00:00:00+00:00
[2024-11-04T17:50:49.398+0000] {processor.py:208} INFO - Processing /opt/airflow/dags/spark_airflow.py took 0.093 seconds
[2024-11-04T17:51:19.551+0000] {processor.py:186} INFO - Started process (PID=75696) to work on /opt/airflow/dags/spark_airflow.py
[2024-11-04T17:51:19.552+0000] {processor.py:914} INFO - Processing file /opt/airflow/dags/spark_airflow.py for tasks to queue
[2024-11-04T17:51:19.553+0000] {logging_mixin.py:190} INFO - [2024-11-04T17:51:19.553+0000] {dagbag.py:588} INFO - Filling up the DagBag from /opt/airflow/dags/spark_airflow.py
[2024-11-04T17:51:19.572+0000] {processor.py:925} INFO - DAG(s) 'sparking_flow' retrieved from /opt/airflow/dags/spark_airflow.py
[2024-11-04T17:51:19.605+0000] {logging_mixin.py:190} INFO - [2024-11-04T17:51:19.605+0000] {dag.py:3239} INFO - Sync 1 DAGs
[2024-11-04T17:51:19.627+0000] {logging_mixin.py:190} INFO - [2024-11-04T17:51:19.627+0000] {dag.py:4180} INFO - Setting next_dagrun for sparking_flow to 2024-11-04 00:00:00+00:00, run_after=2024-11-05 00:00:00+00:00
[2024-11-04T17:51:19.645+0000] {processor.py:208} INFO - Processing /opt/airflow/dags/spark_airflow.py took 0.098 seconds
[2024-11-04T17:51:49.738+0000] {processor.py:186} INFO - Started process (PID=75701) to work on /opt/airflow/dags/spark_airflow.py
[2024-11-04T17:51:49.739+0000] {processor.py:914} INFO - Processing file /opt/airflow/dags/spark_airflow.py for tasks to queue
[2024-11-04T17:51:49.740+0000] {logging_mixin.py:190} INFO - [2024-11-04T17:51:49.740+0000] {dagbag.py:588} INFO - Filling up the DagBag from /opt/airflow/dags/spark_airflow.py
[2024-11-04T17:51:49.759+0000] {processor.py:925} INFO - DAG(s) 'sparking_flow' retrieved from /opt/airflow/dags/spark_airflow.py
[2024-11-04T17:51:49.786+0000] {logging_mixin.py:190} INFO - [2024-11-04T17:51:49.786+0000] {dag.py:3239} INFO - Sync 1 DAGs
[2024-11-04T17:51:49.809+0000] {logging_mixin.py:190} INFO - [2024-11-04T17:51:49.808+0000] {dag.py:4180} INFO - Setting next_dagrun for sparking_flow to 2024-11-04 00:00:00+00:00, run_after=2024-11-05 00:00:00+00:00
[2024-11-04T17:51:49.826+0000] {processor.py:208} INFO - Processing /opt/airflow/dags/spark_airflow.py took 0.093 seconds
[2024-11-04T17:52:19.990+0000] {processor.py:186} INFO - Started process (PID=75706) to work on /opt/airflow/dags/spark_airflow.py
[2024-11-04T17:52:19.990+0000] {processor.py:914} INFO - Processing file /opt/airflow/dags/spark_airflow.py for tasks to queue
[2024-11-04T17:52:19.992+0000] {logging_mixin.py:190} INFO - [2024-11-04T17:52:19.991+0000] {dagbag.py:588} INFO - Filling up the DagBag from /opt/airflow/dags/spark_airflow.py
[2024-11-04T17:52:20.009+0000] {processor.py:925} INFO - DAG(s) 'sparking_flow' retrieved from /opt/airflow/dags/spark_airflow.py
[2024-11-04T17:52:20.033+0000] {logging_mixin.py:190} INFO - [2024-11-04T17:52:20.033+0000] {dag.py:3239} INFO - Sync 1 DAGs
[2024-11-04T17:52:20.056+0000] {logging_mixin.py:190} INFO - [2024-11-04T17:52:20.055+0000] {dag.py:4180} INFO - Setting next_dagrun for sparking_flow to 2024-11-04 00:00:00+00:00, run_after=2024-11-05 00:00:00+00:00
[2024-11-04T17:52:20.075+0000] {processor.py:208} INFO - Processing /opt/airflow/dags/spark_airflow.py took 0.090 seconds
[2024-11-04T17:52:50.172+0000] {processor.py:186} INFO - Started process (PID=75711) to work on /opt/airflow/dags/spark_airflow.py
[2024-11-04T17:52:50.172+0000] {processor.py:914} INFO - Processing file /opt/airflow/dags/spark_airflow.py for tasks to queue
[2024-11-04T17:52:50.173+0000] {logging_mixin.py:190} INFO - [2024-11-04T17:52:50.173+0000] {dagbag.py:588} INFO - Filling up the DagBag from /opt/airflow/dags/spark_airflow.py
[2024-11-04T17:52:50.191+0000] {processor.py:925} INFO - DAG(s) 'sparking_flow' retrieved from /opt/airflow/dags/spark_airflow.py
[2024-11-04T17:52:50.214+0000] {logging_mixin.py:190} INFO - [2024-11-04T17:52:50.214+0000] {dag.py:3239} INFO - Sync 1 DAGs
[2024-11-04T17:52:50.235+0000] {logging_mixin.py:190} INFO - [2024-11-04T17:52:50.235+0000] {dag.py:4180} INFO - Setting next_dagrun for sparking_flow to 2024-11-04 00:00:00+00:00, run_after=2024-11-05 00:00:00+00:00
[2024-11-04T17:52:50.252+0000] {processor.py:208} INFO - Processing /opt/airflow/dags/spark_airflow.py took 0.085 seconds
[2024-11-04T17:53:20.414+0000] {processor.py:186} INFO - Started process (PID=75716) to work on /opt/airflow/dags/spark_airflow.py
[2024-11-04T17:53:20.414+0000] {processor.py:914} INFO - Processing file /opt/airflow/dags/spark_airflow.py for tasks to queue
[2024-11-04T17:53:20.415+0000] {logging_mixin.py:190} INFO - [2024-11-04T17:53:20.415+0000] {dagbag.py:588} INFO - Filling up the DagBag from /opt/airflow/dags/spark_airflow.py
[2024-11-04T17:53:20.433+0000] {processor.py:925} INFO - DAG(s) 'sparking_flow' retrieved from /opt/airflow/dags/spark_airflow.py
[2024-11-04T17:53:20.460+0000] {logging_mixin.py:190} INFO - [2024-11-04T17:53:20.460+0000] {dag.py:3239} INFO - Sync 1 DAGs
[2024-11-04T17:53:20.488+0000] {logging_mixin.py:190} INFO - [2024-11-04T17:53:20.487+0000] {dag.py:4180} INFO - Setting next_dagrun for sparking_flow to 2024-11-04 00:00:00+00:00, run_after=2024-11-05 00:00:00+00:00
[2024-11-04T17:53:20.508+0000] {processor.py:208} INFO - Processing /opt/airflow/dags/spark_airflow.py took 0.099 seconds
[2024-11-04T17:53:50.596+0000] {processor.py:186} INFO - Started process (PID=75721) to work on /opt/airflow/dags/spark_airflow.py
[2024-11-04T17:53:50.597+0000] {processor.py:914} INFO - Processing file /opt/airflow/dags/spark_airflow.py for tasks to queue
[2024-11-04T17:53:50.598+0000] {logging_mixin.py:190} INFO - [2024-11-04T17:53:50.598+0000] {dagbag.py:588} INFO - Filling up the DagBag from /opt/airflow/dags/spark_airflow.py
[2024-11-04T17:53:50.618+0000] {processor.py:925} INFO - DAG(s) 'sparking_flow' retrieved from /opt/airflow/dags/spark_airflow.py
[2024-11-04T17:53:50.647+0000] {logging_mixin.py:190} INFO - [2024-11-04T17:53:50.646+0000] {dag.py:3239} INFO - Sync 1 DAGs
[2024-11-04T17:53:50.673+0000] {logging_mixin.py:190} INFO - [2024-11-04T17:53:50.672+0000] {dag.py:4180} INFO - Setting next_dagrun for sparking_flow to 2024-11-04 00:00:00+00:00, run_after=2024-11-05 00:00:00+00:00
[2024-11-04T17:53:50.691+0000] {processor.py:208} INFO - Processing /opt/airflow/dags/spark_airflow.py took 0.101 seconds
[2024-11-04T17:54:20.855+0000] {processor.py:186} INFO - Started process (PID=75726) to work on /opt/airflow/dags/spark_airflow.py
[2024-11-04T17:54:20.856+0000] {processor.py:914} INFO - Processing file /opt/airflow/dags/spark_airflow.py for tasks to queue
[2024-11-04T17:54:20.857+0000] {logging_mixin.py:190} INFO - [2024-11-04T17:54:20.857+0000] {dagbag.py:588} INFO - Filling up the DagBag from /opt/airflow/dags/spark_airflow.py
[2024-11-04T17:54:20.875+0000] {processor.py:925} INFO - DAG(s) 'sparking_flow' retrieved from /opt/airflow/dags/spark_airflow.py
[2024-11-04T17:54:20.900+0000] {logging_mixin.py:190} INFO - [2024-11-04T17:54:20.899+0000] {dag.py:3239} INFO - Sync 1 DAGs
[2024-11-04T17:54:20.922+0000] {logging_mixin.py:190} INFO - [2024-11-04T17:54:20.921+0000] {dag.py:4180} INFO - Setting next_dagrun for sparking_flow to 2024-11-04 00:00:00+00:00, run_after=2024-11-05 00:00:00+00:00
[2024-11-04T17:54:20.941+0000] {processor.py:208} INFO - Processing /opt/airflow/dags/spark_airflow.py took 0.090 seconds
[2024-11-04T17:54:51.035+0000] {processor.py:186} INFO - Started process (PID=75731) to work on /opt/airflow/dags/spark_airflow.py
[2024-11-04T17:54:51.036+0000] {processor.py:914} INFO - Processing file /opt/airflow/dags/spark_airflow.py for tasks to queue
[2024-11-04T17:54:51.037+0000] {logging_mixin.py:190} INFO - [2024-11-04T17:54:51.037+0000] {dagbag.py:588} INFO - Filling up the DagBag from /opt/airflow/dags/spark_airflow.py
[2024-11-04T17:54:51.058+0000] {processor.py:925} INFO - DAG(s) 'sparking_flow' retrieved from /opt/airflow/dags/spark_airflow.py
[2024-11-04T17:54:51.086+0000] {logging_mixin.py:190} INFO - [2024-11-04T17:54:51.085+0000] {dag.py:3239} INFO - Sync 1 DAGs
[2024-11-04T17:54:51.110+0000] {logging_mixin.py:190} INFO - [2024-11-04T17:54:51.109+0000] {dag.py:4180} INFO - Setting next_dagrun for sparking_flow to 2024-11-04 00:00:00+00:00, run_after=2024-11-05 00:00:00+00:00
[2024-11-04T17:54:51.130+0000] {processor.py:208} INFO - Processing /opt/airflow/dags/spark_airflow.py took 0.100 seconds
[2024-11-04T17:55:21.299+0000] {processor.py:186} INFO - Started process (PID=75736) to work on /opt/airflow/dags/spark_airflow.py
[2024-11-04T17:55:21.300+0000] {processor.py:914} INFO - Processing file /opt/airflow/dags/spark_airflow.py for tasks to queue
[2024-11-04T17:55:21.301+0000] {logging_mixin.py:190} INFO - [2024-11-04T17:55:21.300+0000] {dagbag.py:588} INFO - Filling up the DagBag from /opt/airflow/dags/spark_airflow.py
[2024-11-04T17:55:21.318+0000] {processor.py:925} INFO - DAG(s) 'sparking_flow' retrieved from /opt/airflow/dags/spark_airflow.py
[2024-11-04T17:55:21.343+0000] {logging_mixin.py:190} INFO - [2024-11-04T17:55:21.343+0000] {dag.py:3239} INFO - Sync 1 DAGs
[2024-11-04T17:55:21.365+0000] {logging_mixin.py:190} INFO - [2024-11-04T17:55:21.365+0000] {dag.py:4180} INFO - Setting next_dagrun for sparking_flow to 2024-11-04 00:00:00+00:00, run_after=2024-11-05 00:00:00+00:00
[2024-11-04T17:55:21.383+0000] {processor.py:208} INFO - Processing /opt/airflow/dags/spark_airflow.py took 0.088 seconds
[2024-11-04T17:55:51.468+0000] {processor.py:186} INFO - Started process (PID=75741) to work on /opt/airflow/dags/spark_airflow.py
[2024-11-04T17:55:51.468+0000] {processor.py:914} INFO - Processing file /opt/airflow/dags/spark_airflow.py for tasks to queue
[2024-11-04T17:55:51.469+0000] {logging_mixin.py:190} INFO - [2024-11-04T17:55:51.469+0000] {dagbag.py:588} INFO - Filling up the DagBag from /opt/airflow/dags/spark_airflow.py
[2024-11-04T17:55:51.487+0000] {processor.py:925} INFO - DAG(s) 'sparking_flow' retrieved from /opt/airflow/dags/spark_airflow.py
[2024-11-04T17:55:51.514+0000] {logging_mixin.py:190} INFO - [2024-11-04T17:55:51.514+0000] {dag.py:3239} INFO - Sync 1 DAGs
[2024-11-04T17:55:51.537+0000] {logging_mixin.py:190} INFO - [2024-11-04T17:55:51.536+0000] {dag.py:4180} INFO - Setting next_dagrun for sparking_flow to 2024-11-04 00:00:00+00:00, run_after=2024-11-05 00:00:00+00:00
[2024-11-04T17:55:51.553+0000] {processor.py:208} INFO - Processing /opt/airflow/dags/spark_airflow.py took 0.089 seconds
[2024-11-04T17:56:21.703+0000] {processor.py:186} INFO - Started process (PID=75746) to work on /opt/airflow/dags/spark_airflow.py
[2024-11-04T17:56:21.703+0000] {processor.py:914} INFO - Processing file /opt/airflow/dags/spark_airflow.py for tasks to queue
[2024-11-04T17:56:21.704+0000] {logging_mixin.py:190} INFO - [2024-11-04T17:56:21.704+0000] {dagbag.py:588} INFO - Filling up the DagBag from /opt/airflow/dags/spark_airflow.py
[2024-11-04T17:56:21.722+0000] {processor.py:925} INFO - DAG(s) 'sparking_flow' retrieved from /opt/airflow/dags/spark_airflow.py
[2024-11-04T17:56:21.759+0000] {logging_mixin.py:190} INFO - [2024-11-04T17:56:21.759+0000] {dag.py:3239} INFO - Sync 1 DAGs
[2024-11-04T17:56:21.779+0000] {logging_mixin.py:190} INFO - [2024-11-04T17:56:21.779+0000] {dag.py:4180} INFO - Setting next_dagrun for sparking_flow to 2024-11-04 00:00:00+00:00, run_after=2024-11-05 00:00:00+00:00
[2024-11-04T17:56:21.794+0000] {processor.py:208} INFO - Processing /opt/airflow/dags/spark_airflow.py took 0.096 seconds
[2024-11-04T17:56:51.888+0000] {processor.py:186} INFO - Started process (PID=75751) to work on /opt/airflow/dags/spark_airflow.py
[2024-11-04T17:56:51.888+0000] {processor.py:914} INFO - Processing file /opt/airflow/dags/spark_airflow.py for tasks to queue
[2024-11-04T17:56:51.890+0000] {logging_mixin.py:190} INFO - [2024-11-04T17:56:51.890+0000] {dagbag.py:588} INFO - Filling up the DagBag from /opt/airflow/dags/spark_airflow.py
[2024-11-04T17:56:51.910+0000] {processor.py:925} INFO - DAG(s) 'sparking_flow' retrieved from /opt/airflow/dags/spark_airflow.py
[2024-11-04T17:56:51.939+0000] {logging_mixin.py:190} INFO - [2024-11-04T17:56:51.939+0000] {dag.py:3239} INFO - Sync 1 DAGs
[2024-11-04T17:56:51.963+0000] {logging_mixin.py:190} INFO - [2024-11-04T17:56:51.963+0000] {dag.py:4180} INFO - Setting next_dagrun for sparking_flow to 2024-11-04 00:00:00+00:00, run_after=2024-11-05 00:00:00+00:00
[2024-11-04T17:56:51.983+0000] {processor.py:208} INFO - Processing /opt/airflow/dags/spark_airflow.py took 0.100 seconds
[2024-11-04T17:57:22.121+0000] {processor.py:186} INFO - Started process (PID=75756) to work on /opt/airflow/dags/spark_airflow.py
[2024-11-04T17:57:22.122+0000] {processor.py:914} INFO - Processing file /opt/airflow/dags/spark_airflow.py for tasks to queue
[2024-11-04T17:57:22.123+0000] {logging_mixin.py:190} INFO - [2024-11-04T17:57:22.123+0000] {dagbag.py:588} INFO - Filling up the DagBag from /opt/airflow/dags/spark_airflow.py
[2024-11-04T17:57:22.144+0000] {processor.py:925} INFO - DAG(s) 'sparking_flow' retrieved from /opt/airflow/dags/spark_airflow.py
[2024-11-04T17:57:22.170+0000] {logging_mixin.py:190} INFO - [2024-11-04T17:57:22.170+0000] {dag.py:3239} INFO - Sync 1 DAGs
[2024-11-04T17:57:22.193+0000] {logging_mixin.py:190} INFO - [2024-11-04T17:57:22.192+0000] {dag.py:4180} INFO - Setting next_dagrun for sparking_flow to 2024-11-04 00:00:00+00:00, run_after=2024-11-05 00:00:00+00:00
[2024-11-04T17:57:22.209+0000] {processor.py:208} INFO - Processing /opt/airflow/dags/spark_airflow.py took 0.093 seconds
[2024-11-04T17:57:52.306+0000] {processor.py:186} INFO - Started process (PID=75761) to work on /opt/airflow/dags/spark_airflow.py
[2024-11-04T17:57:52.307+0000] {processor.py:914} INFO - Processing file /opt/airflow/dags/spark_airflow.py for tasks to queue
[2024-11-04T17:57:52.309+0000] {logging_mixin.py:190} INFO - [2024-11-04T17:57:52.309+0000] {dagbag.py:588} INFO - Filling up the DagBag from /opt/airflow/dags/spark_airflow.py
[2024-11-04T17:57:52.326+0000] {processor.py:925} INFO - DAG(s) 'sparking_flow' retrieved from /opt/airflow/dags/spark_airflow.py
[2024-11-04T17:57:52.351+0000] {logging_mixin.py:190} INFO - [2024-11-04T17:57:52.351+0000] {dag.py:3239} INFO - Sync 1 DAGs
[2024-11-04T17:57:52.373+0000] {logging_mixin.py:190} INFO - [2024-11-04T17:57:52.373+0000] {dag.py:4180} INFO - Setting next_dagrun for sparking_flow to 2024-11-04 00:00:00+00:00, run_after=2024-11-05 00:00:00+00:00
[2024-11-04T17:57:52.403+0000] {processor.py:208} INFO - Processing /opt/airflow/dags/spark_airflow.py took 0.102 seconds
[2024-11-04T17:58:22.540+0000] {processor.py:186} INFO - Started process (PID=75766) to work on /opt/airflow/dags/spark_airflow.py
[2024-11-04T17:58:22.541+0000] {processor.py:914} INFO - Processing file /opt/airflow/dags/spark_airflow.py for tasks to queue
[2024-11-04T17:58:22.542+0000] {logging_mixin.py:190} INFO - [2024-11-04T17:58:22.541+0000] {dagbag.py:588} INFO - Filling up the DagBag from /opt/airflow/dags/spark_airflow.py
[2024-11-04T17:58:22.559+0000] {processor.py:925} INFO - DAG(s) 'sparking_flow' retrieved from /opt/airflow/dags/spark_airflow.py
[2024-11-04T17:58:22.588+0000] {logging_mixin.py:190} INFO - [2024-11-04T17:58:22.588+0000] {dag.py:3239} INFO - Sync 1 DAGs
[2024-11-04T17:58:22.619+0000] {logging_mixin.py:190} INFO - [2024-11-04T17:58:22.619+0000] {dag.py:4180} INFO - Setting next_dagrun for sparking_flow to 2024-11-04 00:00:00+00:00, run_after=2024-11-05 00:00:00+00:00
[2024-11-04T17:58:22.641+0000] {processor.py:208} INFO - Processing /opt/airflow/dags/spark_airflow.py took 0.106 seconds
[2024-11-04T17:58:52.736+0000] {processor.py:186} INFO - Started process (PID=75771) to work on /opt/airflow/dags/spark_airflow.py
[2024-11-04T17:58:52.736+0000] {processor.py:914} INFO - Processing file /opt/airflow/dags/spark_airflow.py for tasks to queue
[2024-11-04T17:58:52.737+0000] {logging_mixin.py:190} INFO - [2024-11-04T17:58:52.737+0000] {dagbag.py:588} INFO - Filling up the DagBag from /opt/airflow/dags/spark_airflow.py
[2024-11-04T17:58:52.755+0000] {processor.py:925} INFO - DAG(s) 'sparking_flow' retrieved from /opt/airflow/dags/spark_airflow.py
[2024-11-04T17:58:52.781+0000] {logging_mixin.py:190} INFO - [2024-11-04T17:58:52.780+0000] {dag.py:3239} INFO - Sync 1 DAGs
[2024-11-04T17:58:52.802+0000] {logging_mixin.py:190} INFO - [2024-11-04T17:58:52.802+0000] {dag.py:4180} INFO - Setting next_dagrun for sparking_flow to 2024-11-04 00:00:00+00:00, run_after=2024-11-05 00:00:00+00:00
[2024-11-04T17:58:52.819+0000] {processor.py:208} INFO - Processing /opt/airflow/dags/spark_airflow.py took 0.088 seconds
[2024-11-04T17:59:22.988+0000] {processor.py:186} INFO - Started process (PID=75776) to work on /opt/airflow/dags/spark_airflow.py
[2024-11-04T17:59:22.989+0000] {processor.py:914} INFO - Processing file /opt/airflow/dags/spark_airflow.py for tasks to queue
[2024-11-04T17:59:22.990+0000] {logging_mixin.py:190} INFO - [2024-11-04T17:59:22.990+0000] {dagbag.py:588} INFO - Filling up the DagBag from /opt/airflow/dags/spark_airflow.py
[2024-11-04T17:59:23.007+0000] {processor.py:925} INFO - DAG(s) 'sparking_flow' retrieved from /opt/airflow/dags/spark_airflow.py
[2024-11-04T17:59:23.031+0000] {logging_mixin.py:190} INFO - [2024-11-04T17:59:23.030+0000] {dag.py:3239} INFO - Sync 1 DAGs
[2024-11-04T17:59:23.050+0000] {logging_mixin.py:190} INFO - [2024-11-04T17:59:23.050+0000] {dag.py:4180} INFO - Setting next_dagrun for sparking_flow to 2024-11-04 00:00:00+00:00, run_after=2024-11-05 00:00:00+00:00
[2024-11-04T17:59:23.066+0000] {processor.py:208} INFO - Processing /opt/airflow/dags/spark_airflow.py took 0.082 seconds
[2024-11-04T17:59:53.169+0000] {processor.py:186} INFO - Started process (PID=75781) to work on /opt/airflow/dags/spark_airflow.py
[2024-11-04T17:59:53.170+0000] {processor.py:914} INFO - Processing file /opt/airflow/dags/spark_airflow.py for tasks to queue
[2024-11-04T17:59:53.171+0000] {logging_mixin.py:190} INFO - [2024-11-04T17:59:53.171+0000] {dagbag.py:588} INFO - Filling up the DagBag from /opt/airflow/dags/spark_airflow.py
[2024-11-04T17:59:53.189+0000] {processor.py:925} INFO - DAG(s) 'sparking_flow' retrieved from /opt/airflow/dags/spark_airflow.py
[2024-11-04T17:59:53.212+0000] {logging_mixin.py:190} INFO - [2024-11-04T17:59:53.212+0000] {dag.py:3239} INFO - Sync 1 DAGs
[2024-11-04T17:59:53.232+0000] {logging_mixin.py:190} INFO - [2024-11-04T17:59:53.232+0000] {dag.py:4180} INFO - Setting next_dagrun for sparking_flow to 2024-11-04 00:00:00+00:00, run_after=2024-11-05 00:00:00+00:00
[2024-11-04T17:59:53.247+0000] {processor.py:208} INFO - Processing /opt/airflow/dags/spark_airflow.py took 0.083 seconds
[2024-11-04T18:00:23.433+0000] {processor.py:186} INFO - Started process (PID=75786) to work on /opt/airflow/dags/spark_airflow.py
[2024-11-04T18:00:23.434+0000] {processor.py:914} INFO - Processing file /opt/airflow/dags/spark_airflow.py for tasks to queue
[2024-11-04T18:00:23.435+0000] {logging_mixin.py:190} INFO - [2024-11-04T18:00:23.434+0000] {dagbag.py:588} INFO - Filling up the DagBag from /opt/airflow/dags/spark_airflow.py
[2024-11-04T18:00:23.452+0000] {processor.py:925} INFO - DAG(s) 'sparking_flow' retrieved from /opt/airflow/dags/spark_airflow.py
[2024-11-04T18:00:23.479+0000] {logging_mixin.py:190} INFO - [2024-11-04T18:00:23.479+0000] {dag.py:3239} INFO - Sync 1 DAGs
[2024-11-04T18:00:23.503+0000] {logging_mixin.py:190} INFO - [2024-11-04T18:00:23.503+0000] {dag.py:4180} INFO - Setting next_dagrun for sparking_flow to 2024-11-04 00:00:00+00:00, run_after=2024-11-05 00:00:00+00:00
[2024-11-04T18:00:23.520+0000] {processor.py:208} INFO - Processing /opt/airflow/dags/spark_airflow.py took 0.091 seconds
[2024-11-04T18:00:53.619+0000] {processor.py:186} INFO - Started process (PID=75791) to work on /opt/airflow/dags/spark_airflow.py
[2024-11-04T18:00:53.620+0000] {processor.py:914} INFO - Processing file /opt/airflow/dags/spark_airflow.py for tasks to queue
[2024-11-04T18:00:53.621+0000] {logging_mixin.py:190} INFO - [2024-11-04T18:00:53.621+0000] {dagbag.py:588} INFO - Filling up the DagBag from /opt/airflow/dags/spark_airflow.py
[2024-11-04T18:00:53.641+0000] {processor.py:925} INFO - DAG(s) 'sparking_flow' retrieved from /opt/airflow/dags/spark_airflow.py
[2024-11-04T18:00:53.667+0000] {logging_mixin.py:190} INFO - [2024-11-04T18:00:53.667+0000] {dag.py:3239} INFO - Sync 1 DAGs
[2024-11-04T18:00:53.689+0000] {logging_mixin.py:190} INFO - [2024-11-04T18:00:53.689+0000] {dag.py:4180} INFO - Setting next_dagrun for sparking_flow to 2024-11-04 00:00:00+00:00, run_after=2024-11-05 00:00:00+00:00
[2024-11-04T18:00:53.708+0000] {processor.py:208} INFO - Processing /opt/airflow/dags/spark_airflow.py took 0.093 seconds
[2024-11-04T18:01:23.864+0000] {processor.py:186} INFO - Started process (PID=75796) to work on /opt/airflow/dags/spark_airflow.py
[2024-11-04T18:01:23.864+0000] {processor.py:914} INFO - Processing file /opt/airflow/dags/spark_airflow.py for tasks to queue
[2024-11-04T18:01:23.866+0000] {logging_mixin.py:190} INFO - [2024-11-04T18:01:23.866+0000] {dagbag.py:588} INFO - Filling up the DagBag from /opt/airflow/dags/spark_airflow.py
[2024-11-04T18:01:23.883+0000] {processor.py:925} INFO - DAG(s) 'sparking_flow' retrieved from /opt/airflow/dags/spark_airflow.py
[2024-11-04T18:01:23.909+0000] {logging_mixin.py:190} INFO - [2024-11-04T18:01:23.909+0000] {dag.py:3239} INFO - Sync 1 DAGs
[2024-11-04T18:01:23.932+0000] {logging_mixin.py:190} INFO - [2024-11-04T18:01:23.932+0000] {dag.py:4180} INFO - Setting next_dagrun for sparking_flow to 2024-11-04 00:00:00+00:00, run_after=2024-11-05 00:00:00+00:00
[2024-11-04T18:01:23.949+0000] {processor.py:208} INFO - Processing /opt/airflow/dags/spark_airflow.py took 0.089 seconds
[2024-11-04T18:01:54.051+0000] {processor.py:186} INFO - Started process (PID=75801) to work on /opt/airflow/dags/spark_airflow.py
[2024-11-04T18:01:54.052+0000] {processor.py:914} INFO - Processing file /opt/airflow/dags/spark_airflow.py for tasks to queue
[2024-11-04T18:01:54.053+0000] {logging_mixin.py:190} INFO - [2024-11-04T18:01:54.052+0000] {dagbag.py:588} INFO - Filling up the DagBag from /opt/airflow/dags/spark_airflow.py
[2024-11-04T18:01:54.070+0000] {processor.py:925} INFO - DAG(s) 'sparking_flow' retrieved from /opt/airflow/dags/spark_airflow.py
[2024-11-04T18:01:54.096+0000] {logging_mixin.py:190} INFO - [2024-11-04T18:01:54.095+0000] {dag.py:3239} INFO - Sync 1 DAGs
[2024-11-04T18:01:54.119+0000] {logging_mixin.py:190} INFO - [2024-11-04T18:01:54.119+0000] {dag.py:4180} INFO - Setting next_dagrun for sparking_flow to 2024-11-04 00:00:00+00:00, run_after=2024-11-05 00:00:00+00:00
[2024-11-04T18:01:54.135+0000] {processor.py:208} INFO - Processing /opt/airflow/dags/spark_airflow.py took 0.089 seconds
[2024-11-04T18:02:24.295+0000] {processor.py:186} INFO - Started process (PID=75806) to work on /opt/airflow/dags/spark_airflow.py
[2024-11-04T18:02:24.296+0000] {processor.py:914} INFO - Processing file /opt/airflow/dags/spark_airflow.py for tasks to queue
[2024-11-04T18:02:24.297+0000] {logging_mixin.py:190} INFO - [2024-11-04T18:02:24.297+0000] {dagbag.py:588} INFO - Filling up the DagBag from /opt/airflow/dags/spark_airflow.py
[2024-11-04T18:02:24.314+0000] {processor.py:925} INFO - DAG(s) 'sparking_flow' retrieved from /opt/airflow/dags/spark_airflow.py
[2024-11-04T18:02:24.340+0000] {logging_mixin.py:190} INFO - [2024-11-04T18:02:24.340+0000] {dag.py:3239} INFO - Sync 1 DAGs
[2024-11-04T18:02:24.361+0000] {logging_mixin.py:190} INFO - [2024-11-04T18:02:24.360+0000] {dag.py:4180} INFO - Setting next_dagrun for sparking_flow to 2024-11-04 00:00:00+00:00, run_after=2024-11-05 00:00:00+00:00
[2024-11-04T18:02:24.377+0000] {processor.py:208} INFO - Processing /opt/airflow/dags/spark_airflow.py took 0.086 seconds
[2024-11-04T18:02:54.471+0000] {processor.py:186} INFO - Started process (PID=75811) to work on /opt/airflow/dags/spark_airflow.py
[2024-11-04T18:02:54.471+0000] {processor.py:914} INFO - Processing file /opt/airflow/dags/spark_airflow.py for tasks to queue
[2024-11-04T18:02:54.472+0000] {logging_mixin.py:190} INFO - [2024-11-04T18:02:54.472+0000] {dagbag.py:588} INFO - Filling up the DagBag from /opt/airflow/dags/spark_airflow.py
[2024-11-04T18:02:54.489+0000] {processor.py:925} INFO - DAG(s) 'sparking_flow' retrieved from /opt/airflow/dags/spark_airflow.py
[2024-11-04T18:02:54.514+0000] {logging_mixin.py:190} INFO - [2024-11-04T18:02:54.514+0000] {dag.py:3239} INFO - Sync 1 DAGs
[2024-11-04T18:02:54.536+0000] {logging_mixin.py:190} INFO - [2024-11-04T18:02:54.536+0000] {dag.py:4180} INFO - Setting next_dagrun for sparking_flow to 2024-11-04 00:00:00+00:00, run_after=2024-11-05 00:00:00+00:00
[2024-11-04T18:02:54.556+0000] {processor.py:208} INFO - Processing /opt/airflow/dags/spark_airflow.py took 0.090 seconds
[2024-11-04T18:03:24.735+0000] {processor.py:186} INFO - Started process (PID=75816) to work on /opt/airflow/dags/spark_airflow.py
[2024-11-04T18:03:24.736+0000] {processor.py:914} INFO - Processing file /opt/airflow/dags/spark_airflow.py for tasks to queue
[2024-11-04T18:03:24.737+0000] {logging_mixin.py:190} INFO - [2024-11-04T18:03:24.737+0000] {dagbag.py:588} INFO - Filling up the DagBag from /opt/airflow/dags/spark_airflow.py
[2024-11-04T18:03:24.755+0000] {processor.py:925} INFO - DAG(s) 'sparking_flow' retrieved from /opt/airflow/dags/spark_airflow.py
[2024-11-04T18:03:24.781+0000] {logging_mixin.py:190} INFO - [2024-11-04T18:03:24.781+0000] {dag.py:3239} INFO - Sync 1 DAGs
[2024-11-04T18:03:24.806+0000] {logging_mixin.py:190} INFO - [2024-11-04T18:03:24.805+0000] {dag.py:4180} INFO - Setting next_dagrun for sparking_flow to 2024-11-04 00:00:00+00:00, run_after=2024-11-05 00:00:00+00:00
[2024-11-04T18:03:24.826+0000] {processor.py:208} INFO - Processing /opt/airflow/dags/spark_airflow.py took 0.096 seconds
[2024-11-04T18:03:54.926+0000] {processor.py:186} INFO - Started process (PID=75821) to work on /opt/airflow/dags/spark_airflow.py
[2024-11-04T18:03:54.927+0000] {processor.py:914} INFO - Processing file /opt/airflow/dags/spark_airflow.py for tasks to queue
[2024-11-04T18:03:54.928+0000] {logging_mixin.py:190} INFO - [2024-11-04T18:03:54.928+0000] {dagbag.py:588} INFO - Filling up the DagBag from /opt/airflow/dags/spark_airflow.py
[2024-11-04T18:03:54.949+0000] {processor.py:925} INFO - DAG(s) 'sparking_flow' retrieved from /opt/airflow/dags/spark_airflow.py
[2024-11-04T18:03:54.977+0000] {logging_mixin.py:190} INFO - [2024-11-04T18:03:54.976+0000] {dag.py:3239} INFO - Sync 1 DAGs
[2024-11-04T18:03:55.000+0000] {logging_mixin.py:190} INFO - [2024-11-04T18:03:55.000+0000] {dag.py:4180} INFO - Setting next_dagrun for sparking_flow to 2024-11-04 00:00:00+00:00, run_after=2024-11-05 00:00:00+00:00
[2024-11-04T18:03:55.019+0000] {processor.py:208} INFO - Processing /opt/airflow/dags/spark_airflow.py took 0.099 seconds
[2024-11-04T18:04:25.170+0000] {processor.py:186} INFO - Started process (PID=75826) to work on /opt/airflow/dags/spark_airflow.py
[2024-11-04T18:04:25.170+0000] {processor.py:914} INFO - Processing file /opt/airflow/dags/spark_airflow.py for tasks to queue
[2024-11-04T18:04:25.172+0000] {logging_mixin.py:190} INFO - [2024-11-04T18:04:25.172+0000] {dagbag.py:588} INFO - Filling up the DagBag from /opt/airflow/dags/spark_airflow.py
[2024-11-04T18:04:25.191+0000] {processor.py:925} INFO - DAG(s) 'sparking_flow' retrieved from /opt/airflow/dags/spark_airflow.py
[2024-11-04T18:04:25.217+0000] {logging_mixin.py:190} INFO - [2024-11-04T18:04:25.217+0000] {dag.py:3239} INFO - Sync 1 DAGs
[2024-11-04T18:04:25.241+0000] {logging_mixin.py:190} INFO - [2024-11-04T18:04:25.241+0000] {dag.py:4180} INFO - Setting next_dagrun for sparking_flow to 2024-11-04 00:00:00+00:00, run_after=2024-11-05 00:00:00+00:00
[2024-11-04T18:04:25.274+0000] {processor.py:208} INFO - Processing /opt/airflow/dags/spark_airflow.py took 0.109 seconds
[2024-11-04T18:04:55.358+0000] {processor.py:186} INFO - Started process (PID=75831) to work on /opt/airflow/dags/spark_airflow.py
[2024-11-04T18:04:55.359+0000] {processor.py:914} INFO - Processing file /opt/airflow/dags/spark_airflow.py for tasks to queue
[2024-11-04T18:04:55.360+0000] {logging_mixin.py:190} INFO - [2024-11-04T18:04:55.360+0000] {dagbag.py:588} INFO - Filling up the DagBag from /opt/airflow/dags/spark_airflow.py
[2024-11-04T18:04:55.375+0000] {processor.py:925} INFO - DAG(s) 'sparking_flow' retrieved from /opt/airflow/dags/spark_airflow.py
[2024-11-04T18:04:55.401+0000] {logging_mixin.py:190} INFO - [2024-11-04T18:04:55.401+0000] {dag.py:3239} INFO - Sync 1 DAGs
[2024-11-04T18:04:55.423+0000] {logging_mixin.py:190} INFO - [2024-11-04T18:04:55.423+0000] {dag.py:4180} INFO - Setting next_dagrun for sparking_flow to 2024-11-04 00:00:00+00:00, run_after=2024-11-05 00:00:00+00:00
[2024-11-04T18:04:55.441+0000] {processor.py:208} INFO - Processing /opt/airflow/dags/spark_airflow.py took 0.087 seconds
[2024-11-04T18:05:25.667+0000] {processor.py:186} INFO - Started process (PID=75836) to work on /opt/airflow/dags/spark_airflow.py
[2024-11-04T18:05:25.667+0000] {processor.py:914} INFO - Processing file /opt/airflow/dags/spark_airflow.py for tasks to queue
[2024-11-04T18:05:25.668+0000] {logging_mixin.py:190} INFO - [2024-11-04T18:05:25.668+0000] {dagbag.py:588} INFO - Filling up the DagBag from /opt/airflow/dags/spark_airflow.py
[2024-11-04T18:05:25.685+0000] {processor.py:925} INFO - DAG(s) 'sparking_flow' retrieved from /opt/airflow/dags/spark_airflow.py
[2024-11-04T18:05:25.708+0000] {logging_mixin.py:190} INFO - [2024-11-04T18:05:25.708+0000] {dag.py:3239} INFO - Sync 1 DAGs
[2024-11-04T18:05:25.728+0000] {logging_mixin.py:190} INFO - [2024-11-04T18:05:25.728+0000] {dag.py:4180} INFO - Setting next_dagrun for sparking_flow to 2024-11-04 00:00:00+00:00, run_after=2024-11-05 00:00:00+00:00
[2024-11-04T18:05:25.744+0000] {processor.py:208} INFO - Processing /opt/airflow/dags/spark_airflow.py took 0.082 seconds
[2024-11-04T18:05:55.863+0000] {processor.py:186} INFO - Started process (PID=75841) to work on /opt/airflow/dags/spark_airflow.py
[2024-11-04T18:05:55.864+0000] {processor.py:914} INFO - Processing file /opt/airflow/dags/spark_airflow.py for tasks to queue
[2024-11-04T18:05:55.865+0000] {logging_mixin.py:190} INFO - [2024-11-04T18:05:55.865+0000] {dagbag.py:588} INFO - Filling up the DagBag from /opt/airflow/dags/spark_airflow.py
[2024-11-04T18:05:55.884+0000] {processor.py:925} INFO - DAG(s) 'sparking_flow' retrieved from /opt/airflow/dags/spark_airflow.py
[2024-11-04T18:05:55.912+0000] {logging_mixin.py:190} INFO - [2024-11-04T18:05:55.911+0000] {dag.py:3239} INFO - Sync 1 DAGs
[2024-11-04T18:05:55.934+0000] {logging_mixin.py:190} INFO - [2024-11-04T18:05:55.934+0000] {dag.py:4180} INFO - Setting next_dagrun for sparking_flow to 2024-11-04 00:00:00+00:00, run_after=2024-11-05 00:00:00+00:00
[2024-11-04T18:05:55.951+0000] {processor.py:208} INFO - Processing /opt/airflow/dags/spark_airflow.py took 0.093 seconds
[2024-11-04T18:06:26.102+0000] {processor.py:186} INFO - Started process (PID=75846) to work on /opt/airflow/dags/spark_airflow.py
[2024-11-04T18:06:26.103+0000] {processor.py:914} INFO - Processing file /opt/airflow/dags/spark_airflow.py for tasks to queue
[2024-11-04T18:06:26.104+0000] {logging_mixin.py:190} INFO - [2024-11-04T18:06:26.104+0000] {dagbag.py:588} INFO - Filling up the DagBag from /opt/airflow/dags/spark_airflow.py
[2024-11-04T18:06:26.122+0000] {processor.py:925} INFO - DAG(s) 'sparking_flow' retrieved from /opt/airflow/dags/spark_airflow.py
[2024-11-04T18:06:26.145+0000] {logging_mixin.py:190} INFO - [2024-11-04T18:06:26.145+0000] {dag.py:3239} INFO - Sync 1 DAGs
[2024-11-04T18:06:26.165+0000] {logging_mixin.py:190} INFO - [2024-11-04T18:06:26.165+0000] {dag.py:4180} INFO - Setting next_dagrun for sparking_flow to 2024-11-04 00:00:00+00:00, run_after=2024-11-05 00:00:00+00:00
[2024-11-04T18:06:26.183+0000] {processor.py:208} INFO - Processing /opt/airflow/dags/spark_airflow.py took 0.085 seconds
[2024-11-04T18:06:56.319+0000] {processor.py:186} INFO - Started process (PID=75851) to work on /opt/airflow/dags/spark_airflow.py
[2024-11-04T18:06:56.320+0000] {processor.py:914} INFO - Processing file /opt/airflow/dags/spark_airflow.py for tasks to queue
[2024-11-04T18:06:56.321+0000] {logging_mixin.py:190} INFO - [2024-11-04T18:06:56.321+0000] {dagbag.py:588} INFO - Filling up the DagBag from /opt/airflow/dags/spark_airflow.py
[2024-11-04T18:06:56.340+0000] {processor.py:925} INFO - DAG(s) 'sparking_flow' retrieved from /opt/airflow/dags/spark_airflow.py
[2024-11-04T18:06:56.365+0000] {logging_mixin.py:190} INFO - [2024-11-04T18:06:56.365+0000] {dag.py:3239} INFO - Sync 1 DAGs
[2024-11-04T18:06:56.387+0000] {logging_mixin.py:190} INFO - [2024-11-04T18:06:56.387+0000] {dag.py:4180} INFO - Setting next_dagrun for sparking_flow to 2024-11-04 00:00:00+00:00, run_after=2024-11-05 00:00:00+00:00
[2024-11-04T18:06:56.402+0000] {processor.py:208} INFO - Processing /opt/airflow/dags/spark_airflow.py took 0.089 seconds
[2024-11-04T18:07:26.538+0000] {processor.py:186} INFO - Started process (PID=75856) to work on /opt/airflow/dags/spark_airflow.py
[2024-11-04T18:07:26.539+0000] {processor.py:914} INFO - Processing file /opt/airflow/dags/spark_airflow.py for tasks to queue
[2024-11-04T18:07:26.540+0000] {logging_mixin.py:190} INFO - [2024-11-04T18:07:26.540+0000] {dagbag.py:588} INFO - Filling up the DagBag from /opt/airflow/dags/spark_airflow.py
[2024-11-04T18:07:26.558+0000] {processor.py:925} INFO - DAG(s) 'sparking_flow' retrieved from /opt/airflow/dags/spark_airflow.py
[2024-11-04T18:07:26.588+0000] {logging_mixin.py:190} INFO - [2024-11-04T18:07:26.587+0000] {dag.py:3239} INFO - Sync 1 DAGs
[2024-11-04T18:07:26.613+0000] {logging_mixin.py:190} INFO - [2024-11-04T18:07:26.613+0000] {dag.py:4180} INFO - Setting next_dagrun for sparking_flow to 2024-11-04 00:00:00+00:00, run_after=2024-11-05 00:00:00+00:00
[2024-11-04T18:07:26.636+0000] {processor.py:208} INFO - Processing /opt/airflow/dags/spark_airflow.py took 0.103 seconds
[2024-11-04T18:07:56.748+0000] {processor.py:186} INFO - Started process (PID=75861) to work on /opt/airflow/dags/spark_airflow.py
[2024-11-04T18:07:56.749+0000] {processor.py:914} INFO - Processing file /opt/airflow/dags/spark_airflow.py for tasks to queue
[2024-11-04T18:07:56.751+0000] {logging_mixin.py:190} INFO - [2024-11-04T18:07:56.751+0000] {dagbag.py:588} INFO - Filling up the DagBag from /opt/airflow/dags/spark_airflow.py
[2024-11-04T18:07:56.770+0000] {processor.py:925} INFO - DAG(s) 'sparking_flow' retrieved from /opt/airflow/dags/spark_airflow.py
[2024-11-04T18:07:56.798+0000] {logging_mixin.py:190} INFO - [2024-11-04T18:07:56.798+0000] {dag.py:3239} INFO - Sync 1 DAGs
[2024-11-04T18:07:56.822+0000] {logging_mixin.py:190} INFO - [2024-11-04T18:07:56.822+0000] {dag.py:4180} INFO - Setting next_dagrun for sparking_flow to 2024-11-04 00:00:00+00:00, run_after=2024-11-05 00:00:00+00:00
[2024-11-04T18:07:56.841+0000] {processor.py:208} INFO - Processing /opt/airflow/dags/spark_airflow.py took 0.098 seconds
[2024-11-04T18:08:26.990+0000] {processor.py:186} INFO - Started process (PID=75866) to work on /opt/airflow/dags/spark_airflow.py
[2024-11-04T18:08:26.990+0000] {processor.py:914} INFO - Processing file /opt/airflow/dags/spark_airflow.py for tasks to queue
[2024-11-04T18:08:26.991+0000] {logging_mixin.py:190} INFO - [2024-11-04T18:08:26.991+0000] {dagbag.py:588} INFO - Filling up the DagBag from /opt/airflow/dags/spark_airflow.py
[2024-11-04T18:08:27.009+0000] {processor.py:925} INFO - DAG(s) 'sparking_flow' retrieved from /opt/airflow/dags/spark_airflow.py
[2024-11-04T18:08:27.033+0000] {logging_mixin.py:190} INFO - [2024-11-04T18:08:27.032+0000] {dag.py:3239} INFO - Sync 1 DAGs
[2024-11-04T18:08:27.053+0000] {logging_mixin.py:190} INFO - [2024-11-04T18:08:27.053+0000] {dag.py:4180} INFO - Setting next_dagrun for sparking_flow to 2024-11-04 00:00:00+00:00, run_after=2024-11-05 00:00:00+00:00
[2024-11-04T18:08:27.068+0000] {processor.py:208} INFO - Processing /opt/airflow/dags/spark_airflow.py took 0.083 seconds
[2024-11-04T18:08:57.192+0000] {processor.py:186} INFO - Started process (PID=75871) to work on /opt/airflow/dags/spark_airflow.py
[2024-11-04T18:08:57.193+0000] {processor.py:914} INFO - Processing file /opt/airflow/dags/spark_airflow.py for tasks to queue
[2024-11-04T18:08:57.194+0000] {logging_mixin.py:190} INFO - [2024-11-04T18:08:57.194+0000] {dagbag.py:588} INFO - Filling up the DagBag from /opt/airflow/dags/spark_airflow.py
[2024-11-04T18:08:57.215+0000] {processor.py:925} INFO - DAG(s) 'sparking_flow' retrieved from /opt/airflow/dags/spark_airflow.py
[2024-11-04T18:08:57.240+0000] {logging_mixin.py:190} INFO - [2024-11-04T18:08:57.240+0000] {dag.py:3239} INFO - Sync 1 DAGs
[2024-11-04T18:08:57.263+0000] {logging_mixin.py:190} INFO - [2024-11-04T18:08:57.263+0000] {dag.py:4180} INFO - Setting next_dagrun for sparking_flow to 2024-11-04 00:00:00+00:00, run_after=2024-11-05 00:00:00+00:00
[2024-11-04T18:08:57.283+0000] {processor.py:208} INFO - Processing /opt/airflow/dags/spark_airflow.py took 0.096 seconds
[2024-11-04T18:09:27.421+0000] {processor.py:186} INFO - Started process (PID=75876) to work on /opt/airflow/dags/spark_airflow.py
[2024-11-04T18:09:27.422+0000] {processor.py:914} INFO - Processing file /opt/airflow/dags/spark_airflow.py for tasks to queue
[2024-11-04T18:09:27.424+0000] {logging_mixin.py:190} INFO - [2024-11-04T18:09:27.424+0000] {dagbag.py:588} INFO - Filling up the DagBag from /opt/airflow/dags/spark_airflow.py
[2024-11-04T18:09:27.444+0000] {processor.py:925} INFO - DAG(s) 'sparking_flow' retrieved from /opt/airflow/dags/spark_airflow.py
[2024-11-04T18:09:27.475+0000] {logging_mixin.py:190} INFO - [2024-11-04T18:09:27.474+0000] {dag.py:3239} INFO - Sync 1 DAGs
[2024-11-04T18:09:27.498+0000] {logging_mixin.py:190} INFO - [2024-11-04T18:09:27.497+0000] {dag.py:4180} INFO - Setting next_dagrun for sparking_flow to 2024-11-04 00:00:00+00:00, run_after=2024-11-05 00:00:00+00:00
[2024-11-04T18:09:27.519+0000] {processor.py:208} INFO - Processing /opt/airflow/dags/spark_airflow.py took 0.103 seconds
[2024-11-04T18:09:57.629+0000] {processor.py:186} INFO - Started process (PID=75881) to work on /opt/airflow/dags/spark_airflow.py
[2024-11-04T18:09:57.629+0000] {processor.py:914} INFO - Processing file /opt/airflow/dags/spark_airflow.py for tasks to queue
[2024-11-04T18:09:57.630+0000] {logging_mixin.py:190} INFO - [2024-11-04T18:09:57.630+0000] {dagbag.py:588} INFO - Filling up the DagBag from /opt/airflow/dags/spark_airflow.py
[2024-11-04T18:09:57.648+0000] {processor.py:925} INFO - DAG(s) 'sparking_flow' retrieved from /opt/airflow/dags/spark_airflow.py
[2024-11-04T18:09:57.673+0000] {logging_mixin.py:190} INFO - [2024-11-04T18:09:57.673+0000] {dag.py:3239} INFO - Sync 1 DAGs
[2024-11-04T18:09:57.695+0000] {logging_mixin.py:190} INFO - [2024-11-04T18:09:57.695+0000] {dag.py:4180} INFO - Setting next_dagrun for sparking_flow to 2024-11-04 00:00:00+00:00, run_after=2024-11-05 00:00:00+00:00
[2024-11-04T18:09:57.713+0000] {processor.py:208} INFO - Processing /opt/airflow/dags/spark_airflow.py took 0.089 seconds
[2024-11-04T18:10:27.888+0000] {processor.py:186} INFO - Started process (PID=75886) to work on /opt/airflow/dags/spark_airflow.py
[2024-11-04T18:10:27.889+0000] {processor.py:914} INFO - Processing file /opt/airflow/dags/spark_airflow.py for tasks to queue
[2024-11-04T18:10:27.890+0000] {logging_mixin.py:190} INFO - [2024-11-04T18:10:27.890+0000] {dagbag.py:588} INFO - Filling up the DagBag from /opt/airflow/dags/spark_airflow.py
[2024-11-04T18:10:27.907+0000] {processor.py:925} INFO - DAG(s) 'sparking_flow' retrieved from /opt/airflow/dags/spark_airflow.py
[2024-11-04T18:10:27.930+0000] {logging_mixin.py:190} INFO - [2024-11-04T18:10:27.930+0000] {dag.py:3239} INFO - Sync 1 DAGs
[2024-11-04T18:10:27.950+0000] {logging_mixin.py:190} INFO - [2024-11-04T18:10:27.950+0000] {dag.py:4180} INFO - Setting next_dagrun for sparking_flow to 2024-11-04 00:00:00+00:00, run_after=2024-11-05 00:00:00+00:00
[2024-11-04T18:10:27.964+0000] {processor.py:208} INFO - Processing /opt/airflow/dags/spark_airflow.py took 0.080 seconds
[2024-11-04T18:10:58.087+0000] {processor.py:186} INFO - Started process (PID=75891) to work on /opt/airflow/dags/spark_airflow.py
[2024-11-04T18:10:58.088+0000] {processor.py:914} INFO - Processing file /opt/airflow/dags/spark_airflow.py for tasks to queue
[2024-11-04T18:10:58.090+0000] {logging_mixin.py:190} INFO - [2024-11-04T18:10:58.089+0000] {dagbag.py:588} INFO - Filling up the DagBag from /opt/airflow/dags/spark_airflow.py
[2024-11-04T18:10:58.112+0000] {processor.py:925} INFO - DAG(s) 'sparking_flow' retrieved from /opt/airflow/dags/spark_airflow.py
[2024-11-04T18:10:58.144+0000] {logging_mixin.py:190} INFO - [2024-11-04T18:10:58.144+0000] {dag.py:3239} INFO - Sync 1 DAGs
[2024-11-04T18:10:58.166+0000] {logging_mixin.py:190} INFO - [2024-11-04T18:10:58.165+0000] {dag.py:4180} INFO - Setting next_dagrun for sparking_flow to 2024-11-04 00:00:00+00:00, run_after=2024-11-05 00:00:00+00:00
[2024-11-04T18:10:58.182+0000] {processor.py:208} INFO - Processing /opt/airflow/dags/spark_airflow.py took 0.104 seconds
[2024-11-04T18:11:28.320+0000] {processor.py:186} INFO - Started process (PID=75896) to work on /opt/airflow/dags/spark_airflow.py
[2024-11-04T18:11:28.321+0000] {processor.py:914} INFO - Processing file /opt/airflow/dags/spark_airflow.py for tasks to queue
[2024-11-04T18:11:28.322+0000] {logging_mixin.py:190} INFO - [2024-11-04T18:11:28.322+0000] {dagbag.py:588} INFO - Filling up the DagBag from /opt/airflow/dags/spark_airflow.py
[2024-11-04T18:11:28.341+0000] {processor.py:925} INFO - DAG(s) 'sparking_flow' retrieved from /opt/airflow/dags/spark_airflow.py
[2024-11-04T18:11:28.366+0000] {logging_mixin.py:190} INFO - [2024-11-04T18:11:28.365+0000] {dag.py:3239} INFO - Sync 1 DAGs
[2024-11-04T18:11:28.388+0000] {logging_mixin.py:190} INFO - [2024-11-04T18:11:28.388+0000] {dag.py:4180} INFO - Setting next_dagrun for sparking_flow to 2024-11-04 00:00:00+00:00, run_after=2024-11-05 00:00:00+00:00
[2024-11-04T18:11:28.405+0000] {processor.py:208} INFO - Processing /opt/airflow/dags/spark_airflow.py took 0.089 seconds
[2024-11-04T18:11:58.522+0000] {processor.py:186} INFO - Started process (PID=75901) to work on /opt/airflow/dags/spark_airflow.py
[2024-11-04T18:11:58.523+0000] {processor.py:914} INFO - Processing file /opt/airflow/dags/spark_airflow.py for tasks to queue
[2024-11-04T18:11:58.524+0000] {logging_mixin.py:190} INFO - [2024-11-04T18:11:58.524+0000] {dagbag.py:588} INFO - Filling up the DagBag from /opt/airflow/dags/spark_airflow.py
[2024-11-04T18:11:58.541+0000] {processor.py:925} INFO - DAG(s) 'sparking_flow' retrieved from /opt/airflow/dags/spark_airflow.py
[2024-11-04T18:11:58.565+0000] {logging_mixin.py:190} INFO - [2024-11-04T18:11:58.565+0000] {dag.py:3239} INFO - Sync 1 DAGs
[2024-11-04T18:11:58.586+0000] {logging_mixin.py:190} INFO - [2024-11-04T18:11:58.586+0000] {dag.py:4180} INFO - Setting next_dagrun for sparking_flow to 2024-11-04 00:00:00+00:00, run_after=2024-11-05 00:00:00+00:00
[2024-11-04T18:11:58.602+0000] {processor.py:208} INFO - Processing /opt/airflow/dags/spark_airflow.py took 0.084 seconds
[2024-11-04T18:12:28.747+0000] {processor.py:186} INFO - Started process (PID=75906) to work on /opt/airflow/dags/spark_airflow.py
[2024-11-04T18:12:28.748+0000] {processor.py:914} INFO - Processing file /opt/airflow/dags/spark_airflow.py for tasks to queue
[2024-11-04T18:12:28.749+0000] {logging_mixin.py:190} INFO - [2024-11-04T18:12:28.749+0000] {dagbag.py:588} INFO - Filling up the DagBag from /opt/airflow/dags/spark_airflow.py
[2024-11-04T18:12:28.770+0000] {processor.py:925} INFO - DAG(s) 'sparking_flow' retrieved from /opt/airflow/dags/spark_airflow.py
[2024-11-04T18:12:28.795+0000] {logging_mixin.py:190} INFO - [2024-11-04T18:12:28.795+0000] {dag.py:3239} INFO - Sync 1 DAGs
[2024-11-04T18:12:28.816+0000] {logging_mixin.py:190} INFO - [2024-11-04T18:12:28.816+0000] {dag.py:4180} INFO - Setting next_dagrun for sparking_flow to 2024-11-04 00:00:00+00:00, run_after=2024-11-05 00:00:00+00:00
[2024-11-04T18:12:28.831+0000] {processor.py:208} INFO - Processing /opt/airflow/dags/spark_airflow.py took 0.090 seconds
[2024-11-04T18:12:58.939+0000] {processor.py:186} INFO - Started process (PID=75911) to work on /opt/airflow/dags/spark_airflow.py
[2024-11-04T18:12:58.940+0000] {processor.py:914} INFO - Processing file /opt/airflow/dags/spark_airflow.py for tasks to queue
[2024-11-04T18:12:58.942+0000] {logging_mixin.py:190} INFO - [2024-11-04T18:12:58.941+0000] {dagbag.py:588} INFO - Filling up the DagBag from /opt/airflow/dags/spark_airflow.py
[2024-11-04T18:12:58.960+0000] {processor.py:925} INFO - DAG(s) 'sparking_flow' retrieved from /opt/airflow/dags/spark_airflow.py
[2024-11-04T18:12:58.987+0000] {logging_mixin.py:190} INFO - [2024-11-04T18:12:58.987+0000] {dag.py:3239} INFO - Sync 1 DAGs
[2024-11-04T18:12:59.010+0000] {logging_mixin.py:190} INFO - [2024-11-04T18:12:59.010+0000] {dag.py:4180} INFO - Setting next_dagrun for sparking_flow to 2024-11-04 00:00:00+00:00, run_after=2024-11-05 00:00:00+00:00
[2024-11-04T18:12:59.029+0000] {processor.py:208} INFO - Processing /opt/airflow/dags/spark_airflow.py took 0.095 seconds
[2024-11-04T18:13:29.198+0000] {processor.py:186} INFO - Started process (PID=75916) to work on /opt/airflow/dags/spark_airflow.py
[2024-11-04T18:13:29.199+0000] {processor.py:914} INFO - Processing file /opt/airflow/dags/spark_airflow.py for tasks to queue
[2024-11-04T18:13:29.202+0000] {logging_mixin.py:190} INFO - [2024-11-04T18:13:29.201+0000] {dagbag.py:588} INFO - Filling up the DagBag from /opt/airflow/dags/spark_airflow.py
[2024-11-04T18:13:29.228+0000] {processor.py:925} INFO - DAG(s) 'sparking_flow' retrieved from /opt/airflow/dags/spark_airflow.py
[2024-11-04T18:13:29.262+0000] {logging_mixin.py:190} INFO - [2024-11-04T18:13:29.262+0000] {dag.py:3239} INFO - Sync 1 DAGs
[2024-11-04T18:13:29.288+0000] {logging_mixin.py:190} INFO - [2024-11-04T18:13:29.288+0000] {dag.py:4180} INFO - Setting next_dagrun for sparking_flow to 2024-11-04 00:00:00+00:00, run_after=2024-11-05 00:00:00+00:00
[2024-11-04T18:13:29.305+0000] {processor.py:208} INFO - Processing /opt/airflow/dags/spark_airflow.py took 0.117 seconds
[2024-11-04T18:13:59.377+0000] {processor.py:186} INFO - Started process (PID=75921) to work on /opt/airflow/dags/spark_airflow.py
[2024-11-04T18:13:59.378+0000] {processor.py:914} INFO - Processing file /opt/airflow/dags/spark_airflow.py for tasks to queue
[2024-11-04T18:13:59.379+0000] {logging_mixin.py:190} INFO - [2024-11-04T18:13:59.379+0000] {dagbag.py:588} INFO - Filling up the DagBag from /opt/airflow/dags/spark_airflow.py
[2024-11-04T18:13:59.396+0000] {processor.py:925} INFO - DAG(s) 'sparking_flow' retrieved from /opt/airflow/dags/spark_airflow.py
[2024-11-04T18:13:59.422+0000] {logging_mixin.py:190} INFO - [2024-11-04T18:13:59.422+0000] {dag.py:3239} INFO - Sync 1 DAGs
[2024-11-04T18:13:59.444+0000] {logging_mixin.py:190} INFO - [2024-11-04T18:13:59.444+0000] {dag.py:4180} INFO - Setting next_dagrun for sparking_flow to 2024-11-04 00:00:00+00:00, run_after=2024-11-05 00:00:00+00:00
[2024-11-04T18:13:59.476+0000] {processor.py:208} INFO - Processing /opt/airflow/dags/spark_airflow.py took 0.104 seconds
[2024-11-04T18:14:29.647+0000] {processor.py:186} INFO - Started process (PID=75926) to work on /opt/airflow/dags/spark_airflow.py
[2024-11-04T18:14:29.648+0000] {processor.py:914} INFO - Processing file /opt/airflow/dags/spark_airflow.py for tasks to queue
[2024-11-04T18:14:29.649+0000] {logging_mixin.py:190} INFO - [2024-11-04T18:14:29.648+0000] {dagbag.py:588} INFO - Filling up the DagBag from /opt/airflow/dags/spark_airflow.py
[2024-11-04T18:14:29.666+0000] {processor.py:925} INFO - DAG(s) 'sparking_flow' retrieved from /opt/airflow/dags/spark_airflow.py
[2024-11-04T18:14:29.691+0000] {logging_mixin.py:190} INFO - [2024-11-04T18:14:29.690+0000] {dag.py:3239} INFO - Sync 1 DAGs
[2024-11-04T18:14:29.712+0000] {logging_mixin.py:190} INFO - [2024-11-04T18:14:29.712+0000] {dag.py:4180} INFO - Setting next_dagrun for sparking_flow to 2024-11-04 00:00:00+00:00, run_after=2024-11-05 00:00:00+00:00
[2024-11-04T18:14:29.742+0000] {processor.py:208} INFO - Processing /opt/airflow/dags/spark_airflow.py took 0.099 seconds
[2024-11-04T18:14:59.835+0000] {processor.py:186} INFO - Started process (PID=75931) to work on /opt/airflow/dags/spark_airflow.py
[2024-11-04T18:14:59.836+0000] {processor.py:914} INFO - Processing file /opt/airflow/dags/spark_airflow.py for tasks to queue
[2024-11-04T18:14:59.837+0000] {logging_mixin.py:190} INFO - [2024-11-04T18:14:59.837+0000] {dagbag.py:588} INFO - Filling up the DagBag from /opt/airflow/dags/spark_airflow.py
[2024-11-04T18:14:59.856+0000] {processor.py:925} INFO - DAG(s) 'sparking_flow' retrieved from /opt/airflow/dags/spark_airflow.py
[2024-11-04T18:14:59.883+0000] {logging_mixin.py:190} INFO - [2024-11-04T18:14:59.883+0000] {dag.py:3239} INFO - Sync 1 DAGs
[2024-11-04T18:14:59.903+0000] {logging_mixin.py:190} INFO - [2024-11-04T18:14:59.903+0000] {dag.py:4180} INFO - Setting next_dagrun for sparking_flow to 2024-11-04 00:00:00+00:00, run_after=2024-11-05 00:00:00+00:00
[2024-11-04T18:14:59.921+0000] {processor.py:208} INFO - Processing /opt/airflow/dags/spark_airflow.py took 0.092 seconds
[2024-11-04T18:15:30.113+0000] {processor.py:186} INFO - Started process (PID=75936) to work on /opt/airflow/dags/spark_airflow.py
[2024-11-04T18:15:30.114+0000] {processor.py:914} INFO - Processing file /opt/airflow/dags/spark_airflow.py for tasks to queue
[2024-11-04T18:15:30.115+0000] {logging_mixin.py:190} INFO - [2024-11-04T18:15:30.115+0000] {dagbag.py:588} INFO - Filling up the DagBag from /opt/airflow/dags/spark_airflow.py
[2024-11-04T18:15:30.134+0000] {processor.py:925} INFO - DAG(s) 'sparking_flow' retrieved from /opt/airflow/dags/spark_airflow.py
[2024-11-04T18:15:30.158+0000] {logging_mixin.py:190} INFO - [2024-11-04T18:15:30.158+0000] {dag.py:3239} INFO - Sync 1 DAGs
[2024-11-04T18:15:30.180+0000] {logging_mixin.py:190} INFO - [2024-11-04T18:15:30.180+0000] {dag.py:4180} INFO - Setting next_dagrun for sparking_flow to 2024-11-04 00:00:00+00:00, run_after=2024-11-05 00:00:00+00:00
[2024-11-04T18:15:30.199+0000] {processor.py:208} INFO - Processing /opt/airflow/dags/spark_airflow.py took 0.090 seconds
[2024-11-04T18:16:00.290+0000] {processor.py:186} INFO - Started process (PID=75941) to work on /opt/airflow/dags/spark_airflow.py
[2024-11-04T18:16:00.291+0000] {processor.py:914} INFO - Processing file /opt/airflow/dags/spark_airflow.py for tasks to queue
[2024-11-04T18:16:00.292+0000] {logging_mixin.py:190} INFO - [2024-11-04T18:16:00.292+0000] {dagbag.py:588} INFO - Filling up the DagBag from /opt/airflow/dags/spark_airflow.py
[2024-11-04T18:16:00.315+0000] {processor.py:925} INFO - DAG(s) 'sparking_flow' retrieved from /opt/airflow/dags/spark_airflow.py
[2024-11-04T18:16:00.339+0000] {logging_mixin.py:190} INFO - [2024-11-04T18:16:00.339+0000] {dag.py:3239} INFO - Sync 1 DAGs
[2024-11-04T18:16:00.360+0000] {logging_mixin.py:190} INFO - [2024-11-04T18:16:00.360+0000] {dag.py:4180} INFO - Setting next_dagrun for sparking_flow to 2024-11-04 00:00:00+00:00, run_after=2024-11-05 00:00:00+00:00
[2024-11-04T18:16:00.376+0000] {processor.py:208} INFO - Processing /opt/airflow/dags/spark_airflow.py took 0.090 seconds
[2024-11-04T18:16:30.531+0000] {processor.py:186} INFO - Started process (PID=75946) to work on /opt/airflow/dags/spark_airflow.py
[2024-11-04T18:16:30.532+0000] {processor.py:914} INFO - Processing file /opt/airflow/dags/spark_airflow.py for tasks to queue
[2024-11-04T18:16:30.534+0000] {logging_mixin.py:190} INFO - [2024-11-04T18:16:30.533+0000] {dagbag.py:588} INFO - Filling up the DagBag from /opt/airflow/dags/spark_airflow.py
[2024-11-04T18:16:30.551+0000] {processor.py:925} INFO - DAG(s) 'sparking_flow' retrieved from /opt/airflow/dags/spark_airflow.py
[2024-11-04T18:16:30.577+0000] {logging_mixin.py:190} INFO - [2024-11-04T18:16:30.577+0000] {dag.py:3239} INFO - Sync 1 DAGs
[2024-11-04T18:16:30.598+0000] {logging_mixin.py:190} INFO - [2024-11-04T18:16:30.598+0000] {dag.py:4180} INFO - Setting next_dagrun for sparking_flow to 2024-11-04 00:00:00+00:00, run_after=2024-11-05 00:00:00+00:00
[2024-11-04T18:16:30.616+0000] {processor.py:208} INFO - Processing /opt/airflow/dags/spark_airflow.py took 0.089 seconds
[2024-11-04T18:17:00.697+0000] {processor.py:186} INFO - Started process (PID=75951) to work on /opt/airflow/dags/spark_airflow.py
[2024-11-04T18:17:00.698+0000] {processor.py:914} INFO - Processing file /opt/airflow/dags/spark_airflow.py for tasks to queue
[2024-11-04T18:17:00.700+0000] {logging_mixin.py:190} INFO - [2024-11-04T18:17:00.700+0000] {dagbag.py:588} INFO - Filling up the DagBag from /opt/airflow/dags/spark_airflow.py
[2024-11-04T18:17:00.719+0000] {processor.py:925} INFO - DAG(s) 'sparking_flow' retrieved from /opt/airflow/dags/spark_airflow.py
[2024-11-04T18:17:00.746+0000] {logging_mixin.py:190} INFO - [2024-11-04T18:17:00.745+0000] {dag.py:3239} INFO - Sync 1 DAGs
[2024-11-04T18:17:00.768+0000] {logging_mixin.py:190} INFO - [2024-11-04T18:17:00.768+0000] {dag.py:4180} INFO - Setting next_dagrun for sparking_flow to 2024-11-04 00:00:00+00:00, run_after=2024-11-05 00:00:00+00:00
[2024-11-04T18:17:00.784+0000] {processor.py:208} INFO - Processing /opt/airflow/dags/spark_airflow.py took 0.091 seconds
[2024-11-04T18:17:30.939+0000] {processor.py:186} INFO - Started process (PID=75956) to work on /opt/airflow/dags/spark_airflow.py
[2024-11-04T18:17:30.940+0000] {processor.py:914} INFO - Processing file /opt/airflow/dags/spark_airflow.py for tasks to queue
[2024-11-04T18:17:30.941+0000] {logging_mixin.py:190} INFO - [2024-11-04T18:17:30.941+0000] {dagbag.py:588} INFO - Filling up the DagBag from /opt/airflow/dags/spark_airflow.py
[2024-11-04T18:17:30.961+0000] {processor.py:925} INFO - DAG(s) 'sparking_flow' retrieved from /opt/airflow/dags/spark_airflow.py
[2024-11-04T18:17:30.986+0000] {logging_mixin.py:190} INFO - [2024-11-04T18:17:30.986+0000] {dag.py:3239} INFO - Sync 1 DAGs
[2024-11-04T18:17:31.008+0000] {logging_mixin.py:190} INFO - [2024-11-04T18:17:31.007+0000] {dag.py:4180} INFO - Setting next_dagrun for sparking_flow to 2024-11-04 00:00:00+00:00, run_after=2024-11-05 00:00:00+00:00
[2024-11-04T18:17:31.023+0000] {processor.py:208} INFO - Processing /opt/airflow/dags/spark_airflow.py took 0.089 seconds
[2024-11-04T18:18:01.115+0000] {processor.py:186} INFO - Started process (PID=75961) to work on /opt/airflow/dags/spark_airflow.py
[2024-11-04T18:18:01.116+0000] {processor.py:914} INFO - Processing file /opt/airflow/dags/spark_airflow.py for tasks to queue
[2024-11-04T18:18:01.117+0000] {logging_mixin.py:190} INFO - [2024-11-04T18:18:01.117+0000] {dagbag.py:588} INFO - Filling up the DagBag from /opt/airflow/dags/spark_airflow.py
[2024-11-04T18:18:01.135+0000] {processor.py:925} INFO - DAG(s) 'sparking_flow' retrieved from /opt/airflow/dags/spark_airflow.py
[2024-11-04T18:18:01.158+0000] {logging_mixin.py:190} INFO - [2024-11-04T18:18:01.158+0000] {dag.py:3239} INFO - Sync 1 DAGs
[2024-11-04T18:18:01.179+0000] {logging_mixin.py:190} INFO - [2024-11-04T18:18:01.178+0000] {dag.py:4180} INFO - Setting next_dagrun for sparking_flow to 2024-11-04 00:00:00+00:00, run_after=2024-11-05 00:00:00+00:00
[2024-11-04T18:18:01.194+0000] {processor.py:208} INFO - Processing /opt/airflow/dags/spark_airflow.py took 0.085 seconds
[2024-11-04T18:18:31.354+0000] {processor.py:186} INFO - Started process (PID=75966) to work on /opt/airflow/dags/spark_airflow.py
[2024-11-04T18:18:31.355+0000] {processor.py:914} INFO - Processing file /opt/airflow/dags/spark_airflow.py for tasks to queue
[2024-11-04T18:18:31.356+0000] {logging_mixin.py:190} INFO - [2024-11-04T18:18:31.355+0000] {dagbag.py:588} INFO - Filling up the DagBag from /opt/airflow/dags/spark_airflow.py
[2024-11-04T18:18:31.373+0000] {processor.py:925} INFO - DAG(s) 'sparking_flow' retrieved from /opt/airflow/dags/spark_airflow.py
[2024-11-04T18:18:31.396+0000] {logging_mixin.py:190} INFO - [2024-11-04T18:18:31.396+0000] {dag.py:3239} INFO - Sync 1 DAGs
[2024-11-04T18:18:31.416+0000] {logging_mixin.py:190} INFO - [2024-11-04T18:18:31.416+0000] {dag.py:4180} INFO - Setting next_dagrun for sparking_flow to 2024-11-04 00:00:00+00:00, run_after=2024-11-05 00:00:00+00:00
[2024-11-04T18:18:31.433+0000] {processor.py:208} INFO - Processing /opt/airflow/dags/spark_airflow.py took 0.083 seconds
[2024-11-04T18:19:01.538+0000] {processor.py:186} INFO - Started process (PID=75971) to work on /opt/airflow/dags/spark_airflow.py
[2024-11-04T18:19:01.538+0000] {processor.py:914} INFO - Processing file /opt/airflow/dags/spark_airflow.py for tasks to queue
[2024-11-04T18:19:01.539+0000] {logging_mixin.py:190} INFO - [2024-11-04T18:19:01.539+0000] {dagbag.py:588} INFO - Filling up the DagBag from /opt/airflow/dags/spark_airflow.py
[2024-11-04T18:19:01.557+0000] {processor.py:925} INFO - DAG(s) 'sparking_flow' retrieved from /opt/airflow/dags/spark_airflow.py
[2024-11-04T18:19:01.584+0000] {logging_mixin.py:190} INFO - [2024-11-04T18:19:01.584+0000] {dag.py:3239} INFO - Sync 1 DAGs
[2024-11-04T18:19:01.607+0000] {logging_mixin.py:190} INFO - [2024-11-04T18:19:01.607+0000] {dag.py:4180} INFO - Setting next_dagrun for sparking_flow to 2024-11-04 00:00:00+00:00, run_after=2024-11-05 00:00:00+00:00
[2024-11-04T18:19:01.625+0000] {processor.py:208} INFO - Processing /opt/airflow/dags/spark_airflow.py took 0.092 seconds
[2024-11-04T18:19:31.769+0000] {processor.py:186} INFO - Started process (PID=75976) to work on /opt/airflow/dags/spark_airflow.py
[2024-11-04T18:19:31.770+0000] {processor.py:914} INFO - Processing file /opt/airflow/dags/spark_airflow.py for tasks to queue
[2024-11-04T18:19:31.771+0000] {logging_mixin.py:190} INFO - [2024-11-04T18:19:31.770+0000] {dagbag.py:588} INFO - Filling up the DagBag from /opt/airflow/dags/spark_airflow.py
[2024-11-04T18:19:31.788+0000] {processor.py:925} INFO - DAG(s) 'sparking_flow' retrieved from /opt/airflow/dags/spark_airflow.py
[2024-11-04T18:19:31.810+0000] {logging_mixin.py:190} INFO - [2024-11-04T18:19:31.810+0000] {dag.py:3239} INFO - Sync 1 DAGs
[2024-11-04T18:19:31.830+0000] {logging_mixin.py:190} INFO - [2024-11-04T18:19:31.829+0000] {dag.py:4180} INFO - Setting next_dagrun for sparking_flow to 2024-11-04 00:00:00+00:00, run_after=2024-11-05 00:00:00+00:00
[2024-11-04T18:19:31.844+0000] {processor.py:208} INFO - Processing /opt/airflow/dags/spark_airflow.py took 0.080 seconds
[2024-11-04T18:20:01.955+0000] {processor.py:186} INFO - Started process (PID=75981) to work on /opt/airflow/dags/spark_airflow.py
[2024-11-04T18:20:01.955+0000] {processor.py:914} INFO - Processing file /opt/airflow/dags/spark_airflow.py for tasks to queue
[2024-11-04T18:20:01.957+0000] {logging_mixin.py:190} INFO - [2024-11-04T18:20:01.956+0000] {dagbag.py:588} INFO - Filling up the DagBag from /opt/airflow/dags/spark_airflow.py
[2024-11-04T18:20:01.975+0000] {processor.py:925} INFO - DAG(s) 'sparking_flow' retrieved from /opt/airflow/dags/spark_airflow.py
[2024-11-04T18:20:02.001+0000] {logging_mixin.py:190} INFO - [2024-11-04T18:20:02.001+0000] {dag.py:3239} INFO - Sync 1 DAGs
[2024-11-04T18:20:02.024+0000] {logging_mixin.py:190} INFO - [2024-11-04T18:20:02.024+0000] {dag.py:4180} INFO - Setting next_dagrun for sparking_flow to 2024-11-04 00:00:00+00:00, run_after=2024-11-05 00:00:00+00:00
[2024-11-04T18:20:02.041+0000] {processor.py:208} INFO - Processing /opt/airflow/dags/spark_airflow.py took 0.091 seconds
[2024-11-04T18:20:32.193+0000] {processor.py:186} INFO - Started process (PID=75986) to work on /opt/airflow/dags/spark_airflow.py
[2024-11-04T18:20:32.194+0000] {processor.py:914} INFO - Processing file /opt/airflow/dags/spark_airflow.py for tasks to queue
[2024-11-04T18:20:32.195+0000] {logging_mixin.py:190} INFO - [2024-11-04T18:20:32.195+0000] {dagbag.py:588} INFO - Filling up the DagBag from /opt/airflow/dags/spark_airflow.py
[2024-11-04T18:20:32.212+0000] {processor.py:925} INFO - DAG(s) 'sparking_flow' retrieved from /opt/airflow/dags/spark_airflow.py
[2024-11-04T18:20:32.235+0000] {logging_mixin.py:190} INFO - [2024-11-04T18:20:32.235+0000] {dag.py:3239} INFO - Sync 1 DAGs
[2024-11-04T18:20:32.257+0000] {logging_mixin.py:190} INFO - [2024-11-04T18:20:32.257+0000] {dag.py:4180} INFO - Setting next_dagrun for sparking_flow to 2024-11-04 00:00:00+00:00, run_after=2024-11-05 00:00:00+00:00
[2024-11-04T18:20:32.274+0000] {processor.py:208} INFO - Processing /opt/airflow/dags/spark_airflow.py took 0.085 seconds
[2024-11-04T18:21:02.368+0000] {processor.py:186} INFO - Started process (PID=75991) to work on /opt/airflow/dags/spark_airflow.py
[2024-11-04T18:21:02.369+0000] {processor.py:914} INFO - Processing file /opt/airflow/dags/spark_airflow.py for tasks to queue
[2024-11-04T18:21:02.370+0000] {logging_mixin.py:190} INFO - [2024-11-04T18:21:02.370+0000] {dagbag.py:588} INFO - Filling up the DagBag from /opt/airflow/dags/spark_airflow.py
[2024-11-04T18:21:02.389+0000] {processor.py:925} INFO - DAG(s) 'sparking_flow' retrieved from /opt/airflow/dags/spark_airflow.py
[2024-11-04T18:21:02.416+0000] {logging_mixin.py:190} INFO - [2024-11-04T18:21:02.416+0000] {dag.py:3239} INFO - Sync 1 DAGs
[2024-11-04T18:21:02.441+0000] {logging_mixin.py:190} INFO - [2024-11-04T18:21:02.440+0000] {dag.py:4180} INFO - Setting next_dagrun for sparking_flow to 2024-11-04 00:00:00+00:00, run_after=2024-11-05 00:00:00+00:00
[2024-11-04T18:21:02.461+0000] {processor.py:208} INFO - Processing /opt/airflow/dags/spark_airflow.py took 0.097 seconds
[2024-11-04T18:21:32.600+0000] {processor.py:186} INFO - Started process (PID=75996) to work on /opt/airflow/dags/spark_airflow.py
[2024-11-04T18:21:32.601+0000] {processor.py:914} INFO - Processing file /opt/airflow/dags/spark_airflow.py for tasks to queue
[2024-11-04T18:21:32.602+0000] {logging_mixin.py:190} INFO - [2024-11-04T18:21:32.602+0000] {dagbag.py:588} INFO - Filling up the DagBag from /opt/airflow/dags/spark_airflow.py
[2024-11-04T18:21:32.620+0000] {processor.py:925} INFO - DAG(s) 'sparking_flow' retrieved from /opt/airflow/dags/spark_airflow.py
[2024-11-04T18:21:32.644+0000] {logging_mixin.py:190} INFO - [2024-11-04T18:21:32.644+0000] {dag.py:3239} INFO - Sync 1 DAGs
[2024-11-04T18:21:32.668+0000] {logging_mixin.py:190} INFO - [2024-11-04T18:21:32.667+0000] {dag.py:4180} INFO - Setting next_dagrun for sparking_flow to 2024-11-04 00:00:00+00:00, run_after=2024-11-05 00:00:00+00:00
[2024-11-04T18:21:32.683+0000] {processor.py:208} INFO - Processing /opt/airflow/dags/spark_airflow.py took 0.088 seconds
[2024-11-04T18:22:02.785+0000] {processor.py:186} INFO - Started process (PID=76001) to work on /opt/airflow/dags/spark_airflow.py
[2024-11-04T18:22:02.786+0000] {processor.py:914} INFO - Processing file /opt/airflow/dags/spark_airflow.py for tasks to queue
[2024-11-04T18:22:02.787+0000] {logging_mixin.py:190} INFO - [2024-11-04T18:22:02.787+0000] {dagbag.py:588} INFO - Filling up the DagBag from /opt/airflow/dags/spark_airflow.py
[2024-11-04T18:22:02.804+0000] {processor.py:925} INFO - DAG(s) 'sparking_flow' retrieved from /opt/airflow/dags/spark_airflow.py
[2024-11-04T18:22:02.829+0000] {logging_mixin.py:190} INFO - [2024-11-04T18:22:02.829+0000] {dag.py:3239} INFO - Sync 1 DAGs
[2024-11-04T18:22:02.849+0000] {logging_mixin.py:190} INFO - [2024-11-04T18:22:02.849+0000] {dag.py:4180} INFO - Setting next_dagrun for sparking_flow to 2024-11-04 00:00:00+00:00, run_after=2024-11-05 00:00:00+00:00
[2024-11-04T18:22:02.865+0000] {processor.py:208} INFO - Processing /opt/airflow/dags/spark_airflow.py took 0.084 seconds
[2024-11-04T18:22:33.005+0000] {processor.py:186} INFO - Started process (PID=76006) to work on /opt/airflow/dags/spark_airflow.py
[2024-11-04T18:22:33.006+0000] {processor.py:914} INFO - Processing file /opt/airflow/dags/spark_airflow.py for tasks to queue
[2024-11-04T18:22:33.007+0000] {logging_mixin.py:190} INFO - [2024-11-04T18:22:33.007+0000] {dagbag.py:588} INFO - Filling up the DagBag from /opt/airflow/dags/spark_airflow.py
[2024-11-04T18:22:33.025+0000] {processor.py:925} INFO - DAG(s) 'sparking_flow' retrieved from /opt/airflow/dags/spark_airflow.py
[2024-11-04T18:22:33.052+0000] {logging_mixin.py:190} INFO - [2024-11-04T18:22:33.052+0000] {dag.py:3239} INFO - Sync 1 DAGs
[2024-11-04T18:22:33.072+0000] {logging_mixin.py:190} INFO - [2024-11-04T18:22:33.072+0000] {dag.py:4180} INFO - Setting next_dagrun for sparking_flow to 2024-11-04 00:00:00+00:00, run_after=2024-11-05 00:00:00+00:00
[2024-11-04T18:22:33.094+0000] {processor.py:208} INFO - Processing /opt/airflow/dags/spark_airflow.py took 0.095 seconds
[2024-11-04T18:23:03.191+0000] {processor.py:186} INFO - Started process (PID=76011) to work on /opt/airflow/dags/spark_airflow.py
[2024-11-04T18:23:03.192+0000] {processor.py:914} INFO - Processing file /opt/airflow/dags/spark_airflow.py for tasks to queue
[2024-11-04T18:23:03.194+0000] {logging_mixin.py:190} INFO - [2024-11-04T18:23:03.193+0000] {dagbag.py:588} INFO - Filling up the DagBag from /opt/airflow/dags/spark_airflow.py
[2024-11-04T18:23:03.212+0000] {processor.py:925} INFO - DAG(s) 'sparking_flow' retrieved from /opt/airflow/dags/spark_airflow.py
[2024-11-04T18:23:03.238+0000] {logging_mixin.py:190} INFO - [2024-11-04T18:23:03.238+0000] {dag.py:3239} INFO - Sync 1 DAGs
[2024-11-04T18:23:03.260+0000] {logging_mixin.py:190} INFO - [2024-11-04T18:23:03.259+0000] {dag.py:4180} INFO - Setting next_dagrun for sparking_flow to 2024-11-04 00:00:00+00:00, run_after=2024-11-05 00:00:00+00:00
[2024-11-04T18:23:03.276+0000] {processor.py:208} INFO - Processing /opt/airflow/dags/spark_airflow.py took 0.091 seconds
[2024-11-04T18:23:33.424+0000] {processor.py:186} INFO - Started process (PID=76016) to work on /opt/airflow/dags/spark_airflow.py
[2024-11-04T18:23:33.425+0000] {processor.py:914} INFO - Processing file /opt/airflow/dags/spark_airflow.py for tasks to queue
[2024-11-04T18:23:33.426+0000] {logging_mixin.py:190} INFO - [2024-11-04T18:23:33.426+0000] {dagbag.py:588} INFO - Filling up the DagBag from /opt/airflow/dags/spark_airflow.py
[2024-11-04T18:23:33.445+0000] {processor.py:925} INFO - DAG(s) 'sparking_flow' retrieved from /opt/airflow/dags/spark_airflow.py
[2024-11-04T18:23:33.470+0000] {logging_mixin.py:190} INFO - [2024-11-04T18:23:33.470+0000] {dag.py:3239} INFO - Sync 1 DAGs
[2024-11-04T18:23:33.492+0000] {logging_mixin.py:190} INFO - [2024-11-04T18:23:33.492+0000] {dag.py:4180} INFO - Setting next_dagrun for sparking_flow to 2024-11-04 00:00:00+00:00, run_after=2024-11-05 00:00:00+00:00
[2024-11-04T18:23:33.510+0000] {processor.py:208} INFO - Processing /opt/airflow/dags/spark_airflow.py took 0.091 seconds
[2024-11-04T18:24:03.610+0000] {processor.py:186} INFO - Started process (PID=76021) to work on /opt/airflow/dags/spark_airflow.py
[2024-11-04T18:24:03.611+0000] {processor.py:914} INFO - Processing file /opt/airflow/dags/spark_airflow.py for tasks to queue
[2024-11-04T18:24:03.612+0000] {logging_mixin.py:190} INFO - [2024-11-04T18:24:03.612+0000] {dagbag.py:588} INFO - Filling up the DagBag from /opt/airflow/dags/spark_airflow.py
[2024-11-04T18:24:03.631+0000] {processor.py:925} INFO - DAG(s) 'sparking_flow' retrieved from /opt/airflow/dags/spark_airflow.py
[2024-11-04T18:24:03.660+0000] {logging_mixin.py:190} INFO - [2024-11-04T18:24:03.660+0000] {dag.py:3239} INFO - Sync 1 DAGs
[2024-11-04T18:24:03.687+0000] {logging_mixin.py:190} INFO - [2024-11-04T18:24:03.687+0000] {dag.py:4180} INFO - Setting next_dagrun for sparking_flow to 2024-11-04 00:00:00+00:00, run_after=2024-11-05 00:00:00+00:00
[2024-11-04T18:24:03.706+0000] {processor.py:208} INFO - Processing /opt/airflow/dags/spark_airflow.py took 0.101 seconds
[2024-11-04T18:24:33.855+0000] {processor.py:186} INFO - Started process (PID=76026) to work on /opt/airflow/dags/spark_airflow.py
[2024-11-04T18:24:33.856+0000] {processor.py:914} INFO - Processing file /opt/airflow/dags/spark_airflow.py for tasks to queue
[2024-11-04T18:24:33.857+0000] {logging_mixin.py:190} INFO - [2024-11-04T18:24:33.857+0000] {dagbag.py:588} INFO - Filling up the DagBag from /opt/airflow/dags/spark_airflow.py
[2024-11-04T18:24:33.882+0000] {processor.py:925} INFO - DAG(s) 'sparking_flow' retrieved from /opt/airflow/dags/spark_airflow.py
[2024-11-04T18:24:33.914+0000] {logging_mixin.py:190} INFO - [2024-11-04T18:24:33.914+0000] {dag.py:3239} INFO - Sync 1 DAGs
[2024-11-04T18:24:33.942+0000] {logging_mixin.py:190} INFO - [2024-11-04T18:24:33.942+0000] {dag.py:4180} INFO - Setting next_dagrun for sparking_flow to 2024-11-04 00:00:00+00:00, run_after=2024-11-05 00:00:00+00:00
[2024-11-04T18:24:33.964+0000] {processor.py:208} INFO - Processing /opt/airflow/dags/spark_airflow.py took 0.115 seconds
[2024-11-04T18:25:04.033+0000] {processor.py:186} INFO - Started process (PID=76031) to work on /opt/airflow/dags/spark_airflow.py
[2024-11-04T18:25:04.034+0000] {processor.py:914} INFO - Processing file /opt/airflow/dags/spark_airflow.py for tasks to queue
[2024-11-04T18:25:04.035+0000] {logging_mixin.py:190} INFO - [2024-11-04T18:25:04.035+0000] {dagbag.py:588} INFO - Filling up the DagBag from /opt/airflow/dags/spark_airflow.py
[2024-11-04T18:25:04.054+0000] {processor.py:925} INFO - DAG(s) 'sparking_flow' retrieved from /opt/airflow/dags/spark_airflow.py
[2024-11-04T18:25:04.078+0000] {logging_mixin.py:190} INFO - [2024-11-04T18:25:04.078+0000] {dag.py:3239} INFO - Sync 1 DAGs
[2024-11-04T18:25:04.099+0000] {logging_mixin.py:190} INFO - [2024-11-04T18:25:04.099+0000] {dag.py:4180} INFO - Setting next_dagrun for sparking_flow to 2024-11-04 00:00:00+00:00, run_after=2024-11-05 00:00:00+00:00
[2024-11-04T18:25:04.115+0000] {processor.py:208} INFO - Processing /opt/airflow/dags/spark_airflow.py took 0.086 seconds
[2024-11-04T18:25:34.333+0000] {processor.py:186} INFO - Started process (PID=76036) to work on /opt/airflow/dags/spark_airflow.py
[2024-11-04T18:25:34.334+0000] {processor.py:914} INFO - Processing file /opt/airflow/dags/spark_airflow.py for tasks to queue
[2024-11-04T18:25:34.335+0000] {logging_mixin.py:190} INFO - [2024-11-04T18:25:34.335+0000] {dagbag.py:588} INFO - Filling up the DagBag from /opt/airflow/dags/spark_airflow.py
[2024-11-04T18:25:34.352+0000] {processor.py:925} INFO - DAG(s) 'sparking_flow' retrieved from /opt/airflow/dags/spark_airflow.py
[2024-11-04T18:25:34.377+0000] {logging_mixin.py:190} INFO - [2024-11-04T18:25:34.377+0000] {dag.py:3239} INFO - Sync 1 DAGs
[2024-11-04T18:25:34.398+0000] {logging_mixin.py:190} INFO - [2024-11-04T18:25:34.398+0000] {dag.py:4180} INFO - Setting next_dagrun for sparking_flow to 2024-11-04 00:00:00+00:00, run_after=2024-11-05 00:00:00+00:00
[2024-11-04T18:25:34.415+0000] {processor.py:208} INFO - Processing /opt/airflow/dags/spark_airflow.py took 0.087 seconds
[2024-11-04T18:26:04.517+0000] {processor.py:186} INFO - Started process (PID=76041) to work on /opt/airflow/dags/spark_airflow.py
[2024-11-04T18:26:04.518+0000] {processor.py:914} INFO - Processing file /opt/airflow/dags/spark_airflow.py for tasks to queue
[2024-11-04T18:26:04.519+0000] {logging_mixin.py:190} INFO - [2024-11-04T18:26:04.519+0000] {dagbag.py:588} INFO - Filling up the DagBag from /opt/airflow/dags/spark_airflow.py
[2024-11-04T18:26:04.535+0000] {processor.py:925} INFO - DAG(s) 'sparking_flow' retrieved from /opt/airflow/dags/spark_airflow.py
[2024-11-04T18:26:04.561+0000] {logging_mixin.py:190} INFO - [2024-11-04T18:26:04.560+0000] {dag.py:3239} INFO - Sync 1 DAGs
[2024-11-04T18:26:04.582+0000] {logging_mixin.py:190} INFO - [2024-11-04T18:26:04.582+0000] {dag.py:4180} INFO - Setting next_dagrun for sparking_flow to 2024-11-04 00:00:00+00:00, run_after=2024-11-05 00:00:00+00:00
[2024-11-04T18:26:04.606+0000] {processor.py:208} INFO - Processing /opt/airflow/dags/spark_airflow.py took 0.093 seconds
[2024-11-04T18:26:34.746+0000] {processor.py:186} INFO - Started process (PID=76046) to work on /opt/airflow/dags/spark_airflow.py
[2024-11-04T18:26:34.747+0000] {processor.py:914} INFO - Processing file /opt/airflow/dags/spark_airflow.py for tasks to queue
[2024-11-04T18:26:34.748+0000] {logging_mixin.py:190} INFO - [2024-11-04T18:26:34.748+0000] {dagbag.py:588} INFO - Filling up the DagBag from /opt/airflow/dags/spark_airflow.py
[2024-11-04T18:26:34.767+0000] {processor.py:925} INFO - DAG(s) 'sparking_flow' retrieved from /opt/airflow/dags/spark_airflow.py
[2024-11-04T18:26:34.793+0000] {logging_mixin.py:190} INFO - [2024-11-04T18:26:34.793+0000] {dag.py:3239} INFO - Sync 1 DAGs
[2024-11-04T18:26:34.817+0000] {logging_mixin.py:190} INFO - [2024-11-04T18:26:34.816+0000] {dag.py:4180} INFO - Setting next_dagrun for sparking_flow to 2024-11-04 00:00:00+00:00, run_after=2024-11-05 00:00:00+00:00
[2024-11-04T18:26:34.836+0000] {processor.py:208} INFO - Processing /opt/airflow/dags/spark_airflow.py took 0.095 seconds
[2024-11-04T18:27:04.938+0000] {processor.py:186} INFO - Started process (PID=76051) to work on /opt/airflow/dags/spark_airflow.py
[2024-11-04T18:27:04.939+0000] {processor.py:914} INFO - Processing file /opt/airflow/dags/spark_airflow.py for tasks to queue
[2024-11-04T18:27:04.940+0000] {logging_mixin.py:190} INFO - [2024-11-04T18:27:04.940+0000] {dagbag.py:588} INFO - Filling up the DagBag from /opt/airflow/dags/spark_airflow.py
[2024-11-04T18:27:04.957+0000] {processor.py:925} INFO - DAG(s) 'sparking_flow' retrieved from /opt/airflow/dags/spark_airflow.py
[2024-11-04T18:27:04.985+0000] {logging_mixin.py:190} INFO - [2024-11-04T18:27:04.985+0000] {dag.py:3239} INFO - Sync 1 DAGs
[2024-11-04T18:27:05.009+0000] {logging_mixin.py:190} INFO - [2024-11-04T18:27:05.008+0000] {dag.py:4180} INFO - Setting next_dagrun for sparking_flow to 2024-11-04 00:00:00+00:00, run_after=2024-11-05 00:00:00+00:00
[2024-11-04T18:27:05.025+0000] {processor.py:208} INFO - Processing /opt/airflow/dags/spark_airflow.py took 0.092 seconds
[2024-11-04T18:27:35.193+0000] {processor.py:186} INFO - Started process (PID=76056) to work on /opt/airflow/dags/spark_airflow.py
[2024-11-04T18:27:35.193+0000] {processor.py:914} INFO - Processing file /opt/airflow/dags/spark_airflow.py for tasks to queue
[2024-11-04T18:27:35.194+0000] {logging_mixin.py:190} INFO - [2024-11-04T18:27:35.194+0000] {dagbag.py:588} INFO - Filling up the DagBag from /opt/airflow/dags/spark_airflow.py
[2024-11-04T18:27:35.211+0000] {processor.py:925} INFO - DAG(s) 'sparking_flow' retrieved from /opt/airflow/dags/spark_airflow.py
[2024-11-04T18:27:35.235+0000] {logging_mixin.py:190} INFO - [2024-11-04T18:27:35.235+0000] {dag.py:3239} INFO - Sync 1 DAGs
[2024-11-04T18:27:35.257+0000] {logging_mixin.py:190} INFO - [2024-11-04T18:27:35.256+0000] {dag.py:4180} INFO - Setting next_dagrun for sparking_flow to 2024-11-04 00:00:00+00:00, run_after=2024-11-05 00:00:00+00:00
[2024-11-04T18:27:35.276+0000] {processor.py:208} INFO - Processing /opt/airflow/dags/spark_airflow.py took 0.088 seconds
[2024-11-04T18:28:05.372+0000] {processor.py:186} INFO - Started process (PID=76061) to work on /opt/airflow/dags/spark_airflow.py
[2024-11-04T18:28:05.372+0000] {processor.py:914} INFO - Processing file /opt/airflow/dags/spark_airflow.py for tasks to queue
[2024-11-04T18:28:05.373+0000] {logging_mixin.py:190} INFO - [2024-11-04T18:28:05.373+0000] {dagbag.py:588} INFO - Filling up the DagBag from /opt/airflow/dags/spark_airflow.py
[2024-11-04T18:28:05.391+0000] {processor.py:925} INFO - DAG(s) 'sparking_flow' retrieved from /opt/airflow/dags/spark_airflow.py
[2024-11-04T18:28:05.417+0000] {logging_mixin.py:190} INFO - [2024-11-04T18:28:05.417+0000] {dag.py:3239} INFO - Sync 1 DAGs
[2024-11-04T18:28:05.437+0000] {logging_mixin.py:190} INFO - [2024-11-04T18:28:05.437+0000] {dag.py:4180} INFO - Setting next_dagrun for sparking_flow to 2024-11-04 00:00:00+00:00, run_after=2024-11-05 00:00:00+00:00
[2024-11-04T18:28:05.452+0000] {processor.py:208} INFO - Processing /opt/airflow/dags/spark_airflow.py took 0.086 seconds
[2024-11-04T18:28:35.601+0000] {processor.py:186} INFO - Started process (PID=76066) to work on /opt/airflow/dags/spark_airflow.py
[2024-11-04T18:28:35.602+0000] {processor.py:914} INFO - Processing file /opt/airflow/dags/spark_airflow.py for tasks to queue
[2024-11-04T18:28:35.603+0000] {logging_mixin.py:190} INFO - [2024-11-04T18:28:35.603+0000] {dagbag.py:588} INFO - Filling up the DagBag from /opt/airflow/dags/spark_airflow.py
[2024-11-04T18:28:35.621+0000] {processor.py:925} INFO - DAG(s) 'sparking_flow' retrieved from /opt/airflow/dags/spark_airflow.py
[2024-11-04T18:28:35.645+0000] {logging_mixin.py:190} INFO - [2024-11-04T18:28:35.645+0000] {dag.py:3239} INFO - Sync 1 DAGs
[2024-11-04T18:28:35.665+0000] {logging_mixin.py:190} INFO - [2024-11-04T18:28:35.665+0000] {dag.py:4180} INFO - Setting next_dagrun for sparking_flow to 2024-11-04 00:00:00+00:00, run_after=2024-11-05 00:00:00+00:00
[2024-11-04T18:28:35.680+0000] {processor.py:208} INFO - Processing /opt/airflow/dags/spark_airflow.py took 0.083 seconds
[2024-11-04T18:29:05.771+0000] {processor.py:186} INFO - Started process (PID=76071) to work on /opt/airflow/dags/spark_airflow.py
[2024-11-04T18:29:05.772+0000] {processor.py:914} INFO - Processing file /opt/airflow/dags/spark_airflow.py for tasks to queue
[2024-11-04T18:29:05.773+0000] {logging_mixin.py:190} INFO - [2024-11-04T18:29:05.773+0000] {dagbag.py:588} INFO - Filling up the DagBag from /opt/airflow/dags/spark_airflow.py
[2024-11-04T18:29:05.791+0000] {processor.py:925} INFO - DAG(s) 'sparking_flow' retrieved from /opt/airflow/dags/spark_airflow.py
[2024-11-04T18:29:05.815+0000] {logging_mixin.py:190} INFO - [2024-11-04T18:29:05.815+0000] {dag.py:3239} INFO - Sync 1 DAGs
[2024-11-04T18:29:05.835+0000] {logging_mixin.py:190} INFO - [2024-11-04T18:29:05.835+0000] {dag.py:4180} INFO - Setting next_dagrun for sparking_flow to 2024-11-04 00:00:00+00:00, run_after=2024-11-05 00:00:00+00:00
[2024-11-04T18:29:05.850+0000] {processor.py:208} INFO - Processing /opt/airflow/dags/spark_airflow.py took 0.083 seconds
[2024-11-04T18:29:36.006+0000] {processor.py:186} INFO - Started process (PID=76076) to work on /opt/airflow/dags/spark_airflow.py
[2024-11-04T18:29:36.006+0000] {processor.py:914} INFO - Processing file /opt/airflow/dags/spark_airflow.py for tasks to queue
[2024-11-04T18:29:36.008+0000] {logging_mixin.py:190} INFO - [2024-11-04T18:29:36.007+0000] {dagbag.py:588} INFO - Filling up the DagBag from /opt/airflow/dags/spark_airflow.py
[2024-11-04T18:29:36.025+0000] {processor.py:925} INFO - DAG(s) 'sparking_flow' retrieved from /opt/airflow/dags/spark_airflow.py
[2024-11-04T18:29:36.049+0000] {logging_mixin.py:190} INFO - [2024-11-04T18:29:36.049+0000] {dag.py:3239} INFO - Sync 1 DAGs
[2024-11-04T18:29:36.070+0000] {logging_mixin.py:190} INFO - [2024-11-04T18:29:36.070+0000] {dag.py:4180} INFO - Setting next_dagrun for sparking_flow to 2024-11-04 00:00:00+00:00, run_after=2024-11-05 00:00:00+00:00
[2024-11-04T18:29:36.086+0000] {processor.py:208} INFO - Processing /opt/airflow/dags/spark_airflow.py took 0.084 seconds
[2024-11-04T18:30:06.188+0000] {processor.py:186} INFO - Started process (PID=76081) to work on /opt/airflow/dags/spark_airflow.py
[2024-11-04T18:30:06.189+0000] {processor.py:914} INFO - Processing file /opt/airflow/dags/spark_airflow.py for tasks to queue
[2024-11-04T18:30:06.191+0000] {logging_mixin.py:190} INFO - [2024-11-04T18:30:06.190+0000] {dagbag.py:588} INFO - Filling up the DagBag from /opt/airflow/dags/spark_airflow.py
[2024-11-04T18:30:06.207+0000] {processor.py:925} INFO - DAG(s) 'sparking_flow' retrieved from /opt/airflow/dags/spark_airflow.py
[2024-11-04T18:30:06.232+0000] {logging_mixin.py:190} INFO - [2024-11-04T18:30:06.232+0000] {dag.py:3239} INFO - Sync 1 DAGs
[2024-11-04T18:30:06.253+0000] {logging_mixin.py:190} INFO - [2024-11-04T18:30:06.253+0000] {dag.py:4180} INFO - Setting next_dagrun for sparking_flow to 2024-11-04 00:00:00+00:00, run_after=2024-11-05 00:00:00+00:00
[2024-11-04T18:30:06.268+0000] {processor.py:208} INFO - Processing /opt/airflow/dags/spark_airflow.py took 0.084 seconds
[2024-11-04T18:30:36.467+0000] {processor.py:186} INFO - Started process (PID=76086) to work on /opt/airflow/dags/spark_airflow.py
[2024-11-04T18:30:36.468+0000] {processor.py:914} INFO - Processing file /opt/airflow/dags/spark_airflow.py for tasks to queue
[2024-11-04T18:30:36.469+0000] {logging_mixin.py:190} INFO - [2024-11-04T18:30:36.469+0000] {dagbag.py:588} INFO - Filling up the DagBag from /opt/airflow/dags/spark_airflow.py
[2024-11-04T18:30:36.486+0000] {processor.py:925} INFO - DAG(s) 'sparking_flow' retrieved from /opt/airflow/dags/spark_airflow.py
[2024-11-04T18:30:36.511+0000] {logging_mixin.py:190} INFO - [2024-11-04T18:30:36.511+0000] {dag.py:3239} INFO - Sync 1 DAGs
[2024-11-04T18:30:36.530+0000] {logging_mixin.py:190} INFO - [2024-11-04T18:30:36.530+0000] {dag.py:4180} INFO - Setting next_dagrun for sparking_flow to 2024-11-04 00:00:00+00:00, run_after=2024-11-05 00:00:00+00:00
[2024-11-04T18:30:36.553+0000] {processor.py:208} INFO - Processing /opt/airflow/dags/spark_airflow.py took 0.090 seconds
[2024-11-04T18:31:06.635+0000] {processor.py:186} INFO - Started process (PID=76091) to work on /opt/airflow/dags/spark_airflow.py
[2024-11-04T18:31:06.636+0000] {processor.py:914} INFO - Processing file /opt/airflow/dags/spark_airflow.py for tasks to queue
[2024-11-04T18:31:06.637+0000] {logging_mixin.py:190} INFO - [2024-11-04T18:31:06.637+0000] {dagbag.py:588} INFO - Filling up the DagBag from /opt/airflow/dags/spark_airflow.py
[2024-11-04T18:31:06.656+0000] {processor.py:925} INFO - DAG(s) 'sparking_flow' retrieved from /opt/airflow/dags/spark_airflow.py
[2024-11-04T18:31:06.681+0000] {logging_mixin.py:190} INFO - [2024-11-04T18:31:06.681+0000] {dag.py:3239} INFO - Sync 1 DAGs
[2024-11-04T18:31:06.705+0000] {logging_mixin.py:190} INFO - [2024-11-04T18:31:06.704+0000] {dag.py:4180} INFO - Setting next_dagrun for sparking_flow to 2024-11-04 00:00:00+00:00, run_after=2024-11-05 00:00:00+00:00
[2024-11-04T18:31:06.721+0000] {processor.py:208} INFO - Processing /opt/airflow/dags/spark_airflow.py took 0.090 seconds
[2024-11-04T18:31:36.858+0000] {processor.py:186} INFO - Started process (PID=76096) to work on /opt/airflow/dags/spark_airflow.py
[2024-11-04T18:31:36.859+0000] {processor.py:914} INFO - Processing file /opt/airflow/dags/spark_airflow.py for tasks to queue
[2024-11-04T18:31:36.860+0000] {logging_mixin.py:190} INFO - [2024-11-04T18:31:36.860+0000] {dagbag.py:588} INFO - Filling up the DagBag from /opt/airflow/dags/spark_airflow.py
[2024-11-04T18:31:36.877+0000] {processor.py:925} INFO - DAG(s) 'sparking_flow' retrieved from /opt/airflow/dags/spark_airflow.py
[2024-11-04T18:31:36.900+0000] {logging_mixin.py:190} INFO - [2024-11-04T18:31:36.900+0000] {dag.py:3239} INFO - Sync 1 DAGs
[2024-11-04T18:31:36.922+0000] {logging_mixin.py:190} INFO - [2024-11-04T18:31:36.922+0000] {dag.py:4180} INFO - Setting next_dagrun for sparking_flow to 2024-11-04 00:00:00+00:00, run_after=2024-11-05 00:00:00+00:00
[2024-11-04T18:31:36.947+0000] {processor.py:208} INFO - Processing /opt/airflow/dags/spark_airflow.py took 0.093 seconds
[2024-11-04T18:32:07.030+0000] {processor.py:186} INFO - Started process (PID=76101) to work on /opt/airflow/dags/spark_airflow.py
[2024-11-04T18:32:07.031+0000] {processor.py:914} INFO - Processing file /opt/airflow/dags/spark_airflow.py for tasks to queue
[2024-11-04T18:32:07.032+0000] {logging_mixin.py:190} INFO - [2024-11-04T18:32:07.032+0000] {dagbag.py:588} INFO - Filling up the DagBag from /opt/airflow/dags/spark_airflow.py
[2024-11-04T18:32:07.050+0000] {processor.py:925} INFO - DAG(s) 'sparking_flow' retrieved from /opt/airflow/dags/spark_airflow.py
[2024-11-04T18:32:07.081+0000] {logging_mixin.py:190} INFO - [2024-11-04T18:32:07.081+0000] {dag.py:3239} INFO - Sync 1 DAGs
[2024-11-04T18:32:07.106+0000] {logging_mixin.py:190} INFO - [2024-11-04T18:32:07.106+0000] {dag.py:4180} INFO - Setting next_dagrun for sparking_flow to 2024-11-04 00:00:00+00:00, run_after=2024-11-05 00:00:00+00:00
[2024-11-04T18:32:07.126+0000] {processor.py:208} INFO - Processing /opt/airflow/dags/spark_airflow.py took 0.100 seconds
[2024-11-04T18:32:37.276+0000] {processor.py:186} INFO - Started process (PID=76106) to work on /opt/airflow/dags/spark_airflow.py
[2024-11-04T18:32:37.277+0000] {processor.py:914} INFO - Processing file /opt/airflow/dags/spark_airflow.py for tasks to queue
[2024-11-04T18:32:37.277+0000] {logging_mixin.py:190} INFO - [2024-11-04T18:32:37.277+0000] {dagbag.py:588} INFO - Filling up the DagBag from /opt/airflow/dags/spark_airflow.py
[2024-11-04T18:32:37.295+0000] {processor.py:925} INFO - DAG(s) 'sparking_flow' retrieved from /opt/airflow/dags/spark_airflow.py
[2024-11-04T18:32:37.320+0000] {logging_mixin.py:190} INFO - [2024-11-04T18:32:37.319+0000] {dag.py:3239} INFO - Sync 1 DAGs
[2024-11-04T18:32:37.342+0000] {logging_mixin.py:190} INFO - [2024-11-04T18:32:37.342+0000] {dag.py:4180} INFO - Setting next_dagrun for sparking_flow to 2024-11-04 00:00:00+00:00, run_after=2024-11-05 00:00:00+00:00
[2024-11-04T18:32:37.359+0000] {processor.py:208} INFO - Processing /opt/airflow/dags/spark_airflow.py took 0.088 seconds
[2024-11-04T18:33:07.455+0000] {processor.py:186} INFO - Started process (PID=76111) to work on /opt/airflow/dags/spark_airflow.py
[2024-11-04T18:33:07.456+0000] {processor.py:914} INFO - Processing file /opt/airflow/dags/spark_airflow.py for tasks to queue
[2024-11-04T18:33:07.457+0000] {logging_mixin.py:190} INFO - [2024-11-04T18:33:07.457+0000] {dagbag.py:588} INFO - Filling up the DagBag from /opt/airflow/dags/spark_airflow.py
[2024-11-04T18:33:07.476+0000] {processor.py:925} INFO - DAG(s) 'sparking_flow' retrieved from /opt/airflow/dags/spark_airflow.py
[2024-11-04T18:33:07.504+0000] {logging_mixin.py:190} INFO - [2024-11-04T18:33:07.504+0000] {dag.py:3239} INFO - Sync 1 DAGs
[2024-11-04T18:33:07.527+0000] {logging_mixin.py:190} INFO - [2024-11-04T18:33:07.527+0000] {dag.py:4180} INFO - Setting next_dagrun for sparking_flow to 2024-11-04 00:00:00+00:00, run_after=2024-11-05 00:00:00+00:00
[2024-11-04T18:33:07.547+0000] {processor.py:208} INFO - Processing /opt/airflow/dags/spark_airflow.py took 0.096 seconds
[2024-11-04T18:33:37.697+0000] {processor.py:186} INFO - Started process (PID=76116) to work on /opt/airflow/dags/spark_airflow.py
[2024-11-04T18:33:37.698+0000] {processor.py:914} INFO - Processing file /opt/airflow/dags/spark_airflow.py for tasks to queue
[2024-11-04T18:33:37.699+0000] {logging_mixin.py:190} INFO - [2024-11-04T18:33:37.699+0000] {dagbag.py:588} INFO - Filling up the DagBag from /opt/airflow/dags/spark_airflow.py
[2024-11-04T18:33:37.719+0000] {processor.py:925} INFO - DAG(s) 'sparking_flow' retrieved from /opt/airflow/dags/spark_airflow.py
[2024-11-04T18:33:37.751+0000] {logging_mixin.py:190} INFO - [2024-11-04T18:33:37.751+0000] {dag.py:3239} INFO - Sync 1 DAGs
[2024-11-04T18:33:37.781+0000] {logging_mixin.py:190} INFO - [2024-11-04T18:33:37.781+0000] {dag.py:4180} INFO - Setting next_dagrun for sparking_flow to 2024-11-04 00:00:00+00:00, run_after=2024-11-05 00:00:00+00:00
[2024-11-04T18:33:37.801+0000] {processor.py:208} INFO - Processing /opt/airflow/dags/spark_airflow.py took 0.110 seconds
[2024-11-04T18:34:07.880+0000] {processor.py:186} INFO - Started process (PID=76121) to work on /opt/airflow/dags/spark_airflow.py
[2024-11-04T18:34:07.881+0000] {processor.py:914} INFO - Processing file /opt/airflow/dags/spark_airflow.py for tasks to queue
[2024-11-04T18:34:07.882+0000] {logging_mixin.py:190} INFO - [2024-11-04T18:34:07.882+0000] {dagbag.py:588} INFO - Filling up the DagBag from /opt/airflow/dags/spark_airflow.py
[2024-11-04T18:34:07.900+0000] {processor.py:925} INFO - DAG(s) 'sparking_flow' retrieved from /opt/airflow/dags/spark_airflow.py
[2024-11-04T18:34:07.926+0000] {logging_mixin.py:190} INFO - [2024-11-04T18:34:07.925+0000] {dag.py:3239} INFO - Sync 1 DAGs
[2024-11-04T18:34:07.948+0000] {logging_mixin.py:190} INFO - [2024-11-04T18:34:07.947+0000] {dag.py:4180} INFO - Setting next_dagrun for sparking_flow to 2024-11-04 00:00:00+00:00, run_after=2024-11-05 00:00:00+00:00
[2024-11-04T18:34:07.964+0000] {processor.py:208} INFO - Processing /opt/airflow/dags/spark_airflow.py took 0.089 seconds
[2024-11-04T18:34:38.147+0000] {processor.py:186} INFO - Started process (PID=76126) to work on /opt/airflow/dags/spark_airflow.py
[2024-11-04T18:34:38.147+0000] {processor.py:914} INFO - Processing file /opt/airflow/dags/spark_airflow.py for tasks to queue
[2024-11-04T18:34:38.148+0000] {logging_mixin.py:190} INFO - [2024-11-04T18:34:38.148+0000] {dagbag.py:588} INFO - Filling up the DagBag from /opt/airflow/dags/spark_airflow.py
[2024-11-04T18:34:38.167+0000] {processor.py:925} INFO - DAG(s) 'sparking_flow' retrieved from /opt/airflow/dags/spark_airflow.py
[2024-11-04T18:34:38.192+0000] {logging_mixin.py:190} INFO - [2024-11-04T18:34:38.192+0000] {dag.py:3239} INFO - Sync 1 DAGs
[2024-11-04T18:34:38.217+0000] {logging_mixin.py:190} INFO - [2024-11-04T18:34:38.216+0000] {dag.py:4180} INFO - Setting next_dagrun for sparking_flow to 2024-11-04 00:00:00+00:00, run_after=2024-11-05 00:00:00+00:00
[2024-11-04T18:34:38.235+0000] {processor.py:208} INFO - Processing /opt/airflow/dags/spark_airflow.py took 0.093 seconds
[2024-11-04T18:35:08.330+0000] {processor.py:186} INFO - Started process (PID=76131) to work on /opt/airflow/dags/spark_airflow.py
[2024-11-04T18:35:08.331+0000] {processor.py:914} INFO - Processing file /opt/airflow/dags/spark_airflow.py for tasks to queue
[2024-11-04T18:35:08.332+0000] {logging_mixin.py:190} INFO - [2024-11-04T18:35:08.332+0000] {dagbag.py:588} INFO - Filling up the DagBag from /opt/airflow/dags/spark_airflow.py
[2024-11-04T18:35:08.351+0000] {processor.py:925} INFO - DAG(s) 'sparking_flow' retrieved from /opt/airflow/dags/spark_airflow.py
[2024-11-04T18:35:08.379+0000] {logging_mixin.py:190} INFO - [2024-11-04T18:35:08.379+0000] {dag.py:3239} INFO - Sync 1 DAGs
[2024-11-04T18:35:08.401+0000] {logging_mixin.py:190} INFO - [2024-11-04T18:35:08.401+0000] {dag.py:4180} INFO - Setting next_dagrun for sparking_flow to 2024-11-04 00:00:00+00:00, run_after=2024-11-05 00:00:00+00:00
[2024-11-04T18:35:08.418+0000] {processor.py:208} INFO - Processing /opt/airflow/dags/spark_airflow.py took 0.095 seconds
[2024-11-04T18:35:38.586+0000] {processor.py:186} INFO - Started process (PID=76136) to work on /opt/airflow/dags/spark_airflow.py
[2024-11-04T18:35:38.587+0000] {processor.py:914} INFO - Processing file /opt/airflow/dags/spark_airflow.py for tasks to queue
[2024-11-04T18:35:38.588+0000] {logging_mixin.py:190} INFO - [2024-11-04T18:35:38.588+0000] {dagbag.py:588} INFO - Filling up the DagBag from /opt/airflow/dags/spark_airflow.py
[2024-11-04T18:35:38.605+0000] {processor.py:925} INFO - DAG(s) 'sparking_flow' retrieved from /opt/airflow/dags/spark_airflow.py
[2024-11-04T18:35:38.628+0000] {logging_mixin.py:190} INFO - [2024-11-04T18:35:38.627+0000] {dag.py:3239} INFO - Sync 1 DAGs
[2024-11-04T18:35:38.648+0000] {logging_mixin.py:190} INFO - [2024-11-04T18:35:38.648+0000] {dag.py:4180} INFO - Setting next_dagrun for sparking_flow to 2024-11-04 00:00:00+00:00, run_after=2024-11-05 00:00:00+00:00
[2024-11-04T18:35:38.665+0000] {processor.py:208} INFO - Processing /opt/airflow/dags/spark_airflow.py took 0.083 seconds
[2024-11-04T18:36:08.759+0000] {processor.py:186} INFO - Started process (PID=76141) to work on /opt/airflow/dags/spark_airflow.py
[2024-11-04T18:36:08.760+0000] {processor.py:914} INFO - Processing file /opt/airflow/dags/spark_airflow.py for tasks to queue
[2024-11-04T18:36:08.762+0000] {logging_mixin.py:190} INFO - [2024-11-04T18:36:08.761+0000] {dagbag.py:588} INFO - Filling up the DagBag from /opt/airflow/dags/spark_airflow.py
[2024-11-04T18:36:08.783+0000] {processor.py:925} INFO - DAG(s) 'sparking_flow' retrieved from /opt/airflow/dags/spark_airflow.py
[2024-11-04T18:36:08.812+0000] {logging_mixin.py:190} INFO - [2024-11-04T18:36:08.811+0000] {dag.py:3239} INFO - Sync 1 DAGs
[2024-11-04T18:36:08.837+0000] {logging_mixin.py:190} INFO - [2024-11-04T18:36:08.837+0000] {dag.py:4180} INFO - Setting next_dagrun for sparking_flow to 2024-11-04 00:00:00+00:00, run_after=2024-11-05 00:00:00+00:00
[2024-11-04T18:36:08.855+0000] {processor.py:208} INFO - Processing /opt/airflow/dags/spark_airflow.py took 0.102 seconds
[2024-11-04T18:36:38.976+0000] {processor.py:186} INFO - Started process (PID=76146) to work on /opt/airflow/dags/spark_airflow.py
[2024-11-04T18:36:38.977+0000] {processor.py:914} INFO - Processing file /opt/airflow/dags/spark_airflow.py for tasks to queue
[2024-11-04T18:36:38.978+0000] {logging_mixin.py:190} INFO - [2024-11-04T18:36:38.978+0000] {dagbag.py:588} INFO - Filling up the DagBag from /opt/airflow/dags/spark_airflow.py
[2024-11-04T18:36:38.996+0000] {processor.py:925} INFO - DAG(s) 'sparking_flow' retrieved from /opt/airflow/dags/spark_airflow.py
[2024-11-04T18:36:39.020+0000] {logging_mixin.py:190} INFO - [2024-11-04T18:36:39.020+0000] {dag.py:3239} INFO - Sync 1 DAGs
[2024-11-04T18:36:39.042+0000] {logging_mixin.py:190} INFO - [2024-11-04T18:36:39.042+0000] {dag.py:4180} INFO - Setting next_dagrun for sparking_flow to 2024-11-04 00:00:00+00:00, run_after=2024-11-05 00:00:00+00:00
[2024-11-04T18:36:39.058+0000] {processor.py:208} INFO - Processing /opt/airflow/dags/spark_airflow.py took 0.087 seconds
[2024-11-04T18:37:09.170+0000] {processor.py:186} INFO - Started process (PID=76151) to work on /opt/airflow/dags/spark_airflow.py
[2024-11-04T18:37:09.170+0000] {processor.py:914} INFO - Processing file /opt/airflow/dags/spark_airflow.py for tasks to queue
[2024-11-04T18:37:09.172+0000] {logging_mixin.py:190} INFO - [2024-11-04T18:37:09.171+0000] {dagbag.py:588} INFO - Filling up the DagBag from /opt/airflow/dags/spark_airflow.py
[2024-11-04T18:37:09.189+0000] {processor.py:925} INFO - DAG(s) 'sparking_flow' retrieved from /opt/airflow/dags/spark_airflow.py
[2024-11-04T18:37:09.211+0000] {logging_mixin.py:190} INFO - [2024-11-04T18:37:09.211+0000] {dag.py:3239} INFO - Sync 1 DAGs
[2024-11-04T18:37:09.233+0000] {logging_mixin.py:190} INFO - [2024-11-04T18:37:09.232+0000] {dag.py:4180} INFO - Setting next_dagrun for sparking_flow to 2024-11-04 00:00:00+00:00, run_after=2024-11-05 00:00:00+00:00
[2024-11-04T18:37:09.249+0000] {processor.py:208} INFO - Processing /opt/airflow/dags/spark_airflow.py took 0.084 seconds
[2024-11-04T18:37:39.372+0000] {processor.py:186} INFO - Started process (PID=76156) to work on /opt/airflow/dags/spark_airflow.py
[2024-11-04T18:37:39.373+0000] {processor.py:914} INFO - Processing file /opt/airflow/dags/spark_airflow.py for tasks to queue
[2024-11-04T18:37:39.374+0000] {logging_mixin.py:190} INFO - [2024-11-04T18:37:39.374+0000] {dagbag.py:588} INFO - Filling up the DagBag from /opt/airflow/dags/spark_airflow.py
[2024-11-04T18:37:39.393+0000] {processor.py:925} INFO - DAG(s) 'sparking_flow' retrieved from /opt/airflow/dags/spark_airflow.py
[2024-11-04T18:37:39.417+0000] {logging_mixin.py:190} INFO - [2024-11-04T18:37:39.417+0000] {dag.py:3239} INFO - Sync 1 DAGs
[2024-11-04T18:37:39.438+0000] {logging_mixin.py:190} INFO - [2024-11-04T18:37:39.438+0000] {dag.py:4180} INFO - Setting next_dagrun for sparking_flow to 2024-11-04 00:00:00+00:00, run_after=2024-11-05 00:00:00+00:00
[2024-11-04T18:37:39.455+0000] {processor.py:208} INFO - Processing /opt/airflow/dags/spark_airflow.py took 0.087 seconds
[2024-11-04T18:38:09.564+0000] {processor.py:186} INFO - Started process (PID=76161) to work on /opt/airflow/dags/spark_airflow.py
[2024-11-04T18:38:09.565+0000] {processor.py:914} INFO - Processing file /opt/airflow/dags/spark_airflow.py for tasks to queue
[2024-11-04T18:38:09.566+0000] {logging_mixin.py:190} INFO - [2024-11-04T18:38:09.565+0000] {dagbag.py:588} INFO - Filling up the DagBag from /opt/airflow/dags/spark_airflow.py
[2024-11-04T18:38:09.583+0000] {processor.py:925} INFO - DAG(s) 'sparking_flow' retrieved from /opt/airflow/dags/spark_airflow.py
[2024-11-04T18:38:09.606+0000] {logging_mixin.py:190} INFO - [2024-11-04T18:38:09.606+0000] {dag.py:3239} INFO - Sync 1 DAGs
[2024-11-04T18:38:09.627+0000] {logging_mixin.py:190} INFO - [2024-11-04T18:38:09.627+0000] {dag.py:4180} INFO - Setting next_dagrun for sparking_flow to 2024-11-04 00:00:00+00:00, run_after=2024-11-05 00:00:00+00:00
[2024-11-04T18:38:09.644+0000] {processor.py:208} INFO - Processing /opt/airflow/dags/spark_airflow.py took 0.085 seconds
[2024-11-04T18:38:39.771+0000] {processor.py:186} INFO - Started process (PID=76166) to work on /opt/airflow/dags/spark_airflow.py
[2024-11-04T18:38:39.772+0000] {processor.py:914} INFO - Processing file /opt/airflow/dags/spark_airflow.py for tasks to queue
[2024-11-04T18:38:39.773+0000] {logging_mixin.py:190} INFO - [2024-11-04T18:38:39.773+0000] {dagbag.py:588} INFO - Filling up the DagBag from /opt/airflow/dags/spark_airflow.py
[2024-11-04T18:38:39.790+0000] {processor.py:925} INFO - DAG(s) 'sparking_flow' retrieved from /opt/airflow/dags/spark_airflow.py
[2024-11-04T18:38:39.815+0000] {logging_mixin.py:190} INFO - [2024-11-04T18:38:39.814+0000] {dag.py:3239} INFO - Sync 1 DAGs
[2024-11-04T18:38:39.837+0000] {logging_mixin.py:190} INFO - [2024-11-04T18:38:39.837+0000] {dag.py:4180} INFO - Setting next_dagrun for sparking_flow to 2024-11-04 00:00:00+00:00, run_after=2024-11-05 00:00:00+00:00
[2024-11-04T18:38:39.852+0000] {processor.py:208} INFO - Processing /opt/airflow/dags/spark_airflow.py took 0.086 seconds
[2024-11-04T18:39:09.960+0000] {processor.py:186} INFO - Started process (PID=76171) to work on /opt/airflow/dags/spark_airflow.py
[2024-11-04T18:39:09.961+0000] {processor.py:914} INFO - Processing file /opt/airflow/dags/spark_airflow.py for tasks to queue
[2024-11-04T18:39:09.962+0000] {logging_mixin.py:190} INFO - [2024-11-04T18:39:09.962+0000] {dagbag.py:588} INFO - Filling up the DagBag from /opt/airflow/dags/spark_airflow.py
[2024-11-04T18:39:09.980+0000] {processor.py:925} INFO - DAG(s) 'sparking_flow' retrieved from /opt/airflow/dags/spark_airflow.py
[2024-11-04T18:39:10.004+0000] {logging_mixin.py:190} INFO - [2024-11-04T18:39:10.004+0000] {dag.py:3239} INFO - Sync 1 DAGs
[2024-11-04T18:39:10.024+0000] {logging_mixin.py:190} INFO - [2024-11-04T18:39:10.024+0000] {dag.py:4180} INFO - Setting next_dagrun for sparking_flow to 2024-11-04 00:00:00+00:00, run_after=2024-11-05 00:00:00+00:00
[2024-11-04T18:39:10.040+0000] {processor.py:208} INFO - Processing /opt/airflow/dags/spark_airflow.py took 0.084 seconds
[2024-11-04T18:39:40.168+0000] {processor.py:186} INFO - Started process (PID=76176) to work on /opt/airflow/dags/spark_airflow.py
[2024-11-04T18:39:40.168+0000] {processor.py:914} INFO - Processing file /opt/airflow/dags/spark_airflow.py for tasks to queue
[2024-11-04T18:39:40.169+0000] {logging_mixin.py:190} INFO - [2024-11-04T18:39:40.169+0000] {dagbag.py:588} INFO - Filling up the DagBag from /opt/airflow/dags/spark_airflow.py
[2024-11-04T18:39:40.187+0000] {processor.py:925} INFO - DAG(s) 'sparking_flow' retrieved from /opt/airflow/dags/spark_airflow.py
[2024-11-04T18:39:40.211+0000] {logging_mixin.py:190} INFO - [2024-11-04T18:39:40.211+0000] {dag.py:3239} INFO - Sync 1 DAGs
[2024-11-04T18:39:40.233+0000] {logging_mixin.py:190} INFO - [2024-11-04T18:39:40.233+0000] {dag.py:4180} INFO - Setting next_dagrun for sparking_flow to 2024-11-04 00:00:00+00:00, run_after=2024-11-05 00:00:00+00:00
[2024-11-04T18:39:40.249+0000] {processor.py:208} INFO - Processing /opt/airflow/dags/spark_airflow.py took 0.086 seconds
[2024-11-04T18:40:10.350+0000] {processor.py:186} INFO - Started process (PID=76181) to work on /opt/airflow/dags/spark_airflow.py
[2024-11-04T18:40:10.350+0000] {processor.py:914} INFO - Processing file /opt/airflow/dags/spark_airflow.py for tasks to queue
[2024-11-04T18:40:10.351+0000] {logging_mixin.py:190} INFO - [2024-11-04T18:40:10.351+0000] {dagbag.py:588} INFO - Filling up the DagBag from /opt/airflow/dags/spark_airflow.py
[2024-11-04T18:40:10.369+0000] {processor.py:925} INFO - DAG(s) 'sparking_flow' retrieved from /opt/airflow/dags/spark_airflow.py
[2024-11-04T18:40:10.394+0000] {logging_mixin.py:190} INFO - [2024-11-04T18:40:10.394+0000] {dag.py:3239} INFO - Sync 1 DAGs
[2024-11-04T18:40:10.415+0000] {logging_mixin.py:190} INFO - [2024-11-04T18:40:10.415+0000] {dag.py:4180} INFO - Setting next_dagrun for sparking_flow to 2024-11-04 00:00:00+00:00, run_after=2024-11-05 00:00:00+00:00
[2024-11-04T18:40:10.435+0000] {processor.py:208} INFO - Processing /opt/airflow/dags/spark_airflow.py took 0.090 seconds
[2024-11-04T18:40:40.562+0000] {processor.py:186} INFO - Started process (PID=76186) to work on /opt/airflow/dags/spark_airflow.py
[2024-11-04T18:40:40.563+0000] {processor.py:914} INFO - Processing file /opt/airflow/dags/spark_airflow.py for tasks to queue
[2024-11-04T18:40:40.564+0000] {logging_mixin.py:190} INFO - [2024-11-04T18:40:40.563+0000] {dagbag.py:588} INFO - Filling up the DagBag from /opt/airflow/dags/spark_airflow.py
[2024-11-04T18:40:40.581+0000] {processor.py:925} INFO - DAG(s) 'sparking_flow' retrieved from /opt/airflow/dags/spark_airflow.py
[2024-11-04T18:40:40.605+0000] {logging_mixin.py:190} INFO - [2024-11-04T18:40:40.604+0000] {dag.py:3239} INFO - Sync 1 DAGs
[2024-11-04T18:40:40.625+0000] {logging_mixin.py:190} INFO - [2024-11-04T18:40:40.625+0000] {dag.py:4180} INFO - Setting next_dagrun for sparking_flow to 2024-11-04 00:00:00+00:00, run_after=2024-11-05 00:00:00+00:00
[2024-11-04T18:40:40.642+0000] {processor.py:208} INFO - Processing /opt/airflow/dags/spark_airflow.py took 0.084 seconds
[2024-11-04T18:41:10.770+0000] {processor.py:186} INFO - Started process (PID=76191) to work on /opt/airflow/dags/spark_airflow.py
[2024-11-04T18:41:10.770+0000] {processor.py:914} INFO - Processing file /opt/airflow/dags/spark_airflow.py for tasks to queue
[2024-11-04T18:41:10.772+0000] {logging_mixin.py:190} INFO - [2024-11-04T18:41:10.771+0000] {dagbag.py:588} INFO - Filling up the DagBag from /opt/airflow/dags/spark_airflow.py
[2024-11-04T18:41:10.789+0000] {processor.py:925} INFO - DAG(s) 'sparking_flow' retrieved from /opt/airflow/dags/spark_airflow.py
[2024-11-04T18:41:10.813+0000] {logging_mixin.py:190} INFO - [2024-11-04T18:41:10.813+0000] {dag.py:3239} INFO - Sync 1 DAGs
[2024-11-04T18:41:10.836+0000] {logging_mixin.py:190} INFO - [2024-11-04T18:41:10.836+0000] {dag.py:4180} INFO - Setting next_dagrun for sparking_flow to 2024-11-04 00:00:00+00:00, run_after=2024-11-05 00:00:00+00:00
[2024-11-04T18:41:10.854+0000] {processor.py:208} INFO - Processing /opt/airflow/dags/spark_airflow.py took 0.089 seconds
[2024-11-04T18:41:40.962+0000] {processor.py:186} INFO - Started process (PID=76196) to work on /opt/airflow/dags/spark_airflow.py
[2024-11-04T18:41:40.963+0000] {processor.py:914} INFO - Processing file /opt/airflow/dags/spark_airflow.py for tasks to queue
[2024-11-04T18:41:40.964+0000] {logging_mixin.py:190} INFO - [2024-11-04T18:41:40.963+0000] {dagbag.py:588} INFO - Filling up the DagBag from /opt/airflow/dags/spark_airflow.py
[2024-11-04T18:41:40.981+0000] {processor.py:925} INFO - DAG(s) 'sparking_flow' retrieved from /opt/airflow/dags/spark_airflow.py
[2024-11-04T18:41:41.004+0000] {logging_mixin.py:190} INFO - [2024-11-04T18:41:41.004+0000] {dag.py:3239} INFO - Sync 1 DAGs
[2024-11-04T18:41:41.025+0000] {logging_mixin.py:190} INFO - [2024-11-04T18:41:41.024+0000] {dag.py:4180} INFO - Setting next_dagrun for sparking_flow to 2024-11-04 00:00:00+00:00, run_after=2024-11-05 00:00:00+00:00
[2024-11-04T18:41:41.040+0000] {processor.py:208} INFO - Processing /opt/airflow/dags/spark_airflow.py took 0.083 seconds
[2024-11-04T18:42:11.169+0000] {processor.py:186} INFO - Started process (PID=76201) to work on /opt/airflow/dags/spark_airflow.py
[2024-11-04T18:42:11.170+0000] {processor.py:914} INFO - Processing file /opt/airflow/dags/spark_airflow.py for tasks to queue
[2024-11-04T18:42:11.171+0000] {logging_mixin.py:190} INFO - [2024-11-04T18:42:11.171+0000] {dagbag.py:588} INFO - Filling up the DagBag from /opt/airflow/dags/spark_airflow.py
[2024-11-04T18:42:11.188+0000] {processor.py:925} INFO - DAG(s) 'sparking_flow' retrieved from /opt/airflow/dags/spark_airflow.py
[2024-11-04T18:42:11.212+0000] {logging_mixin.py:190} INFO - [2024-11-04T18:42:11.212+0000] {dag.py:3239} INFO - Sync 1 DAGs
[2024-11-04T18:42:11.233+0000] {logging_mixin.py:190} INFO - [2024-11-04T18:42:11.233+0000] {dag.py:4180} INFO - Setting next_dagrun for sparking_flow to 2024-11-04 00:00:00+00:00, run_after=2024-11-05 00:00:00+00:00
[2024-11-04T18:42:11.250+0000] {processor.py:208} INFO - Processing /opt/airflow/dags/spark_airflow.py took 0.086 seconds
[2024-11-04T18:42:41.353+0000] {processor.py:186} INFO - Started process (PID=76206) to work on /opt/airflow/dags/spark_airflow.py
[2024-11-04T18:42:41.353+0000] {processor.py:914} INFO - Processing file /opt/airflow/dags/spark_airflow.py for tasks to queue
[2024-11-04T18:42:41.354+0000] {logging_mixin.py:190} INFO - [2024-11-04T18:42:41.354+0000] {dagbag.py:588} INFO - Filling up the DagBag from /opt/airflow/dags/spark_airflow.py
[2024-11-04T18:42:41.372+0000] {processor.py:925} INFO - DAG(s) 'sparking_flow' retrieved from /opt/airflow/dags/spark_airflow.py
[2024-11-04T18:42:41.397+0000] {logging_mixin.py:190} INFO - [2024-11-04T18:42:41.396+0000] {dag.py:3239} INFO - Sync 1 DAGs
[2024-11-04T18:42:41.418+0000] {logging_mixin.py:190} INFO - [2024-11-04T18:42:41.418+0000] {dag.py:4180} INFO - Setting next_dagrun for sparking_flow to 2024-11-04 00:00:00+00:00, run_after=2024-11-05 00:00:00+00:00
[2024-11-04T18:42:41.434+0000] {processor.py:208} INFO - Processing /opt/airflow/dags/spark_airflow.py took 0.086 seconds
[2024-11-04T18:43:11.561+0000] {processor.py:186} INFO - Started process (PID=76211) to work on /opt/airflow/dags/spark_airflow.py
[2024-11-04T18:43:11.562+0000] {processor.py:914} INFO - Processing file /opt/airflow/dags/spark_airflow.py for tasks to queue
[2024-11-04T18:43:11.563+0000] {logging_mixin.py:190} INFO - [2024-11-04T18:43:11.562+0000] {dagbag.py:588} INFO - Filling up the DagBag from /opt/airflow/dags/spark_airflow.py
[2024-11-04T18:43:11.580+0000] {processor.py:925} INFO - DAG(s) 'sparking_flow' retrieved from /opt/airflow/dags/spark_airflow.py
[2024-11-04T18:43:11.603+0000] {logging_mixin.py:190} INFO - [2024-11-04T18:43:11.603+0000] {dag.py:3239} INFO - Sync 1 DAGs
[2024-11-04T18:43:11.624+0000] {logging_mixin.py:190} INFO - [2024-11-04T18:43:11.624+0000] {dag.py:4180} INFO - Setting next_dagrun for sparking_flow to 2024-11-04 00:00:00+00:00, run_after=2024-11-05 00:00:00+00:00
[2024-11-04T18:43:11.640+0000] {processor.py:208} INFO - Processing /opt/airflow/dags/spark_airflow.py took 0.083 seconds
[2024-11-04T18:43:41.746+0000] {processor.py:186} INFO - Started process (PID=76216) to work on /opt/airflow/dags/spark_airflow.py
[2024-11-04T18:43:41.747+0000] {processor.py:914} INFO - Processing file /opt/airflow/dags/spark_airflow.py for tasks to queue
[2024-11-04T18:43:41.748+0000] {logging_mixin.py:190} INFO - [2024-11-04T18:43:41.747+0000] {dagbag.py:588} INFO - Filling up the DagBag from /opt/airflow/dags/spark_airflow.py
[2024-11-04T18:43:41.765+0000] {processor.py:925} INFO - DAG(s) 'sparking_flow' retrieved from /opt/airflow/dags/spark_airflow.py
[2024-11-04T18:43:41.789+0000] {logging_mixin.py:190} INFO - [2024-11-04T18:43:41.789+0000] {dag.py:3239} INFO - Sync 1 DAGs
[2024-11-04T18:43:41.811+0000] {logging_mixin.py:190} INFO - [2024-11-04T18:43:41.811+0000] {dag.py:4180} INFO - Setting next_dagrun for sparking_flow to 2024-11-04 00:00:00+00:00, run_after=2024-11-05 00:00:00+00:00
[2024-11-04T18:43:41.829+0000] {processor.py:208} INFO - Processing /opt/airflow/dags/spark_airflow.py took 0.088 seconds
[2024-11-04T18:44:11.950+0000] {processor.py:186} INFO - Started process (PID=76221) to work on /opt/airflow/dags/spark_airflow.py
[2024-11-04T18:44:11.951+0000] {processor.py:914} INFO - Processing file /opt/airflow/dags/spark_airflow.py for tasks to queue
[2024-11-04T18:44:11.952+0000] {logging_mixin.py:190} INFO - [2024-11-04T18:44:11.952+0000] {dagbag.py:588} INFO - Filling up the DagBag from /opt/airflow/dags/spark_airflow.py
[2024-11-04T18:44:11.969+0000] {processor.py:925} INFO - DAG(s) 'sparking_flow' retrieved from /opt/airflow/dags/spark_airflow.py
[2024-11-04T18:44:11.994+0000] {logging_mixin.py:190} INFO - [2024-11-04T18:44:11.994+0000] {dag.py:3239} INFO - Sync 1 DAGs
[2024-11-04T18:44:12.017+0000] {logging_mixin.py:190} INFO - [2024-11-04T18:44:12.017+0000] {dag.py:4180} INFO - Setting next_dagrun for sparking_flow to 2024-11-04 00:00:00+00:00, run_after=2024-11-05 00:00:00+00:00
[2024-11-04T18:44:12.034+0000] {processor.py:208} INFO - Processing /opt/airflow/dags/spark_airflow.py took 0.090 seconds
[2024-11-04T18:44:42.142+0000] {processor.py:186} INFO - Started process (PID=76226) to work on /opt/airflow/dags/spark_airflow.py
[2024-11-04T18:44:42.143+0000] {processor.py:914} INFO - Processing file /opt/airflow/dags/spark_airflow.py for tasks to queue
[2024-11-04T18:44:42.144+0000] {logging_mixin.py:190} INFO - [2024-11-04T18:44:42.143+0000] {dagbag.py:588} INFO - Filling up the DagBag from /opt/airflow/dags/spark_airflow.py
[2024-11-04T18:44:42.161+0000] {processor.py:925} INFO - DAG(s) 'sparking_flow' retrieved from /opt/airflow/dags/spark_airflow.py
[2024-11-04T18:44:42.187+0000] {logging_mixin.py:190} INFO - [2024-11-04T18:44:42.187+0000] {dag.py:3239} INFO - Sync 1 DAGs
[2024-11-04T18:44:42.208+0000] {logging_mixin.py:190} INFO - [2024-11-04T18:44:42.208+0000] {dag.py:4180} INFO - Setting next_dagrun for sparking_flow to 2024-11-04 00:00:00+00:00, run_after=2024-11-05 00:00:00+00:00
[2024-11-04T18:44:42.226+0000] {processor.py:208} INFO - Processing /opt/airflow/dags/spark_airflow.py took 0.088 seconds
[2024-11-04T18:45:12.350+0000] {processor.py:186} INFO - Started process (PID=76231) to work on /opt/airflow/dags/spark_airflow.py
[2024-11-04T18:45:12.351+0000] {processor.py:914} INFO - Processing file /opt/airflow/dags/spark_airflow.py for tasks to queue
[2024-11-04T18:45:12.352+0000] {logging_mixin.py:190} INFO - [2024-11-04T18:45:12.352+0000] {dagbag.py:588} INFO - Filling up the DagBag from /opt/airflow/dags/spark_airflow.py
[2024-11-04T18:45:12.371+0000] {processor.py:925} INFO - DAG(s) 'sparking_flow' retrieved from /opt/airflow/dags/spark_airflow.py
[2024-11-04T18:45:12.397+0000] {logging_mixin.py:190} INFO - [2024-11-04T18:45:12.397+0000] {dag.py:3239} INFO - Sync 1 DAGs
[2024-11-04T18:45:12.421+0000] {logging_mixin.py:190} INFO - [2024-11-04T18:45:12.421+0000] {dag.py:4180} INFO - Setting next_dagrun for sparking_flow to 2024-11-04 00:00:00+00:00, run_after=2024-11-05 00:00:00+00:00
[2024-11-04T18:45:12.436+0000] {processor.py:208} INFO - Processing /opt/airflow/dags/spark_airflow.py took 0.091 seconds
[2024-11-04T18:45:42.563+0000] {processor.py:186} INFO - Started process (PID=76236) to work on /opt/airflow/dags/spark_airflow.py
[2024-11-04T18:45:42.563+0000] {processor.py:914} INFO - Processing file /opt/airflow/dags/spark_airflow.py for tasks to queue
[2024-11-04T18:45:42.565+0000] {logging_mixin.py:190} INFO - [2024-11-04T18:45:42.564+0000] {dagbag.py:588} INFO - Filling up the DagBag from /opt/airflow/dags/spark_airflow.py
[2024-11-04T18:45:42.582+0000] {processor.py:925} INFO - DAG(s) 'sparking_flow' retrieved from /opt/airflow/dags/spark_airflow.py
[2024-11-04T18:45:42.607+0000] {logging_mixin.py:190} INFO - [2024-11-04T18:45:42.606+0000] {dag.py:3239} INFO - Sync 1 DAGs
[2024-11-04T18:45:42.628+0000] {logging_mixin.py:190} INFO - [2024-11-04T18:45:42.628+0000] {dag.py:4180} INFO - Setting next_dagrun for sparking_flow to 2024-11-04 00:00:00+00:00, run_after=2024-11-05 00:00:00+00:00
[2024-11-04T18:45:42.644+0000] {processor.py:208} INFO - Processing /opt/airflow/dags/spark_airflow.py took 0.087 seconds
[2024-11-04T18:46:12.748+0000] {processor.py:186} INFO - Started process (PID=76241) to work on /opt/airflow/dags/spark_airflow.py
[2024-11-04T18:46:12.749+0000] {processor.py:914} INFO - Processing file /opt/airflow/dags/spark_airflow.py for tasks to queue
[2024-11-04T18:46:12.750+0000] {logging_mixin.py:190} INFO - [2024-11-04T18:46:12.750+0000] {dagbag.py:588} INFO - Filling up the DagBag from /opt/airflow/dags/spark_airflow.py
[2024-11-04T18:46:12.767+0000] {processor.py:925} INFO - DAG(s) 'sparking_flow' retrieved from /opt/airflow/dags/spark_airflow.py
[2024-11-04T18:46:12.790+0000] {logging_mixin.py:190} INFO - [2024-11-04T18:46:12.790+0000] {dag.py:3239} INFO - Sync 1 DAGs
[2024-11-04T18:46:12.810+0000] {logging_mixin.py:190} INFO - [2024-11-04T18:46:12.809+0000] {dag.py:4180} INFO - Setting next_dagrun for sparking_flow to 2024-11-04 00:00:00+00:00, run_after=2024-11-05 00:00:00+00:00
[2024-11-04T18:46:12.825+0000] {processor.py:208} INFO - Processing /opt/airflow/dags/spark_airflow.py took 0.082 seconds
[2024-11-04T18:46:42.954+0000] {processor.py:186} INFO - Started process (PID=76246) to work on /opt/airflow/dags/spark_airflow.py
[2024-11-04T18:46:42.955+0000] {processor.py:914} INFO - Processing file /opt/airflow/dags/spark_airflow.py for tasks to queue
[2024-11-04T18:46:42.956+0000] {logging_mixin.py:190} INFO - [2024-11-04T18:46:42.956+0000] {dagbag.py:588} INFO - Filling up the DagBag from /opt/airflow/dags/spark_airflow.py
[2024-11-04T18:46:42.973+0000] {processor.py:925} INFO - DAG(s) 'sparking_flow' retrieved from /opt/airflow/dags/spark_airflow.py
[2024-11-04T18:46:42.996+0000] {logging_mixin.py:190} INFO - [2024-11-04T18:46:42.996+0000] {dag.py:3239} INFO - Sync 1 DAGs
[2024-11-04T18:46:43.017+0000] {logging_mixin.py:190} INFO - [2024-11-04T18:46:43.017+0000] {dag.py:4180} INFO - Setting next_dagrun for sparking_flow to 2024-11-04 00:00:00+00:00, run_after=2024-11-05 00:00:00+00:00
[2024-11-04T18:46:43.033+0000] {processor.py:208} INFO - Processing /opt/airflow/dags/spark_airflow.py took 0.084 seconds
[2024-11-04T18:47:13.136+0000] {processor.py:186} INFO - Started process (PID=76251) to work on /opt/airflow/dags/spark_airflow.py
[2024-11-04T18:47:13.137+0000] {processor.py:914} INFO - Processing file /opt/airflow/dags/spark_airflow.py for tasks to queue
[2024-11-04T18:47:13.138+0000] {logging_mixin.py:190} INFO - [2024-11-04T18:47:13.138+0000] {dagbag.py:588} INFO - Filling up the DagBag from /opt/airflow/dags/spark_airflow.py
[2024-11-04T18:47:13.156+0000] {processor.py:925} INFO - DAG(s) 'sparking_flow' retrieved from /opt/airflow/dags/spark_airflow.py
[2024-11-04T18:47:13.179+0000] {logging_mixin.py:190} INFO - [2024-11-04T18:47:13.178+0000] {dag.py:3239} INFO - Sync 1 DAGs
[2024-11-04T18:47:13.199+0000] {logging_mixin.py:190} INFO - [2024-11-04T18:47:13.199+0000] {dag.py:4180} INFO - Setting next_dagrun for sparking_flow to 2024-11-04 00:00:00+00:00, run_after=2024-11-05 00:00:00+00:00
[2024-11-04T18:47:13.217+0000] {processor.py:208} INFO - Processing /opt/airflow/dags/spark_airflow.py took 0.085 seconds
[2024-11-04T18:47:43.349+0000] {processor.py:186} INFO - Started process (PID=76256) to work on /opt/airflow/dags/spark_airflow.py
[2024-11-04T18:47:43.350+0000] {processor.py:914} INFO - Processing file /opt/airflow/dags/spark_airflow.py for tasks to queue
[2024-11-04T18:47:43.351+0000] {logging_mixin.py:190} INFO - [2024-11-04T18:47:43.351+0000] {dagbag.py:588} INFO - Filling up the DagBag from /opt/airflow/dags/spark_airflow.py
[2024-11-04T18:47:43.368+0000] {processor.py:925} INFO - DAG(s) 'sparking_flow' retrieved from /opt/airflow/dags/spark_airflow.py
[2024-11-04T18:47:43.390+0000] {logging_mixin.py:190} INFO - [2024-11-04T18:47:43.390+0000] {dag.py:3239} INFO - Sync 1 DAGs
[2024-11-04T18:47:43.410+0000] {logging_mixin.py:190} INFO - [2024-11-04T18:47:43.410+0000] {dag.py:4180} INFO - Setting next_dagrun for sparking_flow to 2024-11-04 00:00:00+00:00, run_after=2024-11-05 00:00:00+00:00
[2024-11-04T18:47:43.428+0000] {processor.py:208} INFO - Processing /opt/airflow/dags/spark_airflow.py took 0.083 seconds
[2024-11-04T18:48:13.530+0000] {processor.py:186} INFO - Started process (PID=76261) to work on /opt/airflow/dags/spark_airflow.py
[2024-11-04T18:48:13.531+0000] {processor.py:914} INFO - Processing file /opt/airflow/dags/spark_airflow.py for tasks to queue
[2024-11-04T18:48:13.532+0000] {logging_mixin.py:190} INFO - [2024-11-04T18:48:13.531+0000] {dagbag.py:588} INFO - Filling up the DagBag from /opt/airflow/dags/spark_airflow.py
[2024-11-04T18:48:13.549+0000] {processor.py:925} INFO - DAG(s) 'sparking_flow' retrieved from /opt/airflow/dags/spark_airflow.py
[2024-11-04T18:48:13.574+0000] {logging_mixin.py:190} INFO - [2024-11-04T18:48:13.574+0000] {dag.py:3239} INFO - Sync 1 DAGs
[2024-11-04T18:48:13.594+0000] {logging_mixin.py:190} INFO - [2024-11-04T18:48:13.594+0000] {dag.py:4180} INFO - Setting next_dagrun for sparking_flow to 2024-11-04 00:00:00+00:00, run_after=2024-11-05 00:00:00+00:00
[2024-11-04T18:48:13.610+0000] {processor.py:208} INFO - Processing /opt/airflow/dags/spark_airflow.py took 0.085 seconds
[2024-11-04T18:48:43.747+0000] {processor.py:186} INFO - Started process (PID=76266) to work on /opt/airflow/dags/spark_airflow.py
[2024-11-04T18:48:43.748+0000] {processor.py:914} INFO - Processing file /opt/airflow/dags/spark_airflow.py for tasks to queue
[2024-11-04T18:48:43.749+0000] {logging_mixin.py:190} INFO - [2024-11-04T18:48:43.749+0000] {dagbag.py:588} INFO - Filling up the DagBag from /opt/airflow/dags/spark_airflow.py
[2024-11-04T18:48:43.768+0000] {processor.py:925} INFO - DAG(s) 'sparking_flow' retrieved from /opt/airflow/dags/spark_airflow.py
[2024-11-04T18:48:43.793+0000] {logging_mixin.py:190} INFO - [2024-11-04T18:48:43.793+0000] {dag.py:3239} INFO - Sync 1 DAGs
[2024-11-04T18:48:43.813+0000] {logging_mixin.py:190} INFO - [2024-11-04T18:48:43.812+0000] {dag.py:4180} INFO - Setting next_dagrun for sparking_flow to 2024-11-04 00:00:00+00:00, run_after=2024-11-05 00:00:00+00:00
[2024-11-04T18:48:43.828+0000] {processor.py:208} INFO - Processing /opt/airflow/dags/spark_airflow.py took 0.086 seconds
[2024-11-04T18:49:13.936+0000] {processor.py:186} INFO - Started process (PID=76271) to work on /opt/airflow/dags/spark_airflow.py
[2024-11-04T18:49:13.936+0000] {processor.py:914} INFO - Processing file /opt/airflow/dags/spark_airflow.py for tasks to queue
[2024-11-04T18:49:13.938+0000] {logging_mixin.py:190} INFO - [2024-11-04T18:49:13.938+0000] {dagbag.py:588} INFO - Filling up the DagBag from /opt/airflow/dags/spark_airflow.py
[2024-11-04T18:49:13.955+0000] {processor.py:925} INFO - DAG(s) 'sparking_flow' retrieved from /opt/airflow/dags/spark_airflow.py
[2024-11-04T18:49:13.978+0000] {logging_mixin.py:190} INFO - [2024-11-04T18:49:13.978+0000] {dag.py:3239} INFO - Sync 1 DAGs
[2024-11-04T18:49:13.998+0000] {logging_mixin.py:190} INFO - [2024-11-04T18:49:13.998+0000] {dag.py:4180} INFO - Setting next_dagrun for sparking_flow to 2024-11-04 00:00:00+00:00, run_after=2024-11-05 00:00:00+00:00
[2024-11-04T18:49:14.015+0000] {processor.py:208} INFO - Processing /opt/airflow/dags/spark_airflow.py took 0.083 seconds
[2024-11-04T18:49:44.166+0000] {processor.py:186} INFO - Started process (PID=76276) to work on /opt/airflow/dags/spark_airflow.py
[2024-11-04T18:49:44.167+0000] {processor.py:914} INFO - Processing file /opt/airflow/dags/spark_airflow.py for tasks to queue
[2024-11-04T18:49:44.168+0000] {logging_mixin.py:190} INFO - [2024-11-04T18:49:44.168+0000] {dagbag.py:588} INFO - Filling up the DagBag from /opt/airflow/dags/spark_airflow.py
[2024-11-04T18:49:44.185+0000] {processor.py:925} INFO - DAG(s) 'sparking_flow' retrieved from /opt/airflow/dags/spark_airflow.py
[2024-11-04T18:49:44.209+0000] {logging_mixin.py:190} INFO - [2024-11-04T18:49:44.208+0000] {dag.py:3239} INFO - Sync 1 DAGs
[2024-11-04T18:49:44.231+0000] {logging_mixin.py:190} INFO - [2024-11-04T18:49:44.231+0000] {dag.py:4180} INFO - Setting next_dagrun for sparking_flow to 2024-11-04 00:00:00+00:00, run_after=2024-11-05 00:00:00+00:00
[2024-11-04T18:49:44.246+0000] {processor.py:208} INFO - Processing /opt/airflow/dags/spark_airflow.py took 0.085 seconds
[2024-11-04T18:50:14.342+0000] {processor.py:186} INFO - Started process (PID=76281) to work on /opt/airflow/dags/spark_airflow.py
[2024-11-04T18:50:14.343+0000] {processor.py:914} INFO - Processing file /opt/airflow/dags/spark_airflow.py for tasks to queue
[2024-11-04T18:50:14.344+0000] {logging_mixin.py:190} INFO - [2024-11-04T18:50:14.344+0000] {dagbag.py:588} INFO - Filling up the DagBag from /opt/airflow/dags/spark_airflow.py
[2024-11-04T18:50:14.360+0000] {processor.py:925} INFO - DAG(s) 'sparking_flow' retrieved from /opt/airflow/dags/spark_airflow.py
[2024-11-04T18:50:14.384+0000] {logging_mixin.py:190} INFO - [2024-11-04T18:50:14.384+0000] {dag.py:3239} INFO - Sync 1 DAGs
[2024-11-04T18:50:14.404+0000] {logging_mixin.py:190} INFO - [2024-11-04T18:50:14.404+0000] {dag.py:4180} INFO - Setting next_dagrun for sparking_flow to 2024-11-04 00:00:00+00:00, run_after=2024-11-05 00:00:00+00:00
[2024-11-04T18:50:14.419+0000] {processor.py:208} INFO - Processing /opt/airflow/dags/spark_airflow.py took 0.082 seconds
[2024-11-04T18:50:44.614+0000] {processor.py:186} INFO - Started process (PID=76286) to work on /opt/airflow/dags/spark_airflow.py
[2024-11-04T18:50:44.614+0000] {processor.py:914} INFO - Processing file /opt/airflow/dags/spark_airflow.py for tasks to queue
[2024-11-04T18:50:44.615+0000] {logging_mixin.py:190} INFO - [2024-11-04T18:50:44.615+0000] {dagbag.py:588} INFO - Filling up the DagBag from /opt/airflow/dags/spark_airflow.py
[2024-11-04T18:50:44.633+0000] {processor.py:925} INFO - DAG(s) 'sparking_flow' retrieved from /opt/airflow/dags/spark_airflow.py
[2024-11-04T18:50:44.656+0000] {logging_mixin.py:190} INFO - [2024-11-04T18:50:44.656+0000] {dag.py:3239} INFO - Sync 1 DAGs
[2024-11-04T18:50:44.676+0000] {logging_mixin.py:190} INFO - [2024-11-04T18:50:44.675+0000] {dag.py:4180} INFO - Setting next_dagrun for sparking_flow to 2024-11-04 00:00:00+00:00, run_after=2024-11-05 00:00:00+00:00
[2024-11-04T18:50:44.691+0000] {processor.py:208} INFO - Processing /opt/airflow/dags/spark_airflow.py took 0.081 seconds
[2024-11-04T18:51:14.792+0000] {processor.py:186} INFO - Started process (PID=76291) to work on /opt/airflow/dags/spark_airflow.py
[2024-11-04T18:51:14.792+0000] {processor.py:914} INFO - Processing file /opt/airflow/dags/spark_airflow.py for tasks to queue
[2024-11-04T18:51:14.794+0000] {logging_mixin.py:190} INFO - [2024-11-04T18:51:14.793+0000] {dagbag.py:588} INFO - Filling up the DagBag from /opt/airflow/dags/spark_airflow.py
[2024-11-04T18:51:14.811+0000] {processor.py:925} INFO - DAG(s) 'sparking_flow' retrieved from /opt/airflow/dags/spark_airflow.py
[2024-11-04T18:51:14.836+0000] {logging_mixin.py:190} INFO - [2024-11-04T18:51:14.836+0000] {dag.py:3239} INFO - Sync 1 DAGs
[2024-11-04T18:51:14.858+0000] {logging_mixin.py:190} INFO - [2024-11-04T18:51:14.858+0000] {dag.py:4180} INFO - Setting next_dagrun for sparking_flow to 2024-11-04 00:00:00+00:00, run_after=2024-11-05 00:00:00+00:00
[2024-11-04T18:51:14.874+0000] {processor.py:208} INFO - Processing /opt/airflow/dags/spark_airflow.py took 0.086 seconds
[2024-11-04T18:51:45.025+0000] {processor.py:186} INFO - Started process (PID=76296) to work on /opt/airflow/dags/spark_airflow.py
[2024-11-04T18:51:45.026+0000] {processor.py:914} INFO - Processing file /opt/airflow/dags/spark_airflow.py for tasks to queue
[2024-11-04T18:51:45.027+0000] {logging_mixin.py:190} INFO - [2024-11-04T18:51:45.027+0000] {dagbag.py:588} INFO - Filling up the DagBag from /opt/airflow/dags/spark_airflow.py
[2024-11-04T18:51:45.044+0000] {processor.py:925} INFO - DAG(s) 'sparking_flow' retrieved from /opt/airflow/dags/spark_airflow.py
[2024-11-04T18:51:45.067+0000] {logging_mixin.py:190} INFO - [2024-11-04T18:51:45.067+0000] {dag.py:3239} INFO - Sync 1 DAGs
[2024-11-04T18:51:45.087+0000] {logging_mixin.py:190} INFO - [2024-11-04T18:51:45.087+0000] {dag.py:4180} INFO - Setting next_dagrun for sparking_flow to 2024-11-04 00:00:00+00:00, run_after=2024-11-05 00:00:00+00:00
[2024-11-04T18:51:45.102+0000] {processor.py:208} INFO - Processing /opt/airflow/dags/spark_airflow.py took 0.081 seconds
[2024-11-04T18:52:15.213+0000] {processor.py:186} INFO - Started process (PID=76301) to work on /opt/airflow/dags/spark_airflow.py
[2024-11-04T18:52:15.213+0000] {processor.py:914} INFO - Processing file /opt/airflow/dags/spark_airflow.py for tasks to queue
[2024-11-04T18:52:15.214+0000] {logging_mixin.py:190} INFO - [2024-11-04T18:52:15.214+0000] {dagbag.py:588} INFO - Filling up the DagBag from /opt/airflow/dags/spark_airflow.py
[2024-11-04T18:52:15.233+0000] {processor.py:925} INFO - DAG(s) 'sparking_flow' retrieved from /opt/airflow/dags/spark_airflow.py
[2024-11-04T18:52:15.260+0000] {logging_mixin.py:190} INFO - [2024-11-04T18:52:15.260+0000] {dag.py:3239} INFO - Sync 1 DAGs
[2024-11-04T18:52:15.284+0000] {logging_mixin.py:190} INFO - [2024-11-04T18:52:15.284+0000] {dag.py:4180} INFO - Setting next_dagrun for sparking_flow to 2024-11-04 00:00:00+00:00, run_after=2024-11-05 00:00:00+00:00
[2024-11-04T18:52:15.301+0000] {processor.py:208} INFO - Processing /opt/airflow/dags/spark_airflow.py took 0.093 seconds
[2024-11-04T18:52:45.456+0000] {processor.py:186} INFO - Started process (PID=76306) to work on /opt/airflow/dags/spark_airflow.py
[2024-11-04T18:52:45.457+0000] {processor.py:914} INFO - Processing file /opt/airflow/dags/spark_airflow.py for tasks to queue
[2024-11-04T18:52:45.458+0000] {logging_mixin.py:190} INFO - [2024-11-04T18:52:45.458+0000] {dagbag.py:588} INFO - Filling up the DagBag from /opt/airflow/dags/spark_airflow.py
[2024-11-04T18:52:45.475+0000] {processor.py:925} INFO - DAG(s) 'sparking_flow' retrieved from /opt/airflow/dags/spark_airflow.py
[2024-11-04T18:52:45.498+0000] {logging_mixin.py:190} INFO - [2024-11-04T18:52:45.498+0000] {dag.py:3239} INFO - Sync 1 DAGs
[2024-11-04T18:52:45.518+0000] {logging_mixin.py:190} INFO - [2024-11-04T18:52:45.518+0000] {dag.py:4180} INFO - Setting next_dagrun for sparking_flow to 2024-11-04 00:00:00+00:00, run_after=2024-11-05 00:00:00+00:00
[2024-11-04T18:52:45.532+0000] {processor.py:208} INFO - Processing /opt/airflow/dags/spark_airflow.py took 0.081 seconds
[2024-11-04T18:53:15.653+0000] {processor.py:186} INFO - Started process (PID=76311) to work on /opt/airflow/dags/spark_airflow.py
[2024-11-04T18:53:15.654+0000] {processor.py:914} INFO - Processing file /opt/airflow/dags/spark_airflow.py for tasks to queue
[2024-11-04T18:53:15.655+0000] {logging_mixin.py:190} INFO - [2024-11-04T18:53:15.655+0000] {dagbag.py:588} INFO - Filling up the DagBag from /opt/airflow/dags/spark_airflow.py
[2024-11-04T18:53:15.672+0000] {processor.py:925} INFO - DAG(s) 'sparking_flow' retrieved from /opt/airflow/dags/spark_airflow.py
[2024-11-04T18:53:15.698+0000] {logging_mixin.py:190} INFO - [2024-11-04T18:53:15.697+0000] {dag.py:3239} INFO - Sync 1 DAGs
[2024-11-04T18:53:15.719+0000] {logging_mixin.py:190} INFO - [2024-11-04T18:53:15.719+0000] {dag.py:4180} INFO - Setting next_dagrun for sparking_flow to 2024-11-04 00:00:00+00:00, run_after=2024-11-05 00:00:00+00:00
[2024-11-04T18:53:15.737+0000] {processor.py:208} INFO - Processing /opt/airflow/dags/spark_airflow.py took 0.088 seconds
[2024-11-04T18:53:45.875+0000] {processor.py:186} INFO - Started process (PID=76316) to work on /opt/airflow/dags/spark_airflow.py
[2024-11-04T18:53:45.876+0000] {processor.py:914} INFO - Processing file /opt/airflow/dags/spark_airflow.py for tasks to queue
[2024-11-04T18:53:45.877+0000] {logging_mixin.py:190} INFO - [2024-11-04T18:53:45.877+0000] {dagbag.py:588} INFO - Filling up the DagBag from /opt/airflow/dags/spark_airflow.py
[2024-11-04T18:53:45.894+0000] {processor.py:925} INFO - DAG(s) 'sparking_flow' retrieved from /opt/airflow/dags/spark_airflow.py
[2024-11-04T18:53:45.918+0000] {logging_mixin.py:190} INFO - [2024-11-04T18:53:45.918+0000] {dag.py:3239} INFO - Sync 1 DAGs
[2024-11-04T18:53:45.939+0000] {logging_mixin.py:190} INFO - [2024-11-04T18:53:45.939+0000] {dag.py:4180} INFO - Setting next_dagrun for sparking_flow to 2024-11-04 00:00:00+00:00, run_after=2024-11-05 00:00:00+00:00
[2024-11-04T18:53:45.956+0000] {processor.py:208} INFO - Processing /opt/airflow/dags/spark_airflow.py took 0.085 seconds
[2024-11-04T18:54:16.079+0000] {processor.py:186} INFO - Started process (PID=76321) to work on /opt/airflow/dags/spark_airflow.py
[2024-11-04T18:54:16.080+0000] {processor.py:914} INFO - Processing file /opt/airflow/dags/spark_airflow.py for tasks to queue
[2024-11-04T18:54:16.081+0000] {logging_mixin.py:190} INFO - [2024-11-04T18:54:16.081+0000] {dagbag.py:588} INFO - Filling up the DagBag from /opt/airflow/dags/spark_airflow.py
[2024-11-04T18:54:16.098+0000] {processor.py:925} INFO - DAG(s) 'sparking_flow' retrieved from /opt/airflow/dags/spark_airflow.py
[2024-11-04T18:54:16.123+0000] {logging_mixin.py:190} INFO - [2024-11-04T18:54:16.123+0000] {dag.py:3239} INFO - Sync 1 DAGs
[2024-11-04T18:54:16.145+0000] {logging_mixin.py:190} INFO - [2024-11-04T18:54:16.145+0000] {dag.py:4180} INFO - Setting next_dagrun for sparking_flow to 2024-11-04 00:00:00+00:00, run_after=2024-11-05 00:00:00+00:00
[2024-11-04T18:54:16.160+0000] {processor.py:208} INFO - Processing /opt/airflow/dags/spark_airflow.py took 0.086 seconds
[2024-11-04T18:54:46.309+0000] {processor.py:186} INFO - Started process (PID=76326) to work on /opt/airflow/dags/spark_airflow.py
[2024-11-04T18:54:46.310+0000] {processor.py:914} INFO - Processing file /opt/airflow/dags/spark_airflow.py for tasks to queue
[2024-11-04T18:54:46.311+0000] {logging_mixin.py:190} INFO - [2024-11-04T18:54:46.311+0000] {dagbag.py:588} INFO - Filling up the DagBag from /opt/airflow/dags/spark_airflow.py
[2024-11-04T18:54:46.328+0000] {processor.py:925} INFO - DAG(s) 'sparking_flow' retrieved from /opt/airflow/dags/spark_airflow.py
[2024-11-04T18:54:46.352+0000] {logging_mixin.py:190} INFO - [2024-11-04T18:54:46.352+0000] {dag.py:3239} INFO - Sync 1 DAGs
[2024-11-04T18:54:46.372+0000] {logging_mixin.py:190} INFO - [2024-11-04T18:54:46.372+0000] {dag.py:4180} INFO - Setting next_dagrun for sparking_flow to 2024-11-04 00:00:00+00:00, run_after=2024-11-05 00:00:00+00:00
[2024-11-04T18:54:46.388+0000] {processor.py:208} INFO - Processing /opt/airflow/dags/spark_airflow.py took 0.084 seconds
[2024-11-04T18:55:16.536+0000] {processor.py:186} INFO - Started process (PID=76331) to work on /opt/airflow/dags/spark_airflow.py
[2024-11-04T18:55:16.537+0000] {processor.py:914} INFO - Processing file /opt/airflow/dags/spark_airflow.py for tasks to queue
[2024-11-04T18:55:16.538+0000] {logging_mixin.py:190} INFO - [2024-11-04T18:55:16.538+0000] {dagbag.py:588} INFO - Filling up the DagBag from /opt/airflow/dags/spark_airflow.py
[2024-11-04T18:55:16.556+0000] {processor.py:925} INFO - DAG(s) 'sparking_flow' retrieved from /opt/airflow/dags/spark_airflow.py
[2024-11-04T18:55:16.582+0000] {logging_mixin.py:190} INFO - [2024-11-04T18:55:16.581+0000] {dag.py:3239} INFO - Sync 1 DAGs
[2024-11-04T18:55:16.605+0000] {logging_mixin.py:190} INFO - [2024-11-04T18:55:16.604+0000] {dag.py:4180} INFO - Setting next_dagrun for sparking_flow to 2024-11-04 00:00:00+00:00, run_after=2024-11-05 00:00:00+00:00
[2024-11-04T18:55:16.621+0000] {processor.py:208} INFO - Processing /opt/airflow/dags/spark_airflow.py took 0.089 seconds
[2024-11-04T18:55:46.740+0000] {processor.py:186} INFO - Started process (PID=76336) to work on /opt/airflow/dags/spark_airflow.py
[2024-11-04T18:55:46.741+0000] {processor.py:914} INFO - Processing file /opt/airflow/dags/spark_airflow.py for tasks to queue
[2024-11-04T18:55:46.742+0000] {logging_mixin.py:190} INFO - [2024-11-04T18:55:46.742+0000] {dagbag.py:588} INFO - Filling up the DagBag from /opt/airflow/dags/spark_airflow.py
[2024-11-04T18:55:46.759+0000] {processor.py:925} INFO - DAG(s) 'sparking_flow' retrieved from /opt/airflow/dags/spark_airflow.py
[2024-11-04T18:55:46.782+0000] {logging_mixin.py:190} INFO - [2024-11-04T18:55:46.782+0000] {dag.py:3239} INFO - Sync 1 DAGs
[2024-11-04T18:55:46.802+0000] {logging_mixin.py:190} INFO - [2024-11-04T18:55:46.802+0000] {dag.py:4180} INFO - Setting next_dagrun for sparking_flow to 2024-11-04 00:00:00+00:00, run_after=2024-11-05 00:00:00+00:00
[2024-11-04T18:55:46.817+0000] {processor.py:208} INFO - Processing /opt/airflow/dags/spark_airflow.py took 0.081 seconds
[2024-11-04T18:56:16.967+0000] {processor.py:186} INFO - Started process (PID=76341) to work on /opt/airflow/dags/spark_airflow.py
[2024-11-04T18:56:16.968+0000] {processor.py:914} INFO - Processing file /opt/airflow/dags/spark_airflow.py for tasks to queue
[2024-11-04T18:56:16.969+0000] {logging_mixin.py:190} INFO - [2024-11-04T18:56:16.969+0000] {dagbag.py:588} INFO - Filling up the DagBag from /opt/airflow/dags/spark_airflow.py
[2024-11-04T18:56:16.988+0000] {processor.py:925} INFO - DAG(s) 'sparking_flow' retrieved from /opt/airflow/dags/spark_airflow.py
[2024-11-04T18:56:17.020+0000] {logging_mixin.py:190} INFO - [2024-11-04T18:56:17.019+0000] {dag.py:3239} INFO - Sync 1 DAGs
[2024-11-04T18:56:17.048+0000] {logging_mixin.py:190} INFO - [2024-11-04T18:56:17.048+0000] {dag.py:4180} INFO - Setting next_dagrun for sparking_flow to 2024-11-04 00:00:00+00:00, run_after=2024-11-05 00:00:00+00:00
[2024-11-04T18:56:17.070+0000] {processor.py:208} INFO - Processing /opt/airflow/dags/spark_airflow.py took 0.107 seconds
[2024-11-04T18:56:47.182+0000] {processor.py:186} INFO - Started process (PID=76346) to work on /opt/airflow/dags/spark_airflow.py
[2024-11-04T18:56:47.183+0000] {processor.py:914} INFO - Processing file /opt/airflow/dags/spark_airflow.py for tasks to queue
[2024-11-04T18:56:47.185+0000] {logging_mixin.py:190} INFO - [2024-11-04T18:56:47.184+0000] {dagbag.py:588} INFO - Filling up the DagBag from /opt/airflow/dags/spark_airflow.py
[2024-11-04T18:56:47.204+0000] {processor.py:925} INFO - DAG(s) 'sparking_flow' retrieved from /opt/airflow/dags/spark_airflow.py
[2024-11-04T18:56:47.235+0000] {logging_mixin.py:190} INFO - [2024-11-04T18:56:47.235+0000] {dag.py:3239} INFO - Sync 1 DAGs
[2024-11-04T18:56:47.267+0000] {logging_mixin.py:190} INFO - [2024-11-04T18:56:47.266+0000] {dag.py:4180} INFO - Setting next_dagrun for sparking_flow to 2024-11-04 00:00:00+00:00, run_after=2024-11-05 00:00:00+00:00
[2024-11-04T18:56:47.292+0000] {processor.py:208} INFO - Processing /opt/airflow/dags/spark_airflow.py took 0.115 seconds
[2024-11-04T18:57:17.426+0000] {processor.py:186} INFO - Started process (PID=76351) to work on /opt/airflow/dags/spark_airflow.py
[2024-11-04T18:57:17.427+0000] {processor.py:914} INFO - Processing file /opt/airflow/dags/spark_airflow.py for tasks to queue
[2024-11-04T18:57:17.428+0000] {logging_mixin.py:190} INFO - [2024-11-04T18:57:17.428+0000] {dagbag.py:588} INFO - Filling up the DagBag from /opt/airflow/dags/spark_airflow.py
[2024-11-04T18:57:17.448+0000] {processor.py:925} INFO - DAG(s) 'sparking_flow' retrieved from /opt/airflow/dags/spark_airflow.py
[2024-11-04T18:57:17.477+0000] {logging_mixin.py:190} INFO - [2024-11-04T18:57:17.476+0000] {dag.py:3239} INFO - Sync 1 DAGs
[2024-11-04T18:57:17.500+0000] {logging_mixin.py:190} INFO - [2024-11-04T18:57:17.500+0000] {dag.py:4180} INFO - Setting next_dagrun for sparking_flow to 2024-11-04 00:00:00+00:00, run_after=2024-11-05 00:00:00+00:00
[2024-11-04T18:57:17.522+0000] {processor.py:208} INFO - Processing /opt/airflow/dags/spark_airflow.py took 0.102 seconds
[2024-11-04T18:57:47.617+0000] {processor.py:186} INFO - Started process (PID=76356) to work on /opt/airflow/dags/spark_airflow.py
[2024-11-04T18:57:47.618+0000] {processor.py:914} INFO - Processing file /opt/airflow/dags/spark_airflow.py for tasks to queue
[2024-11-04T18:57:47.619+0000] {logging_mixin.py:190} INFO - [2024-11-04T18:57:47.619+0000] {dagbag.py:588} INFO - Filling up the DagBag from /opt/airflow/dags/spark_airflow.py
[2024-11-04T18:57:47.636+0000] {processor.py:925} INFO - DAG(s) 'sparking_flow' retrieved from /opt/airflow/dags/spark_airflow.py
[2024-11-04T18:57:47.661+0000] {logging_mixin.py:190} INFO - [2024-11-04T18:57:47.661+0000] {dag.py:3239} INFO - Sync 1 DAGs
[2024-11-04T18:57:47.683+0000] {logging_mixin.py:190} INFO - [2024-11-04T18:57:47.682+0000] {dag.py:4180} INFO - Setting next_dagrun for sparking_flow to 2024-11-04 00:00:00+00:00, run_after=2024-11-05 00:00:00+00:00
[2024-11-04T18:57:47.699+0000] {processor.py:208} INFO - Processing /opt/airflow/dags/spark_airflow.py took 0.087 seconds
[2024-11-04T18:58:17.850+0000] {processor.py:186} INFO - Started process (PID=76361) to work on /opt/airflow/dags/spark_airflow.py
[2024-11-04T18:58:17.851+0000] {processor.py:914} INFO - Processing file /opt/airflow/dags/spark_airflow.py for tasks to queue
[2024-11-04T18:58:17.852+0000] {logging_mixin.py:190} INFO - [2024-11-04T18:58:17.852+0000] {dagbag.py:588} INFO - Filling up the DagBag from /opt/airflow/dags/spark_airflow.py
[2024-11-04T18:58:17.870+0000] {processor.py:925} INFO - DAG(s) 'sparking_flow' retrieved from /opt/airflow/dags/spark_airflow.py
[2024-11-04T18:58:17.894+0000] {logging_mixin.py:190} INFO - [2024-11-04T18:58:17.893+0000] {dag.py:3239} INFO - Sync 1 DAGs
[2024-11-04T18:58:17.922+0000] {logging_mixin.py:190} INFO - [2024-11-04T18:58:17.922+0000] {dag.py:4180} INFO - Setting next_dagrun for sparking_flow to 2024-11-04 00:00:00+00:00, run_after=2024-11-05 00:00:00+00:00
[2024-11-04T18:58:17.944+0000] {processor.py:208} INFO - Processing /opt/airflow/dags/spark_airflow.py took 0.098 seconds
[2024-11-04T18:58:48.034+0000] {processor.py:186} INFO - Started process (PID=76366) to work on /opt/airflow/dags/spark_airflow.py
[2024-11-04T18:58:48.035+0000] {processor.py:914} INFO - Processing file /opt/airflow/dags/spark_airflow.py for tasks to queue
[2024-11-04T18:58:48.036+0000] {logging_mixin.py:190} INFO - [2024-11-04T18:58:48.036+0000] {dagbag.py:588} INFO - Filling up the DagBag from /opt/airflow/dags/spark_airflow.py
[2024-11-04T18:58:48.054+0000] {processor.py:925} INFO - DAG(s) 'sparking_flow' retrieved from /opt/airflow/dags/spark_airflow.py
[2024-11-04T18:58:48.080+0000] {logging_mixin.py:190} INFO - [2024-11-04T18:58:48.080+0000] {dag.py:3239} INFO - Sync 1 DAGs
[2024-11-04T18:58:48.103+0000] {logging_mixin.py:190} INFO - [2024-11-04T18:58:48.103+0000] {dag.py:4180} INFO - Setting next_dagrun for sparking_flow to 2024-11-04 00:00:00+00:00, run_after=2024-11-05 00:00:00+00:00
[2024-11-04T18:58:48.118+0000] {processor.py:208} INFO - Processing /opt/airflow/dags/spark_airflow.py took 0.089 seconds
[2024-11-04T18:59:18.272+0000] {processor.py:186} INFO - Started process (PID=76371) to work on /opt/airflow/dags/spark_airflow.py
[2024-11-04T18:59:18.273+0000] {processor.py:914} INFO - Processing file /opt/airflow/dags/spark_airflow.py for tasks to queue
[2024-11-04T18:59:18.274+0000] {logging_mixin.py:190} INFO - [2024-11-04T18:59:18.273+0000] {dagbag.py:588} INFO - Filling up the DagBag from /opt/airflow/dags/spark_airflow.py
[2024-11-04T18:59:18.291+0000] {processor.py:925} INFO - DAG(s) 'sparking_flow' retrieved from /opt/airflow/dags/spark_airflow.py
[2024-11-04T18:59:18.315+0000] {logging_mixin.py:190} INFO - [2024-11-04T18:59:18.315+0000] {dag.py:3239} INFO - Sync 1 DAGs
[2024-11-04T18:59:18.336+0000] {logging_mixin.py:190} INFO - [2024-11-04T18:59:18.336+0000] {dag.py:4180} INFO - Setting next_dagrun for sparking_flow to 2024-11-04 00:00:00+00:00, run_after=2024-11-05 00:00:00+00:00
[2024-11-04T18:59:18.352+0000] {processor.py:208} INFO - Processing /opt/airflow/dags/spark_airflow.py took 0.084 seconds
[2024-11-04T18:59:48.453+0000] {processor.py:186} INFO - Started process (PID=76376) to work on /opt/airflow/dags/spark_airflow.py
[2024-11-04T18:59:48.454+0000] {processor.py:914} INFO - Processing file /opt/airflow/dags/spark_airflow.py for tasks to queue
[2024-11-04T18:59:48.455+0000] {logging_mixin.py:190} INFO - [2024-11-04T18:59:48.455+0000] {dagbag.py:588} INFO - Filling up the DagBag from /opt/airflow/dags/spark_airflow.py
[2024-11-04T18:59:48.474+0000] {processor.py:925} INFO - DAG(s) 'sparking_flow' retrieved from /opt/airflow/dags/spark_airflow.py
[2024-11-04T18:59:48.499+0000] {logging_mixin.py:190} INFO - [2024-11-04T18:59:48.499+0000] {dag.py:3239} INFO - Sync 1 DAGs
[2024-11-04T18:59:48.522+0000] {logging_mixin.py:190} INFO - [2024-11-04T18:59:48.521+0000] {dag.py:4180} INFO - Setting next_dagrun for sparking_flow to 2024-11-04 00:00:00+00:00, run_after=2024-11-05 00:00:00+00:00
[2024-11-04T18:59:48.539+0000] {processor.py:208} INFO - Processing /opt/airflow/dags/spark_airflow.py took 0.091 seconds
[2024-11-04T19:00:18.709+0000] {processor.py:186} INFO - Started process (PID=76381) to work on /opt/airflow/dags/spark_airflow.py
[2024-11-04T19:00:18.709+0000] {processor.py:914} INFO - Processing file /opt/airflow/dags/spark_airflow.py for tasks to queue
[2024-11-04T19:00:18.710+0000] {logging_mixin.py:190} INFO - [2024-11-04T19:00:18.710+0000] {dagbag.py:588} INFO - Filling up the DagBag from /opt/airflow/dags/spark_airflow.py
[2024-11-04T19:00:18.727+0000] {processor.py:925} INFO - DAG(s) 'sparking_flow' retrieved from /opt/airflow/dags/spark_airflow.py
[2024-11-04T19:00:18.751+0000] {logging_mixin.py:190} INFO - [2024-11-04T19:00:18.751+0000] {dag.py:3239} INFO - Sync 1 DAGs
[2024-11-04T19:00:18.772+0000] {logging_mixin.py:190} INFO - [2024-11-04T19:00:18.772+0000] {dag.py:4180} INFO - Setting next_dagrun for sparking_flow to 2024-11-04 00:00:00+00:00, run_after=2024-11-05 00:00:00+00:00
[2024-11-04T19:00:18.788+0000] {processor.py:208} INFO - Processing /opt/airflow/dags/spark_airflow.py took 0.083 seconds
[2024-11-04T19:00:48.879+0000] {processor.py:186} INFO - Started process (PID=76386) to work on /opt/airflow/dags/spark_airflow.py
[2024-11-04T19:00:48.879+0000] {processor.py:914} INFO - Processing file /opt/airflow/dags/spark_airflow.py for tasks to queue
[2024-11-04T19:00:48.881+0000] {logging_mixin.py:190} INFO - [2024-11-04T19:00:48.880+0000] {dagbag.py:588} INFO - Filling up the DagBag from /opt/airflow/dags/spark_airflow.py
[2024-11-04T19:00:48.897+0000] {processor.py:925} INFO - DAG(s) 'sparking_flow' retrieved from /opt/airflow/dags/spark_airflow.py
[2024-11-04T19:00:48.923+0000] {logging_mixin.py:190} INFO - [2024-11-04T19:00:48.922+0000] {dag.py:3239} INFO - Sync 1 DAGs
[2024-11-04T19:00:48.944+0000] {logging_mixin.py:190} INFO - [2024-11-04T19:00:48.944+0000] {dag.py:4180} INFO - Setting next_dagrun for sparking_flow to 2024-11-04 00:00:00+00:00, run_after=2024-11-05 00:00:00+00:00
[2024-11-04T19:00:48.959+0000] {processor.py:208} INFO - Processing /opt/airflow/dags/spark_airflow.py took 0.085 seconds
[2024-11-04T19:01:19.093+0000] {processor.py:186} INFO - Started process (PID=76391) to work on /opt/airflow/dags/spark_airflow.py
[2024-11-04T19:01:19.094+0000] {processor.py:914} INFO - Processing file /opt/airflow/dags/spark_airflow.py for tasks to queue
[2024-11-04T19:01:19.096+0000] {logging_mixin.py:190} INFO - [2024-11-04T19:01:19.095+0000] {dagbag.py:588} INFO - Filling up the DagBag from /opt/airflow/dags/spark_airflow.py
[2024-11-04T19:01:19.113+0000] {processor.py:925} INFO - DAG(s) 'sparking_flow' retrieved from /opt/airflow/dags/spark_airflow.py
[2024-11-04T19:01:19.137+0000] {logging_mixin.py:190} INFO - [2024-11-04T19:01:19.136+0000] {dag.py:3239} INFO - Sync 1 DAGs
[2024-11-04T19:01:19.159+0000] {logging_mixin.py:190} INFO - [2024-11-04T19:01:19.158+0000] {dag.py:4180} INFO - Setting next_dagrun for sparking_flow to 2024-11-04 00:00:00+00:00, run_after=2024-11-05 00:00:00+00:00
[2024-11-04T19:01:19.174+0000] {processor.py:208} INFO - Processing /opt/airflow/dags/spark_airflow.py took 0.085 seconds
[2024-11-04T19:01:49.268+0000] {processor.py:186} INFO - Started process (PID=76396) to work on /opt/airflow/dags/spark_airflow.py
[2024-11-04T19:01:49.269+0000] {processor.py:914} INFO - Processing file /opt/airflow/dags/spark_airflow.py for tasks to queue
[2024-11-04T19:01:49.270+0000] {logging_mixin.py:190} INFO - [2024-11-04T19:01:49.270+0000] {dagbag.py:588} INFO - Filling up the DagBag from /opt/airflow/dags/spark_airflow.py
[2024-11-04T19:01:49.287+0000] {processor.py:925} INFO - DAG(s) 'sparking_flow' retrieved from /opt/airflow/dags/spark_airflow.py
[2024-11-04T19:01:49.310+0000] {logging_mixin.py:190} INFO - [2024-11-04T19:01:49.310+0000] {dag.py:3239} INFO - Sync 1 DAGs
[2024-11-04T19:01:49.330+0000] {logging_mixin.py:190} INFO - [2024-11-04T19:01:49.330+0000] {dag.py:4180} INFO - Setting next_dagrun for sparking_flow to 2024-11-04 00:00:00+00:00, run_after=2024-11-05 00:00:00+00:00
[2024-11-04T19:01:49.346+0000] {processor.py:208} INFO - Processing /opt/airflow/dags/spark_airflow.py took 0.082 seconds
[2024-11-04T19:02:19.479+0000] {processor.py:186} INFO - Started process (PID=76401) to work on /opt/airflow/dags/spark_airflow.py
[2024-11-04T19:02:19.479+0000] {processor.py:914} INFO - Processing file /opt/airflow/dags/spark_airflow.py for tasks to queue
[2024-11-04T19:02:19.480+0000] {logging_mixin.py:190} INFO - [2024-11-04T19:02:19.480+0000] {dagbag.py:588} INFO - Filling up the DagBag from /opt/airflow/dags/spark_airflow.py
[2024-11-04T19:02:19.497+0000] {processor.py:925} INFO - DAG(s) 'sparking_flow' retrieved from /opt/airflow/dags/spark_airflow.py
[2024-11-04T19:02:19.521+0000] {logging_mixin.py:190} INFO - [2024-11-04T19:02:19.521+0000] {dag.py:3239} INFO - Sync 1 DAGs
[2024-11-04T19:02:19.541+0000] {logging_mixin.py:190} INFO - [2024-11-04T19:02:19.541+0000] {dag.py:4180} INFO - Setting next_dagrun for sparking_flow to 2024-11-04 00:00:00+00:00, run_after=2024-11-05 00:00:00+00:00
[2024-11-04T19:02:19.558+0000] {processor.py:208} INFO - Processing /opt/airflow/dags/spark_airflow.py took 0.084 seconds
[2024-11-04T19:02:49.648+0000] {processor.py:186} INFO - Started process (PID=76406) to work on /opt/airflow/dags/spark_airflow.py
[2024-11-04T19:02:49.648+0000] {processor.py:914} INFO - Processing file /opt/airflow/dags/spark_airflow.py for tasks to queue
[2024-11-04T19:02:49.650+0000] {logging_mixin.py:190} INFO - [2024-11-04T19:02:49.649+0000] {dagbag.py:588} INFO - Filling up the DagBag from /opt/airflow/dags/spark_airflow.py
[2024-11-04T19:02:49.667+0000] {processor.py:925} INFO - DAG(s) 'sparking_flow' retrieved from /opt/airflow/dags/spark_airflow.py
[2024-11-04T19:02:49.690+0000] {logging_mixin.py:190} INFO - [2024-11-04T19:02:49.690+0000] {dag.py:3239} INFO - Sync 1 DAGs
[2024-11-04T19:02:49.710+0000] {logging_mixin.py:190} INFO - [2024-11-04T19:02:49.710+0000] {dag.py:4180} INFO - Setting next_dagrun for sparking_flow to 2024-11-04 00:00:00+00:00, run_after=2024-11-05 00:00:00+00:00
[2024-11-04T19:02:49.726+0000] {processor.py:208} INFO - Processing /opt/airflow/dags/spark_airflow.py took 0.083 seconds
[2024-11-04T19:03:19.864+0000] {processor.py:186} INFO - Started process (PID=76411) to work on /opt/airflow/dags/spark_airflow.py
[2024-11-04T19:03:19.865+0000] {processor.py:914} INFO - Processing file /opt/airflow/dags/spark_airflow.py for tasks to queue
[2024-11-04T19:03:19.866+0000] {logging_mixin.py:190} INFO - [2024-11-04T19:03:19.866+0000] {dagbag.py:588} INFO - Filling up the DagBag from /opt/airflow/dags/spark_airflow.py
[2024-11-04T19:03:19.883+0000] {processor.py:925} INFO - DAG(s) 'sparking_flow' retrieved from /opt/airflow/dags/spark_airflow.py
[2024-11-04T19:03:19.907+0000] {logging_mixin.py:190} INFO - [2024-11-04T19:03:19.907+0000] {dag.py:3239} INFO - Sync 1 DAGs
[2024-11-04T19:03:19.928+0000] {logging_mixin.py:190} INFO - [2024-11-04T19:03:19.928+0000] {dag.py:4180} INFO - Setting next_dagrun for sparking_flow to 2024-11-04 00:00:00+00:00, run_after=2024-11-05 00:00:00+00:00
[2024-11-04T19:03:19.945+0000] {processor.py:208} INFO - Processing /opt/airflow/dags/spark_airflow.py took 0.085 seconds
[2024-11-04T19:03:50.027+0000] {processor.py:186} INFO - Started process (PID=76416) to work on /opt/airflow/dags/spark_airflow.py
[2024-11-04T19:03:50.028+0000] {processor.py:914} INFO - Processing file /opt/airflow/dags/spark_airflow.py for tasks to queue
[2024-11-04T19:03:50.029+0000] {logging_mixin.py:190} INFO - [2024-11-04T19:03:50.029+0000] {dagbag.py:588} INFO - Filling up the DagBag from /opt/airflow/dags/spark_airflow.py
[2024-11-04T19:03:50.046+0000] {processor.py:925} INFO - DAG(s) 'sparking_flow' retrieved from /opt/airflow/dags/spark_airflow.py
[2024-11-04T19:03:50.071+0000] {logging_mixin.py:190} INFO - [2024-11-04T19:03:50.071+0000] {dag.py:3239} INFO - Sync 1 DAGs
[2024-11-04T19:03:50.093+0000] {logging_mixin.py:190} INFO - [2024-11-04T19:03:50.092+0000] {dag.py:4180} INFO - Setting next_dagrun for sparking_flow to 2024-11-04 00:00:00+00:00, run_after=2024-11-05 00:00:00+00:00
[2024-11-04T19:03:50.109+0000] {processor.py:208} INFO - Processing /opt/airflow/dags/spark_airflow.py took 0.086 seconds
[2024-11-04T19:04:20.245+0000] {processor.py:186} INFO - Started process (PID=76421) to work on /opt/airflow/dags/spark_airflow.py
[2024-11-04T19:04:20.246+0000] {processor.py:914} INFO - Processing file /opt/airflow/dags/spark_airflow.py for tasks to queue
[2024-11-04T19:04:20.247+0000] {logging_mixin.py:190} INFO - [2024-11-04T19:04:20.247+0000] {dagbag.py:588} INFO - Filling up the DagBag from /opt/airflow/dags/spark_airflow.py
[2024-11-04T19:04:20.264+0000] {processor.py:925} INFO - DAG(s) 'sparking_flow' retrieved from /opt/airflow/dags/spark_airflow.py
[2024-11-04T19:04:20.288+0000] {logging_mixin.py:190} INFO - [2024-11-04T19:04:20.288+0000] {dag.py:3239} INFO - Sync 1 DAGs
[2024-11-04T19:04:20.310+0000] {logging_mixin.py:190} INFO - [2024-11-04T19:04:20.310+0000] {dag.py:4180} INFO - Setting next_dagrun for sparking_flow to 2024-11-04 00:00:00+00:00, run_after=2024-11-05 00:00:00+00:00
[2024-11-04T19:04:20.325+0000] {processor.py:208} INFO - Processing /opt/airflow/dags/spark_airflow.py took 0.083 seconds
[2024-11-04T19:04:50.414+0000] {processor.py:186} INFO - Started process (PID=76426) to work on /opt/airflow/dags/spark_airflow.py
[2024-11-04T19:04:50.415+0000] {processor.py:914} INFO - Processing file /opt/airflow/dags/spark_airflow.py for tasks to queue
[2024-11-04T19:04:50.416+0000] {logging_mixin.py:190} INFO - [2024-11-04T19:04:50.416+0000] {dagbag.py:588} INFO - Filling up the DagBag from /opt/airflow/dags/spark_airflow.py
[2024-11-04T19:04:50.433+0000] {processor.py:925} INFO - DAG(s) 'sparking_flow' retrieved from /opt/airflow/dags/spark_airflow.py
[2024-11-04T19:04:50.469+0000] {logging_mixin.py:190} INFO - [2024-11-04T19:04:50.469+0000] {dag.py:3239} INFO - Sync 1 DAGs
[2024-11-04T19:04:50.489+0000] {logging_mixin.py:190} INFO - [2024-11-04T19:04:50.489+0000] {dag.py:4180} INFO - Setting next_dagrun for sparking_flow to 2024-11-04 00:00:00+00:00, run_after=2024-11-05 00:00:00+00:00
[2024-11-04T19:04:50.505+0000] {processor.py:208} INFO - Processing /opt/airflow/dags/spark_airflow.py took 0.094 seconds
[2024-11-04T19:05:20.661+0000] {processor.py:186} INFO - Started process (PID=76431) to work on /opt/airflow/dags/spark_airflow.py
[2024-11-04T19:05:20.661+0000] {processor.py:914} INFO - Processing file /opt/airflow/dags/spark_airflow.py for tasks to queue
[2024-11-04T19:05:20.662+0000] {logging_mixin.py:190} INFO - [2024-11-04T19:05:20.662+0000] {dagbag.py:588} INFO - Filling up the DagBag from /opt/airflow/dags/spark_airflow.py
[2024-11-04T19:05:20.679+0000] {processor.py:925} INFO - DAG(s) 'sparking_flow' retrieved from /opt/airflow/dags/spark_airflow.py
[2024-11-04T19:05:20.702+0000] {logging_mixin.py:190} INFO - [2024-11-04T19:05:20.702+0000] {dag.py:3239} INFO - Sync 1 DAGs
[2024-11-04T19:05:20.721+0000] {logging_mixin.py:190} INFO - [2024-11-04T19:05:20.721+0000] {dag.py:4180} INFO - Setting next_dagrun for sparking_flow to 2024-11-04 00:00:00+00:00, run_after=2024-11-05 00:00:00+00:00
[2024-11-04T19:05:20.735+0000] {processor.py:208} INFO - Processing /opt/airflow/dags/spark_airflow.py took 0.079 seconds
[2024-11-04T19:05:50.851+0000] {processor.py:186} INFO - Started process (PID=76436) to work on /opt/airflow/dags/spark_airflow.py
[2024-11-04T19:05:50.852+0000] {processor.py:914} INFO - Processing file /opt/airflow/dags/spark_airflow.py for tasks to queue
[2024-11-04T19:05:50.853+0000] {logging_mixin.py:190} INFO - [2024-11-04T19:05:50.853+0000] {dagbag.py:588} INFO - Filling up the DagBag from /opt/airflow/dags/spark_airflow.py
[2024-11-04T19:05:50.872+0000] {processor.py:925} INFO - DAG(s) 'sparking_flow' retrieved from /opt/airflow/dags/spark_airflow.py
[2024-11-04T19:05:50.899+0000] {logging_mixin.py:190} INFO - [2024-11-04T19:05:50.898+0000] {dag.py:3239} INFO - Sync 1 DAGs
[2024-11-04T19:05:50.921+0000] {logging_mixin.py:190} INFO - [2024-11-04T19:05:50.921+0000] {dag.py:4180} INFO - Setting next_dagrun for sparking_flow to 2024-11-04 00:00:00+00:00, run_after=2024-11-05 00:00:00+00:00
[2024-11-04T19:05:50.937+0000] {processor.py:208} INFO - Processing /opt/airflow/dags/spark_airflow.py took 0.090 seconds
[2024-11-04T19:06:21.081+0000] {processor.py:186} INFO - Started process (PID=76441) to work on /opt/airflow/dags/spark_airflow.py
[2024-11-04T19:06:21.081+0000] {processor.py:914} INFO - Processing file /opt/airflow/dags/spark_airflow.py for tasks to queue
[2024-11-04T19:06:21.082+0000] {logging_mixin.py:190} INFO - [2024-11-04T19:06:21.082+0000] {dagbag.py:588} INFO - Filling up the DagBag from /opt/airflow/dags/spark_airflow.py
[2024-11-04T19:06:21.099+0000] {processor.py:925} INFO - DAG(s) 'sparking_flow' retrieved from /opt/airflow/dags/spark_airflow.py
[2024-11-04T19:06:21.124+0000] {logging_mixin.py:190} INFO - [2024-11-04T19:06:21.124+0000] {dag.py:3239} INFO - Sync 1 DAGs
[2024-11-04T19:06:21.146+0000] {logging_mixin.py:190} INFO - [2024-11-04T19:06:21.146+0000] {dag.py:4180} INFO - Setting next_dagrun for sparking_flow to 2024-11-04 00:00:00+00:00, run_after=2024-11-05 00:00:00+00:00
[2024-11-04T19:06:21.164+0000] {processor.py:208} INFO - Processing /opt/airflow/dags/spark_airflow.py took 0.088 seconds
[2024-11-04T19:06:51.281+0000] {processor.py:186} INFO - Started process (PID=76446) to work on /opt/airflow/dags/spark_airflow.py
[2024-11-04T19:06:51.281+0000] {processor.py:914} INFO - Processing file /opt/airflow/dags/spark_airflow.py for tasks to queue
[2024-11-04T19:06:51.283+0000] {logging_mixin.py:190} INFO - [2024-11-04T19:06:51.282+0000] {dagbag.py:588} INFO - Filling up the DagBag from /opt/airflow/dags/spark_airflow.py
[2024-11-04T19:06:51.303+0000] {processor.py:925} INFO - DAG(s) 'sparking_flow' retrieved from /opt/airflow/dags/spark_airflow.py
[2024-11-04T19:06:51.335+0000] {logging_mixin.py:190} INFO - [2024-11-04T19:06:51.335+0000] {dag.py:3239} INFO - Sync 1 DAGs
[2024-11-04T19:06:51.363+0000] {logging_mixin.py:190} INFO - [2024-11-04T19:06:51.363+0000] {dag.py:4180} INFO - Setting next_dagrun for sparking_flow to 2024-11-04 00:00:00+00:00, run_after=2024-11-05 00:00:00+00:00
[2024-11-04T19:06:51.383+0000] {processor.py:208} INFO - Processing /opt/airflow/dags/spark_airflow.py took 0.107 seconds
[2024-11-04T19:07:21.528+0000] {processor.py:186} INFO - Started process (PID=76451) to work on /opt/airflow/dags/spark_airflow.py
[2024-11-04T19:07:21.528+0000] {processor.py:914} INFO - Processing file /opt/airflow/dags/spark_airflow.py for tasks to queue
[2024-11-04T19:07:21.530+0000] {logging_mixin.py:190} INFO - [2024-11-04T19:07:21.529+0000] {dagbag.py:588} INFO - Filling up the DagBag from /opt/airflow/dags/spark_airflow.py
[2024-11-04T19:07:21.548+0000] {processor.py:925} INFO - DAG(s) 'sparking_flow' retrieved from /opt/airflow/dags/spark_airflow.py
[2024-11-04T19:07:21.573+0000] {logging_mixin.py:190} INFO - [2024-11-04T19:07:21.573+0000] {dag.py:3239} INFO - Sync 1 DAGs
[2024-11-04T19:07:21.597+0000] {logging_mixin.py:190} INFO - [2024-11-04T19:07:21.596+0000] {dag.py:4180} INFO - Setting next_dagrun for sparking_flow to 2024-11-04 00:00:00+00:00, run_after=2024-11-05 00:00:00+00:00
[2024-11-04T19:07:21.614+0000] {processor.py:208} INFO - Processing /opt/airflow/dags/spark_airflow.py took 0.092 seconds
[2024-11-04T19:07:51.737+0000] {processor.py:186} INFO - Started process (PID=76456) to work on /opt/airflow/dags/spark_airflow.py
[2024-11-04T19:07:51.738+0000] {processor.py:914} INFO - Processing file /opt/airflow/dags/spark_airflow.py for tasks to queue
[2024-11-04T19:07:51.739+0000] {logging_mixin.py:190} INFO - [2024-11-04T19:07:51.739+0000] {dagbag.py:588} INFO - Filling up the DagBag from /opt/airflow/dags/spark_airflow.py
[2024-11-04T19:07:51.756+0000] {processor.py:925} INFO - DAG(s) 'sparking_flow' retrieved from /opt/airflow/dags/spark_airflow.py
[2024-11-04T19:07:51.779+0000] {logging_mixin.py:190} INFO - [2024-11-04T19:07:51.779+0000] {dag.py:3239} INFO - Sync 1 DAGs
[2024-11-04T19:07:51.800+0000] {logging_mixin.py:190} INFO - [2024-11-04T19:07:51.800+0000] {dag.py:4180} INFO - Setting next_dagrun for sparking_flow to 2024-11-04 00:00:00+00:00, run_after=2024-11-05 00:00:00+00:00
[2024-11-04T19:07:51.817+0000] {processor.py:208} INFO - Processing /opt/airflow/dags/spark_airflow.py took 0.084 seconds
[2024-11-04T19:08:21.958+0000] {processor.py:186} INFO - Started process (PID=76461) to work on /opt/airflow/dags/spark_airflow.py
[2024-11-04T19:08:21.959+0000] {processor.py:914} INFO - Processing file /opt/airflow/dags/spark_airflow.py for tasks to queue
[2024-11-04T19:08:21.961+0000] {logging_mixin.py:190} INFO - [2024-11-04T19:08:21.960+0000] {dagbag.py:588} INFO - Filling up the DagBag from /opt/airflow/dags/spark_airflow.py
[2024-11-04T19:08:21.980+0000] {processor.py:925} INFO - DAG(s) 'sparking_flow' retrieved from /opt/airflow/dags/spark_airflow.py
[2024-11-04T19:08:22.013+0000] {logging_mixin.py:190} INFO - [2024-11-04T19:08:22.013+0000] {dag.py:3239} INFO - Sync 1 DAGs
[2024-11-04T19:08:22.039+0000] {logging_mixin.py:190} INFO - [2024-11-04T19:08:22.038+0000] {dag.py:4180} INFO - Setting next_dagrun for sparking_flow to 2024-11-04 00:00:00+00:00, run_after=2024-11-05 00:00:00+00:00
[2024-11-04T19:08:22.060+0000] {processor.py:208} INFO - Processing /opt/airflow/dags/spark_airflow.py took 0.107 seconds
[2024-11-04T19:08:52.153+0000] {processor.py:186} INFO - Started process (PID=76466) to work on /opt/airflow/dags/spark_airflow.py
[2024-11-04T19:08:52.153+0000] {processor.py:914} INFO - Processing file /opt/airflow/dags/spark_airflow.py for tasks to queue
[2024-11-04T19:08:52.154+0000] {logging_mixin.py:190} INFO - [2024-11-04T19:08:52.154+0000] {dagbag.py:588} INFO - Filling up the DagBag from /opt/airflow/dags/spark_airflow.py
[2024-11-04T19:08:52.171+0000] {processor.py:925} INFO - DAG(s) 'sparking_flow' retrieved from /opt/airflow/dags/spark_airflow.py
[2024-11-04T19:08:52.195+0000] {logging_mixin.py:190} INFO - [2024-11-04T19:08:52.195+0000] {dag.py:3239} INFO - Sync 1 DAGs
[2024-11-04T19:08:52.216+0000] {logging_mixin.py:190} INFO - [2024-11-04T19:08:52.215+0000] {dag.py:4180} INFO - Setting next_dagrun for sparking_flow to 2024-11-04 00:00:00+00:00, run_after=2024-11-05 00:00:00+00:00
[2024-11-04T19:08:52.232+0000] {processor.py:208} INFO - Processing /opt/airflow/dags/spark_airflow.py took 0.084 seconds
[2024-11-04T19:09:22.402+0000] {processor.py:186} INFO - Started process (PID=76471) to work on /opt/airflow/dags/spark_airflow.py
[2024-11-04T19:09:22.402+0000] {processor.py:914} INFO - Processing file /opt/airflow/dags/spark_airflow.py for tasks to queue
[2024-11-04T19:09:22.404+0000] {logging_mixin.py:190} INFO - [2024-11-04T19:09:22.404+0000] {dagbag.py:588} INFO - Filling up the DagBag from /opt/airflow/dags/spark_airflow.py
[2024-11-04T19:09:22.423+0000] {processor.py:925} INFO - DAG(s) 'sparking_flow' retrieved from /opt/airflow/dags/spark_airflow.py
[2024-11-04T19:09:22.448+0000] {logging_mixin.py:190} INFO - [2024-11-04T19:09:22.447+0000] {dag.py:3239} INFO - Sync 1 DAGs
[2024-11-04T19:09:22.470+0000] {logging_mixin.py:190} INFO - [2024-11-04T19:09:22.470+0000] {dag.py:4180} INFO - Setting next_dagrun for sparking_flow to 2024-11-04 00:00:00+00:00, run_after=2024-11-05 00:00:00+00:00
[2024-11-04T19:09:22.485+0000] {processor.py:208} INFO - Processing /opt/airflow/dags/spark_airflow.py took 0.088 seconds
[2024-11-04T19:09:52.570+0000] {processor.py:186} INFO - Started process (PID=76476) to work on /opt/airflow/dags/spark_airflow.py
[2024-11-04T19:09:52.571+0000] {processor.py:914} INFO - Processing file /opt/airflow/dags/spark_airflow.py for tasks to queue
[2024-11-04T19:09:52.572+0000] {logging_mixin.py:190} INFO - [2024-11-04T19:09:52.572+0000] {dagbag.py:588} INFO - Filling up the DagBag from /opt/airflow/dags/spark_airflow.py
[2024-11-04T19:09:52.589+0000] {processor.py:925} INFO - DAG(s) 'sparking_flow' retrieved from /opt/airflow/dags/spark_airflow.py
[2024-11-04T19:09:52.615+0000] {logging_mixin.py:190} INFO - [2024-11-04T19:09:52.614+0000] {dag.py:3239} INFO - Sync 1 DAGs
[2024-11-04T19:09:52.638+0000] {logging_mixin.py:190} INFO - [2024-11-04T19:09:52.638+0000] {dag.py:4180} INFO - Setting next_dagrun for sparking_flow to 2024-11-04 00:00:00+00:00, run_after=2024-11-05 00:00:00+00:00
[2024-11-04T19:09:52.654+0000] {processor.py:208} INFO - Processing /opt/airflow/dags/spark_airflow.py took 0.088 seconds
[2024-11-04T19:10:22.835+0000] {processor.py:186} INFO - Started process (PID=76481) to work on /opt/airflow/dags/spark_airflow.py
[2024-11-04T19:10:22.836+0000] {processor.py:914} INFO - Processing file /opt/airflow/dags/spark_airflow.py for tasks to queue
[2024-11-04T19:10:22.837+0000] {logging_mixin.py:190} INFO - [2024-11-04T19:10:22.837+0000] {dagbag.py:588} INFO - Filling up the DagBag from /opt/airflow/dags/spark_airflow.py
[2024-11-04T19:10:22.854+0000] {processor.py:925} INFO - DAG(s) 'sparking_flow' retrieved from /opt/airflow/dags/spark_airflow.py
[2024-11-04T19:10:22.879+0000] {logging_mixin.py:190} INFO - [2024-11-04T19:10:22.879+0000] {dag.py:3239} INFO - Sync 1 DAGs
[2024-11-04T19:10:22.902+0000] {logging_mixin.py:190} INFO - [2024-11-04T19:10:22.901+0000] {dag.py:4180} INFO - Setting next_dagrun for sparking_flow to 2024-11-04 00:00:00+00:00, run_after=2024-11-05 00:00:00+00:00
[2024-11-04T19:10:22.919+0000] {processor.py:208} INFO - Processing /opt/airflow/dags/spark_airflow.py took 0.089 seconds
[2024-11-04T19:10:53.013+0000] {processor.py:186} INFO - Started process (PID=76486) to work on /opt/airflow/dags/spark_airflow.py
[2024-11-04T19:10:53.014+0000] {processor.py:914} INFO - Processing file /opt/airflow/dags/spark_airflow.py for tasks to queue
[2024-11-04T19:10:53.015+0000] {logging_mixin.py:190} INFO - [2024-11-04T19:10:53.015+0000] {dagbag.py:588} INFO - Filling up the DagBag from /opt/airflow/dags/spark_airflow.py
[2024-11-04T19:10:53.035+0000] {processor.py:925} INFO - DAG(s) 'sparking_flow' retrieved from /opt/airflow/dags/spark_airflow.py
[2024-11-04T19:10:53.060+0000] {logging_mixin.py:190} INFO - [2024-11-04T19:10:53.060+0000] {dag.py:3239} INFO - Sync 1 DAGs
[2024-11-04T19:10:53.083+0000] {logging_mixin.py:190} INFO - [2024-11-04T19:10:53.083+0000] {dag.py:4180} INFO - Setting next_dagrun for sparking_flow to 2024-11-04 00:00:00+00:00, run_after=2024-11-05 00:00:00+00:00
[2024-11-04T19:10:53.099+0000] {processor.py:208} INFO - Processing /opt/airflow/dags/spark_airflow.py took 0.090 seconds
[2024-11-04T19:11:23.254+0000] {processor.py:186} INFO - Started process (PID=76491) to work on /opt/airflow/dags/spark_airflow.py
[2024-11-04T19:11:23.255+0000] {processor.py:914} INFO - Processing file /opt/airflow/dags/spark_airflow.py for tasks to queue
[2024-11-04T19:11:23.256+0000] {logging_mixin.py:190} INFO - [2024-11-04T19:11:23.256+0000] {dagbag.py:588} INFO - Filling up the DagBag from /opt/airflow/dags/spark_airflow.py
[2024-11-04T19:11:23.275+0000] {processor.py:925} INFO - DAG(s) 'sparking_flow' retrieved from /opt/airflow/dags/spark_airflow.py
[2024-11-04T19:11:23.301+0000] {logging_mixin.py:190} INFO - [2024-11-04T19:11:23.301+0000] {dag.py:3239} INFO - Sync 1 DAGs
[2024-11-04T19:11:23.323+0000] {logging_mixin.py:190} INFO - [2024-11-04T19:11:23.323+0000] {dag.py:4180} INFO - Setting next_dagrun for sparking_flow to 2024-11-04 00:00:00+00:00, run_after=2024-11-05 00:00:00+00:00
[2024-11-04T19:11:23.339+0000] {processor.py:208} INFO - Processing /opt/airflow/dags/spark_airflow.py took 0.090 seconds
[2024-11-04T19:11:53.431+0000] {processor.py:186} INFO - Started process (PID=76496) to work on /opt/airflow/dags/spark_airflow.py
[2024-11-04T19:11:53.432+0000] {processor.py:914} INFO - Processing file /opt/airflow/dags/spark_airflow.py for tasks to queue
[2024-11-04T19:11:53.433+0000] {logging_mixin.py:190} INFO - [2024-11-04T19:11:53.433+0000] {dagbag.py:588} INFO - Filling up the DagBag from /opt/airflow/dags/spark_airflow.py
[2024-11-04T19:11:53.451+0000] {processor.py:925} INFO - DAG(s) 'sparking_flow' retrieved from /opt/airflow/dags/spark_airflow.py
[2024-11-04T19:11:53.476+0000] {logging_mixin.py:190} INFO - [2024-11-04T19:11:53.476+0000] {dag.py:3239} INFO - Sync 1 DAGs
[2024-11-04T19:11:53.497+0000] {logging_mixin.py:190} INFO - [2024-11-04T19:11:53.497+0000] {dag.py:4180} INFO - Setting next_dagrun for sparking_flow to 2024-11-04 00:00:00+00:00, run_after=2024-11-05 00:00:00+00:00
[2024-11-04T19:11:53.515+0000] {processor.py:208} INFO - Processing /opt/airflow/dags/spark_airflow.py took 0.089 seconds
[2024-11-04T19:12:23.676+0000] {processor.py:186} INFO - Started process (PID=76501) to work on /opt/airflow/dags/spark_airflow.py
[2024-11-04T19:12:23.677+0000] {processor.py:914} INFO - Processing file /opt/airflow/dags/spark_airflow.py for tasks to queue
[2024-11-04T19:12:23.678+0000] {logging_mixin.py:190} INFO - [2024-11-04T19:12:23.678+0000] {dagbag.py:588} INFO - Filling up the DagBag from /opt/airflow/dags/spark_airflow.py
[2024-11-04T19:12:23.696+0000] {processor.py:925} INFO - DAG(s) 'sparking_flow' retrieved from /opt/airflow/dags/spark_airflow.py
[2024-11-04T19:12:23.721+0000] {logging_mixin.py:190} INFO - [2024-11-04T19:12:23.720+0000] {dag.py:3239} INFO - Sync 1 DAGs
[2024-11-04T19:12:23.744+0000] {logging_mixin.py:190} INFO - [2024-11-04T19:12:23.744+0000] {dag.py:4180} INFO - Setting next_dagrun for sparking_flow to 2024-11-04 00:00:00+00:00, run_after=2024-11-05 00:00:00+00:00
[2024-11-04T19:12:23.762+0000] {processor.py:208} INFO - Processing /opt/airflow/dags/spark_airflow.py took 0.090 seconds
[2024-11-04T19:12:53.849+0000] {processor.py:186} INFO - Started process (PID=76506) to work on /opt/airflow/dags/spark_airflow.py
[2024-11-04T19:12:53.849+0000] {processor.py:914} INFO - Processing file /opt/airflow/dags/spark_airflow.py for tasks to queue
[2024-11-04T19:12:53.851+0000] {logging_mixin.py:190} INFO - [2024-11-04T19:12:53.850+0000] {dagbag.py:588} INFO - Filling up the DagBag from /opt/airflow/dags/spark_airflow.py
[2024-11-04T19:12:53.868+0000] {processor.py:925} INFO - DAG(s) 'sparking_flow' retrieved from /opt/airflow/dags/spark_airflow.py
[2024-11-04T19:12:53.894+0000] {logging_mixin.py:190} INFO - [2024-11-04T19:12:53.893+0000] {dag.py:3239} INFO - Sync 1 DAGs
[2024-11-04T19:12:53.915+0000] {logging_mixin.py:190} INFO - [2024-11-04T19:12:53.915+0000] {dag.py:4180} INFO - Setting next_dagrun for sparking_flow to 2024-11-04 00:00:00+00:00, run_after=2024-11-05 00:00:00+00:00
[2024-11-04T19:12:53.932+0000] {processor.py:208} INFO - Processing /opt/airflow/dags/spark_airflow.py took 0.088 seconds
[2024-11-04T19:13:24.081+0000] {processor.py:186} INFO - Started process (PID=76511) to work on /opt/airflow/dags/spark_airflow.py
[2024-11-04T19:13:24.082+0000] {processor.py:914} INFO - Processing file /opt/airflow/dags/spark_airflow.py for tasks to queue
[2024-11-04T19:13:24.083+0000] {logging_mixin.py:190} INFO - [2024-11-04T19:13:24.083+0000] {dagbag.py:588} INFO - Filling up the DagBag from /opt/airflow/dags/spark_airflow.py
[2024-11-04T19:13:24.100+0000] {processor.py:925} INFO - DAG(s) 'sparking_flow' retrieved from /opt/airflow/dags/spark_airflow.py
[2024-11-04T19:13:24.123+0000] {logging_mixin.py:190} INFO - [2024-11-04T19:13:24.123+0000] {dag.py:3239} INFO - Sync 1 DAGs
[2024-11-04T19:13:24.144+0000] {logging_mixin.py:190} INFO - [2024-11-04T19:13:24.144+0000] {dag.py:4180} INFO - Setting next_dagrun for sparking_flow to 2024-11-04 00:00:00+00:00, run_after=2024-11-05 00:00:00+00:00
[2024-11-04T19:13:24.160+0000] {processor.py:208} INFO - Processing /opt/airflow/dags/spark_airflow.py took 0.083 seconds
[2024-11-04T19:13:54.260+0000] {processor.py:186} INFO - Started process (PID=76516) to work on /opt/airflow/dags/spark_airflow.py
[2024-11-04T19:13:54.261+0000] {processor.py:914} INFO - Processing file /opt/airflow/dags/spark_airflow.py for tasks to queue
[2024-11-04T19:13:54.262+0000] {logging_mixin.py:190} INFO - [2024-11-04T19:13:54.262+0000] {dagbag.py:588} INFO - Filling up the DagBag from /opt/airflow/dags/spark_airflow.py
[2024-11-04T19:13:54.279+0000] {processor.py:925} INFO - DAG(s) 'sparking_flow' retrieved from /opt/airflow/dags/spark_airflow.py
[2024-11-04T19:13:54.306+0000] {logging_mixin.py:190} INFO - [2024-11-04T19:13:54.306+0000] {dag.py:3239} INFO - Sync 1 DAGs
[2024-11-04T19:13:54.329+0000] {logging_mixin.py:190} INFO - [2024-11-04T19:13:54.329+0000] {dag.py:4180} INFO - Setting next_dagrun for sparking_flow to 2024-11-04 00:00:00+00:00, run_after=2024-11-05 00:00:00+00:00
[2024-11-04T19:13:54.346+0000] {processor.py:208} INFO - Processing /opt/airflow/dags/spark_airflow.py took 0.090 seconds
[2024-11-04T19:14:24.484+0000] {processor.py:186} INFO - Started process (PID=76521) to work on /opt/airflow/dags/spark_airflow.py
[2024-11-04T19:14:24.485+0000] {processor.py:914} INFO - Processing file /opt/airflow/dags/spark_airflow.py for tasks to queue
[2024-11-04T19:14:24.486+0000] {logging_mixin.py:190} INFO - [2024-11-04T19:14:24.486+0000] {dagbag.py:588} INFO - Filling up the DagBag from /opt/airflow/dags/spark_airflow.py
[2024-11-04T19:14:24.501+0000] {processor.py:925} INFO - DAG(s) 'sparking_flow' retrieved from /opt/airflow/dags/spark_airflow.py
[2024-11-04T19:14:24.524+0000] {logging_mixin.py:190} INFO - [2024-11-04T19:14:24.523+0000] {dag.py:3239} INFO - Sync 1 DAGs
[2024-11-04T19:14:24.543+0000] {logging_mixin.py:190} INFO - [2024-11-04T19:14:24.543+0000] {dag.py:4180} INFO - Setting next_dagrun for sparking_flow to 2024-11-04 00:00:00+00:00, run_after=2024-11-05 00:00:00+00:00
[2024-11-04T19:14:24.560+0000] {processor.py:208} INFO - Processing /opt/airflow/dags/spark_airflow.py took 0.080 seconds
[2024-11-04T19:14:54.682+0000] {processor.py:186} INFO - Started process (PID=76526) to work on /opt/airflow/dags/spark_airflow.py
[2024-11-04T19:14:54.683+0000] {processor.py:914} INFO - Processing file /opt/airflow/dags/spark_airflow.py for tasks to queue
[2024-11-04T19:14:54.684+0000] {logging_mixin.py:190} INFO - [2024-11-04T19:14:54.684+0000] {dagbag.py:588} INFO - Filling up the DagBag from /opt/airflow/dags/spark_airflow.py
[2024-11-04T19:14:54.701+0000] {processor.py:925} INFO - DAG(s) 'sparking_flow' retrieved from /opt/airflow/dags/spark_airflow.py
[2024-11-04T19:14:54.725+0000] {logging_mixin.py:190} INFO - [2024-11-04T19:14:54.725+0000] {dag.py:3239} INFO - Sync 1 DAGs
[2024-11-04T19:14:54.744+0000] {logging_mixin.py:190} INFO - [2024-11-04T19:14:54.744+0000] {dag.py:4180} INFO - Setting next_dagrun for sparking_flow to 2024-11-04 00:00:00+00:00, run_after=2024-11-05 00:00:00+00:00
[2024-11-04T19:14:54.761+0000] {processor.py:208} INFO - Processing /opt/airflow/dags/spark_airflow.py took 0.083 seconds
[2024-11-04T19:15:24.918+0000] {processor.py:186} INFO - Started process (PID=76531) to work on /opt/airflow/dags/spark_airflow.py
[2024-11-04T19:15:24.919+0000] {processor.py:914} INFO - Processing file /opt/airflow/dags/spark_airflow.py for tasks to queue
[2024-11-04T19:15:24.920+0000] {logging_mixin.py:190} INFO - [2024-11-04T19:15:24.920+0000] {dagbag.py:588} INFO - Filling up the DagBag from /opt/airflow/dags/spark_airflow.py
[2024-11-04T19:15:24.937+0000] {processor.py:925} INFO - DAG(s) 'sparking_flow' retrieved from /opt/airflow/dags/spark_airflow.py
[2024-11-04T19:15:24.961+0000] {logging_mixin.py:190} INFO - [2024-11-04T19:15:24.961+0000] {dag.py:3239} INFO - Sync 1 DAGs
[2024-11-04T19:15:24.984+0000] {logging_mixin.py:190} INFO - [2024-11-04T19:15:24.984+0000] {dag.py:4180} INFO - Setting next_dagrun for sparking_flow to 2024-11-04 00:00:00+00:00, run_after=2024-11-05 00:00:00+00:00
[2024-11-04T19:15:25.001+0000] {processor.py:208} INFO - Processing /opt/airflow/dags/spark_airflow.py took 0.087 seconds
[2024-11-04T19:15:55.100+0000] {processor.py:186} INFO - Started process (PID=76536) to work on /opt/airflow/dags/spark_airflow.py
[2024-11-04T19:15:55.101+0000] {processor.py:914} INFO - Processing file /opt/airflow/dags/spark_airflow.py for tasks to queue
[2024-11-04T19:15:55.102+0000] {logging_mixin.py:190} INFO - [2024-11-04T19:15:55.102+0000] {dagbag.py:588} INFO - Filling up the DagBag from /opt/airflow/dags/spark_airflow.py
[2024-11-04T19:15:55.119+0000] {processor.py:925} INFO - DAG(s) 'sparking_flow' retrieved from /opt/airflow/dags/spark_airflow.py
[2024-11-04T19:15:55.142+0000] {logging_mixin.py:190} INFO - [2024-11-04T19:15:55.142+0000] {dag.py:3239} INFO - Sync 1 DAGs
[2024-11-04T19:15:55.163+0000] {logging_mixin.py:190} INFO - [2024-11-04T19:15:55.163+0000] {dag.py:4180} INFO - Setting next_dagrun for sparking_flow to 2024-11-04 00:00:00+00:00, run_after=2024-11-05 00:00:00+00:00
[2024-11-04T19:15:55.180+0000] {processor.py:208} INFO - Processing /opt/airflow/dags/spark_airflow.py took 0.084 seconds
[2024-11-04T19:16:25.332+0000] {processor.py:186} INFO - Started process (PID=76541) to work on /opt/airflow/dags/spark_airflow.py
[2024-11-04T19:16:25.333+0000] {processor.py:914} INFO - Processing file /opt/airflow/dags/spark_airflow.py for tasks to queue
[2024-11-04T19:16:25.334+0000] {logging_mixin.py:190} INFO - [2024-11-04T19:16:25.334+0000] {dagbag.py:588} INFO - Filling up the DagBag from /opt/airflow/dags/spark_airflow.py
[2024-11-04T19:16:25.351+0000] {processor.py:925} INFO - DAG(s) 'sparking_flow' retrieved from /opt/airflow/dags/spark_airflow.py
[2024-11-04T19:16:25.374+0000] {logging_mixin.py:190} INFO - [2024-11-04T19:16:25.373+0000] {dag.py:3239} INFO - Sync 1 DAGs
[2024-11-04T19:16:25.394+0000] {logging_mixin.py:190} INFO - [2024-11-04T19:16:25.393+0000] {dag.py:4180} INFO - Setting next_dagrun for sparking_flow to 2024-11-04 00:00:00+00:00, run_after=2024-11-05 00:00:00+00:00
[2024-11-04T19:16:25.409+0000] {processor.py:208} INFO - Processing /opt/airflow/dags/spark_airflow.py took 0.080 seconds
[2024-11-04T19:16:55.508+0000] {processor.py:186} INFO - Started process (PID=76546) to work on /opt/airflow/dags/spark_airflow.py
[2024-11-04T19:16:55.509+0000] {processor.py:914} INFO - Processing file /opt/airflow/dags/spark_airflow.py for tasks to queue
[2024-11-04T19:16:55.510+0000] {logging_mixin.py:190} INFO - [2024-11-04T19:16:55.510+0000] {dagbag.py:588} INFO - Filling up the DagBag from /opt/airflow/dags/spark_airflow.py
[2024-11-04T19:16:55.527+0000] {processor.py:925} INFO - DAG(s) 'sparking_flow' retrieved from /opt/airflow/dags/spark_airflow.py
[2024-11-04T19:16:55.553+0000] {logging_mixin.py:190} INFO - [2024-11-04T19:16:55.553+0000] {dag.py:3239} INFO - Sync 1 DAGs
[2024-11-04T19:16:55.574+0000] {logging_mixin.py:190} INFO - [2024-11-04T19:16:55.574+0000] {dag.py:4180} INFO - Setting next_dagrun for sparking_flow to 2024-11-04 00:00:00+00:00, run_after=2024-11-05 00:00:00+00:00
[2024-11-04T19:16:55.591+0000] {processor.py:208} INFO - Processing /opt/airflow/dags/spark_airflow.py took 0.087 seconds
[2024-11-04T19:17:25.735+0000] {processor.py:186} INFO - Started process (PID=76551) to work on /opt/airflow/dags/spark_airflow.py
[2024-11-04T19:17:25.736+0000] {processor.py:914} INFO - Processing file /opt/airflow/dags/spark_airflow.py for tasks to queue
[2024-11-04T19:17:25.737+0000] {logging_mixin.py:190} INFO - [2024-11-04T19:17:25.737+0000] {dagbag.py:588} INFO - Filling up the DagBag from /opt/airflow/dags/spark_airflow.py
[2024-11-04T19:17:25.754+0000] {processor.py:925} INFO - DAG(s) 'sparking_flow' retrieved from /opt/airflow/dags/spark_airflow.py
[2024-11-04T19:17:25.776+0000] {logging_mixin.py:190} INFO - [2024-11-04T19:17:25.776+0000] {dag.py:3239} INFO - Sync 1 DAGs
[2024-11-04T19:17:25.795+0000] {logging_mixin.py:190} INFO - [2024-11-04T19:17:25.795+0000] {dag.py:4180} INFO - Setting next_dagrun for sparking_flow to 2024-11-04 00:00:00+00:00, run_after=2024-11-05 00:00:00+00:00
[2024-11-04T19:17:25.811+0000] {processor.py:208} INFO - Processing /opt/airflow/dags/spark_airflow.py took 0.080 seconds
[2024-11-04T19:17:55.920+0000] {processor.py:186} INFO - Started process (PID=76556) to work on /opt/airflow/dags/spark_airflow.py
[2024-11-04T19:17:55.921+0000] {processor.py:914} INFO - Processing file /opt/airflow/dags/spark_airflow.py for tasks to queue
[2024-11-04T19:17:55.922+0000] {logging_mixin.py:190} INFO - [2024-11-04T19:17:55.922+0000] {dagbag.py:588} INFO - Filling up the DagBag from /opt/airflow/dags/spark_airflow.py
[2024-11-04T19:17:55.939+0000] {processor.py:925} INFO - DAG(s) 'sparking_flow' retrieved from /opt/airflow/dags/spark_airflow.py
[2024-11-04T19:17:55.966+0000] {logging_mixin.py:190} INFO - [2024-11-04T19:17:55.966+0000] {dag.py:3239} INFO - Sync 1 DAGs
[2024-11-04T19:17:55.989+0000] {logging_mixin.py:190} INFO - [2024-11-04T19:17:55.989+0000] {dag.py:4180} INFO - Setting next_dagrun for sparking_flow to 2024-11-04 00:00:00+00:00, run_after=2024-11-05 00:00:00+00:00
[2024-11-04T19:17:56.007+0000] {processor.py:208} INFO - Processing /opt/airflow/dags/spark_airflow.py took 0.091 seconds
[2024-11-04T19:18:26.143+0000] {processor.py:186} INFO - Started process (PID=76561) to work on /opt/airflow/dags/spark_airflow.py
[2024-11-04T19:18:26.144+0000] {processor.py:914} INFO - Processing file /opt/airflow/dags/spark_airflow.py for tasks to queue
[2024-11-04T19:18:26.145+0000] {logging_mixin.py:190} INFO - [2024-11-04T19:18:26.145+0000] {dagbag.py:588} INFO - Filling up the DagBag from /opt/airflow/dags/spark_airflow.py
[2024-11-04T19:18:26.162+0000] {processor.py:925} INFO - DAG(s) 'sparking_flow' retrieved from /opt/airflow/dags/spark_airflow.py
[2024-11-04T19:18:26.187+0000] {logging_mixin.py:190} INFO - [2024-11-04T19:18:26.187+0000] {dag.py:3239} INFO - Sync 1 DAGs
[2024-11-04T19:18:26.210+0000] {logging_mixin.py:190} INFO - [2024-11-04T19:18:26.209+0000] {dag.py:4180} INFO - Setting next_dagrun for sparking_flow to 2024-11-04 00:00:00+00:00, run_after=2024-11-05 00:00:00+00:00
[2024-11-04T19:18:26.225+0000] {processor.py:208} INFO - Processing /opt/airflow/dags/spark_airflow.py took 0.087 seconds
[2024-11-04T19:18:56.334+0000] {processor.py:186} INFO - Started process (PID=76566) to work on /opt/airflow/dags/spark_airflow.py
[2024-11-04T19:18:56.335+0000] {processor.py:914} INFO - Processing file /opt/airflow/dags/spark_airflow.py for tasks to queue
[2024-11-04T19:18:56.336+0000] {logging_mixin.py:190} INFO - [2024-11-04T19:18:56.336+0000] {dagbag.py:588} INFO - Filling up the DagBag from /opt/airflow/dags/spark_airflow.py
[2024-11-04T19:18:56.355+0000] {processor.py:925} INFO - DAG(s) 'sparking_flow' retrieved from /opt/airflow/dags/spark_airflow.py
[2024-11-04T19:18:56.380+0000] {logging_mixin.py:190} INFO - [2024-11-04T19:18:56.380+0000] {dag.py:3239} INFO - Sync 1 DAGs
[2024-11-04T19:18:56.401+0000] {logging_mixin.py:190} INFO - [2024-11-04T19:18:56.401+0000] {dag.py:4180} INFO - Setting next_dagrun for sparking_flow to 2024-11-04 00:00:00+00:00, run_after=2024-11-05 00:00:00+00:00
[2024-11-04T19:18:56.419+0000] {processor.py:208} INFO - Processing /opt/airflow/dags/spark_airflow.py took 0.091 seconds
[2024-11-04T19:19:26.555+0000] {processor.py:186} INFO - Started process (PID=76571) to work on /opt/airflow/dags/spark_airflow.py
[2024-11-04T19:19:26.556+0000] {processor.py:914} INFO - Processing file /opt/airflow/dags/spark_airflow.py for tasks to queue
[2024-11-04T19:19:26.557+0000] {logging_mixin.py:190} INFO - [2024-11-04T19:19:26.557+0000] {dagbag.py:588} INFO - Filling up the DagBag from /opt/airflow/dags/spark_airflow.py
[2024-11-04T19:19:26.574+0000] {processor.py:925} INFO - DAG(s) 'sparking_flow' retrieved from /opt/airflow/dags/spark_airflow.py
[2024-11-04T19:19:26.600+0000] {logging_mixin.py:190} INFO - [2024-11-04T19:19:26.600+0000] {dag.py:3239} INFO - Sync 1 DAGs
[2024-11-04T19:19:26.625+0000] {logging_mixin.py:190} INFO - [2024-11-04T19:19:26.625+0000] {dag.py:4180} INFO - Setting next_dagrun for sparking_flow to 2024-11-04 00:00:00+00:00, run_after=2024-11-05 00:00:00+00:00
[2024-11-04T19:19:26.639+0000] {processor.py:208} INFO - Processing /opt/airflow/dags/spark_airflow.py took 0.089 seconds
[2024-11-04T19:19:56.733+0000] {processor.py:186} INFO - Started process (PID=76576) to work on /opt/airflow/dags/spark_airflow.py
[2024-11-04T19:19:56.734+0000] {processor.py:914} INFO - Processing file /opt/airflow/dags/spark_airflow.py for tasks to queue
[2024-11-04T19:19:56.735+0000] {logging_mixin.py:190} INFO - [2024-11-04T19:19:56.735+0000] {dagbag.py:588} INFO - Filling up the DagBag from /opt/airflow/dags/spark_airflow.py
[2024-11-04T19:19:56.752+0000] {processor.py:925} INFO - DAG(s) 'sparking_flow' retrieved from /opt/airflow/dags/spark_airflow.py
[2024-11-04T19:19:56.775+0000] {logging_mixin.py:190} INFO - [2024-11-04T19:19:56.775+0000] {dag.py:3239} INFO - Sync 1 DAGs
[2024-11-04T19:19:56.796+0000] {logging_mixin.py:190} INFO - [2024-11-04T19:19:56.796+0000] {dag.py:4180} INFO - Setting next_dagrun for sparking_flow to 2024-11-04 00:00:00+00:00, run_after=2024-11-05 00:00:00+00:00
[2024-11-04T19:19:56.812+0000] {processor.py:208} INFO - Processing /opt/airflow/dags/spark_airflow.py took 0.083 seconds
[2024-11-04T19:20:26.970+0000] {processor.py:186} INFO - Started process (PID=76581) to work on /opt/airflow/dags/spark_airflow.py
[2024-11-04T19:20:26.971+0000] {processor.py:914} INFO - Processing file /opt/airflow/dags/spark_airflow.py for tasks to queue
[2024-11-04T19:20:26.972+0000] {logging_mixin.py:190} INFO - [2024-11-04T19:20:26.972+0000] {dagbag.py:588} INFO - Filling up the DagBag from /opt/airflow/dags/spark_airflow.py
[2024-11-04T19:20:26.989+0000] {processor.py:925} INFO - DAG(s) 'sparking_flow' retrieved from /opt/airflow/dags/spark_airflow.py
[2024-11-04T19:20:27.014+0000] {logging_mixin.py:190} INFO - [2024-11-04T19:20:27.013+0000] {dag.py:3239} INFO - Sync 1 DAGs
[2024-11-04T19:20:27.035+0000] {logging_mixin.py:190} INFO - [2024-11-04T19:20:27.035+0000] {dag.py:4180} INFO - Setting next_dagrun for sparking_flow to 2024-11-04 00:00:00+00:00, run_after=2024-11-05 00:00:00+00:00
[2024-11-04T19:20:27.054+0000] {processor.py:208} INFO - Processing /opt/airflow/dags/spark_airflow.py took 0.087 seconds
[2024-11-04T19:20:57.153+0000] {processor.py:186} INFO - Started process (PID=76586) to work on /opt/airflow/dags/spark_airflow.py
[2024-11-04T19:20:57.154+0000] {processor.py:914} INFO - Processing file /opt/airflow/dags/spark_airflow.py for tasks to queue
[2024-11-04T19:20:57.155+0000] {logging_mixin.py:190} INFO - [2024-11-04T19:20:57.155+0000] {dagbag.py:588} INFO - Filling up the DagBag from /opt/airflow/dags/spark_airflow.py
[2024-11-04T19:20:57.173+0000] {processor.py:925} INFO - DAG(s) 'sparking_flow' retrieved from /opt/airflow/dags/spark_airflow.py
[2024-11-04T19:20:57.196+0000] {logging_mixin.py:190} INFO - [2024-11-04T19:20:57.196+0000] {dag.py:3239} INFO - Sync 1 DAGs
[2024-11-04T19:20:57.217+0000] {logging_mixin.py:190} INFO - [2024-11-04T19:20:57.216+0000] {dag.py:4180} INFO - Setting next_dagrun for sparking_flow to 2024-11-04 00:00:00+00:00, run_after=2024-11-05 00:00:00+00:00
[2024-11-04T19:20:57.233+0000] {processor.py:208} INFO - Processing /opt/airflow/dags/spark_airflow.py took 0.084 seconds
[2024-11-04T19:21:27.385+0000] {processor.py:186} INFO - Started process (PID=76591) to work on /opt/airflow/dags/spark_airflow.py
[2024-11-04T19:21:27.386+0000] {processor.py:914} INFO - Processing file /opt/airflow/dags/spark_airflow.py for tasks to queue
[2024-11-04T19:21:27.387+0000] {logging_mixin.py:190} INFO - [2024-11-04T19:21:27.387+0000] {dagbag.py:588} INFO - Filling up the DagBag from /opt/airflow/dags/spark_airflow.py
[2024-11-04T19:21:27.404+0000] {processor.py:925} INFO - DAG(s) 'sparking_flow' retrieved from /opt/airflow/dags/spark_airflow.py
[2024-11-04T19:21:27.427+0000] {logging_mixin.py:190} INFO - [2024-11-04T19:21:27.427+0000] {dag.py:3239} INFO - Sync 1 DAGs
[2024-11-04T19:21:27.448+0000] {logging_mixin.py:190} INFO - [2024-11-04T19:21:27.448+0000] {dag.py:4180} INFO - Setting next_dagrun for sparking_flow to 2024-11-04 00:00:00+00:00, run_after=2024-11-05 00:00:00+00:00
[2024-11-04T19:21:27.464+0000] {processor.py:208} INFO - Processing /opt/airflow/dags/spark_airflow.py took 0.083 seconds
[2024-11-04T19:21:57.563+0000] {processor.py:186} INFO - Started process (PID=76596) to work on /opt/airflow/dags/spark_airflow.py
[2024-11-04T19:21:57.564+0000] {processor.py:914} INFO - Processing file /opt/airflow/dags/spark_airflow.py for tasks to queue
[2024-11-04T19:21:57.565+0000] {logging_mixin.py:190} INFO - [2024-11-04T19:21:57.565+0000] {dagbag.py:588} INFO - Filling up the DagBag from /opt/airflow/dags/spark_airflow.py
[2024-11-04T19:21:57.582+0000] {processor.py:925} INFO - DAG(s) 'sparking_flow' retrieved from /opt/airflow/dags/spark_airflow.py
[2024-11-04T19:21:57.608+0000] {logging_mixin.py:190} INFO - [2024-11-04T19:21:57.608+0000] {dag.py:3239} INFO - Sync 1 DAGs
[2024-11-04T19:21:57.631+0000] {logging_mixin.py:190} INFO - [2024-11-04T19:21:57.631+0000] {dag.py:4180} INFO - Setting next_dagrun for sparking_flow to 2024-11-04 00:00:00+00:00, run_after=2024-11-05 00:00:00+00:00
[2024-11-04T19:21:57.649+0000] {processor.py:208} INFO - Processing /opt/airflow/dags/spark_airflow.py took 0.090 seconds
[2024-11-04T19:22:27.797+0000] {processor.py:186} INFO - Started process (PID=76601) to work on /opt/airflow/dags/spark_airflow.py
[2024-11-04T19:22:27.798+0000] {processor.py:914} INFO - Processing file /opt/airflow/dags/spark_airflow.py for tasks to queue
[2024-11-04T19:22:27.798+0000] {logging_mixin.py:190} INFO - [2024-11-04T19:22:27.798+0000] {dagbag.py:588} INFO - Filling up the DagBag from /opt/airflow/dags/spark_airflow.py
[2024-11-04T19:22:27.815+0000] {processor.py:925} INFO - DAG(s) 'sparking_flow' retrieved from /opt/airflow/dags/spark_airflow.py
[2024-11-04T19:22:27.840+0000] {logging_mixin.py:190} INFO - [2024-11-04T19:22:27.839+0000] {dag.py:3239} INFO - Sync 1 DAGs
[2024-11-04T19:22:27.861+0000] {logging_mixin.py:190} INFO - [2024-11-04T19:22:27.860+0000] {dag.py:4180} INFO - Setting next_dagrun for sparking_flow to 2024-11-04 00:00:00+00:00, run_after=2024-11-05 00:00:00+00:00
[2024-11-04T19:22:27.879+0000] {processor.py:208} INFO - Processing /opt/airflow/dags/spark_airflow.py took 0.086 seconds
[2024-11-04T19:22:57.978+0000] {processor.py:186} INFO - Started process (PID=76606) to work on /opt/airflow/dags/spark_airflow.py
[2024-11-04T19:22:57.979+0000] {processor.py:914} INFO - Processing file /opt/airflow/dags/spark_airflow.py for tasks to queue
[2024-11-04T19:22:57.980+0000] {logging_mixin.py:190} INFO - [2024-11-04T19:22:57.980+0000] {dagbag.py:588} INFO - Filling up the DagBag from /opt/airflow/dags/spark_airflow.py
[2024-11-04T19:22:57.997+0000] {processor.py:925} INFO - DAG(s) 'sparking_flow' retrieved from /opt/airflow/dags/spark_airflow.py
[2024-11-04T19:22:58.024+0000] {logging_mixin.py:190} INFO - [2024-11-04T19:22:58.024+0000] {dag.py:3239} INFO - Sync 1 DAGs
[2024-11-04T19:22:58.047+0000] {logging_mixin.py:190} INFO - [2024-11-04T19:22:58.046+0000] {dag.py:4180} INFO - Setting next_dagrun for sparking_flow to 2024-11-04 00:00:00+00:00, run_after=2024-11-05 00:00:00+00:00
[2024-11-04T19:22:58.065+0000] {processor.py:208} INFO - Processing /opt/airflow/dags/spark_airflow.py took 0.091 seconds
[2024-11-04T19:23:28.220+0000] {processor.py:186} INFO - Started process (PID=76611) to work on /opt/airflow/dags/spark_airflow.py
[2024-11-04T19:23:28.221+0000] {processor.py:914} INFO - Processing file /opt/airflow/dags/spark_airflow.py for tasks to queue
[2024-11-04T19:23:28.222+0000] {logging_mixin.py:190} INFO - [2024-11-04T19:23:28.222+0000] {dagbag.py:588} INFO - Filling up the DagBag from /opt/airflow/dags/spark_airflow.py
[2024-11-04T19:23:28.241+0000] {processor.py:925} INFO - DAG(s) 'sparking_flow' retrieved from /opt/airflow/dags/spark_airflow.py
[2024-11-04T19:23:28.266+0000] {logging_mixin.py:190} INFO - [2024-11-04T19:23:28.265+0000] {dag.py:3239} INFO - Sync 1 DAGs
[2024-11-04T19:23:28.287+0000] {logging_mixin.py:190} INFO - [2024-11-04T19:23:28.287+0000] {dag.py:4180} INFO - Setting next_dagrun for sparking_flow to 2024-11-04 00:00:00+00:00, run_after=2024-11-05 00:00:00+00:00
[2024-11-04T19:23:28.304+0000] {processor.py:208} INFO - Processing /opt/airflow/dags/spark_airflow.py took 0.089 seconds
[2024-11-04T19:23:58.395+0000] {processor.py:186} INFO - Started process (PID=76616) to work on /opt/airflow/dags/spark_airflow.py
[2024-11-04T19:23:58.396+0000] {processor.py:914} INFO - Processing file /opt/airflow/dags/spark_airflow.py for tasks to queue
[2024-11-04T19:23:58.398+0000] {logging_mixin.py:190} INFO - [2024-11-04T19:23:58.397+0000] {dagbag.py:588} INFO - Filling up the DagBag from /opt/airflow/dags/spark_airflow.py
[2024-11-04T19:23:58.415+0000] {processor.py:925} INFO - DAG(s) 'sparking_flow' retrieved from /opt/airflow/dags/spark_airflow.py
[2024-11-04T19:23:58.441+0000] {logging_mixin.py:190} INFO - [2024-11-04T19:23:58.441+0000] {dag.py:3239} INFO - Sync 1 DAGs
[2024-11-04T19:23:58.464+0000] {logging_mixin.py:190} INFO - [2024-11-04T19:23:58.464+0000] {dag.py:4180} INFO - Setting next_dagrun for sparking_flow to 2024-11-04 00:00:00+00:00, run_after=2024-11-05 00:00:00+00:00
[2024-11-04T19:23:58.485+0000] {processor.py:208} INFO - Processing /opt/airflow/dags/spark_airflow.py took 0.094 seconds
[2024-11-04T19:24:28.639+0000] {processor.py:186} INFO - Started process (PID=76621) to work on /opt/airflow/dags/spark_airflow.py
[2024-11-04T19:24:28.640+0000] {processor.py:914} INFO - Processing file /opt/airflow/dags/spark_airflow.py for tasks to queue
[2024-11-04T19:24:28.641+0000] {logging_mixin.py:190} INFO - [2024-11-04T19:24:28.641+0000] {dagbag.py:588} INFO - Filling up the DagBag from /opt/airflow/dags/spark_airflow.py
[2024-11-04T19:24:28.659+0000] {processor.py:925} INFO - DAG(s) 'sparking_flow' retrieved from /opt/airflow/dags/spark_airflow.py
[2024-11-04T19:24:28.683+0000] {logging_mixin.py:190} INFO - [2024-11-04T19:24:28.683+0000] {dag.py:3239} INFO - Sync 1 DAGs
[2024-11-04T19:24:28.706+0000] {logging_mixin.py:190} INFO - [2024-11-04T19:24:28.706+0000] {dag.py:4180} INFO - Setting next_dagrun for sparking_flow to 2024-11-04 00:00:00+00:00, run_after=2024-11-05 00:00:00+00:00
[2024-11-04T19:24:28.723+0000] {processor.py:208} INFO - Processing /opt/airflow/dags/spark_airflow.py took 0.088 seconds
[2024-11-04T19:24:58.822+0000] {processor.py:186} INFO - Started process (PID=76626) to work on /opt/airflow/dags/spark_airflow.py
[2024-11-04T19:24:58.822+0000] {processor.py:914} INFO - Processing file /opt/airflow/dags/spark_airflow.py for tasks to queue
[2024-11-04T19:24:58.823+0000] {logging_mixin.py:190} INFO - [2024-11-04T19:24:58.823+0000] {dagbag.py:588} INFO - Filling up the DagBag from /opt/airflow/dags/spark_airflow.py
[2024-11-04T19:24:58.841+0000] {processor.py:925} INFO - DAG(s) 'sparking_flow' retrieved from /opt/airflow/dags/spark_airflow.py
[2024-11-04T19:24:58.867+0000] {logging_mixin.py:190} INFO - [2024-11-04T19:24:58.867+0000] {dag.py:3239} INFO - Sync 1 DAGs
[2024-11-04T19:24:58.889+0000] {logging_mixin.py:190} INFO - [2024-11-04T19:24:58.889+0000] {dag.py:4180} INFO - Setting next_dagrun for sparking_flow to 2024-11-04 00:00:00+00:00, run_after=2024-11-05 00:00:00+00:00
[2024-11-04T19:24:58.905+0000] {processor.py:208} INFO - Processing /opt/airflow/dags/spark_airflow.py took 0.088 seconds
[2024-11-04T19:25:29.068+0000] {processor.py:186} INFO - Started process (PID=76631) to work on /opt/airflow/dags/spark_airflow.py
[2024-11-04T19:25:29.069+0000] {processor.py:914} INFO - Processing file /opt/airflow/dags/spark_airflow.py for tasks to queue
[2024-11-04T19:25:29.070+0000] {logging_mixin.py:190} INFO - [2024-11-04T19:25:29.069+0000] {dagbag.py:588} INFO - Filling up the DagBag from /opt/airflow/dags/spark_airflow.py
[2024-11-04T19:25:29.087+0000] {processor.py:925} INFO - DAG(s) 'sparking_flow' retrieved from /opt/airflow/dags/spark_airflow.py
[2024-11-04T19:25:29.109+0000] {logging_mixin.py:190} INFO - [2024-11-04T19:25:29.109+0000] {dag.py:3239} INFO - Sync 1 DAGs
[2024-11-04T19:25:29.129+0000] {logging_mixin.py:190} INFO - [2024-11-04T19:25:29.129+0000] {dag.py:4180} INFO - Setting next_dagrun for sparking_flow to 2024-11-04 00:00:00+00:00, run_after=2024-11-05 00:00:00+00:00
[2024-11-04T19:25:29.147+0000] {processor.py:208} INFO - Processing /opt/airflow/dags/spark_airflow.py took 0.083 seconds
[2024-11-04T19:25:59.235+0000] {processor.py:186} INFO - Started process (PID=76636) to work on /opt/airflow/dags/spark_airflow.py
[2024-11-04T19:25:59.236+0000] {processor.py:914} INFO - Processing file /opt/airflow/dags/spark_airflow.py for tasks to queue
[2024-11-04T19:25:59.237+0000] {logging_mixin.py:190} INFO - [2024-11-04T19:25:59.237+0000] {dagbag.py:588} INFO - Filling up the DagBag from /opt/airflow/dags/spark_airflow.py
[2024-11-04T19:25:59.255+0000] {processor.py:925} INFO - DAG(s) 'sparking_flow' retrieved from /opt/airflow/dags/spark_airflow.py
[2024-11-04T19:25:59.279+0000] {logging_mixin.py:190} INFO - [2024-11-04T19:25:59.279+0000] {dag.py:3239} INFO - Sync 1 DAGs
[2024-11-04T19:25:59.300+0000] {logging_mixin.py:190} INFO - [2024-11-04T19:25:59.299+0000] {dag.py:4180} INFO - Setting next_dagrun for sparking_flow to 2024-11-04 00:00:00+00:00, run_after=2024-11-05 00:00:00+00:00
[2024-11-04T19:25:59.317+0000] {processor.py:208} INFO - Processing /opt/airflow/dags/spark_airflow.py took 0.086 seconds
[2024-11-04T19:26:29.451+0000] {processor.py:186} INFO - Started process (PID=76641) to work on /opt/airflow/dags/spark_airflow.py
[2024-11-04T19:26:29.451+0000] {processor.py:914} INFO - Processing file /opt/airflow/dags/spark_airflow.py for tasks to queue
[2024-11-04T19:26:29.452+0000] {logging_mixin.py:190} INFO - [2024-11-04T19:26:29.452+0000] {dagbag.py:588} INFO - Filling up the DagBag from /opt/airflow/dags/spark_airflow.py
[2024-11-04T19:26:29.469+0000] {processor.py:925} INFO - DAG(s) 'sparking_flow' retrieved from /opt/airflow/dags/spark_airflow.py
[2024-11-04T19:26:29.493+0000] {logging_mixin.py:190} INFO - [2024-11-04T19:26:29.492+0000] {dag.py:3239} INFO - Sync 1 DAGs
[2024-11-04T19:26:29.513+0000] {logging_mixin.py:190} INFO - [2024-11-04T19:26:29.513+0000] {dag.py:4180} INFO - Setting next_dagrun for sparking_flow to 2024-11-04 00:00:00+00:00, run_after=2024-11-05 00:00:00+00:00
[2024-11-04T19:26:29.530+0000] {processor.py:208} INFO - Processing /opt/airflow/dags/spark_airflow.py took 0.084 seconds
[2024-11-04T19:26:59.631+0000] {processor.py:186} INFO - Started process (PID=76646) to work on /opt/airflow/dags/spark_airflow.py
[2024-11-04T19:26:59.632+0000] {processor.py:914} INFO - Processing file /opt/airflow/dags/spark_airflow.py for tasks to queue
[2024-11-04T19:26:59.633+0000] {logging_mixin.py:190} INFO - [2024-11-04T19:26:59.633+0000] {dagbag.py:588} INFO - Filling up the DagBag from /opt/airflow/dags/spark_airflow.py
[2024-11-04T19:26:59.650+0000] {processor.py:925} INFO - DAG(s) 'sparking_flow' retrieved from /opt/airflow/dags/spark_airflow.py
[2024-11-04T19:26:59.675+0000] {logging_mixin.py:190} INFO - [2024-11-04T19:26:59.675+0000] {dag.py:3239} INFO - Sync 1 DAGs
[2024-11-04T19:26:59.697+0000] {logging_mixin.py:190} INFO - [2024-11-04T19:26:59.697+0000] {dag.py:4180} INFO - Setting next_dagrun for sparking_flow to 2024-11-04 00:00:00+00:00, run_after=2024-11-05 00:00:00+00:00
[2024-11-04T19:26:59.715+0000] {processor.py:208} INFO - Processing /opt/airflow/dags/spark_airflow.py took 0.088 seconds
[2024-11-04T19:27:29.842+0000] {processor.py:186} INFO - Started process (PID=76651) to work on /opt/airflow/dags/spark_airflow.py
[2024-11-04T19:27:29.843+0000] {processor.py:914} INFO - Processing file /opt/airflow/dags/spark_airflow.py for tasks to queue
[2024-11-04T19:27:29.844+0000] {logging_mixin.py:190} INFO - [2024-11-04T19:27:29.844+0000] {dagbag.py:588} INFO - Filling up the DagBag from /opt/airflow/dags/spark_airflow.py
[2024-11-04T19:27:29.862+0000] {processor.py:925} INFO - DAG(s) 'sparking_flow' retrieved from /opt/airflow/dags/spark_airflow.py
[2024-11-04T19:27:29.888+0000] {logging_mixin.py:190} INFO - [2024-11-04T19:27:29.888+0000] {dag.py:3239} INFO - Sync 1 DAGs
[2024-11-04T19:27:29.911+0000] {logging_mixin.py:190} INFO - [2024-11-04T19:27:29.911+0000] {dag.py:4180} INFO - Setting next_dagrun for sparking_flow to 2024-11-04 00:00:00+00:00, run_after=2024-11-05 00:00:00+00:00
[2024-11-04T19:27:29.927+0000] {processor.py:208} INFO - Processing /opt/airflow/dags/spark_airflow.py took 0.090 seconds
[2024-11-04T19:28:00.022+0000] {processor.py:186} INFO - Started process (PID=76656) to work on /opt/airflow/dags/spark_airflow.py
[2024-11-04T19:28:00.023+0000] {processor.py:914} INFO - Processing file /opt/airflow/dags/spark_airflow.py for tasks to queue
[2024-11-04T19:28:00.024+0000] {logging_mixin.py:190} INFO - [2024-11-04T19:28:00.023+0000] {dagbag.py:588} INFO - Filling up the DagBag from /opt/airflow/dags/spark_airflow.py
[2024-11-04T19:28:00.041+0000] {processor.py:925} INFO - DAG(s) 'sparking_flow' retrieved from /opt/airflow/dags/spark_airflow.py
[2024-11-04T19:28:00.064+0000] {logging_mixin.py:190} INFO - [2024-11-04T19:28:00.064+0000] {dag.py:3239} INFO - Sync 1 DAGs
[2024-11-04T19:28:00.085+0000] {logging_mixin.py:190} INFO - [2024-11-04T19:28:00.085+0000] {dag.py:4180} INFO - Setting next_dagrun for sparking_flow to 2024-11-04 00:00:00+00:00, run_after=2024-11-05 00:00:00+00:00
[2024-11-04T19:28:00.101+0000] {processor.py:208} INFO - Processing /opt/airflow/dags/spark_airflow.py took 0.084 seconds
[2024-11-04T19:28:30.230+0000] {processor.py:186} INFO - Started process (PID=76661) to work on /opt/airflow/dags/spark_airflow.py
[2024-11-04T19:28:30.230+0000] {processor.py:914} INFO - Processing file /opt/airflow/dags/spark_airflow.py for tasks to queue
[2024-11-04T19:28:30.231+0000] {logging_mixin.py:190} INFO - [2024-11-04T19:28:30.231+0000] {dagbag.py:588} INFO - Filling up the DagBag from /opt/airflow/dags/spark_airflow.py
[2024-11-04T19:28:30.248+0000] {processor.py:925} INFO - DAG(s) 'sparking_flow' retrieved from /opt/airflow/dags/spark_airflow.py
[2024-11-04T19:28:30.274+0000] {logging_mixin.py:190} INFO - [2024-11-04T19:28:30.273+0000] {dag.py:3239} INFO - Sync 1 DAGs
[2024-11-04T19:28:30.295+0000] {logging_mixin.py:190} INFO - [2024-11-04T19:28:30.295+0000] {dag.py:4180} INFO - Setting next_dagrun for sparking_flow to 2024-11-04 00:00:00+00:00, run_after=2024-11-05 00:00:00+00:00
[2024-11-04T19:28:30.311+0000] {processor.py:208} INFO - Processing /opt/airflow/dags/spark_airflow.py took 0.086 seconds
[2024-11-04T19:29:00.407+0000] {processor.py:186} INFO - Started process (PID=76666) to work on /opt/airflow/dags/spark_airflow.py
[2024-11-04T19:29:00.407+0000] {processor.py:914} INFO - Processing file /opt/airflow/dags/spark_airflow.py for tasks to queue
[2024-11-04T19:29:00.409+0000] {logging_mixin.py:190} INFO - [2024-11-04T19:29:00.408+0000] {dagbag.py:588} INFO - Filling up the DagBag from /opt/airflow/dags/spark_airflow.py
[2024-11-04T19:29:00.425+0000] {processor.py:925} INFO - DAG(s) 'sparking_flow' retrieved from /opt/airflow/dags/spark_airflow.py
[2024-11-04T19:29:00.448+0000] {logging_mixin.py:190} INFO - [2024-11-04T19:29:00.448+0000] {dag.py:3239} INFO - Sync 1 DAGs
[2024-11-04T19:29:00.467+0000] {logging_mixin.py:190} INFO - [2024-11-04T19:29:00.467+0000] {dag.py:4180} INFO - Setting next_dagrun for sparking_flow to 2024-11-04 00:00:00+00:00, run_after=2024-11-05 00:00:00+00:00
[2024-11-04T19:29:00.485+0000] {processor.py:208} INFO - Processing /opt/airflow/dags/spark_airflow.py took 0.082 seconds
[2024-11-04T19:29:30.614+0000] {processor.py:186} INFO - Started process (PID=76671) to work on /opt/airflow/dags/spark_airflow.py
[2024-11-04T19:29:30.615+0000] {processor.py:914} INFO - Processing file /opt/airflow/dags/spark_airflow.py for tasks to queue
[2024-11-04T19:29:30.616+0000] {logging_mixin.py:190} INFO - [2024-11-04T19:29:30.616+0000] {dagbag.py:588} INFO - Filling up the DagBag from /opt/airflow/dags/spark_airflow.py
[2024-11-04T19:29:30.634+0000] {processor.py:925} INFO - DAG(s) 'sparking_flow' retrieved from /opt/airflow/dags/spark_airflow.py
[2024-11-04T19:29:30.659+0000] {logging_mixin.py:190} INFO - [2024-11-04T19:29:30.659+0000] {dag.py:3239} INFO - Sync 1 DAGs
[2024-11-04T19:29:30.682+0000] {logging_mixin.py:190} INFO - [2024-11-04T19:29:30.682+0000] {dag.py:4180} INFO - Setting next_dagrun for sparking_flow to 2024-11-04 00:00:00+00:00, run_after=2024-11-05 00:00:00+00:00
[2024-11-04T19:29:30.697+0000] {processor.py:208} INFO - Processing /opt/airflow/dags/spark_airflow.py took 0.088 seconds
[2024-11-04T19:30:00.790+0000] {processor.py:186} INFO - Started process (PID=76676) to work on /opt/airflow/dags/spark_airflow.py
[2024-11-04T19:30:00.791+0000] {processor.py:914} INFO - Processing file /opt/airflow/dags/spark_airflow.py for tasks to queue
[2024-11-04T19:30:00.792+0000] {logging_mixin.py:190} INFO - [2024-11-04T19:30:00.792+0000] {dagbag.py:588} INFO - Filling up the DagBag from /opt/airflow/dags/spark_airflow.py
[2024-11-04T19:30:00.809+0000] {processor.py:925} INFO - DAG(s) 'sparking_flow' retrieved from /opt/airflow/dags/spark_airflow.py
[2024-11-04T19:30:00.835+0000] {logging_mixin.py:190} INFO - [2024-11-04T19:30:00.835+0000] {dag.py:3239} INFO - Sync 1 DAGs
[2024-11-04T19:30:00.858+0000] {logging_mixin.py:190} INFO - [2024-11-04T19:30:00.857+0000] {dag.py:4180} INFO - Setting next_dagrun for sparking_flow to 2024-11-04 00:00:00+00:00, run_after=2024-11-05 00:00:00+00:00
[2024-11-04T19:30:00.875+0000] {processor.py:208} INFO - Processing /opt/airflow/dags/spark_airflow.py took 0.089 seconds
[2024-11-04T19:30:31.043+0000] {processor.py:186} INFO - Started process (PID=76681) to work on /opt/airflow/dags/spark_airflow.py
[2024-11-04T19:30:31.044+0000] {processor.py:914} INFO - Processing file /opt/airflow/dags/spark_airflow.py for tasks to queue
[2024-11-04T19:30:31.045+0000] {logging_mixin.py:190} INFO - [2024-11-04T19:30:31.044+0000] {dagbag.py:588} INFO - Filling up the DagBag from /opt/airflow/dags/spark_airflow.py
[2024-11-04T19:30:31.061+0000] {processor.py:925} INFO - DAG(s) 'sparking_flow' retrieved from /opt/airflow/dags/spark_airflow.py
[2024-11-04T19:30:31.088+0000] {logging_mixin.py:190} INFO - [2024-11-04T19:30:31.088+0000] {dag.py:3239} INFO - Sync 1 DAGs
[2024-11-04T19:30:31.110+0000] {logging_mixin.py:190} INFO - [2024-11-04T19:30:31.109+0000] {dag.py:4180} INFO - Setting next_dagrun for sparking_flow to 2024-11-04 00:00:00+00:00, run_after=2024-11-05 00:00:00+00:00
[2024-11-04T19:30:31.125+0000] {processor.py:208} INFO - Processing /opt/airflow/dags/spark_airflow.py took 0.086 seconds
[2024-11-04T19:31:01.217+0000] {processor.py:186} INFO - Started process (PID=76686) to work on /opt/airflow/dags/spark_airflow.py
[2024-11-04T19:31:01.218+0000] {processor.py:914} INFO - Processing file /opt/airflow/dags/spark_airflow.py for tasks to queue
[2024-11-04T19:31:01.219+0000] {logging_mixin.py:190} INFO - [2024-11-04T19:31:01.218+0000] {dagbag.py:588} INFO - Filling up the DagBag from /opt/airflow/dags/spark_airflow.py
[2024-11-04T19:31:01.235+0000] {processor.py:925} INFO - DAG(s) 'sparking_flow' retrieved from /opt/airflow/dags/spark_airflow.py
[2024-11-04T19:31:01.258+0000] {logging_mixin.py:190} INFO - [2024-11-04T19:31:01.258+0000] {dag.py:3239} INFO - Sync 1 DAGs
[2024-11-04T19:31:01.278+0000] {logging_mixin.py:190} INFO - [2024-11-04T19:31:01.278+0000] {dag.py:4180} INFO - Setting next_dagrun for sparking_flow to 2024-11-04 00:00:00+00:00, run_after=2024-11-05 00:00:00+00:00
[2024-11-04T19:31:01.296+0000] {processor.py:208} INFO - Processing /opt/airflow/dags/spark_airflow.py took 0.083 seconds
[2024-11-04T19:31:31.453+0000] {processor.py:186} INFO - Started process (PID=76691) to work on /opt/airflow/dags/spark_airflow.py
[2024-11-04T19:31:31.453+0000] {processor.py:914} INFO - Processing file /opt/airflow/dags/spark_airflow.py for tasks to queue
[2024-11-04T19:31:31.454+0000] {logging_mixin.py:190} INFO - [2024-11-04T19:31:31.454+0000] {dagbag.py:588} INFO - Filling up the DagBag from /opt/airflow/dags/spark_airflow.py
[2024-11-04T19:31:31.471+0000] {processor.py:925} INFO - DAG(s) 'sparking_flow' retrieved from /opt/airflow/dags/spark_airflow.py
[2024-11-04T19:31:31.495+0000] {logging_mixin.py:190} INFO - [2024-11-04T19:31:31.495+0000] {dag.py:3239} INFO - Sync 1 DAGs
[2024-11-04T19:31:31.516+0000] {logging_mixin.py:190} INFO - [2024-11-04T19:31:31.515+0000] {dag.py:4180} INFO - Setting next_dagrun for sparking_flow to 2024-11-04 00:00:00+00:00, run_after=2024-11-05 00:00:00+00:00
[2024-11-04T19:31:31.534+0000] {processor.py:208} INFO - Processing /opt/airflow/dags/spark_airflow.py took 0.085 seconds
[2024-11-04T19:32:01.624+0000] {processor.py:186} INFO - Started process (PID=76696) to work on /opt/airflow/dags/spark_airflow.py
[2024-11-04T19:32:01.625+0000] {processor.py:914} INFO - Processing file /opt/airflow/dags/spark_airflow.py for tasks to queue
[2024-11-04T19:32:01.626+0000] {logging_mixin.py:190} INFO - [2024-11-04T19:32:01.626+0000] {dagbag.py:588} INFO - Filling up the DagBag from /opt/airflow/dags/spark_airflow.py
[2024-11-04T19:32:01.644+0000] {processor.py:925} INFO - DAG(s) 'sparking_flow' retrieved from /opt/airflow/dags/spark_airflow.py
[2024-11-04T19:32:01.668+0000] {logging_mixin.py:190} INFO - [2024-11-04T19:32:01.668+0000] {dag.py:3239} INFO - Sync 1 DAGs
[2024-11-04T19:32:01.690+0000] {logging_mixin.py:190} INFO - [2024-11-04T19:32:01.690+0000] {dag.py:4180} INFO - Setting next_dagrun for sparking_flow to 2024-11-04 00:00:00+00:00, run_after=2024-11-05 00:00:00+00:00
[2024-11-04T19:32:01.707+0000] {processor.py:208} INFO - Processing /opt/airflow/dags/spark_airflow.py took 0.086 seconds
[2024-11-04T19:32:31.849+0000] {processor.py:186} INFO - Started process (PID=76701) to work on /opt/airflow/dags/spark_airflow.py
[2024-11-04T19:32:31.850+0000] {processor.py:914} INFO - Processing file /opt/airflow/dags/spark_airflow.py for tasks to queue
[2024-11-04T19:32:31.851+0000] {logging_mixin.py:190} INFO - [2024-11-04T19:32:31.851+0000] {dagbag.py:588} INFO - Filling up the DagBag from /opt/airflow/dags/spark_airflow.py
[2024-11-04T19:32:31.868+0000] {processor.py:925} INFO - DAG(s) 'sparking_flow' retrieved from /opt/airflow/dags/spark_airflow.py
[2024-11-04T19:32:31.893+0000] {logging_mixin.py:190} INFO - [2024-11-04T19:32:31.893+0000] {dag.py:3239} INFO - Sync 1 DAGs
[2024-11-04T19:32:31.916+0000] {logging_mixin.py:190} INFO - [2024-11-04T19:32:31.916+0000] {dag.py:4180} INFO - Setting next_dagrun for sparking_flow to 2024-11-04 00:00:00+00:00, run_after=2024-11-05 00:00:00+00:00
[2024-11-04T19:32:31.932+0000] {processor.py:208} INFO - Processing /opt/airflow/dags/spark_airflow.py took 0.087 seconds
[2024-11-04T19:33:02.023+0000] {processor.py:186} INFO - Started process (PID=76706) to work on /opt/airflow/dags/spark_airflow.py
[2024-11-04T19:33:02.024+0000] {processor.py:914} INFO - Processing file /opt/airflow/dags/spark_airflow.py for tasks to queue
[2024-11-04T19:33:02.025+0000] {logging_mixin.py:190} INFO - [2024-11-04T19:33:02.025+0000] {dagbag.py:588} INFO - Filling up the DagBag from /opt/airflow/dags/spark_airflow.py
[2024-11-04T19:33:02.043+0000] {processor.py:925} INFO - DAG(s) 'sparking_flow' retrieved from /opt/airflow/dags/spark_airflow.py
[2024-11-04T19:33:02.067+0000] {logging_mixin.py:190} INFO - [2024-11-04T19:33:02.067+0000] {dag.py:3239} INFO - Sync 1 DAGs
[2024-11-04T19:33:02.087+0000] {logging_mixin.py:190} INFO - [2024-11-04T19:33:02.087+0000] {dag.py:4180} INFO - Setting next_dagrun for sparking_flow to 2024-11-04 00:00:00+00:00, run_after=2024-11-05 00:00:00+00:00
[2024-11-04T19:33:02.104+0000] {processor.py:208} INFO - Processing /opt/airflow/dags/spark_airflow.py took 0.087 seconds
[2024-11-04T19:33:32.248+0000] {processor.py:186} INFO - Started process (PID=76711) to work on /opt/airflow/dags/spark_airflow.py
[2024-11-04T19:33:32.249+0000] {processor.py:914} INFO - Processing file /opt/airflow/dags/spark_airflow.py for tasks to queue
[2024-11-04T19:33:32.250+0000] {logging_mixin.py:190} INFO - [2024-11-04T19:33:32.250+0000] {dagbag.py:588} INFO - Filling up the DagBag from /opt/airflow/dags/spark_airflow.py
[2024-11-04T19:33:32.267+0000] {processor.py:925} INFO - DAG(s) 'sparking_flow' retrieved from /opt/airflow/dags/spark_airflow.py
[2024-11-04T19:33:32.291+0000] {logging_mixin.py:190} INFO - [2024-11-04T19:33:32.290+0000] {dag.py:3239} INFO - Sync 1 DAGs
[2024-11-04T19:33:32.312+0000] {logging_mixin.py:190} INFO - [2024-11-04T19:33:32.312+0000] {dag.py:4180} INFO - Setting next_dagrun for sparking_flow to 2024-11-04 00:00:00+00:00, run_after=2024-11-05 00:00:00+00:00
[2024-11-04T19:33:32.328+0000] {processor.py:208} INFO - Processing /opt/airflow/dags/spark_airflow.py took 0.084 seconds
[2024-11-04T19:34:02.415+0000] {processor.py:186} INFO - Started process (PID=76716) to work on /opt/airflow/dags/spark_airflow.py
[2024-11-04T19:34:02.416+0000] {processor.py:914} INFO - Processing file /opt/airflow/dags/spark_airflow.py for tasks to queue
[2024-11-04T19:34:02.417+0000] {logging_mixin.py:190} INFO - [2024-11-04T19:34:02.416+0000] {dagbag.py:588} INFO - Filling up the DagBag from /opt/airflow/dags/spark_airflow.py
[2024-11-04T19:34:02.436+0000] {processor.py:925} INFO - DAG(s) 'sparking_flow' retrieved from /opt/airflow/dags/spark_airflow.py
[2024-11-04T19:34:02.462+0000] {logging_mixin.py:190} INFO - [2024-11-04T19:34:02.461+0000] {dag.py:3239} INFO - Sync 1 DAGs
[2024-11-04T19:34:02.484+0000] {logging_mixin.py:190} INFO - [2024-11-04T19:34:02.484+0000] {dag.py:4180} INFO - Setting next_dagrun for sparking_flow to 2024-11-04 00:00:00+00:00, run_after=2024-11-05 00:00:00+00:00
[2024-11-04T19:34:02.500+0000] {processor.py:208} INFO - Processing /opt/airflow/dags/spark_airflow.py took 0.089 seconds
[2024-11-04T19:34:32.643+0000] {processor.py:186} INFO - Started process (PID=76721) to work on /opt/airflow/dags/spark_airflow.py
[2024-11-04T19:34:32.643+0000] {processor.py:914} INFO - Processing file /opt/airflow/dags/spark_airflow.py for tasks to queue
[2024-11-04T19:34:32.644+0000] {logging_mixin.py:190} INFO - [2024-11-04T19:34:32.644+0000] {dagbag.py:588} INFO - Filling up the DagBag from /opt/airflow/dags/spark_airflow.py
[2024-11-04T19:34:32.661+0000] {processor.py:925} INFO - DAG(s) 'sparking_flow' retrieved from /opt/airflow/dags/spark_airflow.py
[2024-11-04T19:34:32.687+0000] {logging_mixin.py:190} INFO - [2024-11-04T19:34:32.687+0000] {dag.py:3239} INFO - Sync 1 DAGs
[2024-11-04T19:34:32.709+0000] {logging_mixin.py:190} INFO - [2024-11-04T19:34:32.709+0000] {dag.py:4180} INFO - Setting next_dagrun for sparking_flow to 2024-11-04 00:00:00+00:00, run_after=2024-11-05 00:00:00+00:00
[2024-11-04T19:34:32.725+0000] {processor.py:208} INFO - Processing /opt/airflow/dags/spark_airflow.py took 0.086 seconds
[2024-11-04T19:35:02.829+0000] {processor.py:186} INFO - Started process (PID=76726) to work on /opt/airflow/dags/spark_airflow.py
[2024-11-04T19:35:02.829+0000] {processor.py:914} INFO - Processing file /opt/airflow/dags/spark_airflow.py for tasks to queue
[2024-11-04T19:35:02.831+0000] {logging_mixin.py:190} INFO - [2024-11-04T19:35:02.830+0000] {dagbag.py:588} INFO - Filling up the DagBag from /opt/airflow/dags/spark_airflow.py
[2024-11-04T19:35:02.848+0000] {processor.py:925} INFO - DAG(s) 'sparking_flow' retrieved from /opt/airflow/dags/spark_airflow.py
[2024-11-04T19:35:02.875+0000] {logging_mixin.py:190} INFO - [2024-11-04T19:35:02.874+0000] {dag.py:3239} INFO - Sync 1 DAGs
[2024-11-04T19:35:02.903+0000] {logging_mixin.py:190} INFO - [2024-11-04T19:35:02.903+0000] {dag.py:4180} INFO - Setting next_dagrun for sparking_flow to 2024-11-04 00:00:00+00:00, run_after=2024-11-05 00:00:00+00:00
[2024-11-04T19:35:02.922+0000] {processor.py:208} INFO - Processing /opt/airflow/dags/spark_airflow.py took 0.098 seconds
[2024-11-04T19:35:33.068+0000] {processor.py:186} INFO - Started process (PID=76731) to work on /opt/airflow/dags/spark_airflow.py
[2024-11-04T19:35:33.068+0000] {processor.py:914} INFO - Processing file /opt/airflow/dags/spark_airflow.py for tasks to queue
[2024-11-04T19:35:33.070+0000] {logging_mixin.py:190} INFO - [2024-11-04T19:35:33.069+0000] {dagbag.py:588} INFO - Filling up the DagBag from /opt/airflow/dags/spark_airflow.py
[2024-11-04T19:35:33.087+0000] {processor.py:925} INFO - DAG(s) 'sparking_flow' retrieved from /opt/airflow/dags/spark_airflow.py
[2024-11-04T19:35:33.112+0000] {logging_mixin.py:190} INFO - [2024-11-04T19:35:33.112+0000] {dag.py:3239} INFO - Sync 1 DAGs
[2024-11-04T19:35:33.136+0000] {logging_mixin.py:190} INFO - [2024-11-04T19:35:33.135+0000] {dag.py:4180} INFO - Setting next_dagrun for sparking_flow to 2024-11-04 00:00:00+00:00, run_after=2024-11-05 00:00:00+00:00
[2024-11-04T19:35:33.152+0000] {processor.py:208} INFO - Processing /opt/airflow/dags/spark_airflow.py took 0.089 seconds
[2024-11-04T19:36:03.232+0000] {processor.py:186} INFO - Started process (PID=76736) to work on /opt/airflow/dags/spark_airflow.py
[2024-11-04T19:36:03.232+0000] {processor.py:914} INFO - Processing file /opt/airflow/dags/spark_airflow.py for tasks to queue
[2024-11-04T19:36:03.234+0000] {logging_mixin.py:190} INFO - [2024-11-04T19:36:03.233+0000] {dagbag.py:588} INFO - Filling up the DagBag from /opt/airflow/dags/spark_airflow.py
[2024-11-04T19:36:03.251+0000] {processor.py:925} INFO - DAG(s) 'sparking_flow' retrieved from /opt/airflow/dags/spark_airflow.py
[2024-11-04T19:36:03.283+0000] {logging_mixin.py:190} INFO - [2024-11-04T19:36:03.283+0000] {dag.py:3239} INFO - Sync 1 DAGs
[2024-11-04T19:36:03.304+0000] {logging_mixin.py:190} INFO - [2024-11-04T19:36:03.304+0000] {dag.py:4180} INFO - Setting next_dagrun for sparking_flow to 2024-11-04 00:00:00+00:00, run_after=2024-11-05 00:00:00+00:00
[2024-11-04T19:36:03.321+0000] {processor.py:208} INFO - Processing /opt/airflow/dags/spark_airflow.py took 0.093 seconds
[2024-11-04T19:36:33.449+0000] {processor.py:186} INFO - Started process (PID=76741) to work on /opt/airflow/dags/spark_airflow.py
[2024-11-04T19:36:33.449+0000] {processor.py:914} INFO - Processing file /opt/airflow/dags/spark_airflow.py for tasks to queue
[2024-11-04T19:36:33.450+0000] {logging_mixin.py:190} INFO - [2024-11-04T19:36:33.450+0000] {dagbag.py:588} INFO - Filling up the DagBag from /opt/airflow/dags/spark_airflow.py
[2024-11-04T19:36:33.468+0000] {processor.py:925} INFO - DAG(s) 'sparking_flow' retrieved from /opt/airflow/dags/spark_airflow.py
[2024-11-04T19:36:33.493+0000] {logging_mixin.py:190} INFO - [2024-11-04T19:36:33.493+0000] {dag.py:3239} INFO - Sync 1 DAGs
[2024-11-04T19:36:33.516+0000] {logging_mixin.py:190} INFO - [2024-11-04T19:36:33.516+0000] {dag.py:4180} INFO - Setting next_dagrun for sparking_flow to 2024-11-04 00:00:00+00:00, run_after=2024-11-05 00:00:00+00:00
[2024-11-04T19:36:33.532+0000] {processor.py:208} INFO - Processing /opt/airflow/dags/spark_airflow.py took 0.087 seconds
[2024-11-04T19:37:03.632+0000] {processor.py:186} INFO - Started process (PID=76746) to work on /opt/airflow/dags/spark_airflow.py
[2024-11-04T19:37:03.633+0000] {processor.py:914} INFO - Processing file /opt/airflow/dags/spark_airflow.py for tasks to queue
[2024-11-04T19:37:03.634+0000] {logging_mixin.py:190} INFO - [2024-11-04T19:37:03.633+0000] {dagbag.py:588} INFO - Filling up the DagBag from /opt/airflow/dags/spark_airflow.py
[2024-11-04T19:37:03.651+0000] {processor.py:925} INFO - DAG(s) 'sparking_flow' retrieved from /opt/airflow/dags/spark_airflow.py
[2024-11-04T19:37:03.678+0000] {logging_mixin.py:190} INFO - [2024-11-04T19:37:03.678+0000] {dag.py:3239} INFO - Sync 1 DAGs
[2024-11-04T19:37:03.701+0000] {logging_mixin.py:190} INFO - [2024-11-04T19:37:03.701+0000] {dag.py:4180} INFO - Setting next_dagrun for sparking_flow to 2024-11-04 00:00:00+00:00, run_after=2024-11-05 00:00:00+00:00
[2024-11-04T19:37:03.718+0000] {processor.py:208} INFO - Processing /opt/airflow/dags/spark_airflow.py took 0.090 seconds
[2024-11-04T19:37:33.859+0000] {processor.py:186} INFO - Started process (PID=76751) to work on /opt/airflow/dags/spark_airflow.py
[2024-11-04T19:37:33.860+0000] {processor.py:914} INFO - Processing file /opt/airflow/dags/spark_airflow.py for tasks to queue
[2024-11-04T19:37:33.861+0000] {logging_mixin.py:190} INFO - [2024-11-04T19:37:33.861+0000] {dagbag.py:588} INFO - Filling up the DagBag from /opt/airflow/dags/spark_airflow.py
[2024-11-04T19:37:33.878+0000] {processor.py:925} INFO - DAG(s) 'sparking_flow' retrieved from /opt/airflow/dags/spark_airflow.py
[2024-11-04T19:37:33.902+0000] {logging_mixin.py:190} INFO - [2024-11-04T19:37:33.902+0000] {dag.py:3239} INFO - Sync 1 DAGs
[2024-11-04T19:37:33.924+0000] {logging_mixin.py:190} INFO - [2024-11-04T19:37:33.924+0000] {dag.py:4180} INFO - Setting next_dagrun for sparking_flow to 2024-11-04 00:00:00+00:00, run_after=2024-11-05 00:00:00+00:00
[2024-11-04T19:37:33.940+0000] {processor.py:208} INFO - Processing /opt/airflow/dags/spark_airflow.py took 0.085 seconds
[2024-11-04T19:38:04.032+0000] {processor.py:186} INFO - Started process (PID=76756) to work on /opt/airflow/dags/spark_airflow.py
[2024-11-04T19:38:04.033+0000] {processor.py:914} INFO - Processing file /opt/airflow/dags/spark_airflow.py for tasks to queue
[2024-11-04T19:38:04.034+0000] {logging_mixin.py:190} INFO - [2024-11-04T19:38:04.033+0000] {dagbag.py:588} INFO - Filling up the DagBag from /opt/airflow/dags/spark_airflow.py
[2024-11-04T19:38:04.051+0000] {processor.py:925} INFO - DAG(s) 'sparking_flow' retrieved from /opt/airflow/dags/spark_airflow.py
[2024-11-04T19:38:04.077+0000] {logging_mixin.py:190} INFO - [2024-11-04T19:38:04.077+0000] {dag.py:3239} INFO - Sync 1 DAGs
[2024-11-04T19:38:04.100+0000] {logging_mixin.py:190} INFO - [2024-11-04T19:38:04.100+0000] {dag.py:4180} INFO - Setting next_dagrun for sparking_flow to 2024-11-04 00:00:00+00:00, run_after=2024-11-05 00:00:00+00:00
[2024-11-04T19:38:04.119+0000] {processor.py:208} INFO - Processing /opt/airflow/dags/spark_airflow.py took 0.092 seconds
[2024-11-04T19:38:34.249+0000] {processor.py:186} INFO - Started process (PID=76761) to work on /opt/airflow/dags/spark_airflow.py
[2024-11-04T19:38:34.250+0000] {processor.py:914} INFO - Processing file /opt/airflow/dags/spark_airflow.py for tasks to queue
[2024-11-04T19:38:34.251+0000] {logging_mixin.py:190} INFO - [2024-11-04T19:38:34.251+0000] {dagbag.py:588} INFO - Filling up the DagBag from /opt/airflow/dags/spark_airflow.py
[2024-11-04T19:38:34.267+0000] {processor.py:925} INFO - DAG(s) 'sparking_flow' retrieved from /opt/airflow/dags/spark_airflow.py
[2024-11-04T19:38:34.291+0000] {logging_mixin.py:190} INFO - [2024-11-04T19:38:34.290+0000] {dag.py:3239} INFO - Sync 1 DAGs
[2024-11-04T19:38:34.312+0000] {logging_mixin.py:190} INFO - [2024-11-04T19:38:34.312+0000] {dag.py:4180} INFO - Setting next_dagrun for sparking_flow to 2024-11-04 00:00:00+00:00, run_after=2024-11-05 00:00:00+00:00
[2024-11-04T19:38:34.328+0000] {processor.py:208} INFO - Processing /opt/airflow/dags/spark_airflow.py took 0.084 seconds
[2024-11-04T19:39:04.420+0000] {processor.py:186} INFO - Started process (PID=76766) to work on /opt/airflow/dags/spark_airflow.py
[2024-11-04T19:39:04.421+0000] {processor.py:914} INFO - Processing file /opt/airflow/dags/spark_airflow.py for tasks to queue
[2024-11-04T19:39:04.422+0000] {logging_mixin.py:190} INFO - [2024-11-04T19:39:04.422+0000] {dagbag.py:588} INFO - Filling up the DagBag from /opt/airflow/dags/spark_airflow.py
[2024-11-04T19:39:04.440+0000] {processor.py:925} INFO - DAG(s) 'sparking_flow' retrieved from /opt/airflow/dags/spark_airflow.py
[2024-11-04T19:39:04.465+0000] {logging_mixin.py:190} INFO - [2024-11-04T19:39:04.464+0000] {dag.py:3239} INFO - Sync 1 DAGs
[2024-11-04T19:39:04.484+0000] {logging_mixin.py:190} INFO - [2024-11-04T19:39:04.484+0000] {dag.py:4180} INFO - Setting next_dagrun for sparking_flow to 2024-11-04 00:00:00+00:00, run_after=2024-11-05 00:00:00+00:00
[2024-11-04T19:39:04.501+0000] {processor.py:208} INFO - Processing /opt/airflow/dags/spark_airflow.py took 0.085 seconds
[2024-11-04T19:39:34.625+0000] {processor.py:186} INFO - Started process (PID=76771) to work on /opt/airflow/dags/spark_airflow.py
[2024-11-04T19:39:34.626+0000] {processor.py:914} INFO - Processing file /opt/airflow/dags/spark_airflow.py for tasks to queue
[2024-11-04T19:39:34.627+0000] {logging_mixin.py:190} INFO - [2024-11-04T19:39:34.626+0000] {dagbag.py:588} INFO - Filling up the DagBag from /opt/airflow/dags/spark_airflow.py
[2024-11-04T19:39:34.643+0000] {processor.py:925} INFO - DAG(s) 'sparking_flow' retrieved from /opt/airflow/dags/spark_airflow.py
[2024-11-04T19:39:34.667+0000] {logging_mixin.py:190} INFO - [2024-11-04T19:39:34.667+0000] {dag.py:3239} INFO - Sync 1 DAGs
[2024-11-04T19:39:34.688+0000] {logging_mixin.py:190} INFO - [2024-11-04T19:39:34.688+0000] {dag.py:4180} INFO - Setting next_dagrun for sparking_flow to 2024-11-04 00:00:00+00:00, run_after=2024-11-05 00:00:00+00:00
[2024-11-04T19:39:34.704+0000] {processor.py:208} INFO - Processing /opt/airflow/dags/spark_airflow.py took 0.083 seconds
[2024-11-04T19:40:04.801+0000] {processor.py:186} INFO - Started process (PID=76776) to work on /opt/airflow/dags/spark_airflow.py
[2024-11-04T19:40:04.802+0000] {processor.py:914} INFO - Processing file /opt/airflow/dags/spark_airflow.py for tasks to queue
[2024-11-04T19:40:04.803+0000] {logging_mixin.py:190} INFO - [2024-11-04T19:40:04.803+0000] {dagbag.py:588} INFO - Filling up the DagBag from /opt/airflow/dags/spark_airflow.py
[2024-11-04T19:40:04.821+0000] {processor.py:925} INFO - DAG(s) 'sparking_flow' retrieved from /opt/airflow/dags/spark_airflow.py
[2024-11-04T19:40:04.844+0000] {logging_mixin.py:190} INFO - [2024-11-04T19:40:04.843+0000] {dag.py:3239} INFO - Sync 1 DAGs
[2024-11-04T19:40:04.863+0000] {logging_mixin.py:190} INFO - [2024-11-04T19:40:04.863+0000] {dag.py:4180} INFO - Setting next_dagrun for sparking_flow to 2024-11-04 00:00:00+00:00, run_after=2024-11-05 00:00:00+00:00
[2024-11-04T19:40:04.880+0000] {processor.py:208} INFO - Processing /opt/airflow/dags/spark_airflow.py took 0.083 seconds
[2024-11-04T19:40:35.028+0000] {processor.py:186} INFO - Started process (PID=76781) to work on /opt/airflow/dags/spark_airflow.py
[2024-11-04T19:40:35.029+0000] {processor.py:914} INFO - Processing file /opt/airflow/dags/spark_airflow.py for tasks to queue
[2024-11-04T19:40:35.030+0000] {logging_mixin.py:190} INFO - [2024-11-04T19:40:35.029+0000] {dagbag.py:588} INFO - Filling up the DagBag from /opt/airflow/dags/spark_airflow.py
[2024-11-04T19:40:35.047+0000] {processor.py:925} INFO - DAG(s) 'sparking_flow' retrieved from /opt/airflow/dags/spark_airflow.py
[2024-11-04T19:40:35.072+0000] {logging_mixin.py:190} INFO - [2024-11-04T19:40:35.072+0000] {dag.py:3239} INFO - Sync 1 DAGs
[2024-11-04T19:40:35.095+0000] {logging_mixin.py:190} INFO - [2024-11-04T19:40:35.095+0000] {dag.py:4180} INFO - Setting next_dagrun for sparking_flow to 2024-11-04 00:00:00+00:00, run_after=2024-11-05 00:00:00+00:00
[2024-11-04T19:40:35.110+0000] {processor.py:208} INFO - Processing /opt/airflow/dags/spark_airflow.py took 0.086 seconds
[2024-11-04T19:41:05.197+0000] {processor.py:186} INFO - Started process (PID=76786) to work on /opt/airflow/dags/spark_airflow.py
[2024-11-04T19:41:05.198+0000] {processor.py:914} INFO - Processing file /opt/airflow/dags/spark_airflow.py for tasks to queue
[2024-11-04T19:41:05.199+0000] {logging_mixin.py:190} INFO - [2024-11-04T19:41:05.199+0000] {dagbag.py:588} INFO - Filling up the DagBag from /opt/airflow/dags/spark_airflow.py
[2024-11-04T19:41:05.216+0000] {processor.py:925} INFO - DAG(s) 'sparking_flow' retrieved from /opt/airflow/dags/spark_airflow.py
[2024-11-04T19:41:05.242+0000] {logging_mixin.py:190} INFO - [2024-11-04T19:41:05.242+0000] {dag.py:3239} INFO - Sync 1 DAGs
[2024-11-04T19:41:05.265+0000] {logging_mixin.py:190} INFO - [2024-11-04T19:41:05.264+0000] {dag.py:4180} INFO - Setting next_dagrun for sparking_flow to 2024-11-04 00:00:00+00:00, run_after=2024-11-05 00:00:00+00:00
[2024-11-04T19:41:05.283+0000] {processor.py:208} INFO - Processing /opt/airflow/dags/spark_airflow.py took 0.089 seconds
[2024-11-04T19:41:35.422+0000] {processor.py:186} INFO - Started process (PID=76791) to work on /opt/airflow/dags/spark_airflow.py
[2024-11-04T19:41:35.422+0000] {processor.py:914} INFO - Processing file /opt/airflow/dags/spark_airflow.py for tasks to queue
[2024-11-04T19:41:35.423+0000] {logging_mixin.py:190} INFO - [2024-11-04T19:41:35.423+0000] {dagbag.py:588} INFO - Filling up the DagBag from /opt/airflow/dags/spark_airflow.py
[2024-11-04T19:41:35.440+0000] {processor.py:925} INFO - DAG(s) 'sparking_flow' retrieved from /opt/airflow/dags/spark_airflow.py
[2024-11-04T19:41:35.462+0000] {logging_mixin.py:190} INFO - [2024-11-04T19:41:35.462+0000] {dag.py:3239} INFO - Sync 1 DAGs
[2024-11-04T19:41:35.482+0000] {logging_mixin.py:190} INFO - [2024-11-04T19:41:35.482+0000] {dag.py:4180} INFO - Setting next_dagrun for sparking_flow to 2024-11-04 00:00:00+00:00, run_after=2024-11-05 00:00:00+00:00
[2024-11-04T19:41:35.497+0000] {processor.py:208} INFO - Processing /opt/airflow/dags/spark_airflow.py took 0.080 seconds
[2024-11-04T19:42:05.592+0000] {processor.py:186} INFO - Started process (PID=76796) to work on /opt/airflow/dags/spark_airflow.py
[2024-11-04T19:42:05.593+0000] {processor.py:914} INFO - Processing file /opt/airflow/dags/spark_airflow.py for tasks to queue
[2024-11-04T19:42:05.594+0000] {logging_mixin.py:190} INFO - [2024-11-04T19:42:05.594+0000] {dagbag.py:588} INFO - Filling up the DagBag from /opt/airflow/dags/spark_airflow.py
[2024-11-04T19:42:05.612+0000] {processor.py:925} INFO - DAG(s) 'sparking_flow' retrieved from /opt/airflow/dags/spark_airflow.py
[2024-11-04T19:42:05.637+0000] {logging_mixin.py:190} INFO - [2024-11-04T19:42:05.637+0000] {dag.py:3239} INFO - Sync 1 DAGs
[2024-11-04T19:42:05.658+0000] {logging_mixin.py:190} INFO - [2024-11-04T19:42:05.658+0000] {dag.py:4180} INFO - Setting next_dagrun for sparking_flow to 2024-11-04 00:00:00+00:00, run_after=2024-11-05 00:00:00+00:00
[2024-11-04T19:42:05.673+0000] {processor.py:208} INFO - Processing /opt/airflow/dags/spark_airflow.py took 0.087 seconds
[2024-11-04T19:42:35.797+0000] {processor.py:186} INFO - Started process (PID=76801) to work on /opt/airflow/dags/spark_airflow.py
[2024-11-04T19:42:35.798+0000] {processor.py:914} INFO - Processing file /opt/airflow/dags/spark_airflow.py for tasks to queue
[2024-11-04T19:42:35.799+0000] {logging_mixin.py:190} INFO - [2024-11-04T19:42:35.799+0000] {dagbag.py:588} INFO - Filling up the DagBag from /opt/airflow/dags/spark_airflow.py
[2024-11-04T19:42:35.816+0000] {processor.py:925} INFO - DAG(s) 'sparking_flow' retrieved from /opt/airflow/dags/spark_airflow.py
[2024-11-04T19:42:35.840+0000] {logging_mixin.py:190} INFO - [2024-11-04T19:42:35.840+0000] {dag.py:3239} INFO - Sync 1 DAGs
[2024-11-04T19:42:35.861+0000] {logging_mixin.py:190} INFO - [2024-11-04T19:42:35.861+0000] {dag.py:4180} INFO - Setting next_dagrun for sparking_flow to 2024-11-04 00:00:00+00:00, run_after=2024-11-05 00:00:00+00:00
[2024-11-04T19:42:35.877+0000] {processor.py:208} INFO - Processing /opt/airflow/dags/spark_airflow.py took 0.085 seconds
[2024-11-04T19:43:05.983+0000] {processor.py:186} INFO - Started process (PID=76806) to work on /opt/airflow/dags/spark_airflow.py
[2024-11-04T19:43:05.984+0000] {processor.py:914} INFO - Processing file /opt/airflow/dags/spark_airflow.py for tasks to queue
[2024-11-04T19:43:05.985+0000] {logging_mixin.py:190} INFO - [2024-11-04T19:43:05.985+0000] {dagbag.py:588} INFO - Filling up the DagBag from /opt/airflow/dags/spark_airflow.py
[2024-11-04T19:43:06.004+0000] {processor.py:925} INFO - DAG(s) 'sparking_flow' retrieved from /opt/airflow/dags/spark_airflow.py
[2024-11-04T19:43:06.027+0000] {logging_mixin.py:190} INFO - [2024-11-04T19:43:06.027+0000] {dag.py:3239} INFO - Sync 1 DAGs
[2024-11-04T19:43:06.047+0000] {logging_mixin.py:190} INFO - [2024-11-04T19:43:06.046+0000] {dag.py:4180} INFO - Setting next_dagrun for sparking_flow to 2024-11-04 00:00:00+00:00, run_after=2024-11-05 00:00:00+00:00
[2024-11-04T19:43:06.064+0000] {processor.py:208} INFO - Processing /opt/airflow/dags/spark_airflow.py took 0.087 seconds
[2024-11-04T19:43:36.201+0000] {processor.py:186} INFO - Started process (PID=76811) to work on /opt/airflow/dags/spark_airflow.py
[2024-11-04T19:43:36.202+0000] {processor.py:914} INFO - Processing file /opt/airflow/dags/spark_airflow.py for tasks to queue
[2024-11-04T19:43:36.202+0000] {logging_mixin.py:190} INFO - [2024-11-04T19:43:36.202+0000] {dagbag.py:588} INFO - Filling up the DagBag from /opt/airflow/dags/spark_airflow.py
[2024-11-04T19:43:36.220+0000] {processor.py:925} INFO - DAG(s) 'sparking_flow' retrieved from /opt/airflow/dags/spark_airflow.py
[2024-11-04T19:43:36.243+0000] {logging_mixin.py:190} INFO - [2024-11-04T19:43:36.243+0000] {dag.py:3239} INFO - Sync 1 DAGs
[2024-11-04T19:43:36.265+0000] {logging_mixin.py:190} INFO - [2024-11-04T19:43:36.265+0000] {dag.py:4180} INFO - Setting next_dagrun for sparking_flow to 2024-11-04 00:00:00+00:00, run_after=2024-11-05 00:00:00+00:00
[2024-11-04T19:43:36.281+0000] {processor.py:208} INFO - Processing /opt/airflow/dags/spark_airflow.py took 0.085 seconds
[2024-11-04T19:44:06.389+0000] {processor.py:186} INFO - Started process (PID=76816) to work on /opt/airflow/dags/spark_airflow.py
[2024-11-04T19:44:06.389+0000] {processor.py:914} INFO - Processing file /opt/airflow/dags/spark_airflow.py for tasks to queue
[2024-11-04T19:44:06.390+0000] {logging_mixin.py:190} INFO - [2024-11-04T19:44:06.390+0000] {dagbag.py:588} INFO - Filling up the DagBag from /opt/airflow/dags/spark_airflow.py
[2024-11-04T19:44:06.408+0000] {processor.py:925} INFO - DAG(s) 'sparking_flow' retrieved from /opt/airflow/dags/spark_airflow.py
[2024-11-04T19:44:06.433+0000] {logging_mixin.py:190} INFO - [2024-11-04T19:44:06.433+0000] {dag.py:3239} INFO - Sync 1 DAGs
[2024-11-04T19:44:06.455+0000] {logging_mixin.py:190} INFO - [2024-11-04T19:44:06.455+0000] {dag.py:4180} INFO - Setting next_dagrun for sparking_flow to 2024-11-04 00:00:00+00:00, run_after=2024-11-05 00:00:00+00:00
[2024-11-04T19:44:06.471+0000] {processor.py:208} INFO - Processing /opt/airflow/dags/spark_airflow.py took 0.087 seconds
[2024-11-04T19:44:36.585+0000] {processor.py:186} INFO - Started process (PID=76821) to work on /opt/airflow/dags/spark_airflow.py
[2024-11-04T19:44:36.586+0000] {processor.py:914} INFO - Processing file /opt/airflow/dags/spark_airflow.py for tasks to queue
[2024-11-04T19:44:36.587+0000] {logging_mixin.py:190} INFO - [2024-11-04T19:44:36.586+0000] {dagbag.py:588} INFO - Filling up the DagBag from /opt/airflow/dags/spark_airflow.py
[2024-11-04T19:44:36.604+0000] {processor.py:925} INFO - DAG(s) 'sparking_flow' retrieved from /opt/airflow/dags/spark_airflow.py
[2024-11-04T19:44:36.627+0000] {logging_mixin.py:190} INFO - [2024-11-04T19:44:36.627+0000] {dag.py:3239} INFO - Sync 1 DAGs
[2024-11-04T19:44:36.647+0000] {logging_mixin.py:190} INFO - [2024-11-04T19:44:36.647+0000] {dag.py:4180} INFO - Setting next_dagrun for sparking_flow to 2024-11-04 00:00:00+00:00, run_after=2024-11-05 00:00:00+00:00
[2024-11-04T19:44:36.663+0000] {processor.py:208} INFO - Processing /opt/airflow/dags/spark_airflow.py took 0.082 seconds
[2024-11-04T19:45:06.778+0000] {processor.py:186} INFO - Started process (PID=76826) to work on /opt/airflow/dags/spark_airflow.py
[2024-11-04T19:45:06.779+0000] {processor.py:914} INFO - Processing file /opt/airflow/dags/spark_airflow.py for tasks to queue
[2024-11-04T19:45:06.780+0000] {logging_mixin.py:190} INFO - [2024-11-04T19:45:06.780+0000] {dagbag.py:588} INFO - Filling up the DagBag from /opt/airflow/dags/spark_airflow.py
[2024-11-04T19:45:06.797+0000] {processor.py:925} INFO - DAG(s) 'sparking_flow' retrieved from /opt/airflow/dags/spark_airflow.py
[2024-11-04T19:45:06.819+0000] {logging_mixin.py:190} INFO - [2024-11-04T19:45:06.819+0000] {dag.py:3239} INFO - Sync 1 DAGs
[2024-11-04T19:45:06.838+0000] {logging_mixin.py:190} INFO - [2024-11-04T19:45:06.838+0000] {dag.py:4180} INFO - Setting next_dagrun for sparking_flow to 2024-11-04 00:00:00+00:00, run_after=2024-11-05 00:00:00+00:00
[2024-11-04T19:45:06.854+0000] {processor.py:208} INFO - Processing /opt/airflow/dags/spark_airflow.py took 0.081 seconds
[2024-11-04T19:45:36.968+0000] {processor.py:186} INFO - Started process (PID=76831) to work on /opt/airflow/dags/spark_airflow.py
[2024-11-04T19:45:36.969+0000] {processor.py:914} INFO - Processing file /opt/airflow/dags/spark_airflow.py for tasks to queue
[2024-11-04T19:45:36.970+0000] {logging_mixin.py:190} INFO - [2024-11-04T19:45:36.970+0000] {dagbag.py:588} INFO - Filling up the DagBag from /opt/airflow/dags/spark_airflow.py
[2024-11-04T19:45:36.988+0000] {processor.py:925} INFO - DAG(s) 'sparking_flow' retrieved from /opt/airflow/dags/spark_airflow.py
[2024-11-04T19:45:37.011+0000] {logging_mixin.py:190} INFO - [2024-11-04T19:45:37.011+0000] {dag.py:3239} INFO - Sync 1 DAGs
[2024-11-04T19:45:37.031+0000] {logging_mixin.py:190} INFO - [2024-11-04T19:45:37.031+0000] {dag.py:4180} INFO - Setting next_dagrun for sparking_flow to 2024-11-04 00:00:00+00:00, run_after=2024-11-05 00:00:00+00:00
[2024-11-04T19:45:37.048+0000] {processor.py:208} INFO - Processing /opt/airflow/dags/spark_airflow.py took 0.086 seconds
[2024-11-04T19:46:07.182+0000] {processor.py:186} INFO - Started process (PID=76836) to work on /opt/airflow/dags/spark_airflow.py
[2024-11-04T19:46:07.182+0000] {processor.py:914} INFO - Processing file /opt/airflow/dags/spark_airflow.py for tasks to queue
[2024-11-04T19:46:07.183+0000] {logging_mixin.py:190} INFO - [2024-11-04T19:46:07.183+0000] {dagbag.py:588} INFO - Filling up the DagBag from /opt/airflow/dags/spark_airflow.py
[2024-11-04T19:46:07.200+0000] {processor.py:925} INFO - DAG(s) 'sparking_flow' retrieved from /opt/airflow/dags/spark_airflow.py
[2024-11-04T19:46:07.224+0000] {logging_mixin.py:190} INFO - [2024-11-04T19:46:07.224+0000] {dag.py:3239} INFO - Sync 1 DAGs
[2024-11-04T19:46:07.245+0000] {logging_mixin.py:190} INFO - [2024-11-04T19:46:07.245+0000] {dag.py:4180} INFO - Setting next_dagrun for sparking_flow to 2024-11-04 00:00:00+00:00, run_after=2024-11-05 00:00:00+00:00
[2024-11-04T19:46:07.263+0000] {processor.py:208} INFO - Processing /opt/airflow/dags/spark_airflow.py took 0.086 seconds
[2024-11-04T19:46:37.352+0000] {processor.py:186} INFO - Started process (PID=76841) to work on /opt/airflow/dags/spark_airflow.py
[2024-11-04T19:46:37.353+0000] {processor.py:914} INFO - Processing file /opt/airflow/dags/spark_airflow.py for tasks to queue
[2024-11-04T19:46:37.354+0000] {logging_mixin.py:190} INFO - [2024-11-04T19:46:37.353+0000] {dagbag.py:588} INFO - Filling up the DagBag from /opt/airflow/dags/spark_airflow.py
[2024-11-04T19:46:37.371+0000] {processor.py:925} INFO - DAG(s) 'sparking_flow' retrieved from /opt/airflow/dags/spark_airflow.py
[2024-11-04T19:46:37.398+0000] {logging_mixin.py:190} INFO - [2024-11-04T19:46:37.397+0000] {dag.py:3239} INFO - Sync 1 DAGs
[2024-11-04T19:46:37.422+0000] {logging_mixin.py:190} INFO - [2024-11-04T19:46:37.421+0000] {dag.py:4180} INFO - Setting next_dagrun for sparking_flow to 2024-11-04 00:00:00+00:00, run_after=2024-11-05 00:00:00+00:00
[2024-11-04T19:46:37.438+0000] {processor.py:208} INFO - Processing /opt/airflow/dags/spark_airflow.py took 0.090 seconds
[2024-11-04T19:47:07.572+0000] {processor.py:186} INFO - Started process (PID=76846) to work on /opt/airflow/dags/spark_airflow.py
[2024-11-04T19:47:07.573+0000] {processor.py:914} INFO - Processing file /opt/airflow/dags/spark_airflow.py for tasks to queue
[2024-11-04T19:47:07.574+0000] {logging_mixin.py:190} INFO - [2024-11-04T19:47:07.574+0000] {dagbag.py:588} INFO - Filling up the DagBag from /opt/airflow/dags/spark_airflow.py
[2024-11-04T19:47:07.591+0000] {processor.py:925} INFO - DAG(s) 'sparking_flow' retrieved from /opt/airflow/dags/spark_airflow.py
[2024-11-04T19:47:07.613+0000] {logging_mixin.py:190} INFO - [2024-11-04T19:47:07.612+0000] {dag.py:3239} INFO - Sync 1 DAGs
[2024-11-04T19:47:07.633+0000] {logging_mixin.py:190} INFO - [2024-11-04T19:47:07.632+0000] {dag.py:4180} INFO - Setting next_dagrun for sparking_flow to 2024-11-04 00:00:00+00:00, run_after=2024-11-05 00:00:00+00:00
[2024-11-04T19:47:07.649+0000] {processor.py:208} INFO - Processing /opt/airflow/dags/spark_airflow.py took 0.081 seconds
[2024-11-04T19:47:37.746+0000] {processor.py:186} INFO - Started process (PID=76851) to work on /opt/airflow/dags/spark_airflow.py
[2024-11-04T19:47:37.747+0000] {processor.py:914} INFO - Processing file /opt/airflow/dags/spark_airflow.py for tasks to queue
[2024-11-04T19:47:37.748+0000] {logging_mixin.py:190} INFO - [2024-11-04T19:47:37.748+0000] {dagbag.py:588} INFO - Filling up the DagBag from /opt/airflow/dags/spark_airflow.py
[2024-11-04T19:47:37.766+0000] {processor.py:925} INFO - DAG(s) 'sparking_flow' retrieved from /opt/airflow/dags/spark_airflow.py
[2024-11-04T19:47:37.790+0000] {logging_mixin.py:190} INFO - [2024-11-04T19:47:37.789+0000] {dag.py:3239} INFO - Sync 1 DAGs
[2024-11-04T19:47:37.809+0000] {logging_mixin.py:190} INFO - [2024-11-04T19:47:37.809+0000] {dag.py:4180} INFO - Setting next_dagrun for sparking_flow to 2024-11-04 00:00:00+00:00, run_after=2024-11-05 00:00:00+00:00
[2024-11-04T19:47:37.824+0000] {processor.py:208} INFO - Processing /opt/airflow/dags/spark_airflow.py took 0.082 seconds
[2024-11-04T19:48:07.953+0000] {processor.py:186} INFO - Started process (PID=76856) to work on /opt/airflow/dags/spark_airflow.py
[2024-11-04T19:48:07.954+0000] {processor.py:914} INFO - Processing file /opt/airflow/dags/spark_airflow.py for tasks to queue
[2024-11-04T19:48:07.955+0000] {logging_mixin.py:190} INFO - [2024-11-04T19:48:07.954+0000] {dagbag.py:588} INFO - Filling up the DagBag from /opt/airflow/dags/spark_airflow.py
[2024-11-04T19:48:07.971+0000] {processor.py:925} INFO - DAG(s) 'sparking_flow' retrieved from /opt/airflow/dags/spark_airflow.py
[2024-11-04T19:48:07.994+0000] {logging_mixin.py:190} INFO - [2024-11-04T19:48:07.994+0000] {dag.py:3239} INFO - Sync 1 DAGs
[2024-11-04T19:48:08.014+0000] {logging_mixin.py:190} INFO - [2024-11-04T19:48:08.014+0000] {dag.py:4180} INFO - Setting next_dagrun for sparking_flow to 2024-11-04 00:00:00+00:00, run_after=2024-11-05 00:00:00+00:00
[2024-11-04T19:48:08.031+0000] {processor.py:208} INFO - Processing /opt/airflow/dags/spark_airflow.py took 0.083 seconds
[2024-11-04T19:48:38.128+0000] {processor.py:186} INFO - Started process (PID=76861) to work on /opt/airflow/dags/spark_airflow.py
[2024-11-04T19:48:38.129+0000] {processor.py:914} INFO - Processing file /opt/airflow/dags/spark_airflow.py for tasks to queue
[2024-11-04T19:48:38.130+0000] {logging_mixin.py:190} INFO - [2024-11-04T19:48:38.130+0000] {dagbag.py:588} INFO - Filling up the DagBag from /opt/airflow/dags/spark_airflow.py
[2024-11-04T19:48:38.147+0000] {processor.py:925} INFO - DAG(s) 'sparking_flow' retrieved from /opt/airflow/dags/spark_airflow.py
[2024-11-04T19:48:38.172+0000] {logging_mixin.py:190} INFO - [2024-11-04T19:48:38.172+0000] {dag.py:3239} INFO - Sync 1 DAGs
[2024-11-04T19:48:38.194+0000] {logging_mixin.py:190} INFO - [2024-11-04T19:48:38.194+0000] {dag.py:4180} INFO - Setting next_dagrun for sparking_flow to 2024-11-04 00:00:00+00:00, run_after=2024-11-05 00:00:00+00:00
[2024-11-04T19:48:38.211+0000] {processor.py:208} INFO - Processing /opt/airflow/dags/spark_airflow.py took 0.087 seconds
[2024-11-04T19:49:08.333+0000] {processor.py:186} INFO - Started process (PID=76866) to work on /opt/airflow/dags/spark_airflow.py
[2024-11-04T19:49:08.334+0000] {processor.py:914} INFO - Processing file /opt/airflow/dags/spark_airflow.py for tasks to queue
[2024-11-04T19:49:08.335+0000] {logging_mixin.py:190} INFO - [2024-11-04T19:49:08.335+0000] {dagbag.py:588} INFO - Filling up the DagBag from /opt/airflow/dags/spark_airflow.py
[2024-11-04T19:49:08.352+0000] {processor.py:925} INFO - DAG(s) 'sparking_flow' retrieved from /opt/airflow/dags/spark_airflow.py
[2024-11-04T19:49:08.375+0000] {logging_mixin.py:190} INFO - [2024-11-04T19:49:08.375+0000] {dag.py:3239} INFO - Sync 1 DAGs
[2024-11-04T19:49:08.397+0000] {logging_mixin.py:190} INFO - [2024-11-04T19:49:08.397+0000] {dag.py:4180} INFO - Setting next_dagrun for sparking_flow to 2024-11-04 00:00:00+00:00, run_after=2024-11-05 00:00:00+00:00
[2024-11-04T19:49:08.412+0000] {processor.py:208} INFO - Processing /opt/airflow/dags/spark_airflow.py took 0.084 seconds
[2024-11-04T19:49:38.514+0000] {processor.py:186} INFO - Started process (PID=76871) to work on /opt/airflow/dags/spark_airflow.py
[2024-11-04T19:49:38.515+0000] {processor.py:914} INFO - Processing file /opt/airflow/dags/spark_airflow.py for tasks to queue
[2024-11-04T19:49:38.516+0000] {logging_mixin.py:190} INFO - [2024-11-04T19:49:38.516+0000] {dagbag.py:588} INFO - Filling up the DagBag from /opt/airflow/dags/spark_airflow.py
[2024-11-04T19:49:38.534+0000] {processor.py:925} INFO - DAG(s) 'sparking_flow' retrieved from /opt/airflow/dags/spark_airflow.py
[2024-11-04T19:49:38.557+0000] {logging_mixin.py:190} INFO - [2024-11-04T19:49:38.557+0000] {dag.py:3239} INFO - Sync 1 DAGs
[2024-11-04T19:49:38.578+0000] {logging_mixin.py:190} INFO - [2024-11-04T19:49:38.578+0000] {dag.py:4180} INFO - Setting next_dagrun for sparking_flow to 2024-11-04 00:00:00+00:00, run_after=2024-11-05 00:00:00+00:00
[2024-11-04T19:49:38.594+0000] {processor.py:208} INFO - Processing /opt/airflow/dags/spark_airflow.py took 0.085 seconds
[2024-11-04T19:50:08.726+0000] {processor.py:186} INFO - Started process (PID=76876) to work on /opt/airflow/dags/spark_airflow.py
[2024-11-04T19:50:08.727+0000] {processor.py:914} INFO - Processing file /opt/airflow/dags/spark_airflow.py for tasks to queue
[2024-11-04T19:50:08.728+0000] {logging_mixin.py:190} INFO - [2024-11-04T19:50:08.727+0000] {dagbag.py:588} INFO - Filling up the DagBag from /opt/airflow/dags/spark_airflow.py
[2024-11-04T19:50:08.745+0000] {processor.py:925} INFO - DAG(s) 'sparking_flow' retrieved from /opt/airflow/dags/spark_airflow.py
[2024-11-04T19:50:08.769+0000] {logging_mixin.py:190} INFO - [2024-11-04T19:50:08.769+0000] {dag.py:3239} INFO - Sync 1 DAGs
[2024-11-04T19:50:08.789+0000] {logging_mixin.py:190} INFO - [2024-11-04T19:50:08.789+0000] {dag.py:4180} INFO - Setting next_dagrun for sparking_flow to 2024-11-04 00:00:00+00:00, run_after=2024-11-05 00:00:00+00:00
[2024-11-04T19:50:08.806+0000] {processor.py:208} INFO - Processing /opt/airflow/dags/spark_airflow.py took 0.085 seconds
[2024-11-04T19:50:38.922+0000] {processor.py:186} INFO - Started process (PID=76881) to work on /opt/airflow/dags/spark_airflow.py
[2024-11-04T19:50:38.923+0000] {processor.py:914} INFO - Processing file /opt/airflow/dags/spark_airflow.py for tasks to queue
[2024-11-04T19:50:38.924+0000] {logging_mixin.py:190} INFO - [2024-11-04T19:50:38.924+0000] {dagbag.py:588} INFO - Filling up the DagBag from /opt/airflow/dags/spark_airflow.py
[2024-11-04T19:50:38.942+0000] {processor.py:925} INFO - DAG(s) 'sparking_flow' retrieved from /opt/airflow/dags/spark_airflow.py
[2024-11-04T19:50:38.967+0000] {logging_mixin.py:190} INFO - [2024-11-04T19:50:38.966+0000] {dag.py:3239} INFO - Sync 1 DAGs
[2024-11-04T19:50:38.989+0000] {logging_mixin.py:190} INFO - [2024-11-04T19:50:38.988+0000] {dag.py:4180} INFO - Setting next_dagrun for sparking_flow to 2024-11-04 00:00:00+00:00, run_after=2024-11-05 00:00:00+00:00
[2024-11-04T19:50:39.005+0000] {processor.py:208} INFO - Processing /opt/airflow/dags/spark_airflow.py took 0.086 seconds
[2024-11-04T19:51:09.115+0000] {processor.py:186} INFO - Started process (PID=76886) to work on /opt/airflow/dags/spark_airflow.py
[2024-11-04T19:51:09.116+0000] {processor.py:914} INFO - Processing file /opt/airflow/dags/spark_airflow.py for tasks to queue
[2024-11-04T19:51:09.117+0000] {logging_mixin.py:190} INFO - [2024-11-04T19:51:09.116+0000] {dagbag.py:588} INFO - Filling up the DagBag from /opt/airflow/dags/spark_airflow.py
[2024-11-04T19:51:09.134+0000] {processor.py:925} INFO - DAG(s) 'sparking_flow' retrieved from /opt/airflow/dags/spark_airflow.py
[2024-11-04T19:51:09.160+0000] {logging_mixin.py:190} INFO - [2024-11-04T19:51:09.159+0000] {dag.py:3239} INFO - Sync 1 DAGs
[2024-11-04T19:51:09.181+0000] {logging_mixin.py:190} INFO - [2024-11-04T19:51:09.181+0000] {dag.py:4180} INFO - Setting next_dagrun for sparking_flow to 2024-11-04 00:00:00+00:00, run_after=2024-11-05 00:00:00+00:00
[2024-11-04T19:51:09.198+0000] {processor.py:208} INFO - Processing /opt/airflow/dags/spark_airflow.py took 0.088 seconds
[2024-11-04T19:51:39.313+0000] {processor.py:186} INFO - Started process (PID=76891) to work on /opt/airflow/dags/spark_airflow.py
[2024-11-04T19:51:39.313+0000] {processor.py:914} INFO - Processing file /opt/airflow/dags/spark_airflow.py for tasks to queue
[2024-11-04T19:51:39.314+0000] {logging_mixin.py:190} INFO - [2024-11-04T19:51:39.314+0000] {dagbag.py:588} INFO - Filling up the DagBag from /opt/airflow/dags/spark_airflow.py
[2024-11-04T19:51:39.332+0000] {processor.py:925} INFO - DAG(s) 'sparking_flow' retrieved from /opt/airflow/dags/spark_airflow.py
[2024-11-04T19:51:39.356+0000] {logging_mixin.py:190} INFO - [2024-11-04T19:51:39.356+0000] {dag.py:3239} INFO - Sync 1 DAGs
[2024-11-04T19:51:39.377+0000] {logging_mixin.py:190} INFO - [2024-11-04T19:51:39.377+0000] {dag.py:4180} INFO - Setting next_dagrun for sparking_flow to 2024-11-04 00:00:00+00:00, run_after=2024-11-05 00:00:00+00:00
[2024-11-04T19:51:39.395+0000] {processor.py:208} INFO - Processing /opt/airflow/dags/spark_airflow.py took 0.087 seconds
[2024-11-04T19:52:09.502+0000] {processor.py:186} INFO - Started process (PID=76896) to work on /opt/airflow/dags/spark_airflow.py
[2024-11-04T19:52:09.503+0000] {processor.py:914} INFO - Processing file /opt/airflow/dags/spark_airflow.py for tasks to queue
[2024-11-04T19:52:09.504+0000] {logging_mixin.py:190} INFO - [2024-11-04T19:52:09.504+0000] {dagbag.py:588} INFO - Filling up the DagBag from /opt/airflow/dags/spark_airflow.py
[2024-11-04T19:52:09.521+0000] {processor.py:925} INFO - DAG(s) 'sparking_flow' retrieved from /opt/airflow/dags/spark_airflow.py
[2024-11-04T19:52:09.548+0000] {logging_mixin.py:190} INFO - [2024-11-04T19:52:09.548+0000] {dag.py:3239} INFO - Sync 1 DAGs
[2024-11-04T19:52:09.571+0000] {logging_mixin.py:190} INFO - [2024-11-04T19:52:09.571+0000] {dag.py:4180} INFO - Setting next_dagrun for sparking_flow to 2024-11-04 00:00:00+00:00, run_after=2024-11-05 00:00:00+00:00
[2024-11-04T19:52:09.590+0000] {processor.py:208} INFO - Processing /opt/airflow/dags/spark_airflow.py took 0.092 seconds
[2024-11-04T19:52:39.697+0000] {processor.py:186} INFO - Started process (PID=76901) to work on /opt/airflow/dags/spark_airflow.py
[2024-11-04T19:52:39.697+0000] {processor.py:914} INFO - Processing file /opt/airflow/dags/spark_airflow.py for tasks to queue
[2024-11-04T19:52:39.699+0000] {logging_mixin.py:190} INFO - [2024-11-04T19:52:39.699+0000] {dagbag.py:588} INFO - Filling up the DagBag from /opt/airflow/dags/spark_airflow.py
[2024-11-04T19:52:39.718+0000] {processor.py:925} INFO - DAG(s) 'sparking_flow' retrieved from /opt/airflow/dags/spark_airflow.py
[2024-11-04T19:52:39.741+0000] {logging_mixin.py:190} INFO - [2024-11-04T19:52:39.741+0000] {dag.py:3239} INFO - Sync 1 DAGs
[2024-11-04T19:52:39.762+0000] {logging_mixin.py:190} INFO - [2024-11-04T19:52:39.762+0000] {dag.py:4180} INFO - Setting next_dagrun for sparking_flow to 2024-11-04 00:00:00+00:00, run_after=2024-11-05 00:00:00+00:00
[2024-11-04T19:52:39.777+0000] {processor.py:208} INFO - Processing /opt/airflow/dags/spark_airflow.py took 0.087 seconds
[2024-11-04T19:53:09.894+0000] {processor.py:186} INFO - Started process (PID=76906) to work on /opt/airflow/dags/spark_airflow.py
[2024-11-04T19:53:09.895+0000] {processor.py:914} INFO - Processing file /opt/airflow/dags/spark_airflow.py for tasks to queue
[2024-11-04T19:53:09.896+0000] {logging_mixin.py:190} INFO - [2024-11-04T19:53:09.896+0000] {dagbag.py:588} INFO - Filling up the DagBag from /opt/airflow/dags/spark_airflow.py
[2024-11-04T19:53:09.913+0000] {processor.py:925} INFO - DAG(s) 'sparking_flow' retrieved from /opt/airflow/dags/spark_airflow.py
[2024-11-04T19:53:09.938+0000] {logging_mixin.py:190} INFO - [2024-11-04T19:53:09.938+0000] {dag.py:3239} INFO - Sync 1 DAGs
[2024-11-04T19:53:09.961+0000] {logging_mixin.py:190} INFO - [2024-11-04T19:53:09.960+0000] {dag.py:4180} INFO - Setting next_dagrun for sparking_flow to 2024-11-04 00:00:00+00:00, run_after=2024-11-05 00:00:00+00:00
[2024-11-04T19:53:09.976+0000] {processor.py:208} INFO - Processing /opt/airflow/dags/spark_airflow.py took 0.087 seconds
[2024-11-04T19:53:40.087+0000] {processor.py:186} INFO - Started process (PID=76911) to work on /opt/airflow/dags/spark_airflow.py
[2024-11-04T19:53:40.088+0000] {processor.py:914} INFO - Processing file /opt/airflow/dags/spark_airflow.py for tasks to queue
[2024-11-04T19:53:40.089+0000] {logging_mixin.py:190} INFO - [2024-11-04T19:53:40.089+0000] {dagbag.py:588} INFO - Filling up the DagBag from /opt/airflow/dags/spark_airflow.py
[2024-11-04T19:53:40.106+0000] {processor.py:925} INFO - DAG(s) 'sparking_flow' retrieved from /opt/airflow/dags/spark_airflow.py
[2024-11-04T19:53:40.129+0000] {logging_mixin.py:190} INFO - [2024-11-04T19:53:40.129+0000] {dag.py:3239} INFO - Sync 1 DAGs
[2024-11-04T19:53:40.150+0000] {logging_mixin.py:190} INFO - [2024-11-04T19:53:40.150+0000] {dag.py:4180} INFO - Setting next_dagrun for sparking_flow to 2024-11-04 00:00:00+00:00, run_after=2024-11-05 00:00:00+00:00
[2024-11-04T19:53:40.164+0000] {processor.py:208} INFO - Processing /opt/airflow/dags/spark_airflow.py took 0.082 seconds
[2024-11-04T19:54:10.283+0000] {processor.py:186} INFO - Started process (PID=76916) to work on /opt/airflow/dags/spark_airflow.py
[2024-11-04T19:54:10.284+0000] {processor.py:914} INFO - Processing file /opt/airflow/dags/spark_airflow.py for tasks to queue
[2024-11-04T19:54:10.285+0000] {logging_mixin.py:190} INFO - [2024-11-04T19:54:10.285+0000] {dagbag.py:588} INFO - Filling up the DagBag from /opt/airflow/dags/spark_airflow.py
[2024-11-04T19:54:10.302+0000] {processor.py:925} INFO - DAG(s) 'sparking_flow' retrieved from /opt/airflow/dags/spark_airflow.py
[2024-11-04T19:54:10.326+0000] {logging_mixin.py:190} INFO - [2024-11-04T19:54:10.325+0000] {dag.py:3239} INFO - Sync 1 DAGs
[2024-11-04T19:54:10.347+0000] {logging_mixin.py:190} INFO - [2024-11-04T19:54:10.347+0000] {dag.py:4180} INFO - Setting next_dagrun for sparking_flow to 2024-11-04 00:00:00+00:00, run_after=2024-11-05 00:00:00+00:00
[2024-11-04T19:54:10.363+0000] {processor.py:208} INFO - Processing /opt/airflow/dags/spark_airflow.py took 0.085 seconds
[2024-11-04T19:54:40.473+0000] {processor.py:186} INFO - Started process (PID=76921) to work on /opt/airflow/dags/spark_airflow.py
[2024-11-04T19:54:40.473+0000] {processor.py:914} INFO - Processing file /opt/airflow/dags/spark_airflow.py for tasks to queue
[2024-11-04T19:54:40.474+0000] {logging_mixin.py:190} INFO - [2024-11-04T19:54:40.474+0000] {dagbag.py:588} INFO - Filling up the DagBag from /opt/airflow/dags/spark_airflow.py
[2024-11-04T19:54:40.491+0000] {processor.py:925} INFO - DAG(s) 'sparking_flow' retrieved from /opt/airflow/dags/spark_airflow.py
[2024-11-04T19:54:40.513+0000] {logging_mixin.py:190} INFO - [2024-11-04T19:54:40.513+0000] {dag.py:3239} INFO - Sync 1 DAGs
[2024-11-04T19:54:40.533+0000] {logging_mixin.py:190} INFO - [2024-11-04T19:54:40.533+0000] {dag.py:4180} INFO - Setting next_dagrun for sparking_flow to 2024-11-04 00:00:00+00:00, run_after=2024-11-05 00:00:00+00:00
[2024-11-04T19:54:40.548+0000] {processor.py:208} INFO - Processing /opt/airflow/dags/spark_airflow.py took 0.080 seconds
[2024-11-04T19:55:10.673+0000] {processor.py:186} INFO - Started process (PID=76926) to work on /opt/airflow/dags/spark_airflow.py
[2024-11-04T19:55:10.674+0000] {processor.py:914} INFO - Processing file /opt/airflow/dags/spark_airflow.py for tasks to queue
[2024-11-04T19:55:10.675+0000] {logging_mixin.py:190} INFO - [2024-11-04T19:55:10.675+0000] {dagbag.py:588} INFO - Filling up the DagBag from /opt/airflow/dags/spark_airflow.py
[2024-11-04T19:55:10.693+0000] {processor.py:925} INFO - DAG(s) 'sparking_flow' retrieved from /opt/airflow/dags/spark_airflow.py
[2024-11-04T19:55:10.715+0000] {logging_mixin.py:190} INFO - [2024-11-04T19:55:10.715+0000] {dag.py:3239} INFO - Sync 1 DAGs
[2024-11-04T19:55:10.735+0000] {logging_mixin.py:190} INFO - [2024-11-04T19:55:10.735+0000] {dag.py:4180} INFO - Setting next_dagrun for sparking_flow to 2024-11-04 00:00:00+00:00, run_after=2024-11-05 00:00:00+00:00
[2024-11-04T19:55:10.752+0000] {processor.py:208} INFO - Processing /opt/airflow/dags/spark_airflow.py took 0.083 seconds
[2024-11-04T19:55:40.854+0000] {processor.py:186} INFO - Started process (PID=76931) to work on /opt/airflow/dags/spark_airflow.py
[2024-11-04T19:55:40.855+0000] {processor.py:914} INFO - Processing file /opt/airflow/dags/spark_airflow.py for tasks to queue
[2024-11-04T19:55:40.856+0000] {logging_mixin.py:190} INFO - [2024-11-04T19:55:40.855+0000] {dagbag.py:588} INFO - Filling up the DagBag from /opt/airflow/dags/spark_airflow.py
[2024-11-04T19:55:40.875+0000] {processor.py:925} INFO - DAG(s) 'sparking_flow' retrieved from /opt/airflow/dags/spark_airflow.py
[2024-11-04T19:55:40.901+0000] {logging_mixin.py:190} INFO - [2024-11-04T19:55:40.901+0000] {dag.py:3239} INFO - Sync 1 DAGs
[2024-11-04T19:55:40.922+0000] {logging_mixin.py:190} INFO - [2024-11-04T19:55:40.922+0000] {dag.py:4180} INFO - Setting next_dagrun for sparking_flow to 2024-11-04 00:00:00+00:00, run_after=2024-11-05 00:00:00+00:00
[2024-11-04T19:55:40.939+0000] {processor.py:208} INFO - Processing /opt/airflow/dags/spark_airflow.py took 0.091 seconds
[2024-11-04T19:56:11.082+0000] {processor.py:186} INFO - Started process (PID=76936) to work on /opt/airflow/dags/spark_airflow.py
[2024-11-04T19:56:11.083+0000] {processor.py:914} INFO - Processing file /opt/airflow/dags/spark_airflow.py for tasks to queue
[2024-11-04T19:56:11.084+0000] {logging_mixin.py:190} INFO - [2024-11-04T19:56:11.084+0000] {dagbag.py:588} INFO - Filling up the DagBag from /opt/airflow/dags/spark_airflow.py
[2024-11-04T19:56:11.103+0000] {processor.py:925} INFO - DAG(s) 'sparking_flow' retrieved from /opt/airflow/dags/spark_airflow.py
[2024-11-04T19:56:11.128+0000] {logging_mixin.py:190} INFO - [2024-11-04T19:56:11.128+0000] {dag.py:3239} INFO - Sync 1 DAGs
[2024-11-04T19:56:11.150+0000] {logging_mixin.py:190} INFO - [2024-11-04T19:56:11.150+0000] {dag.py:4180} INFO - Setting next_dagrun for sparking_flow to 2024-11-04 00:00:00+00:00, run_after=2024-11-05 00:00:00+00:00
[2024-11-04T19:56:11.167+0000] {processor.py:208} INFO - Processing /opt/airflow/dags/spark_airflow.py took 0.089 seconds
[2024-11-04T19:56:41.244+0000] {processor.py:186} INFO - Started process (PID=76941) to work on /opt/airflow/dags/spark_airflow.py
[2024-11-04T19:56:41.245+0000] {processor.py:914} INFO - Processing file /opt/airflow/dags/spark_airflow.py for tasks to queue
[2024-11-04T19:56:41.246+0000] {logging_mixin.py:190} INFO - [2024-11-04T19:56:41.246+0000] {dagbag.py:588} INFO - Filling up the DagBag from /opt/airflow/dags/spark_airflow.py
[2024-11-04T19:56:41.263+0000] {processor.py:925} INFO - DAG(s) 'sparking_flow' retrieved from /opt/airflow/dags/spark_airflow.py
[2024-11-04T19:56:41.289+0000] {logging_mixin.py:190} INFO - [2024-11-04T19:56:41.288+0000] {dag.py:3239} INFO - Sync 1 DAGs
[2024-11-04T19:56:41.310+0000] {logging_mixin.py:190} INFO - [2024-11-04T19:56:41.310+0000] {dag.py:4180} INFO - Setting next_dagrun for sparking_flow to 2024-11-04 00:00:00+00:00, run_after=2024-11-05 00:00:00+00:00
[2024-11-04T19:56:41.329+0000] {processor.py:208} INFO - Processing /opt/airflow/dags/spark_airflow.py took 0.089 seconds
[2024-11-04T19:57:11.470+0000] {processor.py:186} INFO - Started process (PID=76946) to work on /opt/airflow/dags/spark_airflow.py
[2024-11-04T19:57:11.471+0000] {processor.py:914} INFO - Processing file /opt/airflow/dags/spark_airflow.py for tasks to queue
[2024-11-04T19:57:11.472+0000] {logging_mixin.py:190} INFO - [2024-11-04T19:57:11.472+0000] {dagbag.py:588} INFO - Filling up the DagBag from /opt/airflow/dags/spark_airflow.py
[2024-11-04T19:57:11.488+0000] {processor.py:925} INFO - DAG(s) 'sparking_flow' retrieved from /opt/airflow/dags/spark_airflow.py
[2024-11-04T19:57:11.513+0000] {logging_mixin.py:190} INFO - [2024-11-04T19:57:11.513+0000] {dag.py:3239} INFO - Sync 1 DAGs
[2024-11-04T19:57:11.534+0000] {logging_mixin.py:190} INFO - [2024-11-04T19:57:11.534+0000] {dag.py:4180} INFO - Setting next_dagrun for sparking_flow to 2024-11-04 00:00:00+00:00, run_after=2024-11-05 00:00:00+00:00
[2024-11-04T19:57:11.553+0000] {processor.py:208} INFO - Processing /opt/airflow/dags/spark_airflow.py took 0.086 seconds
[2024-11-04T19:57:41.637+0000] {processor.py:186} INFO - Started process (PID=76951) to work on /opt/airflow/dags/spark_airflow.py
[2024-11-04T19:57:41.637+0000] {processor.py:914} INFO - Processing file /opt/airflow/dags/spark_airflow.py for tasks to queue
[2024-11-04T19:57:41.639+0000] {logging_mixin.py:190} INFO - [2024-11-04T19:57:41.638+0000] {dagbag.py:588} INFO - Filling up the DagBag from /opt/airflow/dags/spark_airflow.py
[2024-11-04T19:57:41.655+0000] {processor.py:925} INFO - DAG(s) 'sparking_flow' retrieved from /opt/airflow/dags/spark_airflow.py
[2024-11-04T19:57:41.678+0000] {logging_mixin.py:190} INFO - [2024-11-04T19:57:41.678+0000] {dag.py:3239} INFO - Sync 1 DAGs
[2024-11-04T19:57:41.699+0000] {logging_mixin.py:190} INFO - [2024-11-04T19:57:41.699+0000] {dag.py:4180} INFO - Setting next_dagrun for sparking_flow to 2024-11-04 00:00:00+00:00, run_after=2024-11-05 00:00:00+00:00
[2024-11-04T19:57:41.714+0000] {processor.py:208} INFO - Processing /opt/airflow/dags/spark_airflow.py took 0.082 seconds
[2024-11-04T19:58:11.857+0000] {processor.py:186} INFO - Started process (PID=76956) to work on /opt/airflow/dags/spark_airflow.py
[2024-11-04T19:58:11.858+0000] {processor.py:914} INFO - Processing file /opt/airflow/dags/spark_airflow.py for tasks to queue
[2024-11-04T19:58:11.859+0000] {logging_mixin.py:190} INFO - [2024-11-04T19:58:11.859+0000] {dagbag.py:588} INFO - Filling up the DagBag from /opt/airflow/dags/spark_airflow.py
[2024-11-04T19:58:11.876+0000] {processor.py:925} INFO - DAG(s) 'sparking_flow' retrieved from /opt/airflow/dags/spark_airflow.py
[2024-11-04T19:58:11.899+0000] {logging_mixin.py:190} INFO - [2024-11-04T19:58:11.899+0000] {dag.py:3239} INFO - Sync 1 DAGs
[2024-11-04T19:58:11.920+0000] {logging_mixin.py:190} INFO - [2024-11-04T19:58:11.920+0000] {dag.py:4180} INFO - Setting next_dagrun for sparking_flow to 2024-11-04 00:00:00+00:00, run_after=2024-11-05 00:00:00+00:00
[2024-11-04T19:58:11.935+0000] {processor.py:208} INFO - Processing /opt/airflow/dags/spark_airflow.py took 0.082 seconds
[2024-11-04T19:58:42.021+0000] {processor.py:186} INFO - Started process (PID=76961) to work on /opt/airflow/dags/spark_airflow.py
[2024-11-04T19:58:42.022+0000] {processor.py:914} INFO - Processing file /opt/airflow/dags/spark_airflow.py for tasks to queue
[2024-11-04T19:58:42.023+0000] {logging_mixin.py:190} INFO - [2024-11-04T19:58:42.022+0000] {dagbag.py:588} INFO - Filling up the DagBag from /opt/airflow/dags/spark_airflow.py
[2024-11-04T19:58:42.040+0000] {processor.py:925} INFO - DAG(s) 'sparking_flow' retrieved from /opt/airflow/dags/spark_airflow.py
[2024-11-04T19:58:42.066+0000] {logging_mixin.py:190} INFO - [2024-11-04T19:58:42.066+0000] {dag.py:3239} INFO - Sync 1 DAGs
[2024-11-04T19:58:42.087+0000] {logging_mixin.py:190} INFO - [2024-11-04T19:58:42.087+0000] {dag.py:4180} INFO - Setting next_dagrun for sparking_flow to 2024-11-04 00:00:00+00:00, run_after=2024-11-05 00:00:00+00:00
[2024-11-04T19:58:42.103+0000] {processor.py:208} INFO - Processing /opt/airflow/dags/spark_airflow.py took 0.087 seconds
[2024-11-04T19:59:12.240+0000] {processor.py:186} INFO - Started process (PID=76966) to work on /opt/airflow/dags/spark_airflow.py
[2024-11-04T19:59:12.241+0000] {processor.py:914} INFO - Processing file /opt/airflow/dags/spark_airflow.py for tasks to queue
[2024-11-04T19:59:12.242+0000] {logging_mixin.py:190} INFO - [2024-11-04T19:59:12.241+0000] {dagbag.py:588} INFO - Filling up the DagBag from /opt/airflow/dags/spark_airflow.py
[2024-11-04T19:59:12.258+0000] {processor.py:925} INFO - DAG(s) 'sparking_flow' retrieved from /opt/airflow/dags/spark_airflow.py
[2024-11-04T19:59:12.281+0000] {logging_mixin.py:190} INFO - [2024-11-04T19:59:12.281+0000] {dag.py:3239} INFO - Sync 1 DAGs
[2024-11-04T19:59:12.301+0000] {logging_mixin.py:190} INFO - [2024-11-04T19:59:12.301+0000] {dag.py:4180} INFO - Setting next_dagrun for sparking_flow to 2024-11-04 00:00:00+00:00, run_after=2024-11-05 00:00:00+00:00
[2024-11-04T19:59:12.317+0000] {processor.py:208} INFO - Processing /opt/airflow/dags/spark_airflow.py took 0.082 seconds
[2024-11-04T19:59:42.416+0000] {processor.py:186} INFO - Started process (PID=76971) to work on /opt/airflow/dags/spark_airflow.py
[2024-11-04T19:59:42.417+0000] {processor.py:914} INFO - Processing file /opt/airflow/dags/spark_airflow.py for tasks to queue
[2024-11-04T19:59:42.418+0000] {logging_mixin.py:190} INFO - [2024-11-04T19:59:42.418+0000] {dagbag.py:588} INFO - Filling up the DagBag from /opt/airflow/dags/spark_airflow.py
[2024-11-04T19:59:42.435+0000] {processor.py:925} INFO - DAG(s) 'sparking_flow' retrieved from /opt/airflow/dags/spark_airflow.py
[2024-11-04T19:59:42.458+0000] {logging_mixin.py:190} INFO - [2024-11-04T19:59:42.458+0000] {dag.py:3239} INFO - Sync 1 DAGs
[2024-11-04T19:59:42.478+0000] {logging_mixin.py:190} INFO - [2024-11-04T19:59:42.478+0000] {dag.py:4180} INFO - Setting next_dagrun for sparking_flow to 2024-11-04 00:00:00+00:00, run_after=2024-11-05 00:00:00+00:00
[2024-11-04T19:59:42.495+0000] {processor.py:208} INFO - Processing /opt/airflow/dags/spark_airflow.py took 0.083 seconds
[2024-11-04T20:00:12.629+0000] {processor.py:186} INFO - Started process (PID=76976) to work on /opt/airflow/dags/spark_airflow.py
[2024-11-04T20:00:12.629+0000] {processor.py:914} INFO - Processing file /opt/airflow/dags/spark_airflow.py for tasks to queue
[2024-11-04T20:00:12.631+0000] {logging_mixin.py:190} INFO - [2024-11-04T20:00:12.631+0000] {dagbag.py:588} INFO - Filling up the DagBag from /opt/airflow/dags/spark_airflow.py
[2024-11-04T20:00:12.648+0000] {processor.py:925} INFO - DAG(s) 'sparking_flow' retrieved from /opt/airflow/dags/spark_airflow.py
[2024-11-04T20:00:12.671+0000] {logging_mixin.py:190} INFO - [2024-11-04T20:00:12.670+0000] {dag.py:3239} INFO - Sync 1 DAGs
[2024-11-04T20:00:12.691+0000] {logging_mixin.py:190} INFO - [2024-11-04T20:00:12.690+0000] {dag.py:4180} INFO - Setting next_dagrun for sparking_flow to 2024-11-04 00:00:00+00:00, run_after=2024-11-05 00:00:00+00:00
[2024-11-04T20:00:12.707+0000] {processor.py:208} INFO - Processing /opt/airflow/dags/spark_airflow.py took 0.083 seconds
[2024-11-04T20:00:42.820+0000] {processor.py:186} INFO - Started process (PID=76981) to work on /opt/airflow/dags/spark_airflow.py
[2024-11-04T20:00:42.821+0000] {processor.py:914} INFO - Processing file /opt/airflow/dags/spark_airflow.py for tasks to queue
[2024-11-04T20:00:42.822+0000] {logging_mixin.py:190} INFO - [2024-11-04T20:00:42.822+0000] {dagbag.py:588} INFO - Filling up the DagBag from /opt/airflow/dags/spark_airflow.py
[2024-11-04T20:00:42.839+0000] {processor.py:925} INFO - DAG(s) 'sparking_flow' retrieved from /opt/airflow/dags/spark_airflow.py
[2024-11-04T20:00:42.864+0000] {logging_mixin.py:190} INFO - [2024-11-04T20:00:42.863+0000] {dag.py:3239} INFO - Sync 1 DAGs
[2024-11-04T20:00:42.887+0000] {logging_mixin.py:190} INFO - [2024-11-04T20:00:42.886+0000] {dag.py:4180} INFO - Setting next_dagrun for sparking_flow to 2024-11-04 00:00:00+00:00, run_after=2024-11-05 00:00:00+00:00
[2024-11-04T20:00:42.905+0000] {processor.py:208} INFO - Processing /opt/airflow/dags/spark_airflow.py took 0.089 seconds
[2024-11-04T20:01:13.013+0000] {processor.py:186} INFO - Started process (PID=76986) to work on /opt/airflow/dags/spark_airflow.py
[2024-11-04T20:01:13.013+0000] {processor.py:914} INFO - Processing file /opt/airflow/dags/spark_airflow.py for tasks to queue
[2024-11-04T20:01:13.015+0000] {logging_mixin.py:190} INFO - [2024-11-04T20:01:13.014+0000] {dagbag.py:588} INFO - Filling up the DagBag from /opt/airflow/dags/spark_airflow.py
[2024-11-04T20:01:13.032+0000] {processor.py:925} INFO - DAG(s) 'sparking_flow' retrieved from /opt/airflow/dags/spark_airflow.py
[2024-11-04T20:01:13.054+0000] {logging_mixin.py:190} INFO - [2024-11-04T20:01:13.054+0000] {dag.py:3239} INFO - Sync 1 DAGs
[2024-11-04T20:01:13.074+0000] {logging_mixin.py:190} INFO - [2024-11-04T20:01:13.074+0000] {dag.py:4180} INFO - Setting next_dagrun for sparking_flow to 2024-11-04 00:00:00+00:00, run_after=2024-11-05 00:00:00+00:00
[2024-11-04T20:01:13.090+0000] {processor.py:208} INFO - Processing /opt/airflow/dags/spark_airflow.py took 0.082 seconds
[2024-11-04T20:01:43.209+0000] {processor.py:186} INFO - Started process (PID=76991) to work on /opt/airflow/dags/spark_airflow.py
[2024-11-04T20:01:43.209+0000] {processor.py:914} INFO - Processing file /opt/airflow/dags/spark_airflow.py for tasks to queue
[2024-11-04T20:01:43.210+0000] {logging_mixin.py:190} INFO - [2024-11-04T20:01:43.210+0000] {dagbag.py:588} INFO - Filling up the DagBag from /opt/airflow/dags/spark_airflow.py
[2024-11-04T20:01:43.227+0000] {processor.py:925} INFO - DAG(s) 'sparking_flow' retrieved from /opt/airflow/dags/spark_airflow.py
[2024-11-04T20:01:43.251+0000] {logging_mixin.py:190} INFO - [2024-11-04T20:01:43.251+0000] {dag.py:3239} INFO - Sync 1 DAGs
[2024-11-04T20:01:43.272+0000] {logging_mixin.py:190} INFO - [2024-11-04T20:01:43.272+0000] {dag.py:4180} INFO - Setting next_dagrun for sparking_flow to 2024-11-04 00:00:00+00:00, run_after=2024-11-05 00:00:00+00:00
[2024-11-04T20:01:43.289+0000] {processor.py:208} INFO - Processing /opt/airflow/dags/spark_airflow.py took 0.085 seconds
[2024-11-04T20:02:13.393+0000] {processor.py:186} INFO - Started process (PID=76996) to work on /opt/airflow/dags/spark_airflow.py
[2024-11-04T20:02:13.394+0000] {processor.py:914} INFO - Processing file /opt/airflow/dags/spark_airflow.py for tasks to queue
[2024-11-04T20:02:13.395+0000] {logging_mixin.py:190} INFO - [2024-11-04T20:02:13.395+0000] {dagbag.py:588} INFO - Filling up the DagBag from /opt/airflow/dags/spark_airflow.py
[2024-11-04T20:02:13.412+0000] {processor.py:925} INFO - DAG(s) 'sparking_flow' retrieved from /opt/airflow/dags/spark_airflow.py
[2024-11-04T20:02:13.436+0000] {logging_mixin.py:190} INFO - [2024-11-04T20:02:13.436+0000] {dag.py:3239} INFO - Sync 1 DAGs
[2024-11-04T20:02:13.456+0000] {logging_mixin.py:190} INFO - [2024-11-04T20:02:13.456+0000] {dag.py:4180} INFO - Setting next_dagrun for sparking_flow to 2024-11-04 00:00:00+00:00, run_after=2024-11-05 00:00:00+00:00
[2024-11-04T20:02:13.472+0000] {processor.py:208} INFO - Processing /opt/airflow/dags/spark_airflow.py took 0.083 seconds
[2024-11-04T20:02:43.597+0000] {processor.py:186} INFO - Started process (PID=77001) to work on /opt/airflow/dags/spark_airflow.py
[2024-11-04T20:02:43.598+0000] {processor.py:914} INFO - Processing file /opt/airflow/dags/spark_airflow.py for tasks to queue
[2024-11-04T20:02:43.599+0000] {logging_mixin.py:190} INFO - [2024-11-04T20:02:43.599+0000] {dagbag.py:588} INFO - Filling up the DagBag from /opt/airflow/dags/spark_airflow.py
[2024-11-04T20:02:43.619+0000] {processor.py:925} INFO - DAG(s) 'sparking_flow' retrieved from /opt/airflow/dags/spark_airflow.py
[2024-11-04T20:02:43.644+0000] {logging_mixin.py:190} INFO - [2024-11-04T20:02:43.643+0000] {dag.py:3239} INFO - Sync 1 DAGs
[2024-11-04T20:02:43.665+0000] {logging_mixin.py:190} INFO - [2024-11-04T20:02:43.665+0000] {dag.py:4180} INFO - Setting next_dagrun for sparking_flow to 2024-11-04 00:00:00+00:00, run_after=2024-11-05 00:00:00+00:00
[2024-11-04T20:02:43.681+0000] {processor.py:208} INFO - Processing /opt/airflow/dags/spark_airflow.py took 0.090 seconds
[2024-11-04T20:03:13.778+0000] {processor.py:186} INFO - Started process (PID=77006) to work on /opt/airflow/dags/spark_airflow.py
[2024-11-04T20:03:13.779+0000] {processor.py:914} INFO - Processing file /opt/airflow/dags/spark_airflow.py for tasks to queue
[2024-11-04T20:03:13.780+0000] {logging_mixin.py:190} INFO - [2024-11-04T20:03:13.780+0000] {dagbag.py:588} INFO - Filling up the DagBag from /opt/airflow/dags/spark_airflow.py
[2024-11-04T20:03:13.799+0000] {processor.py:925} INFO - DAG(s) 'sparking_flow' retrieved from /opt/airflow/dags/spark_airflow.py
[2024-11-04T20:03:13.822+0000] {logging_mixin.py:190} INFO - [2024-11-04T20:03:13.822+0000] {dag.py:3239} INFO - Sync 1 DAGs
[2024-11-04T20:03:13.842+0000] {logging_mixin.py:190} INFO - [2024-11-04T20:03:13.842+0000] {dag.py:4180} INFO - Setting next_dagrun for sparking_flow to 2024-11-04 00:00:00+00:00, run_after=2024-11-05 00:00:00+00:00
[2024-11-04T20:03:13.859+0000] {processor.py:208} INFO - Processing /opt/airflow/dags/spark_airflow.py took 0.085 seconds
[2024-11-04T20:03:43.987+0000] {processor.py:186} INFO - Started process (PID=77011) to work on /opt/airflow/dags/spark_airflow.py
[2024-11-04T20:03:43.988+0000] {processor.py:914} INFO - Processing file /opt/airflow/dags/spark_airflow.py for tasks to queue
[2024-11-04T20:03:43.989+0000] {logging_mixin.py:190} INFO - [2024-11-04T20:03:43.989+0000] {dagbag.py:588} INFO - Filling up the DagBag from /opt/airflow/dags/spark_airflow.py
[2024-11-04T20:03:44.006+0000] {processor.py:925} INFO - DAG(s) 'sparking_flow' retrieved from /opt/airflow/dags/spark_airflow.py
[2024-11-04T20:03:44.031+0000] {logging_mixin.py:190} INFO - [2024-11-04T20:03:44.031+0000] {dag.py:3239} INFO - Sync 1 DAGs
[2024-11-04T20:03:44.053+0000] {logging_mixin.py:190} INFO - [2024-11-04T20:03:44.053+0000] {dag.py:4180} INFO - Setting next_dagrun for sparking_flow to 2024-11-04 00:00:00+00:00, run_after=2024-11-05 00:00:00+00:00
[2024-11-04T20:03:44.069+0000] {processor.py:208} INFO - Processing /opt/airflow/dags/spark_airflow.py took 0.087 seconds
[2024-11-04T20:04:14.167+0000] {processor.py:186} INFO - Started process (PID=77016) to work on /opt/airflow/dags/spark_airflow.py
[2024-11-04T20:04:14.168+0000] {processor.py:914} INFO - Processing file /opt/airflow/dags/spark_airflow.py for tasks to queue
[2024-11-04T20:04:14.169+0000] {logging_mixin.py:190} INFO - [2024-11-04T20:04:14.168+0000] {dagbag.py:588} INFO - Filling up the DagBag from /opt/airflow/dags/spark_airflow.py
[2024-11-04T20:04:14.186+0000] {processor.py:925} INFO - DAG(s) 'sparking_flow' retrieved from /opt/airflow/dags/spark_airflow.py
[2024-11-04T20:04:14.210+0000] {logging_mixin.py:190} INFO - [2024-11-04T20:04:14.210+0000] {dag.py:3239} INFO - Sync 1 DAGs
[2024-11-04T20:04:14.230+0000] {logging_mixin.py:190} INFO - [2024-11-04T20:04:14.230+0000] {dag.py:4180} INFO - Setting next_dagrun for sparking_flow to 2024-11-04 00:00:00+00:00, run_after=2024-11-05 00:00:00+00:00
[2024-11-04T20:04:14.245+0000] {processor.py:208} INFO - Processing /opt/airflow/dags/spark_airflow.py took 0.082 seconds
[2024-11-04T20:04:44.375+0000] {processor.py:186} INFO - Started process (PID=77021) to work on /opt/airflow/dags/spark_airflow.py
[2024-11-04T20:04:44.376+0000] {processor.py:914} INFO - Processing file /opt/airflow/dags/spark_airflow.py for tasks to queue
[2024-11-04T20:04:44.377+0000] {logging_mixin.py:190} INFO - [2024-11-04T20:04:44.377+0000] {dagbag.py:588} INFO - Filling up the DagBag from /opt/airflow/dags/spark_airflow.py
[2024-11-04T20:04:44.395+0000] {processor.py:925} INFO - DAG(s) 'sparking_flow' retrieved from /opt/airflow/dags/spark_airflow.py
[2024-11-04T20:04:44.419+0000] {logging_mixin.py:190} INFO - [2024-11-04T20:04:44.419+0000] {dag.py:3239} INFO - Sync 1 DAGs
[2024-11-04T20:04:44.441+0000] {logging_mixin.py:190} INFO - [2024-11-04T20:04:44.441+0000] {dag.py:4180} INFO - Setting next_dagrun for sparking_flow to 2024-11-04 00:00:00+00:00, run_after=2024-11-05 00:00:00+00:00
[2024-11-04T20:04:44.457+0000] {processor.py:208} INFO - Processing /opt/airflow/dags/spark_airflow.py took 0.086 seconds
[2024-11-04T20:05:14.553+0000] {processor.py:186} INFO - Started process (PID=77026) to work on /opt/airflow/dags/spark_airflow.py
[2024-11-04T20:05:14.554+0000] {processor.py:914} INFO - Processing file /opt/airflow/dags/spark_airflow.py for tasks to queue
[2024-11-04T20:05:14.555+0000] {logging_mixin.py:190} INFO - [2024-11-04T20:05:14.555+0000] {dagbag.py:588} INFO - Filling up the DagBag from /opt/airflow/dags/spark_airflow.py
[2024-11-04T20:05:14.572+0000] {processor.py:925} INFO - DAG(s) 'sparking_flow' retrieved from /opt/airflow/dags/spark_airflow.py
[2024-11-04T20:05:14.602+0000] {logging_mixin.py:190} INFO - [2024-11-04T20:05:14.602+0000] {dag.py:3239} INFO - Sync 1 DAGs
[2024-11-04T20:05:14.623+0000] {logging_mixin.py:190} INFO - [2024-11-04T20:05:14.623+0000] {dag.py:4180} INFO - Setting next_dagrun for sparking_flow to 2024-11-04 00:00:00+00:00, run_after=2024-11-05 00:00:00+00:00
[2024-11-04T20:05:14.638+0000] {processor.py:208} INFO - Processing /opt/airflow/dags/spark_airflow.py took 0.090 seconds
[2024-11-04T20:05:44.762+0000] {processor.py:186} INFO - Started process (PID=77031) to work on /opt/airflow/dags/spark_airflow.py
[2024-11-04T20:05:44.763+0000] {processor.py:914} INFO - Processing file /opt/airflow/dags/spark_airflow.py for tasks to queue
[2024-11-04T20:05:44.764+0000] {logging_mixin.py:190} INFO - [2024-11-04T20:05:44.764+0000] {dagbag.py:588} INFO - Filling up the DagBag from /opt/airflow/dags/spark_airflow.py
[2024-11-04T20:05:44.782+0000] {processor.py:925} INFO - DAG(s) 'sparking_flow' retrieved from /opt/airflow/dags/spark_airflow.py
[2024-11-04T20:05:44.806+0000] {logging_mixin.py:190} INFO - [2024-11-04T20:05:44.806+0000] {dag.py:3239} INFO - Sync 1 DAGs
[2024-11-04T20:05:44.827+0000] {logging_mixin.py:190} INFO - [2024-11-04T20:05:44.827+0000] {dag.py:4180} INFO - Setting next_dagrun for sparking_flow to 2024-11-04 00:00:00+00:00, run_after=2024-11-05 00:00:00+00:00
[2024-11-04T20:05:44.842+0000] {processor.py:208} INFO - Processing /opt/airflow/dags/spark_airflow.py took 0.084 seconds
[2024-11-04T20:06:14.967+0000] {processor.py:186} INFO - Started process (PID=77036) to work on /opt/airflow/dags/spark_airflow.py
[2024-11-04T20:06:14.968+0000] {processor.py:914} INFO - Processing file /opt/airflow/dags/spark_airflow.py for tasks to queue
[2024-11-04T20:06:14.969+0000] {logging_mixin.py:190} INFO - [2024-11-04T20:06:14.969+0000] {dagbag.py:588} INFO - Filling up the DagBag from /opt/airflow/dags/spark_airflow.py
[2024-11-04T20:06:14.986+0000] {processor.py:925} INFO - DAG(s) 'sparking_flow' retrieved from /opt/airflow/dags/spark_airflow.py
[2024-11-04T20:06:15.010+0000] {logging_mixin.py:190} INFO - [2024-11-04T20:06:15.010+0000] {dag.py:3239} INFO - Sync 1 DAGs
[2024-11-04T20:06:15.034+0000] {logging_mixin.py:190} INFO - [2024-11-04T20:06:15.034+0000] {dag.py:4180} INFO - Setting next_dagrun for sparking_flow to 2024-11-04 00:00:00+00:00, run_after=2024-11-05 00:00:00+00:00
[2024-11-04T20:06:15.052+0000] {processor.py:208} INFO - Processing /opt/airflow/dags/spark_airflow.py took 0.089 seconds
[2024-11-04T20:06:45.147+0000] {processor.py:186} INFO - Started process (PID=77041) to work on /opt/airflow/dags/spark_airflow.py
[2024-11-04T20:06:45.148+0000] {processor.py:914} INFO - Processing file /opt/airflow/dags/spark_airflow.py for tasks to queue
[2024-11-04T20:06:45.149+0000] {logging_mixin.py:190} INFO - [2024-11-04T20:06:45.148+0000] {dagbag.py:588} INFO - Filling up the DagBag from /opt/airflow/dags/spark_airflow.py
[2024-11-04T20:06:45.166+0000] {processor.py:925} INFO - DAG(s) 'sparking_flow' retrieved from /opt/airflow/dags/spark_airflow.py
[2024-11-04T20:06:45.189+0000] {logging_mixin.py:190} INFO - [2024-11-04T20:06:45.188+0000] {dag.py:3239} INFO - Sync 1 DAGs
[2024-11-04T20:06:45.209+0000] {logging_mixin.py:190} INFO - [2024-11-04T20:06:45.208+0000] {dag.py:4180} INFO - Setting next_dagrun for sparking_flow to 2024-11-04 00:00:00+00:00, run_after=2024-11-05 00:00:00+00:00
[2024-11-04T20:06:45.226+0000] {processor.py:208} INFO - Processing /opt/airflow/dags/spark_airflow.py took 0.083 seconds
[2024-11-04T20:07:15.358+0000] {processor.py:186} INFO - Started process (PID=77046) to work on /opt/airflow/dags/spark_airflow.py
[2024-11-04T20:07:15.359+0000] {processor.py:914} INFO - Processing file /opt/airflow/dags/spark_airflow.py for tasks to queue
[2024-11-04T20:07:15.360+0000] {logging_mixin.py:190} INFO - [2024-11-04T20:07:15.360+0000] {dagbag.py:588} INFO - Filling up the DagBag from /opt/airflow/dags/spark_airflow.py
[2024-11-04T20:07:15.377+0000] {processor.py:925} INFO - DAG(s) 'sparking_flow' retrieved from /opt/airflow/dags/spark_airflow.py
[2024-11-04T20:07:15.402+0000] {logging_mixin.py:190} INFO - [2024-11-04T20:07:15.402+0000] {dag.py:3239} INFO - Sync 1 DAGs
[2024-11-04T20:07:15.422+0000] {logging_mixin.py:190} INFO - [2024-11-04T20:07:15.422+0000] {dag.py:4180} INFO - Setting next_dagrun for sparking_flow to 2024-11-04 00:00:00+00:00, run_after=2024-11-05 00:00:00+00:00
[2024-11-04T20:07:15.439+0000] {processor.py:208} INFO - Processing /opt/airflow/dags/spark_airflow.py took 0.085 seconds
[2024-11-04T20:07:45.529+0000] {processor.py:186} INFO - Started process (PID=77051) to work on /opt/airflow/dags/spark_airflow.py
[2024-11-04T20:07:45.530+0000] {processor.py:914} INFO - Processing file /opt/airflow/dags/spark_airflow.py for tasks to queue
[2024-11-04T20:07:45.531+0000] {logging_mixin.py:190} INFO - [2024-11-04T20:07:45.530+0000] {dagbag.py:588} INFO - Filling up the DagBag from /opt/airflow/dags/spark_airflow.py
[2024-11-04T20:07:45.548+0000] {processor.py:925} INFO - DAG(s) 'sparking_flow' retrieved from /opt/airflow/dags/spark_airflow.py
[2024-11-04T20:07:45.574+0000] {logging_mixin.py:190} INFO - [2024-11-04T20:07:45.574+0000] {dag.py:3239} INFO - Sync 1 DAGs
[2024-11-04T20:07:45.595+0000] {logging_mixin.py:190} INFO - [2024-11-04T20:07:45.595+0000] {dag.py:4180} INFO - Setting next_dagrun for sparking_flow to 2024-11-04 00:00:00+00:00, run_after=2024-11-05 00:00:00+00:00
[2024-11-04T20:07:45.614+0000] {processor.py:208} INFO - Processing /opt/airflow/dags/spark_airflow.py took 0.089 seconds
[2024-11-04T20:08:15.746+0000] {processor.py:186} INFO - Started process (PID=77056) to work on /opt/airflow/dags/spark_airflow.py
[2024-11-04T20:08:15.747+0000] {processor.py:914} INFO - Processing file /opt/airflow/dags/spark_airflow.py for tasks to queue
[2024-11-04T20:08:15.749+0000] {logging_mixin.py:190} INFO - [2024-11-04T20:08:15.748+0000] {dagbag.py:588} INFO - Filling up the DagBag from /opt/airflow/dags/spark_airflow.py
[2024-11-04T20:08:15.768+0000] {processor.py:925} INFO - DAG(s) 'sparking_flow' retrieved from /opt/airflow/dags/spark_airflow.py
[2024-11-04T20:08:15.791+0000] {logging_mixin.py:190} INFO - [2024-11-04T20:08:15.791+0000] {dag.py:3239} INFO - Sync 1 DAGs
[2024-11-04T20:08:15.812+0000] {logging_mixin.py:190} INFO - [2024-11-04T20:08:15.811+0000] {dag.py:4180} INFO - Setting next_dagrun for sparking_flow to 2024-11-04 00:00:00+00:00, run_after=2024-11-05 00:00:00+00:00
[2024-11-04T20:08:15.826+0000] {processor.py:208} INFO - Processing /opt/airflow/dags/spark_airflow.py took 0.085 seconds
[2024-11-04T20:08:45.918+0000] {processor.py:186} INFO - Started process (PID=77061) to work on /opt/airflow/dags/spark_airflow.py
[2024-11-04T20:08:45.919+0000] {processor.py:914} INFO - Processing file /opt/airflow/dags/spark_airflow.py for tasks to queue
[2024-11-04T20:08:45.920+0000] {logging_mixin.py:190} INFO - [2024-11-04T20:08:45.919+0000] {dagbag.py:588} INFO - Filling up the DagBag from /opt/airflow/dags/spark_airflow.py
[2024-11-04T20:08:45.937+0000] {processor.py:925} INFO - DAG(s) 'sparking_flow' retrieved from /opt/airflow/dags/spark_airflow.py
[2024-11-04T20:08:45.961+0000] {logging_mixin.py:190} INFO - [2024-11-04T20:08:45.961+0000] {dag.py:3239} INFO - Sync 1 DAGs
[2024-11-04T20:08:45.981+0000] {logging_mixin.py:190} INFO - [2024-11-04T20:08:45.981+0000] {dag.py:4180} INFO - Setting next_dagrun for sparking_flow to 2024-11-04 00:00:00+00:00, run_after=2024-11-05 00:00:00+00:00
[2024-11-04T20:08:45.997+0000] {processor.py:208} INFO - Processing /opt/airflow/dags/spark_airflow.py took 0.083 seconds
[2024-11-04T20:09:16.133+0000] {processor.py:186} INFO - Started process (PID=77066) to work on /opt/airflow/dags/spark_airflow.py
[2024-11-04T20:09:16.134+0000] {processor.py:914} INFO - Processing file /opt/airflow/dags/spark_airflow.py for tasks to queue
[2024-11-04T20:09:16.135+0000] {logging_mixin.py:190} INFO - [2024-11-04T20:09:16.135+0000] {dagbag.py:588} INFO - Filling up the DagBag from /opt/airflow/dags/spark_airflow.py
[2024-11-04T20:09:16.152+0000] {processor.py:925} INFO - DAG(s) 'sparking_flow' retrieved from /opt/airflow/dags/spark_airflow.py
[2024-11-04T20:09:16.177+0000] {logging_mixin.py:190} INFO - [2024-11-04T20:09:16.177+0000] {dag.py:3239} INFO - Sync 1 DAGs
[2024-11-04T20:09:16.198+0000] {logging_mixin.py:190} INFO - [2024-11-04T20:09:16.198+0000] {dag.py:4180} INFO - Setting next_dagrun for sparking_flow to 2024-11-04 00:00:00+00:00, run_after=2024-11-05 00:00:00+00:00
[2024-11-04T20:09:16.216+0000] {processor.py:208} INFO - Processing /opt/airflow/dags/spark_airflow.py took 0.086 seconds
[2024-11-04T20:09:46.302+0000] {processor.py:186} INFO - Started process (PID=77071) to work on /opt/airflow/dags/spark_airflow.py
[2024-11-04T20:09:46.303+0000] {processor.py:914} INFO - Processing file /opt/airflow/dags/spark_airflow.py for tasks to queue
[2024-11-04T20:09:46.304+0000] {logging_mixin.py:190} INFO - [2024-11-04T20:09:46.303+0000] {dagbag.py:588} INFO - Filling up the DagBag from /opt/airflow/dags/spark_airflow.py
[2024-11-04T20:09:46.321+0000] {processor.py:925} INFO - DAG(s) 'sparking_flow' retrieved from /opt/airflow/dags/spark_airflow.py
[2024-11-04T20:09:46.346+0000] {logging_mixin.py:190} INFO - [2024-11-04T20:09:46.346+0000] {dag.py:3239} INFO - Sync 1 DAGs
[2024-11-04T20:09:46.370+0000] {logging_mixin.py:190} INFO - [2024-11-04T20:09:46.369+0000] {dag.py:4180} INFO - Setting next_dagrun for sparking_flow to 2024-11-04 00:00:00+00:00, run_after=2024-11-05 00:00:00+00:00
[2024-11-04T20:09:46.387+0000] {processor.py:208} INFO - Processing /opt/airflow/dags/spark_airflow.py took 0.090 seconds
[2024-11-04T20:10:16.525+0000] {processor.py:186} INFO - Started process (PID=77076) to work on /opt/airflow/dags/spark_airflow.py
[2024-11-04T20:10:16.526+0000] {processor.py:914} INFO - Processing file /opt/airflow/dags/spark_airflow.py for tasks to queue
[2024-11-04T20:10:16.527+0000] {logging_mixin.py:190} INFO - [2024-11-04T20:10:16.526+0000] {dagbag.py:588} INFO - Filling up the DagBag from /opt/airflow/dags/spark_airflow.py
[2024-11-04T20:10:16.543+0000] {processor.py:925} INFO - DAG(s) 'sparking_flow' retrieved from /opt/airflow/dags/spark_airflow.py
[2024-11-04T20:10:16.567+0000] {logging_mixin.py:190} INFO - [2024-11-04T20:10:16.567+0000] {dag.py:3239} INFO - Sync 1 DAGs
[2024-11-04T20:10:16.589+0000] {logging_mixin.py:190} INFO - [2024-11-04T20:10:16.589+0000] {dag.py:4180} INFO - Setting next_dagrun for sparking_flow to 2024-11-04 00:00:00+00:00, run_after=2024-11-05 00:00:00+00:00
[2024-11-04T20:10:16.607+0000] {processor.py:208} INFO - Processing /opt/airflow/dags/spark_airflow.py took 0.086 seconds
[2024-11-04T20:10:46.719+0000] {processor.py:186} INFO - Started process (PID=77081) to work on /opt/airflow/dags/spark_airflow.py
[2024-11-04T20:10:46.719+0000] {processor.py:914} INFO - Processing file /opt/airflow/dags/spark_airflow.py for tasks to queue
[2024-11-04T20:10:46.720+0000] {logging_mixin.py:190} INFO - [2024-11-04T20:10:46.720+0000] {dagbag.py:588} INFO - Filling up the DagBag from /opt/airflow/dags/spark_airflow.py
[2024-11-04T20:10:46.737+0000] {processor.py:925} INFO - DAG(s) 'sparking_flow' retrieved from /opt/airflow/dags/spark_airflow.py
[2024-11-04T20:10:46.760+0000] {logging_mixin.py:190} INFO - [2024-11-04T20:10:46.759+0000] {dag.py:3239} INFO - Sync 1 DAGs
[2024-11-04T20:10:46.781+0000] {logging_mixin.py:190} INFO - [2024-11-04T20:10:46.780+0000] {dag.py:4180} INFO - Setting next_dagrun for sparking_flow to 2024-11-04 00:00:00+00:00, run_after=2024-11-05 00:00:00+00:00
[2024-11-04T20:10:46.797+0000] {processor.py:208} INFO - Processing /opt/airflow/dags/spark_airflow.py took 0.082 seconds
[2024-11-04T20:11:16.918+0000] {processor.py:186} INFO - Started process (PID=77086) to work on /opt/airflow/dags/spark_airflow.py
[2024-11-04T20:11:16.919+0000] {processor.py:914} INFO - Processing file /opt/airflow/dags/spark_airflow.py for tasks to queue
[2024-11-04T20:11:16.920+0000] {logging_mixin.py:190} INFO - [2024-11-04T20:11:16.920+0000] {dagbag.py:588} INFO - Filling up the DagBag from /opt/airflow/dags/spark_airflow.py
[2024-11-04T20:11:16.937+0000] {processor.py:925} INFO - DAG(s) 'sparking_flow' retrieved from /opt/airflow/dags/spark_airflow.py
[2024-11-04T20:11:16.962+0000] {logging_mixin.py:190} INFO - [2024-11-04T20:11:16.962+0000] {dag.py:3239} INFO - Sync 1 DAGs
[2024-11-04T20:11:16.985+0000] {logging_mixin.py:190} INFO - [2024-11-04T20:11:16.985+0000] {dag.py:4180} INFO - Setting next_dagrun for sparking_flow to 2024-11-04 00:00:00+00:00, run_after=2024-11-05 00:00:00+00:00
[2024-11-04T20:11:17.002+0000] {processor.py:208} INFO - Processing /opt/airflow/dags/spark_airflow.py took 0.089 seconds
[2024-11-04T20:11:47.108+0000] {processor.py:186} INFO - Started process (PID=77091) to work on /opt/airflow/dags/spark_airflow.py
[2024-11-04T20:11:47.109+0000] {processor.py:914} INFO - Processing file /opt/airflow/dags/spark_airflow.py for tasks to queue
[2024-11-04T20:11:47.110+0000] {logging_mixin.py:190} INFO - [2024-11-04T20:11:47.110+0000] {dagbag.py:588} INFO - Filling up the DagBag from /opt/airflow/dags/spark_airflow.py
[2024-11-04T20:11:47.127+0000] {processor.py:925} INFO - DAG(s) 'sparking_flow' retrieved from /opt/airflow/dags/spark_airflow.py
[2024-11-04T20:11:47.153+0000] {logging_mixin.py:190} INFO - [2024-11-04T20:11:47.152+0000] {dag.py:3239} INFO - Sync 1 DAGs
[2024-11-04T20:11:47.173+0000] {logging_mixin.py:190} INFO - [2024-11-04T20:11:47.172+0000] {dag.py:4180} INFO - Setting next_dagrun for sparking_flow to 2024-11-04 00:00:00+00:00, run_after=2024-11-05 00:00:00+00:00
[2024-11-04T20:11:47.190+0000] {processor.py:208} INFO - Processing /opt/airflow/dags/spark_airflow.py took 0.086 seconds
[2024-11-04T20:12:17.316+0000] {processor.py:186} INFO - Started process (PID=77096) to work on /opt/airflow/dags/spark_airflow.py
[2024-11-04T20:12:17.317+0000] {processor.py:914} INFO - Processing file /opt/airflow/dags/spark_airflow.py for tasks to queue
[2024-11-04T20:12:17.318+0000] {logging_mixin.py:190} INFO - [2024-11-04T20:12:17.318+0000] {dagbag.py:588} INFO - Filling up the DagBag from /opt/airflow/dags/spark_airflow.py
[2024-11-04T20:12:17.338+0000] {processor.py:925} INFO - DAG(s) 'sparking_flow' retrieved from /opt/airflow/dags/spark_airflow.py
[2024-11-04T20:12:17.363+0000] {logging_mixin.py:190} INFO - [2024-11-04T20:12:17.362+0000] {dag.py:3239} INFO - Sync 1 DAGs
[2024-11-04T20:12:17.386+0000] {logging_mixin.py:190} INFO - [2024-11-04T20:12:17.386+0000] {dag.py:4180} INFO - Setting next_dagrun for sparking_flow to 2024-11-04 00:00:00+00:00, run_after=2024-11-05 00:00:00+00:00
[2024-11-04T20:12:17.403+0000] {processor.py:208} INFO - Processing /opt/airflow/dags/spark_airflow.py took 0.092 seconds
[2024-11-04T20:12:47.497+0000] {processor.py:186} INFO - Started process (PID=77101) to work on /opt/airflow/dags/spark_airflow.py
[2024-11-04T20:12:47.498+0000] {processor.py:914} INFO - Processing file /opt/airflow/dags/spark_airflow.py for tasks to queue
[2024-11-04T20:12:47.499+0000] {logging_mixin.py:190} INFO - [2024-11-04T20:12:47.499+0000] {dagbag.py:588} INFO - Filling up the DagBag from /opt/airflow/dags/spark_airflow.py
[2024-11-04T20:12:47.517+0000] {processor.py:925} INFO - DAG(s) 'sparking_flow' retrieved from /opt/airflow/dags/spark_airflow.py
[2024-11-04T20:12:47.542+0000] {logging_mixin.py:190} INFO - [2024-11-04T20:12:47.542+0000] {dag.py:3239} INFO - Sync 1 DAGs
[2024-11-04T20:12:47.565+0000] {logging_mixin.py:190} INFO - [2024-11-04T20:12:47.565+0000] {dag.py:4180} INFO - Setting next_dagrun for sparking_flow to 2024-11-04 00:00:00+00:00, run_after=2024-11-05 00:00:00+00:00
[2024-11-04T20:12:47.582+0000] {processor.py:208} INFO - Processing /opt/airflow/dags/spark_airflow.py took 0.089 seconds
[2024-11-04T20:13:17.713+0000] {processor.py:186} INFO - Started process (PID=77106) to work on /opt/airflow/dags/spark_airflow.py
[2024-11-04T20:13:17.713+0000] {processor.py:914} INFO - Processing file /opt/airflow/dags/spark_airflow.py for tasks to queue
[2024-11-04T20:13:17.714+0000] {logging_mixin.py:190} INFO - [2024-11-04T20:13:17.714+0000] {dagbag.py:588} INFO - Filling up the DagBag from /opt/airflow/dags/spark_airflow.py
[2024-11-04T20:13:17.732+0000] {processor.py:925} INFO - DAG(s) 'sparking_flow' retrieved from /opt/airflow/dags/spark_airflow.py
[2024-11-04T20:13:17.755+0000] {logging_mixin.py:190} INFO - [2024-11-04T20:13:17.754+0000] {dag.py:3239} INFO - Sync 1 DAGs
[2024-11-04T20:13:17.775+0000] {logging_mixin.py:190} INFO - [2024-11-04T20:13:17.774+0000] {dag.py:4180} INFO - Setting next_dagrun for sparking_flow to 2024-11-04 00:00:00+00:00, run_after=2024-11-05 00:00:00+00:00
[2024-11-04T20:13:17.791+0000] {processor.py:208} INFO - Processing /opt/airflow/dags/spark_airflow.py took 0.083 seconds
[2024-11-04T20:13:47.898+0000] {processor.py:186} INFO - Started process (PID=77111) to work on /opt/airflow/dags/spark_airflow.py
[2024-11-04T20:13:47.898+0000] {processor.py:914} INFO - Processing file /opt/airflow/dags/spark_airflow.py for tasks to queue
[2024-11-04T20:13:47.900+0000] {logging_mixin.py:190} INFO - [2024-11-04T20:13:47.899+0000] {dagbag.py:588} INFO - Filling up the DagBag from /opt/airflow/dags/spark_airflow.py
[2024-11-04T20:13:47.917+0000] {processor.py:925} INFO - DAG(s) 'sparking_flow' retrieved from /opt/airflow/dags/spark_airflow.py
[2024-11-04T20:13:47.942+0000] {logging_mixin.py:190} INFO - [2024-11-04T20:13:47.942+0000] {dag.py:3239} INFO - Sync 1 DAGs
[2024-11-04T20:13:47.965+0000] {logging_mixin.py:190} INFO - [2024-11-04T20:13:47.964+0000] {dag.py:4180} INFO - Setting next_dagrun for sparking_flow to 2024-11-04 00:00:00+00:00, run_after=2024-11-05 00:00:00+00:00
[2024-11-04T20:13:47.981+0000] {processor.py:208} INFO - Processing /opt/airflow/dags/spark_airflow.py took 0.088 seconds
[2024-11-04T20:14:18.105+0000] {processor.py:186} INFO - Started process (PID=77116) to work on /opt/airflow/dags/spark_airflow.py
[2024-11-04T20:14:18.106+0000] {processor.py:914} INFO - Processing file /opt/airflow/dags/spark_airflow.py for tasks to queue
[2024-11-04T20:14:18.107+0000] {logging_mixin.py:190} INFO - [2024-11-04T20:14:18.107+0000] {dagbag.py:588} INFO - Filling up the DagBag from /opt/airflow/dags/spark_airflow.py
[2024-11-04T20:14:18.124+0000] {processor.py:925} INFO - DAG(s) 'sparking_flow' retrieved from /opt/airflow/dags/spark_airflow.py
[2024-11-04T20:14:18.147+0000] {logging_mixin.py:190} INFO - [2024-11-04T20:14:18.146+0000] {dag.py:3239} INFO - Sync 1 DAGs
[2024-11-04T20:14:18.169+0000] {logging_mixin.py:190} INFO - [2024-11-04T20:14:18.169+0000] {dag.py:4180} INFO - Setting next_dagrun for sparking_flow to 2024-11-04 00:00:00+00:00, run_after=2024-11-05 00:00:00+00:00
[2024-11-04T20:14:18.186+0000] {processor.py:208} INFO - Processing /opt/airflow/dags/spark_airflow.py took 0.086 seconds
[2024-11-04T20:14:48.300+0000] {processor.py:186} INFO - Started process (PID=77121) to work on /opt/airflow/dags/spark_airflow.py
[2024-11-04T20:14:48.301+0000] {processor.py:914} INFO - Processing file /opt/airflow/dags/spark_airflow.py for tasks to queue
[2024-11-04T20:14:48.302+0000] {logging_mixin.py:190} INFO - [2024-11-04T20:14:48.302+0000] {dagbag.py:588} INFO - Filling up the DagBag from /opt/airflow/dags/spark_airflow.py
[2024-11-04T20:14:48.320+0000] {processor.py:925} INFO - DAG(s) 'sparking_flow' retrieved from /opt/airflow/dags/spark_airflow.py
[2024-11-04T20:14:48.342+0000] {logging_mixin.py:190} INFO - [2024-11-04T20:14:48.342+0000] {dag.py:3239} INFO - Sync 1 DAGs
[2024-11-04T20:14:48.362+0000] {logging_mixin.py:190} INFO - [2024-11-04T20:14:48.362+0000] {dag.py:4180} INFO - Setting next_dagrun for sparking_flow to 2024-11-04 00:00:00+00:00, run_after=2024-11-05 00:00:00+00:00
[2024-11-04T20:14:48.378+0000] {processor.py:208} INFO - Processing /opt/airflow/dags/spark_airflow.py took 0.081 seconds
[2024-11-04T20:15:18.507+0000] {processor.py:186} INFO - Started process (PID=77126) to work on /opt/airflow/dags/spark_airflow.py
[2024-11-04T20:15:18.508+0000] {processor.py:914} INFO - Processing file /opt/airflow/dags/spark_airflow.py for tasks to queue
[2024-11-04T20:15:18.509+0000] {logging_mixin.py:190} INFO - [2024-11-04T20:15:18.509+0000] {dagbag.py:588} INFO - Filling up the DagBag from /opt/airflow/dags/spark_airflow.py
[2024-11-04T20:15:18.528+0000] {processor.py:925} INFO - DAG(s) 'sparking_flow' retrieved from /opt/airflow/dags/spark_airflow.py
[2024-11-04T20:15:18.554+0000] {logging_mixin.py:190} INFO - [2024-11-04T20:15:18.554+0000] {dag.py:3239} INFO - Sync 1 DAGs
[2024-11-04T20:15:18.577+0000] {logging_mixin.py:190} INFO - [2024-11-04T20:15:18.577+0000] {dag.py:4180} INFO - Setting next_dagrun for sparking_flow to 2024-11-04 00:00:00+00:00, run_after=2024-11-05 00:00:00+00:00
[2024-11-04T20:15:18.593+0000] {processor.py:208} INFO - Processing /opt/airflow/dags/spark_airflow.py took 0.090 seconds
[2024-11-04T20:15:48.701+0000] {processor.py:186} INFO - Started process (PID=77131) to work on /opt/airflow/dags/spark_airflow.py
[2024-11-04T20:15:48.702+0000] {processor.py:914} INFO - Processing file /opt/airflow/dags/spark_airflow.py for tasks to queue
[2024-11-04T20:15:48.703+0000] {logging_mixin.py:190} INFO - [2024-11-04T20:15:48.703+0000] {dagbag.py:588} INFO - Filling up the DagBag from /opt/airflow/dags/spark_airflow.py
[2024-11-04T20:15:48.722+0000] {processor.py:925} INFO - DAG(s) 'sparking_flow' retrieved from /opt/airflow/dags/spark_airflow.py
[2024-11-04T20:15:48.746+0000] {logging_mixin.py:190} INFO - [2024-11-04T20:15:48.745+0000] {dag.py:3239} INFO - Sync 1 DAGs
[2024-11-04T20:15:48.765+0000] {logging_mixin.py:190} INFO - [2024-11-04T20:15:48.765+0000] {dag.py:4180} INFO - Setting next_dagrun for sparking_flow to 2024-11-04 00:00:00+00:00, run_after=2024-11-05 00:00:00+00:00
[2024-11-04T20:15:48.781+0000] {processor.py:208} INFO - Processing /opt/airflow/dags/spark_airflow.py took 0.086 seconds
[2024-11-04T20:16:18.953+0000] {processor.py:186} INFO - Started process (PID=77136) to work on /opt/airflow/dags/spark_airflow.py
[2024-11-04T20:16:18.953+0000] {processor.py:914} INFO - Processing file /opt/airflow/dags/spark_airflow.py for tasks to queue
[2024-11-04T20:16:18.955+0000] {logging_mixin.py:190} INFO - [2024-11-04T20:16:18.954+0000] {dagbag.py:588} INFO - Filling up the DagBag from /opt/airflow/dags/spark_airflow.py
[2024-11-04T20:16:18.971+0000] {processor.py:925} INFO - DAG(s) 'sparking_flow' retrieved from /opt/airflow/dags/spark_airflow.py
[2024-11-04T20:16:18.993+0000] {logging_mixin.py:190} INFO - [2024-11-04T20:16:18.993+0000] {dag.py:3239} INFO - Sync 1 DAGs
[2024-11-04T20:16:19.012+0000] {logging_mixin.py:190} INFO - [2024-11-04T20:16:19.012+0000] {dag.py:4180} INFO - Setting next_dagrun for sparking_flow to 2024-11-04 00:00:00+00:00, run_after=2024-11-05 00:00:00+00:00
[2024-11-04T20:16:19.028+0000] {processor.py:208} INFO - Processing /opt/airflow/dags/spark_airflow.py took 0.079 seconds
[2024-11-04T20:16:49.117+0000] {processor.py:186} INFO - Started process (PID=77141) to work on /opt/airflow/dags/spark_airflow.py
[2024-11-04T20:16:49.117+0000] {processor.py:914} INFO - Processing file /opt/airflow/dags/spark_airflow.py for tasks to queue
[2024-11-04T20:16:49.119+0000] {logging_mixin.py:190} INFO - [2024-11-04T20:16:49.118+0000] {dagbag.py:588} INFO - Filling up the DagBag from /opt/airflow/dags/spark_airflow.py
[2024-11-04T20:16:49.135+0000] {processor.py:925} INFO - DAG(s) 'sparking_flow' retrieved from /opt/airflow/dags/spark_airflow.py
[2024-11-04T20:16:49.159+0000] {logging_mixin.py:190} INFO - [2024-11-04T20:16:49.158+0000] {dag.py:3239} INFO - Sync 1 DAGs
[2024-11-04T20:16:49.178+0000] {logging_mixin.py:190} INFO - [2024-11-04T20:16:49.178+0000] {dag.py:4180} INFO - Setting next_dagrun for sparking_flow to 2024-11-04 00:00:00+00:00, run_after=2024-11-05 00:00:00+00:00
[2024-11-04T20:16:49.192+0000] {processor.py:208} INFO - Processing /opt/airflow/dags/spark_airflow.py took 0.079 seconds
[2024-11-04T20:17:19.334+0000] {processor.py:186} INFO - Started process (PID=77146) to work on /opt/airflow/dags/spark_airflow.py
[2024-11-04T20:17:19.335+0000] {processor.py:914} INFO - Processing file /opt/airflow/dags/spark_airflow.py for tasks to queue
[2024-11-04T20:17:19.336+0000] {logging_mixin.py:190} INFO - [2024-11-04T20:17:19.336+0000] {dagbag.py:588} INFO - Filling up the DagBag from /opt/airflow/dags/spark_airflow.py
[2024-11-04T20:17:19.352+0000] {processor.py:925} INFO - DAG(s) 'sparking_flow' retrieved from /opt/airflow/dags/spark_airflow.py
[2024-11-04T20:17:19.375+0000] {logging_mixin.py:190} INFO - [2024-11-04T20:17:19.375+0000] {dag.py:3239} INFO - Sync 1 DAGs
[2024-11-04T20:17:19.395+0000] {logging_mixin.py:190} INFO - [2024-11-04T20:17:19.394+0000] {dag.py:4180} INFO - Setting next_dagrun for sparking_flow to 2024-11-04 00:00:00+00:00, run_after=2024-11-05 00:00:00+00:00
[2024-11-04T20:17:19.411+0000] {processor.py:208} INFO - Processing /opt/airflow/dags/spark_airflow.py took 0.081 seconds
[2024-11-04T20:17:49.508+0000] {processor.py:186} INFO - Started process (PID=77151) to work on /opt/airflow/dags/spark_airflow.py
[2024-11-04T20:17:49.508+0000] {processor.py:914} INFO - Processing file /opt/airflow/dags/spark_airflow.py for tasks to queue
[2024-11-04T20:17:49.509+0000] {logging_mixin.py:190} INFO - [2024-11-04T20:17:49.509+0000] {dagbag.py:588} INFO - Filling up the DagBag from /opt/airflow/dags/spark_airflow.py
[2024-11-04T20:17:49.526+0000] {processor.py:925} INFO - DAG(s) 'sparking_flow' retrieved from /opt/airflow/dags/spark_airflow.py
[2024-11-04T20:17:49.550+0000] {logging_mixin.py:190} INFO - [2024-11-04T20:17:49.550+0000] {dag.py:3239} INFO - Sync 1 DAGs
[2024-11-04T20:17:49.570+0000] {logging_mixin.py:190} INFO - [2024-11-04T20:17:49.570+0000] {dag.py:4180} INFO - Setting next_dagrun for sparking_flow to 2024-11-04 00:00:00+00:00, run_after=2024-11-05 00:00:00+00:00
[2024-11-04T20:17:49.586+0000] {processor.py:208} INFO - Processing /opt/airflow/dags/spark_airflow.py took 0.083 seconds
[2024-11-04T20:18:19.730+0000] {processor.py:186} INFO - Started process (PID=77156) to work on /opt/airflow/dags/spark_airflow.py
[2024-11-04T20:18:19.731+0000] {processor.py:914} INFO - Processing file /opt/airflow/dags/spark_airflow.py for tasks to queue
[2024-11-04T20:18:19.732+0000] {logging_mixin.py:190} INFO - [2024-11-04T20:18:19.732+0000] {dagbag.py:588} INFO - Filling up the DagBag from /opt/airflow/dags/spark_airflow.py
[2024-11-04T20:18:19.749+0000] {processor.py:925} INFO - DAG(s) 'sparking_flow' retrieved from /opt/airflow/dags/spark_airflow.py
[2024-11-04T20:18:19.771+0000] {logging_mixin.py:190} INFO - [2024-11-04T20:18:19.771+0000] {dag.py:3239} INFO - Sync 1 DAGs
[2024-11-04T20:18:19.790+0000] {logging_mixin.py:190} INFO - [2024-11-04T20:18:19.790+0000] {dag.py:4180} INFO - Setting next_dagrun for sparking_flow to 2024-11-04 00:00:00+00:00, run_after=2024-11-05 00:00:00+00:00
[2024-11-04T20:18:19.806+0000] {processor.py:208} INFO - Processing /opt/airflow/dags/spark_airflow.py took 0.080 seconds
[2024-11-04T20:18:49.903+0000] {processor.py:186} INFO - Started process (PID=77161) to work on /opt/airflow/dags/spark_airflow.py
[2024-11-04T20:18:49.904+0000] {processor.py:914} INFO - Processing file /opt/airflow/dags/spark_airflow.py for tasks to queue
[2024-11-04T20:18:49.905+0000] {logging_mixin.py:190} INFO - [2024-11-04T20:18:49.905+0000] {dagbag.py:588} INFO - Filling up the DagBag from /opt/airflow/dags/spark_airflow.py
[2024-11-04T20:18:49.922+0000] {processor.py:925} INFO - DAG(s) 'sparking_flow' retrieved from /opt/airflow/dags/spark_airflow.py
[2024-11-04T20:18:49.946+0000] {logging_mixin.py:190} INFO - [2024-11-04T20:18:49.946+0000] {dag.py:3239} INFO - Sync 1 DAGs
[2024-11-04T20:18:49.965+0000] {logging_mixin.py:190} INFO - [2024-11-04T20:18:49.965+0000] {dag.py:4180} INFO - Setting next_dagrun for sparking_flow to 2024-11-04 00:00:00+00:00, run_after=2024-11-05 00:00:00+00:00
[2024-11-04T20:18:49.981+0000] {processor.py:208} INFO - Processing /opt/airflow/dags/spark_airflow.py took 0.082 seconds
[2024-11-04T20:19:20.117+0000] {processor.py:186} INFO - Started process (PID=77166) to work on /opt/airflow/dags/spark_airflow.py
[2024-11-04T20:19:20.118+0000] {processor.py:914} INFO - Processing file /opt/airflow/dags/spark_airflow.py for tasks to queue
[2024-11-04T20:19:20.119+0000] {logging_mixin.py:190} INFO - [2024-11-04T20:19:20.118+0000] {dagbag.py:588} INFO - Filling up the DagBag from /opt/airflow/dags/spark_airflow.py
[2024-11-04T20:19:20.136+0000] {processor.py:925} INFO - DAG(s) 'sparking_flow' retrieved from /opt/airflow/dags/spark_airflow.py
[2024-11-04T20:19:20.158+0000] {logging_mixin.py:190} INFO - [2024-11-04T20:19:20.158+0000] {dag.py:3239} INFO - Sync 1 DAGs
[2024-11-04T20:19:20.178+0000] {logging_mixin.py:190} INFO - [2024-11-04T20:19:20.178+0000] {dag.py:4180} INFO - Setting next_dagrun for sparking_flow to 2024-11-04 00:00:00+00:00, run_after=2024-11-05 00:00:00+00:00
[2024-11-04T20:19:20.193+0000] {processor.py:208} INFO - Processing /opt/airflow/dags/spark_airflow.py took 0.080 seconds
[2024-11-04T20:19:50.295+0000] {processor.py:186} INFO - Started process (PID=77171) to work on /opt/airflow/dags/spark_airflow.py
[2024-11-04T20:19:50.295+0000] {processor.py:914} INFO - Processing file /opt/airflow/dags/spark_airflow.py for tasks to queue
[2024-11-04T20:19:50.296+0000] {logging_mixin.py:190} INFO - [2024-11-04T20:19:50.296+0000] {dagbag.py:588} INFO - Filling up the DagBag from /opt/airflow/dags/spark_airflow.py
[2024-11-04T20:19:50.313+0000] {processor.py:925} INFO - DAG(s) 'sparking_flow' retrieved from /opt/airflow/dags/spark_airflow.py
[2024-11-04T20:19:50.336+0000] {logging_mixin.py:190} INFO - [2024-11-04T20:19:50.336+0000] {dag.py:3239} INFO - Sync 1 DAGs
[2024-11-04T20:19:50.355+0000] {logging_mixin.py:190} INFO - [2024-11-04T20:19:50.355+0000] {dag.py:4180} INFO - Setting next_dagrun for sparking_flow to 2024-11-04 00:00:00+00:00, run_after=2024-11-05 00:00:00+00:00
[2024-11-04T20:19:50.369+0000] {processor.py:208} INFO - Processing /opt/airflow/dags/spark_airflow.py took 0.079 seconds
[2024-11-04T20:20:20.553+0000] {processor.py:186} INFO - Started process (PID=77176) to work on /opt/airflow/dags/spark_airflow.py
[2024-11-04T20:20:20.554+0000] {processor.py:914} INFO - Processing file /opt/airflow/dags/spark_airflow.py for tasks to queue
[2024-11-04T20:20:20.555+0000] {logging_mixin.py:190} INFO - [2024-11-04T20:20:20.555+0000] {dagbag.py:588} INFO - Filling up the DagBag from /opt/airflow/dags/spark_airflow.py
[2024-11-04T20:20:20.571+0000] {processor.py:925} INFO - DAG(s) 'sparking_flow' retrieved from /opt/airflow/dags/spark_airflow.py
[2024-11-04T20:20:20.597+0000] {logging_mixin.py:190} INFO - [2024-11-04T20:20:20.597+0000] {dag.py:3239} INFO - Sync 1 DAGs
[2024-11-04T20:20:20.621+0000] {logging_mixin.py:190} INFO - [2024-11-04T20:20:20.621+0000] {dag.py:4180} INFO - Setting next_dagrun for sparking_flow to 2024-11-04 00:00:00+00:00, run_after=2024-11-05 00:00:00+00:00
[2024-11-04T20:20:20.640+0000] {processor.py:208} INFO - Processing /opt/airflow/dags/spark_airflow.py took 0.091 seconds
[2024-11-04T20:20:50.737+0000] {processor.py:186} INFO - Started process (PID=77181) to work on /opt/airflow/dags/spark_airflow.py
[2024-11-04T20:20:50.737+0000] {processor.py:914} INFO - Processing file /opt/airflow/dags/spark_airflow.py for tasks to queue
[2024-11-04T20:20:50.738+0000] {logging_mixin.py:190} INFO - [2024-11-04T20:20:50.738+0000] {dagbag.py:588} INFO - Filling up the DagBag from /opt/airflow/dags/spark_airflow.py
[2024-11-04T20:20:50.755+0000] {processor.py:925} INFO - DAG(s) 'sparking_flow' retrieved from /opt/airflow/dags/spark_airflow.py
[2024-11-04T20:20:50.782+0000] {logging_mixin.py:190} INFO - [2024-11-04T20:20:50.782+0000] {dag.py:3239} INFO - Sync 1 DAGs
[2024-11-04T20:20:50.807+0000] {logging_mixin.py:190} INFO - [2024-11-04T20:20:50.807+0000] {dag.py:4180} INFO - Setting next_dagrun for sparking_flow to 2024-11-04 00:00:00+00:00, run_after=2024-11-05 00:00:00+00:00
[2024-11-04T20:20:50.826+0000] {processor.py:208} INFO - Processing /opt/airflow/dags/spark_airflow.py took 0.094 seconds
[2024-11-04T20:21:20.980+0000] {processor.py:186} INFO - Started process (PID=77186) to work on /opt/airflow/dags/spark_airflow.py
[2024-11-04T20:21:20.981+0000] {processor.py:914} INFO - Processing file /opt/airflow/dags/spark_airflow.py for tasks to queue
[2024-11-04T20:21:20.982+0000] {logging_mixin.py:190} INFO - [2024-11-04T20:21:20.982+0000] {dagbag.py:588} INFO - Filling up the DagBag from /opt/airflow/dags/spark_airflow.py
[2024-11-04T20:21:20.999+0000] {processor.py:925} INFO - DAG(s) 'sparking_flow' retrieved from /opt/airflow/dags/spark_airflow.py
[2024-11-04T20:21:21.025+0000] {logging_mixin.py:190} INFO - [2024-11-04T20:21:21.025+0000] {dag.py:3239} INFO - Sync 1 DAGs
[2024-11-04T20:21:21.051+0000] {logging_mixin.py:190} INFO - [2024-11-04T20:21:21.051+0000] {dag.py:4180} INFO - Setting next_dagrun for sparking_flow to 2024-11-04 00:00:00+00:00, run_after=2024-11-05 00:00:00+00:00
[2024-11-04T20:21:21.071+0000] {processor.py:208} INFO - Processing /opt/airflow/dags/spark_airflow.py took 0.096 seconds
[2024-11-04T20:21:51.148+0000] {processor.py:186} INFO - Started process (PID=77191) to work on /opt/airflow/dags/spark_airflow.py
[2024-11-04T20:21:51.148+0000] {processor.py:914} INFO - Processing file /opt/airflow/dags/spark_airflow.py for tasks to queue
[2024-11-04T20:21:51.149+0000] {logging_mixin.py:190} INFO - [2024-11-04T20:21:51.149+0000] {dagbag.py:588} INFO - Filling up the DagBag from /opt/airflow/dags/spark_airflow.py
[2024-11-04T20:21:51.166+0000] {processor.py:925} INFO - DAG(s) 'sparking_flow' retrieved from /opt/airflow/dags/spark_airflow.py
[2024-11-04T20:21:51.191+0000] {logging_mixin.py:190} INFO - [2024-11-04T20:21:51.191+0000] {dag.py:3239} INFO - Sync 1 DAGs
[2024-11-04T20:21:51.214+0000] {logging_mixin.py:190} INFO - [2024-11-04T20:21:51.214+0000] {dag.py:4180} INFO - Setting next_dagrun for sparking_flow to 2024-11-04 00:00:00+00:00, run_after=2024-11-05 00:00:00+00:00
[2024-11-04T20:21:51.233+0000] {processor.py:208} INFO - Processing /opt/airflow/dags/spark_airflow.py took 0.090 seconds
[2024-11-04T20:22:21.398+0000] {processor.py:186} INFO - Started process (PID=77196) to work on /opt/airflow/dags/spark_airflow.py
[2024-11-04T20:22:21.398+0000] {processor.py:914} INFO - Processing file /opt/airflow/dags/spark_airflow.py for tasks to queue
[2024-11-04T20:22:21.400+0000] {logging_mixin.py:190} INFO - [2024-11-04T20:22:21.399+0000] {dagbag.py:588} INFO - Filling up the DagBag from /opt/airflow/dags/spark_airflow.py
[2024-11-04T20:22:21.417+0000] {processor.py:925} INFO - DAG(s) 'sparking_flow' retrieved from /opt/airflow/dags/spark_airflow.py
[2024-11-04T20:22:21.441+0000] {logging_mixin.py:190} INFO - [2024-11-04T20:22:21.441+0000] {dag.py:3239} INFO - Sync 1 DAGs
[2024-11-04T20:22:21.462+0000] {logging_mixin.py:190} INFO - [2024-11-04T20:22:21.462+0000] {dag.py:4180} INFO - Setting next_dagrun for sparking_flow to 2024-11-04 00:00:00+00:00, run_after=2024-11-05 00:00:00+00:00
[2024-11-04T20:22:21.478+0000] {processor.py:208} INFO - Processing /opt/airflow/dags/spark_airflow.py took 0.084 seconds
[2024-11-04T20:22:51.579+0000] {processor.py:186} INFO - Started process (PID=77201) to work on /opt/airflow/dags/spark_airflow.py
[2024-11-04T20:22:51.579+0000] {processor.py:914} INFO - Processing file /opt/airflow/dags/spark_airflow.py for tasks to queue
[2024-11-04T20:22:51.580+0000] {logging_mixin.py:190} INFO - [2024-11-04T20:22:51.580+0000] {dagbag.py:588} INFO - Filling up the DagBag from /opt/airflow/dags/spark_airflow.py
[2024-11-04T20:22:51.597+0000] {processor.py:925} INFO - DAG(s) 'sparking_flow' retrieved from /opt/airflow/dags/spark_airflow.py
[2024-11-04T20:22:51.621+0000] {logging_mixin.py:190} INFO - [2024-11-04T20:22:51.621+0000] {dag.py:3239} INFO - Sync 1 DAGs
[2024-11-04T20:22:51.643+0000] {logging_mixin.py:190} INFO - [2024-11-04T20:22:51.642+0000] {dag.py:4180} INFO - Setting next_dagrun for sparking_flow to 2024-11-04 00:00:00+00:00, run_after=2024-11-05 00:00:00+00:00
[2024-11-04T20:22:51.661+0000] {processor.py:208} INFO - Processing /opt/airflow/dags/spark_airflow.py took 0.087 seconds
[2024-11-04T20:23:21.811+0000] {processor.py:186} INFO - Started process (PID=77206) to work on /opt/airflow/dags/spark_airflow.py
[2024-11-04T20:23:21.812+0000] {processor.py:914} INFO - Processing file /opt/airflow/dags/spark_airflow.py for tasks to queue
[2024-11-04T20:23:21.813+0000] {logging_mixin.py:190} INFO - [2024-11-04T20:23:21.813+0000] {dagbag.py:588} INFO - Filling up the DagBag from /opt/airflow/dags/spark_airflow.py
[2024-11-04T20:23:21.831+0000] {processor.py:925} INFO - DAG(s) 'sparking_flow' retrieved from /opt/airflow/dags/spark_airflow.py
[2024-11-04T20:23:21.858+0000] {logging_mixin.py:190} INFO - [2024-11-04T20:23:21.858+0000] {dag.py:3239} INFO - Sync 1 DAGs
[2024-11-04T20:23:21.883+0000] {logging_mixin.py:190} INFO - [2024-11-04T20:23:21.883+0000] {dag.py:4180} INFO - Setting next_dagrun for sparking_flow to 2024-11-04 00:00:00+00:00, run_after=2024-11-05 00:00:00+00:00
[2024-11-04T20:23:21.901+0000] {processor.py:208} INFO - Processing /opt/airflow/dags/spark_airflow.py took 0.094 seconds
[2024-11-04T20:23:51.994+0000] {processor.py:186} INFO - Started process (PID=77211) to work on /opt/airflow/dags/spark_airflow.py
[2024-11-04T20:23:51.995+0000] {processor.py:914} INFO - Processing file /opt/airflow/dags/spark_airflow.py for tasks to queue
[2024-11-04T20:23:51.997+0000] {logging_mixin.py:190} INFO - [2024-11-04T20:23:51.996+0000] {dagbag.py:588} INFO - Filling up the DagBag from /opt/airflow/dags/spark_airflow.py
[2024-11-04T20:23:52.014+0000] {processor.py:925} INFO - DAG(s) 'sparking_flow' retrieved from /opt/airflow/dags/spark_airflow.py
[2024-11-04T20:23:52.041+0000] {logging_mixin.py:190} INFO - [2024-11-04T20:23:52.041+0000] {dag.py:3239} INFO - Sync 1 DAGs
[2024-11-04T20:23:52.065+0000] {logging_mixin.py:190} INFO - [2024-11-04T20:23:52.065+0000] {dag.py:4180} INFO - Setting next_dagrun for sparking_flow to 2024-11-04 00:00:00+00:00, run_after=2024-11-05 00:00:00+00:00
[2024-11-04T20:23:52.083+0000] {processor.py:208} INFO - Processing /opt/airflow/dags/spark_airflow.py took 0.093 seconds
[2024-11-04T20:24:22.245+0000] {processor.py:186} INFO - Started process (PID=77216) to work on /opt/airflow/dags/spark_airflow.py
[2024-11-04T20:24:22.246+0000] {processor.py:914} INFO - Processing file /opt/airflow/dags/spark_airflow.py for tasks to queue
[2024-11-04T20:24:22.247+0000] {logging_mixin.py:190} INFO - [2024-11-04T20:24:22.247+0000] {dagbag.py:588} INFO - Filling up the DagBag from /opt/airflow/dags/spark_airflow.py
[2024-11-04T20:24:22.265+0000] {processor.py:925} INFO - DAG(s) 'sparking_flow' retrieved from /opt/airflow/dags/spark_airflow.py
[2024-11-04T20:24:22.294+0000] {logging_mixin.py:190} INFO - [2024-11-04T20:24:22.294+0000] {dag.py:3239} INFO - Sync 1 DAGs
[2024-11-04T20:24:22.321+0000] {logging_mixin.py:190} INFO - [2024-11-04T20:24:22.321+0000] {dag.py:4180} INFO - Setting next_dagrun for sparking_flow to 2024-11-04 00:00:00+00:00, run_after=2024-11-05 00:00:00+00:00
[2024-11-04T20:24:22.340+0000] {processor.py:208} INFO - Processing /opt/airflow/dags/spark_airflow.py took 0.099 seconds
[2024-11-04T20:24:52.424+0000] {processor.py:186} INFO - Started process (PID=77221) to work on /opt/airflow/dags/spark_airflow.py
[2024-11-04T20:24:52.425+0000] {processor.py:914} INFO - Processing file /opt/airflow/dags/spark_airflow.py for tasks to queue
[2024-11-04T20:24:52.426+0000] {logging_mixin.py:190} INFO - [2024-11-04T20:24:52.426+0000] {dagbag.py:588} INFO - Filling up the DagBag from /opt/airflow/dags/spark_airflow.py
[2024-11-04T20:24:52.442+0000] {processor.py:925} INFO - DAG(s) 'sparking_flow' retrieved from /opt/airflow/dags/spark_airflow.py
[2024-11-04T20:24:52.465+0000] {logging_mixin.py:190} INFO - [2024-11-04T20:24:52.465+0000] {dag.py:3239} INFO - Sync 1 DAGs
[2024-11-04T20:24:52.484+0000] {logging_mixin.py:190} INFO - [2024-11-04T20:24:52.484+0000] {dag.py:4180} INFO - Setting next_dagrun for sparking_flow to 2024-11-04 00:00:00+00:00, run_after=2024-11-05 00:00:00+00:00
[2024-11-04T20:24:52.499+0000] {processor.py:208} INFO - Processing /opt/airflow/dags/spark_airflow.py took 0.079 seconds
[2024-11-04T20:25:22.699+0000] {processor.py:186} INFO - Started process (PID=77226) to work on /opt/airflow/dags/spark_airflow.py
[2024-11-04T20:25:22.700+0000] {processor.py:914} INFO - Processing file /opt/airflow/dags/spark_airflow.py for tasks to queue
[2024-11-04T20:25:22.701+0000] {logging_mixin.py:190} INFO - [2024-11-04T20:25:22.700+0000] {dagbag.py:588} INFO - Filling up the DagBag from /opt/airflow/dags/spark_airflow.py
[2024-11-04T20:25:22.718+0000] {processor.py:925} INFO - DAG(s) 'sparking_flow' retrieved from /opt/airflow/dags/spark_airflow.py
[2024-11-04T20:25:22.742+0000] {logging_mixin.py:190} INFO - [2024-11-04T20:25:22.742+0000] {dag.py:3239} INFO - Sync 1 DAGs
[2024-11-04T20:25:22.764+0000] {logging_mixin.py:190} INFO - [2024-11-04T20:25:22.763+0000] {dag.py:4180} INFO - Setting next_dagrun for sparking_flow to 2024-11-04 00:00:00+00:00, run_after=2024-11-05 00:00:00+00:00
[2024-11-04T20:25:22.779+0000] {processor.py:208} INFO - Processing /opt/airflow/dags/spark_airflow.py took 0.084 seconds
[2024-11-04T20:25:52.870+0000] {processor.py:186} INFO - Started process (PID=77231) to work on /opt/airflow/dags/spark_airflow.py
[2024-11-04T20:25:52.870+0000] {processor.py:914} INFO - Processing file /opt/airflow/dags/spark_airflow.py for tasks to queue
[2024-11-04T20:25:52.872+0000] {logging_mixin.py:190} INFO - [2024-11-04T20:25:52.871+0000] {dagbag.py:588} INFO - Filling up the DagBag from /opt/airflow/dags/spark_airflow.py
[2024-11-04T20:25:52.890+0000] {processor.py:925} INFO - DAG(s) 'sparking_flow' retrieved from /opt/airflow/dags/spark_airflow.py
[2024-11-04T20:25:52.917+0000] {logging_mixin.py:190} INFO - [2024-11-04T20:25:52.917+0000] {dag.py:3239} INFO - Sync 1 DAGs
[2024-11-04T20:25:52.938+0000] {logging_mixin.py:190} INFO - [2024-11-04T20:25:52.938+0000] {dag.py:4180} INFO - Setting next_dagrun for sparking_flow to 2024-11-04 00:00:00+00:00, run_after=2024-11-05 00:00:00+00:00
[2024-11-04T20:25:52.955+0000] {processor.py:208} INFO - Processing /opt/airflow/dags/spark_airflow.py took 0.089 seconds
[2024-11-04T20:26:23.103+0000] {processor.py:186} INFO - Started process (PID=77236) to work on /opt/airflow/dags/spark_airflow.py
[2024-11-04T20:26:23.103+0000] {processor.py:914} INFO - Processing file /opt/airflow/dags/spark_airflow.py for tasks to queue
[2024-11-04T20:26:23.104+0000] {logging_mixin.py:190} INFO - [2024-11-04T20:26:23.104+0000] {dagbag.py:588} INFO - Filling up the DagBag from /opt/airflow/dags/spark_airflow.py
[2024-11-04T20:26:23.121+0000] {processor.py:925} INFO - DAG(s) 'sparking_flow' retrieved from /opt/airflow/dags/spark_airflow.py
[2024-11-04T20:26:23.151+0000] {logging_mixin.py:190} INFO - [2024-11-04T20:26:23.150+0000] {dag.py:3239} INFO - Sync 1 DAGs
[2024-11-04T20:26:23.175+0000] {logging_mixin.py:190} INFO - [2024-11-04T20:26:23.175+0000] {dag.py:4180} INFO - Setting next_dagrun for sparking_flow to 2024-11-04 00:00:00+00:00, run_after=2024-11-05 00:00:00+00:00
[2024-11-04T20:26:23.195+0000] {processor.py:208} INFO - Processing /opt/airflow/dags/spark_airflow.py took 0.097 seconds
[2024-11-04T20:26:53.294+0000] {processor.py:186} INFO - Started process (PID=77241) to work on /opt/airflow/dags/spark_airflow.py
[2024-11-04T20:26:53.295+0000] {processor.py:914} INFO - Processing file /opt/airflow/dags/spark_airflow.py for tasks to queue
[2024-11-04T20:26:53.296+0000] {logging_mixin.py:190} INFO - [2024-11-04T20:26:53.295+0000] {dagbag.py:588} INFO - Filling up the DagBag from /opt/airflow/dags/spark_airflow.py
[2024-11-04T20:26:53.313+0000] {processor.py:925} INFO - DAG(s) 'sparking_flow' retrieved from /opt/airflow/dags/spark_airflow.py
[2024-11-04T20:26:53.341+0000] {logging_mixin.py:190} INFO - [2024-11-04T20:26:53.341+0000] {dag.py:3239} INFO - Sync 1 DAGs
[2024-11-04T20:26:53.366+0000] {logging_mixin.py:190} INFO - [2024-11-04T20:26:53.366+0000] {dag.py:4180} INFO - Setting next_dagrun for sparking_flow to 2024-11-04 00:00:00+00:00, run_after=2024-11-05 00:00:00+00:00
[2024-11-04T20:26:53.383+0000] {processor.py:208} INFO - Processing /opt/airflow/dags/spark_airflow.py took 0.094 seconds
[2024-11-04T20:27:23.529+0000] {processor.py:186} INFO - Started process (PID=77246) to work on /opt/airflow/dags/spark_airflow.py
[2024-11-04T20:27:23.530+0000] {processor.py:914} INFO - Processing file /opt/airflow/dags/spark_airflow.py for tasks to queue
[2024-11-04T20:27:23.531+0000] {logging_mixin.py:190} INFO - [2024-11-04T20:27:23.531+0000] {dagbag.py:588} INFO - Filling up the DagBag from /opt/airflow/dags/spark_airflow.py
[2024-11-04T20:27:23.549+0000] {processor.py:925} INFO - DAG(s) 'sparking_flow' retrieved from /opt/airflow/dags/spark_airflow.py
[2024-11-04T20:27:23.574+0000] {logging_mixin.py:190} INFO - [2024-11-04T20:27:23.574+0000] {dag.py:3239} INFO - Sync 1 DAGs
[2024-11-04T20:27:23.595+0000] {logging_mixin.py:190} INFO - [2024-11-04T20:27:23.594+0000] {dag.py:4180} INFO - Setting next_dagrun for sparking_flow to 2024-11-04 00:00:00+00:00, run_after=2024-11-05 00:00:00+00:00
[2024-11-04T20:27:23.610+0000] {processor.py:208} INFO - Processing /opt/airflow/dags/spark_airflow.py took 0.085 seconds
[2024-11-04T20:27:53.702+0000] {processor.py:186} INFO - Started process (PID=77251) to work on /opt/airflow/dags/spark_airflow.py
[2024-11-04T20:27:53.703+0000] {processor.py:914} INFO - Processing file /opt/airflow/dags/spark_airflow.py for tasks to queue
[2024-11-04T20:27:53.704+0000] {logging_mixin.py:190} INFO - [2024-11-04T20:27:53.704+0000] {dagbag.py:588} INFO - Filling up the DagBag from /opt/airflow/dags/spark_airflow.py
[2024-11-04T20:27:53.722+0000] {processor.py:925} INFO - DAG(s) 'sparking_flow' retrieved from /opt/airflow/dags/spark_airflow.py
[2024-11-04T20:27:53.746+0000] {logging_mixin.py:190} INFO - [2024-11-04T20:27:53.746+0000] {dag.py:3239} INFO - Sync 1 DAGs
[2024-11-04T20:27:53.765+0000] {logging_mixin.py:190} INFO - [2024-11-04T20:27:53.765+0000] {dag.py:4180} INFO - Setting next_dagrun for sparking_flow to 2024-11-04 00:00:00+00:00, run_after=2024-11-05 00:00:00+00:00
[2024-11-04T20:27:53.780+0000] {processor.py:208} INFO - Processing /opt/airflow/dags/spark_airflow.py took 0.082 seconds
[2024-11-04T20:28:23.936+0000] {processor.py:186} INFO - Started process (PID=77256) to work on /opt/airflow/dags/spark_airflow.py
[2024-11-04T20:28:23.937+0000] {processor.py:914} INFO - Processing file /opt/airflow/dags/spark_airflow.py for tasks to queue
[2024-11-04T20:28:23.938+0000] {logging_mixin.py:190} INFO - [2024-11-04T20:28:23.938+0000] {dagbag.py:588} INFO - Filling up the DagBag from /opt/airflow/dags/spark_airflow.py
[2024-11-04T20:28:23.955+0000] {processor.py:925} INFO - DAG(s) 'sparking_flow' retrieved from /opt/airflow/dags/spark_airflow.py
[2024-11-04T20:28:23.979+0000] {logging_mixin.py:190} INFO - [2024-11-04T20:28:23.979+0000] {dag.py:3239} INFO - Sync 1 DAGs
[2024-11-04T20:28:24.001+0000] {logging_mixin.py:190} INFO - [2024-11-04T20:28:24.001+0000] {dag.py:4180} INFO - Setting next_dagrun for sparking_flow to 2024-11-04 00:00:00+00:00, run_after=2024-11-05 00:00:00+00:00
[2024-11-04T20:28:24.017+0000] {processor.py:208} INFO - Processing /opt/airflow/dags/spark_airflow.py took 0.085 seconds
[2024-11-04T20:28:54.106+0000] {processor.py:186} INFO - Started process (PID=77261) to work on /opt/airflow/dags/spark_airflow.py
[2024-11-04T20:28:54.107+0000] {processor.py:914} INFO - Processing file /opt/airflow/dags/spark_airflow.py for tasks to queue
[2024-11-04T20:28:54.108+0000] {logging_mixin.py:190} INFO - [2024-11-04T20:28:54.108+0000] {dagbag.py:588} INFO - Filling up the DagBag from /opt/airflow/dags/spark_airflow.py
[2024-11-04T20:28:54.125+0000] {processor.py:925} INFO - DAG(s) 'sparking_flow' retrieved from /opt/airflow/dags/spark_airflow.py
[2024-11-04T20:28:54.150+0000] {logging_mixin.py:190} INFO - [2024-11-04T20:28:54.150+0000] {dag.py:3239} INFO - Sync 1 DAGs
[2024-11-04T20:28:54.172+0000] {logging_mixin.py:190} INFO - [2024-11-04T20:28:54.172+0000] {dag.py:4180} INFO - Setting next_dagrun for sparking_flow to 2024-11-04 00:00:00+00:00, run_after=2024-11-05 00:00:00+00:00
[2024-11-04T20:28:54.186+0000] {processor.py:208} INFO - Processing /opt/airflow/dags/spark_airflow.py took 0.085 seconds
[2024-11-04T20:29:24.327+0000] {processor.py:186} INFO - Started process (PID=77266) to work on /opt/airflow/dags/spark_airflow.py
[2024-11-04T20:29:24.327+0000] {processor.py:914} INFO - Processing file /opt/airflow/dags/spark_airflow.py for tasks to queue
[2024-11-04T20:29:24.328+0000] {logging_mixin.py:190} INFO - [2024-11-04T20:29:24.328+0000] {dagbag.py:588} INFO - Filling up the DagBag from /opt/airflow/dags/spark_airflow.py
[2024-11-04T20:29:24.345+0000] {processor.py:925} INFO - DAG(s) 'sparking_flow' retrieved from /opt/airflow/dags/spark_airflow.py
[2024-11-04T20:29:24.369+0000] {logging_mixin.py:190} INFO - [2024-11-04T20:29:24.369+0000] {dag.py:3239} INFO - Sync 1 DAGs
[2024-11-04T20:29:24.391+0000] {logging_mixin.py:190} INFO - [2024-11-04T20:29:24.391+0000] {dag.py:4180} INFO - Setting next_dagrun for sparking_flow to 2024-11-04 00:00:00+00:00, run_after=2024-11-05 00:00:00+00:00
[2024-11-04T20:29:24.406+0000] {processor.py:208} INFO - Processing /opt/airflow/dags/spark_airflow.py took 0.084 seconds
[2024-11-04T20:29:54.502+0000] {processor.py:186} INFO - Started process (PID=77271) to work on /opt/airflow/dags/spark_airflow.py
[2024-11-04T20:29:54.503+0000] {processor.py:914} INFO - Processing file /opt/airflow/dags/spark_airflow.py for tasks to queue
[2024-11-04T20:29:54.504+0000] {logging_mixin.py:190} INFO - [2024-11-04T20:29:54.504+0000] {dagbag.py:588} INFO - Filling up the DagBag from /opt/airflow/dags/spark_airflow.py
[2024-11-04T20:29:54.521+0000] {processor.py:925} INFO - DAG(s) 'sparking_flow' retrieved from /opt/airflow/dags/spark_airflow.py
[2024-11-04T20:29:54.544+0000] {logging_mixin.py:190} INFO - [2024-11-04T20:29:54.544+0000] {dag.py:3239} INFO - Sync 1 DAGs
[2024-11-04T20:29:54.563+0000] {logging_mixin.py:190} INFO - [2024-11-04T20:29:54.563+0000] {dag.py:4180} INFO - Setting next_dagrun for sparking_flow to 2024-11-04 00:00:00+00:00, run_after=2024-11-05 00:00:00+00:00
[2024-11-04T20:29:54.578+0000] {processor.py:208} INFO - Processing /opt/airflow/dags/spark_airflow.py took 0.081 seconds
[2024-11-04T20:30:24.770+0000] {processor.py:186} INFO - Started process (PID=77276) to work on /opt/airflow/dags/spark_airflow.py
[2024-11-04T20:30:24.771+0000] {processor.py:914} INFO - Processing file /opt/airflow/dags/spark_airflow.py for tasks to queue
[2024-11-04T20:30:24.771+0000] {logging_mixin.py:190} INFO - [2024-11-04T20:30:24.771+0000] {dagbag.py:588} INFO - Filling up the DagBag from /opt/airflow/dags/spark_airflow.py
[2024-11-04T20:30:24.788+0000] {processor.py:925} INFO - DAG(s) 'sparking_flow' retrieved from /opt/airflow/dags/spark_airflow.py
[2024-11-04T20:30:24.812+0000] {logging_mixin.py:190} INFO - [2024-11-04T20:30:24.812+0000] {dag.py:3239} INFO - Sync 1 DAGs
[2024-11-04T20:30:24.833+0000] {logging_mixin.py:190} INFO - [2024-11-04T20:30:24.833+0000] {dag.py:4180} INFO - Setting next_dagrun for sparking_flow to 2024-11-04 00:00:00+00:00, run_after=2024-11-05 00:00:00+00:00
[2024-11-04T20:30:24.848+0000] {processor.py:208} INFO - Processing /opt/airflow/dags/spark_airflow.py took 0.082 seconds
[2024-11-04T20:30:54.943+0000] {processor.py:186} INFO - Started process (PID=77281) to work on /opt/airflow/dags/spark_airflow.py
[2024-11-04T20:30:54.944+0000] {processor.py:914} INFO - Processing file /opt/airflow/dags/spark_airflow.py for tasks to queue
[2024-11-04T20:30:54.945+0000] {logging_mixin.py:190} INFO - [2024-11-04T20:30:54.945+0000] {dagbag.py:588} INFO - Filling up the DagBag from /opt/airflow/dags/spark_airflow.py
[2024-11-04T20:30:54.962+0000] {processor.py:925} INFO - DAG(s) 'sparking_flow' retrieved from /opt/airflow/dags/spark_airflow.py
[2024-11-04T20:30:54.986+0000] {logging_mixin.py:190} INFO - [2024-11-04T20:30:54.986+0000] {dag.py:3239} INFO - Sync 1 DAGs
[2024-11-04T20:30:55.006+0000] {logging_mixin.py:190} INFO - [2024-11-04T20:30:55.006+0000] {dag.py:4180} INFO - Setting next_dagrun for sparking_flow to 2024-11-04 00:00:00+00:00, run_after=2024-11-05 00:00:00+00:00
[2024-11-04T20:30:55.023+0000] {processor.py:208} INFO - Processing /opt/airflow/dags/spark_airflow.py took 0.084 seconds
[2024-11-04T20:31:25.162+0000] {processor.py:186} INFO - Started process (PID=77286) to work on /opt/airflow/dags/spark_airflow.py
[2024-11-04T20:31:25.163+0000] {processor.py:914} INFO - Processing file /opt/airflow/dags/spark_airflow.py for tasks to queue
[2024-11-04T20:31:25.164+0000] {logging_mixin.py:190} INFO - [2024-11-04T20:31:25.164+0000] {dagbag.py:588} INFO - Filling up the DagBag from /opt/airflow/dags/spark_airflow.py
[2024-11-04T20:31:25.180+0000] {processor.py:925} INFO - DAG(s) 'sparking_flow' retrieved from /opt/airflow/dags/spark_airflow.py
[2024-11-04T20:31:25.204+0000] {logging_mixin.py:190} INFO - [2024-11-04T20:31:25.203+0000] {dag.py:3239} INFO - Sync 1 DAGs
[2024-11-04T20:31:25.225+0000] {logging_mixin.py:190} INFO - [2024-11-04T20:31:25.224+0000] {dag.py:4180} INFO - Setting next_dagrun for sparking_flow to 2024-11-04 00:00:00+00:00, run_after=2024-11-05 00:00:00+00:00
[2024-11-04T20:31:25.241+0000] {processor.py:208} INFO - Processing /opt/airflow/dags/spark_airflow.py took 0.083 seconds
[2024-11-04T20:31:55.335+0000] {processor.py:186} INFO - Started process (PID=77291) to work on /opt/airflow/dags/spark_airflow.py
[2024-11-04T20:31:55.336+0000] {processor.py:914} INFO - Processing file /opt/airflow/dags/spark_airflow.py for tasks to queue
[2024-11-04T20:31:55.337+0000] {logging_mixin.py:190} INFO - [2024-11-04T20:31:55.337+0000] {dagbag.py:588} INFO - Filling up the DagBag from /opt/airflow/dags/spark_airflow.py
[2024-11-04T20:31:55.354+0000] {processor.py:925} INFO - DAG(s) 'sparking_flow' retrieved from /opt/airflow/dags/spark_airflow.py
[2024-11-04T20:31:55.379+0000] {logging_mixin.py:190} INFO - [2024-11-04T20:31:55.379+0000] {dag.py:3239} INFO - Sync 1 DAGs
[2024-11-04T20:31:55.399+0000] {logging_mixin.py:190} INFO - [2024-11-04T20:31:55.399+0000] {dag.py:4180} INFO - Setting next_dagrun for sparking_flow to 2024-11-04 00:00:00+00:00, run_after=2024-11-05 00:00:00+00:00
[2024-11-04T20:31:55.415+0000] {processor.py:208} INFO - Processing /opt/airflow/dags/spark_airflow.py took 0.084 seconds
[2024-11-04T20:32:25.560+0000] {processor.py:186} INFO - Started process (PID=77296) to work on /opt/airflow/dags/spark_airflow.py
[2024-11-04T20:32:25.561+0000] {processor.py:914} INFO - Processing file /opt/airflow/dags/spark_airflow.py for tasks to queue
[2024-11-04T20:32:25.563+0000] {logging_mixin.py:190} INFO - [2024-11-04T20:32:25.563+0000] {dagbag.py:588} INFO - Filling up the DagBag from /opt/airflow/dags/spark_airflow.py
[2024-11-04T20:32:25.581+0000] {processor.py:925} INFO - DAG(s) 'sparking_flow' retrieved from /opt/airflow/dags/spark_airflow.py
[2024-11-04T20:32:25.605+0000] {logging_mixin.py:190} INFO - [2024-11-04T20:32:25.605+0000] {dag.py:3239} INFO - Sync 1 DAGs
[2024-11-04T20:32:25.626+0000] {logging_mixin.py:190} INFO - [2024-11-04T20:32:25.625+0000] {dag.py:4180} INFO - Setting next_dagrun for sparking_flow to 2024-11-04 00:00:00+00:00, run_after=2024-11-05 00:00:00+00:00
[2024-11-04T20:32:25.642+0000] {processor.py:208} INFO - Processing /opt/airflow/dags/spark_airflow.py took 0.087 seconds
[2024-11-04T20:32:55.732+0000] {processor.py:186} INFO - Started process (PID=77301) to work on /opt/airflow/dags/spark_airflow.py
[2024-11-04T20:32:55.733+0000] {processor.py:914} INFO - Processing file /opt/airflow/dags/spark_airflow.py for tasks to queue
[2024-11-04T20:32:55.734+0000] {logging_mixin.py:190} INFO - [2024-11-04T20:32:55.734+0000] {dagbag.py:588} INFO - Filling up the DagBag from /opt/airflow/dags/spark_airflow.py
[2024-11-04T20:32:55.751+0000] {processor.py:925} INFO - DAG(s) 'sparking_flow' retrieved from /opt/airflow/dags/spark_airflow.py
[2024-11-04T20:32:55.776+0000] {logging_mixin.py:190} INFO - [2024-11-04T20:32:55.776+0000] {dag.py:3239} INFO - Sync 1 DAGs
[2024-11-04T20:32:55.796+0000] {logging_mixin.py:190} INFO - [2024-11-04T20:32:55.796+0000] {dag.py:4180} INFO - Setting next_dagrun for sparking_flow to 2024-11-04 00:00:00+00:00, run_after=2024-11-05 00:00:00+00:00
[2024-11-04T20:32:55.811+0000] {processor.py:208} INFO - Processing /opt/airflow/dags/spark_airflow.py took 0.083 seconds
[2024-11-04T20:33:25.959+0000] {processor.py:186} INFO - Started process (PID=77306) to work on /opt/airflow/dags/spark_airflow.py
[2024-11-04T20:33:25.960+0000] {processor.py:914} INFO - Processing file /opt/airflow/dags/spark_airflow.py for tasks to queue
[2024-11-04T20:33:25.961+0000] {logging_mixin.py:190} INFO - [2024-11-04T20:33:25.961+0000] {dagbag.py:588} INFO - Filling up the DagBag from /opt/airflow/dags/spark_airflow.py
[2024-11-04T20:33:25.978+0000] {processor.py:925} INFO - DAG(s) 'sparking_flow' retrieved from /opt/airflow/dags/spark_airflow.py
[2024-11-04T20:33:26.002+0000] {logging_mixin.py:190} INFO - [2024-11-04T20:33:26.002+0000] {dag.py:3239} INFO - Sync 1 DAGs
[2024-11-04T20:33:26.023+0000] {logging_mixin.py:190} INFO - [2024-11-04T20:33:26.022+0000] {dag.py:4180} INFO - Setting next_dagrun for sparking_flow to 2024-11-04 00:00:00+00:00, run_after=2024-11-05 00:00:00+00:00
[2024-11-04T20:33:26.038+0000] {processor.py:208} INFO - Processing /opt/airflow/dags/spark_airflow.py took 0.084 seconds
[2024-11-04T20:33:56.134+0000] {processor.py:186} INFO - Started process (PID=77311) to work on /opt/airflow/dags/spark_airflow.py
[2024-11-04T20:33:56.135+0000] {processor.py:914} INFO - Processing file /opt/airflow/dags/spark_airflow.py for tasks to queue
[2024-11-04T20:33:56.136+0000] {logging_mixin.py:190} INFO - [2024-11-04T20:33:56.136+0000] {dagbag.py:588} INFO - Filling up the DagBag from /opt/airflow/dags/spark_airflow.py
[2024-11-04T20:33:56.152+0000] {processor.py:925} INFO - DAG(s) 'sparking_flow' retrieved from /opt/airflow/dags/spark_airflow.py
[2024-11-04T20:33:56.177+0000] {logging_mixin.py:190} INFO - [2024-11-04T20:33:56.177+0000] {dag.py:3239} INFO - Sync 1 DAGs
[2024-11-04T20:33:56.199+0000] {logging_mixin.py:190} INFO - [2024-11-04T20:33:56.199+0000] {dag.py:4180} INFO - Setting next_dagrun for sparking_flow to 2024-11-04 00:00:00+00:00, run_after=2024-11-05 00:00:00+00:00
[2024-11-04T20:33:56.216+0000] {processor.py:208} INFO - Processing /opt/airflow/dags/spark_airflow.py took 0.087 seconds
[2024-11-04T20:34:26.365+0000] {processor.py:186} INFO - Started process (PID=77316) to work on /opt/airflow/dags/spark_airflow.py
[2024-11-04T20:34:26.366+0000] {processor.py:914} INFO - Processing file /opt/airflow/dags/spark_airflow.py for tasks to queue
[2024-11-04T20:34:26.367+0000] {logging_mixin.py:190} INFO - [2024-11-04T20:34:26.367+0000] {dagbag.py:588} INFO - Filling up the DagBag from /opt/airflow/dags/spark_airflow.py
[2024-11-04T20:34:26.386+0000] {processor.py:925} INFO - DAG(s) 'sparking_flow' retrieved from /opt/airflow/dags/spark_airflow.py
[2024-11-04T20:34:26.409+0000] {logging_mixin.py:190} INFO - [2024-11-04T20:34:26.409+0000] {dag.py:3239} INFO - Sync 1 DAGs
[2024-11-04T20:34:26.430+0000] {logging_mixin.py:190} INFO - [2024-11-04T20:34:26.430+0000] {dag.py:4180} INFO - Setting next_dagrun for sparking_flow to 2024-11-04 00:00:00+00:00, run_after=2024-11-05 00:00:00+00:00
[2024-11-04T20:34:26.446+0000] {processor.py:208} INFO - Processing /opt/airflow/dags/spark_airflow.py took 0.086 seconds
[2024-11-04T20:34:56.539+0000] {processor.py:186} INFO - Started process (PID=77321) to work on /opt/airflow/dags/spark_airflow.py
[2024-11-04T20:34:56.540+0000] {processor.py:914} INFO - Processing file /opt/airflow/dags/spark_airflow.py for tasks to queue
[2024-11-04T20:34:56.541+0000] {logging_mixin.py:190} INFO - [2024-11-04T20:34:56.540+0000] {dagbag.py:588} INFO - Filling up the DagBag from /opt/airflow/dags/spark_airflow.py
[2024-11-04T20:34:56.558+0000] {processor.py:925} INFO - DAG(s) 'sparking_flow' retrieved from /opt/airflow/dags/spark_airflow.py
[2024-11-04T20:34:56.582+0000] {logging_mixin.py:190} INFO - [2024-11-04T20:34:56.582+0000] {dag.py:3239} INFO - Sync 1 DAGs
[2024-11-04T20:34:56.605+0000] {logging_mixin.py:190} INFO - [2024-11-04T20:34:56.604+0000] {dag.py:4180} INFO - Setting next_dagrun for sparking_flow to 2024-11-04 00:00:00+00:00, run_after=2024-11-05 00:00:00+00:00
[2024-11-04T20:34:56.621+0000] {processor.py:208} INFO - Processing /opt/airflow/dags/spark_airflow.py took 0.086 seconds
[2024-11-04T20:35:26.801+0000] {processor.py:186} INFO - Started process (PID=77326) to work on /opt/airflow/dags/spark_airflow.py
[2024-11-04T20:35:26.801+0000] {processor.py:914} INFO - Processing file /opt/airflow/dags/spark_airflow.py for tasks to queue
[2024-11-04T20:35:26.802+0000] {logging_mixin.py:190} INFO - [2024-11-04T20:35:26.802+0000] {dagbag.py:588} INFO - Filling up the DagBag from /opt/airflow/dags/spark_airflow.py
[2024-11-04T20:35:26.818+0000] {processor.py:925} INFO - DAG(s) 'sparking_flow' retrieved from /opt/airflow/dags/spark_airflow.py
[2024-11-04T20:35:26.841+0000] {logging_mixin.py:190} INFO - [2024-11-04T20:35:26.841+0000] {dag.py:3239} INFO - Sync 1 DAGs
[2024-11-04T20:35:26.861+0000] {logging_mixin.py:190} INFO - [2024-11-04T20:35:26.861+0000] {dag.py:4180} INFO - Setting next_dagrun for sparking_flow to 2024-11-04 00:00:00+00:00, run_after=2024-11-05 00:00:00+00:00
[2024-11-04T20:35:26.876+0000] {processor.py:208} INFO - Processing /opt/airflow/dags/spark_airflow.py took 0.080 seconds
[2024-11-04T20:35:56.977+0000] {processor.py:186} INFO - Started process (PID=77331) to work on /opt/airflow/dags/spark_airflow.py
[2024-11-04T20:35:56.977+0000] {processor.py:914} INFO - Processing file /opt/airflow/dags/spark_airflow.py for tasks to queue
[2024-11-04T20:35:56.979+0000] {logging_mixin.py:190} INFO - [2024-11-04T20:35:56.979+0000] {dagbag.py:588} INFO - Filling up the DagBag from /opt/airflow/dags/spark_airflow.py
[2024-11-04T20:35:56.995+0000] {processor.py:925} INFO - DAG(s) 'sparking_flow' retrieved from /opt/airflow/dags/spark_airflow.py
[2024-11-04T20:35:57.020+0000] {logging_mixin.py:190} INFO - [2024-11-04T20:35:57.019+0000] {dag.py:3239} INFO - Sync 1 DAGs
[2024-11-04T20:35:57.039+0000] {logging_mixin.py:190} INFO - [2024-11-04T20:35:57.039+0000] {dag.py:4180} INFO - Setting next_dagrun for sparking_flow to 2024-11-04 00:00:00+00:00, run_after=2024-11-05 00:00:00+00:00
[2024-11-04T20:35:57.054+0000] {processor.py:208} INFO - Processing /opt/airflow/dags/spark_airflow.py took 0.082 seconds
[2024-11-04T20:36:27.199+0000] {processor.py:186} INFO - Started process (PID=77336) to work on /opt/airflow/dags/spark_airflow.py
[2024-11-04T20:36:27.200+0000] {processor.py:914} INFO - Processing file /opt/airflow/dags/spark_airflow.py for tasks to queue
[2024-11-04T20:36:27.201+0000] {logging_mixin.py:190} INFO - [2024-11-04T20:36:27.201+0000] {dagbag.py:588} INFO - Filling up the DagBag from /opt/airflow/dags/spark_airflow.py
[2024-11-04T20:36:27.218+0000] {processor.py:925} INFO - DAG(s) 'sparking_flow' retrieved from /opt/airflow/dags/spark_airflow.py
[2024-11-04T20:36:27.240+0000] {logging_mixin.py:190} INFO - [2024-11-04T20:36:27.240+0000] {dag.py:3239} INFO - Sync 1 DAGs
[2024-11-04T20:36:27.259+0000] {logging_mixin.py:190} INFO - [2024-11-04T20:36:27.258+0000] {dag.py:4180} INFO - Setting next_dagrun for sparking_flow to 2024-11-04 00:00:00+00:00, run_after=2024-11-05 00:00:00+00:00
[2024-11-04T20:36:27.274+0000] {processor.py:208} INFO - Processing /opt/airflow/dags/spark_airflow.py took 0.079 seconds
[2024-11-04T20:36:57.383+0000] {processor.py:186} INFO - Started process (PID=77341) to work on /opt/airflow/dags/spark_airflow.py
[2024-11-04T20:36:57.383+0000] {processor.py:914} INFO - Processing file /opt/airflow/dags/spark_airflow.py for tasks to queue
[2024-11-04T20:36:57.385+0000] {logging_mixin.py:190} INFO - [2024-11-04T20:36:57.384+0000] {dagbag.py:588} INFO - Filling up the DagBag from /opt/airflow/dags/spark_airflow.py
[2024-11-04T20:36:57.402+0000] {processor.py:925} INFO - DAG(s) 'sparking_flow' retrieved from /opt/airflow/dags/spark_airflow.py
[2024-11-04T20:36:57.426+0000] {logging_mixin.py:190} INFO - [2024-11-04T20:36:57.426+0000] {dag.py:3239} INFO - Sync 1 DAGs
[2024-11-04T20:36:57.447+0000] {logging_mixin.py:190} INFO - [2024-11-04T20:36:57.446+0000] {dag.py:4180} INFO - Setting next_dagrun for sparking_flow to 2024-11-04 00:00:00+00:00, run_after=2024-11-05 00:00:00+00:00
[2024-11-04T20:36:57.464+0000] {processor.py:208} INFO - Processing /opt/airflow/dags/spark_airflow.py took 0.086 seconds
[2024-11-04T20:37:27.612+0000] {processor.py:186} INFO - Started process (PID=77346) to work on /opt/airflow/dags/spark_airflow.py
[2024-11-04T20:37:27.613+0000] {processor.py:914} INFO - Processing file /opt/airflow/dags/spark_airflow.py for tasks to queue
[2024-11-04T20:37:27.615+0000] {logging_mixin.py:190} INFO - [2024-11-04T20:37:27.614+0000] {dagbag.py:588} INFO - Filling up the DagBag from /opt/airflow/dags/spark_airflow.py
[2024-11-04T20:37:27.633+0000] {processor.py:925} INFO - DAG(s) 'sparking_flow' retrieved from /opt/airflow/dags/spark_airflow.py
[2024-11-04T20:37:27.658+0000] {logging_mixin.py:190} INFO - [2024-11-04T20:37:27.658+0000] {dag.py:3239} INFO - Sync 1 DAGs
[2024-11-04T20:37:27.680+0000] {logging_mixin.py:190} INFO - [2024-11-04T20:37:27.680+0000] {dag.py:4180} INFO - Setting next_dagrun for sparking_flow to 2024-11-04 00:00:00+00:00, run_after=2024-11-05 00:00:00+00:00
[2024-11-04T20:37:27.696+0000] {processor.py:208} INFO - Processing /opt/airflow/dags/spark_airflow.py took 0.089 seconds
[2024-11-04T20:37:57.787+0000] {processor.py:186} INFO - Started process (PID=77351) to work on /opt/airflow/dags/spark_airflow.py
[2024-11-04T20:37:57.788+0000] {processor.py:914} INFO - Processing file /opt/airflow/dags/spark_airflow.py for tasks to queue
[2024-11-04T20:37:57.789+0000] {logging_mixin.py:190} INFO - [2024-11-04T20:37:57.789+0000] {dagbag.py:588} INFO - Filling up the DagBag from /opt/airflow/dags/spark_airflow.py
[2024-11-04T20:37:57.805+0000] {processor.py:925} INFO - DAG(s) 'sparking_flow' retrieved from /opt/airflow/dags/spark_airflow.py
[2024-11-04T20:37:57.828+0000] {logging_mixin.py:190} INFO - [2024-11-04T20:37:57.828+0000] {dag.py:3239} INFO - Sync 1 DAGs
[2024-11-04T20:37:57.847+0000] {logging_mixin.py:190} INFO - [2024-11-04T20:37:57.847+0000] {dag.py:4180} INFO - Setting next_dagrun for sparking_flow to 2024-11-04 00:00:00+00:00, run_after=2024-11-05 00:00:00+00:00
[2024-11-04T20:37:57.862+0000] {processor.py:208} INFO - Processing /opt/airflow/dags/spark_airflow.py took 0.079 seconds
[2024-11-04T20:38:28.007+0000] {processor.py:186} INFO - Started process (PID=77356) to work on /opt/airflow/dags/spark_airflow.py
[2024-11-04T20:38:28.008+0000] {processor.py:914} INFO - Processing file /opt/airflow/dags/spark_airflow.py for tasks to queue
[2024-11-04T20:38:28.009+0000] {logging_mixin.py:190} INFO - [2024-11-04T20:38:28.009+0000] {dagbag.py:588} INFO - Filling up the DagBag from /opt/airflow/dags/spark_airflow.py
[2024-11-04T20:38:28.026+0000] {processor.py:925} INFO - DAG(s) 'sparking_flow' retrieved from /opt/airflow/dags/spark_airflow.py
[2024-11-04T20:38:28.051+0000] {logging_mixin.py:190} INFO - [2024-11-04T20:38:28.051+0000] {dag.py:3239} INFO - Sync 1 DAGs
[2024-11-04T20:38:28.072+0000] {logging_mixin.py:190} INFO - [2024-11-04T20:38:28.072+0000] {dag.py:4180} INFO - Setting next_dagrun for sparking_flow to 2024-11-04 00:00:00+00:00, run_after=2024-11-05 00:00:00+00:00
[2024-11-04T20:38:28.087+0000] {processor.py:208} INFO - Processing /opt/airflow/dags/spark_airflow.py took 0.084 seconds
[2024-11-04T20:38:58.176+0000] {processor.py:186} INFO - Started process (PID=77361) to work on /opt/airflow/dags/spark_airflow.py
[2024-11-04T20:38:58.176+0000] {processor.py:914} INFO - Processing file /opt/airflow/dags/spark_airflow.py for tasks to queue
[2024-11-04T20:38:58.177+0000] {logging_mixin.py:190} INFO - [2024-11-04T20:38:58.177+0000] {dagbag.py:588} INFO - Filling up the DagBag from /opt/airflow/dags/spark_airflow.py
[2024-11-04T20:38:58.194+0000] {processor.py:925} INFO - DAG(s) 'sparking_flow' retrieved from /opt/airflow/dags/spark_airflow.py
[2024-11-04T20:38:58.217+0000] {logging_mixin.py:190} INFO - [2024-11-04T20:38:58.217+0000] {dag.py:3239} INFO - Sync 1 DAGs
[2024-11-04T20:38:58.238+0000] {logging_mixin.py:190} INFO - [2024-11-04T20:38:58.238+0000] {dag.py:4180} INFO - Setting next_dagrun for sparking_flow to 2024-11-04 00:00:00+00:00, run_after=2024-11-05 00:00:00+00:00
[2024-11-04T20:38:58.256+0000] {processor.py:208} INFO - Processing /opt/airflow/dags/spark_airflow.py took 0.084 seconds
[2024-11-04T20:39:28.400+0000] {processor.py:186} INFO - Started process (PID=77366) to work on /opt/airflow/dags/spark_airflow.py
[2024-11-04T20:39:28.400+0000] {processor.py:914} INFO - Processing file /opt/airflow/dags/spark_airflow.py for tasks to queue
[2024-11-04T20:39:28.401+0000] {logging_mixin.py:190} INFO - [2024-11-04T20:39:28.401+0000] {dagbag.py:588} INFO - Filling up the DagBag from /opt/airflow/dags/spark_airflow.py
[2024-11-04T20:39:28.418+0000] {processor.py:925} INFO - DAG(s) 'sparking_flow' retrieved from /opt/airflow/dags/spark_airflow.py
[2024-11-04T20:39:28.442+0000] {logging_mixin.py:190} INFO - [2024-11-04T20:39:28.441+0000] {dag.py:3239} INFO - Sync 1 DAGs
[2024-11-04T20:39:28.463+0000] {logging_mixin.py:190} INFO - [2024-11-04T20:39:28.463+0000] {dag.py:4180} INFO - Setting next_dagrun for sparking_flow to 2024-11-04 00:00:00+00:00, run_after=2024-11-05 00:00:00+00:00
[2024-11-04T20:39:28.479+0000] {processor.py:208} INFO - Processing /opt/airflow/dags/spark_airflow.py took 0.083 seconds
[2024-11-04T20:39:58.568+0000] {processor.py:186} INFO - Started process (PID=77371) to work on /opt/airflow/dags/spark_airflow.py
[2024-11-04T20:39:58.568+0000] {processor.py:914} INFO - Processing file /opt/airflow/dags/spark_airflow.py for tasks to queue
[2024-11-04T20:39:58.569+0000] {logging_mixin.py:190} INFO - [2024-11-04T20:39:58.569+0000] {dagbag.py:588} INFO - Filling up the DagBag from /opt/airflow/dags/spark_airflow.py
[2024-11-04T20:39:58.586+0000] {processor.py:925} INFO - DAG(s) 'sparking_flow' retrieved from /opt/airflow/dags/spark_airflow.py
[2024-11-04T20:39:58.609+0000] {logging_mixin.py:190} INFO - [2024-11-04T20:39:58.609+0000] {dag.py:3239} INFO - Sync 1 DAGs
[2024-11-04T20:39:58.629+0000] {logging_mixin.py:190} INFO - [2024-11-04T20:39:58.629+0000] {dag.py:4180} INFO - Setting next_dagrun for sparking_flow to 2024-11-04 00:00:00+00:00, run_after=2024-11-05 00:00:00+00:00
[2024-11-04T20:39:58.645+0000] {processor.py:208} INFO - Processing /opt/airflow/dags/spark_airflow.py took 0.082 seconds
[2024-11-04T20:40:28.817+0000] {processor.py:186} INFO - Started process (PID=77376) to work on /opt/airflow/dags/spark_airflow.py
[2024-11-04T20:40:28.818+0000] {processor.py:914} INFO - Processing file /opt/airflow/dags/spark_airflow.py for tasks to queue
[2024-11-04T20:40:28.820+0000] {logging_mixin.py:190} INFO - [2024-11-04T20:40:28.819+0000] {dagbag.py:588} INFO - Filling up the DagBag from /opt/airflow/dags/spark_airflow.py
[2024-11-04T20:40:28.838+0000] {processor.py:925} INFO - DAG(s) 'sparking_flow' retrieved from /opt/airflow/dags/spark_airflow.py
[2024-11-04T20:40:28.861+0000] {logging_mixin.py:190} INFO - [2024-11-04T20:40:28.860+0000] {dag.py:3239} INFO - Sync 1 DAGs
[2024-11-04T20:40:28.882+0000] {logging_mixin.py:190} INFO - [2024-11-04T20:40:28.882+0000] {dag.py:4180} INFO - Setting next_dagrun for sparking_flow to 2024-11-04 00:00:00+00:00, run_after=2024-11-05 00:00:00+00:00
[2024-11-04T20:40:28.897+0000] {processor.py:208} INFO - Processing /opt/airflow/dags/spark_airflow.py took 0.084 seconds
[2024-11-04T20:40:58.991+0000] {processor.py:186} INFO - Started process (PID=77381) to work on /opt/airflow/dags/spark_airflow.py
[2024-11-04T20:40:58.991+0000] {processor.py:914} INFO - Processing file /opt/airflow/dags/spark_airflow.py for tasks to queue
[2024-11-04T20:40:58.992+0000] {logging_mixin.py:190} INFO - [2024-11-04T20:40:58.992+0000] {dagbag.py:588} INFO - Filling up the DagBag from /opt/airflow/dags/spark_airflow.py
[2024-11-04T20:40:59.009+0000] {processor.py:925} INFO - DAG(s) 'sparking_flow' retrieved from /opt/airflow/dags/spark_airflow.py
[2024-11-04T20:40:59.035+0000] {logging_mixin.py:190} INFO - [2024-11-04T20:40:59.035+0000] {dag.py:3239} INFO - Sync 1 DAGs
[2024-11-04T20:40:59.057+0000] {logging_mixin.py:190} INFO - [2024-11-04T20:40:59.056+0000] {dag.py:4180} INFO - Setting next_dagrun for sparking_flow to 2024-11-04 00:00:00+00:00, run_after=2024-11-05 00:00:00+00:00
[2024-11-04T20:40:59.073+0000] {processor.py:208} INFO - Processing /opt/airflow/dags/spark_airflow.py took 0.087 seconds
[2024-11-04T20:41:29.212+0000] {processor.py:186} INFO - Started process (PID=77386) to work on /opt/airflow/dags/spark_airflow.py
[2024-11-04T20:41:29.213+0000] {processor.py:914} INFO - Processing file /opt/airflow/dags/spark_airflow.py for tasks to queue
[2024-11-04T20:41:29.214+0000] {logging_mixin.py:190} INFO - [2024-11-04T20:41:29.214+0000] {dagbag.py:588} INFO - Filling up the DagBag from /opt/airflow/dags/spark_airflow.py
[2024-11-04T20:41:29.230+0000] {processor.py:925} INFO - DAG(s) 'sparking_flow' retrieved from /opt/airflow/dags/spark_airflow.py
[2024-11-04T20:41:29.253+0000] {logging_mixin.py:190} INFO - [2024-11-04T20:41:29.253+0000] {dag.py:3239} INFO - Sync 1 DAGs
[2024-11-04T20:41:29.273+0000] {logging_mixin.py:190} INFO - [2024-11-04T20:41:29.272+0000] {dag.py:4180} INFO - Setting next_dagrun for sparking_flow to 2024-11-04 00:00:00+00:00, run_after=2024-11-05 00:00:00+00:00
[2024-11-04T20:41:29.289+0000] {processor.py:208} INFO - Processing /opt/airflow/dags/spark_airflow.py took 0.081 seconds
[2024-11-04T20:41:59.383+0000] {processor.py:186} INFO - Started process (PID=77391) to work on /opt/airflow/dags/spark_airflow.py
[2024-11-04T20:41:59.384+0000] {processor.py:914} INFO - Processing file /opt/airflow/dags/spark_airflow.py for tasks to queue
[2024-11-04T20:41:59.385+0000] {logging_mixin.py:190} INFO - [2024-11-04T20:41:59.385+0000] {dagbag.py:588} INFO - Filling up the DagBag from /opt/airflow/dags/spark_airflow.py
[2024-11-04T20:41:59.402+0000] {processor.py:925} INFO - DAG(s) 'sparking_flow' retrieved from /opt/airflow/dags/spark_airflow.py
[2024-11-04T20:41:59.426+0000] {logging_mixin.py:190} INFO - [2024-11-04T20:41:59.426+0000] {dag.py:3239} INFO - Sync 1 DAGs
[2024-11-04T20:41:59.447+0000] {logging_mixin.py:190} INFO - [2024-11-04T20:41:59.447+0000] {dag.py:4180} INFO - Setting next_dagrun for sparking_flow to 2024-11-04 00:00:00+00:00, run_after=2024-11-05 00:00:00+00:00
[2024-11-04T20:41:59.463+0000] {processor.py:208} INFO - Processing /opt/airflow/dags/spark_airflow.py took 0.084 seconds
[2024-11-04T20:42:29.602+0000] {processor.py:186} INFO - Started process (PID=77396) to work on /opt/airflow/dags/spark_airflow.py
[2024-11-04T20:42:29.602+0000] {processor.py:914} INFO - Processing file /opt/airflow/dags/spark_airflow.py for tasks to queue
[2024-11-04T20:42:29.603+0000] {logging_mixin.py:190} INFO - [2024-11-04T20:42:29.603+0000] {dagbag.py:588} INFO - Filling up the DagBag from /opt/airflow/dags/spark_airflow.py
[2024-11-04T20:42:29.620+0000] {processor.py:925} INFO - DAG(s) 'sparking_flow' retrieved from /opt/airflow/dags/spark_airflow.py
[2024-11-04T20:42:29.644+0000] {logging_mixin.py:190} INFO - [2024-11-04T20:42:29.644+0000] {dag.py:3239} INFO - Sync 1 DAGs
[2024-11-04T20:42:29.666+0000] {logging_mixin.py:190} INFO - [2024-11-04T20:42:29.666+0000] {dag.py:4180} INFO - Setting next_dagrun for sparking_flow to 2024-11-04 00:00:00+00:00, run_after=2024-11-05 00:00:00+00:00
[2024-11-04T20:42:29.685+0000] {processor.py:208} INFO - Processing /opt/airflow/dags/spark_airflow.py took 0.088 seconds
[2024-11-04T20:42:59.781+0000] {processor.py:186} INFO - Started process (PID=77401) to work on /opt/airflow/dags/spark_airflow.py
[2024-11-04T20:42:59.781+0000] {processor.py:914} INFO - Processing file /opt/airflow/dags/spark_airflow.py for tasks to queue
[2024-11-04T20:42:59.783+0000] {logging_mixin.py:190} INFO - [2024-11-04T20:42:59.782+0000] {dagbag.py:588} INFO - Filling up the DagBag from /opt/airflow/dags/spark_airflow.py
[2024-11-04T20:42:59.802+0000] {processor.py:925} INFO - DAG(s) 'sparking_flow' retrieved from /opt/airflow/dags/spark_airflow.py
[2024-11-04T20:42:59.827+0000] {logging_mixin.py:190} INFO - [2024-11-04T20:42:59.827+0000] {dag.py:3239} INFO - Sync 1 DAGs
[2024-11-04T20:42:59.849+0000] {logging_mixin.py:190} INFO - [2024-11-04T20:42:59.848+0000] {dag.py:4180} INFO - Setting next_dagrun for sparking_flow to 2024-11-04 00:00:00+00:00, run_after=2024-11-05 00:00:00+00:00
[2024-11-04T20:42:59.865+0000] {processor.py:208} INFO - Processing /opt/airflow/dags/spark_airflow.py took 0.090 seconds
[2024-11-04T20:43:30.000+0000] {processor.py:186} INFO - Started process (PID=77406) to work on /opt/airflow/dags/spark_airflow.py
[2024-11-04T20:43:30.001+0000] {processor.py:914} INFO - Processing file /opt/airflow/dags/spark_airflow.py for tasks to queue
[2024-11-04T20:43:30.002+0000] {logging_mixin.py:190} INFO - [2024-11-04T20:43:30.002+0000] {dagbag.py:588} INFO - Filling up the DagBag from /opt/airflow/dags/spark_airflow.py
[2024-11-04T20:43:30.019+0000] {processor.py:925} INFO - DAG(s) 'sparking_flow' retrieved from /opt/airflow/dags/spark_airflow.py
[2024-11-04T20:43:30.043+0000] {logging_mixin.py:190} INFO - [2024-11-04T20:43:30.042+0000] {dag.py:3239} INFO - Sync 1 DAGs
[2024-11-04T20:43:30.064+0000] {logging_mixin.py:190} INFO - [2024-11-04T20:43:30.064+0000] {dag.py:4180} INFO - Setting next_dagrun for sparking_flow to 2024-11-04 00:00:00+00:00, run_after=2024-11-05 00:00:00+00:00
[2024-11-04T20:43:30.082+0000] {processor.py:208} INFO - Processing /opt/airflow/dags/spark_airflow.py took 0.085 seconds
[2024-11-04T20:44:00.180+0000] {processor.py:186} INFO - Started process (PID=77411) to work on /opt/airflow/dags/spark_airflow.py
[2024-11-04T20:44:00.180+0000] {processor.py:914} INFO - Processing file /opt/airflow/dags/spark_airflow.py for tasks to queue
[2024-11-04T20:44:00.182+0000] {logging_mixin.py:190} INFO - [2024-11-04T20:44:00.181+0000] {dagbag.py:588} INFO - Filling up the DagBag from /opt/airflow/dags/spark_airflow.py
[2024-11-04T20:44:00.200+0000] {processor.py:925} INFO - DAG(s) 'sparking_flow' retrieved from /opt/airflow/dags/spark_airflow.py
[2024-11-04T20:44:00.225+0000] {logging_mixin.py:190} INFO - [2024-11-04T20:44:00.225+0000] {dag.py:3239} INFO - Sync 1 DAGs
[2024-11-04T20:44:00.246+0000] {logging_mixin.py:190} INFO - [2024-11-04T20:44:00.246+0000] {dag.py:4180} INFO - Setting next_dagrun for sparking_flow to 2024-11-04 00:00:00+00:00, run_after=2024-11-05 00:00:00+00:00
[2024-11-04T20:44:00.262+0000] {processor.py:208} INFO - Processing /opt/airflow/dags/spark_airflow.py took 0.088 seconds
[2024-11-04T20:44:30.396+0000] {processor.py:186} INFO - Started process (PID=77416) to work on /opt/airflow/dags/spark_airflow.py
[2024-11-04T20:44:30.396+0000] {processor.py:914} INFO - Processing file /opt/airflow/dags/spark_airflow.py for tasks to queue
[2024-11-04T20:44:30.397+0000] {logging_mixin.py:190} INFO - [2024-11-04T20:44:30.397+0000] {dagbag.py:588} INFO - Filling up the DagBag from /opt/airflow/dags/spark_airflow.py
[2024-11-04T20:44:30.416+0000] {processor.py:925} INFO - DAG(s) 'sparking_flow' retrieved from /opt/airflow/dags/spark_airflow.py
[2024-11-04T20:44:30.440+0000] {logging_mixin.py:190} INFO - [2024-11-04T20:44:30.440+0000] {dag.py:3239} INFO - Sync 1 DAGs
[2024-11-04T20:44:30.461+0000] {logging_mixin.py:190} INFO - [2024-11-04T20:44:30.461+0000] {dag.py:4180} INFO - Setting next_dagrun for sparking_flow to 2024-11-04 00:00:00+00:00, run_after=2024-11-05 00:00:00+00:00
[2024-11-04T20:44:30.477+0000] {processor.py:208} INFO - Processing /opt/airflow/dags/spark_airflow.py took 0.087 seconds
[2024-11-04T20:45:00.578+0000] {processor.py:186} INFO - Started process (PID=77421) to work on /opt/airflow/dags/spark_airflow.py
[2024-11-04T20:45:00.579+0000] {processor.py:914} INFO - Processing file /opt/airflow/dags/spark_airflow.py for tasks to queue
[2024-11-04T20:45:00.580+0000] {logging_mixin.py:190} INFO - [2024-11-04T20:45:00.579+0000] {dagbag.py:588} INFO - Filling up the DagBag from /opt/airflow/dags/spark_airflow.py
[2024-11-04T20:45:00.597+0000] {processor.py:925} INFO - DAG(s) 'sparking_flow' retrieved from /opt/airflow/dags/spark_airflow.py
[2024-11-04T20:45:00.621+0000] {logging_mixin.py:190} INFO - [2024-11-04T20:45:00.621+0000] {dag.py:3239} INFO - Sync 1 DAGs
[2024-11-04T20:45:00.640+0000] {logging_mixin.py:190} INFO - [2024-11-04T20:45:00.640+0000] {dag.py:4180} INFO - Setting next_dagrun for sparking_flow to 2024-11-04 00:00:00+00:00, run_after=2024-11-05 00:00:00+00:00
[2024-11-04T20:45:00.656+0000] {processor.py:208} INFO - Processing /opt/airflow/dags/spark_airflow.py took 0.082 seconds
[2024-11-04T20:45:30.804+0000] {processor.py:186} INFO - Started process (PID=77426) to work on /opt/airflow/dags/spark_airflow.py
[2024-11-04T20:45:30.804+0000] {processor.py:914} INFO - Processing file /opt/airflow/dags/spark_airflow.py for tasks to queue
[2024-11-04T20:45:30.805+0000] {logging_mixin.py:190} INFO - [2024-11-04T20:45:30.805+0000] {dagbag.py:588} INFO - Filling up the DagBag from /opt/airflow/dags/spark_airflow.py
[2024-11-04T20:45:30.823+0000] {processor.py:925} INFO - DAG(s) 'sparking_flow' retrieved from /opt/airflow/dags/spark_airflow.py
[2024-11-04T20:45:30.847+0000] {logging_mixin.py:190} INFO - [2024-11-04T20:45:30.847+0000] {dag.py:3239} INFO - Sync 1 DAGs
[2024-11-04T20:45:30.868+0000] {logging_mixin.py:190} INFO - [2024-11-04T20:45:30.867+0000] {dag.py:4180} INFO - Setting next_dagrun for sparking_flow to 2024-11-04 00:00:00+00:00, run_after=2024-11-05 00:00:00+00:00
[2024-11-04T20:45:30.884+0000] {processor.py:208} INFO - Processing /opt/airflow/dags/spark_airflow.py took 0.085 seconds
[2024-11-04T20:46:01.006+0000] {processor.py:186} INFO - Started process (PID=77431) to work on /opt/airflow/dags/spark_airflow.py
[2024-11-04T20:46:01.006+0000] {processor.py:914} INFO - Processing file /opt/airflow/dags/spark_airflow.py for tasks to queue
[2024-11-04T20:46:01.007+0000] {logging_mixin.py:190} INFO - [2024-11-04T20:46:01.007+0000] {dagbag.py:588} INFO - Filling up the DagBag from /opt/airflow/dags/spark_airflow.py
[2024-11-04T20:46:01.025+0000] {processor.py:925} INFO - DAG(s) 'sparking_flow' retrieved from /opt/airflow/dags/spark_airflow.py
[2024-11-04T20:46:01.046+0000] {logging_mixin.py:190} INFO - [2024-11-04T20:46:01.046+0000] {dag.py:3239} INFO - Sync 1 DAGs
[2024-11-04T20:46:01.066+0000] {logging_mixin.py:190} INFO - [2024-11-04T20:46:01.066+0000] {dag.py:4180} INFO - Setting next_dagrun for sparking_flow to 2024-11-04 00:00:00+00:00, run_after=2024-11-05 00:00:00+00:00
[2024-11-04T20:46:01.083+0000] {processor.py:208} INFO - Processing /opt/airflow/dags/spark_airflow.py took 0.082 seconds
[2024-11-04T20:46:31.204+0000] {processor.py:186} INFO - Started process (PID=77436) to work on /opt/airflow/dags/spark_airflow.py
[2024-11-04T20:46:31.205+0000] {processor.py:914} INFO - Processing file /opt/airflow/dags/spark_airflow.py for tasks to queue
[2024-11-04T20:46:31.205+0000] {logging_mixin.py:190} INFO - [2024-11-04T20:46:31.205+0000] {dagbag.py:588} INFO - Filling up the DagBag from /opt/airflow/dags/spark_airflow.py
[2024-11-04T20:46:31.222+0000] {processor.py:925} INFO - DAG(s) 'sparking_flow' retrieved from /opt/airflow/dags/spark_airflow.py
[2024-11-04T20:46:31.247+0000] {logging_mixin.py:190} INFO - [2024-11-04T20:46:31.247+0000] {dag.py:3239} INFO - Sync 1 DAGs
[2024-11-04T20:46:31.269+0000] {logging_mixin.py:190} INFO - [2024-11-04T20:46:31.269+0000] {dag.py:4180} INFO - Setting next_dagrun for sparking_flow to 2024-11-04 00:00:00+00:00, run_after=2024-11-05 00:00:00+00:00
[2024-11-04T20:46:31.284+0000] {processor.py:208} INFO - Processing /opt/airflow/dags/spark_airflow.py took 0.085 seconds
[2024-11-04T20:47:01.395+0000] {processor.py:186} INFO - Started process (PID=77441) to work on /opt/airflow/dags/spark_airflow.py
[2024-11-04T20:47:01.396+0000] {processor.py:914} INFO - Processing file /opt/airflow/dags/spark_airflow.py for tasks to queue
[2024-11-04T20:47:01.397+0000] {logging_mixin.py:190} INFO - [2024-11-04T20:47:01.396+0000] {dagbag.py:588} INFO - Filling up the DagBag from /opt/airflow/dags/spark_airflow.py
[2024-11-04T20:47:01.413+0000] {processor.py:925} INFO - DAG(s) 'sparking_flow' retrieved from /opt/airflow/dags/spark_airflow.py
[2024-11-04T20:47:01.436+0000] {logging_mixin.py:190} INFO - [2024-11-04T20:47:01.436+0000] {dag.py:3239} INFO - Sync 1 DAGs
[2024-11-04T20:47:01.455+0000] {logging_mixin.py:190} INFO - [2024-11-04T20:47:01.455+0000] {dag.py:4180} INFO - Setting next_dagrun for sparking_flow to 2024-11-04 00:00:00+00:00, run_after=2024-11-05 00:00:00+00:00
[2024-11-04T20:47:01.470+0000] {processor.py:208} INFO - Processing /opt/airflow/dags/spark_airflow.py took 0.080 seconds
[2024-11-04T20:47:31.611+0000] {processor.py:186} INFO - Started process (PID=77446) to work on /opt/airflow/dags/spark_airflow.py
[2024-11-04T20:47:31.612+0000] {processor.py:914} INFO - Processing file /opt/airflow/dags/spark_airflow.py for tasks to queue
[2024-11-04T20:47:31.613+0000] {logging_mixin.py:190} INFO - [2024-11-04T20:47:31.613+0000] {dagbag.py:588} INFO - Filling up the DagBag from /opt/airflow/dags/spark_airflow.py
[2024-11-04T20:47:31.631+0000] {processor.py:925} INFO - DAG(s) 'sparking_flow' retrieved from /opt/airflow/dags/spark_airflow.py
[2024-11-04T20:47:31.654+0000] {logging_mixin.py:190} INFO - [2024-11-04T20:47:31.654+0000] {dag.py:3239} INFO - Sync 1 DAGs
[2024-11-04T20:47:31.674+0000] {logging_mixin.py:190} INFO - [2024-11-04T20:47:31.674+0000] {dag.py:4180} INFO - Setting next_dagrun for sparking_flow to 2024-11-04 00:00:00+00:00, run_after=2024-11-05 00:00:00+00:00
[2024-11-04T20:47:31.690+0000] {processor.py:208} INFO - Processing /opt/airflow/dags/spark_airflow.py took 0.084 seconds
[2024-11-04T20:48:01.799+0000] {processor.py:186} INFO - Started process (PID=77451) to work on /opt/airflow/dags/spark_airflow.py
[2024-11-04T20:48:01.800+0000] {processor.py:914} INFO - Processing file /opt/airflow/dags/spark_airflow.py for tasks to queue
[2024-11-04T20:48:01.801+0000] {logging_mixin.py:190} INFO - [2024-11-04T20:48:01.801+0000] {dagbag.py:588} INFO - Filling up the DagBag from /opt/airflow/dags/spark_airflow.py
[2024-11-04T20:48:01.818+0000] {processor.py:925} INFO - DAG(s) 'sparking_flow' retrieved from /opt/airflow/dags/spark_airflow.py
[2024-11-04T20:48:01.841+0000] {logging_mixin.py:190} INFO - [2024-11-04T20:48:01.841+0000] {dag.py:3239} INFO - Sync 1 DAGs
[2024-11-04T20:48:01.861+0000] {logging_mixin.py:190} INFO - [2024-11-04T20:48:01.860+0000] {dag.py:4180} INFO - Setting next_dagrun for sparking_flow to 2024-11-04 00:00:00+00:00, run_after=2024-11-05 00:00:00+00:00
[2024-11-04T20:48:01.876+0000] {processor.py:208} INFO - Processing /opt/airflow/dags/spark_airflow.py took 0.081 seconds
[2024-11-04T20:48:32.018+0000] {processor.py:186} INFO - Started process (PID=77456) to work on /opt/airflow/dags/spark_airflow.py
[2024-11-04T20:48:32.019+0000] {processor.py:914} INFO - Processing file /opt/airflow/dags/spark_airflow.py for tasks to queue
[2024-11-04T20:48:32.020+0000] {logging_mixin.py:190} INFO - [2024-11-04T20:48:32.020+0000] {dagbag.py:588} INFO - Filling up the DagBag from /opt/airflow/dags/spark_airflow.py
[2024-11-04T20:48:32.036+0000] {processor.py:925} INFO - DAG(s) 'sparking_flow' retrieved from /opt/airflow/dags/spark_airflow.py
[2024-11-04T20:48:32.060+0000] {logging_mixin.py:190} INFO - [2024-11-04T20:48:32.060+0000] {dag.py:3239} INFO - Sync 1 DAGs
[2024-11-04T20:48:32.081+0000] {logging_mixin.py:190} INFO - [2024-11-04T20:48:32.081+0000] {dag.py:4180} INFO - Setting next_dagrun for sparking_flow to 2024-11-04 00:00:00+00:00, run_after=2024-11-05 00:00:00+00:00
[2024-11-04T20:48:32.096+0000] {processor.py:208} INFO - Processing /opt/airflow/dags/spark_airflow.py took 0.082 seconds
[2024-11-04T20:49:02.201+0000] {processor.py:186} INFO - Started process (PID=77461) to work on /opt/airflow/dags/spark_airflow.py
[2024-11-04T20:49:02.202+0000] {processor.py:914} INFO - Processing file /opt/airflow/dags/spark_airflow.py for tasks to queue
[2024-11-04T20:49:02.203+0000] {logging_mixin.py:190} INFO - [2024-11-04T20:49:02.203+0000] {dagbag.py:588} INFO - Filling up the DagBag from /opt/airflow/dags/spark_airflow.py
[2024-11-04T20:49:02.221+0000] {processor.py:925} INFO - DAG(s) 'sparking_flow' retrieved from /opt/airflow/dags/spark_airflow.py
[2024-11-04T20:49:02.246+0000] {logging_mixin.py:190} INFO - [2024-11-04T20:49:02.246+0000] {dag.py:3239} INFO - Sync 1 DAGs
[2024-11-04T20:49:02.268+0000] {logging_mixin.py:190} INFO - [2024-11-04T20:49:02.267+0000] {dag.py:4180} INFO - Setting next_dagrun for sparking_flow to 2024-11-04 00:00:00+00:00, run_after=2024-11-05 00:00:00+00:00
[2024-11-04T20:49:02.288+0000] {processor.py:208} INFO - Processing /opt/airflow/dags/spark_airflow.py took 0.091 seconds
[2024-11-04T20:49:32.426+0000] {processor.py:186} INFO - Started process (PID=77466) to work on /opt/airflow/dags/spark_airflow.py
[2024-11-04T20:49:32.426+0000] {processor.py:914} INFO - Processing file /opt/airflow/dags/spark_airflow.py for tasks to queue
[2024-11-04T20:49:32.427+0000] {logging_mixin.py:190} INFO - [2024-11-04T20:49:32.427+0000] {dagbag.py:588} INFO - Filling up the DagBag from /opt/airflow/dags/spark_airflow.py
[2024-11-04T20:49:32.444+0000] {processor.py:925} INFO - DAG(s) 'sparking_flow' retrieved from /opt/airflow/dags/spark_airflow.py
[2024-11-04T20:49:32.468+0000] {logging_mixin.py:190} INFO - [2024-11-04T20:49:32.468+0000] {dag.py:3239} INFO - Sync 1 DAGs
[2024-11-04T20:49:32.490+0000] {logging_mixin.py:190} INFO - [2024-11-04T20:49:32.490+0000] {dag.py:4180} INFO - Setting next_dagrun for sparking_flow to 2024-11-04 00:00:00+00:00, run_after=2024-11-05 00:00:00+00:00
[2024-11-04T20:49:32.505+0000] {processor.py:208} INFO - Processing /opt/airflow/dags/spark_airflow.py took 0.084 seconds
[2024-11-04T20:50:02.614+0000] {processor.py:186} INFO - Started process (PID=77471) to work on /opt/airflow/dags/spark_airflow.py
[2024-11-04T20:50:02.615+0000] {processor.py:914} INFO - Processing file /opt/airflow/dags/spark_airflow.py for tasks to queue
[2024-11-04T20:50:02.616+0000] {logging_mixin.py:190} INFO - [2024-11-04T20:50:02.616+0000] {dagbag.py:588} INFO - Filling up the DagBag from /opt/airflow/dags/spark_airflow.py
[2024-11-04T20:50:02.632+0000] {processor.py:925} INFO - DAG(s) 'sparking_flow' retrieved from /opt/airflow/dags/spark_airflow.py
[2024-11-04T20:50:02.655+0000] {logging_mixin.py:190} INFO - [2024-11-04T20:50:02.655+0000] {dag.py:3239} INFO - Sync 1 DAGs
[2024-11-04T20:50:02.675+0000] {logging_mixin.py:190} INFO - [2024-11-04T20:50:02.675+0000] {dag.py:4180} INFO - Setting next_dagrun for sparking_flow to 2024-11-04 00:00:00+00:00, run_after=2024-11-05 00:00:00+00:00
[2024-11-04T20:50:02.690+0000] {processor.py:208} INFO - Processing /opt/airflow/dags/spark_airflow.py took 0.081 seconds
[2024-11-04T20:50:32.840+0000] {processor.py:186} INFO - Started process (PID=77476) to work on /opt/airflow/dags/spark_airflow.py
[2024-11-04T20:50:32.841+0000] {processor.py:914} INFO - Processing file /opt/airflow/dags/spark_airflow.py for tasks to queue
[2024-11-04T20:50:32.842+0000] {logging_mixin.py:190} INFO - [2024-11-04T20:50:32.842+0000] {dagbag.py:588} INFO - Filling up the DagBag from /opt/airflow/dags/spark_airflow.py
[2024-11-04T20:50:32.861+0000] {processor.py:925} INFO - DAG(s) 'sparking_flow' retrieved from /opt/airflow/dags/spark_airflow.py
[2024-11-04T20:50:32.885+0000] {logging_mixin.py:190} INFO - [2024-11-04T20:50:32.885+0000] {dag.py:3239} INFO - Sync 1 DAGs
[2024-11-04T20:50:32.906+0000] {logging_mixin.py:190} INFO - [2024-11-04T20:50:32.906+0000] {dag.py:4180} INFO - Setting next_dagrun for sparking_flow to 2024-11-04 00:00:00+00:00, run_after=2024-11-05 00:00:00+00:00
[2024-11-04T20:50:32.922+0000] {processor.py:208} INFO - Processing /opt/airflow/dags/spark_airflow.py took 0.088 seconds
[2024-11-04T20:51:03.042+0000] {processor.py:186} INFO - Started process (PID=77481) to work on /opt/airflow/dags/spark_airflow.py
[2024-11-04T20:51:03.042+0000] {processor.py:914} INFO - Processing file /opt/airflow/dags/spark_airflow.py for tasks to queue
[2024-11-04T20:51:03.043+0000] {logging_mixin.py:190} INFO - [2024-11-04T20:51:03.043+0000] {dagbag.py:588} INFO - Filling up the DagBag from /opt/airflow/dags/spark_airflow.py
[2024-11-04T20:51:03.060+0000] {processor.py:925} INFO - DAG(s) 'sparking_flow' retrieved from /opt/airflow/dags/spark_airflow.py
[2024-11-04T20:51:03.082+0000] {logging_mixin.py:190} INFO - [2024-11-04T20:51:03.082+0000] {dag.py:3239} INFO - Sync 1 DAGs
[2024-11-04T20:51:03.101+0000] {logging_mixin.py:190} INFO - [2024-11-04T20:51:03.101+0000] {dag.py:4180} INFO - Setting next_dagrun for sparking_flow to 2024-11-04 00:00:00+00:00, run_after=2024-11-05 00:00:00+00:00
[2024-11-04T20:51:03.117+0000] {processor.py:208} INFO - Processing /opt/airflow/dags/spark_airflow.py took 0.080 seconds
[2024-11-04T20:51:33.250+0000] {processor.py:186} INFO - Started process (PID=77486) to work on /opt/airflow/dags/spark_airflow.py
[2024-11-04T20:51:33.250+0000] {processor.py:914} INFO - Processing file /opt/airflow/dags/spark_airflow.py for tasks to queue
[2024-11-04T20:51:33.251+0000] {logging_mixin.py:190} INFO - [2024-11-04T20:51:33.251+0000] {dagbag.py:588} INFO - Filling up the DagBag from /opt/airflow/dags/spark_airflow.py
[2024-11-04T20:51:33.269+0000] {processor.py:925} INFO - DAG(s) 'sparking_flow' retrieved from /opt/airflow/dags/spark_airflow.py
[2024-11-04T20:51:33.293+0000] {logging_mixin.py:190} INFO - [2024-11-04T20:51:33.293+0000] {dag.py:3239} INFO - Sync 1 DAGs
[2024-11-04T20:51:33.313+0000] {logging_mixin.py:190} INFO - [2024-11-04T20:51:33.313+0000] {dag.py:4180} INFO - Setting next_dagrun for sparking_flow to 2024-11-04 00:00:00+00:00, run_after=2024-11-05 00:00:00+00:00
[2024-11-04T20:51:33.330+0000] {processor.py:208} INFO - Processing /opt/airflow/dags/spark_airflow.py took 0.084 seconds
[2024-11-04T20:52:03.449+0000] {processor.py:186} INFO - Started process (PID=77491) to work on /opt/airflow/dags/spark_airflow.py
[2024-11-04T20:52:03.450+0000] {processor.py:914} INFO - Processing file /opt/airflow/dags/spark_airflow.py for tasks to queue
[2024-11-04T20:52:03.451+0000] {logging_mixin.py:190} INFO - [2024-11-04T20:52:03.451+0000] {dagbag.py:588} INFO - Filling up the DagBag from /opt/airflow/dags/spark_airflow.py
[2024-11-04T20:52:03.468+0000] {processor.py:925} INFO - DAG(s) 'sparking_flow' retrieved from /opt/airflow/dags/spark_airflow.py
[2024-11-04T20:52:03.490+0000] {logging_mixin.py:190} INFO - [2024-11-04T20:52:03.490+0000] {dag.py:3239} INFO - Sync 1 DAGs
[2024-11-04T20:52:03.511+0000] {logging_mixin.py:190} INFO - [2024-11-04T20:52:03.511+0000] {dag.py:4180} INFO - Setting next_dagrun for sparking_flow to 2024-11-04 00:00:00+00:00, run_after=2024-11-05 00:00:00+00:00
[2024-11-04T20:52:03.525+0000] {processor.py:208} INFO - Processing /opt/airflow/dags/spark_airflow.py took 0.080 seconds
[2024-11-04T20:52:33.665+0000] {processor.py:186} INFO - Started process (PID=77496) to work on /opt/airflow/dags/spark_airflow.py
[2024-11-04T20:52:33.666+0000] {processor.py:914} INFO - Processing file /opt/airflow/dags/spark_airflow.py for tasks to queue
[2024-11-04T20:52:33.667+0000] {logging_mixin.py:190} INFO - [2024-11-04T20:52:33.667+0000] {dagbag.py:588} INFO - Filling up the DagBag from /opt/airflow/dags/spark_airflow.py
[2024-11-04T20:52:33.684+0000] {processor.py:925} INFO - DAG(s) 'sparking_flow' retrieved from /opt/airflow/dags/spark_airflow.py
[2024-11-04T20:52:33.706+0000] {logging_mixin.py:190} INFO - [2024-11-04T20:52:33.706+0000] {dag.py:3239} INFO - Sync 1 DAGs
[2024-11-04T20:52:33.726+0000] {logging_mixin.py:190} INFO - [2024-11-04T20:52:33.725+0000] {dag.py:4180} INFO - Setting next_dagrun for sparking_flow to 2024-11-04 00:00:00+00:00, run_after=2024-11-05 00:00:00+00:00
[2024-11-04T20:52:33.741+0000] {processor.py:208} INFO - Processing /opt/airflow/dags/spark_airflow.py took 0.080 seconds
[2024-11-04T20:53:03.857+0000] {processor.py:186} INFO - Started process (PID=77501) to work on /opt/airflow/dags/spark_airflow.py
[2024-11-04T20:53:03.858+0000] {processor.py:914} INFO - Processing file /opt/airflow/dags/spark_airflow.py for tasks to queue
[2024-11-04T20:53:03.859+0000] {logging_mixin.py:190} INFO - [2024-11-04T20:53:03.859+0000] {dagbag.py:588} INFO - Filling up the DagBag from /opt/airflow/dags/spark_airflow.py
[2024-11-04T20:53:03.876+0000] {processor.py:925} INFO - DAG(s) 'sparking_flow' retrieved from /opt/airflow/dags/spark_airflow.py
[2024-11-04T20:53:03.899+0000] {logging_mixin.py:190} INFO - [2024-11-04T20:53:03.898+0000] {dag.py:3239} INFO - Sync 1 DAGs
[2024-11-04T20:53:03.918+0000] {logging_mixin.py:190} INFO - [2024-11-04T20:53:03.918+0000] {dag.py:4180} INFO - Setting next_dagrun for sparking_flow to 2024-11-04 00:00:00+00:00, run_after=2024-11-05 00:00:00+00:00
[2024-11-04T20:53:03.934+0000] {processor.py:208} INFO - Processing /opt/airflow/dags/spark_airflow.py took 0.081 seconds
[2024-11-04T20:53:34.069+0000] {processor.py:186} INFO - Started process (PID=77506) to work on /opt/airflow/dags/spark_airflow.py
[2024-11-04T20:53:34.070+0000] {processor.py:914} INFO - Processing file /opt/airflow/dags/spark_airflow.py for tasks to queue
[2024-11-04T20:53:34.071+0000] {logging_mixin.py:190} INFO - [2024-11-04T20:53:34.071+0000] {dagbag.py:588} INFO - Filling up the DagBag from /opt/airflow/dags/spark_airflow.py
[2024-11-04T20:53:34.088+0000] {processor.py:925} INFO - DAG(s) 'sparking_flow' retrieved from /opt/airflow/dags/spark_airflow.py
[2024-11-04T20:53:34.110+0000] {logging_mixin.py:190} INFO - [2024-11-04T20:53:34.109+0000] {dag.py:3239} INFO - Sync 1 DAGs
[2024-11-04T20:53:34.129+0000] {logging_mixin.py:190} INFO - [2024-11-04T20:53:34.129+0000] {dag.py:4180} INFO - Setting next_dagrun for sparking_flow to 2024-11-04 00:00:00+00:00, run_after=2024-11-05 00:00:00+00:00
[2024-11-04T20:53:34.143+0000] {processor.py:208} INFO - Processing /opt/airflow/dags/spark_airflow.py took 0.079 seconds
[2024-11-04T20:54:04.260+0000] {processor.py:186} INFO - Started process (PID=77511) to work on /opt/airflow/dags/spark_airflow.py
[2024-11-04T20:54:04.261+0000] {processor.py:914} INFO - Processing file /opt/airflow/dags/spark_airflow.py for tasks to queue
[2024-11-04T20:54:04.262+0000] {logging_mixin.py:190} INFO - [2024-11-04T20:54:04.261+0000] {dagbag.py:588} INFO - Filling up the DagBag from /opt/airflow/dags/spark_airflow.py
[2024-11-04T20:54:04.279+0000] {processor.py:925} INFO - DAG(s) 'sparking_flow' retrieved from /opt/airflow/dags/spark_airflow.py
[2024-11-04T20:54:04.302+0000] {logging_mixin.py:190} INFO - [2024-11-04T20:54:04.302+0000] {dag.py:3239} INFO - Sync 1 DAGs
[2024-11-04T20:54:04.322+0000] {logging_mixin.py:190} INFO - [2024-11-04T20:54:04.322+0000] {dag.py:4180} INFO - Setting next_dagrun for sparking_flow to 2024-11-04 00:00:00+00:00, run_after=2024-11-05 00:00:00+00:00
[2024-11-04T20:54:04.338+0000] {processor.py:208} INFO - Processing /opt/airflow/dags/spark_airflow.py took 0.083 seconds
[2024-11-04T20:54:34.466+0000] {processor.py:186} INFO - Started process (PID=77516) to work on /opt/airflow/dags/spark_airflow.py
[2024-11-04T20:54:34.466+0000] {processor.py:914} INFO - Processing file /opt/airflow/dags/spark_airflow.py for tasks to queue
[2024-11-04T20:54:34.467+0000] {logging_mixin.py:190} INFO - [2024-11-04T20:54:34.467+0000] {dagbag.py:588} INFO - Filling up the DagBag from /opt/airflow/dags/spark_airflow.py
[2024-11-04T20:54:34.484+0000] {processor.py:925} INFO - DAG(s) 'sparking_flow' retrieved from /opt/airflow/dags/spark_airflow.py
[2024-11-04T20:54:34.508+0000] {logging_mixin.py:190} INFO - [2024-11-04T20:54:34.507+0000] {dag.py:3239} INFO - Sync 1 DAGs
[2024-11-04T20:54:34.529+0000] {logging_mixin.py:190} INFO - [2024-11-04T20:54:34.529+0000] {dag.py:4180} INFO - Setting next_dagrun for sparking_flow to 2024-11-04 00:00:00+00:00, run_after=2024-11-05 00:00:00+00:00
[2024-11-04T20:54:34.546+0000] {processor.py:208} INFO - Processing /opt/airflow/dags/spark_airflow.py took 0.085 seconds
[2024-11-04T20:55:04.664+0000] {processor.py:186} INFO - Started process (PID=77521) to work on /opt/airflow/dags/spark_airflow.py
[2024-11-04T20:55:04.665+0000] {processor.py:914} INFO - Processing file /opt/airflow/dags/spark_airflow.py for tasks to queue
[2024-11-04T20:55:04.666+0000] {logging_mixin.py:190} INFO - [2024-11-04T20:55:04.665+0000] {dagbag.py:588} INFO - Filling up the DagBag from /opt/airflow/dags/spark_airflow.py
[2024-11-04T20:55:04.683+0000] {processor.py:925} INFO - DAG(s) 'sparking_flow' retrieved from /opt/airflow/dags/spark_airflow.py
[2024-11-04T20:55:04.706+0000] {logging_mixin.py:190} INFO - [2024-11-04T20:55:04.706+0000] {dag.py:3239} INFO - Sync 1 DAGs
[2024-11-04T20:55:04.726+0000] {logging_mixin.py:190} INFO - [2024-11-04T20:55:04.726+0000] {dag.py:4180} INFO - Setting next_dagrun for sparking_flow to 2024-11-04 00:00:00+00:00, run_after=2024-11-05 00:00:00+00:00
[2024-11-04T20:55:04.741+0000] {processor.py:208} INFO - Processing /opt/airflow/dags/spark_airflow.py took 0.081 seconds
[2024-11-04T20:55:34.901+0000] {processor.py:186} INFO - Started process (PID=77526) to work on /opt/airflow/dags/spark_airflow.py
[2024-11-04T20:55:34.902+0000] {processor.py:914} INFO - Processing file /opt/airflow/dags/spark_airflow.py for tasks to queue
[2024-11-04T20:55:34.903+0000] {logging_mixin.py:190} INFO - [2024-11-04T20:55:34.903+0000] {dagbag.py:588} INFO - Filling up the DagBag from /opt/airflow/dags/spark_airflow.py
[2024-11-04T20:55:34.918+0000] {processor.py:925} INFO - DAG(s) 'sparking_flow' retrieved from /opt/airflow/dags/spark_airflow.py
[2024-11-04T20:55:34.942+0000] {logging_mixin.py:190} INFO - [2024-11-04T20:55:34.942+0000] {dag.py:3239} INFO - Sync 1 DAGs
[2024-11-04T20:55:34.964+0000] {logging_mixin.py:190} INFO - [2024-11-04T20:55:34.964+0000] {dag.py:4180} INFO - Setting next_dagrun for sparking_flow to 2024-11-04 00:00:00+00:00, run_after=2024-11-05 00:00:00+00:00
[2024-11-04T20:55:34.979+0000] {processor.py:208} INFO - Processing /opt/airflow/dags/spark_airflow.py took 0.082 seconds
[2024-11-04T20:56:05.080+0000] {processor.py:186} INFO - Started process (PID=77531) to work on /opt/airflow/dags/spark_airflow.py
[2024-11-04T20:56:05.081+0000] {processor.py:914} INFO - Processing file /opt/airflow/dags/spark_airflow.py for tasks to queue
[2024-11-04T20:56:05.082+0000] {logging_mixin.py:190} INFO - [2024-11-04T20:56:05.082+0000] {dagbag.py:588} INFO - Filling up the DagBag from /opt/airflow/dags/spark_airflow.py
[2024-11-04T20:56:05.100+0000] {processor.py:925} INFO - DAG(s) 'sparking_flow' retrieved from /opt/airflow/dags/spark_airflow.py
[2024-11-04T20:56:05.123+0000] {logging_mixin.py:190} INFO - [2024-11-04T20:56:05.123+0000] {dag.py:3239} INFO - Sync 1 DAGs
[2024-11-04T20:56:05.143+0000] {logging_mixin.py:190} INFO - [2024-11-04T20:56:05.142+0000] {dag.py:4180} INFO - Setting next_dagrun for sparking_flow to 2024-11-04 00:00:00+00:00, run_after=2024-11-05 00:00:00+00:00
[2024-11-04T20:56:05.157+0000] {processor.py:208} INFO - Processing /opt/airflow/dags/spark_airflow.py took 0.081 seconds
[2024-11-04T20:56:35.304+0000] {processor.py:186} INFO - Started process (PID=77536) to work on /opt/airflow/dags/spark_airflow.py
[2024-11-04T20:56:35.305+0000] {processor.py:914} INFO - Processing file /opt/airflow/dags/spark_airflow.py for tasks to queue
[2024-11-04T20:56:35.306+0000] {logging_mixin.py:190} INFO - [2024-11-04T20:56:35.305+0000] {dagbag.py:588} INFO - Filling up the DagBag from /opt/airflow/dags/spark_airflow.py
[2024-11-04T20:56:35.322+0000] {processor.py:925} INFO - DAG(s) 'sparking_flow' retrieved from /opt/airflow/dags/spark_airflow.py
[2024-11-04T20:56:35.346+0000] {logging_mixin.py:190} INFO - [2024-11-04T20:56:35.346+0000] {dag.py:3239} INFO - Sync 1 DAGs
[2024-11-04T20:56:35.368+0000] {logging_mixin.py:190} INFO - [2024-11-04T20:56:35.367+0000] {dag.py:4180} INFO - Setting next_dagrun for sparking_flow to 2024-11-04 00:00:00+00:00, run_after=2024-11-05 00:00:00+00:00
[2024-11-04T20:56:35.383+0000] {processor.py:208} INFO - Processing /opt/airflow/dags/spark_airflow.py took 0.083 seconds
[2024-11-04T20:57:05.482+0000] {processor.py:186} INFO - Started process (PID=77541) to work on /opt/airflow/dags/spark_airflow.py
[2024-11-04T20:57:05.483+0000] {processor.py:914} INFO - Processing file /opt/airflow/dags/spark_airflow.py for tasks to queue
[2024-11-04T20:57:05.484+0000] {logging_mixin.py:190} INFO - [2024-11-04T20:57:05.484+0000] {dagbag.py:588} INFO - Filling up the DagBag from /opt/airflow/dags/spark_airflow.py
[2024-11-04T20:57:05.501+0000] {processor.py:925} INFO - DAG(s) 'sparking_flow' retrieved from /opt/airflow/dags/spark_airflow.py
[2024-11-04T20:57:05.523+0000] {logging_mixin.py:190} INFO - [2024-11-04T20:57:05.523+0000] {dag.py:3239} INFO - Sync 1 DAGs
[2024-11-04T20:57:05.543+0000] {logging_mixin.py:190} INFO - [2024-11-04T20:57:05.542+0000] {dag.py:4180} INFO - Setting next_dagrun for sparking_flow to 2024-11-04 00:00:00+00:00, run_after=2024-11-05 00:00:00+00:00
[2024-11-04T20:57:05.559+0000] {processor.py:208} INFO - Processing /opt/airflow/dags/spark_airflow.py took 0.082 seconds
[2024-11-04T20:57:35.709+0000] {processor.py:186} INFO - Started process (PID=77546) to work on /opt/airflow/dags/spark_airflow.py
[2024-11-04T20:57:35.710+0000] {processor.py:914} INFO - Processing file /opt/airflow/dags/spark_airflow.py for tasks to queue
[2024-11-04T20:57:35.711+0000] {logging_mixin.py:190} INFO - [2024-11-04T20:57:35.710+0000] {dagbag.py:588} INFO - Filling up the DagBag from /opt/airflow/dags/spark_airflow.py
[2024-11-04T20:57:35.727+0000] {processor.py:925} INFO - DAG(s) 'sparking_flow' retrieved from /opt/airflow/dags/spark_airflow.py
[2024-11-04T20:57:35.749+0000] {logging_mixin.py:190} INFO - [2024-11-04T20:57:35.749+0000] {dag.py:3239} INFO - Sync 1 DAGs
[2024-11-04T20:57:35.769+0000] {logging_mixin.py:190} INFO - [2024-11-04T20:57:35.769+0000] {dag.py:4180} INFO - Setting next_dagrun for sparking_flow to 2024-11-04 00:00:00+00:00, run_after=2024-11-05 00:00:00+00:00
[2024-11-04T20:57:35.785+0000] {processor.py:208} INFO - Processing /opt/airflow/dags/spark_airflow.py took 0.080 seconds
[2024-11-04T20:58:05.887+0000] {processor.py:186} INFO - Started process (PID=77551) to work on /opt/airflow/dags/spark_airflow.py
[2024-11-04T20:58:05.888+0000] {processor.py:914} INFO - Processing file /opt/airflow/dags/spark_airflow.py for tasks to queue
[2024-11-04T20:58:05.889+0000] {logging_mixin.py:190} INFO - [2024-11-04T20:58:05.889+0000] {dagbag.py:588} INFO - Filling up the DagBag from /opt/airflow/dags/spark_airflow.py
[2024-11-04T20:58:05.906+0000] {processor.py:925} INFO - DAG(s) 'sparking_flow' retrieved from /opt/airflow/dags/spark_airflow.py
[2024-11-04T20:58:05.930+0000] {logging_mixin.py:190} INFO - [2024-11-04T20:58:05.930+0000] {dag.py:3239} INFO - Sync 1 DAGs
[2024-11-04T20:58:05.950+0000] {logging_mixin.py:190} INFO - [2024-11-04T20:58:05.950+0000] {dag.py:4180} INFO - Setting next_dagrun for sparking_flow to 2024-11-04 00:00:00+00:00, run_after=2024-11-05 00:00:00+00:00
[2024-11-04T20:58:05.966+0000] {processor.py:208} INFO - Processing /opt/airflow/dags/spark_airflow.py took 0.083 seconds
[2024-11-04T20:58:36.115+0000] {processor.py:186} INFO - Started process (PID=77556) to work on /opt/airflow/dags/spark_airflow.py
[2024-11-04T20:58:36.115+0000] {processor.py:914} INFO - Processing file /opt/airflow/dags/spark_airflow.py for tasks to queue
[2024-11-04T20:58:36.116+0000] {logging_mixin.py:190} INFO - [2024-11-04T20:58:36.116+0000] {dagbag.py:588} INFO - Filling up the DagBag from /opt/airflow/dags/spark_airflow.py
[2024-11-04T20:58:36.131+0000] {processor.py:925} INFO - DAG(s) 'sparking_flow' retrieved from /opt/airflow/dags/spark_airflow.py
[2024-11-04T20:58:36.155+0000] {logging_mixin.py:190} INFO - [2024-11-04T20:58:36.154+0000] {dag.py:3239} INFO - Sync 1 DAGs
[2024-11-04T20:58:36.175+0000] {logging_mixin.py:190} INFO - [2024-11-04T20:58:36.175+0000] {dag.py:4180} INFO - Setting next_dagrun for sparking_flow to 2024-11-04 00:00:00+00:00, run_after=2024-11-05 00:00:00+00:00
[2024-11-04T20:58:36.190+0000] {processor.py:208} INFO - Processing /opt/airflow/dags/spark_airflow.py took 0.079 seconds
[2024-11-04T20:59:06.294+0000] {processor.py:186} INFO - Started process (PID=77561) to work on /opt/airflow/dags/spark_airflow.py
[2024-11-04T20:59:06.295+0000] {processor.py:914} INFO - Processing file /opt/airflow/dags/spark_airflow.py for tasks to queue
[2024-11-04T20:59:06.296+0000] {logging_mixin.py:190} INFO - [2024-11-04T20:59:06.295+0000] {dagbag.py:588} INFO - Filling up the DagBag from /opt/airflow/dags/spark_airflow.py
[2024-11-04T20:59:06.312+0000] {processor.py:925} INFO - DAG(s) 'sparking_flow' retrieved from /opt/airflow/dags/spark_airflow.py
[2024-11-04T20:59:06.334+0000] {logging_mixin.py:190} INFO - [2024-11-04T20:59:06.334+0000] {dag.py:3239} INFO - Sync 1 DAGs
[2024-11-04T20:59:06.354+0000] {logging_mixin.py:190} INFO - [2024-11-04T20:59:06.354+0000] {dag.py:4180} INFO - Setting next_dagrun for sparking_flow to 2024-11-04 00:00:00+00:00, run_after=2024-11-05 00:00:00+00:00
[2024-11-04T20:59:06.369+0000] {processor.py:208} INFO - Processing /opt/airflow/dags/spark_airflow.py took 0.080 seconds
[2024-11-04T20:59:36.518+0000] {processor.py:186} INFO - Started process (PID=77566) to work on /opt/airflow/dags/spark_airflow.py
[2024-11-04T20:59:36.519+0000] {processor.py:914} INFO - Processing file /opt/airflow/dags/spark_airflow.py for tasks to queue
[2024-11-04T20:59:36.520+0000] {logging_mixin.py:190} INFO - [2024-11-04T20:59:36.520+0000] {dagbag.py:588} INFO - Filling up the DagBag from /opt/airflow/dags/spark_airflow.py
[2024-11-04T20:59:36.537+0000] {processor.py:925} INFO - DAG(s) 'sparking_flow' retrieved from /opt/airflow/dags/spark_airflow.py
[2024-11-04T20:59:36.559+0000] {logging_mixin.py:190} INFO - [2024-11-04T20:59:36.559+0000] {dag.py:3239} INFO - Sync 1 DAGs
[2024-11-04T20:59:36.580+0000] {logging_mixin.py:190} INFO - [2024-11-04T20:59:36.580+0000] {dag.py:4180} INFO - Setting next_dagrun for sparking_flow to 2024-11-04 00:00:00+00:00, run_after=2024-11-05 00:00:00+00:00
[2024-11-04T20:59:36.596+0000] {processor.py:208} INFO - Processing /opt/airflow/dags/spark_airflow.py took 0.082 seconds
[2024-11-04T21:00:06.698+0000] {processor.py:186} INFO - Started process (PID=77571) to work on /opt/airflow/dags/spark_airflow.py
[2024-11-04T21:00:06.699+0000] {processor.py:914} INFO - Processing file /opt/airflow/dags/spark_airflow.py for tasks to queue
[2024-11-04T21:00:06.699+0000] {logging_mixin.py:190} INFO - [2024-11-04T21:00:06.699+0000] {dagbag.py:588} INFO - Filling up the DagBag from /opt/airflow/dags/spark_airflow.py
[2024-11-04T21:00:06.715+0000] {processor.py:925} INFO - DAG(s) 'sparking_flow' retrieved from /opt/airflow/dags/spark_airflow.py
[2024-11-04T21:00:06.739+0000] {logging_mixin.py:190} INFO - [2024-11-04T21:00:06.739+0000] {dag.py:3239} INFO - Sync 1 DAGs
[2024-11-04T21:00:06.759+0000] {logging_mixin.py:190} INFO - [2024-11-04T21:00:06.759+0000] {dag.py:4180} INFO - Setting next_dagrun for sparking_flow to 2024-11-04 00:00:00+00:00, run_after=2024-11-05 00:00:00+00:00
[2024-11-04T21:00:06.776+0000] {processor.py:208} INFO - Processing /opt/airflow/dags/spark_airflow.py took 0.083 seconds
[2024-11-04T21:00:36.952+0000] {processor.py:186} INFO - Started process (PID=77576) to work on /opt/airflow/dags/spark_airflow.py
[2024-11-04T21:00:36.953+0000] {processor.py:914} INFO - Processing file /opt/airflow/dags/spark_airflow.py for tasks to queue
[2024-11-04T21:00:36.955+0000] {logging_mixin.py:190} INFO - [2024-11-04T21:00:36.954+0000] {dagbag.py:588} INFO - Filling up the DagBag from /opt/airflow/dags/spark_airflow.py
[2024-11-04T21:00:36.971+0000] {processor.py:925} INFO - DAG(s) 'sparking_flow' retrieved from /opt/airflow/dags/spark_airflow.py
[2024-11-04T21:00:36.996+0000] {logging_mixin.py:190} INFO - [2024-11-04T21:00:36.995+0000] {dag.py:3239} INFO - Sync 1 DAGs
[2024-11-04T21:00:37.017+0000] {logging_mixin.py:190} INFO - [2024-11-04T21:00:37.017+0000] {dag.py:4180} INFO - Setting next_dagrun for sparking_flow to 2024-11-04 00:00:00+00:00, run_after=2024-11-05 00:00:00+00:00
[2024-11-04T21:00:37.034+0000] {processor.py:208} INFO - Processing /opt/airflow/dags/spark_airflow.py took 0.086 seconds
[2024-11-04T21:01:07.117+0000] {processor.py:186} INFO - Started process (PID=77581) to work on /opt/airflow/dags/spark_airflow.py
[2024-11-04T21:01:07.118+0000] {processor.py:914} INFO - Processing file /opt/airflow/dags/spark_airflow.py for tasks to queue
[2024-11-04T21:01:07.119+0000] {logging_mixin.py:190} INFO - [2024-11-04T21:01:07.119+0000] {dagbag.py:588} INFO - Filling up the DagBag from /opt/airflow/dags/spark_airflow.py
[2024-11-04T21:01:07.136+0000] {processor.py:925} INFO - DAG(s) 'sparking_flow' retrieved from /opt/airflow/dags/spark_airflow.py
[2024-11-04T21:01:07.159+0000] {logging_mixin.py:190} INFO - [2024-11-04T21:01:07.159+0000] {dag.py:3239} INFO - Sync 1 DAGs
[2024-11-04T21:01:07.178+0000] {logging_mixin.py:190} INFO - [2024-11-04T21:01:07.178+0000] {dag.py:4180} INFO - Setting next_dagrun for sparking_flow to 2024-11-04 00:00:00+00:00, run_after=2024-11-05 00:00:00+00:00
[2024-11-04T21:01:07.194+0000] {processor.py:208} INFO - Processing /opt/airflow/dags/spark_airflow.py took 0.081 seconds
[2024-11-04T21:01:37.335+0000] {processor.py:186} INFO - Started process (PID=77586) to work on /opt/airflow/dags/spark_airflow.py
[2024-11-04T21:01:37.336+0000] {processor.py:914} INFO - Processing file /opt/airflow/dags/spark_airflow.py for tasks to queue
[2024-11-04T21:01:37.336+0000] {logging_mixin.py:190} INFO - [2024-11-04T21:01:37.336+0000] {dagbag.py:588} INFO - Filling up the DagBag from /opt/airflow/dags/spark_airflow.py
[2024-11-04T21:01:37.353+0000] {processor.py:925} INFO - DAG(s) 'sparking_flow' retrieved from /opt/airflow/dags/spark_airflow.py
[2024-11-04T21:01:37.377+0000] {logging_mixin.py:190} INFO - [2024-11-04T21:01:37.376+0000] {dag.py:3239} INFO - Sync 1 DAGs
[2024-11-04T21:01:37.398+0000] {logging_mixin.py:190} INFO - [2024-11-04T21:01:37.398+0000] {dag.py:4180} INFO - Setting next_dagrun for sparking_flow to 2024-11-04 00:00:00+00:00, run_after=2024-11-05 00:00:00+00:00
[2024-11-04T21:01:37.414+0000] {processor.py:208} INFO - Processing /opt/airflow/dags/spark_airflow.py took 0.084 seconds
[2024-11-04T21:02:07.497+0000] {processor.py:186} INFO - Started process (PID=77591) to work on /opt/airflow/dags/spark_airflow.py
[2024-11-04T21:02:07.498+0000] {processor.py:914} INFO - Processing file /opt/airflow/dags/spark_airflow.py for tasks to queue
[2024-11-04T21:02:07.499+0000] {logging_mixin.py:190} INFO - [2024-11-04T21:02:07.499+0000] {dagbag.py:588} INFO - Filling up the DagBag from /opt/airflow/dags/spark_airflow.py
[2024-11-04T21:02:07.515+0000] {processor.py:925} INFO - DAG(s) 'sparking_flow' retrieved from /opt/airflow/dags/spark_airflow.py
[2024-11-04T21:02:07.540+0000] {logging_mixin.py:190} INFO - [2024-11-04T21:02:07.540+0000] {dag.py:3239} INFO - Sync 1 DAGs
[2024-11-04T21:02:07.562+0000] {logging_mixin.py:190} INFO - [2024-11-04T21:02:07.561+0000] {dag.py:4180} INFO - Setting next_dagrun for sparking_flow to 2024-11-04 00:00:00+00:00, run_after=2024-11-05 00:00:00+00:00
[2024-11-04T21:02:07.577+0000] {processor.py:208} INFO - Processing /opt/airflow/dags/spark_airflow.py took 0.084 seconds
[2024-11-04T21:02:37.718+0000] {processor.py:186} INFO - Started process (PID=77596) to work on /opt/airflow/dags/spark_airflow.py
[2024-11-04T21:02:37.719+0000] {processor.py:914} INFO - Processing file /opt/airflow/dags/spark_airflow.py for tasks to queue
[2024-11-04T21:02:37.720+0000] {logging_mixin.py:190} INFO - [2024-11-04T21:02:37.719+0000] {dagbag.py:588} INFO - Filling up the DagBag from /opt/airflow/dags/spark_airflow.py
[2024-11-04T21:02:37.736+0000] {processor.py:925} INFO - DAG(s) 'sparking_flow' retrieved from /opt/airflow/dags/spark_airflow.py
[2024-11-04T21:02:37.758+0000] {logging_mixin.py:190} INFO - [2024-11-04T21:02:37.758+0000] {dag.py:3239} INFO - Sync 1 DAGs
[2024-11-04T21:02:37.777+0000] {logging_mixin.py:190} INFO - [2024-11-04T21:02:37.777+0000] {dag.py:4180} INFO - Setting next_dagrun for sparking_flow to 2024-11-04 00:00:00+00:00, run_after=2024-11-05 00:00:00+00:00
[2024-11-04T21:02:37.794+0000] {processor.py:208} INFO - Processing /opt/airflow/dags/spark_airflow.py took 0.080 seconds
[2024-11-04T21:03:07.883+0000] {processor.py:186} INFO - Started process (PID=77601) to work on /opt/airflow/dags/spark_airflow.py
[2024-11-04T21:03:07.884+0000] {processor.py:914} INFO - Processing file /opt/airflow/dags/spark_airflow.py for tasks to queue
[2024-11-04T21:03:07.885+0000] {logging_mixin.py:190} INFO - [2024-11-04T21:03:07.885+0000] {dagbag.py:588} INFO - Filling up the DagBag from /opt/airflow/dags/spark_airflow.py
[2024-11-04T21:03:07.904+0000] {processor.py:925} INFO - DAG(s) 'sparking_flow' retrieved from /opt/airflow/dags/spark_airflow.py
[2024-11-04T21:03:07.929+0000] {logging_mixin.py:190} INFO - [2024-11-04T21:03:07.929+0000] {dag.py:3239} INFO - Sync 1 DAGs
[2024-11-04T21:03:07.951+0000] {logging_mixin.py:190} INFO - [2024-11-04T21:03:07.951+0000] {dag.py:4180} INFO - Setting next_dagrun for sparking_flow to 2024-11-04 00:00:00+00:00, run_after=2024-11-05 00:00:00+00:00
[2024-11-04T21:03:07.967+0000] {processor.py:208} INFO - Processing /opt/airflow/dags/spark_airflow.py took 0.089 seconds
[2024-11-04T21:03:38.111+0000] {processor.py:186} INFO - Started process (PID=77606) to work on /opt/airflow/dags/spark_airflow.py
[2024-11-04T21:03:38.111+0000] {processor.py:914} INFO - Processing file /opt/airflow/dags/spark_airflow.py for tasks to queue
[2024-11-04T21:03:38.112+0000] {logging_mixin.py:190} INFO - [2024-11-04T21:03:38.112+0000] {dagbag.py:588} INFO - Filling up the DagBag from /opt/airflow/dags/spark_airflow.py
[2024-11-04T21:03:38.129+0000] {processor.py:925} INFO - DAG(s) 'sparking_flow' retrieved from /opt/airflow/dags/spark_airflow.py
[2024-11-04T21:03:38.153+0000] {logging_mixin.py:190} INFO - [2024-11-04T21:03:38.153+0000] {dag.py:3239} INFO - Sync 1 DAGs
[2024-11-04T21:03:38.175+0000] {logging_mixin.py:190} INFO - [2024-11-04T21:03:38.175+0000] {dag.py:4180} INFO - Setting next_dagrun for sparking_flow to 2024-11-04 00:00:00+00:00, run_after=2024-11-05 00:00:00+00:00
[2024-11-04T21:03:38.192+0000] {processor.py:208} INFO - Processing /opt/airflow/dags/spark_airflow.py took 0.085 seconds
[2024-11-04T21:04:08.279+0000] {processor.py:186} INFO - Started process (PID=77611) to work on /opt/airflow/dags/spark_airflow.py
[2024-11-04T21:04:08.280+0000] {processor.py:914} INFO - Processing file /opt/airflow/dags/spark_airflow.py for tasks to queue
[2024-11-04T21:04:08.281+0000] {logging_mixin.py:190} INFO - [2024-11-04T21:04:08.281+0000] {dagbag.py:588} INFO - Filling up the DagBag from /opt/airflow/dags/spark_airflow.py
[2024-11-04T21:04:08.298+0000] {processor.py:925} INFO - DAG(s) 'sparking_flow' retrieved from /opt/airflow/dags/spark_airflow.py
[2024-11-04T21:04:08.322+0000] {logging_mixin.py:190} INFO - [2024-11-04T21:04:08.322+0000] {dag.py:3239} INFO - Sync 1 DAGs
[2024-11-04T21:04:08.342+0000] {logging_mixin.py:190} INFO - [2024-11-04T21:04:08.341+0000] {dag.py:4180} INFO - Setting next_dagrun for sparking_flow to 2024-11-04 00:00:00+00:00, run_after=2024-11-05 00:00:00+00:00
[2024-11-04T21:04:08.358+0000] {processor.py:208} INFO - Processing /opt/airflow/dags/spark_airflow.py took 0.083 seconds
[2024-11-04T21:04:38.499+0000] {processor.py:186} INFO - Started process (PID=77616) to work on /opt/airflow/dags/spark_airflow.py
[2024-11-04T21:04:38.500+0000] {processor.py:914} INFO - Processing file /opt/airflow/dags/spark_airflow.py for tasks to queue
[2024-11-04T21:04:38.501+0000] {logging_mixin.py:190} INFO - [2024-11-04T21:04:38.500+0000] {dagbag.py:588} INFO - Filling up the DagBag from /opt/airflow/dags/spark_airflow.py
[2024-11-04T21:04:38.518+0000] {processor.py:925} INFO - DAG(s) 'sparking_flow' retrieved from /opt/airflow/dags/spark_airflow.py
[2024-11-04T21:04:38.542+0000] {logging_mixin.py:190} INFO - [2024-11-04T21:04:38.542+0000] {dag.py:3239} INFO - Sync 1 DAGs
[2024-11-04T21:04:38.564+0000] {logging_mixin.py:190} INFO - [2024-11-04T21:04:38.563+0000] {dag.py:4180} INFO - Setting next_dagrun for sparking_flow to 2024-11-04 00:00:00+00:00, run_after=2024-11-05 00:00:00+00:00
[2024-11-04T21:04:38.580+0000] {processor.py:208} INFO - Processing /opt/airflow/dags/spark_airflow.py took 0.085 seconds
[2024-11-04T21:05:08.665+0000] {processor.py:186} INFO - Started process (PID=77621) to work on /opt/airflow/dags/spark_airflow.py
[2024-11-04T21:05:08.666+0000] {processor.py:914} INFO - Processing file /opt/airflow/dags/spark_airflow.py for tasks to queue
[2024-11-04T21:05:08.667+0000] {logging_mixin.py:190} INFO - [2024-11-04T21:05:08.667+0000] {dagbag.py:588} INFO - Filling up the DagBag from /opt/airflow/dags/spark_airflow.py
[2024-11-04T21:05:08.684+0000] {processor.py:925} INFO - DAG(s) 'sparking_flow' retrieved from /opt/airflow/dags/spark_airflow.py
[2024-11-04T21:05:08.709+0000] {logging_mixin.py:190} INFO - [2024-11-04T21:05:08.709+0000] {dag.py:3239} INFO - Sync 1 DAGs
[2024-11-04T21:05:08.730+0000] {logging_mixin.py:190} INFO - [2024-11-04T21:05:08.730+0000] {dag.py:4180} INFO - Setting next_dagrun for sparking_flow to 2024-11-04 00:00:00+00:00, run_after=2024-11-05 00:00:00+00:00
[2024-11-04T21:05:08.747+0000] {processor.py:208} INFO - Processing /opt/airflow/dags/spark_airflow.py took 0.085 seconds
[2024-11-04T21:05:38.917+0000] {processor.py:186} INFO - Started process (PID=77626) to work on /opt/airflow/dags/spark_airflow.py
[2024-11-04T21:05:38.918+0000] {processor.py:914} INFO - Processing file /opt/airflow/dags/spark_airflow.py for tasks to queue
[2024-11-04T21:05:38.919+0000] {logging_mixin.py:190} INFO - [2024-11-04T21:05:38.919+0000] {dagbag.py:588} INFO - Filling up the DagBag from /opt/airflow/dags/spark_airflow.py
[2024-11-04T21:05:38.937+0000] {processor.py:925} INFO - DAG(s) 'sparking_flow' retrieved from /opt/airflow/dags/spark_airflow.py
[2024-11-04T21:05:38.961+0000] {logging_mixin.py:190} INFO - [2024-11-04T21:05:38.960+0000] {dag.py:3239} INFO - Sync 1 DAGs
[2024-11-04T21:05:38.980+0000] {logging_mixin.py:190} INFO - [2024-11-04T21:05:38.980+0000] {dag.py:4180} INFO - Setting next_dagrun for sparking_flow to 2024-11-04 00:00:00+00:00, run_after=2024-11-05 00:00:00+00:00
[2024-11-04T21:05:38.998+0000] {processor.py:208} INFO - Processing /opt/airflow/dags/spark_airflow.py took 0.086 seconds
[2024-11-04T21:06:09.082+0000] {processor.py:186} INFO - Started process (PID=77631) to work on /opt/airflow/dags/spark_airflow.py
[2024-11-04T21:06:09.083+0000] {processor.py:914} INFO - Processing file /opt/airflow/dags/spark_airflow.py for tasks to queue
[2024-11-04T21:06:09.084+0000] {logging_mixin.py:190} INFO - [2024-11-04T21:06:09.084+0000] {dagbag.py:588} INFO - Filling up the DagBag from /opt/airflow/dags/spark_airflow.py
[2024-11-04T21:06:09.101+0000] {processor.py:925} INFO - DAG(s) 'sparking_flow' retrieved from /opt/airflow/dags/spark_airflow.py
[2024-11-04T21:06:09.126+0000] {logging_mixin.py:190} INFO - [2024-11-04T21:06:09.125+0000] {dag.py:3239} INFO - Sync 1 DAGs
[2024-11-04T21:06:09.146+0000] {logging_mixin.py:190} INFO - [2024-11-04T21:06:09.146+0000] {dag.py:4180} INFO - Setting next_dagrun for sparking_flow to 2024-11-04 00:00:00+00:00, run_after=2024-11-05 00:00:00+00:00
[2024-11-04T21:06:09.163+0000] {processor.py:208} INFO - Processing /opt/airflow/dags/spark_airflow.py took 0.085 seconds
[2024-11-04T21:06:39.306+0000] {processor.py:186} INFO - Started process (PID=77636) to work on /opt/airflow/dags/spark_airflow.py
[2024-11-04T21:06:39.306+0000] {processor.py:914} INFO - Processing file /opt/airflow/dags/spark_airflow.py for tasks to queue
[2024-11-04T21:06:39.307+0000] {logging_mixin.py:190} INFO - [2024-11-04T21:06:39.307+0000] {dagbag.py:588} INFO - Filling up the DagBag from /opt/airflow/dags/spark_airflow.py
[2024-11-04T21:06:39.325+0000] {processor.py:925} INFO - DAG(s) 'sparking_flow' retrieved from /opt/airflow/dags/spark_airflow.py
[2024-11-04T21:06:39.349+0000] {logging_mixin.py:190} INFO - [2024-11-04T21:06:39.349+0000] {dag.py:3239} INFO - Sync 1 DAGs
[2024-11-04T21:06:39.371+0000] {logging_mixin.py:190} INFO - [2024-11-04T21:06:39.370+0000] {dag.py:4180} INFO - Setting next_dagrun for sparking_flow to 2024-11-04 00:00:00+00:00, run_after=2024-11-05 00:00:00+00:00
[2024-11-04T21:06:39.387+0000] {processor.py:208} INFO - Processing /opt/airflow/dags/spark_airflow.py took 0.086 seconds
[2024-11-04T21:07:09.469+0000] {processor.py:186} INFO - Started process (PID=77641) to work on /opt/airflow/dags/spark_airflow.py
[2024-11-04T21:07:09.470+0000] {processor.py:914} INFO - Processing file /opt/airflow/dags/spark_airflow.py for tasks to queue
[2024-11-04T21:07:09.471+0000] {logging_mixin.py:190} INFO - [2024-11-04T21:07:09.470+0000] {dagbag.py:588} INFO - Filling up the DagBag from /opt/airflow/dags/spark_airflow.py
[2024-11-04T21:07:09.488+0000] {processor.py:925} INFO - DAG(s) 'sparking_flow' retrieved from /opt/airflow/dags/spark_airflow.py
[2024-11-04T21:07:09.513+0000] {logging_mixin.py:190} INFO - [2024-11-04T21:07:09.513+0000] {dag.py:3239} INFO - Sync 1 DAGs
[2024-11-04T21:07:09.534+0000] {logging_mixin.py:190} INFO - [2024-11-04T21:07:09.534+0000] {dag.py:4180} INFO - Setting next_dagrun for sparking_flow to 2024-11-04 00:00:00+00:00, run_after=2024-11-05 00:00:00+00:00
[2024-11-04T21:07:09.550+0000] {processor.py:208} INFO - Processing /opt/airflow/dags/spark_airflow.py took 0.086 seconds
[2024-11-04T21:07:39.693+0000] {processor.py:186} INFO - Started process (PID=77646) to work on /opt/airflow/dags/spark_airflow.py
[2024-11-04T21:07:39.694+0000] {processor.py:914} INFO - Processing file /opt/airflow/dags/spark_airflow.py for tasks to queue
[2024-11-04T21:07:39.695+0000] {logging_mixin.py:190} INFO - [2024-11-04T21:07:39.695+0000] {dagbag.py:588} INFO - Filling up the DagBag from /opt/airflow/dags/spark_airflow.py
[2024-11-04T21:07:39.713+0000] {processor.py:925} INFO - DAG(s) 'sparking_flow' retrieved from /opt/airflow/dags/spark_airflow.py
[2024-11-04T21:07:39.737+0000] {logging_mixin.py:190} INFO - [2024-11-04T21:07:39.737+0000] {dag.py:3239} INFO - Sync 1 DAGs
[2024-11-04T21:07:39.758+0000] {logging_mixin.py:190} INFO - [2024-11-04T21:07:39.758+0000] {dag.py:4180} INFO - Setting next_dagrun for sparking_flow to 2024-11-04 00:00:00+00:00, run_after=2024-11-05 00:00:00+00:00
[2024-11-04T21:07:39.773+0000] {processor.py:208} INFO - Processing /opt/airflow/dags/spark_airflow.py took 0.084 seconds
[2024-11-04T21:08:09.863+0000] {processor.py:186} INFO - Started process (PID=77651) to work on /opt/airflow/dags/spark_airflow.py
[2024-11-04T21:08:09.864+0000] {processor.py:914} INFO - Processing file /opt/airflow/dags/spark_airflow.py for tasks to queue
[2024-11-04T21:08:09.865+0000] {logging_mixin.py:190} INFO - [2024-11-04T21:08:09.865+0000] {dagbag.py:588} INFO - Filling up the DagBag from /opt/airflow/dags/spark_airflow.py
[2024-11-04T21:08:09.882+0000] {processor.py:925} INFO - DAG(s) 'sparking_flow' retrieved from /opt/airflow/dags/spark_airflow.py
[2024-11-04T21:08:09.907+0000] {logging_mixin.py:190} INFO - [2024-11-04T21:08:09.907+0000] {dag.py:3239} INFO - Sync 1 DAGs
[2024-11-04T21:08:09.929+0000] {logging_mixin.py:190} INFO - [2024-11-04T21:08:09.929+0000] {dag.py:4180} INFO - Setting next_dagrun for sparking_flow to 2024-11-04 00:00:00+00:00, run_after=2024-11-05 00:00:00+00:00
[2024-11-04T21:08:09.945+0000] {processor.py:208} INFO - Processing /opt/airflow/dags/spark_airflow.py took 0.086 seconds
[2024-11-04T21:08:40.081+0000] {processor.py:186} INFO - Started process (PID=77656) to work on /opt/airflow/dags/spark_airflow.py
[2024-11-04T21:08:40.082+0000] {processor.py:914} INFO - Processing file /opt/airflow/dags/spark_airflow.py for tasks to queue
[2024-11-04T21:08:40.083+0000] {logging_mixin.py:190} INFO - [2024-11-04T21:08:40.083+0000] {dagbag.py:588} INFO - Filling up the DagBag from /opt/airflow/dags/spark_airflow.py
[2024-11-04T21:08:40.100+0000] {processor.py:925} INFO - DAG(s) 'sparking_flow' retrieved from /opt/airflow/dags/spark_airflow.py
[2024-11-04T21:08:40.125+0000] {logging_mixin.py:190} INFO - [2024-11-04T21:08:40.125+0000] {dag.py:3239} INFO - Sync 1 DAGs
[2024-11-04T21:08:40.147+0000] {logging_mixin.py:190} INFO - [2024-11-04T21:08:40.147+0000] {dag.py:4180} INFO - Setting next_dagrun for sparking_flow to 2024-11-04 00:00:00+00:00, run_after=2024-11-05 00:00:00+00:00
[2024-11-04T21:08:40.163+0000] {processor.py:208} INFO - Processing /opt/airflow/dags/spark_airflow.py took 0.086 seconds
[2024-11-04T21:09:10.246+0000] {processor.py:186} INFO - Started process (PID=77661) to work on /opt/airflow/dags/spark_airflow.py
[2024-11-04T21:09:10.246+0000] {processor.py:914} INFO - Processing file /opt/airflow/dags/spark_airflow.py for tasks to queue
[2024-11-04T21:09:10.247+0000] {logging_mixin.py:190} INFO - [2024-11-04T21:09:10.247+0000] {dagbag.py:588} INFO - Filling up the DagBag from /opt/airflow/dags/spark_airflow.py
[2024-11-04T21:09:10.264+0000] {processor.py:925} INFO - DAG(s) 'sparking_flow' retrieved from /opt/airflow/dags/spark_airflow.py
[2024-11-04T21:09:10.289+0000] {logging_mixin.py:190} INFO - [2024-11-04T21:09:10.289+0000] {dag.py:3239} INFO - Sync 1 DAGs
[2024-11-04T21:09:10.310+0000] {logging_mixin.py:190} INFO - [2024-11-04T21:09:10.310+0000] {dag.py:4180} INFO - Setting next_dagrun for sparking_flow to 2024-11-04 00:00:00+00:00, run_after=2024-11-05 00:00:00+00:00
[2024-11-04T21:09:10.327+0000] {processor.py:208} INFO - Processing /opt/airflow/dags/spark_airflow.py took 0.086 seconds
[2024-11-04T21:09:40.465+0000] {processor.py:186} INFO - Started process (PID=77666) to work on /opt/airflow/dags/spark_airflow.py
[2024-11-04T21:09:40.465+0000] {processor.py:914} INFO - Processing file /opt/airflow/dags/spark_airflow.py for tasks to queue
[2024-11-04T21:09:40.466+0000] {logging_mixin.py:190} INFO - [2024-11-04T21:09:40.466+0000] {dagbag.py:588} INFO - Filling up the DagBag from /opt/airflow/dags/spark_airflow.py
[2024-11-04T21:09:40.483+0000] {processor.py:925} INFO - DAG(s) 'sparking_flow' retrieved from /opt/airflow/dags/spark_airflow.py
[2024-11-04T21:09:40.507+0000] {logging_mixin.py:190} INFO - [2024-11-04T21:09:40.507+0000] {dag.py:3239} INFO - Sync 1 DAGs
[2024-11-04T21:09:40.528+0000] {logging_mixin.py:190} INFO - [2024-11-04T21:09:40.528+0000] {dag.py:4180} INFO - Setting next_dagrun for sparking_flow to 2024-11-04 00:00:00+00:00, run_after=2024-11-05 00:00:00+00:00
[2024-11-04T21:09:40.545+0000] {processor.py:208} INFO - Processing /opt/airflow/dags/spark_airflow.py took 0.084 seconds
[2024-11-04T21:10:10.636+0000] {processor.py:186} INFO - Started process (PID=77671) to work on /opt/airflow/dags/spark_airflow.py
[2024-11-04T21:10:10.636+0000] {processor.py:914} INFO - Processing file /opt/airflow/dags/spark_airflow.py for tasks to queue
[2024-11-04T21:10:10.637+0000] {logging_mixin.py:190} INFO - [2024-11-04T21:10:10.637+0000] {dagbag.py:588} INFO - Filling up the DagBag from /opt/airflow/dags/spark_airflow.py
[2024-11-04T21:10:10.654+0000] {processor.py:925} INFO - DAG(s) 'sparking_flow' retrieved from /opt/airflow/dags/spark_airflow.py
[2024-11-04T21:10:10.678+0000] {logging_mixin.py:190} INFO - [2024-11-04T21:10:10.678+0000] {dag.py:3239} INFO - Sync 1 DAGs
[2024-11-04T21:10:10.697+0000] {logging_mixin.py:190} INFO - [2024-11-04T21:10:10.697+0000] {dag.py:4180} INFO - Setting next_dagrun for sparking_flow to 2024-11-04 00:00:00+00:00, run_after=2024-11-05 00:00:00+00:00
[2024-11-04T21:10:10.715+0000] {processor.py:208} INFO - Processing /opt/airflow/dags/spark_airflow.py took 0.084 seconds
[2024-11-04T21:10:40.897+0000] {processor.py:186} INFO - Started process (PID=77676) to work on /opt/airflow/dags/spark_airflow.py
[2024-11-04T21:10:40.897+0000] {processor.py:914} INFO - Processing file /opt/airflow/dags/spark_airflow.py for tasks to queue
[2024-11-04T21:10:40.898+0000] {logging_mixin.py:190} INFO - [2024-11-04T21:10:40.898+0000] {dagbag.py:588} INFO - Filling up the DagBag from /opt/airflow/dags/spark_airflow.py
[2024-11-04T21:10:40.915+0000] {processor.py:925} INFO - DAG(s) 'sparking_flow' retrieved from /opt/airflow/dags/spark_airflow.py
[2024-11-04T21:10:40.939+0000] {logging_mixin.py:190} INFO - [2024-11-04T21:10:40.939+0000] {dag.py:3239} INFO - Sync 1 DAGs
[2024-11-04T21:10:40.961+0000] {logging_mixin.py:190} INFO - [2024-11-04T21:10:40.961+0000] {dag.py:4180} INFO - Setting next_dagrun for sparking_flow to 2024-11-04 00:00:00+00:00, run_after=2024-11-05 00:00:00+00:00
[2024-11-04T21:10:40.978+0000] {processor.py:208} INFO - Processing /opt/airflow/dags/spark_airflow.py took 0.086 seconds
[2024-11-04T21:11:11.066+0000] {processor.py:186} INFO - Started process (PID=77681) to work on /opt/airflow/dags/spark_airflow.py
[2024-11-04T21:11:11.067+0000] {processor.py:914} INFO - Processing file /opt/airflow/dags/spark_airflow.py for tasks to queue
[2024-11-04T21:11:11.068+0000] {logging_mixin.py:190} INFO - [2024-11-04T21:11:11.068+0000] {dagbag.py:588} INFO - Filling up the DagBag from /opt/airflow/dags/spark_airflow.py
[2024-11-04T21:11:11.085+0000] {processor.py:925} INFO - DAG(s) 'sparking_flow' retrieved from /opt/airflow/dags/spark_airflow.py
[2024-11-04T21:11:11.109+0000] {logging_mixin.py:190} INFO - [2024-11-04T21:11:11.109+0000] {dag.py:3239} INFO - Sync 1 DAGs
[2024-11-04T21:11:11.129+0000] {logging_mixin.py:190} INFO - [2024-11-04T21:11:11.129+0000] {dag.py:4180} INFO - Setting next_dagrun for sparking_flow to 2024-11-04 00:00:00+00:00, run_after=2024-11-05 00:00:00+00:00
[2024-11-04T21:11:11.147+0000] {processor.py:208} INFO - Processing /opt/airflow/dags/spark_airflow.py took 0.085 seconds
[2024-11-04T21:11:41.283+0000] {processor.py:186} INFO - Started process (PID=77686) to work on /opt/airflow/dags/spark_airflow.py
[2024-11-04T21:11:41.284+0000] {processor.py:914} INFO - Processing file /opt/airflow/dags/spark_airflow.py for tasks to queue
[2024-11-04T21:11:41.285+0000] {logging_mixin.py:190} INFO - [2024-11-04T21:11:41.285+0000] {dagbag.py:588} INFO - Filling up the DagBag from /opt/airflow/dags/spark_airflow.py
[2024-11-04T21:11:41.304+0000] {processor.py:925} INFO - DAG(s) 'sparking_flow' retrieved from /opt/airflow/dags/spark_airflow.py
[2024-11-04T21:11:41.326+0000] {logging_mixin.py:190} INFO - [2024-11-04T21:11:41.326+0000] {dag.py:3239} INFO - Sync 1 DAGs
[2024-11-04T21:11:41.347+0000] {logging_mixin.py:190} INFO - [2024-11-04T21:11:41.347+0000] {dag.py:4180} INFO - Setting next_dagrun for sparking_flow to 2024-11-04 00:00:00+00:00, run_after=2024-11-05 00:00:00+00:00
[2024-11-04T21:11:41.364+0000] {processor.py:208} INFO - Processing /opt/airflow/dags/spark_airflow.py took 0.086 seconds
[2024-11-04T21:12:11.446+0000] {processor.py:186} INFO - Started process (PID=77691) to work on /opt/airflow/dags/spark_airflow.py
[2024-11-04T21:12:11.447+0000] {processor.py:914} INFO - Processing file /opt/airflow/dags/spark_airflow.py for tasks to queue
[2024-11-04T21:12:11.448+0000] {logging_mixin.py:190} INFO - [2024-11-04T21:12:11.448+0000] {dagbag.py:588} INFO - Filling up the DagBag from /opt/airflow/dags/spark_airflow.py
[2024-11-04T21:12:11.465+0000] {processor.py:925} INFO - DAG(s) 'sparking_flow' retrieved from /opt/airflow/dags/spark_airflow.py
[2024-11-04T21:12:11.490+0000] {logging_mixin.py:190} INFO - [2024-11-04T21:12:11.489+0000] {dag.py:3239} INFO - Sync 1 DAGs
[2024-11-04T21:12:11.511+0000] {logging_mixin.py:190} INFO - [2024-11-04T21:12:11.511+0000] {dag.py:4180} INFO - Setting next_dagrun for sparking_flow to 2024-11-04 00:00:00+00:00, run_after=2024-11-05 00:00:00+00:00
[2024-11-04T21:12:11.528+0000] {processor.py:208} INFO - Processing /opt/airflow/dags/spark_airflow.py took 0.086 seconds
[2024-11-04T21:12:41.668+0000] {processor.py:186} INFO - Started process (PID=77696) to work on /opt/airflow/dags/spark_airflow.py
[2024-11-04T21:12:41.669+0000] {processor.py:914} INFO - Processing file /opt/airflow/dags/spark_airflow.py for tasks to queue
[2024-11-04T21:12:41.670+0000] {logging_mixin.py:190} INFO - [2024-11-04T21:12:41.670+0000] {dagbag.py:588} INFO - Filling up the DagBag from /opt/airflow/dags/spark_airflow.py
[2024-11-04T21:12:41.689+0000] {processor.py:925} INFO - DAG(s) 'sparking_flow' retrieved from /opt/airflow/dags/spark_airflow.py
[2024-11-04T21:12:41.713+0000] {logging_mixin.py:190} INFO - [2024-11-04T21:12:41.713+0000] {dag.py:3239} INFO - Sync 1 DAGs
[2024-11-04T21:12:41.735+0000] {logging_mixin.py:190} INFO - [2024-11-04T21:12:41.735+0000] {dag.py:4180} INFO - Setting next_dagrun for sparking_flow to 2024-11-04 00:00:00+00:00, run_after=2024-11-05 00:00:00+00:00
[2024-11-04T21:12:41.751+0000] {processor.py:208} INFO - Processing /opt/airflow/dags/spark_airflow.py took 0.088 seconds
[2024-11-04T21:13:11.848+0000] {processor.py:186} INFO - Started process (PID=77701) to work on /opt/airflow/dags/spark_airflow.py
[2024-11-04T21:13:11.849+0000] {processor.py:914} INFO - Processing file /opt/airflow/dags/spark_airflow.py for tasks to queue
[2024-11-04T21:13:11.850+0000] {logging_mixin.py:190} INFO - [2024-11-04T21:13:11.850+0000] {dagbag.py:588} INFO - Filling up the DagBag from /opt/airflow/dags/spark_airflow.py
[2024-11-04T21:13:11.867+0000] {processor.py:925} INFO - DAG(s) 'sparking_flow' retrieved from /opt/airflow/dags/spark_airflow.py
[2024-11-04T21:13:11.889+0000] {logging_mixin.py:190} INFO - [2024-11-04T21:13:11.889+0000] {dag.py:3239} INFO - Sync 1 DAGs
[2024-11-04T21:13:11.909+0000] {logging_mixin.py:190} INFO - [2024-11-04T21:13:11.908+0000] {dag.py:4180} INFO - Setting next_dagrun for sparking_flow to 2024-11-04 00:00:00+00:00, run_after=2024-11-05 00:00:00+00:00
[2024-11-04T21:13:11.923+0000] {processor.py:208} INFO - Processing /opt/airflow/dags/spark_airflow.py took 0.079 seconds
[2024-11-04T21:13:42.074+0000] {processor.py:186} INFO - Started process (PID=77706) to work on /opt/airflow/dags/spark_airflow.py
[2024-11-04T21:13:42.075+0000] {processor.py:914} INFO - Processing file /opt/airflow/dags/spark_airflow.py for tasks to queue
[2024-11-04T21:13:42.076+0000] {logging_mixin.py:190} INFO - [2024-11-04T21:13:42.076+0000] {dagbag.py:588} INFO - Filling up the DagBag from /opt/airflow/dags/spark_airflow.py
[2024-11-04T21:13:42.093+0000] {processor.py:925} INFO - DAG(s) 'sparking_flow' retrieved from /opt/airflow/dags/spark_airflow.py
[2024-11-04T21:13:42.117+0000] {logging_mixin.py:190} INFO - [2024-11-04T21:13:42.117+0000] {dag.py:3239} INFO - Sync 1 DAGs
[2024-11-04T21:13:42.138+0000] {logging_mixin.py:190} INFO - [2024-11-04T21:13:42.138+0000] {dag.py:4180} INFO - Setting next_dagrun for sparking_flow to 2024-11-04 00:00:00+00:00, run_after=2024-11-05 00:00:00+00:00
[2024-11-04T21:13:42.153+0000] {processor.py:208} INFO - Processing /opt/airflow/dags/spark_airflow.py took 0.083 seconds
[2024-11-04T21:14:12.239+0000] {processor.py:186} INFO - Started process (PID=77711) to work on /opt/airflow/dags/spark_airflow.py
[2024-11-04T21:14:12.240+0000] {processor.py:914} INFO - Processing file /opt/airflow/dags/spark_airflow.py for tasks to queue
[2024-11-04T21:14:12.241+0000] {logging_mixin.py:190} INFO - [2024-11-04T21:14:12.241+0000] {dagbag.py:588} INFO - Filling up the DagBag from /opt/airflow/dags/spark_airflow.py
[2024-11-04T21:14:12.258+0000] {processor.py:925} INFO - DAG(s) 'sparking_flow' retrieved from /opt/airflow/dags/spark_airflow.py
[2024-11-04T21:14:12.282+0000] {logging_mixin.py:190} INFO - [2024-11-04T21:14:12.282+0000] {dag.py:3239} INFO - Sync 1 DAGs
[2024-11-04T21:14:12.302+0000] {logging_mixin.py:190} INFO - [2024-11-04T21:14:12.301+0000] {dag.py:4180} INFO - Setting next_dagrun for sparking_flow to 2024-11-04 00:00:00+00:00, run_after=2024-11-05 00:00:00+00:00
[2024-11-04T21:14:12.317+0000] {processor.py:208} INFO - Processing /opt/airflow/dags/spark_airflow.py took 0.082 seconds
[2024-11-04T21:14:42.468+0000] {processor.py:186} INFO - Started process (PID=77716) to work on /opt/airflow/dags/spark_airflow.py
[2024-11-04T21:14:42.469+0000] {processor.py:914} INFO - Processing file /opt/airflow/dags/spark_airflow.py for tasks to queue
[2024-11-04T21:14:42.470+0000] {logging_mixin.py:190} INFO - [2024-11-04T21:14:42.470+0000] {dagbag.py:588} INFO - Filling up the DagBag from /opt/airflow/dags/spark_airflow.py
[2024-11-04T21:14:42.487+0000] {processor.py:925} INFO - DAG(s) 'sparking_flow' retrieved from /opt/airflow/dags/spark_airflow.py
[2024-11-04T21:14:42.510+0000] {logging_mixin.py:190} INFO - [2024-11-04T21:14:42.509+0000] {dag.py:3239} INFO - Sync 1 DAGs
[2024-11-04T21:14:42.530+0000] {logging_mixin.py:190} INFO - [2024-11-04T21:14:42.529+0000] {dag.py:4180} INFO - Setting next_dagrun for sparking_flow to 2024-11-04 00:00:00+00:00, run_after=2024-11-05 00:00:00+00:00
[2024-11-04T21:14:42.546+0000] {processor.py:208} INFO - Processing /opt/airflow/dags/spark_airflow.py took 0.081 seconds
[2024-11-04T21:15:12.651+0000] {processor.py:186} INFO - Started process (PID=77721) to work on /opt/airflow/dags/spark_airflow.py
[2024-11-04T21:15:12.652+0000] {processor.py:914} INFO - Processing file /opt/airflow/dags/spark_airflow.py for tasks to queue
[2024-11-04T21:15:12.653+0000] {logging_mixin.py:190} INFO - [2024-11-04T21:15:12.653+0000] {dagbag.py:588} INFO - Filling up the DagBag from /opt/airflow/dags/spark_airflow.py
[2024-11-04T21:15:12.670+0000] {processor.py:925} INFO - DAG(s) 'sparking_flow' retrieved from /opt/airflow/dags/spark_airflow.py
[2024-11-04T21:15:12.695+0000] {logging_mixin.py:190} INFO - [2024-11-04T21:15:12.694+0000] {dag.py:3239} INFO - Sync 1 DAGs
[2024-11-04T21:15:12.716+0000] {logging_mixin.py:190} INFO - [2024-11-04T21:15:12.716+0000] {dag.py:4180} INFO - Setting next_dagrun for sparking_flow to 2024-11-04 00:00:00+00:00, run_after=2024-11-05 00:00:00+00:00
[2024-11-04T21:15:12.734+0000] {processor.py:208} INFO - Processing /opt/airflow/dags/spark_airflow.py took 0.087 seconds
[2024-11-04T21:15:42.863+0000] {processor.py:186} INFO - Started process (PID=77726) to work on /opt/airflow/dags/spark_airflow.py
[2024-11-04T21:15:42.864+0000] {processor.py:914} INFO - Processing file /opt/airflow/dags/spark_airflow.py for tasks to queue
[2024-11-04T21:15:42.865+0000] {logging_mixin.py:190} INFO - [2024-11-04T21:15:42.865+0000] {dagbag.py:588} INFO - Filling up the DagBag from /opt/airflow/dags/spark_airflow.py
[2024-11-04T21:15:42.882+0000] {processor.py:925} INFO - DAG(s) 'sparking_flow' retrieved from /opt/airflow/dags/spark_airflow.py
[2024-11-04T21:15:42.906+0000] {logging_mixin.py:190} INFO - [2024-11-04T21:15:42.906+0000] {dag.py:3239} INFO - Sync 1 DAGs
[2024-11-04T21:15:42.924+0000] {logging_mixin.py:190} INFO - [2024-11-04T21:15:42.924+0000] {dag.py:4180} INFO - Setting next_dagrun for sparking_flow to 2024-11-04 00:00:00+00:00, run_after=2024-11-05 00:00:00+00:00
[2024-11-04T21:15:42.941+0000] {processor.py:208} INFO - Processing /opt/airflow/dags/spark_airflow.py took 0.082 seconds
[2024-11-04T21:16:13.066+0000] {processor.py:186} INFO - Started process (PID=77731) to work on /opt/airflow/dags/spark_airflow.py
[2024-11-04T21:16:13.066+0000] {processor.py:914} INFO - Processing file /opt/airflow/dags/spark_airflow.py for tasks to queue
[2024-11-04T21:16:13.067+0000] {logging_mixin.py:190} INFO - [2024-11-04T21:16:13.067+0000] {dagbag.py:588} INFO - Filling up the DagBag from /opt/airflow/dags/spark_airflow.py
[2024-11-04T21:16:13.084+0000] {processor.py:925} INFO - DAG(s) 'sparking_flow' retrieved from /opt/airflow/dags/spark_airflow.py
[2024-11-04T21:16:13.108+0000] {logging_mixin.py:190} INFO - [2024-11-04T21:16:13.108+0000] {dag.py:3239} INFO - Sync 1 DAGs
[2024-11-04T21:16:13.129+0000] {logging_mixin.py:190} INFO - [2024-11-04T21:16:13.129+0000] {dag.py:4180} INFO - Setting next_dagrun for sparking_flow to 2024-11-04 00:00:00+00:00, run_after=2024-11-05 00:00:00+00:00
[2024-11-04T21:16:13.144+0000] {processor.py:208} INFO - Processing /opt/airflow/dags/spark_airflow.py took 0.083 seconds
[2024-11-04T21:16:43.264+0000] {processor.py:186} INFO - Started process (PID=77736) to work on /opt/airflow/dags/spark_airflow.py
[2024-11-04T21:16:43.265+0000] {processor.py:914} INFO - Processing file /opt/airflow/dags/spark_airflow.py for tasks to queue
[2024-11-04T21:16:43.266+0000] {logging_mixin.py:190} INFO - [2024-11-04T21:16:43.266+0000] {dagbag.py:588} INFO - Filling up the DagBag from /opt/airflow/dags/spark_airflow.py
[2024-11-04T21:16:43.283+0000] {processor.py:925} INFO - DAG(s) 'sparking_flow' retrieved from /opt/airflow/dags/spark_airflow.py
[2024-11-04T21:16:43.307+0000] {logging_mixin.py:190} INFO - [2024-11-04T21:16:43.306+0000] {dag.py:3239} INFO - Sync 1 DAGs
[2024-11-04T21:16:43.327+0000] {logging_mixin.py:190} INFO - [2024-11-04T21:16:43.327+0000] {dag.py:4180} INFO - Setting next_dagrun for sparking_flow to 2024-11-04 00:00:00+00:00, run_after=2024-11-05 00:00:00+00:00
[2024-11-04T21:16:43.343+0000] {processor.py:208} INFO - Processing /opt/airflow/dags/spark_airflow.py took 0.084 seconds
[2024-11-04T21:17:13.457+0000] {processor.py:186} INFO - Started process (PID=77741) to work on /opt/airflow/dags/spark_airflow.py
[2024-11-04T21:17:13.458+0000] {processor.py:914} INFO - Processing file /opt/airflow/dags/spark_airflow.py for tasks to queue
[2024-11-04T21:17:13.459+0000] {logging_mixin.py:190} INFO - [2024-11-04T21:17:13.459+0000] {dagbag.py:588} INFO - Filling up the DagBag from /opt/airflow/dags/spark_airflow.py
[2024-11-04T21:17:13.476+0000] {processor.py:925} INFO - DAG(s) 'sparking_flow' retrieved from /opt/airflow/dags/spark_airflow.py
[2024-11-04T21:17:13.500+0000] {logging_mixin.py:190} INFO - [2024-11-04T21:17:13.500+0000] {dag.py:3239} INFO - Sync 1 DAGs
[2024-11-04T21:17:13.522+0000] {logging_mixin.py:190} INFO - [2024-11-04T21:17:13.522+0000] {dag.py:4180} INFO - Setting next_dagrun for sparking_flow to 2024-11-04 00:00:00+00:00, run_after=2024-11-05 00:00:00+00:00
[2024-11-04T21:17:13.539+0000] {processor.py:208} INFO - Processing /opt/airflow/dags/spark_airflow.py took 0.086 seconds
[2024-11-04T21:17:43.643+0000] {processor.py:186} INFO - Started process (PID=77746) to work on /opt/airflow/dags/spark_airflow.py
[2024-11-04T21:17:43.643+0000] {processor.py:914} INFO - Processing file /opt/airflow/dags/spark_airflow.py for tasks to queue
[2024-11-04T21:17:43.644+0000] {logging_mixin.py:190} INFO - [2024-11-04T21:17:43.644+0000] {dagbag.py:588} INFO - Filling up the DagBag from /opt/airflow/dags/spark_airflow.py
[2024-11-04T21:17:43.661+0000] {processor.py:925} INFO - DAG(s) 'sparking_flow' retrieved from /opt/airflow/dags/spark_airflow.py
[2024-11-04T21:17:43.685+0000] {logging_mixin.py:190} INFO - [2024-11-04T21:17:43.685+0000] {dag.py:3239} INFO - Sync 1 DAGs
[2024-11-04T21:17:43.705+0000] {logging_mixin.py:190} INFO - [2024-11-04T21:17:43.705+0000] {dag.py:4180} INFO - Setting next_dagrun for sparking_flow to 2024-11-04 00:00:00+00:00, run_after=2024-11-05 00:00:00+00:00
[2024-11-04T21:17:43.720+0000] {processor.py:208} INFO - Processing /opt/airflow/dags/spark_airflow.py took 0.082 seconds
[2024-11-04T21:18:13.855+0000] {processor.py:186} INFO - Started process (PID=77751) to work on /opt/airflow/dags/spark_airflow.py
[2024-11-04T21:18:13.855+0000] {processor.py:914} INFO - Processing file /opt/airflow/dags/spark_airflow.py for tasks to queue
[2024-11-04T21:18:13.856+0000] {logging_mixin.py:190} INFO - [2024-11-04T21:18:13.856+0000] {dagbag.py:588} INFO - Filling up the DagBag from /opt/airflow/dags/spark_airflow.py
[2024-11-04T21:18:13.874+0000] {processor.py:925} INFO - DAG(s) 'sparking_flow' retrieved from /opt/airflow/dags/spark_airflow.py
[2024-11-04T21:18:13.896+0000] {logging_mixin.py:190} INFO - [2024-11-04T21:18:13.896+0000] {dag.py:3239} INFO - Sync 1 DAGs
[2024-11-04T21:18:13.916+0000] {logging_mixin.py:190} INFO - [2024-11-04T21:18:13.916+0000] {dag.py:4180} INFO - Setting next_dagrun for sparking_flow to 2024-11-04 00:00:00+00:00, run_after=2024-11-05 00:00:00+00:00
[2024-11-04T21:18:13.930+0000] {processor.py:208} INFO - Processing /opt/airflow/dags/spark_airflow.py took 0.080 seconds
[2024-11-04T21:18:44.041+0000] {processor.py:186} INFO - Started process (PID=77756) to work on /opt/airflow/dags/spark_airflow.py
[2024-11-04T21:18:44.042+0000] {processor.py:914} INFO - Processing file /opt/airflow/dags/spark_airflow.py for tasks to queue
[2024-11-04T21:18:44.043+0000] {logging_mixin.py:190} INFO - [2024-11-04T21:18:44.043+0000] {dagbag.py:588} INFO - Filling up the DagBag from /opt/airflow/dags/spark_airflow.py
[2024-11-04T21:18:44.062+0000] {processor.py:925} INFO - DAG(s) 'sparking_flow' retrieved from /opt/airflow/dags/spark_airflow.py
[2024-11-04T21:18:44.086+0000] {logging_mixin.py:190} INFO - [2024-11-04T21:18:44.085+0000] {dag.py:3239} INFO - Sync 1 DAGs
[2024-11-04T21:18:44.107+0000] {logging_mixin.py:190} INFO - [2024-11-04T21:18:44.107+0000] {dag.py:4180} INFO - Setting next_dagrun for sparking_flow to 2024-11-04 00:00:00+00:00, run_after=2024-11-05 00:00:00+00:00
[2024-11-04T21:18:44.123+0000] {processor.py:208} INFO - Processing /opt/airflow/dags/spark_airflow.py took 0.088 seconds
[2024-11-04T21:19:14.241+0000] {processor.py:186} INFO - Started process (PID=77761) to work on /opt/airflow/dags/spark_airflow.py
[2024-11-04T21:19:14.242+0000] {processor.py:914} INFO - Processing file /opt/airflow/dags/spark_airflow.py for tasks to queue
[2024-11-04T21:19:14.243+0000] {logging_mixin.py:190} INFO - [2024-11-04T21:19:14.243+0000] {dagbag.py:588} INFO - Filling up the DagBag from /opt/airflow/dags/spark_airflow.py
[2024-11-04T21:19:14.260+0000] {processor.py:925} INFO - DAG(s) 'sparking_flow' retrieved from /opt/airflow/dags/spark_airflow.py
[2024-11-04T21:19:14.284+0000] {logging_mixin.py:190} INFO - [2024-11-04T21:19:14.284+0000] {dag.py:3239} INFO - Sync 1 DAGs
[2024-11-04T21:19:14.306+0000] {logging_mixin.py:190} INFO - [2024-11-04T21:19:14.306+0000] {dag.py:4180} INFO - Setting next_dagrun for sparking_flow to 2024-11-04 00:00:00+00:00, run_after=2024-11-05 00:00:00+00:00
[2024-11-04T21:19:14.322+0000] {processor.py:208} INFO - Processing /opt/airflow/dags/spark_airflow.py took 0.085 seconds
[2024-11-04T21:19:44.432+0000] {processor.py:186} INFO - Started process (PID=77766) to work on /opt/airflow/dags/spark_airflow.py
[2024-11-04T21:19:44.433+0000] {processor.py:914} INFO - Processing file /opt/airflow/dags/spark_airflow.py for tasks to queue
[2024-11-04T21:19:44.434+0000] {logging_mixin.py:190} INFO - [2024-11-04T21:19:44.434+0000] {dagbag.py:588} INFO - Filling up the DagBag from /opt/airflow/dags/spark_airflow.py
[2024-11-04T21:19:44.453+0000] {processor.py:925} INFO - DAG(s) 'sparking_flow' retrieved from /opt/airflow/dags/spark_airflow.py
[2024-11-04T21:19:44.477+0000] {logging_mixin.py:190} INFO - [2024-11-04T21:19:44.477+0000] {dag.py:3239} INFO - Sync 1 DAGs
[2024-11-04T21:19:44.499+0000] {logging_mixin.py:190} INFO - [2024-11-04T21:19:44.499+0000] {dag.py:4180} INFO - Setting next_dagrun for sparking_flow to 2024-11-04 00:00:00+00:00, run_after=2024-11-05 00:00:00+00:00
[2024-11-04T21:19:44.518+0000] {processor.py:208} INFO - Processing /opt/airflow/dags/spark_airflow.py took 0.090 seconds
[2024-11-04T21:20:14.626+0000] {processor.py:186} INFO - Started process (PID=77771) to work on /opt/airflow/dags/spark_airflow.py
[2024-11-04T21:20:14.627+0000] {processor.py:914} INFO - Processing file /opt/airflow/dags/spark_airflow.py for tasks to queue
[2024-11-04T21:20:14.628+0000] {logging_mixin.py:190} INFO - [2024-11-04T21:20:14.628+0000] {dagbag.py:588} INFO - Filling up the DagBag from /opt/airflow/dags/spark_airflow.py
[2024-11-04T21:20:14.646+0000] {processor.py:925} INFO - DAG(s) 'sparking_flow' retrieved from /opt/airflow/dags/spark_airflow.py
[2024-11-04T21:20:14.671+0000] {logging_mixin.py:190} INFO - [2024-11-04T21:20:14.671+0000] {dag.py:3239} INFO - Sync 1 DAGs
[2024-11-04T21:20:14.693+0000] {logging_mixin.py:190} INFO - [2024-11-04T21:20:14.693+0000] {dag.py:4180} INFO - Setting next_dagrun for sparking_flow to 2024-11-04 00:00:00+00:00, run_after=2024-11-05 00:00:00+00:00
[2024-11-04T21:20:14.709+0000] {processor.py:208} INFO - Processing /opt/airflow/dags/spark_airflow.py took 0.087 seconds
[2024-11-04T21:20:44.846+0000] {processor.py:186} INFO - Started process (PID=77776) to work on /opt/airflow/dags/spark_airflow.py
[2024-11-04T21:20:44.847+0000] {processor.py:914} INFO - Processing file /opt/airflow/dags/spark_airflow.py for tasks to queue
[2024-11-04T21:20:44.849+0000] {logging_mixin.py:190} INFO - [2024-11-04T21:20:44.848+0000] {dagbag.py:588} INFO - Filling up the DagBag from /opt/airflow/dags/spark_airflow.py
[2024-11-04T21:20:44.865+0000] {processor.py:925} INFO - DAG(s) 'sparking_flow' retrieved from /opt/airflow/dags/spark_airflow.py
[2024-11-04T21:20:44.888+0000] {logging_mixin.py:190} INFO - [2024-11-04T21:20:44.888+0000] {dag.py:3239} INFO - Sync 1 DAGs
[2024-11-04T21:20:44.910+0000] {logging_mixin.py:190} INFO - [2024-11-04T21:20:44.910+0000] {dag.py:4180} INFO - Setting next_dagrun for sparking_flow to 2024-11-04 00:00:00+00:00, run_after=2024-11-05 00:00:00+00:00
[2024-11-04T21:20:44.927+0000] {processor.py:208} INFO - Processing /opt/airflow/dags/spark_airflow.py took 0.085 seconds
[2024-11-04T21:21:15.012+0000] {processor.py:186} INFO - Started process (PID=77781) to work on /opt/airflow/dags/spark_airflow.py
[2024-11-04T21:21:15.013+0000] {processor.py:914} INFO - Processing file /opt/airflow/dags/spark_airflow.py for tasks to queue
[2024-11-04T21:21:15.015+0000] {logging_mixin.py:190} INFO - [2024-11-04T21:21:15.014+0000] {dagbag.py:588} INFO - Filling up the DagBag from /opt/airflow/dags/spark_airflow.py
[2024-11-04T21:21:15.033+0000] {processor.py:925} INFO - DAG(s) 'sparking_flow' retrieved from /opt/airflow/dags/spark_airflow.py
[2024-11-04T21:21:15.059+0000] {logging_mixin.py:190} INFO - [2024-11-04T21:21:15.059+0000] {dag.py:3239} INFO - Sync 1 DAGs
[2024-11-04T21:21:15.080+0000] {logging_mixin.py:190} INFO - [2024-11-04T21:21:15.080+0000] {dag.py:4180} INFO - Setting next_dagrun for sparking_flow to 2024-11-04 00:00:00+00:00, run_after=2024-11-05 00:00:00+00:00
[2024-11-04T21:21:15.095+0000] {processor.py:208} INFO - Processing /opt/airflow/dags/spark_airflow.py took 0.087 seconds
[2024-11-04T21:21:45.237+0000] {processor.py:186} INFO - Started process (PID=77786) to work on /opt/airflow/dags/spark_airflow.py
[2024-11-04T21:21:45.238+0000] {processor.py:914} INFO - Processing file /opt/airflow/dags/spark_airflow.py for tasks to queue
[2024-11-04T21:21:45.239+0000] {logging_mixin.py:190} INFO - [2024-11-04T21:21:45.239+0000] {dagbag.py:588} INFO - Filling up the DagBag from /opt/airflow/dags/spark_airflow.py
[2024-11-04T21:21:45.256+0000] {processor.py:925} INFO - DAG(s) 'sparking_flow' retrieved from /opt/airflow/dags/spark_airflow.py
[2024-11-04T21:21:45.277+0000] {logging_mixin.py:190} INFO - [2024-11-04T21:21:45.277+0000] {dag.py:3239} INFO - Sync 1 DAGs
[2024-11-04T21:21:45.296+0000] {logging_mixin.py:190} INFO - [2024-11-04T21:21:45.296+0000] {dag.py:4180} INFO - Setting next_dagrun for sparking_flow to 2024-11-04 00:00:00+00:00, run_after=2024-11-05 00:00:00+00:00
[2024-11-04T21:21:45.311+0000] {processor.py:208} INFO - Processing /opt/airflow/dags/spark_airflow.py took 0.078 seconds
[2024-11-04T21:22:15.403+0000] {processor.py:186} INFO - Started process (PID=77791) to work on /opt/airflow/dags/spark_airflow.py
[2024-11-04T21:22:15.404+0000] {processor.py:914} INFO - Processing file /opt/airflow/dags/spark_airflow.py for tasks to queue
[2024-11-04T21:22:15.405+0000] {logging_mixin.py:190} INFO - [2024-11-04T21:22:15.405+0000] {dagbag.py:588} INFO - Filling up the DagBag from /opt/airflow/dags/spark_airflow.py
[2024-11-04T21:22:15.421+0000] {processor.py:925} INFO - DAG(s) 'sparking_flow' retrieved from /opt/airflow/dags/spark_airflow.py
[2024-11-04T21:22:15.444+0000] {logging_mixin.py:190} INFO - [2024-11-04T21:22:15.444+0000] {dag.py:3239} INFO - Sync 1 DAGs
[2024-11-04T21:22:15.464+0000] {logging_mixin.py:190} INFO - [2024-11-04T21:22:15.464+0000] {dag.py:4180} INFO - Setting next_dagrun for sparking_flow to 2024-11-04 00:00:00+00:00, run_after=2024-11-05 00:00:00+00:00
[2024-11-04T21:22:15.479+0000] {processor.py:208} INFO - Processing /opt/airflow/dags/spark_airflow.py took 0.081 seconds
[2024-11-04T21:22:45.619+0000] {processor.py:186} INFO - Started process (PID=77796) to work on /opt/airflow/dags/spark_airflow.py
[2024-11-04T21:22:45.619+0000] {processor.py:914} INFO - Processing file /opt/airflow/dags/spark_airflow.py for tasks to queue
[2024-11-04T21:22:45.620+0000] {logging_mixin.py:190} INFO - [2024-11-04T21:22:45.620+0000] {dagbag.py:588} INFO - Filling up the DagBag from /opt/airflow/dags/spark_airflow.py
[2024-11-04T21:22:45.637+0000] {processor.py:925} INFO - DAG(s) 'sparking_flow' retrieved from /opt/airflow/dags/spark_airflow.py
[2024-11-04T21:22:45.661+0000] {logging_mixin.py:190} INFO - [2024-11-04T21:22:45.661+0000] {dag.py:3239} INFO - Sync 1 DAGs
[2024-11-04T21:22:45.683+0000] {logging_mixin.py:190} INFO - [2024-11-04T21:22:45.682+0000] {dag.py:4180} INFO - Setting next_dagrun for sparking_flow to 2024-11-04 00:00:00+00:00, run_after=2024-11-05 00:00:00+00:00
[2024-11-04T21:22:45.699+0000] {processor.py:208} INFO - Processing /opt/airflow/dags/spark_airflow.py took 0.085 seconds
[2024-11-04T21:23:15.795+0000] {processor.py:186} INFO - Started process (PID=77801) to work on /opt/airflow/dags/spark_airflow.py
[2024-11-04T21:23:15.796+0000] {processor.py:914} INFO - Processing file /opt/airflow/dags/spark_airflow.py for tasks to queue
[2024-11-04T21:23:15.797+0000] {logging_mixin.py:190} INFO - [2024-11-04T21:23:15.797+0000] {dagbag.py:588} INFO - Filling up the DagBag from /opt/airflow/dags/spark_airflow.py
[2024-11-04T21:23:15.814+0000] {processor.py:925} INFO - DAG(s) 'sparking_flow' retrieved from /opt/airflow/dags/spark_airflow.py
[2024-11-04T21:23:15.838+0000] {logging_mixin.py:190} INFO - [2024-11-04T21:23:15.838+0000] {dag.py:3239} INFO - Sync 1 DAGs
[2024-11-04T21:23:15.858+0000] {logging_mixin.py:190} INFO - [2024-11-04T21:23:15.858+0000] {dag.py:4180} INFO - Setting next_dagrun for sparking_flow to 2024-11-04 00:00:00+00:00, run_after=2024-11-05 00:00:00+00:00
[2024-11-04T21:23:15.874+0000] {processor.py:208} INFO - Processing /opt/airflow/dags/spark_airflow.py took 0.083 seconds
[2024-11-04T21:23:46.011+0000] {processor.py:186} INFO - Started process (PID=77806) to work on /opt/airflow/dags/spark_airflow.py
[2024-11-04T21:23:46.011+0000] {processor.py:914} INFO - Processing file /opt/airflow/dags/spark_airflow.py for tasks to queue
[2024-11-04T21:23:46.012+0000] {logging_mixin.py:190} INFO - [2024-11-04T21:23:46.012+0000] {dagbag.py:588} INFO - Filling up the DagBag from /opt/airflow/dags/spark_airflow.py
[2024-11-04T21:23:46.029+0000] {processor.py:925} INFO - DAG(s) 'sparking_flow' retrieved from /opt/airflow/dags/spark_airflow.py
[2024-11-04T21:23:46.052+0000] {logging_mixin.py:190} INFO - [2024-11-04T21:23:46.052+0000] {dag.py:3239} INFO - Sync 1 DAGs
[2024-11-04T21:23:46.075+0000] {logging_mixin.py:190} INFO - [2024-11-04T21:23:46.075+0000] {dag.py:4180} INFO - Setting next_dagrun for sparking_flow to 2024-11-04 00:00:00+00:00, run_after=2024-11-05 00:00:00+00:00
[2024-11-04T21:23:46.091+0000] {processor.py:208} INFO - Processing /opt/airflow/dags/spark_airflow.py took 0.084 seconds
[2024-11-04T21:24:16.175+0000] {processor.py:186} INFO - Started process (PID=77811) to work on /opt/airflow/dags/spark_airflow.py
[2024-11-04T21:24:16.176+0000] {processor.py:914} INFO - Processing file /opt/airflow/dags/spark_airflow.py for tasks to queue
[2024-11-04T21:24:16.177+0000] {logging_mixin.py:190} INFO - [2024-11-04T21:24:16.176+0000] {dagbag.py:588} INFO - Filling up the DagBag from /opt/airflow/dags/spark_airflow.py
[2024-11-04T21:24:16.193+0000] {processor.py:925} INFO - DAG(s) 'sparking_flow' retrieved from /opt/airflow/dags/spark_airflow.py
[2024-11-04T21:24:16.218+0000] {logging_mixin.py:190} INFO - [2024-11-04T21:24:16.218+0000] {dag.py:3239} INFO - Sync 1 DAGs
[2024-11-04T21:24:16.239+0000] {logging_mixin.py:190} INFO - [2024-11-04T21:24:16.239+0000] {dag.py:4180} INFO - Setting next_dagrun for sparking_flow to 2024-11-04 00:00:00+00:00, run_after=2024-11-05 00:00:00+00:00
[2024-11-04T21:24:16.257+0000] {processor.py:208} INFO - Processing /opt/airflow/dags/spark_airflow.py took 0.086 seconds
[2024-11-04T21:24:46.393+0000] {processor.py:186} INFO - Started process (PID=77816) to work on /opt/airflow/dags/spark_airflow.py
[2024-11-04T21:24:46.393+0000] {processor.py:914} INFO - Processing file /opt/airflow/dags/spark_airflow.py for tasks to queue
[2024-11-04T21:24:46.394+0000] {logging_mixin.py:190} INFO - [2024-11-04T21:24:46.394+0000] {dagbag.py:588} INFO - Filling up the DagBag from /opt/airflow/dags/spark_airflow.py
[2024-11-04T21:24:46.411+0000] {processor.py:925} INFO - DAG(s) 'sparking_flow' retrieved from /opt/airflow/dags/spark_airflow.py
[2024-11-04T21:24:46.432+0000] {logging_mixin.py:190} INFO - [2024-11-04T21:24:46.432+0000] {dag.py:3239} INFO - Sync 1 DAGs
[2024-11-04T21:24:46.451+0000] {logging_mixin.py:190} INFO - [2024-11-04T21:24:46.451+0000] {dag.py:4180} INFO - Setting next_dagrun for sparking_flow to 2024-11-04 00:00:00+00:00, run_after=2024-11-05 00:00:00+00:00
[2024-11-04T21:24:46.467+0000] {processor.py:208} INFO - Processing /opt/airflow/dags/spark_airflow.py took 0.079 seconds
[2024-11-04T21:25:16.557+0000] {processor.py:186} INFO - Started process (PID=77821) to work on /opt/airflow/dags/spark_airflow.py
[2024-11-04T21:25:16.557+0000] {processor.py:914} INFO - Processing file /opt/airflow/dags/spark_airflow.py for tasks to queue
[2024-11-04T21:25:16.558+0000] {logging_mixin.py:190} INFO - [2024-11-04T21:25:16.558+0000] {dagbag.py:588} INFO - Filling up the DagBag from /opt/airflow/dags/spark_airflow.py
[2024-11-04T21:25:16.575+0000] {processor.py:925} INFO - DAG(s) 'sparking_flow' retrieved from /opt/airflow/dags/spark_airflow.py
[2024-11-04T21:25:16.599+0000] {logging_mixin.py:190} INFO - [2024-11-04T21:25:16.599+0000] {dag.py:3239} INFO - Sync 1 DAGs
[2024-11-04T21:25:16.620+0000] {logging_mixin.py:190} INFO - [2024-11-04T21:25:16.619+0000] {dag.py:4180} INFO - Setting next_dagrun for sparking_flow to 2024-11-04 00:00:00+00:00, run_after=2024-11-05 00:00:00+00:00
[2024-11-04T21:25:16.634+0000] {processor.py:208} INFO - Processing /opt/airflow/dags/spark_airflow.py took 0.082 seconds
[2024-11-04T21:25:46.801+0000] {processor.py:186} INFO - Started process (PID=77826) to work on /opt/airflow/dags/spark_airflow.py
[2024-11-04T21:25:46.801+0000] {processor.py:914} INFO - Processing file /opt/airflow/dags/spark_airflow.py for tasks to queue
[2024-11-04T21:25:46.802+0000] {logging_mixin.py:190} INFO - [2024-11-04T21:25:46.802+0000] {dagbag.py:588} INFO - Filling up the DagBag from /opt/airflow/dags/spark_airflow.py
[2024-11-04T21:25:46.820+0000] {processor.py:925} INFO - DAG(s) 'sparking_flow' retrieved from /opt/airflow/dags/spark_airflow.py
[2024-11-04T21:25:46.844+0000] {logging_mixin.py:190} INFO - [2024-11-04T21:25:46.844+0000] {dag.py:3239} INFO - Sync 1 DAGs
[2024-11-04T21:25:46.866+0000] {logging_mixin.py:190} INFO - [2024-11-04T21:25:46.866+0000] {dag.py:4180} INFO - Setting next_dagrun for sparking_flow to 2024-11-04 00:00:00+00:00, run_after=2024-11-05 00:00:00+00:00
[2024-11-04T21:25:46.883+0000] {processor.py:208} INFO - Processing /opt/airflow/dags/spark_airflow.py took 0.087 seconds
[2024-11-04T21:26:16.961+0000] {processor.py:186} INFO - Started process (PID=77831) to work on /opt/airflow/dags/spark_airflow.py
[2024-11-04T21:26:16.962+0000] {processor.py:914} INFO - Processing file /opt/airflow/dags/spark_airflow.py for tasks to queue
[2024-11-04T21:26:16.963+0000] {logging_mixin.py:190} INFO - [2024-11-04T21:26:16.962+0000] {dagbag.py:588} INFO - Filling up the DagBag from /opt/airflow/dags/spark_airflow.py
[2024-11-04T21:26:16.981+0000] {processor.py:925} INFO - DAG(s) 'sparking_flow' retrieved from /opt/airflow/dags/spark_airflow.py
[2024-11-04T21:26:17.006+0000] {logging_mixin.py:190} INFO - [2024-11-04T21:26:17.006+0000] {dag.py:3239} INFO - Sync 1 DAGs
[2024-11-04T21:26:17.027+0000] {logging_mixin.py:190} INFO - [2024-11-04T21:26:17.027+0000] {dag.py:4180} INFO - Setting next_dagrun for sparking_flow to 2024-11-04 00:00:00+00:00, run_after=2024-11-05 00:00:00+00:00
[2024-11-04T21:26:17.044+0000] {processor.py:208} INFO - Processing /opt/airflow/dags/spark_airflow.py took 0.089 seconds
[2024-11-04T21:26:47.182+0000] {processor.py:186} INFO - Started process (PID=77836) to work on /opt/airflow/dags/spark_airflow.py
[2024-11-04T21:26:47.183+0000] {processor.py:914} INFO - Processing file /opt/airflow/dags/spark_airflow.py for tasks to queue
[2024-11-04T21:26:47.184+0000] {logging_mixin.py:190} INFO - [2024-11-04T21:26:47.184+0000] {dagbag.py:588} INFO - Filling up the DagBag from /opt/airflow/dags/spark_airflow.py
[2024-11-04T21:26:47.200+0000] {processor.py:925} INFO - DAG(s) 'sparking_flow' retrieved from /opt/airflow/dags/spark_airflow.py
[2024-11-04T21:26:47.225+0000] {logging_mixin.py:190} INFO - [2024-11-04T21:26:47.225+0000] {dag.py:3239} INFO - Sync 1 DAGs
[2024-11-04T21:26:47.246+0000] {logging_mixin.py:190} INFO - [2024-11-04T21:26:47.246+0000] {dag.py:4180} INFO - Setting next_dagrun for sparking_flow to 2024-11-04 00:00:00+00:00, run_after=2024-11-05 00:00:00+00:00
[2024-11-04T21:26:47.263+0000] {processor.py:208} INFO - Processing /opt/airflow/dags/spark_airflow.py took 0.085 seconds
[2024-11-04T21:27:17.337+0000] {processor.py:186} INFO - Started process (PID=77841) to work on /opt/airflow/dags/spark_airflow.py
[2024-11-04T21:27:17.338+0000] {processor.py:914} INFO - Processing file /opt/airflow/dags/spark_airflow.py for tasks to queue
[2024-11-04T21:27:17.339+0000] {logging_mixin.py:190} INFO - [2024-11-04T21:27:17.339+0000] {dagbag.py:588} INFO - Filling up the DagBag from /opt/airflow/dags/spark_airflow.py
[2024-11-04T21:27:17.356+0000] {processor.py:925} INFO - DAG(s) 'sparking_flow' retrieved from /opt/airflow/dags/spark_airflow.py
[2024-11-04T21:27:17.381+0000] {logging_mixin.py:190} INFO - [2024-11-04T21:27:17.381+0000] {dag.py:3239} INFO - Sync 1 DAGs
[2024-11-04T21:27:17.401+0000] {logging_mixin.py:190} INFO - [2024-11-04T21:27:17.401+0000] {dag.py:4180} INFO - Setting next_dagrun for sparking_flow to 2024-11-04 00:00:00+00:00, run_after=2024-11-05 00:00:00+00:00
[2024-11-04T21:27:17.417+0000] {processor.py:208} INFO - Processing /opt/airflow/dags/spark_airflow.py took 0.084 seconds
[2024-11-04T21:27:47.559+0000] {processor.py:186} INFO - Started process (PID=77846) to work on /opt/airflow/dags/spark_airflow.py
[2024-11-04T21:27:47.560+0000] {processor.py:914} INFO - Processing file /opt/airflow/dags/spark_airflow.py for tasks to queue
[2024-11-04T21:27:47.561+0000] {logging_mixin.py:190} INFO - [2024-11-04T21:27:47.561+0000] {dagbag.py:588} INFO - Filling up the DagBag from /opt/airflow/dags/spark_airflow.py
[2024-11-04T21:27:47.577+0000] {processor.py:925} INFO - DAG(s) 'sparking_flow' retrieved from /opt/airflow/dags/spark_airflow.py
[2024-11-04T21:27:47.601+0000] {logging_mixin.py:190} INFO - [2024-11-04T21:27:47.601+0000] {dag.py:3239} INFO - Sync 1 DAGs
[2024-11-04T21:27:47.624+0000] {logging_mixin.py:190} INFO - [2024-11-04T21:27:47.624+0000] {dag.py:4180} INFO - Setting next_dagrun for sparking_flow to 2024-11-04 00:00:00+00:00, run_after=2024-11-05 00:00:00+00:00
[2024-11-04T21:27:47.641+0000] {processor.py:208} INFO - Processing /opt/airflow/dags/spark_airflow.py took 0.086 seconds
[2024-11-04T21:28:17.734+0000] {processor.py:186} INFO - Started process (PID=77851) to work on /opt/airflow/dags/spark_airflow.py
[2024-11-04T21:28:17.735+0000] {processor.py:914} INFO - Processing file /opt/airflow/dags/spark_airflow.py for tasks to queue
[2024-11-04T21:28:17.736+0000] {logging_mixin.py:190} INFO - [2024-11-04T21:28:17.735+0000] {dagbag.py:588} INFO - Filling up the DagBag from /opt/airflow/dags/spark_airflow.py
[2024-11-04T21:28:17.752+0000] {processor.py:925} INFO - DAG(s) 'sparking_flow' retrieved from /opt/airflow/dags/spark_airflow.py
[2024-11-04T21:28:17.775+0000] {logging_mixin.py:190} INFO - [2024-11-04T21:28:17.774+0000] {dag.py:3239} INFO - Sync 1 DAGs
[2024-11-04T21:28:17.794+0000] {logging_mixin.py:190} INFO - [2024-11-04T21:28:17.794+0000] {dag.py:4180} INFO - Setting next_dagrun for sparking_flow to 2024-11-04 00:00:00+00:00, run_after=2024-11-05 00:00:00+00:00
[2024-11-04T21:28:17.809+0000] {processor.py:208} INFO - Processing /opt/airflow/dags/spark_airflow.py took 0.079 seconds
[2024-11-04T21:28:47.956+0000] {processor.py:186} INFO - Started process (PID=77856) to work on /opt/airflow/dags/spark_airflow.py
[2024-11-04T21:28:47.956+0000] {processor.py:914} INFO - Processing file /opt/airflow/dags/spark_airflow.py for tasks to queue
[2024-11-04T21:28:47.957+0000] {logging_mixin.py:190} INFO - [2024-11-04T21:28:47.957+0000] {dagbag.py:588} INFO - Filling up the DagBag from /opt/airflow/dags/spark_airflow.py
[2024-11-04T21:28:47.974+0000] {processor.py:925} INFO - DAG(s) 'sparking_flow' retrieved from /opt/airflow/dags/spark_airflow.py
[2024-11-04T21:28:47.998+0000] {logging_mixin.py:190} INFO - [2024-11-04T21:28:47.998+0000] {dag.py:3239} INFO - Sync 1 DAGs
[2024-11-04T21:28:48.020+0000] {logging_mixin.py:190} INFO - [2024-11-04T21:28:48.019+0000] {dag.py:4180} INFO - Setting next_dagrun for sparking_flow to 2024-11-04 00:00:00+00:00, run_after=2024-11-05 00:00:00+00:00
[2024-11-04T21:28:48.035+0000] {processor.py:208} INFO - Processing /opt/airflow/dags/spark_airflow.py took 0.083 seconds
[2024-11-04T21:29:18.120+0000] {processor.py:186} INFO - Started process (PID=77861) to work on /opt/airflow/dags/spark_airflow.py
[2024-11-04T21:29:18.120+0000] {processor.py:914} INFO - Processing file /opt/airflow/dags/spark_airflow.py for tasks to queue
[2024-11-04T21:29:18.122+0000] {logging_mixin.py:190} INFO - [2024-11-04T21:29:18.121+0000] {dagbag.py:588} INFO - Filling up the DagBag from /opt/airflow/dags/spark_airflow.py
[2024-11-04T21:29:18.138+0000] {processor.py:925} INFO - DAG(s) 'sparking_flow' retrieved from /opt/airflow/dags/spark_airflow.py
[2024-11-04T21:29:18.163+0000] {logging_mixin.py:190} INFO - [2024-11-04T21:29:18.163+0000] {dag.py:3239} INFO - Sync 1 DAGs
[2024-11-04T21:29:18.183+0000] {logging_mixin.py:190} INFO - [2024-11-04T21:29:18.183+0000] {dag.py:4180} INFO - Setting next_dagrun for sparking_flow to 2024-11-04 00:00:00+00:00, run_after=2024-11-05 00:00:00+00:00
[2024-11-04T21:29:18.200+0000] {processor.py:208} INFO - Processing /opt/airflow/dags/spark_airflow.py took 0.084 seconds
[2024-11-04T21:29:48.341+0000] {processor.py:186} INFO - Started process (PID=77866) to work on /opt/airflow/dags/spark_airflow.py
[2024-11-04T21:29:48.342+0000] {processor.py:914} INFO - Processing file /opt/airflow/dags/spark_airflow.py for tasks to queue
[2024-11-04T21:29:48.343+0000] {logging_mixin.py:190} INFO - [2024-11-04T21:29:48.343+0000] {dagbag.py:588} INFO - Filling up the DagBag from /opt/airflow/dags/spark_airflow.py
[2024-11-04T21:29:48.360+0000] {processor.py:925} INFO - DAG(s) 'sparking_flow' retrieved from /opt/airflow/dags/spark_airflow.py
[2024-11-04T21:29:48.385+0000] {logging_mixin.py:190} INFO - [2024-11-04T21:29:48.384+0000] {dag.py:3239} INFO - Sync 1 DAGs
[2024-11-04T21:29:48.405+0000] {logging_mixin.py:190} INFO - [2024-11-04T21:29:48.405+0000] {dag.py:4180} INFO - Setting next_dagrun for sparking_flow to 2024-11-04 00:00:00+00:00, run_after=2024-11-05 00:00:00+00:00
[2024-11-04T21:29:48.421+0000] {processor.py:208} INFO - Processing /opt/airflow/dags/spark_airflow.py took 0.085 seconds
[2024-11-04T21:30:18.515+0000] {processor.py:186} INFO - Started process (PID=77871) to work on /opt/airflow/dags/spark_airflow.py
[2024-11-04T21:30:18.516+0000] {processor.py:914} INFO - Processing file /opt/airflow/dags/spark_airflow.py for tasks to queue
[2024-11-04T21:30:18.517+0000] {logging_mixin.py:190} INFO - [2024-11-04T21:30:18.517+0000] {dagbag.py:588} INFO - Filling up the DagBag from /opt/airflow/dags/spark_airflow.py
[2024-11-04T21:30:18.534+0000] {processor.py:925} INFO - DAG(s) 'sparking_flow' retrieved from /opt/airflow/dags/spark_airflow.py
[2024-11-04T21:30:18.560+0000] {logging_mixin.py:190} INFO - [2024-11-04T21:30:18.560+0000] {dag.py:3239} INFO - Sync 1 DAGs
[2024-11-04T21:30:18.583+0000] {logging_mixin.py:190} INFO - [2024-11-04T21:30:18.582+0000] {dag.py:4180} INFO - Setting next_dagrun for sparking_flow to 2024-11-04 00:00:00+00:00, run_after=2024-11-05 00:00:00+00:00
[2024-11-04T21:30:18.599+0000] {processor.py:208} INFO - Processing /opt/airflow/dags/spark_airflow.py took 0.090 seconds
[2024-11-04T21:30:48.762+0000] {processor.py:186} INFO - Started process (PID=77876) to work on /opt/airflow/dags/spark_airflow.py
[2024-11-04T21:30:48.763+0000] {processor.py:914} INFO - Processing file /opt/airflow/dags/spark_airflow.py for tasks to queue
[2024-11-04T21:30:48.764+0000] {logging_mixin.py:190} INFO - [2024-11-04T21:30:48.764+0000] {dagbag.py:588} INFO - Filling up the DagBag from /opt/airflow/dags/spark_airflow.py
[2024-11-04T21:30:48.780+0000] {processor.py:925} INFO - DAG(s) 'sparking_flow' retrieved from /opt/airflow/dags/spark_airflow.py
[2024-11-04T21:30:48.802+0000] {logging_mixin.py:190} INFO - [2024-11-04T21:30:48.802+0000] {dag.py:3239} INFO - Sync 1 DAGs
[2024-11-04T21:30:48.822+0000] {logging_mixin.py:190} INFO - [2024-11-04T21:30:48.822+0000] {dag.py:4180} INFO - Setting next_dagrun for sparking_flow to 2024-11-04 00:00:00+00:00, run_after=2024-11-05 00:00:00+00:00
[2024-11-04T21:30:48.839+0000] {processor.py:208} INFO - Processing /opt/airflow/dags/spark_airflow.py took 0.080 seconds
[2024-11-04T21:31:18.938+0000] {processor.py:186} INFO - Started process (PID=77881) to work on /opt/airflow/dags/spark_airflow.py
[2024-11-04T21:31:18.938+0000] {processor.py:914} INFO - Processing file /opt/airflow/dags/spark_airflow.py for tasks to queue
[2024-11-04T21:31:18.939+0000] {logging_mixin.py:190} INFO - [2024-11-04T21:31:18.939+0000] {dagbag.py:588} INFO - Filling up the DagBag from /opt/airflow/dags/spark_airflow.py
[2024-11-04T21:31:18.957+0000] {processor.py:925} INFO - DAG(s) 'sparking_flow' retrieved from /opt/airflow/dags/spark_airflow.py
[2024-11-04T21:31:18.979+0000] {logging_mixin.py:190} INFO - [2024-11-04T21:31:18.979+0000] {dag.py:3239} INFO - Sync 1 DAGs
[2024-11-04T21:31:18.999+0000] {logging_mixin.py:190} INFO - [2024-11-04T21:31:18.999+0000] {dag.py:4180} INFO - Setting next_dagrun for sparking_flow to 2024-11-04 00:00:00+00:00, run_after=2024-11-05 00:00:00+00:00
[2024-11-04T21:31:19.015+0000] {processor.py:208} INFO - Processing /opt/airflow/dags/spark_airflow.py took 0.082 seconds
[2024-11-04T21:31:49.159+0000] {processor.py:186} INFO - Started process (PID=77886) to work on /opt/airflow/dags/spark_airflow.py
[2024-11-04T21:31:49.160+0000] {processor.py:914} INFO - Processing file /opt/airflow/dags/spark_airflow.py for tasks to queue
[2024-11-04T21:31:49.161+0000] {logging_mixin.py:190} INFO - [2024-11-04T21:31:49.161+0000] {dagbag.py:588} INFO - Filling up the DagBag from /opt/airflow/dags/spark_airflow.py
[2024-11-04T21:31:49.178+0000] {processor.py:925} INFO - DAG(s) 'sparking_flow' retrieved from /opt/airflow/dags/spark_airflow.py
[2024-11-04T21:31:49.200+0000] {logging_mixin.py:190} INFO - [2024-11-04T21:31:49.200+0000] {dag.py:3239} INFO - Sync 1 DAGs
[2024-11-04T21:31:49.220+0000] {logging_mixin.py:190} INFO - [2024-11-04T21:31:49.220+0000] {dag.py:4180} INFO - Setting next_dagrun for sparking_flow to 2024-11-04 00:00:00+00:00, run_after=2024-11-05 00:00:00+00:00
[2024-11-04T21:31:49.235+0000] {processor.py:208} INFO - Processing /opt/airflow/dags/spark_airflow.py took 0.079 seconds
[2024-11-04T21:32:19.332+0000] {processor.py:186} INFO - Started process (PID=77891) to work on /opt/airflow/dags/spark_airflow.py
[2024-11-04T21:32:19.333+0000] {processor.py:914} INFO - Processing file /opt/airflow/dags/spark_airflow.py for tasks to queue
[2024-11-04T21:32:19.334+0000] {logging_mixin.py:190} INFO - [2024-11-04T21:32:19.333+0000] {dagbag.py:588} INFO - Filling up the DagBag from /opt/airflow/dags/spark_airflow.py
[2024-11-04T21:32:19.351+0000] {processor.py:925} INFO - DAG(s) 'sparking_flow' retrieved from /opt/airflow/dags/spark_airflow.py
[2024-11-04T21:32:19.374+0000] {logging_mixin.py:190} INFO - [2024-11-04T21:32:19.373+0000] {dag.py:3239} INFO - Sync 1 DAGs
[2024-11-04T21:32:19.393+0000] {logging_mixin.py:190} INFO - [2024-11-04T21:32:19.393+0000] {dag.py:4180} INFO - Setting next_dagrun for sparking_flow to 2024-11-04 00:00:00+00:00, run_after=2024-11-05 00:00:00+00:00
[2024-11-04T21:32:19.408+0000] {processor.py:208} INFO - Processing /opt/airflow/dags/spark_airflow.py took 0.080 seconds
[2024-11-04T21:32:49.556+0000] {processor.py:186} INFO - Started process (PID=77896) to work on /opt/airflow/dags/spark_airflow.py
[2024-11-04T21:32:49.557+0000] {processor.py:914} INFO - Processing file /opt/airflow/dags/spark_airflow.py for tasks to queue
[2024-11-04T21:32:49.558+0000] {logging_mixin.py:190} INFO - [2024-11-04T21:32:49.558+0000] {dagbag.py:588} INFO - Filling up the DagBag from /opt/airflow/dags/spark_airflow.py
[2024-11-04T21:32:49.575+0000] {processor.py:925} INFO - DAG(s) 'sparking_flow' retrieved from /opt/airflow/dags/spark_airflow.py
[2024-11-04T21:32:49.600+0000] {logging_mixin.py:190} INFO - [2024-11-04T21:32:49.600+0000] {dag.py:3239} INFO - Sync 1 DAGs
[2024-11-04T21:32:49.621+0000] {logging_mixin.py:190} INFO - [2024-11-04T21:32:49.620+0000] {dag.py:4180} INFO - Setting next_dagrun for sparking_flow to 2024-11-04 00:00:00+00:00, run_after=2024-11-05 00:00:00+00:00
[2024-11-04T21:32:49.636+0000] {processor.py:208} INFO - Processing /opt/airflow/dags/spark_airflow.py took 0.084 seconds
[2024-11-04T21:33:19.731+0000] {processor.py:186} INFO - Started process (PID=77901) to work on /opt/airflow/dags/spark_airflow.py
[2024-11-04T21:33:19.732+0000] {processor.py:914} INFO - Processing file /opt/airflow/dags/spark_airflow.py for tasks to queue
[2024-11-04T21:33:19.733+0000] {logging_mixin.py:190} INFO - [2024-11-04T21:33:19.733+0000] {dagbag.py:588} INFO - Filling up the DagBag from /opt/airflow/dags/spark_airflow.py
[2024-11-04T21:33:19.748+0000] {processor.py:925} INFO - DAG(s) 'sparking_flow' retrieved from /opt/airflow/dags/spark_airflow.py
[2024-11-04T21:33:19.772+0000] {logging_mixin.py:190} INFO - [2024-11-04T21:33:19.772+0000] {dag.py:3239} INFO - Sync 1 DAGs
[2024-11-04T21:33:19.791+0000] {logging_mixin.py:190} INFO - [2024-11-04T21:33:19.791+0000] {dag.py:4180} INFO - Setting next_dagrun for sparking_flow to 2024-11-04 00:00:00+00:00, run_after=2024-11-05 00:00:00+00:00
[2024-11-04T21:33:19.806+0000] {processor.py:208} INFO - Processing /opt/airflow/dags/spark_airflow.py took 0.079 seconds
[2024-11-04T21:33:49.961+0000] {processor.py:186} INFO - Started process (PID=77906) to work on /opt/airflow/dags/spark_airflow.py
[2024-11-04T21:33:49.961+0000] {processor.py:914} INFO - Processing file /opt/airflow/dags/spark_airflow.py for tasks to queue
[2024-11-04T21:33:49.962+0000] {logging_mixin.py:190} INFO - [2024-11-04T21:33:49.962+0000] {dagbag.py:588} INFO - Filling up the DagBag from /opt/airflow/dags/spark_airflow.py
[2024-11-04T21:33:49.979+0000] {processor.py:925} INFO - DAG(s) 'sparking_flow' retrieved from /opt/airflow/dags/spark_airflow.py
[2024-11-04T21:33:50.002+0000] {logging_mixin.py:190} INFO - [2024-11-04T21:33:50.001+0000] {dag.py:3239} INFO - Sync 1 DAGs
[2024-11-04T21:33:50.021+0000] {logging_mixin.py:190} INFO - [2024-11-04T21:33:50.021+0000] {dag.py:4180} INFO - Setting next_dagrun for sparking_flow to 2024-11-04 00:00:00+00:00, run_after=2024-11-05 00:00:00+00:00
[2024-11-04T21:33:50.038+0000] {processor.py:208} INFO - Processing /opt/airflow/dags/spark_airflow.py took 0.081 seconds
[2024-11-04T21:34:20.133+0000] {processor.py:186} INFO - Started process (PID=77911) to work on /opt/airflow/dags/spark_airflow.py
[2024-11-04T21:34:20.134+0000] {processor.py:914} INFO - Processing file /opt/airflow/dags/spark_airflow.py for tasks to queue
[2024-11-04T21:34:20.135+0000] {logging_mixin.py:190} INFO - [2024-11-04T21:34:20.135+0000] {dagbag.py:588} INFO - Filling up the DagBag from /opt/airflow/dags/spark_airflow.py
[2024-11-04T21:34:20.152+0000] {processor.py:925} INFO - DAG(s) 'sparking_flow' retrieved from /opt/airflow/dags/spark_airflow.py
[2024-11-04T21:34:20.174+0000] {logging_mixin.py:190} INFO - [2024-11-04T21:34:20.174+0000] {dag.py:3239} INFO - Sync 1 DAGs
[2024-11-04T21:34:20.195+0000] {logging_mixin.py:190} INFO - [2024-11-04T21:34:20.194+0000] {dag.py:4180} INFO - Setting next_dagrun for sparking_flow to 2024-11-04 00:00:00+00:00, run_after=2024-11-05 00:00:00+00:00
[2024-11-04T21:34:20.209+0000] {processor.py:208} INFO - Processing /opt/airflow/dags/spark_airflow.py took 0.081 seconds
[2024-11-04T21:34:50.363+0000] {processor.py:186} INFO - Started process (PID=77916) to work on /opt/airflow/dags/spark_airflow.py
[2024-11-04T21:34:50.364+0000] {processor.py:914} INFO - Processing file /opt/airflow/dags/spark_airflow.py for tasks to queue
[2024-11-04T21:34:50.365+0000] {logging_mixin.py:190} INFO - [2024-11-04T21:34:50.365+0000] {dagbag.py:588} INFO - Filling up the DagBag from /opt/airflow/dags/spark_airflow.py
[2024-11-04T21:34:50.382+0000] {processor.py:925} INFO - DAG(s) 'sparking_flow' retrieved from /opt/airflow/dags/spark_airflow.py
[2024-11-04T21:34:50.405+0000] {logging_mixin.py:190} INFO - [2024-11-04T21:34:50.405+0000] {dag.py:3239} INFO - Sync 1 DAGs
[2024-11-04T21:34:50.425+0000] {logging_mixin.py:190} INFO - [2024-11-04T21:34:50.425+0000] {dag.py:4180} INFO - Setting next_dagrun for sparking_flow to 2024-11-04 00:00:00+00:00, run_after=2024-11-05 00:00:00+00:00
[2024-11-04T21:34:50.440+0000] {processor.py:208} INFO - Processing /opt/airflow/dags/spark_airflow.py took 0.081 seconds
[2024-11-04T21:35:20.539+0000] {processor.py:186} INFO - Started process (PID=77921) to work on /opt/airflow/dags/spark_airflow.py
[2024-11-04T21:35:20.540+0000] {processor.py:914} INFO - Processing file /opt/airflow/dags/spark_airflow.py for tasks to queue
[2024-11-04T21:35:20.541+0000] {logging_mixin.py:190} INFO - [2024-11-04T21:35:20.541+0000] {dagbag.py:588} INFO - Filling up the DagBag from /opt/airflow/dags/spark_airflow.py
[2024-11-04T21:35:20.558+0000] {processor.py:925} INFO - DAG(s) 'sparking_flow' retrieved from /opt/airflow/dags/spark_airflow.py
[2024-11-04T21:35:20.582+0000] {logging_mixin.py:190} INFO - [2024-11-04T21:35:20.582+0000] {dag.py:3239} INFO - Sync 1 DAGs
[2024-11-04T21:35:20.601+0000] {logging_mixin.py:190} INFO - [2024-11-04T21:35:20.601+0000] {dag.py:4180} INFO - Setting next_dagrun for sparking_flow to 2024-11-04 00:00:00+00:00, run_after=2024-11-05 00:00:00+00:00
[2024-11-04T21:35:20.617+0000] {processor.py:208} INFO - Processing /opt/airflow/dags/spark_airflow.py took 0.082 seconds
[2024-11-04T21:35:50.787+0000] {processor.py:186} INFO - Started process (PID=77926) to work on /opt/airflow/dags/spark_airflow.py
[2024-11-04T21:35:50.787+0000] {processor.py:914} INFO - Processing file /opt/airflow/dags/spark_airflow.py for tasks to queue
[2024-11-04T21:35:50.788+0000] {logging_mixin.py:190} INFO - [2024-11-04T21:35:50.788+0000] {dagbag.py:588} INFO - Filling up the DagBag from /opt/airflow/dags/spark_airflow.py
[2024-11-04T21:35:50.805+0000] {processor.py:925} INFO - DAG(s) 'sparking_flow' retrieved from /opt/airflow/dags/spark_airflow.py
[2024-11-04T21:35:50.828+0000] {logging_mixin.py:190} INFO - [2024-11-04T21:35:50.828+0000] {dag.py:3239} INFO - Sync 1 DAGs
[2024-11-04T21:35:50.850+0000] {logging_mixin.py:190} INFO - [2024-11-04T21:35:50.849+0000] {dag.py:4180} INFO - Setting next_dagrun for sparking_flow to 2024-11-04 00:00:00+00:00, run_after=2024-11-05 00:00:00+00:00
[2024-11-04T21:35:50.865+0000] {processor.py:208} INFO - Processing /opt/airflow/dags/spark_airflow.py took 0.082 seconds
[2024-11-04T21:36:20.961+0000] {processor.py:186} INFO - Started process (PID=77931) to work on /opt/airflow/dags/spark_airflow.py
[2024-11-04T21:36:20.961+0000] {processor.py:914} INFO - Processing file /opt/airflow/dags/spark_airflow.py for tasks to queue
[2024-11-04T21:36:20.963+0000] {logging_mixin.py:190} INFO - [2024-11-04T21:36:20.962+0000] {dagbag.py:588} INFO - Filling up the DagBag from /opt/airflow/dags/spark_airflow.py
[2024-11-04T21:36:20.982+0000] {processor.py:925} INFO - DAG(s) 'sparking_flow' retrieved from /opt/airflow/dags/spark_airflow.py
[2024-11-04T21:36:21.005+0000] {logging_mixin.py:190} INFO - [2024-11-04T21:36:21.005+0000] {dag.py:3239} INFO - Sync 1 DAGs
[2024-11-04T21:36:21.025+0000] {logging_mixin.py:190} INFO - [2024-11-04T21:36:21.025+0000] {dag.py:4180} INFO - Setting next_dagrun for sparking_flow to 2024-11-04 00:00:00+00:00, run_after=2024-11-05 00:00:00+00:00
[2024-11-04T21:36:21.040+0000] {processor.py:208} INFO - Processing /opt/airflow/dags/spark_airflow.py took 0.085 seconds
[2024-11-04T21:36:51.181+0000] {processor.py:186} INFO - Started process (PID=77936) to work on /opt/airflow/dags/spark_airflow.py
[2024-11-04T21:36:51.182+0000] {processor.py:914} INFO - Processing file /opt/airflow/dags/spark_airflow.py for tasks to queue
[2024-11-04T21:36:51.183+0000] {logging_mixin.py:190} INFO - [2024-11-04T21:36:51.183+0000] {dagbag.py:588} INFO - Filling up the DagBag from /opt/airflow/dags/spark_airflow.py
[2024-11-04T21:36:51.200+0000] {processor.py:925} INFO - DAG(s) 'sparking_flow' retrieved from /opt/airflow/dags/spark_airflow.py
[2024-11-04T21:36:51.224+0000] {logging_mixin.py:190} INFO - [2024-11-04T21:36:51.224+0000] {dag.py:3239} INFO - Sync 1 DAGs
[2024-11-04T21:36:51.247+0000] {logging_mixin.py:190} INFO - [2024-11-04T21:36:51.246+0000] {dag.py:4180} INFO - Setting next_dagrun for sparking_flow to 2024-11-04 00:00:00+00:00, run_after=2024-11-05 00:00:00+00:00
[2024-11-04T21:36:51.263+0000] {processor.py:208} INFO - Processing /opt/airflow/dags/spark_airflow.py took 0.086 seconds
[2024-11-04T21:37:21.357+0000] {processor.py:186} INFO - Started process (PID=77941) to work on /opt/airflow/dags/spark_airflow.py
[2024-11-04T21:37:21.357+0000] {processor.py:914} INFO - Processing file /opt/airflow/dags/spark_airflow.py for tasks to queue
[2024-11-04T21:37:21.358+0000] {logging_mixin.py:190} INFO - [2024-11-04T21:37:21.358+0000] {dagbag.py:588} INFO - Filling up the DagBag from /opt/airflow/dags/spark_airflow.py
[2024-11-04T21:37:21.375+0000] {processor.py:925} INFO - DAG(s) 'sparking_flow' retrieved from /opt/airflow/dags/spark_airflow.py
[2024-11-04T21:37:21.400+0000] {logging_mixin.py:190} INFO - [2024-11-04T21:37:21.400+0000] {dag.py:3239} INFO - Sync 1 DAGs
[2024-11-04T21:37:21.422+0000] {logging_mixin.py:190} INFO - [2024-11-04T21:37:21.421+0000] {dag.py:4180} INFO - Setting next_dagrun for sparking_flow to 2024-11-04 00:00:00+00:00, run_after=2024-11-05 00:00:00+00:00
[2024-11-04T21:37:21.436+0000] {processor.py:208} INFO - Processing /opt/airflow/dags/spark_airflow.py took 0.084 seconds
[2024-11-04T21:37:51.589+0000] {processor.py:186} INFO - Started process (PID=77946) to work on /opt/airflow/dags/spark_airflow.py
[2024-11-04T21:37:51.590+0000] {processor.py:914} INFO - Processing file /opt/airflow/dags/spark_airflow.py for tasks to queue
[2024-11-04T21:37:51.591+0000] {logging_mixin.py:190} INFO - [2024-11-04T21:37:51.591+0000] {dagbag.py:588} INFO - Filling up the DagBag from /opt/airflow/dags/spark_airflow.py
[2024-11-04T21:37:51.610+0000] {processor.py:925} INFO - DAG(s) 'sparking_flow' retrieved from /opt/airflow/dags/spark_airflow.py
[2024-11-04T21:37:51.634+0000] {logging_mixin.py:190} INFO - [2024-11-04T21:37:51.634+0000] {dag.py:3239} INFO - Sync 1 DAGs
[2024-11-04T21:37:51.656+0000] {logging_mixin.py:190} INFO - [2024-11-04T21:37:51.655+0000] {dag.py:4180} INFO - Setting next_dagrun for sparking_flow to 2024-11-04 00:00:00+00:00, run_after=2024-11-05 00:00:00+00:00
[2024-11-04T21:37:51.671+0000] {processor.py:208} INFO - Processing /opt/airflow/dags/spark_airflow.py took 0.087 seconds
[2024-11-04T21:38:21.765+0000] {processor.py:186} INFO - Started process (PID=77951) to work on /opt/airflow/dags/spark_airflow.py
[2024-11-04T21:38:21.766+0000] {processor.py:914} INFO - Processing file /opt/airflow/dags/spark_airflow.py for tasks to queue
[2024-11-04T21:38:21.767+0000] {logging_mixin.py:190} INFO - [2024-11-04T21:38:21.767+0000] {dagbag.py:588} INFO - Filling up the DagBag from /opt/airflow/dags/spark_airflow.py
[2024-11-04T21:38:21.782+0000] {processor.py:925} INFO - DAG(s) 'sparking_flow' retrieved from /opt/airflow/dags/spark_airflow.py
[2024-11-04T21:38:21.805+0000] {logging_mixin.py:190} INFO - [2024-11-04T21:38:21.804+0000] {dag.py:3239} INFO - Sync 1 DAGs
[2024-11-04T21:38:21.824+0000] {logging_mixin.py:190} INFO - [2024-11-04T21:38:21.824+0000] {dag.py:4180} INFO - Setting next_dagrun for sparking_flow to 2024-11-04 00:00:00+00:00, run_after=2024-11-05 00:00:00+00:00
[2024-11-04T21:38:21.839+0000] {processor.py:208} INFO - Processing /opt/airflow/dags/spark_airflow.py took 0.078 seconds
[2024-11-04T21:38:51.997+0000] {processor.py:186} INFO - Started process (PID=77956) to work on /opt/airflow/dags/spark_airflow.py
[2024-11-04T21:38:51.997+0000] {processor.py:914} INFO - Processing file /opt/airflow/dags/spark_airflow.py for tasks to queue
[2024-11-04T21:38:51.998+0000] {logging_mixin.py:190} INFO - [2024-11-04T21:38:51.998+0000] {dagbag.py:588} INFO - Filling up the DagBag from /opt/airflow/dags/spark_airflow.py
[2024-11-04T21:38:52.016+0000] {processor.py:925} INFO - DAG(s) 'sparking_flow' retrieved from /opt/airflow/dags/spark_airflow.py
[2024-11-04T21:38:52.039+0000] {logging_mixin.py:190} INFO - [2024-11-04T21:38:52.039+0000] {dag.py:3239} INFO - Sync 1 DAGs
[2024-11-04T21:38:52.059+0000] {logging_mixin.py:190} INFO - [2024-11-04T21:38:52.059+0000] {dag.py:4180} INFO - Setting next_dagrun for sparking_flow to 2024-11-04 00:00:00+00:00, run_after=2024-11-05 00:00:00+00:00
[2024-11-04T21:38:52.074+0000] {processor.py:208} INFO - Processing /opt/airflow/dags/spark_airflow.py took 0.081 seconds
[2024-11-04T21:39:22.173+0000] {processor.py:186} INFO - Started process (PID=77961) to work on /opt/airflow/dags/spark_airflow.py
[2024-11-04T21:39:22.173+0000] {processor.py:914} INFO - Processing file /opt/airflow/dags/spark_airflow.py for tasks to queue
[2024-11-04T21:39:22.174+0000] {logging_mixin.py:190} INFO - [2024-11-04T21:39:22.174+0000] {dagbag.py:588} INFO - Filling up the DagBag from /opt/airflow/dags/spark_airflow.py
[2024-11-04T21:39:22.191+0000] {processor.py:925} INFO - DAG(s) 'sparking_flow' retrieved from /opt/airflow/dags/spark_airflow.py
[2024-11-04T21:39:22.216+0000] {logging_mixin.py:190} INFO - [2024-11-04T21:39:22.216+0000] {dag.py:3239} INFO - Sync 1 DAGs
[2024-11-04T21:39:22.238+0000] {logging_mixin.py:190} INFO - [2024-11-04T21:39:22.238+0000] {dag.py:4180} INFO - Setting next_dagrun for sparking_flow to 2024-11-04 00:00:00+00:00, run_after=2024-11-05 00:00:00+00:00
[2024-11-04T21:39:22.254+0000] {processor.py:208} INFO - Processing /opt/airflow/dags/spark_airflow.py took 0.085 seconds
[2024-11-04T21:39:52.397+0000] {processor.py:186} INFO - Started process (PID=77966) to work on /opt/airflow/dags/spark_airflow.py
[2024-11-04T21:39:52.398+0000] {processor.py:914} INFO - Processing file /opt/airflow/dags/spark_airflow.py for tasks to queue
[2024-11-04T21:39:52.399+0000] {logging_mixin.py:190} INFO - [2024-11-04T21:39:52.399+0000] {dagbag.py:588} INFO - Filling up the DagBag from /opt/airflow/dags/spark_airflow.py
[2024-11-04T21:39:52.414+0000] {processor.py:925} INFO - DAG(s) 'sparking_flow' retrieved from /opt/airflow/dags/spark_airflow.py
[2024-11-04T21:39:52.437+0000] {logging_mixin.py:190} INFO - [2024-11-04T21:39:52.437+0000] {dag.py:3239} INFO - Sync 1 DAGs
[2024-11-04T21:39:52.456+0000] {logging_mixin.py:190} INFO - [2024-11-04T21:39:52.456+0000] {dag.py:4180} INFO - Setting next_dagrun for sparking_flow to 2024-11-04 00:00:00+00:00, run_after=2024-11-05 00:00:00+00:00
[2024-11-04T21:39:52.472+0000] {processor.py:208} INFO - Processing /opt/airflow/dags/spark_airflow.py took 0.078 seconds
[2024-11-04T21:40:22.572+0000] {processor.py:186} INFO - Started process (PID=77971) to work on /opt/airflow/dags/spark_airflow.py
[2024-11-04T21:40:22.573+0000] {processor.py:914} INFO - Processing file /opt/airflow/dags/spark_airflow.py for tasks to queue
[2024-11-04T21:40:22.574+0000] {logging_mixin.py:190} INFO - [2024-11-04T21:40:22.573+0000] {dagbag.py:588} INFO - Filling up the DagBag from /opt/airflow/dags/spark_airflow.py
[2024-11-04T21:40:22.589+0000] {processor.py:925} INFO - DAG(s) 'sparking_flow' retrieved from /opt/airflow/dags/spark_airflow.py
[2024-11-04T21:40:22.614+0000] {logging_mixin.py:190} INFO - [2024-11-04T21:40:22.613+0000] {dag.py:3239} INFO - Sync 1 DAGs
[2024-11-04T21:40:22.636+0000] {logging_mixin.py:190} INFO - [2024-11-04T21:40:22.636+0000] {dag.py:4180} INFO - Setting next_dagrun for sparking_flow to 2024-11-04 00:00:00+00:00, run_after=2024-11-05 00:00:00+00:00
[2024-11-04T21:40:22.652+0000] {processor.py:208} INFO - Processing /opt/airflow/dags/spark_airflow.py took 0.084 seconds
[2024-11-04T21:40:52.828+0000] {processor.py:186} INFO - Started process (PID=77976) to work on /opt/airflow/dags/spark_airflow.py
[2024-11-04T21:40:52.829+0000] {processor.py:914} INFO - Processing file /opt/airflow/dags/spark_airflow.py for tasks to queue
[2024-11-04T21:40:52.830+0000] {logging_mixin.py:190} INFO - [2024-11-04T21:40:52.829+0000] {dagbag.py:588} INFO - Filling up the DagBag from /opt/airflow/dags/spark_airflow.py
[2024-11-04T21:40:52.847+0000] {processor.py:925} INFO - DAG(s) 'sparking_flow' retrieved from /opt/airflow/dags/spark_airflow.py
[2024-11-04T21:40:52.871+0000] {logging_mixin.py:190} INFO - [2024-11-04T21:40:52.871+0000] {dag.py:3239} INFO - Sync 1 DAGs
[2024-11-04T21:40:52.893+0000] {logging_mixin.py:190} INFO - [2024-11-04T21:40:52.892+0000] {dag.py:4180} INFO - Setting next_dagrun for sparking_flow to 2024-11-04 00:00:00+00:00, run_after=2024-11-05 00:00:00+00:00
[2024-11-04T21:40:52.909+0000] {processor.py:208} INFO - Processing /opt/airflow/dags/spark_airflow.py took 0.085 seconds
[2024-11-04T21:41:23.007+0000] {processor.py:186} INFO - Started process (PID=77981) to work on /opt/airflow/dags/spark_airflow.py
[2024-11-04T21:41:23.008+0000] {processor.py:914} INFO - Processing file /opt/airflow/dags/spark_airflow.py for tasks to queue
[2024-11-04T21:41:23.009+0000] {logging_mixin.py:190} INFO - [2024-11-04T21:41:23.009+0000] {dagbag.py:588} INFO - Filling up the DagBag from /opt/airflow/dags/spark_airflow.py
[2024-11-04T21:41:23.024+0000] {processor.py:925} INFO - DAG(s) 'sparking_flow' retrieved from /opt/airflow/dags/spark_airflow.py
[2024-11-04T21:41:23.047+0000] {logging_mixin.py:190} INFO - [2024-11-04T21:41:23.046+0000] {dag.py:3239} INFO - Sync 1 DAGs
[2024-11-04T21:41:23.066+0000] {logging_mixin.py:190} INFO - [2024-11-04T21:41:23.066+0000] {dag.py:4180} INFO - Setting next_dagrun for sparking_flow to 2024-11-04 00:00:00+00:00, run_after=2024-11-05 00:00:00+00:00
[2024-11-04T21:41:23.081+0000] {processor.py:208} INFO - Processing /opt/airflow/dags/spark_airflow.py took 0.078 seconds
[2024-11-04T21:41:53.236+0000] {processor.py:186} INFO - Started process (PID=77986) to work on /opt/airflow/dags/spark_airflow.py
[2024-11-04T21:41:53.236+0000] {processor.py:914} INFO - Processing file /opt/airflow/dags/spark_airflow.py for tasks to queue
[2024-11-04T21:41:53.237+0000] {logging_mixin.py:190} INFO - [2024-11-04T21:41:53.237+0000] {dagbag.py:588} INFO - Filling up the DagBag from /opt/airflow/dags/spark_airflow.py
[2024-11-04T21:41:53.252+0000] {processor.py:925} INFO - DAG(s) 'sparking_flow' retrieved from /opt/airflow/dags/spark_airflow.py
[2024-11-04T21:41:53.276+0000] {logging_mixin.py:190} INFO - [2024-11-04T21:41:53.276+0000] {dag.py:3239} INFO - Sync 1 DAGs
[2024-11-04T21:41:53.297+0000] {logging_mixin.py:190} INFO - [2024-11-04T21:41:53.297+0000] {dag.py:4180} INFO - Setting next_dagrun for sparking_flow to 2024-11-04 00:00:00+00:00, run_after=2024-11-05 00:00:00+00:00
[2024-11-04T21:41:53.312+0000] {processor.py:208} INFO - Processing /opt/airflow/dags/spark_airflow.py took 0.080 seconds
[2024-11-04T21:42:23.416+0000] {processor.py:186} INFO - Started process (PID=77991) to work on /opt/airflow/dags/spark_airflow.py
[2024-11-04T21:42:23.417+0000] {processor.py:914} INFO - Processing file /opt/airflow/dags/spark_airflow.py for tasks to queue
[2024-11-04T21:42:23.418+0000] {logging_mixin.py:190} INFO - [2024-11-04T21:42:23.418+0000] {dagbag.py:588} INFO - Filling up the DagBag from /opt/airflow/dags/spark_airflow.py
[2024-11-04T21:42:23.433+0000] {processor.py:925} INFO - DAG(s) 'sparking_flow' retrieved from /opt/airflow/dags/spark_airflow.py
[2024-11-04T21:42:23.457+0000] {logging_mixin.py:190} INFO - [2024-11-04T21:42:23.457+0000] {dag.py:3239} INFO - Sync 1 DAGs
[2024-11-04T21:42:23.476+0000] {logging_mixin.py:190} INFO - [2024-11-04T21:42:23.476+0000] {dag.py:4180} INFO - Setting next_dagrun for sparking_flow to 2024-11-04 00:00:00+00:00, run_after=2024-11-05 00:00:00+00:00
[2024-11-04T21:42:23.493+0000] {processor.py:208} INFO - Processing /opt/airflow/dags/spark_airflow.py took 0.081 seconds
[2024-11-04T21:42:53.643+0000] {processor.py:186} INFO - Started process (PID=77996) to work on /opt/airflow/dags/spark_airflow.py
[2024-11-04T21:42:53.644+0000] {processor.py:914} INFO - Processing file /opt/airflow/dags/spark_airflow.py for tasks to queue
[2024-11-04T21:42:53.645+0000] {logging_mixin.py:190} INFO - [2024-11-04T21:42:53.644+0000] {dagbag.py:588} INFO - Filling up the DagBag from /opt/airflow/dags/spark_airflow.py
[2024-11-04T21:42:53.661+0000] {processor.py:925} INFO - DAG(s) 'sparking_flow' retrieved from /opt/airflow/dags/spark_airflow.py
[2024-11-04T21:42:53.685+0000] {logging_mixin.py:190} INFO - [2024-11-04T21:42:53.685+0000] {dag.py:3239} INFO - Sync 1 DAGs
[2024-11-04T21:42:53.709+0000] {logging_mixin.py:190} INFO - [2024-11-04T21:42:53.709+0000] {dag.py:4180} INFO - Setting next_dagrun for sparking_flow to 2024-11-04 00:00:00+00:00, run_after=2024-11-05 00:00:00+00:00
[2024-11-04T21:42:53.726+0000] {processor.py:208} INFO - Processing /opt/airflow/dags/spark_airflow.py took 0.087 seconds
[2024-11-04T21:43:23.831+0000] {processor.py:186} INFO - Started process (PID=78001) to work on /opt/airflow/dags/spark_airflow.py
[2024-11-04T21:43:23.831+0000] {processor.py:914} INFO - Processing file /opt/airflow/dags/spark_airflow.py for tasks to queue
[2024-11-04T21:43:23.833+0000] {logging_mixin.py:190} INFO - [2024-11-04T21:43:23.832+0000] {dagbag.py:588} INFO - Filling up the DagBag from /opt/airflow/dags/spark_airflow.py
[2024-11-04T21:43:23.851+0000] {processor.py:925} INFO - DAG(s) 'sparking_flow' retrieved from /opt/airflow/dags/spark_airflow.py
[2024-11-04T21:43:23.874+0000] {logging_mixin.py:190} INFO - [2024-11-04T21:43:23.874+0000] {dag.py:3239} INFO - Sync 1 DAGs
[2024-11-04T21:43:23.895+0000] {logging_mixin.py:190} INFO - [2024-11-04T21:43:23.894+0000] {dag.py:4180} INFO - Setting next_dagrun for sparking_flow to 2024-11-04 00:00:00+00:00, run_after=2024-11-05 00:00:00+00:00
[2024-11-04T21:43:23.912+0000] {processor.py:208} INFO - Processing /opt/airflow/dags/spark_airflow.py took 0.086 seconds
[2024-11-04T21:43:54.071+0000] {processor.py:186} INFO - Started process (PID=78006) to work on /opt/airflow/dags/spark_airflow.py
[2024-11-04T21:43:54.072+0000] {processor.py:914} INFO - Processing file /opt/airflow/dags/spark_airflow.py for tasks to queue
[2024-11-04T21:43:54.073+0000] {logging_mixin.py:190} INFO - [2024-11-04T21:43:54.073+0000] {dagbag.py:588} INFO - Filling up the DagBag from /opt/airflow/dags/spark_airflow.py
[2024-11-04T21:43:54.092+0000] {processor.py:925} INFO - DAG(s) 'sparking_flow' retrieved from /opt/airflow/dags/spark_airflow.py
[2024-11-04T21:43:54.119+0000] {logging_mixin.py:190} INFO - [2024-11-04T21:43:54.119+0000] {dag.py:3239} INFO - Sync 1 DAGs
[2024-11-04T21:43:54.142+0000] {logging_mixin.py:190} INFO - [2024-11-04T21:43:54.142+0000] {dag.py:4180} INFO - Setting next_dagrun for sparking_flow to 2024-11-04 00:00:00+00:00, run_after=2024-11-05 00:00:00+00:00
[2024-11-04T21:43:54.162+0000] {processor.py:208} INFO - Processing /opt/airflow/dags/spark_airflow.py took 0.096 seconds
[2024-11-04T21:44:24.247+0000] {processor.py:186} INFO - Started process (PID=78011) to work on /opt/airflow/dags/spark_airflow.py
[2024-11-04T21:44:24.248+0000] {processor.py:914} INFO - Processing file /opt/airflow/dags/spark_airflow.py for tasks to queue
[2024-11-04T21:44:24.249+0000] {logging_mixin.py:190} INFO - [2024-11-04T21:44:24.249+0000] {dagbag.py:588} INFO - Filling up the DagBag from /opt/airflow/dags/spark_airflow.py
[2024-11-04T21:44:24.266+0000] {processor.py:925} INFO - DAG(s) 'sparking_flow' retrieved from /opt/airflow/dags/spark_airflow.py
[2024-11-04T21:44:24.291+0000] {logging_mixin.py:190} INFO - [2024-11-04T21:44:24.291+0000] {dag.py:3239} INFO - Sync 1 DAGs
[2024-11-04T21:44:24.314+0000] {logging_mixin.py:190} INFO - [2024-11-04T21:44:24.314+0000] {dag.py:4180} INFO - Setting next_dagrun for sparking_flow to 2024-11-04 00:00:00+00:00, run_after=2024-11-05 00:00:00+00:00
[2024-11-04T21:44:24.331+0000] {processor.py:208} INFO - Processing /opt/airflow/dags/spark_airflow.py took 0.088 seconds
[2024-11-04T21:44:54.490+0000] {processor.py:186} INFO - Started process (PID=78016) to work on /opt/airflow/dags/spark_airflow.py
[2024-11-04T21:44:54.491+0000] {processor.py:914} INFO - Processing file /opt/airflow/dags/spark_airflow.py for tasks to queue
[2024-11-04T21:44:54.493+0000] {logging_mixin.py:190} INFO - [2024-11-04T21:44:54.492+0000] {dagbag.py:588} INFO - Filling up the DagBag from /opt/airflow/dags/spark_airflow.py
[2024-11-04T21:44:54.510+0000] {processor.py:925} INFO - DAG(s) 'sparking_flow' retrieved from /opt/airflow/dags/spark_airflow.py
[2024-11-04T21:44:54.534+0000] {logging_mixin.py:190} INFO - [2024-11-04T21:44:54.533+0000] {dag.py:3239} INFO - Sync 1 DAGs
[2024-11-04T21:44:54.555+0000] {logging_mixin.py:190} INFO - [2024-11-04T21:44:54.555+0000] {dag.py:4180} INFO - Setting next_dagrun for sparking_flow to 2024-11-04 00:00:00+00:00, run_after=2024-11-05 00:00:00+00:00
[2024-11-04T21:44:54.571+0000] {processor.py:208} INFO - Processing /opt/airflow/dags/spark_airflow.py took 0.086 seconds
[2024-11-04T21:45:24.671+0000] {processor.py:186} INFO - Started process (PID=78021) to work on /opt/airflow/dags/spark_airflow.py
[2024-11-04T21:45:24.671+0000] {processor.py:914} INFO - Processing file /opt/airflow/dags/spark_airflow.py for tasks to queue
[2024-11-04T21:45:24.672+0000] {logging_mixin.py:190} INFO - [2024-11-04T21:45:24.672+0000] {dagbag.py:588} INFO - Filling up the DagBag from /opt/airflow/dags/spark_airflow.py
[2024-11-04T21:45:24.689+0000] {processor.py:925} INFO - DAG(s) 'sparking_flow' retrieved from /opt/airflow/dags/spark_airflow.py
[2024-11-04T21:45:24.712+0000] {logging_mixin.py:190} INFO - [2024-11-04T21:45:24.712+0000] {dag.py:3239} INFO - Sync 1 DAGs
[2024-11-04T21:45:24.731+0000] {logging_mixin.py:190} INFO - [2024-11-04T21:45:24.731+0000] {dag.py:4180} INFO - Setting next_dagrun for sparking_flow to 2024-11-04 00:00:00+00:00, run_after=2024-11-05 00:00:00+00:00
[2024-11-04T21:45:24.748+0000] {processor.py:208} INFO - Processing /opt/airflow/dags/spark_airflow.py took 0.082 seconds
[2024-11-04T21:45:54.944+0000] {processor.py:186} INFO - Started process (PID=78026) to work on /opt/airflow/dags/spark_airflow.py
[2024-11-04T21:45:54.944+0000] {processor.py:914} INFO - Processing file /opt/airflow/dags/spark_airflow.py for tasks to queue
[2024-11-04T21:45:54.945+0000] {logging_mixin.py:190} INFO - [2024-11-04T21:45:54.945+0000] {dagbag.py:588} INFO - Filling up the DagBag from /opt/airflow/dags/spark_airflow.py
[2024-11-04T21:45:54.963+0000] {processor.py:925} INFO - DAG(s) 'sparking_flow' retrieved from /opt/airflow/dags/spark_airflow.py
[2024-11-04T21:45:54.988+0000] {logging_mixin.py:190} INFO - [2024-11-04T21:45:54.988+0000] {dag.py:3239} INFO - Sync 1 DAGs
[2024-11-04T21:45:55.010+0000] {logging_mixin.py:190} INFO - [2024-11-04T21:45:55.010+0000] {dag.py:4180} INFO - Setting next_dagrun for sparking_flow to 2024-11-04 00:00:00+00:00, run_after=2024-11-05 00:00:00+00:00
[2024-11-04T21:45:55.026+0000] {processor.py:208} INFO - Processing /opt/airflow/dags/spark_airflow.py took 0.086 seconds
[2024-11-04T21:46:25.117+0000] {processor.py:186} INFO - Started process (PID=78031) to work on /opt/airflow/dags/spark_airflow.py
[2024-11-04T21:46:25.118+0000] {processor.py:914} INFO - Processing file /opt/airflow/dags/spark_airflow.py for tasks to queue
[2024-11-04T21:46:25.118+0000] {logging_mixin.py:190} INFO - [2024-11-04T21:46:25.118+0000] {dagbag.py:588} INFO - Filling up the DagBag from /opt/airflow/dags/spark_airflow.py
[2024-11-04T21:46:25.135+0000] {processor.py:925} INFO - DAG(s) 'sparking_flow' retrieved from /opt/airflow/dags/spark_airflow.py
[2024-11-04T21:46:25.159+0000] {logging_mixin.py:190} INFO - [2024-11-04T21:46:25.159+0000] {dag.py:3239} INFO - Sync 1 DAGs
[2024-11-04T21:46:25.181+0000] {logging_mixin.py:190} INFO - [2024-11-04T21:46:25.181+0000] {dag.py:4180} INFO - Setting next_dagrun for sparking_flow to 2024-11-04 00:00:00+00:00, run_after=2024-11-05 00:00:00+00:00
[2024-11-04T21:46:25.198+0000] {processor.py:208} INFO - Processing /opt/airflow/dags/spark_airflow.py took 0.086 seconds
[2024-11-04T21:46:55.358+0000] {processor.py:186} INFO - Started process (PID=78036) to work on /opt/airflow/dags/spark_airflow.py
[2024-11-04T21:46:55.359+0000] {processor.py:914} INFO - Processing file /opt/airflow/dags/spark_airflow.py for tasks to queue
[2024-11-04T21:46:55.360+0000] {logging_mixin.py:190} INFO - [2024-11-04T21:46:55.360+0000] {dagbag.py:588} INFO - Filling up the DagBag from /opt/airflow/dags/spark_airflow.py
[2024-11-04T21:46:55.377+0000] {processor.py:925} INFO - DAG(s) 'sparking_flow' retrieved from /opt/airflow/dags/spark_airflow.py
[2024-11-04T21:46:55.401+0000] {logging_mixin.py:190} INFO - [2024-11-04T21:46:55.400+0000] {dag.py:3239} INFO - Sync 1 DAGs
[2024-11-04T21:46:55.422+0000] {logging_mixin.py:190} INFO - [2024-11-04T21:46:55.421+0000] {dag.py:4180} INFO - Setting next_dagrun for sparking_flow to 2024-11-04 00:00:00+00:00, run_after=2024-11-05 00:00:00+00:00
[2024-11-04T21:46:55.438+0000] {processor.py:208} INFO - Processing /opt/airflow/dags/spark_airflow.py took 0.084 seconds
[2024-11-04T21:47:25.544+0000] {processor.py:186} INFO - Started process (PID=78041) to work on /opt/airflow/dags/spark_airflow.py
[2024-11-04T21:47:25.545+0000] {processor.py:914} INFO - Processing file /opt/airflow/dags/spark_airflow.py for tasks to queue
[2024-11-04T21:47:25.546+0000] {logging_mixin.py:190} INFO - [2024-11-04T21:47:25.546+0000] {dagbag.py:588} INFO - Filling up the DagBag from /opt/airflow/dags/spark_airflow.py
[2024-11-04T21:47:25.564+0000] {processor.py:925} INFO - DAG(s) 'sparking_flow' retrieved from /opt/airflow/dags/spark_airflow.py
[2024-11-04T21:47:25.588+0000] {logging_mixin.py:190} INFO - [2024-11-04T21:47:25.588+0000] {dag.py:3239} INFO - Sync 1 DAGs
[2024-11-04T21:47:25.609+0000] {logging_mixin.py:190} INFO - [2024-11-04T21:47:25.609+0000] {dag.py:4180} INFO - Setting next_dagrun for sparking_flow to 2024-11-04 00:00:00+00:00, run_after=2024-11-05 00:00:00+00:00
[2024-11-04T21:47:25.625+0000] {processor.py:208} INFO - Processing /opt/airflow/dags/spark_airflow.py took 0.086 seconds
[2024-11-04T21:47:55.779+0000] {processor.py:186} INFO - Started process (PID=78046) to work on /opt/airflow/dags/spark_airflow.py
[2024-11-04T21:47:55.780+0000] {processor.py:914} INFO - Processing file /opt/airflow/dags/spark_airflow.py for tasks to queue
[2024-11-04T21:47:55.780+0000] {logging_mixin.py:190} INFO - [2024-11-04T21:47:55.780+0000] {dagbag.py:588} INFO - Filling up the DagBag from /opt/airflow/dags/spark_airflow.py
[2024-11-04T21:47:55.798+0000] {processor.py:925} INFO - DAG(s) 'sparking_flow' retrieved from /opt/airflow/dags/spark_airflow.py
[2024-11-04T21:47:55.821+0000] {logging_mixin.py:190} INFO - [2024-11-04T21:47:55.821+0000] {dag.py:3239} INFO - Sync 1 DAGs
[2024-11-04T21:47:55.843+0000] {logging_mixin.py:190} INFO - [2024-11-04T21:47:55.843+0000] {dag.py:4180} INFO - Setting next_dagrun for sparking_flow to 2024-11-04 00:00:00+00:00, run_after=2024-11-05 00:00:00+00:00
[2024-11-04T21:47:55.862+0000] {processor.py:208} INFO - Processing /opt/airflow/dags/spark_airflow.py took 0.087 seconds
[2024-11-04T21:48:25.964+0000] {processor.py:186} INFO - Started process (PID=78051) to work on /opt/airflow/dags/spark_airflow.py
[2024-11-04T21:48:25.965+0000] {processor.py:914} INFO - Processing file /opt/airflow/dags/spark_airflow.py for tasks to queue
[2024-11-04T21:48:25.966+0000] {logging_mixin.py:190} INFO - [2024-11-04T21:48:25.966+0000] {dagbag.py:588} INFO - Filling up the DagBag from /opt/airflow/dags/spark_airflow.py
[2024-11-04T21:48:25.983+0000] {processor.py:925} INFO - DAG(s) 'sparking_flow' retrieved from /opt/airflow/dags/spark_airflow.py
[2024-11-04T21:48:26.007+0000] {logging_mixin.py:190} INFO - [2024-11-04T21:48:26.007+0000] {dag.py:3239} INFO - Sync 1 DAGs
[2024-11-04T21:48:26.029+0000] {logging_mixin.py:190} INFO - [2024-11-04T21:48:26.029+0000] {dag.py:4180} INFO - Setting next_dagrun for sparking_flow to 2024-11-04 00:00:00+00:00, run_after=2024-11-05 00:00:00+00:00
[2024-11-04T21:48:26.045+0000] {processor.py:208} INFO - Processing /opt/airflow/dags/spark_airflow.py took 0.086 seconds
[2024-11-04T21:48:56.202+0000] {processor.py:186} INFO - Started process (PID=78056) to work on /opt/airflow/dags/spark_airflow.py
[2024-11-04T21:48:56.202+0000] {processor.py:914} INFO - Processing file /opt/airflow/dags/spark_airflow.py for tasks to queue
[2024-11-04T21:48:56.204+0000] {logging_mixin.py:190} INFO - [2024-11-04T21:48:56.203+0000] {dagbag.py:588} INFO - Filling up the DagBag from /opt/airflow/dags/spark_airflow.py
[2024-11-04T21:48:56.223+0000] {processor.py:925} INFO - DAG(s) 'sparking_flow' retrieved from /opt/airflow/dags/spark_airflow.py
[2024-11-04T21:48:56.250+0000] {logging_mixin.py:190} INFO - [2024-11-04T21:48:56.249+0000] {dag.py:3239} INFO - Sync 1 DAGs
[2024-11-04T21:48:56.274+0000] {logging_mixin.py:190} INFO - [2024-11-04T21:48:56.274+0000] {dag.py:4180} INFO - Setting next_dagrun for sparking_flow to 2024-11-04 00:00:00+00:00, run_after=2024-11-05 00:00:00+00:00
[2024-11-04T21:48:56.293+0000] {processor.py:208} INFO - Processing /opt/airflow/dags/spark_airflow.py took 0.096 seconds
[2024-11-04T21:49:26.380+0000] {processor.py:186} INFO - Started process (PID=78061) to work on /opt/airflow/dags/spark_airflow.py
[2024-11-04T21:49:26.380+0000] {processor.py:914} INFO - Processing file /opt/airflow/dags/spark_airflow.py for tasks to queue
[2024-11-04T21:49:26.382+0000] {logging_mixin.py:190} INFO - [2024-11-04T21:49:26.381+0000] {dagbag.py:588} INFO - Filling up the DagBag from /opt/airflow/dags/spark_airflow.py
[2024-11-04T21:49:26.399+0000] {processor.py:925} INFO - DAG(s) 'sparking_flow' retrieved from /opt/airflow/dags/spark_airflow.py
[2024-11-04T21:49:26.424+0000] {logging_mixin.py:190} INFO - [2024-11-04T21:49:26.424+0000] {dag.py:3239} INFO - Sync 1 DAGs
[2024-11-04T21:49:26.445+0000] {logging_mixin.py:190} INFO - [2024-11-04T21:49:26.445+0000] {dag.py:4180} INFO - Setting next_dagrun for sparking_flow to 2024-11-04 00:00:00+00:00, run_after=2024-11-05 00:00:00+00:00
[2024-11-04T21:49:26.463+0000] {processor.py:208} INFO - Processing /opt/airflow/dags/spark_airflow.py took 0.088 seconds
[2024-11-04T21:49:56.619+0000] {processor.py:186} INFO - Started process (PID=78066) to work on /opt/airflow/dags/spark_airflow.py
[2024-11-04T21:49:56.620+0000] {processor.py:914} INFO - Processing file /opt/airflow/dags/spark_airflow.py for tasks to queue
[2024-11-04T21:49:56.620+0000] {logging_mixin.py:190} INFO - [2024-11-04T21:49:56.620+0000] {dagbag.py:588} INFO - Filling up the DagBag from /opt/airflow/dags/spark_airflow.py
[2024-11-04T21:49:56.640+0000] {processor.py:925} INFO - DAG(s) 'sparking_flow' retrieved from /opt/airflow/dags/spark_airflow.py
[2024-11-04T21:49:56.663+0000] {logging_mixin.py:190} INFO - [2024-11-04T21:49:56.663+0000] {dag.py:3239} INFO - Sync 1 DAGs
[2024-11-04T21:49:56.684+0000] {logging_mixin.py:190} INFO - [2024-11-04T21:49:56.684+0000] {dag.py:4180} INFO - Setting next_dagrun for sparking_flow to 2024-11-04 00:00:00+00:00, run_after=2024-11-05 00:00:00+00:00
[2024-11-04T21:49:56.700+0000] {processor.py:208} INFO - Processing /opt/airflow/dags/spark_airflow.py took 0.085 seconds
[2024-11-04T21:50:26.817+0000] {processor.py:186} INFO - Started process (PID=78071) to work on /opt/airflow/dags/spark_airflow.py
[2024-11-04T21:50:26.817+0000] {processor.py:914} INFO - Processing file /opt/airflow/dags/spark_airflow.py for tasks to queue
[2024-11-04T21:50:26.819+0000] {logging_mixin.py:190} INFO - [2024-11-04T21:50:26.818+0000] {dagbag.py:588} INFO - Filling up the DagBag from /opt/airflow/dags/spark_airflow.py
[2024-11-04T21:50:26.837+0000] {processor.py:925} INFO - DAG(s) 'sparking_flow' retrieved from /opt/airflow/dags/spark_airflow.py
[2024-11-04T21:50:26.861+0000] {logging_mixin.py:190} INFO - [2024-11-04T21:50:26.860+0000] {dag.py:3239} INFO - Sync 1 DAGs
[2024-11-04T21:50:26.880+0000] {logging_mixin.py:190} INFO - [2024-11-04T21:50:26.880+0000] {dag.py:4180} INFO - Setting next_dagrun for sparking_flow to 2024-11-04 00:00:00+00:00, run_after=2024-11-05 00:00:00+00:00
[2024-11-04T21:50:26.897+0000] {processor.py:208} INFO - Processing /opt/airflow/dags/spark_airflow.py took 0.084 seconds
[2024-11-04T21:50:57.020+0000] {processor.py:186} INFO - Started process (PID=78076) to work on /opt/airflow/dags/spark_airflow.py
[2024-11-04T21:50:57.021+0000] {processor.py:914} INFO - Processing file /opt/airflow/dags/spark_airflow.py for tasks to queue
[2024-11-04T21:50:57.022+0000] {logging_mixin.py:190} INFO - [2024-11-04T21:50:57.021+0000] {dagbag.py:588} INFO - Filling up the DagBag from /opt/airflow/dags/spark_airflow.py
[2024-11-04T21:50:57.039+0000] {processor.py:925} INFO - DAG(s) 'sparking_flow' retrieved from /opt/airflow/dags/spark_airflow.py
[2024-11-04T21:50:57.064+0000] {logging_mixin.py:190} INFO - [2024-11-04T21:50:57.064+0000] {dag.py:3239} INFO - Sync 1 DAGs
[2024-11-04T21:50:57.087+0000] {logging_mixin.py:190} INFO - [2024-11-04T21:50:57.086+0000] {dag.py:4180} INFO - Setting next_dagrun for sparking_flow to 2024-11-04 00:00:00+00:00, run_after=2024-11-05 00:00:00+00:00
[2024-11-04T21:50:57.106+0000] {processor.py:208} INFO - Processing /opt/airflow/dags/spark_airflow.py took 0.091 seconds
[2024-11-04T21:51:27.221+0000] {processor.py:186} INFO - Started process (PID=78081) to work on /opt/airflow/dags/spark_airflow.py
[2024-11-04T21:51:27.221+0000] {processor.py:914} INFO - Processing file /opt/airflow/dags/spark_airflow.py for tasks to queue
[2024-11-04T21:51:27.222+0000] {logging_mixin.py:190} INFO - [2024-11-04T21:51:27.222+0000] {dagbag.py:588} INFO - Filling up the DagBag from /opt/airflow/dags/spark_airflow.py
[2024-11-04T21:51:27.239+0000] {processor.py:925} INFO - DAG(s) 'sparking_flow' retrieved from /opt/airflow/dags/spark_airflow.py
[2024-11-04T21:51:27.264+0000] {logging_mixin.py:190} INFO - [2024-11-04T21:51:27.264+0000] {dag.py:3239} INFO - Sync 1 DAGs
[2024-11-04T21:51:27.286+0000] {logging_mixin.py:190} INFO - [2024-11-04T21:51:27.286+0000] {dag.py:4180} INFO - Setting next_dagrun for sparking_flow to 2024-11-04 00:00:00+00:00, run_after=2024-11-05 00:00:00+00:00
[2024-11-04T21:51:27.302+0000] {processor.py:208} INFO - Processing /opt/airflow/dags/spark_airflow.py took 0.085 seconds
[2024-11-04T21:51:57.429+0000] {processor.py:186} INFO - Started process (PID=78086) to work on /opt/airflow/dags/spark_airflow.py
[2024-11-04T21:51:57.429+0000] {processor.py:914} INFO - Processing file /opt/airflow/dags/spark_airflow.py for tasks to queue
[2024-11-04T21:51:57.431+0000] {logging_mixin.py:190} INFO - [2024-11-04T21:51:57.430+0000] {dagbag.py:588} INFO - Filling up the DagBag from /opt/airflow/dags/spark_airflow.py
[2024-11-04T21:51:57.448+0000] {processor.py:925} INFO - DAG(s) 'sparking_flow' retrieved from /opt/airflow/dags/spark_airflow.py
[2024-11-04T21:51:57.473+0000] {logging_mixin.py:190} INFO - [2024-11-04T21:51:57.473+0000] {dag.py:3239} INFO - Sync 1 DAGs
[2024-11-04T21:51:57.497+0000] {logging_mixin.py:190} INFO - [2024-11-04T21:51:57.497+0000] {dag.py:4180} INFO - Setting next_dagrun for sparking_flow to 2024-11-04 00:00:00+00:00, run_after=2024-11-05 00:00:00+00:00
[2024-11-04T21:51:57.514+0000] {processor.py:208} INFO - Processing /opt/airflow/dags/spark_airflow.py took 0.090 seconds
[2024-11-04T21:52:27.636+0000] {processor.py:186} INFO - Started process (PID=78091) to work on /opt/airflow/dags/spark_airflow.py
[2024-11-04T21:52:27.637+0000] {processor.py:914} INFO - Processing file /opt/airflow/dags/spark_airflow.py for tasks to queue
[2024-11-04T21:52:27.638+0000] {logging_mixin.py:190} INFO - [2024-11-04T21:52:27.638+0000] {dagbag.py:588} INFO - Filling up the DagBag from /opt/airflow/dags/spark_airflow.py
[2024-11-04T21:52:27.658+0000] {processor.py:925} INFO - DAG(s) 'sparking_flow' retrieved from /opt/airflow/dags/spark_airflow.py
[2024-11-04T21:52:27.683+0000] {logging_mixin.py:190} INFO - [2024-11-04T21:52:27.682+0000] {dag.py:3239} INFO - Sync 1 DAGs
[2024-11-04T21:52:27.703+0000] {logging_mixin.py:190} INFO - [2024-11-04T21:52:27.703+0000] {dag.py:4180} INFO - Setting next_dagrun for sparking_flow to 2024-11-04 00:00:00+00:00, run_after=2024-11-05 00:00:00+00:00
[2024-11-04T21:52:27.720+0000] {processor.py:208} INFO - Processing /opt/airflow/dags/spark_airflow.py took 0.090 seconds
[2024-11-04T21:52:57.855+0000] {processor.py:186} INFO - Started process (PID=78096) to work on /opt/airflow/dags/spark_airflow.py
[2024-11-04T21:52:57.856+0000] {processor.py:914} INFO - Processing file /opt/airflow/dags/spark_airflow.py for tasks to queue
[2024-11-04T21:52:57.857+0000] {logging_mixin.py:190} INFO - [2024-11-04T21:52:57.857+0000] {dagbag.py:588} INFO - Filling up the DagBag from /opt/airflow/dags/spark_airflow.py
[2024-11-04T21:52:57.874+0000] {processor.py:925} INFO - DAG(s) 'sparking_flow' retrieved from /opt/airflow/dags/spark_airflow.py
[2024-11-04T21:52:57.899+0000] {logging_mixin.py:190} INFO - [2024-11-04T21:52:57.899+0000] {dag.py:3239} INFO - Sync 1 DAGs
[2024-11-04T21:52:57.922+0000] {logging_mixin.py:190} INFO - [2024-11-04T21:52:57.921+0000] {dag.py:4180} INFO - Setting next_dagrun for sparking_flow to 2024-11-04 00:00:00+00:00, run_after=2024-11-05 00:00:00+00:00
[2024-11-04T21:52:57.941+0000] {processor.py:208} INFO - Processing /opt/airflow/dags/spark_airflow.py took 0.091 seconds
[2024-11-04T21:53:28.047+0000] {processor.py:186} INFO - Started process (PID=78101) to work on /opt/airflow/dags/spark_airflow.py
[2024-11-04T21:53:28.047+0000] {processor.py:914} INFO - Processing file /opt/airflow/dags/spark_airflow.py for tasks to queue
[2024-11-04T21:53:28.048+0000] {logging_mixin.py:190} INFO - [2024-11-04T21:53:28.048+0000] {dagbag.py:588} INFO - Filling up the DagBag from /opt/airflow/dags/spark_airflow.py
[2024-11-04T21:53:28.065+0000] {processor.py:925} INFO - DAG(s) 'sparking_flow' retrieved from /opt/airflow/dags/spark_airflow.py
[2024-11-04T21:53:28.091+0000] {logging_mixin.py:190} INFO - [2024-11-04T21:53:28.091+0000] {dag.py:3239} INFO - Sync 1 DAGs
[2024-11-04T21:53:28.113+0000] {logging_mixin.py:190} INFO - [2024-11-04T21:53:28.113+0000] {dag.py:4180} INFO - Setting next_dagrun for sparking_flow to 2024-11-04 00:00:00+00:00, run_after=2024-11-05 00:00:00+00:00
[2024-11-04T21:53:28.130+0000] {processor.py:208} INFO - Processing /opt/airflow/dags/spark_airflow.py took 0.088 seconds
[2024-11-04T21:53:58.260+0000] {processor.py:186} INFO - Started process (PID=78106) to work on /opt/airflow/dags/spark_airflow.py
[2024-11-04T21:53:58.261+0000] {processor.py:914} INFO - Processing file /opt/airflow/dags/spark_airflow.py for tasks to queue
[2024-11-04T21:53:58.263+0000] {logging_mixin.py:190} INFO - [2024-11-04T21:53:58.263+0000] {dagbag.py:588} INFO - Filling up the DagBag from /opt/airflow/dags/spark_airflow.py
[2024-11-04T21:53:58.283+0000] {processor.py:925} INFO - DAG(s) 'sparking_flow' retrieved from /opt/airflow/dags/spark_airflow.py
[2024-11-04T21:53:58.309+0000] {logging_mixin.py:190} INFO - [2024-11-04T21:53:58.309+0000] {dag.py:3239} INFO - Sync 1 DAGs
[2024-11-04T21:53:58.333+0000] {logging_mixin.py:190} INFO - [2024-11-04T21:53:58.333+0000] {dag.py:4180} INFO - Setting next_dagrun for sparking_flow to 2024-11-04 00:00:00+00:00, run_after=2024-11-05 00:00:00+00:00
[2024-11-04T21:53:58.352+0000] {processor.py:208} INFO - Processing /opt/airflow/dags/spark_airflow.py took 0.099 seconds
[2024-11-04T21:54:28.444+0000] {processor.py:186} INFO - Started process (PID=78111) to work on /opt/airflow/dags/spark_airflow.py
[2024-11-04T21:54:28.444+0000] {processor.py:914} INFO - Processing file /opt/airflow/dags/spark_airflow.py for tasks to queue
[2024-11-04T21:54:28.446+0000] {logging_mixin.py:190} INFO - [2024-11-04T21:54:28.445+0000] {dagbag.py:588} INFO - Filling up the DagBag from /opt/airflow/dags/spark_airflow.py
[2024-11-04T21:54:28.464+0000] {processor.py:925} INFO - DAG(s) 'sparking_flow' retrieved from /opt/airflow/dags/spark_airflow.py
[2024-11-04T21:54:28.489+0000] {logging_mixin.py:190} INFO - [2024-11-04T21:54:28.489+0000] {dag.py:3239} INFO - Sync 1 DAGs
[2024-11-04T21:54:28.510+0000] {logging_mixin.py:190} INFO - [2024-11-04T21:54:28.510+0000] {dag.py:4180} INFO - Setting next_dagrun for sparking_flow to 2024-11-04 00:00:00+00:00, run_after=2024-11-05 00:00:00+00:00
[2024-11-04T21:54:28.527+0000] {processor.py:208} INFO - Processing /opt/airflow/dags/spark_airflow.py took 0.088 seconds
[2024-11-04T21:54:58.669+0000] {processor.py:186} INFO - Started process (PID=78116) to work on /opt/airflow/dags/spark_airflow.py
[2024-11-04T21:54:58.670+0000] {processor.py:914} INFO - Processing file /opt/airflow/dags/spark_airflow.py for tasks to queue
[2024-11-04T21:54:58.671+0000] {logging_mixin.py:190} INFO - [2024-11-04T21:54:58.670+0000] {dagbag.py:588} INFO - Filling up the DagBag from /opt/airflow/dags/spark_airflow.py
[2024-11-04T21:54:58.688+0000] {processor.py:925} INFO - DAG(s) 'sparking_flow' retrieved from /opt/airflow/dags/spark_airflow.py
[2024-11-04T21:54:58.713+0000] {logging_mixin.py:190} INFO - [2024-11-04T21:54:58.713+0000] {dag.py:3239} INFO - Sync 1 DAGs
[2024-11-04T21:54:58.736+0000] {logging_mixin.py:190} INFO - [2024-11-04T21:54:58.735+0000] {dag.py:4180} INFO - Setting next_dagrun for sparking_flow to 2024-11-04 00:00:00+00:00, run_after=2024-11-05 00:00:00+00:00
[2024-11-04T21:54:58.755+0000] {processor.py:208} INFO - Processing /opt/airflow/dags/spark_airflow.py took 0.090 seconds
[2024-11-04T21:55:28.866+0000] {processor.py:186} INFO - Started process (PID=78121) to work on /opt/airflow/dags/spark_airflow.py
[2024-11-04T21:55:28.867+0000] {processor.py:914} INFO - Processing file /opt/airflow/dags/spark_airflow.py for tasks to queue
[2024-11-04T21:55:28.868+0000] {logging_mixin.py:190} INFO - [2024-11-04T21:55:28.867+0000] {dagbag.py:588} INFO - Filling up the DagBag from /opt/airflow/dags/spark_airflow.py
[2024-11-04T21:55:28.885+0000] {processor.py:925} INFO - DAG(s) 'sparking_flow' retrieved from /opt/airflow/dags/spark_airflow.py
[2024-11-04T21:55:28.908+0000] {logging_mixin.py:190} INFO - [2024-11-04T21:55:28.908+0000] {dag.py:3239} INFO - Sync 1 DAGs
[2024-11-04T21:55:28.932+0000] {logging_mixin.py:190} INFO - [2024-11-04T21:55:28.931+0000] {dag.py:4180} INFO - Setting next_dagrun for sparking_flow to 2024-11-04 00:00:00+00:00, run_after=2024-11-05 00:00:00+00:00
[2024-11-04T21:55:28.948+0000] {processor.py:208} INFO - Processing /opt/airflow/dags/spark_airflow.py took 0.087 seconds
[2024-11-04T21:55:59.074+0000] {processor.py:186} INFO - Started process (PID=78126) to work on /opt/airflow/dags/spark_airflow.py
[2024-11-04T21:55:59.075+0000] {processor.py:914} INFO - Processing file /opt/airflow/dags/spark_airflow.py for tasks to queue
[2024-11-04T21:55:59.076+0000] {logging_mixin.py:190} INFO - [2024-11-04T21:55:59.076+0000] {dagbag.py:588} INFO - Filling up the DagBag from /opt/airflow/dags/spark_airflow.py
[2024-11-04T21:55:59.094+0000] {processor.py:925} INFO - DAG(s) 'sparking_flow' retrieved from /opt/airflow/dags/spark_airflow.py
[2024-11-04T21:55:59.121+0000] {logging_mixin.py:190} INFO - [2024-11-04T21:55:59.121+0000] {dag.py:3239} INFO - Sync 1 DAGs
[2024-11-04T21:55:59.143+0000] {logging_mixin.py:190} INFO - [2024-11-04T21:55:59.142+0000] {dag.py:4180} INFO - Setting next_dagrun for sparking_flow to 2024-11-04 00:00:00+00:00, run_after=2024-11-05 00:00:00+00:00
[2024-11-04T21:55:59.159+0000] {processor.py:208} INFO - Processing /opt/airflow/dags/spark_airflow.py took 0.089 seconds
[2024-11-04T21:56:29.266+0000] {processor.py:186} INFO - Started process (PID=78131) to work on /opt/airflow/dags/spark_airflow.py
[2024-11-04T21:56:29.267+0000] {processor.py:914} INFO - Processing file /opt/airflow/dags/spark_airflow.py for tasks to queue
[2024-11-04T21:56:29.268+0000] {logging_mixin.py:190} INFO - [2024-11-04T21:56:29.268+0000] {dagbag.py:588} INFO - Filling up the DagBag from /opt/airflow/dags/spark_airflow.py
[2024-11-04T21:56:29.285+0000] {processor.py:925} INFO - DAG(s) 'sparking_flow' retrieved from /opt/airflow/dags/spark_airflow.py
[2024-11-04T21:56:29.310+0000] {logging_mixin.py:190} INFO - [2024-11-04T21:56:29.309+0000] {dag.py:3239} INFO - Sync 1 DAGs
[2024-11-04T21:56:29.330+0000] {logging_mixin.py:190} INFO - [2024-11-04T21:56:29.330+0000] {dag.py:4180} INFO - Setting next_dagrun for sparking_flow to 2024-11-04 00:00:00+00:00, run_after=2024-11-05 00:00:00+00:00
[2024-11-04T21:56:29.347+0000] {processor.py:208} INFO - Processing /opt/airflow/dags/spark_airflow.py took 0.085 seconds
[2024-11-04T21:56:59.486+0000] {processor.py:186} INFO - Started process (PID=78136) to work on /opt/airflow/dags/spark_airflow.py
[2024-11-04T21:56:59.487+0000] {processor.py:914} INFO - Processing file /opt/airflow/dags/spark_airflow.py for tasks to queue
[2024-11-04T21:56:59.488+0000] {logging_mixin.py:190} INFO - [2024-11-04T21:56:59.488+0000] {dagbag.py:588} INFO - Filling up the DagBag from /opt/airflow/dags/spark_airflow.py
[2024-11-04T21:56:59.507+0000] {processor.py:925} INFO - DAG(s) 'sparking_flow' retrieved from /opt/airflow/dags/spark_airflow.py
[2024-11-04T21:56:59.534+0000] {logging_mixin.py:190} INFO - [2024-11-04T21:56:59.534+0000] {dag.py:3239} INFO - Sync 1 DAGs
[2024-11-04T21:56:59.559+0000] {logging_mixin.py:190} INFO - [2024-11-04T21:56:59.559+0000] {dag.py:4180} INFO - Setting next_dagrun for sparking_flow to 2024-11-04 00:00:00+00:00, run_after=2024-11-05 00:00:00+00:00
[2024-11-04T21:56:59.579+0000] {processor.py:208} INFO - Processing /opt/airflow/dags/spark_airflow.py took 0.099 seconds
[2024-11-04T21:57:29.680+0000] {processor.py:186} INFO - Started process (PID=78141) to work on /opt/airflow/dags/spark_airflow.py
[2024-11-04T21:57:29.681+0000] {processor.py:914} INFO - Processing file /opt/airflow/dags/spark_airflow.py for tasks to queue
[2024-11-04T21:57:29.682+0000] {logging_mixin.py:190} INFO - [2024-11-04T21:57:29.682+0000] {dagbag.py:588} INFO - Filling up the DagBag from /opt/airflow/dags/spark_airflow.py
[2024-11-04T21:57:29.700+0000] {processor.py:925} INFO - DAG(s) 'sparking_flow' retrieved from /opt/airflow/dags/spark_airflow.py
[2024-11-04T21:57:29.727+0000] {logging_mixin.py:190} INFO - [2024-11-04T21:57:29.727+0000] {dag.py:3239} INFO - Sync 1 DAGs
[2024-11-04T21:57:29.750+0000] {logging_mixin.py:190} INFO - [2024-11-04T21:57:29.750+0000] {dag.py:4180} INFO - Setting next_dagrun for sparking_flow to 2024-11-04 00:00:00+00:00, run_after=2024-11-05 00:00:00+00:00
[2024-11-04T21:57:29.768+0000] {processor.py:208} INFO - Processing /opt/airflow/dags/spark_airflow.py took 0.093 seconds
[2024-11-04T21:57:59.910+0000] {processor.py:186} INFO - Started process (PID=78146) to work on /opt/airflow/dags/spark_airflow.py
[2024-11-04T21:57:59.911+0000] {processor.py:914} INFO - Processing file /opt/airflow/dags/spark_airflow.py for tasks to queue
[2024-11-04T21:57:59.912+0000] {logging_mixin.py:190} INFO - [2024-11-04T21:57:59.911+0000] {dagbag.py:588} INFO - Filling up the DagBag from /opt/airflow/dags/spark_airflow.py
[2024-11-04T21:57:59.929+0000] {processor.py:925} INFO - DAG(s) 'sparking_flow' retrieved from /opt/airflow/dags/spark_airflow.py
[2024-11-04T21:57:59.954+0000] {logging_mixin.py:190} INFO - [2024-11-04T21:57:59.954+0000] {dag.py:3239} INFO - Sync 1 DAGs
[2024-11-04T21:57:59.973+0000] {logging_mixin.py:190} INFO - [2024-11-04T21:57:59.973+0000] {dag.py:4180} INFO - Setting next_dagrun for sparking_flow to 2024-11-04 00:00:00+00:00, run_after=2024-11-05 00:00:00+00:00
[2024-11-04T21:57:59.990+0000] {processor.py:208} INFO - Processing /opt/airflow/dags/spark_airflow.py took 0.085 seconds
[2024-11-04T21:58:30.106+0000] {processor.py:186} INFO - Started process (PID=78151) to work on /opt/airflow/dags/spark_airflow.py
[2024-11-04T21:58:30.107+0000] {processor.py:914} INFO - Processing file /opt/airflow/dags/spark_airflow.py for tasks to queue
[2024-11-04T21:58:30.108+0000] {logging_mixin.py:190} INFO - [2024-11-04T21:58:30.108+0000] {dagbag.py:588} INFO - Filling up the DagBag from /opt/airflow/dags/spark_airflow.py
[2024-11-04T21:58:30.127+0000] {processor.py:925} INFO - DAG(s) 'sparking_flow' retrieved from /opt/airflow/dags/spark_airflow.py
[2024-11-04T21:58:30.151+0000] {logging_mixin.py:190} INFO - [2024-11-04T21:58:30.150+0000] {dag.py:3239} INFO - Sync 1 DAGs
[2024-11-04T21:58:30.170+0000] {logging_mixin.py:190} INFO - [2024-11-04T21:58:30.170+0000] {dag.py:4180} INFO - Setting next_dagrun for sparking_flow to 2024-11-04 00:00:00+00:00, run_after=2024-11-05 00:00:00+00:00
[2024-11-04T21:58:30.187+0000] {processor.py:208} INFO - Processing /opt/airflow/dags/spark_airflow.py took 0.085 seconds
[2024-11-04T21:59:00.321+0000] {processor.py:186} INFO - Started process (PID=78156) to work on /opt/airflow/dags/spark_airflow.py
[2024-11-04T21:59:00.321+0000] {processor.py:914} INFO - Processing file /opt/airflow/dags/spark_airflow.py for tasks to queue
[2024-11-04T21:59:00.323+0000] {logging_mixin.py:190} INFO - [2024-11-04T21:59:00.322+0000] {dagbag.py:588} INFO - Filling up the DagBag from /opt/airflow/dags/spark_airflow.py
[2024-11-04T21:59:00.341+0000] {processor.py:925} INFO - DAG(s) 'sparking_flow' retrieved from /opt/airflow/dags/spark_airflow.py
[2024-11-04T21:59:00.366+0000] {logging_mixin.py:190} INFO - [2024-11-04T21:59:00.366+0000] {dag.py:3239} INFO - Sync 1 DAGs
[2024-11-04T21:59:00.388+0000] {logging_mixin.py:190} INFO - [2024-11-04T21:59:00.388+0000] {dag.py:4180} INFO - Setting next_dagrun for sparking_flow to 2024-11-04 00:00:00+00:00, run_after=2024-11-05 00:00:00+00:00
[2024-11-04T21:59:00.404+0000] {processor.py:208} INFO - Processing /opt/airflow/dags/spark_airflow.py took 0.088 seconds
[2024-11-04T21:59:30.520+0000] {processor.py:186} INFO - Started process (PID=78161) to work on /opt/airflow/dags/spark_airflow.py
[2024-11-04T21:59:30.521+0000] {processor.py:914} INFO - Processing file /opt/airflow/dags/spark_airflow.py for tasks to queue
[2024-11-04T21:59:30.522+0000] {logging_mixin.py:190} INFO - [2024-11-04T21:59:30.522+0000] {dagbag.py:588} INFO - Filling up the DagBag from /opt/airflow/dags/spark_airflow.py
[2024-11-04T21:59:30.540+0000] {processor.py:925} INFO - DAG(s) 'sparking_flow' retrieved from /opt/airflow/dags/spark_airflow.py
[2024-11-04T21:59:30.564+0000] {logging_mixin.py:190} INFO - [2024-11-04T21:59:30.563+0000] {dag.py:3239} INFO - Sync 1 DAGs
[2024-11-04T21:59:30.584+0000] {logging_mixin.py:190} INFO - [2024-11-04T21:59:30.584+0000] {dag.py:4180} INFO - Setting next_dagrun for sparking_flow to 2024-11-04 00:00:00+00:00, run_after=2024-11-05 00:00:00+00:00
[2024-11-04T21:59:30.601+0000] {processor.py:208} INFO - Processing /opt/airflow/dags/spark_airflow.py took 0.085 seconds
[2024-11-04T22:00:00.742+0000] {processor.py:186} INFO - Started process (PID=78166) to work on /opt/airflow/dags/spark_airflow.py
[2024-11-04T22:00:00.742+0000] {processor.py:914} INFO - Processing file /opt/airflow/dags/spark_airflow.py for tasks to queue
[2024-11-04T22:00:00.743+0000] {logging_mixin.py:190} INFO - [2024-11-04T22:00:00.743+0000] {dagbag.py:588} INFO - Filling up the DagBag from /opt/airflow/dags/spark_airflow.py
[2024-11-04T22:00:00.760+0000] {processor.py:925} INFO - DAG(s) 'sparking_flow' retrieved from /opt/airflow/dags/spark_airflow.py
[2024-11-04T22:00:00.784+0000] {logging_mixin.py:190} INFO - [2024-11-04T22:00:00.784+0000] {dag.py:3239} INFO - Sync 1 DAGs
[2024-11-04T22:00:00.805+0000] {logging_mixin.py:190} INFO - [2024-11-04T22:00:00.804+0000] {dag.py:4180} INFO - Setting next_dagrun for sparking_flow to 2024-11-04 00:00:00+00:00, run_after=2024-11-05 00:00:00+00:00
[2024-11-04T22:00:00.821+0000] {processor.py:208} INFO - Processing /opt/airflow/dags/spark_airflow.py took 0.084 seconds
[2024-11-04T22:00:30.977+0000] {processor.py:186} INFO - Started process (PID=78171) to work on /opt/airflow/dags/spark_airflow.py
[2024-11-04T22:00:30.977+0000] {processor.py:914} INFO - Processing file /opt/airflow/dags/spark_airflow.py for tasks to queue
[2024-11-04T22:00:30.979+0000] {logging_mixin.py:190} INFO - [2024-11-04T22:00:30.979+0000] {dagbag.py:588} INFO - Filling up the DagBag from /opt/airflow/dags/spark_airflow.py
[2024-11-04T22:00:30.997+0000] {processor.py:925} INFO - DAG(s) 'sparking_flow' retrieved from /opt/airflow/dags/spark_airflow.py
[2024-11-04T22:00:31.025+0000] {logging_mixin.py:190} INFO - [2024-11-04T22:00:31.025+0000] {dag.py:3239} INFO - Sync 1 DAGs
[2024-11-04T22:00:31.051+0000] {logging_mixin.py:190} INFO - [2024-11-04T22:00:31.051+0000] {dag.py:4180} INFO - Setting next_dagrun for sparking_flow to 2024-11-04 00:00:00+00:00, run_after=2024-11-05 00:00:00+00:00
[2024-11-04T22:00:31.069+0000] {processor.py:208} INFO - Processing /opt/airflow/dags/spark_airflow.py took 0.097 seconds
[2024-11-04T22:01:01.162+0000] {processor.py:186} INFO - Started process (PID=78176) to work on /opt/airflow/dags/spark_airflow.py
[2024-11-04T22:01:01.163+0000] {processor.py:914} INFO - Processing file /opt/airflow/dags/spark_airflow.py for tasks to queue
[2024-11-04T22:01:01.164+0000] {logging_mixin.py:190} INFO - [2024-11-04T22:01:01.163+0000] {dagbag.py:588} INFO - Filling up the DagBag from /opt/airflow/dags/spark_airflow.py
[2024-11-04T22:01:01.181+0000] {processor.py:925} INFO - DAG(s) 'sparking_flow' retrieved from /opt/airflow/dags/spark_airflow.py
[2024-11-04T22:01:01.211+0000] {logging_mixin.py:190} INFO - [2024-11-04T22:01:01.211+0000] {dag.py:3239} INFO - Sync 1 DAGs
[2024-11-04T22:01:01.234+0000] {logging_mixin.py:190} INFO - [2024-11-04T22:01:01.234+0000] {dag.py:4180} INFO - Setting next_dagrun for sparking_flow to 2024-11-04 00:00:00+00:00, run_after=2024-11-05 00:00:00+00:00
[2024-11-04T22:01:01.253+0000] {processor.py:208} INFO - Processing /opt/airflow/dags/spark_airflow.py took 0.096 seconds
[2024-11-04T22:01:31.403+0000] {processor.py:186} INFO - Started process (PID=78181) to work on /opt/airflow/dags/spark_airflow.py
[2024-11-04T22:01:31.404+0000] {processor.py:914} INFO - Processing file /opt/airflow/dags/spark_airflow.py for tasks to queue
[2024-11-04T22:01:31.405+0000] {logging_mixin.py:190} INFO - [2024-11-04T22:01:31.405+0000] {dagbag.py:588} INFO - Filling up the DagBag from /opt/airflow/dags/spark_airflow.py
[2024-11-04T22:01:31.423+0000] {processor.py:925} INFO - DAG(s) 'sparking_flow' retrieved from /opt/airflow/dags/spark_airflow.py
[2024-11-04T22:01:31.447+0000] {logging_mixin.py:190} INFO - [2024-11-04T22:01:31.447+0000] {dag.py:3239} INFO - Sync 1 DAGs
[2024-11-04T22:01:31.469+0000] {logging_mixin.py:190} INFO - [2024-11-04T22:01:31.469+0000] {dag.py:4180} INFO - Setting next_dagrun for sparking_flow to 2024-11-04 00:00:00+00:00, run_after=2024-11-05 00:00:00+00:00
[2024-11-04T22:01:31.488+0000] {processor.py:208} INFO - Processing /opt/airflow/dags/spark_airflow.py took 0.089 seconds
[2024-11-04T22:02:01.586+0000] {processor.py:186} INFO - Started process (PID=78186) to work on /opt/airflow/dags/spark_airflow.py
[2024-11-04T22:02:01.586+0000] {processor.py:914} INFO - Processing file /opt/airflow/dags/spark_airflow.py for tasks to queue
[2024-11-04T22:02:01.587+0000] {logging_mixin.py:190} INFO - [2024-11-04T22:02:01.587+0000] {dagbag.py:588} INFO - Filling up the DagBag from /opt/airflow/dags/spark_airflow.py
[2024-11-04T22:02:01.605+0000] {processor.py:925} INFO - DAG(s) 'sparking_flow' retrieved from /opt/airflow/dags/spark_airflow.py
[2024-11-04T22:02:01.632+0000] {logging_mixin.py:190} INFO - [2024-11-04T22:02:01.632+0000] {dag.py:3239} INFO - Sync 1 DAGs
[2024-11-04T22:02:01.654+0000] {logging_mixin.py:190} INFO - [2024-11-04T22:02:01.654+0000] {dag.py:4180} INFO - Setting next_dagrun for sparking_flow to 2024-11-04 00:00:00+00:00, run_after=2024-11-05 00:00:00+00:00
[2024-11-04T22:02:01.673+0000] {processor.py:208} INFO - Processing /opt/airflow/dags/spark_airflow.py took 0.092 seconds
[2024-11-04T22:02:31.820+0000] {processor.py:186} INFO - Started process (PID=78191) to work on /opt/airflow/dags/spark_airflow.py
[2024-11-04T22:02:31.821+0000] {processor.py:914} INFO - Processing file /opt/airflow/dags/spark_airflow.py for tasks to queue
[2024-11-04T22:02:31.822+0000] {logging_mixin.py:190} INFO - [2024-11-04T22:02:31.822+0000] {dagbag.py:588} INFO - Filling up the DagBag from /opt/airflow/dags/spark_airflow.py
[2024-11-04T22:02:31.840+0000] {processor.py:925} INFO - DAG(s) 'sparking_flow' retrieved from /opt/airflow/dags/spark_airflow.py
[2024-11-04T22:02:31.865+0000] {logging_mixin.py:190} INFO - [2024-11-04T22:02:31.865+0000] {dag.py:3239} INFO - Sync 1 DAGs
[2024-11-04T22:02:31.888+0000] {logging_mixin.py:190} INFO - [2024-11-04T22:02:31.887+0000] {dag.py:4180} INFO - Setting next_dagrun for sparking_flow to 2024-11-04 00:00:00+00:00, run_after=2024-11-05 00:00:00+00:00
[2024-11-04T22:02:31.906+0000] {processor.py:208} INFO - Processing /opt/airflow/dags/spark_airflow.py took 0.090 seconds
[2024-11-04T22:03:01.996+0000] {processor.py:186} INFO - Started process (PID=78196) to work on /opt/airflow/dags/spark_airflow.py
[2024-11-04T22:03:01.997+0000] {processor.py:914} INFO - Processing file /opt/airflow/dags/spark_airflow.py for tasks to queue
[2024-11-04T22:03:01.998+0000] {logging_mixin.py:190} INFO - [2024-11-04T22:03:01.998+0000] {dagbag.py:588} INFO - Filling up the DagBag from /opt/airflow/dags/spark_airflow.py
[2024-11-04T22:03:02.016+0000] {processor.py:925} INFO - DAG(s) 'sparking_flow' retrieved from /opt/airflow/dags/spark_airflow.py
[2024-11-04T22:03:02.042+0000] {logging_mixin.py:190} INFO - [2024-11-04T22:03:02.041+0000] {dag.py:3239} INFO - Sync 1 DAGs
[2024-11-04T22:03:02.066+0000] {logging_mixin.py:190} INFO - [2024-11-04T22:03:02.066+0000] {dag.py:4180} INFO - Setting next_dagrun for sparking_flow to 2024-11-04 00:00:00+00:00, run_after=2024-11-05 00:00:00+00:00
[2024-11-04T22:03:02.082+0000] {processor.py:208} INFO - Processing /opt/airflow/dags/spark_airflow.py took 0.090 seconds
[2024-11-04T22:03:32.234+0000] {processor.py:186} INFO - Started process (PID=78201) to work on /opt/airflow/dags/spark_airflow.py
[2024-11-04T22:03:32.235+0000] {processor.py:914} INFO - Processing file /opt/airflow/dags/spark_airflow.py for tasks to queue
[2024-11-04T22:03:32.236+0000] {logging_mixin.py:190} INFO - [2024-11-04T22:03:32.236+0000] {dagbag.py:588} INFO - Filling up the DagBag from /opt/airflow/dags/spark_airflow.py
[2024-11-04T22:03:32.256+0000] {processor.py:925} INFO - DAG(s) 'sparking_flow' retrieved from /opt/airflow/dags/spark_airflow.py
[2024-11-04T22:03:32.283+0000] {logging_mixin.py:190} INFO - [2024-11-04T22:03:32.283+0000] {dag.py:3239} INFO - Sync 1 DAGs
[2024-11-04T22:03:32.307+0000] {logging_mixin.py:190} INFO - [2024-11-04T22:03:32.307+0000] {dag.py:4180} INFO - Setting next_dagrun for sparking_flow to 2024-11-04 00:00:00+00:00, run_after=2024-11-05 00:00:00+00:00
[2024-11-04T22:03:32.327+0000] {processor.py:208} INFO - Processing /opt/airflow/dags/spark_airflow.py took 0.097 seconds
[2024-11-04T22:04:02.415+0000] {processor.py:186} INFO - Started process (PID=78206) to work on /opt/airflow/dags/spark_airflow.py
[2024-11-04T22:04:02.416+0000] {processor.py:914} INFO - Processing file /opt/airflow/dags/spark_airflow.py for tasks to queue
[2024-11-04T22:04:02.417+0000] {logging_mixin.py:190} INFO - [2024-11-04T22:04:02.417+0000] {dagbag.py:588} INFO - Filling up the DagBag from /opt/airflow/dags/spark_airflow.py
[2024-11-04T22:04:02.435+0000] {processor.py:925} INFO - DAG(s) 'sparking_flow' retrieved from /opt/airflow/dags/spark_airflow.py
[2024-11-04T22:04:02.460+0000] {logging_mixin.py:190} INFO - [2024-11-04T22:04:02.459+0000] {dag.py:3239} INFO - Sync 1 DAGs
[2024-11-04T22:04:02.480+0000] {logging_mixin.py:190} INFO - [2024-11-04T22:04:02.480+0000] {dag.py:4180} INFO - Setting next_dagrun for sparking_flow to 2024-11-04 00:00:00+00:00, run_after=2024-11-05 00:00:00+00:00
[2024-11-04T22:04:02.497+0000] {processor.py:208} INFO - Processing /opt/airflow/dags/spark_airflow.py took 0.087 seconds
[2024-11-04T22:04:32.656+0000] {processor.py:186} INFO - Started process (PID=78211) to work on /opt/airflow/dags/spark_airflow.py
[2024-11-04T22:04:32.657+0000] {processor.py:914} INFO - Processing file /opt/airflow/dags/spark_airflow.py for tasks to queue
[2024-11-04T22:04:32.658+0000] {logging_mixin.py:190} INFO - [2024-11-04T22:04:32.658+0000] {dagbag.py:588} INFO - Filling up the DagBag from /opt/airflow/dags/spark_airflow.py
[2024-11-04T22:04:32.676+0000] {processor.py:925} INFO - DAG(s) 'sparking_flow' retrieved from /opt/airflow/dags/spark_airflow.py
[2024-11-04T22:04:32.699+0000] {logging_mixin.py:190} INFO - [2024-11-04T22:04:32.699+0000] {dag.py:3239} INFO - Sync 1 DAGs
[2024-11-04T22:04:32.721+0000] {logging_mixin.py:190} INFO - [2024-11-04T22:04:32.721+0000] {dag.py:4180} INFO - Setting next_dagrun for sparking_flow to 2024-11-04 00:00:00+00:00, run_after=2024-11-05 00:00:00+00:00
[2024-11-04T22:04:32.739+0000] {processor.py:208} INFO - Processing /opt/airflow/dags/spark_airflow.py took 0.087 seconds
[2024-11-04T22:05:02.833+0000] {processor.py:186} INFO - Started process (PID=78216) to work on /opt/airflow/dags/spark_airflow.py
[2024-11-04T22:05:02.834+0000] {processor.py:914} INFO - Processing file /opt/airflow/dags/spark_airflow.py for tasks to queue
[2024-11-04T22:05:02.836+0000] {logging_mixin.py:190} INFO - [2024-11-04T22:05:02.836+0000] {dagbag.py:588} INFO - Filling up the DagBag from /opt/airflow/dags/spark_airflow.py
[2024-11-04T22:05:02.854+0000] {processor.py:925} INFO - DAG(s) 'sparking_flow' retrieved from /opt/airflow/dags/spark_airflow.py
[2024-11-04T22:05:02.880+0000] {logging_mixin.py:190} INFO - [2024-11-04T22:05:02.880+0000] {dag.py:3239} INFO - Sync 1 DAGs
[2024-11-04T22:05:02.901+0000] {logging_mixin.py:190} INFO - [2024-11-04T22:05:02.901+0000] {dag.py:4180} INFO - Setting next_dagrun for sparking_flow to 2024-11-04 00:00:00+00:00, run_after=2024-11-05 00:00:00+00:00
[2024-11-04T22:05:02.920+0000] {processor.py:208} INFO - Processing /opt/airflow/dags/spark_airflow.py took 0.091 seconds
[2024-11-04T22:05:33.087+0000] {processor.py:186} INFO - Started process (PID=78221) to work on /opt/airflow/dags/spark_airflow.py
[2024-11-04T22:05:33.088+0000] {processor.py:914} INFO - Processing file /opt/airflow/dags/spark_airflow.py for tasks to queue
[2024-11-04T22:05:33.089+0000] {logging_mixin.py:190} INFO - [2024-11-04T22:05:33.088+0000] {dagbag.py:588} INFO - Filling up the DagBag from /opt/airflow/dags/spark_airflow.py
[2024-11-04T22:05:33.109+0000] {processor.py:925} INFO - DAG(s) 'sparking_flow' retrieved from /opt/airflow/dags/spark_airflow.py
[2024-11-04T22:05:33.134+0000] {logging_mixin.py:190} INFO - [2024-11-04T22:05:33.134+0000] {dag.py:3239} INFO - Sync 1 DAGs
[2024-11-04T22:05:33.158+0000] {logging_mixin.py:190} INFO - [2024-11-04T22:05:33.158+0000] {dag.py:4180} INFO - Setting next_dagrun for sparking_flow to 2024-11-04 00:00:00+00:00, run_after=2024-11-05 00:00:00+00:00
[2024-11-04T22:05:33.175+0000] {processor.py:208} INFO - Processing /opt/airflow/dags/spark_airflow.py took 0.093 seconds
[2024-11-04T22:06:03.266+0000] {processor.py:186} INFO - Started process (PID=78226) to work on /opt/airflow/dags/spark_airflow.py
[2024-11-04T22:06:03.266+0000] {processor.py:914} INFO - Processing file /opt/airflow/dags/spark_airflow.py for tasks to queue
[2024-11-04T22:06:03.267+0000] {logging_mixin.py:190} INFO - [2024-11-04T22:06:03.267+0000] {dagbag.py:588} INFO - Filling up the DagBag from /opt/airflow/dags/spark_airflow.py
[2024-11-04T22:06:03.284+0000] {processor.py:925} INFO - DAG(s) 'sparking_flow' retrieved from /opt/airflow/dags/spark_airflow.py
[2024-11-04T22:06:03.310+0000] {logging_mixin.py:190} INFO - [2024-11-04T22:06:03.310+0000] {dag.py:3239} INFO - Sync 1 DAGs
[2024-11-04T22:06:03.331+0000] {logging_mixin.py:190} INFO - [2024-11-04T22:06:03.331+0000] {dag.py:4180} INFO - Setting next_dagrun for sparking_flow to 2024-11-04 00:00:00+00:00, run_after=2024-11-05 00:00:00+00:00
[2024-11-04T22:06:03.347+0000] {processor.py:208} INFO - Processing /opt/airflow/dags/spark_airflow.py took 0.086 seconds
[2024-11-04T22:06:33.504+0000] {processor.py:186} INFO - Started process (PID=78231) to work on /opt/airflow/dags/spark_airflow.py
[2024-11-04T22:06:33.505+0000] {processor.py:914} INFO - Processing file /opt/airflow/dags/spark_airflow.py for tasks to queue
[2024-11-04T22:06:33.506+0000] {logging_mixin.py:190} INFO - [2024-11-04T22:06:33.506+0000] {dagbag.py:588} INFO - Filling up the DagBag from /opt/airflow/dags/spark_airflow.py
[2024-11-04T22:06:33.523+0000] {processor.py:925} INFO - DAG(s) 'sparking_flow' retrieved from /opt/airflow/dags/spark_airflow.py
[2024-11-04T22:06:33.550+0000] {logging_mixin.py:190} INFO - [2024-11-04T22:06:33.550+0000] {dag.py:3239} INFO - Sync 1 DAGs
[2024-11-04T22:06:33.573+0000] {logging_mixin.py:190} INFO - [2024-11-04T22:06:33.573+0000] {dag.py:4180} INFO - Setting next_dagrun for sparking_flow to 2024-11-04 00:00:00+00:00, run_after=2024-11-05 00:00:00+00:00
[2024-11-04T22:06:33.593+0000] {processor.py:208} INFO - Processing /opt/airflow/dags/spark_airflow.py took 0.094 seconds
[2024-11-04T22:07:03.682+0000] {processor.py:186} INFO - Started process (PID=78236) to work on /opt/airflow/dags/spark_airflow.py
[2024-11-04T22:07:03.683+0000] {processor.py:914} INFO - Processing file /opt/airflow/dags/spark_airflow.py for tasks to queue
[2024-11-04T22:07:03.684+0000] {logging_mixin.py:190} INFO - [2024-11-04T22:07:03.683+0000] {dagbag.py:588} INFO - Filling up the DagBag from /opt/airflow/dags/spark_airflow.py
[2024-11-04T22:07:03.702+0000] {processor.py:925} INFO - DAG(s) 'sparking_flow' retrieved from /opt/airflow/dags/spark_airflow.py
[2024-11-04T22:07:03.727+0000] {logging_mixin.py:190} INFO - [2024-11-04T22:07:03.727+0000] {dag.py:3239} INFO - Sync 1 DAGs
[2024-11-04T22:07:03.749+0000] {logging_mixin.py:190} INFO - [2024-11-04T22:07:03.749+0000] {dag.py:4180} INFO - Setting next_dagrun for sparking_flow to 2024-11-04 00:00:00+00:00, run_after=2024-11-05 00:00:00+00:00
[2024-11-04T22:07:03.767+0000] {processor.py:208} INFO - Processing /opt/airflow/dags/spark_airflow.py took 0.089 seconds
[2024-11-04T22:07:33.925+0000] {processor.py:186} INFO - Started process (PID=78241) to work on /opt/airflow/dags/spark_airflow.py
[2024-11-04T22:07:33.926+0000] {processor.py:914} INFO - Processing file /opt/airflow/dags/spark_airflow.py for tasks to queue
[2024-11-04T22:07:33.927+0000] {logging_mixin.py:190} INFO - [2024-11-04T22:07:33.927+0000] {dagbag.py:588} INFO - Filling up the DagBag from /opt/airflow/dags/spark_airflow.py
[2024-11-04T22:07:33.945+0000] {processor.py:925} INFO - DAG(s) 'sparking_flow' retrieved from /opt/airflow/dags/spark_airflow.py
[2024-11-04T22:07:33.971+0000] {logging_mixin.py:190} INFO - [2024-11-04T22:07:33.971+0000] {dag.py:3239} INFO - Sync 1 DAGs
[2024-11-04T22:07:33.994+0000] {logging_mixin.py:190} INFO - [2024-11-04T22:07:33.994+0000] {dag.py:4180} INFO - Setting next_dagrun for sparking_flow to 2024-11-04 00:00:00+00:00, run_after=2024-11-05 00:00:00+00:00
[2024-11-04T22:07:34.013+0000] {processor.py:208} INFO - Processing /opt/airflow/dags/spark_airflow.py took 0.092 seconds
[2024-11-04T22:08:04.101+0000] {processor.py:186} INFO - Started process (PID=78246) to work on /opt/airflow/dags/spark_airflow.py
[2024-11-04T22:08:04.102+0000] {processor.py:914} INFO - Processing file /opt/airflow/dags/spark_airflow.py for tasks to queue
[2024-11-04T22:08:04.103+0000] {logging_mixin.py:190} INFO - [2024-11-04T22:08:04.102+0000] {dagbag.py:588} INFO - Filling up the DagBag from /opt/airflow/dags/spark_airflow.py
[2024-11-04T22:08:04.120+0000] {processor.py:925} INFO - DAG(s) 'sparking_flow' retrieved from /opt/airflow/dags/spark_airflow.py
[2024-11-04T22:08:04.146+0000] {logging_mixin.py:190} INFO - [2024-11-04T22:08:04.146+0000] {dag.py:3239} INFO - Sync 1 DAGs
[2024-11-04T22:08:04.169+0000] {logging_mixin.py:190} INFO - [2024-11-04T22:08:04.169+0000] {dag.py:4180} INFO - Setting next_dagrun for sparking_flow to 2024-11-04 00:00:00+00:00, run_after=2024-11-05 00:00:00+00:00
[2024-11-04T22:08:04.188+0000] {processor.py:208} INFO - Processing /opt/airflow/dags/spark_airflow.py took 0.091 seconds
[2024-11-04T22:08:34.340+0000] {processor.py:186} INFO - Started process (PID=78251) to work on /opt/airflow/dags/spark_airflow.py
[2024-11-04T22:08:34.341+0000] {processor.py:914} INFO - Processing file /opt/airflow/dags/spark_airflow.py for tasks to queue
[2024-11-04T22:08:34.343+0000] {logging_mixin.py:190} INFO - [2024-11-04T22:08:34.342+0000] {dagbag.py:588} INFO - Filling up the DagBag from /opt/airflow/dags/spark_airflow.py
[2024-11-04T22:08:34.361+0000] {processor.py:925} INFO - DAG(s) 'sparking_flow' retrieved from /opt/airflow/dags/spark_airflow.py
[2024-11-04T22:08:34.386+0000] {logging_mixin.py:190} INFO - [2024-11-04T22:08:34.386+0000] {dag.py:3239} INFO - Sync 1 DAGs
[2024-11-04T22:08:34.408+0000] {logging_mixin.py:190} INFO - [2024-11-04T22:08:34.408+0000] {dag.py:4180} INFO - Setting next_dagrun for sparking_flow to 2024-11-04 00:00:00+00:00, run_after=2024-11-05 00:00:00+00:00
[2024-11-04T22:08:34.426+0000] {processor.py:208} INFO - Processing /opt/airflow/dags/spark_airflow.py took 0.090 seconds
[2024-11-04T22:09:04.515+0000] {processor.py:186} INFO - Started process (PID=78256) to work on /opt/airflow/dags/spark_airflow.py
[2024-11-04T22:09:04.516+0000] {processor.py:914} INFO - Processing file /opt/airflow/dags/spark_airflow.py for tasks to queue
[2024-11-04T22:09:04.517+0000] {logging_mixin.py:190} INFO - [2024-11-04T22:09:04.517+0000] {dagbag.py:588} INFO - Filling up the DagBag from /opt/airflow/dags/spark_airflow.py
[2024-11-04T22:09:04.535+0000] {processor.py:925} INFO - DAG(s) 'sparking_flow' retrieved from /opt/airflow/dags/spark_airflow.py
[2024-11-04T22:09:04.558+0000] {logging_mixin.py:190} INFO - [2024-11-04T22:09:04.558+0000] {dag.py:3239} INFO - Sync 1 DAGs
[2024-11-04T22:09:04.579+0000] {logging_mixin.py:190} INFO - [2024-11-04T22:09:04.579+0000] {dag.py:4180} INFO - Setting next_dagrun for sparking_flow to 2024-11-04 00:00:00+00:00, run_after=2024-11-05 00:00:00+00:00
[2024-11-04T22:09:04.596+0000] {processor.py:208} INFO - Processing /opt/airflow/dags/spark_airflow.py took 0.085 seconds
[2024-11-04T22:09:34.755+0000] {processor.py:186} INFO - Started process (PID=78261) to work on /opt/airflow/dags/spark_airflow.py
[2024-11-04T22:09:34.755+0000] {processor.py:914} INFO - Processing file /opt/airflow/dags/spark_airflow.py for tasks to queue
[2024-11-04T22:09:34.756+0000] {logging_mixin.py:190} INFO - [2024-11-04T22:09:34.756+0000] {dagbag.py:588} INFO - Filling up the DagBag from /opt/airflow/dags/spark_airflow.py
[2024-11-04T22:09:34.774+0000] {processor.py:925} INFO - DAG(s) 'sparking_flow' retrieved from /opt/airflow/dags/spark_airflow.py
[2024-11-04T22:09:34.799+0000] {logging_mixin.py:190} INFO - [2024-11-04T22:09:34.799+0000] {dag.py:3239} INFO - Sync 1 DAGs
[2024-11-04T22:09:34.821+0000] {logging_mixin.py:190} INFO - [2024-11-04T22:09:34.820+0000] {dag.py:4180} INFO - Setting next_dagrun for sparking_flow to 2024-11-04 00:00:00+00:00, run_after=2024-11-05 00:00:00+00:00
[2024-11-04T22:09:34.837+0000] {processor.py:208} INFO - Processing /opt/airflow/dags/spark_airflow.py took 0.087 seconds
[2024-11-04T22:10:04.928+0000] {processor.py:186} INFO - Started process (PID=78266) to work on /opt/airflow/dags/spark_airflow.py
[2024-11-04T22:10:04.929+0000] {processor.py:914} INFO - Processing file /opt/airflow/dags/spark_airflow.py for tasks to queue
[2024-11-04T22:10:04.930+0000] {logging_mixin.py:190} INFO - [2024-11-04T22:10:04.930+0000] {dagbag.py:588} INFO - Filling up the DagBag from /opt/airflow/dags/spark_airflow.py
[2024-11-04T22:10:04.947+0000] {processor.py:925} INFO - DAG(s) 'sparking_flow' retrieved from /opt/airflow/dags/spark_airflow.py
[2024-11-04T22:10:04.974+0000] {logging_mixin.py:190} INFO - [2024-11-04T22:10:04.973+0000] {dag.py:3239} INFO - Sync 1 DAGs
[2024-11-04T22:10:04.996+0000] {logging_mixin.py:190} INFO - [2024-11-04T22:10:04.995+0000] {dag.py:4180} INFO - Setting next_dagrun for sparking_flow to 2024-11-04 00:00:00+00:00, run_after=2024-11-05 00:00:00+00:00
[2024-11-04T22:10:05.013+0000] {processor.py:208} INFO - Processing /opt/airflow/dags/spark_airflow.py took 0.090 seconds
[2024-11-04T22:10:35.194+0000] {processor.py:186} INFO - Started process (PID=78271) to work on /opt/airflow/dags/spark_airflow.py
[2024-11-04T22:10:35.194+0000] {processor.py:914} INFO - Processing file /opt/airflow/dags/spark_airflow.py for tasks to queue
[2024-11-04T22:10:35.195+0000] {logging_mixin.py:190} INFO - [2024-11-04T22:10:35.195+0000] {dagbag.py:588} INFO - Filling up the DagBag from /opt/airflow/dags/spark_airflow.py
[2024-11-04T22:10:35.214+0000] {processor.py:925} INFO - DAG(s) 'sparking_flow' retrieved from /opt/airflow/dags/spark_airflow.py
[2024-11-04T22:10:35.240+0000] {logging_mixin.py:190} INFO - [2024-11-04T22:10:35.239+0000] {dag.py:3239} INFO - Sync 1 DAGs
[2024-11-04T22:10:35.263+0000] {logging_mixin.py:190} INFO - [2024-11-04T22:10:35.262+0000] {dag.py:4180} INFO - Setting next_dagrun for sparking_flow to 2024-11-04 00:00:00+00:00, run_after=2024-11-05 00:00:00+00:00
[2024-11-04T22:10:35.281+0000] {processor.py:208} INFO - Processing /opt/airflow/dags/spark_airflow.py took 0.092 seconds
[2024-11-04T22:11:05.371+0000] {processor.py:186} INFO - Started process (PID=78276) to work on /opt/airflow/dags/spark_airflow.py
[2024-11-04T22:11:05.372+0000] {processor.py:914} INFO - Processing file /opt/airflow/dags/spark_airflow.py for tasks to queue
[2024-11-04T22:11:05.374+0000] {logging_mixin.py:190} INFO - [2024-11-04T22:11:05.374+0000] {dagbag.py:588} INFO - Filling up the DagBag from /opt/airflow/dags/spark_airflow.py
[2024-11-04T22:11:05.393+0000] {processor.py:925} INFO - DAG(s) 'sparking_flow' retrieved from /opt/airflow/dags/spark_airflow.py
[2024-11-04T22:11:05.418+0000] {logging_mixin.py:190} INFO - [2024-11-04T22:11:05.417+0000] {dag.py:3239} INFO - Sync 1 DAGs
[2024-11-04T22:11:05.439+0000] {logging_mixin.py:190} INFO - [2024-11-04T22:11:05.439+0000] {dag.py:4180} INFO - Setting next_dagrun for sparking_flow to 2024-11-04 00:00:00+00:00, run_after=2024-11-05 00:00:00+00:00
[2024-11-04T22:11:05.457+0000] {processor.py:208} INFO - Processing /opt/airflow/dags/spark_airflow.py took 0.091 seconds
[2024-11-04T22:11:35.608+0000] {processor.py:186} INFO - Started process (PID=78281) to work on /opt/airflow/dags/spark_airflow.py
[2024-11-04T22:11:35.609+0000] {processor.py:914} INFO - Processing file /opt/airflow/dags/spark_airflow.py for tasks to queue
[2024-11-04T22:11:35.610+0000] {logging_mixin.py:190} INFO - [2024-11-04T22:11:35.610+0000] {dagbag.py:588} INFO - Filling up the DagBag from /opt/airflow/dags/spark_airflow.py
[2024-11-04T22:11:35.629+0000] {processor.py:925} INFO - DAG(s) 'sparking_flow' retrieved from /opt/airflow/dags/spark_airflow.py
[2024-11-04T22:11:35.655+0000] {logging_mixin.py:190} INFO - [2024-11-04T22:11:35.655+0000] {dag.py:3239} INFO - Sync 1 DAGs
[2024-11-04T22:11:35.678+0000] {logging_mixin.py:190} INFO - [2024-11-04T22:11:35.678+0000] {dag.py:4180} INFO - Setting next_dagrun for sparking_flow to 2024-11-04 00:00:00+00:00, run_after=2024-11-05 00:00:00+00:00
[2024-11-04T22:11:35.697+0000] {processor.py:208} INFO - Processing /opt/airflow/dags/spark_airflow.py took 0.093 seconds
[2024-11-04T22:12:05.789+0000] {processor.py:186} INFO - Started process (PID=78286) to work on /opt/airflow/dags/spark_airflow.py
[2024-11-04T22:12:05.790+0000] {processor.py:914} INFO - Processing file /opt/airflow/dags/spark_airflow.py for tasks to queue
[2024-11-04T22:12:05.791+0000] {logging_mixin.py:190} INFO - [2024-11-04T22:12:05.791+0000] {dagbag.py:588} INFO - Filling up the DagBag from /opt/airflow/dags/spark_airflow.py
[2024-11-04T22:12:05.809+0000] {processor.py:925} INFO - DAG(s) 'sparking_flow' retrieved from /opt/airflow/dags/spark_airflow.py
[2024-11-04T22:12:05.834+0000] {logging_mixin.py:190} INFO - [2024-11-04T22:12:05.834+0000] {dag.py:3239} INFO - Sync 1 DAGs
[2024-11-04T22:12:05.856+0000] {logging_mixin.py:190} INFO - [2024-11-04T22:12:05.856+0000] {dag.py:4180} INFO - Setting next_dagrun for sparking_flow to 2024-11-04 00:00:00+00:00, run_after=2024-11-05 00:00:00+00:00
[2024-11-04T22:12:05.873+0000] {processor.py:208} INFO - Processing /opt/airflow/dags/spark_airflow.py took 0.088 seconds
[2024-11-04T22:12:36.024+0000] {processor.py:186} INFO - Started process (PID=78291) to work on /opt/airflow/dags/spark_airflow.py
[2024-11-04T22:12:36.024+0000] {processor.py:914} INFO - Processing file /opt/airflow/dags/spark_airflow.py for tasks to queue
[2024-11-04T22:12:36.026+0000] {logging_mixin.py:190} INFO - [2024-11-04T22:12:36.026+0000] {dagbag.py:588} INFO - Filling up the DagBag from /opt/airflow/dags/spark_airflow.py
[2024-11-04T22:12:36.043+0000] {processor.py:925} INFO - DAG(s) 'sparking_flow' retrieved from /opt/airflow/dags/spark_airflow.py
[2024-11-04T22:12:36.067+0000] {logging_mixin.py:190} INFO - [2024-11-04T22:12:36.067+0000] {dag.py:3239} INFO - Sync 1 DAGs
[2024-11-04T22:12:36.088+0000] {logging_mixin.py:190} INFO - [2024-11-04T22:12:36.088+0000] {dag.py:4180} INFO - Setting next_dagrun for sparking_flow to 2024-11-04 00:00:00+00:00, run_after=2024-11-05 00:00:00+00:00
[2024-11-04T22:12:36.104+0000] {processor.py:208} INFO - Processing /opt/airflow/dags/spark_airflow.py took 0.084 seconds
[2024-11-04T22:13:06.200+0000] {processor.py:186} INFO - Started process (PID=78296) to work on /opt/airflow/dags/spark_airflow.py
[2024-11-04T22:13:06.201+0000] {processor.py:914} INFO - Processing file /opt/airflow/dags/spark_airflow.py for tasks to queue
[2024-11-04T22:13:06.202+0000] {logging_mixin.py:190} INFO - [2024-11-04T22:13:06.202+0000] {dagbag.py:588} INFO - Filling up the DagBag from /opt/airflow/dags/spark_airflow.py
[2024-11-04T22:13:06.220+0000] {processor.py:925} INFO - DAG(s) 'sparking_flow' retrieved from /opt/airflow/dags/spark_airflow.py
[2024-11-04T22:13:06.245+0000] {logging_mixin.py:190} INFO - [2024-11-04T22:13:06.244+0000] {dag.py:3239} INFO - Sync 1 DAGs
[2024-11-04T22:13:06.265+0000] {logging_mixin.py:190} INFO - [2024-11-04T22:13:06.265+0000] {dag.py:4180} INFO - Setting next_dagrun for sparking_flow to 2024-11-04 00:00:00+00:00, run_after=2024-11-05 00:00:00+00:00
[2024-11-04T22:13:06.282+0000] {processor.py:208} INFO - Processing /opt/airflow/dags/spark_airflow.py took 0.086 seconds
[2024-11-04T22:13:36.431+0000] {processor.py:186} INFO - Started process (PID=78301) to work on /opt/airflow/dags/spark_airflow.py
[2024-11-04T22:13:36.431+0000] {processor.py:914} INFO - Processing file /opt/airflow/dags/spark_airflow.py for tasks to queue
[2024-11-04T22:13:36.432+0000] {logging_mixin.py:190} INFO - [2024-11-04T22:13:36.432+0000] {dagbag.py:588} INFO - Filling up the DagBag from /opt/airflow/dags/spark_airflow.py
[2024-11-04T22:13:36.449+0000] {processor.py:925} INFO - DAG(s) 'sparking_flow' retrieved from /opt/airflow/dags/spark_airflow.py
[2024-11-04T22:13:36.475+0000] {logging_mixin.py:190} INFO - [2024-11-04T22:13:36.475+0000] {dag.py:3239} INFO - Sync 1 DAGs
[2024-11-04T22:13:36.498+0000] {logging_mixin.py:190} INFO - [2024-11-04T22:13:36.497+0000] {dag.py:4180} INFO - Setting next_dagrun for sparking_flow to 2024-11-04 00:00:00+00:00, run_after=2024-11-05 00:00:00+00:00
[2024-11-04T22:13:36.517+0000] {processor.py:208} INFO - Processing /opt/airflow/dags/spark_airflow.py took 0.091 seconds
[2024-11-04T22:14:06.620+0000] {processor.py:186} INFO - Started process (PID=78306) to work on /opt/airflow/dags/spark_airflow.py
[2024-11-04T22:14:06.621+0000] {processor.py:914} INFO - Processing file /opt/airflow/dags/spark_airflow.py for tasks to queue
[2024-11-04T22:14:06.621+0000] {logging_mixin.py:190} INFO - [2024-11-04T22:14:06.621+0000] {dagbag.py:588} INFO - Filling up the DagBag from /opt/airflow/dags/spark_airflow.py
[2024-11-04T22:14:06.639+0000] {processor.py:925} INFO - DAG(s) 'sparking_flow' retrieved from /opt/airflow/dags/spark_airflow.py
[2024-11-04T22:14:06.666+0000] {logging_mixin.py:190} INFO - [2024-11-04T22:14:06.666+0000] {dag.py:3239} INFO - Sync 1 DAGs
[2024-11-04T22:14:06.689+0000] {logging_mixin.py:190} INFO - [2024-11-04T22:14:06.689+0000] {dag.py:4180} INFO - Setting next_dagrun for sparking_flow to 2024-11-04 00:00:00+00:00, run_after=2024-11-05 00:00:00+00:00
[2024-11-04T22:14:06.707+0000] {processor.py:208} INFO - Processing /opt/airflow/dags/spark_airflow.py took 0.092 seconds
[2024-11-04T22:14:36.860+0000] {processor.py:186} INFO - Started process (PID=78311) to work on /opt/airflow/dags/spark_airflow.py
[2024-11-04T22:14:36.860+0000] {processor.py:914} INFO - Processing file /opt/airflow/dags/spark_airflow.py for tasks to queue
[2024-11-04T22:14:36.861+0000] {logging_mixin.py:190} INFO - [2024-11-04T22:14:36.861+0000] {dagbag.py:588} INFO - Filling up the DagBag from /opt/airflow/dags/spark_airflow.py
[2024-11-04T22:14:36.879+0000] {processor.py:925} INFO - DAG(s) 'sparking_flow' retrieved from /opt/airflow/dags/spark_airflow.py
[2024-11-04T22:14:36.904+0000] {logging_mixin.py:190} INFO - [2024-11-04T22:14:36.904+0000] {dag.py:3239} INFO - Sync 1 DAGs
[2024-11-04T22:14:36.926+0000] {logging_mixin.py:190} INFO - [2024-11-04T22:14:36.926+0000] {dag.py:4180} INFO - Setting next_dagrun for sparking_flow to 2024-11-04 00:00:00+00:00, run_after=2024-11-05 00:00:00+00:00
[2024-11-04T22:14:36.943+0000] {processor.py:208} INFO - Processing /opt/airflow/dags/spark_airflow.py took 0.088 seconds
[2024-11-04T22:15:07.048+0000] {processor.py:186} INFO - Started process (PID=78316) to work on /opt/airflow/dags/spark_airflow.py
[2024-11-04T22:15:07.049+0000] {processor.py:914} INFO - Processing file /opt/airflow/dags/spark_airflow.py for tasks to queue
[2024-11-04T22:15:07.050+0000] {logging_mixin.py:190} INFO - [2024-11-04T22:15:07.050+0000] {dagbag.py:588} INFO - Filling up the DagBag from /opt/airflow/dags/spark_airflow.py
[2024-11-04T22:15:07.068+0000] {processor.py:925} INFO - DAG(s) 'sparking_flow' retrieved from /opt/airflow/dags/spark_airflow.py
[2024-11-04T22:15:07.093+0000] {logging_mixin.py:190} INFO - [2024-11-04T22:15:07.093+0000] {dag.py:3239} INFO - Sync 1 DAGs
[2024-11-04T22:15:07.114+0000] {logging_mixin.py:190} INFO - [2024-11-04T22:15:07.114+0000] {dag.py:4180} INFO - Setting next_dagrun for sparking_flow to 2024-11-04 00:00:00+00:00, run_after=2024-11-05 00:00:00+00:00
[2024-11-04T22:15:07.131+0000] {processor.py:208} INFO - Processing /opt/airflow/dags/spark_airflow.py took 0.087 seconds
[2024-11-04T22:15:37.318+0000] {processor.py:186} INFO - Started process (PID=78321) to work on /opt/airflow/dags/spark_airflow.py
[2024-11-04T22:15:37.319+0000] {processor.py:914} INFO - Processing file /opt/airflow/dags/spark_airflow.py for tasks to queue
[2024-11-04T22:15:37.320+0000] {logging_mixin.py:190} INFO - [2024-11-04T22:15:37.320+0000] {dagbag.py:588} INFO - Filling up the DagBag from /opt/airflow/dags/spark_airflow.py
[2024-11-04T22:15:37.338+0000] {processor.py:925} INFO - DAG(s) 'sparking_flow' retrieved from /opt/airflow/dags/spark_airflow.py
[2024-11-04T22:15:37.363+0000] {logging_mixin.py:190} INFO - [2024-11-04T22:15:37.363+0000] {dag.py:3239} INFO - Sync 1 DAGs
[2024-11-04T22:15:37.386+0000] {logging_mixin.py:190} INFO - [2024-11-04T22:15:37.386+0000] {dag.py:4180} INFO - Setting next_dagrun for sparking_flow to 2024-11-04 00:00:00+00:00, run_after=2024-11-05 00:00:00+00:00
[2024-11-04T22:15:37.405+0000] {processor.py:208} INFO - Processing /opt/airflow/dags/spark_airflow.py took 0.091 seconds
[2024-11-04T22:16:07.514+0000] {processor.py:186} INFO - Started process (PID=78326) to work on /opt/airflow/dags/spark_airflow.py
[2024-11-04T22:16:07.515+0000] {processor.py:914} INFO - Processing file /opt/airflow/dags/spark_airflow.py for tasks to queue
[2024-11-04T22:16:07.516+0000] {logging_mixin.py:190} INFO - [2024-11-04T22:16:07.516+0000] {dagbag.py:588} INFO - Filling up the DagBag from /opt/airflow/dags/spark_airflow.py
[2024-11-04T22:16:07.534+0000] {processor.py:925} INFO - DAG(s) 'sparking_flow' retrieved from /opt/airflow/dags/spark_airflow.py
[2024-11-04T22:16:07.560+0000] {logging_mixin.py:190} INFO - [2024-11-04T22:16:07.560+0000] {dag.py:3239} INFO - Sync 1 DAGs
[2024-11-04T22:16:07.581+0000] {logging_mixin.py:190} INFO - [2024-11-04T22:16:07.581+0000] {dag.py:4180} INFO - Setting next_dagrun for sparking_flow to 2024-11-04 00:00:00+00:00, run_after=2024-11-05 00:00:00+00:00
[2024-11-04T22:16:07.597+0000] {processor.py:208} INFO - Processing /opt/airflow/dags/spark_airflow.py took 0.088 seconds
[2024-11-04T22:16:37.766+0000] {processor.py:186} INFO - Started process (PID=78331) to work on /opt/airflow/dags/spark_airflow.py
[2024-11-04T22:16:37.767+0000] {processor.py:914} INFO - Processing file /opt/airflow/dags/spark_airflow.py for tasks to queue
[2024-11-04T22:16:37.768+0000] {logging_mixin.py:190} INFO - [2024-11-04T22:16:37.768+0000] {dagbag.py:588} INFO - Filling up the DagBag from /opt/airflow/dags/spark_airflow.py
[2024-11-04T22:16:37.785+0000] {processor.py:925} INFO - DAG(s) 'sparking_flow' retrieved from /opt/airflow/dags/spark_airflow.py
[2024-11-04T22:16:37.814+0000] {logging_mixin.py:190} INFO - [2024-11-04T22:16:37.813+0000] {dag.py:3239} INFO - Sync 1 DAGs
[2024-11-04T22:16:37.840+0000] {logging_mixin.py:190} INFO - [2024-11-04T22:16:37.839+0000] {dag.py:4180} INFO - Setting next_dagrun for sparking_flow to 2024-11-04 00:00:00+00:00, run_after=2024-11-05 00:00:00+00:00
[2024-11-04T22:16:37.861+0000] {processor.py:208} INFO - Processing /opt/airflow/dags/spark_airflow.py took 0.099 seconds
[2024-11-04T22:17:07.954+0000] {processor.py:186} INFO - Started process (PID=78336) to work on /opt/airflow/dags/spark_airflow.py
[2024-11-04T22:17:07.955+0000] {processor.py:914} INFO - Processing file /opt/airflow/dags/spark_airflow.py for tasks to queue
[2024-11-04T22:17:07.956+0000] {logging_mixin.py:190} INFO - [2024-11-04T22:17:07.956+0000] {dagbag.py:588} INFO - Filling up the DagBag from /opt/airflow/dags/spark_airflow.py
[2024-11-04T22:17:07.975+0000] {processor.py:925} INFO - DAG(s) 'sparking_flow' retrieved from /opt/airflow/dags/spark_airflow.py
[2024-11-04T22:17:08.002+0000] {logging_mixin.py:190} INFO - [2024-11-04T22:17:08.002+0000] {dag.py:3239} INFO - Sync 1 DAGs
[2024-11-04T22:17:08.027+0000] {logging_mixin.py:190} INFO - [2024-11-04T22:17:08.027+0000] {dag.py:4180} INFO - Setting next_dagrun for sparking_flow to 2024-11-04 00:00:00+00:00, run_after=2024-11-05 00:00:00+00:00
[2024-11-04T22:17:08.047+0000] {processor.py:208} INFO - Processing /opt/airflow/dags/spark_airflow.py took 0.099 seconds
[2024-11-04T22:17:38.197+0000] {processor.py:186} INFO - Started process (PID=78341) to work on /opt/airflow/dags/spark_airflow.py
[2024-11-04T22:17:38.198+0000] {processor.py:914} INFO - Processing file /opt/airflow/dags/spark_airflow.py for tasks to queue
[2024-11-04T22:17:38.199+0000] {logging_mixin.py:190} INFO - [2024-11-04T22:17:38.198+0000] {dagbag.py:588} INFO - Filling up the DagBag from /opt/airflow/dags/spark_airflow.py
[2024-11-04T22:17:38.216+0000] {processor.py:925} INFO - DAG(s) 'sparking_flow' retrieved from /opt/airflow/dags/spark_airflow.py
[2024-11-04T22:17:38.242+0000] {logging_mixin.py:190} INFO - [2024-11-04T22:17:38.242+0000] {dag.py:3239} INFO - Sync 1 DAGs
[2024-11-04T22:17:38.266+0000] {logging_mixin.py:190} INFO - [2024-11-04T22:17:38.265+0000] {dag.py:4180} INFO - Setting next_dagrun for sparking_flow to 2024-11-04 00:00:00+00:00, run_after=2024-11-05 00:00:00+00:00
[2024-11-04T22:17:38.285+0000] {processor.py:208} INFO - Processing /opt/airflow/dags/spark_airflow.py took 0.092 seconds
[2024-11-04T22:18:08.376+0000] {processor.py:186} INFO - Started process (PID=78346) to work on /opt/airflow/dags/spark_airflow.py
[2024-11-04T22:18:08.377+0000] {processor.py:914} INFO - Processing file /opt/airflow/dags/spark_airflow.py for tasks to queue
[2024-11-04T22:18:08.378+0000] {logging_mixin.py:190} INFO - [2024-11-04T22:18:08.378+0000] {dagbag.py:588} INFO - Filling up the DagBag from /opt/airflow/dags/spark_airflow.py
[2024-11-04T22:18:08.396+0000] {processor.py:925} INFO - DAG(s) 'sparking_flow' retrieved from /opt/airflow/dags/spark_airflow.py
[2024-11-04T22:18:08.422+0000] {logging_mixin.py:190} INFO - [2024-11-04T22:18:08.422+0000] {dag.py:3239} INFO - Sync 1 DAGs
[2024-11-04T22:18:08.444+0000] {logging_mixin.py:190} INFO - [2024-11-04T22:18:08.444+0000] {dag.py:4180} INFO - Setting next_dagrun for sparking_flow to 2024-11-04 00:00:00+00:00, run_after=2024-11-05 00:00:00+00:00
[2024-11-04T22:18:08.460+0000] {processor.py:208} INFO - Processing /opt/airflow/dags/spark_airflow.py took 0.089 seconds
[2024-11-04T22:18:38.602+0000] {processor.py:186} INFO - Started process (PID=78351) to work on /opt/airflow/dags/spark_airflow.py
[2024-11-04T22:18:38.603+0000] {processor.py:914} INFO - Processing file /opt/airflow/dags/spark_airflow.py for tasks to queue
[2024-11-04T22:18:38.604+0000] {logging_mixin.py:190} INFO - [2024-11-04T22:18:38.604+0000] {dagbag.py:588} INFO - Filling up the DagBag from /opt/airflow/dags/spark_airflow.py
[2024-11-04T22:18:38.623+0000] {processor.py:925} INFO - DAG(s) 'sparking_flow' retrieved from /opt/airflow/dags/spark_airflow.py
[2024-11-04T22:18:38.648+0000] {logging_mixin.py:190} INFO - [2024-11-04T22:18:38.648+0000] {dag.py:3239} INFO - Sync 1 DAGs
[2024-11-04T22:18:38.668+0000] {logging_mixin.py:190} INFO - [2024-11-04T22:18:38.668+0000] {dag.py:4180} INFO - Setting next_dagrun for sparking_flow to 2024-11-04 00:00:00+00:00, run_after=2024-11-05 00:00:00+00:00
[2024-11-04T22:18:38.685+0000] {processor.py:208} INFO - Processing /opt/airflow/dags/spark_airflow.py took 0.088 seconds
[2024-11-04T22:19:08.781+0000] {processor.py:186} INFO - Started process (PID=78356) to work on /opt/airflow/dags/spark_airflow.py
[2024-11-04T22:19:08.782+0000] {processor.py:914} INFO - Processing file /opt/airflow/dags/spark_airflow.py for tasks to queue
[2024-11-04T22:19:08.783+0000] {logging_mixin.py:190} INFO - [2024-11-04T22:19:08.783+0000] {dagbag.py:588} INFO - Filling up the DagBag from /opt/airflow/dags/spark_airflow.py
[2024-11-04T22:19:08.801+0000] {processor.py:925} INFO - DAG(s) 'sparking_flow' retrieved from /opt/airflow/dags/spark_airflow.py
[2024-11-04T22:19:08.826+0000] {logging_mixin.py:190} INFO - [2024-11-04T22:19:08.826+0000] {dag.py:3239} INFO - Sync 1 DAGs
[2024-11-04T22:19:08.847+0000] {logging_mixin.py:190} INFO - [2024-11-04T22:19:08.847+0000] {dag.py:4180} INFO - Setting next_dagrun for sparking_flow to 2024-11-04 00:00:00+00:00, run_after=2024-11-05 00:00:00+00:00
[2024-11-04T22:19:08.863+0000] {processor.py:208} INFO - Processing /opt/airflow/dags/spark_airflow.py took 0.086 seconds
[2024-11-04T22:19:39.003+0000] {processor.py:186} INFO - Started process (PID=78361) to work on /opt/airflow/dags/spark_airflow.py
[2024-11-04T22:19:39.004+0000] {processor.py:914} INFO - Processing file /opt/airflow/dags/spark_airflow.py for tasks to queue
[2024-11-04T22:19:39.005+0000] {logging_mixin.py:190} INFO - [2024-11-04T22:19:39.005+0000] {dagbag.py:588} INFO - Filling up the DagBag from /opt/airflow/dags/spark_airflow.py
[2024-11-04T22:19:39.022+0000] {processor.py:925} INFO - DAG(s) 'sparking_flow' retrieved from /opt/airflow/dags/spark_airflow.py
[2024-11-04T22:19:39.047+0000] {logging_mixin.py:190} INFO - [2024-11-04T22:19:39.046+0000] {dag.py:3239} INFO - Sync 1 DAGs
[2024-11-04T22:19:39.068+0000] {logging_mixin.py:190} INFO - [2024-11-04T22:19:39.067+0000] {dag.py:4180} INFO - Setting next_dagrun for sparking_flow to 2024-11-04 00:00:00+00:00, run_after=2024-11-05 00:00:00+00:00
[2024-11-04T22:19:39.084+0000] {processor.py:208} INFO - Processing /opt/airflow/dags/spark_airflow.py took 0.086 seconds
[2024-11-04T22:20:09.192+0000] {processor.py:186} INFO - Started process (PID=78366) to work on /opt/airflow/dags/spark_airflow.py
[2024-11-04T22:20:09.193+0000] {processor.py:914} INFO - Processing file /opt/airflow/dags/spark_airflow.py for tasks to queue
[2024-11-04T22:20:09.194+0000] {logging_mixin.py:190} INFO - [2024-11-04T22:20:09.193+0000] {dagbag.py:588} INFO - Filling up the DagBag from /opt/airflow/dags/spark_airflow.py
[2024-11-04T22:20:09.214+0000] {processor.py:925} INFO - DAG(s) 'sparking_flow' retrieved from /opt/airflow/dags/spark_airflow.py
[2024-11-04T22:20:09.237+0000] {logging_mixin.py:190} INFO - [2024-11-04T22:20:09.237+0000] {dag.py:3239} INFO - Sync 1 DAGs
[2024-11-04T22:20:09.259+0000] {logging_mixin.py:190} INFO - [2024-11-04T22:20:09.259+0000] {dag.py:4180} INFO - Setting next_dagrun for sparking_flow to 2024-11-04 00:00:00+00:00, run_after=2024-11-05 00:00:00+00:00
[2024-11-04T22:20:09.275+0000] {processor.py:208} INFO - Processing /opt/airflow/dags/spark_airflow.py took 0.088 seconds
[2024-11-04T22:20:39.448+0000] {processor.py:186} INFO - Started process (PID=78371) to work on /opt/airflow/dags/spark_airflow.py
[2024-11-04T22:20:39.449+0000] {processor.py:914} INFO - Processing file /opt/airflow/dags/spark_airflow.py for tasks to queue
[2024-11-04T22:20:39.450+0000] {logging_mixin.py:190} INFO - [2024-11-04T22:20:39.449+0000] {dagbag.py:588} INFO - Filling up the DagBag from /opt/airflow/dags/spark_airflow.py
[2024-11-04T22:20:39.467+0000] {processor.py:925} INFO - DAG(s) 'sparking_flow' retrieved from /opt/airflow/dags/spark_airflow.py
[2024-11-04T22:20:39.491+0000] {logging_mixin.py:190} INFO - [2024-11-04T22:20:39.491+0000] {dag.py:3239} INFO - Sync 1 DAGs
[2024-11-04T22:20:39.511+0000] {logging_mixin.py:190} INFO - [2024-11-04T22:20:39.511+0000] {dag.py:4180} INFO - Setting next_dagrun for sparking_flow to 2024-11-04 00:00:00+00:00, run_after=2024-11-05 00:00:00+00:00
[2024-11-04T22:20:39.529+0000] {processor.py:208} INFO - Processing /opt/airflow/dags/spark_airflow.py took 0.085 seconds
[2024-11-04T22:21:09.631+0000] {processor.py:186} INFO - Started process (PID=78376) to work on /opt/airflow/dags/spark_airflow.py
[2024-11-04T22:21:09.632+0000] {processor.py:914} INFO - Processing file /opt/airflow/dags/spark_airflow.py for tasks to queue
[2024-11-04T22:21:09.633+0000] {logging_mixin.py:190} INFO - [2024-11-04T22:21:09.633+0000] {dagbag.py:588} INFO - Filling up the DagBag from /opt/airflow/dags/spark_airflow.py
[2024-11-04T22:21:09.651+0000] {processor.py:925} INFO - DAG(s) 'sparking_flow' retrieved from /opt/airflow/dags/spark_airflow.py
[2024-11-04T22:21:09.677+0000] {logging_mixin.py:190} INFO - [2024-11-04T22:21:09.677+0000] {dag.py:3239} INFO - Sync 1 DAGs
[2024-11-04T22:21:09.699+0000] {logging_mixin.py:190} INFO - [2024-11-04T22:21:09.699+0000] {dag.py:4180} INFO - Setting next_dagrun for sparking_flow to 2024-11-04 00:00:00+00:00, run_after=2024-11-05 00:00:00+00:00
[2024-11-04T22:21:09.720+0000] {processor.py:208} INFO - Processing /opt/airflow/dags/spark_airflow.py took 0.094 seconds
[2024-11-04T22:21:39.875+0000] {processor.py:186} INFO - Started process (PID=78381) to work on /opt/airflow/dags/spark_airflow.py
[2024-11-04T22:21:39.876+0000] {processor.py:914} INFO - Processing file /opt/airflow/dags/spark_airflow.py for tasks to queue
[2024-11-04T22:21:39.877+0000] {logging_mixin.py:190} INFO - [2024-11-04T22:21:39.877+0000] {dagbag.py:588} INFO - Filling up the DagBag from /opt/airflow/dags/spark_airflow.py
[2024-11-04T22:21:39.895+0000] {processor.py:925} INFO - DAG(s) 'sparking_flow' retrieved from /opt/airflow/dags/spark_airflow.py
[2024-11-04T22:21:39.918+0000] {logging_mixin.py:190} INFO - [2024-11-04T22:21:39.918+0000] {dag.py:3239} INFO - Sync 1 DAGs
[2024-11-04T22:21:39.940+0000] {logging_mixin.py:190} INFO - [2024-11-04T22:21:39.939+0000] {dag.py:4180} INFO - Setting next_dagrun for sparking_flow to 2024-11-04 00:00:00+00:00, run_after=2024-11-05 00:00:00+00:00
[2024-11-04T22:21:39.955+0000] {processor.py:208} INFO - Processing /opt/airflow/dags/spark_airflow.py took 0.085 seconds
[2024-11-04T22:22:10.070+0000] {processor.py:186} INFO - Started process (PID=78386) to work on /opt/airflow/dags/spark_airflow.py
[2024-11-04T22:22:10.071+0000] {processor.py:914} INFO - Processing file /opt/airflow/dags/spark_airflow.py for tasks to queue
[2024-11-04T22:22:10.072+0000] {logging_mixin.py:190} INFO - [2024-11-04T22:22:10.072+0000] {dagbag.py:588} INFO - Filling up the DagBag from /opt/airflow/dags/spark_airflow.py
[2024-11-04T22:22:10.089+0000] {processor.py:925} INFO - DAG(s) 'sparking_flow' retrieved from /opt/airflow/dags/spark_airflow.py
[2024-11-04T22:22:10.115+0000] {logging_mixin.py:190} INFO - [2024-11-04T22:22:10.115+0000] {dag.py:3239} INFO - Sync 1 DAGs
[2024-11-04T22:22:10.137+0000] {logging_mixin.py:190} INFO - [2024-11-04T22:22:10.136+0000] {dag.py:4180} INFO - Setting next_dagrun for sparking_flow to 2024-11-04 00:00:00+00:00, run_after=2024-11-05 00:00:00+00:00
[2024-11-04T22:22:10.154+0000] {processor.py:208} INFO - Processing /opt/airflow/dags/spark_airflow.py took 0.089 seconds
[2024-11-04T22:22:40.288+0000] {processor.py:186} INFO - Started process (PID=78391) to work on /opt/airflow/dags/spark_airflow.py
[2024-11-04T22:22:40.289+0000] {processor.py:914} INFO - Processing file /opt/airflow/dags/spark_airflow.py for tasks to queue
[2024-11-04T22:22:40.290+0000] {logging_mixin.py:190} INFO - [2024-11-04T22:22:40.290+0000] {dagbag.py:588} INFO - Filling up the DagBag from /opt/airflow/dags/spark_airflow.py
[2024-11-04T22:22:40.308+0000] {processor.py:925} INFO - DAG(s) 'sparking_flow' retrieved from /opt/airflow/dags/spark_airflow.py
[2024-11-04T22:22:40.333+0000] {logging_mixin.py:190} INFO - [2024-11-04T22:22:40.333+0000] {dag.py:3239} INFO - Sync 1 DAGs
[2024-11-04T22:22:40.356+0000] {logging_mixin.py:190} INFO - [2024-11-04T22:22:40.356+0000] {dag.py:4180} INFO - Setting next_dagrun for sparking_flow to 2024-11-04 00:00:00+00:00, run_after=2024-11-05 00:00:00+00:00
[2024-11-04T22:22:40.374+0000] {processor.py:208} INFO - Processing /opt/airflow/dags/spark_airflow.py took 0.089 seconds
[2024-11-04T22:23:10.476+0000] {processor.py:186} INFO - Started process (PID=78396) to work on /opt/airflow/dags/spark_airflow.py
[2024-11-04T22:23:10.477+0000] {processor.py:914} INFO - Processing file /opt/airflow/dags/spark_airflow.py for tasks to queue
[2024-11-04T22:23:10.478+0000] {logging_mixin.py:190} INFO - [2024-11-04T22:23:10.478+0000] {dagbag.py:588} INFO - Filling up the DagBag from /opt/airflow/dags/spark_airflow.py
[2024-11-04T22:23:10.495+0000] {processor.py:925} INFO - DAG(s) 'sparking_flow' retrieved from /opt/airflow/dags/spark_airflow.py
[2024-11-04T22:23:10.519+0000] {logging_mixin.py:190} INFO - [2024-11-04T22:23:10.519+0000] {dag.py:3239} INFO - Sync 1 DAGs
[2024-11-04T22:23:10.541+0000] {logging_mixin.py:190} INFO - [2024-11-04T22:23:10.540+0000] {dag.py:4180} INFO - Setting next_dagrun for sparking_flow to 2024-11-04 00:00:00+00:00, run_after=2024-11-05 00:00:00+00:00
[2024-11-04T22:23:10.558+0000] {processor.py:208} INFO - Processing /opt/airflow/dags/spark_airflow.py took 0.086 seconds
[2024-11-04T22:23:40.699+0000] {processor.py:186} INFO - Started process (PID=78401) to work on /opt/airflow/dags/spark_airflow.py
[2024-11-04T22:23:40.700+0000] {processor.py:914} INFO - Processing file /opt/airflow/dags/spark_airflow.py for tasks to queue
[2024-11-04T22:23:40.701+0000] {logging_mixin.py:190} INFO - [2024-11-04T22:23:40.701+0000] {dagbag.py:588} INFO - Filling up the DagBag from /opt/airflow/dags/spark_airflow.py
[2024-11-04T22:23:40.721+0000] {processor.py:925} INFO - DAG(s) 'sparking_flow' retrieved from /opt/airflow/dags/spark_airflow.py
[2024-11-04T22:23:40.746+0000] {logging_mixin.py:190} INFO - [2024-11-04T22:23:40.745+0000] {dag.py:3239} INFO - Sync 1 DAGs
[2024-11-04T22:23:40.767+0000] {logging_mixin.py:190} INFO - [2024-11-04T22:23:40.767+0000] {dag.py:4180} INFO - Setting next_dagrun for sparking_flow to 2024-11-04 00:00:00+00:00, run_after=2024-11-05 00:00:00+00:00
[2024-11-04T22:23:40.784+0000] {processor.py:208} INFO - Processing /opt/airflow/dags/spark_airflow.py took 0.090 seconds
[2024-11-04T22:24:10.897+0000] {processor.py:186} INFO - Started process (PID=78406) to work on /opt/airflow/dags/spark_airflow.py
[2024-11-04T22:24:10.898+0000] {processor.py:914} INFO - Processing file /opt/airflow/dags/spark_airflow.py for tasks to queue
[2024-11-04T22:24:10.900+0000] {logging_mixin.py:190} INFO - [2024-11-04T22:24:10.899+0000] {dagbag.py:588} INFO - Filling up the DagBag from /opt/airflow/dags/spark_airflow.py
[2024-11-04T22:24:10.917+0000] {processor.py:925} INFO - DAG(s) 'sparking_flow' retrieved from /opt/airflow/dags/spark_airflow.py
[2024-11-04T22:24:10.944+0000] {logging_mixin.py:190} INFO - [2024-11-04T22:24:10.944+0000] {dag.py:3239} INFO - Sync 1 DAGs
[2024-11-04T22:24:10.970+0000] {logging_mixin.py:190} INFO - [2024-11-04T22:24:10.970+0000] {dag.py:4180} INFO - Setting next_dagrun for sparking_flow to 2024-11-04 00:00:00+00:00, run_after=2024-11-05 00:00:00+00:00
[2024-11-04T22:24:10.990+0000] {processor.py:208} INFO - Processing /opt/airflow/dags/spark_airflow.py took 0.098 seconds
[2024-11-04T22:24:41.121+0000] {processor.py:186} INFO - Started process (PID=78411) to work on /opt/airflow/dags/spark_airflow.py
[2024-11-04T22:24:41.122+0000] {processor.py:914} INFO - Processing file /opt/airflow/dags/spark_airflow.py for tasks to queue
[2024-11-04T22:24:41.123+0000] {logging_mixin.py:190} INFO - [2024-11-04T22:24:41.123+0000] {dagbag.py:588} INFO - Filling up the DagBag from /opt/airflow/dags/spark_airflow.py
[2024-11-04T22:24:41.140+0000] {processor.py:925} INFO - DAG(s) 'sparking_flow' retrieved from /opt/airflow/dags/spark_airflow.py
[2024-11-04T22:24:41.165+0000] {logging_mixin.py:190} INFO - [2024-11-04T22:24:41.165+0000] {dag.py:3239} INFO - Sync 1 DAGs
[2024-11-04T22:24:41.188+0000] {logging_mixin.py:190} INFO - [2024-11-04T22:24:41.188+0000] {dag.py:4180} INFO - Setting next_dagrun for sparking_flow to 2024-11-04 00:00:00+00:00, run_after=2024-11-05 00:00:00+00:00
[2024-11-04T22:24:41.204+0000] {processor.py:208} INFO - Processing /opt/airflow/dags/spark_airflow.py took 0.088 seconds
[2024-11-04T22:25:11.309+0000] {processor.py:186} INFO - Started process (PID=78416) to work on /opt/airflow/dags/spark_airflow.py
[2024-11-04T22:25:11.310+0000] {processor.py:914} INFO - Processing file /opt/airflow/dags/spark_airflow.py for tasks to queue
[2024-11-04T22:25:11.311+0000] {logging_mixin.py:190} INFO - [2024-11-04T22:25:11.311+0000] {dagbag.py:588} INFO - Filling up the DagBag from /opt/airflow/dags/spark_airflow.py
[2024-11-04T22:25:11.328+0000] {processor.py:925} INFO - DAG(s) 'sparking_flow' retrieved from /opt/airflow/dags/spark_airflow.py
[2024-11-04T22:25:11.353+0000] {logging_mixin.py:190} INFO - [2024-11-04T22:25:11.353+0000] {dag.py:3239} INFO - Sync 1 DAGs
[2024-11-04T22:25:11.376+0000] {logging_mixin.py:190} INFO - [2024-11-04T22:25:11.375+0000] {dag.py:4180} INFO - Setting next_dagrun for sparking_flow to 2024-11-04 00:00:00+00:00, run_after=2024-11-05 00:00:00+00:00
[2024-11-04T22:25:11.395+0000] {processor.py:208} INFO - Processing /opt/airflow/dags/spark_airflow.py took 0.090 seconds
[2024-11-04T22:25:41.542+0000] {processor.py:186} INFO - Started process (PID=78421) to work on /opt/airflow/dags/spark_airflow.py
[2024-11-04T22:25:41.543+0000] {processor.py:914} INFO - Processing file /opt/airflow/dags/spark_airflow.py for tasks to queue
[2024-11-04T22:25:41.544+0000] {logging_mixin.py:190} INFO - [2024-11-04T22:25:41.544+0000] {dagbag.py:588} INFO - Filling up the DagBag from /opt/airflow/dags/spark_airflow.py
[2024-11-04T22:25:41.565+0000] {processor.py:925} INFO - DAG(s) 'sparking_flow' retrieved from /opt/airflow/dags/spark_airflow.py
[2024-11-04T22:25:41.591+0000] {logging_mixin.py:190} INFO - [2024-11-04T22:25:41.590+0000] {dag.py:3239} INFO - Sync 1 DAGs
[2024-11-04T22:25:41.614+0000] {logging_mixin.py:190} INFO - [2024-11-04T22:25:41.614+0000] {dag.py:4180} INFO - Setting next_dagrun for sparking_flow to 2024-11-04 00:00:00+00:00, run_after=2024-11-05 00:00:00+00:00
[2024-11-04T22:25:41.633+0000] {processor.py:208} INFO - Processing /opt/airflow/dags/spark_airflow.py took 0.095 seconds
[2024-11-04T22:26:11.715+0000] {processor.py:186} INFO - Started process (PID=78426) to work on /opt/airflow/dags/spark_airflow.py
[2024-11-04T22:26:11.716+0000] {processor.py:914} INFO - Processing file /opt/airflow/dags/spark_airflow.py for tasks to queue
[2024-11-04T22:26:11.717+0000] {logging_mixin.py:190} INFO - [2024-11-04T22:26:11.717+0000] {dagbag.py:588} INFO - Filling up the DagBag from /opt/airflow/dags/spark_airflow.py
[2024-11-04T22:26:11.735+0000] {processor.py:925} INFO - DAG(s) 'sparking_flow' retrieved from /opt/airflow/dags/spark_airflow.py
[2024-11-04T22:26:11.761+0000] {logging_mixin.py:190} INFO - [2024-11-04T22:26:11.761+0000] {dag.py:3239} INFO - Sync 1 DAGs
[2024-11-04T22:26:11.785+0000] {logging_mixin.py:190} INFO - [2024-11-04T22:26:11.785+0000] {dag.py:4180} INFO - Setting next_dagrun for sparking_flow to 2024-11-04 00:00:00+00:00, run_after=2024-11-05 00:00:00+00:00
[2024-11-04T22:26:11.803+0000] {processor.py:208} INFO - Processing /opt/airflow/dags/spark_airflow.py took 0.093 seconds
[2024-11-04T22:26:41.950+0000] {processor.py:186} INFO - Started process (PID=78431) to work on /opt/airflow/dags/spark_airflow.py
[2024-11-04T22:26:41.951+0000] {processor.py:914} INFO - Processing file /opt/airflow/dags/spark_airflow.py for tasks to queue
[2024-11-04T22:26:41.952+0000] {logging_mixin.py:190} INFO - [2024-11-04T22:26:41.952+0000] {dagbag.py:588} INFO - Filling up the DagBag from /opt/airflow/dags/spark_airflow.py
[2024-11-04T22:26:41.970+0000] {processor.py:925} INFO - DAG(s) 'sparking_flow' retrieved from /opt/airflow/dags/spark_airflow.py
[2024-11-04T22:26:41.997+0000] {logging_mixin.py:190} INFO - [2024-11-04T22:26:41.996+0000] {dag.py:3239} INFO - Sync 1 DAGs
[2024-11-04T22:26:42.019+0000] {logging_mixin.py:190} INFO - [2024-11-04T22:26:42.019+0000] {dag.py:4180} INFO - Setting next_dagrun for sparking_flow to 2024-11-04 00:00:00+00:00, run_after=2024-11-05 00:00:00+00:00
[2024-11-04T22:26:42.038+0000] {processor.py:208} INFO - Processing /opt/airflow/dags/spark_airflow.py took 0.091 seconds
[2024-11-04T22:27:12.124+0000] {processor.py:186} INFO - Started process (PID=78436) to work on /opt/airflow/dags/spark_airflow.py
[2024-11-04T22:27:12.125+0000] {processor.py:914} INFO - Processing file /opt/airflow/dags/spark_airflow.py for tasks to queue
[2024-11-04T22:27:12.126+0000] {logging_mixin.py:190} INFO - [2024-11-04T22:27:12.126+0000] {dagbag.py:588} INFO - Filling up the DagBag from /opt/airflow/dags/spark_airflow.py
[2024-11-04T22:27:12.144+0000] {processor.py:925} INFO - DAG(s) 'sparking_flow' retrieved from /opt/airflow/dags/spark_airflow.py
[2024-11-04T22:27:12.171+0000] {logging_mixin.py:190} INFO - [2024-11-04T22:27:12.171+0000] {dag.py:3239} INFO - Sync 1 DAGs
[2024-11-04T22:27:12.193+0000] {logging_mixin.py:190} INFO - [2024-11-04T22:27:12.192+0000] {dag.py:4180} INFO - Setting next_dagrun for sparking_flow to 2024-11-04 00:00:00+00:00, run_after=2024-11-05 00:00:00+00:00
[2024-11-04T22:27:12.211+0000] {processor.py:208} INFO - Processing /opt/airflow/dags/spark_airflow.py took 0.091 seconds
[2024-11-04T22:27:42.353+0000] {processor.py:186} INFO - Started process (PID=78441) to work on /opt/airflow/dags/spark_airflow.py
[2024-11-04T22:27:42.354+0000] {processor.py:914} INFO - Processing file /opt/airflow/dags/spark_airflow.py for tasks to queue
[2024-11-04T22:27:42.355+0000] {logging_mixin.py:190} INFO - [2024-11-04T22:27:42.355+0000] {dagbag.py:588} INFO - Filling up the DagBag from /opt/airflow/dags/spark_airflow.py
[2024-11-04T22:27:42.373+0000] {processor.py:925} INFO - DAG(s) 'sparking_flow' retrieved from /opt/airflow/dags/spark_airflow.py
[2024-11-04T22:27:42.399+0000] {logging_mixin.py:190} INFO - [2024-11-04T22:27:42.398+0000] {dag.py:3239} INFO - Sync 1 DAGs
[2024-11-04T22:27:42.422+0000] {logging_mixin.py:190} INFO - [2024-11-04T22:27:42.421+0000] {dag.py:4180} INFO - Setting next_dagrun for sparking_flow to 2024-11-04 00:00:00+00:00, run_after=2024-11-05 00:00:00+00:00
[2024-11-04T22:27:42.441+0000] {processor.py:208} INFO - Processing /opt/airflow/dags/spark_airflow.py took 0.092 seconds
[2024-11-04T22:28:12.531+0000] {processor.py:186} INFO - Started process (PID=78446) to work on /opt/airflow/dags/spark_airflow.py
[2024-11-04T22:28:12.532+0000] {processor.py:914} INFO - Processing file /opt/airflow/dags/spark_airflow.py for tasks to queue
[2024-11-04T22:28:12.533+0000] {logging_mixin.py:190} INFO - [2024-11-04T22:28:12.533+0000] {dagbag.py:588} INFO - Filling up the DagBag from /opt/airflow/dags/spark_airflow.py
[2024-11-04T22:28:12.551+0000] {processor.py:925} INFO - DAG(s) 'sparking_flow' retrieved from /opt/airflow/dags/spark_airflow.py
[2024-11-04T22:28:12.574+0000] {logging_mixin.py:190} INFO - [2024-11-04T22:28:12.574+0000] {dag.py:3239} INFO - Sync 1 DAGs
[2024-11-04T22:28:12.596+0000] {logging_mixin.py:190} INFO - [2024-11-04T22:28:12.595+0000] {dag.py:4180} INFO - Setting next_dagrun for sparking_flow to 2024-11-04 00:00:00+00:00, run_after=2024-11-05 00:00:00+00:00
[2024-11-04T22:28:12.611+0000] {processor.py:208} INFO - Processing /opt/airflow/dags/spark_airflow.py took 0.085 seconds
[2024-11-04T22:28:42.765+0000] {processor.py:186} INFO - Started process (PID=78451) to work on /opt/airflow/dags/spark_airflow.py
[2024-11-04T22:28:42.765+0000] {processor.py:914} INFO - Processing file /opt/airflow/dags/spark_airflow.py for tasks to queue
[2024-11-04T22:28:42.767+0000] {logging_mixin.py:190} INFO - [2024-11-04T22:28:42.766+0000] {dagbag.py:588} INFO - Filling up the DagBag from /opt/airflow/dags/spark_airflow.py
[2024-11-04T22:28:42.784+0000] {processor.py:925} INFO - DAG(s) 'sparking_flow' retrieved from /opt/airflow/dags/spark_airflow.py
[2024-11-04T22:28:42.811+0000] {logging_mixin.py:190} INFO - [2024-11-04T22:28:42.810+0000] {dag.py:3239} INFO - Sync 1 DAGs
[2024-11-04T22:28:42.834+0000] {logging_mixin.py:190} INFO - [2024-11-04T22:28:42.834+0000] {dag.py:4180} INFO - Setting next_dagrun for sparking_flow to 2024-11-04 00:00:00+00:00, run_after=2024-11-05 00:00:00+00:00
[2024-11-04T22:28:42.851+0000] {processor.py:208} INFO - Processing /opt/airflow/dags/spark_airflow.py took 0.090 seconds
[2024-11-04T22:29:12.936+0000] {processor.py:186} INFO - Started process (PID=78456) to work on /opt/airflow/dags/spark_airflow.py
[2024-11-04T22:29:12.937+0000] {processor.py:914} INFO - Processing file /opt/airflow/dags/spark_airflow.py for tasks to queue
[2024-11-04T22:29:12.938+0000] {logging_mixin.py:190} INFO - [2024-11-04T22:29:12.938+0000] {dagbag.py:588} INFO - Filling up the DagBag from /opt/airflow/dags/spark_airflow.py
[2024-11-04T22:29:12.955+0000] {processor.py:925} INFO - DAG(s) 'sparking_flow' retrieved from /opt/airflow/dags/spark_airflow.py
[2024-11-04T22:29:12.979+0000] {logging_mixin.py:190} INFO - [2024-11-04T22:29:12.979+0000] {dag.py:3239} INFO - Sync 1 DAGs
[2024-11-04T22:29:13.000+0000] {logging_mixin.py:190} INFO - [2024-11-04T22:29:12.999+0000] {dag.py:4180} INFO - Setting next_dagrun for sparking_flow to 2024-11-04 00:00:00+00:00, run_after=2024-11-05 00:00:00+00:00
[2024-11-04T22:29:13.016+0000] {processor.py:208} INFO - Processing /opt/airflow/dags/spark_airflow.py took 0.085 seconds
[2024-11-04T22:29:43.171+0000] {processor.py:186} INFO - Started process (PID=78461) to work on /opt/airflow/dags/spark_airflow.py
[2024-11-04T22:29:43.171+0000] {processor.py:914} INFO - Processing file /opt/airflow/dags/spark_airflow.py for tasks to queue
[2024-11-04T22:29:43.172+0000] {logging_mixin.py:190} INFO - [2024-11-04T22:29:43.172+0000] {dagbag.py:588} INFO - Filling up the DagBag from /opt/airflow/dags/spark_airflow.py
[2024-11-04T22:29:43.189+0000] {processor.py:925} INFO - DAG(s) 'sparking_flow' retrieved from /opt/airflow/dags/spark_airflow.py
[2024-11-04T22:29:43.212+0000] {logging_mixin.py:190} INFO - [2024-11-04T22:29:43.211+0000] {dag.py:3239} INFO - Sync 1 DAGs
[2024-11-04T22:29:43.232+0000] {logging_mixin.py:190} INFO - [2024-11-04T22:29:43.231+0000] {dag.py:4180} INFO - Setting next_dagrun for sparking_flow to 2024-11-04 00:00:00+00:00, run_after=2024-11-05 00:00:00+00:00
[2024-11-04T22:29:43.248+0000] {processor.py:208} INFO - Processing /opt/airflow/dags/spark_airflow.py took 0.082 seconds
[2024-11-04T22:30:13.351+0000] {processor.py:186} INFO - Started process (PID=78466) to work on /opt/airflow/dags/spark_airflow.py
[2024-11-04T22:30:13.352+0000] {processor.py:914} INFO - Processing file /opt/airflow/dags/spark_airflow.py for tasks to queue
[2024-11-04T22:30:13.353+0000] {logging_mixin.py:190} INFO - [2024-11-04T22:30:13.353+0000] {dagbag.py:588} INFO - Filling up the DagBag from /opt/airflow/dags/spark_airflow.py
[2024-11-04T22:30:13.372+0000] {processor.py:925} INFO - DAG(s) 'sparking_flow' retrieved from /opt/airflow/dags/spark_airflow.py
[2024-11-04T22:30:13.398+0000] {logging_mixin.py:190} INFO - [2024-11-04T22:30:13.398+0000] {dag.py:3239} INFO - Sync 1 DAGs
[2024-11-04T22:30:13.421+0000] {logging_mixin.py:190} INFO - [2024-11-04T22:30:13.421+0000] {dag.py:4180} INFO - Setting next_dagrun for sparking_flow to 2024-11-04 00:00:00+00:00, run_after=2024-11-05 00:00:00+00:00
[2024-11-04T22:30:13.440+0000] {processor.py:208} INFO - Processing /opt/airflow/dags/spark_airflow.py took 0.093 seconds
[2024-11-04T22:30:43.609+0000] {processor.py:186} INFO - Started process (PID=78471) to work on /opt/airflow/dags/spark_airflow.py
[2024-11-04T22:30:43.610+0000] {processor.py:914} INFO - Processing file /opt/airflow/dags/spark_airflow.py for tasks to queue
[2024-11-04T22:30:43.611+0000] {logging_mixin.py:190} INFO - [2024-11-04T22:30:43.611+0000] {dagbag.py:588} INFO - Filling up the DagBag from /opt/airflow/dags/spark_airflow.py
[2024-11-04T22:30:43.631+0000] {processor.py:925} INFO - DAG(s) 'sparking_flow' retrieved from /opt/airflow/dags/spark_airflow.py
[2024-11-04T22:30:43.654+0000] {logging_mixin.py:190} INFO - [2024-11-04T22:30:43.654+0000] {dag.py:3239} INFO - Sync 1 DAGs
[2024-11-04T22:30:43.676+0000] {logging_mixin.py:190} INFO - [2024-11-04T22:30:43.676+0000] {dag.py:4180} INFO - Setting next_dagrun for sparking_flow to 2024-11-04 00:00:00+00:00, run_after=2024-11-05 00:00:00+00:00
[2024-11-04T22:30:43.694+0000] {processor.py:208} INFO - Processing /opt/airflow/dags/spark_airflow.py took 0.090 seconds
[2024-11-04T22:31:13.787+0000] {processor.py:186} INFO - Started process (PID=78476) to work on /opt/airflow/dags/spark_airflow.py
[2024-11-04T22:31:13.788+0000] {processor.py:914} INFO - Processing file /opt/airflow/dags/spark_airflow.py for tasks to queue
[2024-11-04T22:31:13.789+0000] {logging_mixin.py:190} INFO - [2024-11-04T22:31:13.789+0000] {dagbag.py:588} INFO - Filling up the DagBag from /opt/airflow/dags/spark_airflow.py
[2024-11-04T22:31:13.809+0000] {processor.py:925} INFO - DAG(s) 'sparking_flow' retrieved from /opt/airflow/dags/spark_airflow.py
[2024-11-04T22:31:13.834+0000] {logging_mixin.py:190} INFO - [2024-11-04T22:31:13.833+0000] {dag.py:3239} INFO - Sync 1 DAGs
[2024-11-04T22:31:13.857+0000] {logging_mixin.py:190} INFO - [2024-11-04T22:31:13.856+0000] {dag.py:4180} INFO - Setting next_dagrun for sparking_flow to 2024-11-04 00:00:00+00:00, run_after=2024-11-05 00:00:00+00:00
[2024-11-04T22:31:13.873+0000] {processor.py:208} INFO - Processing /opt/airflow/dags/spark_airflow.py took 0.092 seconds
[2024-11-04T22:31:44.035+0000] {processor.py:186} INFO - Started process (PID=78481) to work on /opt/airflow/dags/spark_airflow.py
[2024-11-04T22:31:44.036+0000] {processor.py:914} INFO - Processing file /opt/airflow/dags/spark_airflow.py for tasks to queue
[2024-11-04T22:31:44.037+0000] {logging_mixin.py:190} INFO - [2024-11-04T22:31:44.037+0000] {dagbag.py:588} INFO - Filling up the DagBag from /opt/airflow/dags/spark_airflow.py
[2024-11-04T22:31:44.056+0000] {processor.py:925} INFO - DAG(s) 'sparking_flow' retrieved from /opt/airflow/dags/spark_airflow.py
[2024-11-04T22:31:44.083+0000] {logging_mixin.py:190} INFO - [2024-11-04T22:31:44.083+0000] {dag.py:3239} INFO - Sync 1 DAGs
[2024-11-04T22:31:44.107+0000] {logging_mixin.py:190} INFO - [2024-11-04T22:31:44.106+0000] {dag.py:4180} INFO - Setting next_dagrun for sparking_flow to 2024-11-04 00:00:00+00:00, run_after=2024-11-05 00:00:00+00:00
[2024-11-04T22:31:44.124+0000] {processor.py:208} INFO - Processing /opt/airflow/dags/spark_airflow.py took 0.095 seconds
[2024-11-04T22:32:14.205+0000] {processor.py:186} INFO - Started process (PID=78486) to work on /opt/airflow/dags/spark_airflow.py
[2024-11-04T22:32:14.206+0000] {processor.py:914} INFO - Processing file /opt/airflow/dags/spark_airflow.py for tasks to queue
[2024-11-04T22:32:14.207+0000] {logging_mixin.py:190} INFO - [2024-11-04T22:32:14.207+0000] {dagbag.py:588} INFO - Filling up the DagBag from /opt/airflow/dags/spark_airflow.py
[2024-11-04T22:32:14.225+0000] {processor.py:925} INFO - DAG(s) 'sparking_flow' retrieved from /opt/airflow/dags/spark_airflow.py
[2024-11-04T22:32:14.252+0000] {logging_mixin.py:190} INFO - [2024-11-04T22:32:14.252+0000] {dag.py:3239} INFO - Sync 1 DAGs
[2024-11-04T22:32:14.275+0000] {logging_mixin.py:190} INFO - [2024-11-04T22:32:14.275+0000] {dag.py:4180} INFO - Setting next_dagrun for sparking_flow to 2024-11-04 00:00:00+00:00, run_after=2024-11-05 00:00:00+00:00
[2024-11-04T22:32:14.294+0000] {processor.py:208} INFO - Processing /opt/airflow/dags/spark_airflow.py took 0.093 seconds
[2024-11-04T22:32:44.462+0000] {processor.py:186} INFO - Started process (PID=78491) to work on /opt/airflow/dags/spark_airflow.py
[2024-11-04T22:32:44.463+0000] {processor.py:914} INFO - Processing file /opt/airflow/dags/spark_airflow.py for tasks to queue
[2024-11-04T22:32:44.465+0000] {logging_mixin.py:190} INFO - [2024-11-04T22:32:44.465+0000] {dagbag.py:588} INFO - Filling up the DagBag from /opt/airflow/dags/spark_airflow.py
[2024-11-04T22:32:44.483+0000] {processor.py:925} INFO - DAG(s) 'sparking_flow' retrieved from /opt/airflow/dags/spark_airflow.py
[2024-11-04T22:32:44.509+0000] {logging_mixin.py:190} INFO - [2024-11-04T22:32:44.509+0000] {dag.py:3239} INFO - Sync 1 DAGs
[2024-11-04T22:32:44.531+0000] {logging_mixin.py:190} INFO - [2024-11-04T22:32:44.531+0000] {dag.py:4180} INFO - Setting next_dagrun for sparking_flow to 2024-11-04 00:00:00+00:00, run_after=2024-11-05 00:00:00+00:00
[2024-11-04T22:32:44.550+0000] {processor.py:208} INFO - Processing /opt/airflow/dags/spark_airflow.py took 0.092 seconds
[2024-11-04T22:33:14.644+0000] {processor.py:186} INFO - Started process (PID=78496) to work on /opt/airflow/dags/spark_airflow.py
[2024-11-04T22:33:14.645+0000] {processor.py:914} INFO - Processing file /opt/airflow/dags/spark_airflow.py for tasks to queue
[2024-11-04T22:33:14.646+0000] {logging_mixin.py:190} INFO - [2024-11-04T22:33:14.646+0000] {dagbag.py:588} INFO - Filling up the DagBag from /opt/airflow/dags/spark_airflow.py
[2024-11-04T22:33:14.664+0000] {processor.py:925} INFO - DAG(s) 'sparking_flow' retrieved from /opt/airflow/dags/spark_airflow.py
[2024-11-04T22:33:14.691+0000] {logging_mixin.py:190} INFO - [2024-11-04T22:33:14.691+0000] {dag.py:3239} INFO - Sync 1 DAGs
[2024-11-04T22:33:14.715+0000] {logging_mixin.py:190} INFO - [2024-11-04T22:33:14.714+0000] {dag.py:4180} INFO - Setting next_dagrun for sparking_flow to 2024-11-04 00:00:00+00:00, run_after=2024-11-05 00:00:00+00:00
[2024-11-04T22:33:14.732+0000] {processor.py:208} INFO - Processing /opt/airflow/dags/spark_airflow.py took 0.093 seconds
[2024-11-04T22:33:44.897+0000] {processor.py:186} INFO - Started process (PID=78501) to work on /opt/airflow/dags/spark_airflow.py
[2024-11-04T22:33:44.897+0000] {processor.py:914} INFO - Processing file /opt/airflow/dags/spark_airflow.py for tasks to queue
[2024-11-04T22:33:44.899+0000] {logging_mixin.py:190} INFO - [2024-11-04T22:33:44.898+0000] {dagbag.py:588} INFO - Filling up the DagBag from /opt/airflow/dags/spark_airflow.py
[2024-11-04T22:33:44.918+0000] {processor.py:925} INFO - DAG(s) 'sparking_flow' retrieved from /opt/airflow/dags/spark_airflow.py
[2024-11-04T22:33:44.943+0000] {logging_mixin.py:190} INFO - [2024-11-04T22:33:44.943+0000] {dag.py:3239} INFO - Sync 1 DAGs
[2024-11-04T22:33:44.966+0000] {logging_mixin.py:190} INFO - [2024-11-04T22:33:44.966+0000] {dag.py:4180} INFO - Setting next_dagrun for sparking_flow to 2024-11-04 00:00:00+00:00, run_after=2024-11-05 00:00:00+00:00
[2024-11-04T22:33:44.986+0000] {processor.py:208} INFO - Processing /opt/airflow/dags/spark_airflow.py took 0.095 seconds
[2024-11-04T22:34:15.075+0000] {processor.py:186} INFO - Started process (PID=78506) to work on /opt/airflow/dags/spark_airflow.py
[2024-11-04T22:34:15.076+0000] {processor.py:914} INFO - Processing file /opt/airflow/dags/spark_airflow.py for tasks to queue
[2024-11-04T22:34:15.077+0000] {logging_mixin.py:190} INFO - [2024-11-04T22:34:15.077+0000] {dagbag.py:588} INFO - Filling up the DagBag from /opt/airflow/dags/spark_airflow.py
[2024-11-04T22:34:15.094+0000] {processor.py:925} INFO - DAG(s) 'sparking_flow' retrieved from /opt/airflow/dags/spark_airflow.py
[2024-11-04T22:34:15.119+0000] {logging_mixin.py:190} INFO - [2024-11-04T22:34:15.119+0000] {dag.py:3239} INFO - Sync 1 DAGs
[2024-11-04T22:34:15.140+0000] {logging_mixin.py:190} INFO - [2024-11-04T22:34:15.139+0000] {dag.py:4180} INFO - Setting next_dagrun for sparking_flow to 2024-11-04 00:00:00+00:00, run_after=2024-11-05 00:00:00+00:00
[2024-11-04T22:34:15.158+0000] {processor.py:208} INFO - Processing /opt/airflow/dags/spark_airflow.py took 0.087 seconds
[2024-11-04T22:34:45.318+0000] {processor.py:186} INFO - Started process (PID=78511) to work on /opt/airflow/dags/spark_airflow.py
[2024-11-04T22:34:45.319+0000] {processor.py:914} INFO - Processing file /opt/airflow/dags/spark_airflow.py for tasks to queue
[2024-11-04T22:34:45.320+0000] {logging_mixin.py:190} INFO - [2024-11-04T22:34:45.320+0000] {dagbag.py:588} INFO - Filling up the DagBag from /opt/airflow/dags/spark_airflow.py
[2024-11-04T22:34:45.337+0000] {processor.py:925} INFO - DAG(s) 'sparking_flow' retrieved from /opt/airflow/dags/spark_airflow.py
[2024-11-04T22:34:45.361+0000] {logging_mixin.py:190} INFO - [2024-11-04T22:34:45.361+0000] {dag.py:3239} INFO - Sync 1 DAGs
[2024-11-04T22:34:45.382+0000] {logging_mixin.py:190} INFO - [2024-11-04T22:34:45.382+0000] {dag.py:4180} INFO - Setting next_dagrun for sparking_flow to 2024-11-04 00:00:00+00:00, run_after=2024-11-05 00:00:00+00:00
[2024-11-04T22:34:45.400+0000] {processor.py:208} INFO - Processing /opt/airflow/dags/spark_airflow.py took 0.086 seconds
[2024-11-04T22:35:15.493+0000] {processor.py:186} INFO - Started process (PID=78516) to work on /opt/airflow/dags/spark_airflow.py
[2024-11-04T22:35:15.493+0000] {processor.py:914} INFO - Processing file /opt/airflow/dags/spark_airflow.py for tasks to queue
[2024-11-04T22:35:15.494+0000] {logging_mixin.py:190} INFO - [2024-11-04T22:35:15.494+0000] {dagbag.py:588} INFO - Filling up the DagBag from /opt/airflow/dags/spark_airflow.py
[2024-11-04T22:35:15.512+0000] {processor.py:925} INFO - DAG(s) 'sparking_flow' retrieved from /opt/airflow/dags/spark_airflow.py
[2024-11-04T22:35:15.538+0000] {logging_mixin.py:190} INFO - [2024-11-04T22:35:15.537+0000] {dag.py:3239} INFO - Sync 1 DAGs
[2024-11-04T22:35:15.557+0000] {logging_mixin.py:190} INFO - [2024-11-04T22:35:15.557+0000] {dag.py:4180} INFO - Setting next_dagrun for sparking_flow to 2024-11-04 00:00:00+00:00, run_after=2024-11-05 00:00:00+00:00
[2024-11-04T22:35:15.574+0000] {processor.py:208} INFO - Processing /opt/airflow/dags/spark_airflow.py took 0.086 seconds
[2024-11-04T22:35:45.742+0000] {processor.py:186} INFO - Started process (PID=78521) to work on /opt/airflow/dags/spark_airflow.py
[2024-11-04T22:35:45.742+0000] {processor.py:914} INFO - Processing file /opt/airflow/dags/spark_airflow.py for tasks to queue
[2024-11-04T22:35:45.743+0000] {logging_mixin.py:190} INFO - [2024-11-04T22:35:45.743+0000] {dagbag.py:588} INFO - Filling up the DagBag from /opt/airflow/dags/spark_airflow.py
[2024-11-04T22:35:45.763+0000] {processor.py:925} INFO - DAG(s) 'sparking_flow' retrieved from /opt/airflow/dags/spark_airflow.py
[2024-11-04T22:35:45.787+0000] {logging_mixin.py:190} INFO - [2024-11-04T22:35:45.787+0000] {dag.py:3239} INFO - Sync 1 DAGs
[2024-11-04T22:35:45.808+0000] {logging_mixin.py:190} INFO - [2024-11-04T22:35:45.808+0000] {dag.py:4180} INFO - Setting next_dagrun for sparking_flow to 2024-11-04 00:00:00+00:00, run_after=2024-11-05 00:00:00+00:00
[2024-11-04T22:35:45.825+0000] {processor.py:208} INFO - Processing /opt/airflow/dags/spark_airflow.py took 0.088 seconds
[2024-11-04T22:36:15.912+0000] {processor.py:186} INFO - Started process (PID=78526) to work on /opt/airflow/dags/spark_airflow.py
[2024-11-04T22:36:15.913+0000] {processor.py:914} INFO - Processing file /opt/airflow/dags/spark_airflow.py for tasks to queue
[2024-11-04T22:36:15.913+0000] {logging_mixin.py:190} INFO - [2024-11-04T22:36:15.913+0000] {dagbag.py:588} INFO - Filling up the DagBag from /opt/airflow/dags/spark_airflow.py
[2024-11-04T22:36:15.929+0000] {processor.py:925} INFO - DAG(s) 'sparking_flow' retrieved from /opt/airflow/dags/spark_airflow.py
[2024-11-04T22:36:15.955+0000] {logging_mixin.py:190} INFO - [2024-11-04T22:36:15.955+0000] {dag.py:3239} INFO - Sync 1 DAGs
[2024-11-04T22:36:15.978+0000] {logging_mixin.py:190} INFO - [2024-11-04T22:36:15.978+0000] {dag.py:4180} INFO - Setting next_dagrun for sparking_flow to 2024-11-04 00:00:00+00:00, run_after=2024-11-05 00:00:00+00:00
[2024-11-04T22:36:15.997+0000] {processor.py:208} INFO - Processing /opt/airflow/dags/spark_airflow.py took 0.089 seconds
[2024-11-04T22:36:46.143+0000] {processor.py:186} INFO - Started process (PID=78531) to work on /opt/airflow/dags/spark_airflow.py
[2024-11-04T22:36:46.144+0000] {processor.py:914} INFO - Processing file /opt/airflow/dags/spark_airflow.py for tasks to queue
[2024-11-04T22:36:46.146+0000] {logging_mixin.py:190} INFO - [2024-11-04T22:36:46.145+0000] {dagbag.py:588} INFO - Filling up the DagBag from /opt/airflow/dags/spark_airflow.py
[2024-11-04T22:36:46.163+0000] {processor.py:925} INFO - DAG(s) 'sparking_flow' retrieved from /opt/airflow/dags/spark_airflow.py
[2024-11-04T22:36:46.188+0000] {logging_mixin.py:190} INFO - [2024-11-04T22:36:46.188+0000] {dag.py:3239} INFO - Sync 1 DAGs
[2024-11-04T22:36:46.212+0000] {logging_mixin.py:190} INFO - [2024-11-04T22:36:46.212+0000] {dag.py:4180} INFO - Setting next_dagrun for sparking_flow to 2024-11-04 00:00:00+00:00, run_after=2024-11-05 00:00:00+00:00
[2024-11-04T22:36:46.229+0000] {processor.py:208} INFO - Processing /opt/airflow/dags/spark_airflow.py took 0.090 seconds
[2024-11-04T22:37:16.316+0000] {processor.py:186} INFO - Started process (PID=78536) to work on /opt/airflow/dags/spark_airflow.py
[2024-11-04T22:37:16.317+0000] {processor.py:914} INFO - Processing file /opt/airflow/dags/spark_airflow.py for tasks to queue
[2024-11-04T22:37:16.318+0000] {logging_mixin.py:190} INFO - [2024-11-04T22:37:16.318+0000] {dagbag.py:588} INFO - Filling up the DagBag from /opt/airflow/dags/spark_airflow.py
[2024-11-04T22:37:16.335+0000] {processor.py:925} INFO - DAG(s) 'sparking_flow' retrieved from /opt/airflow/dags/spark_airflow.py
[2024-11-04T22:37:16.360+0000] {logging_mixin.py:190} INFO - [2024-11-04T22:37:16.360+0000] {dag.py:3239} INFO - Sync 1 DAGs
[2024-11-04T22:37:16.382+0000] {logging_mixin.py:190} INFO - [2024-11-04T22:37:16.381+0000] {dag.py:4180} INFO - Setting next_dagrun for sparking_flow to 2024-11-04 00:00:00+00:00, run_after=2024-11-05 00:00:00+00:00
[2024-11-04T22:37:16.399+0000] {processor.py:208} INFO - Processing /opt/airflow/dags/spark_airflow.py took 0.088 seconds
[2024-11-04T22:37:46.545+0000] {processor.py:186} INFO - Started process (PID=78541) to work on /opt/airflow/dags/spark_airflow.py
[2024-11-04T22:37:46.546+0000] {processor.py:914} INFO - Processing file /opt/airflow/dags/spark_airflow.py for tasks to queue
[2024-11-04T22:37:46.546+0000] {logging_mixin.py:190} INFO - [2024-11-04T22:37:46.546+0000] {dagbag.py:588} INFO - Filling up the DagBag from /opt/airflow/dags/spark_airflow.py
[2024-11-04T22:37:46.562+0000] {processor.py:925} INFO - DAG(s) 'sparking_flow' retrieved from /opt/airflow/dags/spark_airflow.py
[2024-11-04T22:37:46.588+0000] {logging_mixin.py:190} INFO - [2024-11-04T22:37:46.587+0000] {dag.py:3239} INFO - Sync 1 DAGs
[2024-11-04T22:37:46.610+0000] {logging_mixin.py:190} INFO - [2024-11-04T22:37:46.610+0000] {dag.py:4180} INFO - Setting next_dagrun for sparking_flow to 2024-11-04 00:00:00+00:00, run_after=2024-11-05 00:00:00+00:00
[2024-11-04T22:37:46.629+0000] {processor.py:208} INFO - Processing /opt/airflow/dags/spark_airflow.py took 0.089 seconds
[2024-11-04T22:38:16.718+0000] {processor.py:186} INFO - Started process (PID=78546) to work on /opt/airflow/dags/spark_airflow.py
[2024-11-04T22:38:16.719+0000] {processor.py:914} INFO - Processing file /opt/airflow/dags/spark_airflow.py for tasks to queue
[2024-11-04T22:38:16.720+0000] {logging_mixin.py:190} INFO - [2024-11-04T22:38:16.720+0000] {dagbag.py:588} INFO - Filling up the DagBag from /opt/airflow/dags/spark_airflow.py
[2024-11-04T22:38:16.737+0000] {processor.py:925} INFO - DAG(s) 'sparking_flow' retrieved from /opt/airflow/dags/spark_airflow.py
[2024-11-04T22:38:16.761+0000] {logging_mixin.py:190} INFO - [2024-11-04T22:38:16.761+0000] {dag.py:3239} INFO - Sync 1 DAGs
[2024-11-04T22:38:16.783+0000] {logging_mixin.py:190} INFO - [2024-11-04T22:38:16.783+0000] {dag.py:4180} INFO - Setting next_dagrun for sparking_flow to 2024-11-04 00:00:00+00:00, run_after=2024-11-05 00:00:00+00:00
[2024-11-04T22:38:16.799+0000] {processor.py:208} INFO - Processing /opt/airflow/dags/spark_airflow.py took 0.085 seconds
[2024-11-04T22:38:46.952+0000] {processor.py:186} INFO - Started process (PID=78551) to work on /opt/airflow/dags/spark_airflow.py
[2024-11-04T22:38:46.952+0000] {processor.py:914} INFO - Processing file /opt/airflow/dags/spark_airflow.py for tasks to queue
[2024-11-04T22:38:46.954+0000] {logging_mixin.py:190} INFO - [2024-11-04T22:38:46.953+0000] {dagbag.py:588} INFO - Filling up the DagBag from /opt/airflow/dags/spark_airflow.py
[2024-11-04T22:38:46.971+0000] {processor.py:925} INFO - DAG(s) 'sparking_flow' retrieved from /opt/airflow/dags/spark_airflow.py
[2024-11-04T22:38:46.997+0000] {logging_mixin.py:190} INFO - [2024-11-04T22:38:46.997+0000] {dag.py:3239} INFO - Sync 1 DAGs
[2024-11-04T22:38:47.021+0000] {logging_mixin.py:190} INFO - [2024-11-04T22:38:47.021+0000] {dag.py:4180} INFO - Setting next_dagrun for sparking_flow to 2024-11-04 00:00:00+00:00, run_after=2024-11-05 00:00:00+00:00
[2024-11-04T22:38:47.039+0000] {processor.py:208} INFO - Processing /opt/airflow/dags/spark_airflow.py took 0.091 seconds
[2024-11-04T22:39:17.125+0000] {processor.py:186} INFO - Started process (PID=78556) to work on /opt/airflow/dags/spark_airflow.py
[2024-11-04T22:39:17.126+0000] {processor.py:914} INFO - Processing file /opt/airflow/dags/spark_airflow.py for tasks to queue
[2024-11-04T22:39:17.127+0000] {logging_mixin.py:190} INFO - [2024-11-04T22:39:17.126+0000] {dagbag.py:588} INFO - Filling up the DagBag from /opt/airflow/dags/spark_airflow.py
[2024-11-04T22:39:17.144+0000] {processor.py:925} INFO - DAG(s) 'sparking_flow' retrieved from /opt/airflow/dags/spark_airflow.py
[2024-11-04T22:39:17.169+0000] {logging_mixin.py:190} INFO - [2024-11-04T22:39:17.168+0000] {dag.py:3239} INFO - Sync 1 DAGs
[2024-11-04T22:39:17.190+0000] {logging_mixin.py:190} INFO - [2024-11-04T22:39:17.189+0000] {dag.py:4180} INFO - Setting next_dagrun for sparking_flow to 2024-11-04 00:00:00+00:00, run_after=2024-11-05 00:00:00+00:00
[2024-11-04T22:39:17.207+0000] {processor.py:208} INFO - Processing /opt/airflow/dags/spark_airflow.py took 0.087 seconds
[2024-11-04T22:39:47.348+0000] {processor.py:186} INFO - Started process (PID=78561) to work on /opt/airflow/dags/spark_airflow.py
[2024-11-04T22:39:47.349+0000] {processor.py:914} INFO - Processing file /opt/airflow/dags/spark_airflow.py for tasks to queue
[2024-11-04T22:39:47.350+0000] {logging_mixin.py:190} INFO - [2024-11-04T22:39:47.349+0000] {dagbag.py:588} INFO - Filling up the DagBag from /opt/airflow/dags/spark_airflow.py
[2024-11-04T22:39:47.367+0000] {processor.py:925} INFO - DAG(s) 'sparking_flow' retrieved from /opt/airflow/dags/spark_airflow.py
[2024-11-04T22:39:47.393+0000] {logging_mixin.py:190} INFO - [2024-11-04T22:39:47.393+0000] {dag.py:3239} INFO - Sync 1 DAGs
[2024-11-04T22:39:47.417+0000] {logging_mixin.py:190} INFO - [2024-11-04T22:39:47.416+0000] {dag.py:4180} INFO - Setting next_dagrun for sparking_flow to 2024-11-04 00:00:00+00:00, run_after=2024-11-05 00:00:00+00:00
[2024-11-04T22:39:47.434+0000] {processor.py:208} INFO - Processing /opt/airflow/dags/spark_airflow.py took 0.090 seconds
[2024-11-04T22:40:17.522+0000] {processor.py:186} INFO - Started process (PID=78566) to work on /opt/airflow/dags/spark_airflow.py
[2024-11-04T22:40:17.522+0000] {processor.py:914} INFO - Processing file /opt/airflow/dags/spark_airflow.py for tasks to queue
[2024-11-04T22:40:17.523+0000] {logging_mixin.py:190} INFO - [2024-11-04T22:40:17.523+0000] {dagbag.py:588} INFO - Filling up the DagBag from /opt/airflow/dags/spark_airflow.py
[2024-11-04T22:40:17.541+0000] {processor.py:925} INFO - DAG(s) 'sparking_flow' retrieved from /opt/airflow/dags/spark_airflow.py
[2024-11-04T22:40:17.567+0000] {logging_mixin.py:190} INFO - [2024-11-04T22:40:17.567+0000] {dag.py:3239} INFO - Sync 1 DAGs
[2024-11-04T22:40:17.588+0000] {logging_mixin.py:190} INFO - [2024-11-04T22:40:17.588+0000] {dag.py:4180} INFO - Setting next_dagrun for sparking_flow to 2024-11-04 00:00:00+00:00, run_after=2024-11-05 00:00:00+00:00
[2024-11-04T22:40:17.605+0000] {processor.py:208} INFO - Processing /opt/airflow/dags/spark_airflow.py took 0.087 seconds
[2024-11-04T22:40:47.774+0000] {processor.py:186} INFO - Started process (PID=78571) to work on /opt/airflow/dags/spark_airflow.py
[2024-11-04T22:40:47.775+0000] {processor.py:914} INFO - Processing file /opt/airflow/dags/spark_airflow.py for tasks to queue
[2024-11-04T22:40:47.776+0000] {logging_mixin.py:190} INFO - [2024-11-04T22:40:47.775+0000] {dagbag.py:588} INFO - Filling up the DagBag from /opt/airflow/dags/spark_airflow.py
[2024-11-04T22:40:47.793+0000] {processor.py:925} INFO - DAG(s) 'sparking_flow' retrieved from /opt/airflow/dags/spark_airflow.py
[2024-11-04T22:40:47.817+0000] {logging_mixin.py:190} INFO - [2024-11-04T22:40:47.817+0000] {dag.py:3239} INFO - Sync 1 DAGs
[2024-11-04T22:40:47.838+0000] {logging_mixin.py:190} INFO - [2024-11-04T22:40:47.838+0000] {dag.py:4180} INFO - Setting next_dagrun for sparking_flow to 2024-11-04 00:00:00+00:00, run_after=2024-11-05 00:00:00+00:00
[2024-11-04T22:40:47.854+0000] {processor.py:208} INFO - Processing /opt/airflow/dags/spark_airflow.py took 0.084 seconds
[2024-11-04T22:41:17.949+0000] {processor.py:186} INFO - Started process (PID=78576) to work on /opt/airflow/dags/spark_airflow.py
[2024-11-04T22:41:17.950+0000] {processor.py:914} INFO - Processing file /opt/airflow/dags/spark_airflow.py for tasks to queue
[2024-11-04T22:41:17.951+0000] {logging_mixin.py:190} INFO - [2024-11-04T22:41:17.950+0000] {dagbag.py:588} INFO - Filling up the DagBag from /opt/airflow/dags/spark_airflow.py
[2024-11-04T22:41:17.971+0000] {processor.py:925} INFO - DAG(s) 'sparking_flow' retrieved from /opt/airflow/dags/spark_airflow.py
[2024-11-04T22:41:17.997+0000] {logging_mixin.py:190} INFO - [2024-11-04T22:41:17.997+0000] {dag.py:3239} INFO - Sync 1 DAGs
[2024-11-04T22:41:18.019+0000] {logging_mixin.py:190} INFO - [2024-11-04T22:41:18.018+0000] {dag.py:4180} INFO - Setting next_dagrun for sparking_flow to 2024-11-04 00:00:00+00:00, run_after=2024-11-05 00:00:00+00:00
[2024-11-04T22:41:18.034+0000] {processor.py:208} INFO - Processing /opt/airflow/dags/spark_airflow.py took 0.092 seconds
[2024-11-04T22:41:48.171+0000] {processor.py:186} INFO - Started process (PID=78581) to work on /opt/airflow/dags/spark_airflow.py
[2024-11-04T22:41:48.172+0000] {processor.py:914} INFO - Processing file /opt/airflow/dags/spark_airflow.py for tasks to queue
[2024-11-04T22:41:48.173+0000] {logging_mixin.py:190} INFO - [2024-11-04T22:41:48.173+0000] {dagbag.py:588} INFO - Filling up the DagBag from /opt/airflow/dags/spark_airflow.py
[2024-11-04T22:41:48.190+0000] {processor.py:925} INFO - DAG(s) 'sparking_flow' retrieved from /opt/airflow/dags/spark_airflow.py
[2024-11-04T22:41:48.216+0000] {logging_mixin.py:190} INFO - [2024-11-04T22:41:48.216+0000] {dag.py:3239} INFO - Sync 1 DAGs
[2024-11-04T22:41:48.238+0000] {logging_mixin.py:190} INFO - [2024-11-04T22:41:48.238+0000] {dag.py:4180} INFO - Setting next_dagrun for sparking_flow to 2024-11-04 00:00:00+00:00, run_after=2024-11-05 00:00:00+00:00
[2024-11-04T22:41:48.255+0000] {processor.py:208} INFO - Processing /opt/airflow/dags/spark_airflow.py took 0.088 seconds
[2024-11-04T22:42:18.357+0000] {processor.py:186} INFO - Started process (PID=78586) to work on /opt/airflow/dags/spark_airflow.py
[2024-11-04T22:42:18.358+0000] {processor.py:914} INFO - Processing file /opt/airflow/dags/spark_airflow.py for tasks to queue
[2024-11-04T22:42:18.359+0000] {logging_mixin.py:190} INFO - [2024-11-04T22:42:18.359+0000] {dagbag.py:588} INFO - Filling up the DagBag from /opt/airflow/dags/spark_airflow.py
[2024-11-04T22:42:18.377+0000] {processor.py:925} INFO - DAG(s) 'sparking_flow' retrieved from /opt/airflow/dags/spark_airflow.py
[2024-11-04T22:42:18.402+0000] {logging_mixin.py:190} INFO - [2024-11-04T22:42:18.401+0000] {dag.py:3239} INFO - Sync 1 DAGs
[2024-11-04T22:42:18.422+0000] {logging_mixin.py:190} INFO - [2024-11-04T22:42:18.422+0000] {dag.py:4180} INFO - Setting next_dagrun for sparking_flow to 2024-11-04 00:00:00+00:00, run_after=2024-11-05 00:00:00+00:00
[2024-11-04T22:42:18.439+0000] {processor.py:208} INFO - Processing /opt/airflow/dags/spark_airflow.py took 0.086 seconds
[2024-11-04T22:42:48.579+0000] {processor.py:186} INFO - Started process (PID=78591) to work on /opt/airflow/dags/spark_airflow.py
[2024-11-04T22:42:48.580+0000] {processor.py:914} INFO - Processing file /opt/airflow/dags/spark_airflow.py for tasks to queue
[2024-11-04T22:42:48.581+0000] {logging_mixin.py:190} INFO - [2024-11-04T22:42:48.581+0000] {dagbag.py:588} INFO - Filling up the DagBag from /opt/airflow/dags/spark_airflow.py
[2024-11-04T22:42:48.599+0000] {processor.py:925} INFO - DAG(s) 'sparking_flow' retrieved from /opt/airflow/dags/spark_airflow.py
[2024-11-04T22:42:48.624+0000] {logging_mixin.py:190} INFO - [2024-11-04T22:42:48.624+0000] {dag.py:3239} INFO - Sync 1 DAGs
[2024-11-04T22:42:48.647+0000] {logging_mixin.py:190} INFO - [2024-11-04T22:42:48.647+0000] {dag.py:4180} INFO - Setting next_dagrun for sparking_flow to 2024-11-04 00:00:00+00:00, run_after=2024-11-05 00:00:00+00:00
[2024-11-04T22:42:48.664+0000] {processor.py:208} INFO - Processing /opt/airflow/dags/spark_airflow.py took 0.089 seconds
[2024-11-04T22:43:18.762+0000] {processor.py:186} INFO - Started process (PID=78596) to work on /opt/airflow/dags/spark_airflow.py
[2024-11-04T22:43:18.763+0000] {processor.py:914} INFO - Processing file /opt/airflow/dags/spark_airflow.py for tasks to queue
[2024-11-04T22:43:18.764+0000] {logging_mixin.py:190} INFO - [2024-11-04T22:43:18.763+0000] {dagbag.py:588} INFO - Filling up the DagBag from /opt/airflow/dags/spark_airflow.py
[2024-11-04T22:43:18.781+0000] {processor.py:925} INFO - DAG(s) 'sparking_flow' retrieved from /opt/airflow/dags/spark_airflow.py
[2024-11-04T22:43:18.805+0000] {logging_mixin.py:190} INFO - [2024-11-04T22:43:18.805+0000] {dag.py:3239} INFO - Sync 1 DAGs
[2024-11-04T22:43:18.826+0000] {logging_mixin.py:190} INFO - [2024-11-04T22:43:18.826+0000] {dag.py:4180} INFO - Setting next_dagrun for sparking_flow to 2024-11-04 00:00:00+00:00, run_after=2024-11-05 00:00:00+00:00
[2024-11-04T22:43:18.842+0000] {processor.py:208} INFO - Processing /opt/airflow/dags/spark_airflow.py took 0.084 seconds
[2024-11-04T22:43:48.997+0000] {processor.py:186} INFO - Started process (PID=78601) to work on /opt/airflow/dags/spark_airflow.py
[2024-11-04T22:43:48.998+0000] {processor.py:914} INFO - Processing file /opt/airflow/dags/spark_airflow.py for tasks to queue
[2024-11-04T22:43:48.999+0000] {logging_mixin.py:190} INFO - [2024-11-04T22:43:48.999+0000] {dagbag.py:588} INFO - Filling up the DagBag from /opt/airflow/dags/spark_airflow.py
[2024-11-04T22:43:49.017+0000] {processor.py:925} INFO - DAG(s) 'sparking_flow' retrieved from /opt/airflow/dags/spark_airflow.py
[2024-11-04T22:43:49.043+0000] {logging_mixin.py:190} INFO - [2024-11-04T22:43:49.043+0000] {dag.py:3239} INFO - Sync 1 DAGs
[2024-11-04T22:43:49.067+0000] {logging_mixin.py:190} INFO - [2024-11-04T22:43:49.067+0000] {dag.py:4180} INFO - Setting next_dagrun for sparking_flow to 2024-11-04 00:00:00+00:00, run_after=2024-11-05 00:00:00+00:00
[2024-11-04T22:43:49.084+0000] {processor.py:208} INFO - Processing /opt/airflow/dags/spark_airflow.py took 0.091 seconds
[2024-11-04T22:44:19.187+0000] {processor.py:186} INFO - Started process (PID=78606) to work on /opt/airflow/dags/spark_airflow.py
[2024-11-04T22:44:19.187+0000] {processor.py:914} INFO - Processing file /opt/airflow/dags/spark_airflow.py for tasks to queue
[2024-11-04T22:44:19.188+0000] {logging_mixin.py:190} INFO - [2024-11-04T22:44:19.188+0000] {dagbag.py:588} INFO - Filling up the DagBag from /opt/airflow/dags/spark_airflow.py
[2024-11-04T22:44:19.206+0000] {processor.py:925} INFO - DAG(s) 'sparking_flow' retrieved from /opt/airflow/dags/spark_airflow.py
[2024-11-04T22:44:19.232+0000] {logging_mixin.py:190} INFO - [2024-11-04T22:44:19.231+0000] {dag.py:3239} INFO - Sync 1 DAGs
[2024-11-04T22:44:19.252+0000] {logging_mixin.py:190} INFO - [2024-11-04T22:44:19.252+0000] {dag.py:4180} INFO - Setting next_dagrun for sparking_flow to 2024-11-04 00:00:00+00:00, run_after=2024-11-05 00:00:00+00:00
[2024-11-04T22:44:19.267+0000] {processor.py:208} INFO - Processing /opt/airflow/dags/spark_airflow.py took 0.085 seconds
[2024-11-04T22:44:49.414+0000] {processor.py:186} INFO - Started process (PID=78611) to work on /opt/airflow/dags/spark_airflow.py
[2024-11-04T22:44:49.414+0000] {processor.py:914} INFO - Processing file /opt/airflow/dags/spark_airflow.py for tasks to queue
[2024-11-04T22:44:49.416+0000] {logging_mixin.py:190} INFO - [2024-11-04T22:44:49.415+0000] {dagbag.py:588} INFO - Filling up the DagBag from /opt/airflow/dags/spark_airflow.py
[2024-11-04T22:44:49.433+0000] {processor.py:925} INFO - DAG(s) 'sparking_flow' retrieved from /opt/airflow/dags/spark_airflow.py
[2024-11-04T22:44:49.459+0000] {logging_mixin.py:190} INFO - [2024-11-04T22:44:49.459+0000] {dag.py:3239} INFO - Sync 1 DAGs
[2024-11-04T22:44:49.481+0000] {logging_mixin.py:190} INFO - [2024-11-04T22:44:49.481+0000] {dag.py:4180} INFO - Setting next_dagrun for sparking_flow to 2024-11-04 00:00:00+00:00, run_after=2024-11-05 00:00:00+00:00
[2024-11-04T22:44:49.498+0000] {processor.py:208} INFO - Processing /opt/airflow/dags/spark_airflow.py took 0.089 seconds
[2024-11-04T22:45:19.587+0000] {processor.py:186} INFO - Started process (PID=78616) to work on /opt/airflow/dags/spark_airflow.py
[2024-11-04T22:45:19.588+0000] {processor.py:914} INFO - Processing file /opt/airflow/dags/spark_airflow.py for tasks to queue
[2024-11-04T22:45:19.589+0000] {logging_mixin.py:190} INFO - [2024-11-04T22:45:19.589+0000] {dagbag.py:588} INFO - Filling up the DagBag from /opt/airflow/dags/spark_airflow.py
[2024-11-04T22:45:19.607+0000] {processor.py:925} INFO - DAG(s) 'sparking_flow' retrieved from /opt/airflow/dags/spark_airflow.py
[2024-11-04T22:45:19.634+0000] {logging_mixin.py:190} INFO - [2024-11-04T22:45:19.634+0000] {dag.py:3239} INFO - Sync 1 DAGs
[2024-11-04T22:45:19.658+0000] {logging_mixin.py:190} INFO - [2024-11-04T22:45:19.658+0000] {dag.py:4180} INFO - Setting next_dagrun for sparking_flow to 2024-11-04 00:00:00+00:00, run_after=2024-11-05 00:00:00+00:00
[2024-11-04T22:45:19.678+0000] {processor.py:208} INFO - Processing /opt/airflow/dags/spark_airflow.py took 0.096 seconds
[2024-11-04T22:45:49.858+0000] {processor.py:186} INFO - Started process (PID=78621) to work on /opt/airflow/dags/spark_airflow.py
[2024-11-04T22:45:49.858+0000] {processor.py:914} INFO - Processing file /opt/airflow/dags/spark_airflow.py for tasks to queue
[2024-11-04T22:45:49.859+0000] {logging_mixin.py:190} INFO - [2024-11-04T22:45:49.859+0000] {dagbag.py:588} INFO - Filling up the DagBag from /opt/airflow/dags/spark_airflow.py
[2024-11-04T22:45:49.876+0000] {processor.py:925} INFO - DAG(s) 'sparking_flow' retrieved from /opt/airflow/dags/spark_airflow.py
[2024-11-04T22:45:49.900+0000] {logging_mixin.py:190} INFO - [2024-11-04T22:45:49.900+0000] {dag.py:3239} INFO - Sync 1 DAGs
[2024-11-04T22:45:49.922+0000] {logging_mixin.py:190} INFO - [2024-11-04T22:45:49.922+0000] {dag.py:4180} INFO - Setting next_dagrun for sparking_flow to 2024-11-04 00:00:00+00:00, run_after=2024-11-05 00:00:00+00:00
[2024-11-04T22:45:49.939+0000] {processor.py:208} INFO - Processing /opt/airflow/dags/spark_airflow.py took 0.086 seconds
[2024-11-04T22:46:20.033+0000] {processor.py:186} INFO - Started process (PID=78626) to work on /opt/airflow/dags/spark_airflow.py
[2024-11-04T22:46:20.034+0000] {processor.py:914} INFO - Processing file /opt/airflow/dags/spark_airflow.py for tasks to queue
[2024-11-04T22:46:20.036+0000] {logging_mixin.py:190} INFO - [2024-11-04T22:46:20.036+0000] {dagbag.py:588} INFO - Filling up the DagBag from /opt/airflow/dags/spark_airflow.py
[2024-11-04T22:46:20.054+0000] {processor.py:925} INFO - DAG(s) 'sparking_flow' retrieved from /opt/airflow/dags/spark_airflow.py
[2024-11-04T22:46:20.080+0000] {logging_mixin.py:190} INFO - [2024-11-04T22:46:20.080+0000] {dag.py:3239} INFO - Sync 1 DAGs
[2024-11-04T22:46:20.100+0000] {logging_mixin.py:190} INFO - [2024-11-04T22:46:20.100+0000] {dag.py:4180} INFO - Setting next_dagrun for sparking_flow to 2024-11-04 00:00:00+00:00, run_after=2024-11-05 00:00:00+00:00
[2024-11-04T22:46:20.116+0000] {processor.py:208} INFO - Processing /opt/airflow/dags/spark_airflow.py took 0.086 seconds
[2024-11-04T22:46:50.263+0000] {processor.py:186} INFO - Started process (PID=78631) to work on /opt/airflow/dags/spark_airflow.py
[2024-11-04T22:46:50.264+0000] {processor.py:914} INFO - Processing file /opt/airflow/dags/spark_airflow.py for tasks to queue
[2024-11-04T22:46:50.265+0000] {logging_mixin.py:190} INFO - [2024-11-04T22:46:50.265+0000] {dagbag.py:588} INFO - Filling up the DagBag from /opt/airflow/dags/spark_airflow.py
[2024-11-04T22:46:50.283+0000] {processor.py:925} INFO - DAG(s) 'sparking_flow' retrieved from /opt/airflow/dags/spark_airflow.py
[2024-11-04T22:46:50.308+0000] {logging_mixin.py:190} INFO - [2024-11-04T22:46:50.308+0000] {dag.py:3239} INFO - Sync 1 DAGs
[2024-11-04T22:46:50.330+0000] {logging_mixin.py:190} INFO - [2024-11-04T22:46:50.329+0000] {dag.py:4180} INFO - Setting next_dagrun for sparking_flow to 2024-11-04 00:00:00+00:00, run_after=2024-11-05 00:00:00+00:00
[2024-11-04T22:46:50.348+0000] {processor.py:208} INFO - Processing /opt/airflow/dags/spark_airflow.py took 0.088 seconds
[2024-11-04T22:47:20.445+0000] {processor.py:186} INFO - Started process (PID=78636) to work on /opt/airflow/dags/spark_airflow.py
[2024-11-04T22:47:20.445+0000] {processor.py:914} INFO - Processing file /opt/airflow/dags/spark_airflow.py for tasks to queue
[2024-11-04T22:47:20.446+0000] {logging_mixin.py:190} INFO - [2024-11-04T22:47:20.446+0000] {dagbag.py:588} INFO - Filling up the DagBag from /opt/airflow/dags/spark_airflow.py
[2024-11-04T22:47:20.464+0000] {processor.py:925} INFO - DAG(s) 'sparking_flow' retrieved from /opt/airflow/dags/spark_airflow.py
[2024-11-04T22:47:20.487+0000] {logging_mixin.py:190} INFO - [2024-11-04T22:47:20.487+0000] {dag.py:3239} INFO - Sync 1 DAGs
[2024-11-04T22:47:20.508+0000] {logging_mixin.py:190} INFO - [2024-11-04T22:47:20.508+0000] {dag.py:4180} INFO - Setting next_dagrun for sparking_flow to 2024-11-04 00:00:00+00:00, run_after=2024-11-05 00:00:00+00:00
[2024-11-04T22:47:20.526+0000] {processor.py:208} INFO - Processing /opt/airflow/dags/spark_airflow.py took 0.085 seconds
[2024-11-04T22:47:50.679+0000] {processor.py:186} INFO - Started process (PID=78641) to work on /opt/airflow/dags/spark_airflow.py
[2024-11-04T22:47:50.680+0000] {processor.py:914} INFO - Processing file /opt/airflow/dags/spark_airflow.py for tasks to queue
[2024-11-04T22:47:50.681+0000] {logging_mixin.py:190} INFO - [2024-11-04T22:47:50.681+0000] {dagbag.py:588} INFO - Filling up the DagBag from /opt/airflow/dags/spark_airflow.py
[2024-11-04T22:47:50.699+0000] {processor.py:925} INFO - DAG(s) 'sparking_flow' retrieved from /opt/airflow/dags/spark_airflow.py
[2024-11-04T22:47:50.725+0000] {logging_mixin.py:190} INFO - [2024-11-04T22:47:50.725+0000] {dag.py:3239} INFO - Sync 1 DAGs
[2024-11-04T22:47:50.747+0000] {logging_mixin.py:190} INFO - [2024-11-04T22:47:50.747+0000] {dag.py:4180} INFO - Setting next_dagrun for sparking_flow to 2024-11-04 00:00:00+00:00, run_after=2024-11-05 00:00:00+00:00
[2024-11-04T22:47:50.767+0000] {processor.py:208} INFO - Processing /opt/airflow/dags/spark_airflow.py took 0.092 seconds
[2024-11-04T22:48:20.856+0000] {processor.py:186} INFO - Started process (PID=78646) to work on /opt/airflow/dags/spark_airflow.py
[2024-11-04T22:48:20.857+0000] {processor.py:914} INFO - Processing file /opt/airflow/dags/spark_airflow.py for tasks to queue
[2024-11-04T22:48:20.858+0000] {logging_mixin.py:190} INFO - [2024-11-04T22:48:20.858+0000] {dagbag.py:588} INFO - Filling up the DagBag from /opt/airflow/dags/spark_airflow.py
[2024-11-04T22:48:20.876+0000] {processor.py:925} INFO - DAG(s) 'sparking_flow' retrieved from /opt/airflow/dags/spark_airflow.py
[2024-11-04T22:48:20.901+0000] {logging_mixin.py:190} INFO - [2024-11-04T22:48:20.901+0000] {dag.py:3239} INFO - Sync 1 DAGs
[2024-11-04T22:48:20.923+0000] {logging_mixin.py:190} INFO - [2024-11-04T22:48:20.923+0000] {dag.py:4180} INFO - Setting next_dagrun for sparking_flow to 2024-11-04 00:00:00+00:00, run_after=2024-11-05 00:00:00+00:00
[2024-11-04T22:48:20.940+0000] {processor.py:208} INFO - Processing /opt/airflow/dags/spark_airflow.py took 0.088 seconds
[2024-11-04T22:48:51.085+0000] {processor.py:186} INFO - Started process (PID=78651) to work on /opt/airflow/dags/spark_airflow.py
[2024-11-04T22:48:51.086+0000] {processor.py:914} INFO - Processing file /opt/airflow/dags/spark_airflow.py for tasks to queue
[2024-11-04T22:48:51.088+0000] {logging_mixin.py:190} INFO - [2024-11-04T22:48:51.087+0000] {dagbag.py:588} INFO - Filling up the DagBag from /opt/airflow/dags/spark_airflow.py
[2024-11-04T22:48:51.105+0000] {processor.py:925} INFO - DAG(s) 'sparking_flow' retrieved from /opt/airflow/dags/spark_airflow.py
[2024-11-04T22:48:51.131+0000] {logging_mixin.py:190} INFO - [2024-11-04T22:48:51.130+0000] {dag.py:3239} INFO - Sync 1 DAGs
[2024-11-04T22:48:51.153+0000] {logging_mixin.py:190} INFO - [2024-11-04T22:48:51.152+0000] {dag.py:4180} INFO - Setting next_dagrun for sparking_flow to 2024-11-04 00:00:00+00:00, run_after=2024-11-05 00:00:00+00:00
[2024-11-04T22:48:51.168+0000] {processor.py:208} INFO - Processing /opt/airflow/dags/spark_airflow.py took 0.087 seconds
[2024-11-04T22:49:21.270+0000] {processor.py:186} INFO - Started process (PID=78656) to work on /opt/airflow/dags/spark_airflow.py
[2024-11-04T22:49:21.271+0000] {processor.py:914} INFO - Processing file /opt/airflow/dags/spark_airflow.py for tasks to queue
[2024-11-04T22:49:21.272+0000] {logging_mixin.py:190} INFO - [2024-11-04T22:49:21.272+0000] {dagbag.py:588} INFO - Filling up the DagBag from /opt/airflow/dags/spark_airflow.py
[2024-11-04T22:49:21.289+0000] {processor.py:925} INFO - DAG(s) 'sparking_flow' retrieved from /opt/airflow/dags/spark_airflow.py
[2024-11-04T22:49:21.315+0000] {logging_mixin.py:190} INFO - [2024-11-04T22:49:21.315+0000] {dag.py:3239} INFO - Sync 1 DAGs
[2024-11-04T22:49:21.337+0000] {logging_mixin.py:190} INFO - [2024-11-04T22:49:21.337+0000] {dag.py:4180} INFO - Setting next_dagrun for sparking_flow to 2024-11-04 00:00:00+00:00, run_after=2024-11-05 00:00:00+00:00
[2024-11-04T22:49:21.353+0000] {processor.py:208} INFO - Processing /opt/airflow/dags/spark_airflow.py took 0.087 seconds
[2024-11-04T22:49:51.502+0000] {processor.py:186} INFO - Started process (PID=78661) to work on /opt/airflow/dags/spark_airflow.py
[2024-11-04T22:49:51.502+0000] {processor.py:914} INFO - Processing file /opt/airflow/dags/spark_airflow.py for tasks to queue
[2024-11-04T22:49:51.503+0000] {logging_mixin.py:190} INFO - [2024-11-04T22:49:51.503+0000] {dagbag.py:588} INFO - Filling up the DagBag from /opt/airflow/dags/spark_airflow.py
[2024-11-04T22:49:51.521+0000] {processor.py:925} INFO - DAG(s) 'sparking_flow' retrieved from /opt/airflow/dags/spark_airflow.py
[2024-11-04T22:49:51.547+0000] {logging_mixin.py:190} INFO - [2024-11-04T22:49:51.547+0000] {dag.py:3239} INFO - Sync 1 DAGs
[2024-11-04T22:49:51.569+0000] {logging_mixin.py:190} INFO - [2024-11-04T22:49:51.569+0000] {dag.py:4180} INFO - Setting next_dagrun for sparking_flow to 2024-11-04 00:00:00+00:00, run_after=2024-11-05 00:00:00+00:00
[2024-11-04T22:49:51.586+0000] {processor.py:208} INFO - Processing /opt/airflow/dags/spark_airflow.py took 0.089 seconds
[2024-11-04T22:50:21.688+0000] {processor.py:186} INFO - Started process (PID=78666) to work on /opt/airflow/dags/spark_airflow.py
[2024-11-04T22:50:21.688+0000] {processor.py:914} INFO - Processing file /opt/airflow/dags/spark_airflow.py for tasks to queue
[2024-11-04T22:50:21.690+0000] {logging_mixin.py:190} INFO - [2024-11-04T22:50:21.689+0000] {dagbag.py:588} INFO - Filling up the DagBag from /opt/airflow/dags/spark_airflow.py
[2024-11-04T22:50:21.707+0000] {processor.py:925} INFO - DAG(s) 'sparking_flow' retrieved from /opt/airflow/dags/spark_airflow.py
[2024-11-04T22:50:21.732+0000] {logging_mixin.py:190} INFO - [2024-11-04T22:50:21.732+0000] {dag.py:3239} INFO - Sync 1 DAGs
[2024-11-04T22:50:21.752+0000] {logging_mixin.py:190} INFO - [2024-11-04T22:50:21.752+0000] {dag.py:4180} INFO - Setting next_dagrun for sparking_flow to 2024-11-04 00:00:00+00:00, run_after=2024-11-05 00:00:00+00:00
[2024-11-04T22:50:21.769+0000] {processor.py:208} INFO - Processing /opt/airflow/dags/spark_airflow.py took 0.086 seconds
[2024-11-04T22:50:51.936+0000] {processor.py:186} INFO - Started process (PID=78671) to work on /opt/airflow/dags/spark_airflow.py
[2024-11-04T22:50:51.936+0000] {processor.py:914} INFO - Processing file /opt/airflow/dags/spark_airflow.py for tasks to queue
[2024-11-04T22:50:51.937+0000] {logging_mixin.py:190} INFO - [2024-11-04T22:50:51.937+0000] {dagbag.py:588} INFO - Filling up the DagBag from /opt/airflow/dags/spark_airflow.py
[2024-11-04T22:50:51.957+0000] {processor.py:925} INFO - DAG(s) 'sparking_flow' retrieved from /opt/airflow/dags/spark_airflow.py
[2024-11-04T22:50:51.983+0000] {logging_mixin.py:190} INFO - [2024-11-04T22:50:51.983+0000] {dag.py:3239} INFO - Sync 1 DAGs
[2024-11-04T22:50:52.007+0000] {logging_mixin.py:190} INFO - [2024-11-04T22:50:52.007+0000] {dag.py:4180} INFO - Setting next_dagrun for sparking_flow to 2024-11-04 00:00:00+00:00, run_after=2024-11-05 00:00:00+00:00
[2024-11-04T22:50:52.026+0000] {processor.py:208} INFO - Processing /opt/airflow/dags/spark_airflow.py took 0.095 seconds
[2024-11-04T22:51:22.132+0000] {processor.py:186} INFO - Started process (PID=78676) to work on /opt/airflow/dags/spark_airflow.py
[2024-11-04T22:51:22.132+0000] {processor.py:914} INFO - Processing file /opt/airflow/dags/spark_airflow.py for tasks to queue
[2024-11-04T22:51:22.133+0000] {logging_mixin.py:190} INFO - [2024-11-04T22:51:22.133+0000] {dagbag.py:588} INFO - Filling up the DagBag from /opt/airflow/dags/spark_airflow.py
[2024-11-04T22:51:22.150+0000] {processor.py:925} INFO - DAG(s) 'sparking_flow' retrieved from /opt/airflow/dags/spark_airflow.py
[2024-11-04T22:51:22.183+0000] {logging_mixin.py:190} INFO - [2024-11-04T22:51:22.183+0000] {dag.py:3239} INFO - Sync 1 DAGs
[2024-11-04T22:51:22.207+0000] {logging_mixin.py:190} INFO - [2024-11-04T22:51:22.207+0000] {dag.py:4180} INFO - Setting next_dagrun for sparking_flow to 2024-11-04 00:00:00+00:00, run_after=2024-11-05 00:00:00+00:00
[2024-11-04T22:51:22.228+0000] {processor.py:208} INFO - Processing /opt/airflow/dags/spark_airflow.py took 0.102 seconds
[2024-11-04T22:51:52.365+0000] {processor.py:186} INFO - Started process (PID=78681) to work on /opt/airflow/dags/spark_airflow.py
[2024-11-04T22:51:52.366+0000] {processor.py:914} INFO - Processing file /opt/airflow/dags/spark_airflow.py for tasks to queue
[2024-11-04T22:51:52.367+0000] {logging_mixin.py:190} INFO - [2024-11-04T22:51:52.367+0000] {dagbag.py:588} INFO - Filling up the DagBag from /opt/airflow/dags/spark_airflow.py
[2024-11-04T22:51:52.384+0000] {processor.py:925} INFO - DAG(s) 'sparking_flow' retrieved from /opt/airflow/dags/spark_airflow.py
[2024-11-04T22:51:52.411+0000] {logging_mixin.py:190} INFO - [2024-11-04T22:51:52.410+0000] {dag.py:3239} INFO - Sync 1 DAGs
[2024-11-04T22:51:52.433+0000] {logging_mixin.py:190} INFO - [2024-11-04T22:51:52.433+0000] {dag.py:4180} INFO - Setting next_dagrun for sparking_flow to 2024-11-04 00:00:00+00:00, run_after=2024-11-05 00:00:00+00:00
[2024-11-04T22:51:52.452+0000] {processor.py:208} INFO - Processing /opt/airflow/dags/spark_airflow.py took 0.092 seconds
[2024-11-04T22:52:22.559+0000] {processor.py:186} INFO - Started process (PID=78686) to work on /opt/airflow/dags/spark_airflow.py
[2024-11-04T22:52:22.560+0000] {processor.py:914} INFO - Processing file /opt/airflow/dags/spark_airflow.py for tasks to queue
[2024-11-04T22:52:22.562+0000] {logging_mixin.py:190} INFO - [2024-11-04T22:52:22.562+0000] {dagbag.py:588} INFO - Filling up the DagBag from /opt/airflow/dags/spark_airflow.py
[2024-11-04T22:52:22.582+0000] {processor.py:925} INFO - DAG(s) 'sparking_flow' retrieved from /opt/airflow/dags/spark_airflow.py
[2024-11-04T22:52:22.608+0000] {logging_mixin.py:190} INFO - [2024-11-04T22:52:22.608+0000] {dag.py:3239} INFO - Sync 1 DAGs
[2024-11-04T22:52:22.631+0000] {logging_mixin.py:190} INFO - [2024-11-04T22:52:22.631+0000] {dag.py:4180} INFO - Setting next_dagrun for sparking_flow to 2024-11-04 00:00:00+00:00, run_after=2024-11-05 00:00:00+00:00
[2024-11-04T22:52:22.649+0000] {processor.py:208} INFO - Processing /opt/airflow/dags/spark_airflow.py took 0.095 seconds
[2024-11-04T22:52:52.789+0000] {processor.py:186} INFO - Started process (PID=78691) to work on /opt/airflow/dags/spark_airflow.py
[2024-11-04T22:52:52.790+0000] {processor.py:914} INFO - Processing file /opt/airflow/dags/spark_airflow.py for tasks to queue
[2024-11-04T22:52:52.791+0000] {logging_mixin.py:190} INFO - [2024-11-04T22:52:52.791+0000] {dagbag.py:588} INFO - Filling up the DagBag from /opt/airflow/dags/spark_airflow.py
[2024-11-04T22:52:52.808+0000] {processor.py:925} INFO - DAG(s) 'sparking_flow' retrieved from /opt/airflow/dags/spark_airflow.py
[2024-11-04T22:52:52.834+0000] {logging_mixin.py:190} INFO - [2024-11-04T22:52:52.834+0000] {dag.py:3239} INFO - Sync 1 DAGs
[2024-11-04T22:52:52.858+0000] {logging_mixin.py:190} INFO - [2024-11-04T22:52:52.858+0000] {dag.py:4180} INFO - Setting next_dagrun for sparking_flow to 2024-11-04 00:00:00+00:00, run_after=2024-11-05 00:00:00+00:00
[2024-11-04T22:52:52.876+0000] {processor.py:208} INFO - Processing /opt/airflow/dags/spark_airflow.py took 0.092 seconds
[2024-11-04T22:53:22.984+0000] {processor.py:186} INFO - Started process (PID=78696) to work on /opt/airflow/dags/spark_airflow.py
[2024-11-04T22:53:22.985+0000] {processor.py:914} INFO - Processing file /opt/airflow/dags/spark_airflow.py for tasks to queue
[2024-11-04T22:53:22.986+0000] {logging_mixin.py:190} INFO - [2024-11-04T22:53:22.986+0000] {dagbag.py:588} INFO - Filling up the DagBag from /opt/airflow/dags/spark_airflow.py
[2024-11-04T22:53:23.003+0000] {processor.py:925} INFO - DAG(s) 'sparking_flow' retrieved from /opt/airflow/dags/spark_airflow.py
[2024-11-04T22:53:23.030+0000] {logging_mixin.py:190} INFO - [2024-11-04T22:53:23.030+0000] {dag.py:3239} INFO - Sync 1 DAGs
[2024-11-04T22:53:23.052+0000] {logging_mixin.py:190} INFO - [2024-11-04T22:53:23.052+0000] {dag.py:4180} INFO - Setting next_dagrun for sparking_flow to 2024-11-04 00:00:00+00:00, run_after=2024-11-05 00:00:00+00:00
[2024-11-04T22:53:23.072+0000] {processor.py:208} INFO - Processing /opt/airflow/dags/spark_airflow.py took 0.092 seconds
[2024-11-04T22:53:53.212+0000] {processor.py:186} INFO - Started process (PID=78701) to work on /opt/airflow/dags/spark_airflow.py
[2024-11-04T22:53:53.213+0000] {processor.py:914} INFO - Processing file /opt/airflow/dags/spark_airflow.py for tasks to queue
[2024-11-04T22:53:53.215+0000] {logging_mixin.py:190} INFO - [2024-11-04T22:53:53.214+0000] {dagbag.py:588} INFO - Filling up the DagBag from /opt/airflow/dags/spark_airflow.py
[2024-11-04T22:53:53.232+0000] {processor.py:925} INFO - DAG(s) 'sparking_flow' retrieved from /opt/airflow/dags/spark_airflow.py
[2024-11-04T22:53:53.255+0000] {logging_mixin.py:190} INFO - [2024-11-04T22:53:53.255+0000] {dag.py:3239} INFO - Sync 1 DAGs
[2024-11-04T22:53:53.277+0000] {logging_mixin.py:190} INFO - [2024-11-04T22:53:53.277+0000] {dag.py:4180} INFO - Setting next_dagrun for sparking_flow to 2024-11-04 00:00:00+00:00, run_after=2024-11-05 00:00:00+00:00
[2024-11-04T22:53:53.294+0000] {processor.py:208} INFO - Processing /opt/airflow/dags/spark_airflow.py took 0.086 seconds
[2024-11-04T22:54:23.401+0000] {processor.py:186} INFO - Started process (PID=78706) to work on /opt/airflow/dags/spark_airflow.py
[2024-11-04T22:54:23.402+0000] {processor.py:914} INFO - Processing file /opt/airflow/dags/spark_airflow.py for tasks to queue
[2024-11-04T22:54:23.403+0000] {logging_mixin.py:190} INFO - [2024-11-04T22:54:23.403+0000] {dagbag.py:588} INFO - Filling up the DagBag from /opt/airflow/dags/spark_airflow.py
[2024-11-04T22:54:23.421+0000] {processor.py:925} INFO - DAG(s) 'sparking_flow' retrieved from /opt/airflow/dags/spark_airflow.py
[2024-11-04T22:54:23.447+0000] {logging_mixin.py:190} INFO - [2024-11-04T22:54:23.447+0000] {dag.py:3239} INFO - Sync 1 DAGs
[2024-11-04T22:54:23.470+0000] {logging_mixin.py:190} INFO - [2024-11-04T22:54:23.470+0000] {dag.py:4180} INFO - Setting next_dagrun for sparking_flow to 2024-11-04 00:00:00+00:00, run_after=2024-11-05 00:00:00+00:00
[2024-11-04T22:54:23.488+0000] {processor.py:208} INFO - Processing /opt/airflow/dags/spark_airflow.py took 0.091 seconds
[2024-11-04T22:54:53.640+0000] {processor.py:186} INFO - Started process (PID=78711) to work on /opt/airflow/dags/spark_airflow.py
[2024-11-04T22:54:53.641+0000] {processor.py:914} INFO - Processing file /opt/airflow/dags/spark_airflow.py for tasks to queue
[2024-11-04T22:54:53.642+0000] {logging_mixin.py:190} INFO - [2024-11-04T22:54:53.642+0000] {dagbag.py:588} INFO - Filling up the DagBag from /opt/airflow/dags/spark_airflow.py
[2024-11-04T22:54:53.660+0000] {processor.py:925} INFO - DAG(s) 'sparking_flow' retrieved from /opt/airflow/dags/spark_airflow.py
[2024-11-04T22:54:53.685+0000] {logging_mixin.py:190} INFO - [2024-11-04T22:54:53.685+0000] {dag.py:3239} INFO - Sync 1 DAGs
[2024-11-04T22:54:53.708+0000] {logging_mixin.py:190} INFO - [2024-11-04T22:54:53.708+0000] {dag.py:4180} INFO - Setting next_dagrun for sparking_flow to 2024-11-04 00:00:00+00:00, run_after=2024-11-05 00:00:00+00:00
[2024-11-04T22:54:53.727+0000] {processor.py:208} INFO - Processing /opt/airflow/dags/spark_airflow.py took 0.091 seconds
[2024-11-04T22:55:23.831+0000] {processor.py:186} INFO - Started process (PID=78716) to work on /opt/airflow/dags/spark_airflow.py
[2024-11-04T22:55:23.832+0000] {processor.py:914} INFO - Processing file /opt/airflow/dags/spark_airflow.py for tasks to queue
[2024-11-04T22:55:23.833+0000] {logging_mixin.py:190} INFO - [2024-11-04T22:55:23.833+0000] {dagbag.py:588} INFO - Filling up the DagBag from /opt/airflow/dags/spark_airflow.py
[2024-11-04T22:55:23.854+0000] {processor.py:925} INFO - DAG(s) 'sparking_flow' retrieved from /opt/airflow/dags/spark_airflow.py
[2024-11-04T22:55:23.881+0000] {logging_mixin.py:190} INFO - [2024-11-04T22:55:23.881+0000] {dag.py:3239} INFO - Sync 1 DAGs
[2024-11-04T22:55:23.906+0000] {logging_mixin.py:190} INFO - [2024-11-04T22:55:23.906+0000] {dag.py:4180} INFO - Setting next_dagrun for sparking_flow to 2024-11-04 00:00:00+00:00, run_after=2024-11-05 00:00:00+00:00
[2024-11-04T22:55:23.926+0000] {processor.py:208} INFO - Processing /opt/airflow/dags/spark_airflow.py took 0.102 seconds
[2024-11-04T22:55:54.098+0000] {processor.py:186} INFO - Started process (PID=78721) to work on /opt/airflow/dags/spark_airflow.py
[2024-11-04T22:55:54.099+0000] {processor.py:914} INFO - Processing file /opt/airflow/dags/spark_airflow.py for tasks to queue
[2024-11-04T22:55:54.100+0000] {logging_mixin.py:190} INFO - [2024-11-04T22:55:54.100+0000] {dagbag.py:588} INFO - Filling up the DagBag from /opt/airflow/dags/spark_airflow.py
[2024-11-04T22:55:54.117+0000] {processor.py:925} INFO - DAG(s) 'sparking_flow' retrieved from /opt/airflow/dags/spark_airflow.py
[2024-11-04T22:55:54.142+0000] {logging_mixin.py:190} INFO - [2024-11-04T22:55:54.141+0000] {dag.py:3239} INFO - Sync 1 DAGs
[2024-11-04T22:55:54.162+0000] {logging_mixin.py:190} INFO - [2024-11-04T22:55:54.162+0000] {dag.py:4180} INFO - Setting next_dagrun for sparking_flow to 2024-11-04 00:00:00+00:00, run_after=2024-11-05 00:00:00+00:00
[2024-11-04T22:55:54.178+0000] {processor.py:208} INFO - Processing /opt/airflow/dags/spark_airflow.py took 0.085 seconds
[2024-11-04T22:56:24.280+0000] {processor.py:186} INFO - Started process (PID=78726) to work on /opt/airflow/dags/spark_airflow.py
[2024-11-04T22:56:24.281+0000] {processor.py:914} INFO - Processing file /opt/airflow/dags/spark_airflow.py for tasks to queue
[2024-11-04T22:56:24.282+0000] {logging_mixin.py:190} INFO - [2024-11-04T22:56:24.282+0000] {dagbag.py:588} INFO - Filling up the DagBag from /opt/airflow/dags/spark_airflow.py
[2024-11-04T22:56:24.300+0000] {processor.py:925} INFO - DAG(s) 'sparking_flow' retrieved from /opt/airflow/dags/spark_airflow.py
[2024-11-04T22:56:24.326+0000] {logging_mixin.py:190} INFO - [2024-11-04T22:56:24.326+0000] {dag.py:3239} INFO - Sync 1 DAGs
[2024-11-04T22:56:24.347+0000] {logging_mixin.py:190} INFO - [2024-11-04T22:56:24.346+0000] {dag.py:4180} INFO - Setting next_dagrun for sparking_flow to 2024-11-04 00:00:00+00:00, run_after=2024-11-05 00:00:00+00:00
[2024-11-04T22:56:24.366+0000] {processor.py:208} INFO - Processing /opt/airflow/dags/spark_airflow.py took 0.091 seconds
[2024-11-04T22:56:54.527+0000] {processor.py:186} INFO - Started process (PID=78731) to work on /opt/airflow/dags/spark_airflow.py
[2024-11-04T22:56:54.528+0000] {processor.py:914} INFO - Processing file /opt/airflow/dags/spark_airflow.py for tasks to queue
[2024-11-04T22:56:54.529+0000] {logging_mixin.py:190} INFO - [2024-11-04T22:56:54.529+0000] {dagbag.py:588} INFO - Filling up the DagBag from /opt/airflow/dags/spark_airflow.py
[2024-11-04T22:56:54.547+0000] {processor.py:925} INFO - DAG(s) 'sparking_flow' retrieved from /opt/airflow/dags/spark_airflow.py
[2024-11-04T22:56:54.575+0000] {logging_mixin.py:190} INFO - [2024-11-04T22:56:54.575+0000] {dag.py:3239} INFO - Sync 1 DAGs
[2024-11-04T22:56:54.599+0000] {logging_mixin.py:190} INFO - [2024-11-04T22:56:54.599+0000] {dag.py:4180} INFO - Setting next_dagrun for sparking_flow to 2024-11-04 00:00:00+00:00, run_after=2024-11-05 00:00:00+00:00
[2024-11-04T22:56:54.617+0000] {processor.py:208} INFO - Processing /opt/airflow/dags/spark_airflow.py took 0.095 seconds
[2024-11-04T22:57:24.711+0000] {processor.py:186} INFO - Started process (PID=78736) to work on /opt/airflow/dags/spark_airflow.py
[2024-11-04T22:57:24.712+0000] {processor.py:914} INFO - Processing file /opt/airflow/dags/spark_airflow.py for tasks to queue
[2024-11-04T22:57:24.713+0000] {logging_mixin.py:190} INFO - [2024-11-04T22:57:24.712+0000] {dagbag.py:588} INFO - Filling up the DagBag from /opt/airflow/dags/spark_airflow.py
[2024-11-04T22:57:24.730+0000] {processor.py:925} INFO - DAG(s) 'sparking_flow' retrieved from /opt/airflow/dags/spark_airflow.py
[2024-11-04T22:57:24.756+0000] {logging_mixin.py:190} INFO - [2024-11-04T22:57:24.756+0000] {dag.py:3239} INFO - Sync 1 DAGs
[2024-11-04T22:57:24.778+0000] {logging_mixin.py:190} INFO - [2024-11-04T22:57:24.778+0000] {dag.py:4180} INFO - Setting next_dagrun for sparking_flow to 2024-11-04 00:00:00+00:00, run_after=2024-11-05 00:00:00+00:00
[2024-11-04T22:57:24.796+0000] {processor.py:208} INFO - Processing /opt/airflow/dags/spark_airflow.py took 0.089 seconds
[2024-11-04T22:57:54.956+0000] {processor.py:186} INFO - Started process (PID=78741) to work on /opt/airflow/dags/spark_airflow.py
[2024-11-04T22:57:54.956+0000] {processor.py:914} INFO - Processing file /opt/airflow/dags/spark_airflow.py for tasks to queue
[2024-11-04T22:57:54.958+0000] {logging_mixin.py:190} INFO - [2024-11-04T22:57:54.957+0000] {dagbag.py:588} INFO - Filling up the DagBag from /opt/airflow/dags/spark_airflow.py
[2024-11-04T22:57:54.976+0000] {processor.py:925} INFO - DAG(s) 'sparking_flow' retrieved from /opt/airflow/dags/spark_airflow.py
[2024-11-04T22:57:55.005+0000] {logging_mixin.py:190} INFO - [2024-11-04T22:57:55.004+0000] {dag.py:3239} INFO - Sync 1 DAGs
[2024-11-04T22:57:55.028+0000] {logging_mixin.py:190} INFO - [2024-11-04T22:57:55.028+0000] {dag.py:4180} INFO - Setting next_dagrun for sparking_flow to 2024-11-04 00:00:00+00:00, run_after=2024-11-05 00:00:00+00:00
[2024-11-04T22:57:55.047+0000] {processor.py:208} INFO - Processing /opt/airflow/dags/spark_airflow.py took 0.095 seconds
[2024-11-04T22:58:25.135+0000] {processor.py:186} INFO - Started process (PID=78746) to work on /opt/airflow/dags/spark_airflow.py
[2024-11-04T22:58:25.135+0000] {processor.py:914} INFO - Processing file /opt/airflow/dags/spark_airflow.py for tasks to queue
[2024-11-04T22:58:25.136+0000] {logging_mixin.py:190} INFO - [2024-11-04T22:58:25.136+0000] {dagbag.py:588} INFO - Filling up the DagBag from /opt/airflow/dags/spark_airflow.py
[2024-11-04T22:58:25.154+0000] {processor.py:925} INFO - DAG(s) 'sparking_flow' retrieved from /opt/airflow/dags/spark_airflow.py
[2024-11-04T22:58:25.180+0000] {logging_mixin.py:190} INFO - [2024-11-04T22:58:25.180+0000] {dag.py:3239} INFO - Sync 1 DAGs
[2024-11-04T22:58:25.202+0000] {logging_mixin.py:190} INFO - [2024-11-04T22:58:25.202+0000] {dag.py:4180} INFO - Setting next_dagrun for sparking_flow to 2024-11-04 00:00:00+00:00, run_after=2024-11-05 00:00:00+00:00
[2024-11-04T22:58:25.220+0000] {processor.py:208} INFO - Processing /opt/airflow/dags/spark_airflow.py took 0.090 seconds
[2024-11-04T22:58:55.388+0000] {processor.py:186} INFO - Started process (PID=78751) to work on /opt/airflow/dags/spark_airflow.py
[2024-11-04T22:58:55.388+0000] {processor.py:914} INFO - Processing file /opt/airflow/dags/spark_airflow.py for tasks to queue
[2024-11-04T22:58:55.389+0000] {logging_mixin.py:190} INFO - [2024-11-04T22:58:55.389+0000] {dagbag.py:588} INFO - Filling up the DagBag from /opt/airflow/dags/spark_airflow.py
[2024-11-04T22:58:55.406+0000] {processor.py:925} INFO - DAG(s) 'sparking_flow' retrieved from /opt/airflow/dags/spark_airflow.py
[2024-11-04T22:58:55.431+0000] {logging_mixin.py:190} INFO - [2024-11-04T22:58:55.431+0000] {dag.py:3239} INFO - Sync 1 DAGs
[2024-11-04T22:58:55.453+0000] {logging_mixin.py:190} INFO - [2024-11-04T22:58:55.452+0000] {dag.py:4180} INFO - Setting next_dagrun for sparking_flow to 2024-11-04 00:00:00+00:00, run_after=2024-11-05 00:00:00+00:00
[2024-11-04T22:58:55.470+0000] {processor.py:208} INFO - Processing /opt/airflow/dags/spark_airflow.py took 0.087 seconds
[2024-11-04T22:59:25.571+0000] {processor.py:186} INFO - Started process (PID=78756) to work on /opt/airflow/dags/spark_airflow.py
[2024-11-04T22:59:25.572+0000] {processor.py:914} INFO - Processing file /opt/airflow/dags/spark_airflow.py for tasks to queue
[2024-11-04T22:59:25.573+0000] {logging_mixin.py:190} INFO - [2024-11-04T22:59:25.573+0000] {dagbag.py:588} INFO - Filling up the DagBag from /opt/airflow/dags/spark_airflow.py
[2024-11-04T22:59:25.591+0000] {processor.py:925} INFO - DAG(s) 'sparking_flow' retrieved from /opt/airflow/dags/spark_airflow.py
[2024-11-04T22:59:25.618+0000] {logging_mixin.py:190} INFO - [2024-11-04T22:59:25.618+0000] {dag.py:3239} INFO - Sync 1 DAGs
[2024-11-04T22:59:25.639+0000] {logging_mixin.py:190} INFO - [2024-11-04T22:59:25.639+0000] {dag.py:4180} INFO - Setting next_dagrun for sparking_flow to 2024-11-04 00:00:00+00:00, run_after=2024-11-05 00:00:00+00:00
[2024-11-04T22:59:25.656+0000] {processor.py:208} INFO - Processing /opt/airflow/dags/spark_airflow.py took 0.089 seconds
[2024-11-04T22:59:55.811+0000] {processor.py:186} INFO - Started process (PID=78761) to work on /opt/airflow/dags/spark_airflow.py
[2024-11-04T22:59:55.812+0000] {processor.py:914} INFO - Processing file /opt/airflow/dags/spark_airflow.py for tasks to queue
[2024-11-04T22:59:55.813+0000] {logging_mixin.py:190} INFO - [2024-11-04T22:59:55.812+0000] {dagbag.py:588} INFO - Filling up the DagBag from /opt/airflow/dags/spark_airflow.py
[2024-11-04T22:59:55.829+0000] {processor.py:925} INFO - DAG(s) 'sparking_flow' retrieved from /opt/airflow/dags/spark_airflow.py
[2024-11-04T22:59:55.856+0000] {logging_mixin.py:190} INFO - [2024-11-04T22:59:55.856+0000] {dag.py:3239} INFO - Sync 1 DAGs
[2024-11-04T22:59:55.880+0000] {logging_mixin.py:190} INFO - [2024-11-04T22:59:55.879+0000] {dag.py:4180} INFO - Setting next_dagrun for sparking_flow to 2024-11-04 00:00:00+00:00, run_after=2024-11-05 00:00:00+00:00
[2024-11-04T22:59:55.898+0000] {processor.py:208} INFO - Processing /opt/airflow/dags/spark_airflow.py took 0.091 seconds
[2024-11-04T23:00:26.003+0000] {processor.py:186} INFO - Started process (PID=78766) to work on /opt/airflow/dags/spark_airflow.py
[2024-11-04T23:00:26.004+0000] {processor.py:914} INFO - Processing file /opt/airflow/dags/spark_airflow.py for tasks to queue
[2024-11-04T23:00:26.006+0000] {logging_mixin.py:190} INFO - [2024-11-04T23:00:26.006+0000] {dagbag.py:588} INFO - Filling up the DagBag from /opt/airflow/dags/spark_airflow.py
[2024-11-04T23:00:26.023+0000] {processor.py:925} INFO - DAG(s) 'sparking_flow' retrieved from /opt/airflow/dags/spark_airflow.py
[2024-11-04T23:00:26.049+0000] {logging_mixin.py:190} INFO - [2024-11-04T23:00:26.049+0000] {dag.py:3239} INFO - Sync 1 DAGs
[2024-11-04T23:00:26.070+0000] {logging_mixin.py:190} INFO - [2024-11-04T23:00:26.070+0000] {dag.py:4180} INFO - Setting next_dagrun for sparking_flow to 2024-11-04 00:00:00+00:00, run_after=2024-11-05 00:00:00+00:00
[2024-11-04T23:00:26.088+0000] {processor.py:208} INFO - Processing /opt/airflow/dags/spark_airflow.py took 0.089 seconds
[2024-11-04T23:00:56.256+0000] {processor.py:186} INFO - Started process (PID=78771) to work on /opt/airflow/dags/spark_airflow.py
[2024-11-04T23:00:56.256+0000] {processor.py:914} INFO - Processing file /opt/airflow/dags/spark_airflow.py for tasks to queue
[2024-11-04T23:00:56.257+0000] {logging_mixin.py:190} INFO - [2024-11-04T23:00:56.257+0000] {dagbag.py:588} INFO - Filling up the DagBag from /opt/airflow/dags/spark_airflow.py
[2024-11-04T23:00:56.275+0000] {processor.py:925} INFO - DAG(s) 'sparking_flow' retrieved from /opt/airflow/dags/spark_airflow.py
[2024-11-04T23:00:56.298+0000] {logging_mixin.py:190} INFO - [2024-11-04T23:00:56.298+0000] {dag.py:3239} INFO - Sync 1 DAGs
[2024-11-04T23:00:56.320+0000] {logging_mixin.py:190} INFO - [2024-11-04T23:00:56.320+0000] {dag.py:4180} INFO - Setting next_dagrun for sparking_flow to 2024-11-04 00:00:00+00:00, run_after=2024-11-05 00:00:00+00:00
[2024-11-04T23:00:56.338+0000] {processor.py:208} INFO - Processing /opt/airflow/dags/spark_airflow.py took 0.086 seconds
[2024-11-04T23:01:26.431+0000] {processor.py:186} INFO - Started process (PID=78776) to work on /opt/airflow/dags/spark_airflow.py
[2024-11-04T23:01:26.432+0000] {processor.py:914} INFO - Processing file /opt/airflow/dags/spark_airflow.py for tasks to queue
[2024-11-04T23:01:26.433+0000] {logging_mixin.py:190} INFO - [2024-11-04T23:01:26.433+0000] {dagbag.py:588} INFO - Filling up the DagBag from /opt/airflow/dags/spark_airflow.py
[2024-11-04T23:01:26.451+0000] {processor.py:925} INFO - DAG(s) 'sparking_flow' retrieved from /opt/airflow/dags/spark_airflow.py
[2024-11-04T23:01:26.475+0000] {logging_mixin.py:190} INFO - [2024-11-04T23:01:26.475+0000] {dag.py:3239} INFO - Sync 1 DAGs
[2024-11-04T23:01:26.496+0000] {logging_mixin.py:190} INFO - [2024-11-04T23:01:26.496+0000] {dag.py:4180} INFO - Setting next_dagrun for sparking_flow to 2024-11-04 00:00:00+00:00, run_after=2024-11-05 00:00:00+00:00
[2024-11-04T23:01:26.515+0000] {processor.py:208} INFO - Processing /opt/airflow/dags/spark_airflow.py took 0.088 seconds
[2024-11-04T23:01:56.665+0000] {processor.py:186} INFO - Started process (PID=78781) to work on /opt/airflow/dags/spark_airflow.py
[2024-11-04T23:01:56.666+0000] {processor.py:914} INFO - Processing file /opt/airflow/dags/spark_airflow.py for tasks to queue
[2024-11-04T23:01:56.667+0000] {logging_mixin.py:190} INFO - [2024-11-04T23:01:56.667+0000] {dagbag.py:588} INFO - Filling up the DagBag from /opt/airflow/dags/spark_airflow.py
[2024-11-04T23:01:56.687+0000] {processor.py:925} INFO - DAG(s) 'sparking_flow' retrieved from /opt/airflow/dags/spark_airflow.py
[2024-11-04T23:01:56.714+0000] {logging_mixin.py:190} INFO - [2024-11-04T23:01:56.714+0000] {dag.py:3239} INFO - Sync 1 DAGs
[2024-11-04T23:01:56.740+0000] {logging_mixin.py:190} INFO - [2024-11-04T23:01:56.739+0000] {dag.py:4180} INFO - Setting next_dagrun for sparking_flow to 2024-11-04 00:00:00+00:00, run_after=2024-11-05 00:00:00+00:00
[2024-11-04T23:01:56.759+0000] {processor.py:208} INFO - Processing /opt/airflow/dags/spark_airflow.py took 0.099 seconds
[2024-11-04T23:02:26.850+0000] {processor.py:186} INFO - Started process (PID=78786) to work on /opt/airflow/dags/spark_airflow.py
[2024-11-04T23:02:26.851+0000] {processor.py:914} INFO - Processing file /opt/airflow/dags/spark_airflow.py for tasks to queue
[2024-11-04T23:02:26.852+0000] {logging_mixin.py:190} INFO - [2024-11-04T23:02:26.852+0000] {dagbag.py:588} INFO - Filling up the DagBag from /opt/airflow/dags/spark_airflow.py
[2024-11-04T23:02:26.870+0000] {processor.py:925} INFO - DAG(s) 'sparking_flow' retrieved from /opt/airflow/dags/spark_airflow.py
[2024-11-04T23:02:26.894+0000] {logging_mixin.py:190} INFO - [2024-11-04T23:02:26.894+0000] {dag.py:3239} INFO - Sync 1 DAGs
[2024-11-04T23:02:26.915+0000] {logging_mixin.py:190} INFO - [2024-11-04T23:02:26.915+0000] {dag.py:4180} INFO - Setting next_dagrun for sparking_flow to 2024-11-04 00:00:00+00:00, run_after=2024-11-05 00:00:00+00:00
[2024-11-04T23:02:26.932+0000] {processor.py:208} INFO - Processing /opt/airflow/dags/spark_airflow.py took 0.086 seconds
[2024-11-04T23:02:57.100+0000] {processor.py:186} INFO - Started process (PID=78791) to work on /opt/airflow/dags/spark_airflow.py
[2024-11-04T23:02:57.101+0000] {processor.py:914} INFO - Processing file /opt/airflow/dags/spark_airflow.py for tasks to queue
[2024-11-04T23:02:57.102+0000] {logging_mixin.py:190} INFO - [2024-11-04T23:02:57.101+0000] {dagbag.py:588} INFO - Filling up the DagBag from /opt/airflow/dags/spark_airflow.py
[2024-11-04T23:02:57.119+0000] {processor.py:925} INFO - DAG(s) 'sparking_flow' retrieved from /opt/airflow/dags/spark_airflow.py
[2024-11-04T23:02:57.144+0000] {logging_mixin.py:190} INFO - [2024-11-04T23:02:57.144+0000] {dag.py:3239} INFO - Sync 1 DAGs
[2024-11-04T23:02:57.166+0000] {logging_mixin.py:190} INFO - [2024-11-04T23:02:57.166+0000] {dag.py:4180} INFO - Setting next_dagrun for sparking_flow to 2024-11-04 00:00:00+00:00, run_after=2024-11-05 00:00:00+00:00
[2024-11-04T23:02:57.184+0000] {processor.py:208} INFO - Processing /opt/airflow/dags/spark_airflow.py took 0.088 seconds
[2024-11-04T23:03:27.280+0000] {processor.py:186} INFO - Started process (PID=78796) to work on /opt/airflow/dags/spark_airflow.py
[2024-11-04T23:03:27.281+0000] {processor.py:914} INFO - Processing file /opt/airflow/dags/spark_airflow.py for tasks to queue
[2024-11-04T23:03:27.282+0000] {logging_mixin.py:190} INFO - [2024-11-04T23:03:27.282+0000] {dagbag.py:588} INFO - Filling up the DagBag from /opt/airflow/dags/spark_airflow.py
[2024-11-04T23:03:27.301+0000] {processor.py:925} INFO - DAG(s) 'sparking_flow' retrieved from /opt/airflow/dags/spark_airflow.py
[2024-11-04T23:03:27.325+0000] {logging_mixin.py:190} INFO - [2024-11-04T23:03:27.325+0000] {dag.py:3239} INFO - Sync 1 DAGs
[2024-11-04T23:03:27.346+0000] {logging_mixin.py:190} INFO - [2024-11-04T23:03:27.346+0000] {dag.py:4180} INFO - Setting next_dagrun for sparking_flow to 2024-11-04 00:00:00+00:00, run_after=2024-11-05 00:00:00+00:00
[2024-11-04T23:03:27.363+0000] {processor.py:208} INFO - Processing /opt/airflow/dags/spark_airflow.py took 0.088 seconds
[2024-11-04T23:03:57.523+0000] {processor.py:186} INFO - Started process (PID=78801) to work on /opt/airflow/dags/spark_airflow.py
[2024-11-04T23:03:57.523+0000] {processor.py:914} INFO - Processing file /opt/airflow/dags/spark_airflow.py for tasks to queue
[2024-11-04T23:03:57.525+0000] {logging_mixin.py:190} INFO - [2024-11-04T23:03:57.524+0000] {dagbag.py:588} INFO - Filling up the DagBag from /opt/airflow/dags/spark_airflow.py
[2024-11-04T23:03:57.544+0000] {processor.py:925} INFO - DAG(s) 'sparking_flow' retrieved from /opt/airflow/dags/spark_airflow.py
[2024-11-04T23:03:57.570+0000] {logging_mixin.py:190} INFO - [2024-11-04T23:03:57.569+0000] {dag.py:3239} INFO - Sync 1 DAGs
[2024-11-04T23:03:57.591+0000] {logging_mixin.py:190} INFO - [2024-11-04T23:03:57.591+0000] {dag.py:4180} INFO - Setting next_dagrun for sparking_flow to 2024-11-04 00:00:00+00:00, run_after=2024-11-05 00:00:00+00:00
[2024-11-04T23:03:57.607+0000] {processor.py:208} INFO - Processing /opt/airflow/dags/spark_airflow.py took 0.089 seconds
[2024-11-04T23:04:27.708+0000] {processor.py:186} INFO - Started process (PID=78806) to work on /opt/airflow/dags/spark_airflow.py
[2024-11-04T23:04:27.709+0000] {processor.py:914} INFO - Processing file /opt/airflow/dags/spark_airflow.py for tasks to queue
[2024-11-04T23:04:27.710+0000] {logging_mixin.py:190} INFO - [2024-11-04T23:04:27.710+0000] {dagbag.py:588} INFO - Filling up the DagBag from /opt/airflow/dags/spark_airflow.py
[2024-11-04T23:04:27.727+0000] {processor.py:925} INFO - DAG(s) 'sparking_flow' retrieved from /opt/airflow/dags/spark_airflow.py
[2024-11-04T23:04:27.754+0000] {logging_mixin.py:190} INFO - [2024-11-04T23:04:27.754+0000] {dag.py:3239} INFO - Sync 1 DAGs
[2024-11-04T23:04:27.775+0000] {logging_mixin.py:190} INFO - [2024-11-04T23:04:27.775+0000] {dag.py:4180} INFO - Setting next_dagrun for sparking_flow to 2024-11-04 00:00:00+00:00, run_after=2024-11-05 00:00:00+00:00
[2024-11-04T23:04:27.793+0000] {processor.py:208} INFO - Processing /opt/airflow/dags/spark_airflow.py took 0.090 seconds
[2024-11-04T23:04:57.951+0000] {processor.py:186} INFO - Started process (PID=78811) to work on /opt/airflow/dags/spark_airflow.py
[2024-11-04T23:04:57.951+0000] {processor.py:914} INFO - Processing file /opt/airflow/dags/spark_airflow.py for tasks to queue
[2024-11-04T23:04:57.953+0000] {logging_mixin.py:190} INFO - [2024-11-04T23:04:57.952+0000] {dagbag.py:588} INFO - Filling up the DagBag from /opt/airflow/dags/spark_airflow.py
[2024-11-04T23:04:57.970+0000] {processor.py:925} INFO - DAG(s) 'sparking_flow' retrieved from /opt/airflow/dags/spark_airflow.py
[2024-11-04T23:04:57.994+0000] {logging_mixin.py:190} INFO - [2024-11-04T23:04:57.994+0000] {dag.py:3239} INFO - Sync 1 DAGs
[2024-11-04T23:04:58.015+0000] {logging_mixin.py:190} INFO - [2024-11-04T23:04:58.014+0000] {dag.py:4180} INFO - Setting next_dagrun for sparking_flow to 2024-11-04 00:00:00+00:00, run_after=2024-11-05 00:00:00+00:00
[2024-11-04T23:04:58.031+0000] {processor.py:208} INFO - Processing /opt/airflow/dags/spark_airflow.py took 0.085 seconds
[2024-11-04T23:05:28.164+0000] {processor.py:186} INFO - Started process (PID=78816) to work on /opt/airflow/dags/spark_airflow.py
[2024-11-04T23:05:28.164+0000] {processor.py:914} INFO - Processing file /opt/airflow/dags/spark_airflow.py for tasks to queue
[2024-11-04T23:05:28.166+0000] {logging_mixin.py:190} INFO - [2024-11-04T23:05:28.166+0000] {dagbag.py:588} INFO - Filling up the DagBag from /opt/airflow/dags/spark_airflow.py
[2024-11-04T23:05:28.184+0000] {processor.py:925} INFO - DAG(s) 'sparking_flow' retrieved from /opt/airflow/dags/spark_airflow.py
[2024-11-04T23:05:28.210+0000] {logging_mixin.py:190} INFO - [2024-11-04T23:05:28.209+0000] {dag.py:3239} INFO - Sync 1 DAGs
[2024-11-04T23:05:28.234+0000] {logging_mixin.py:190} INFO - [2024-11-04T23:05:28.233+0000] {dag.py:4180} INFO - Setting next_dagrun for sparking_flow to 2024-11-04 00:00:00+00:00, run_after=2024-11-05 00:00:00+00:00
[2024-11-04T23:05:28.252+0000] {processor.py:208} INFO - Processing /opt/airflow/dags/spark_airflow.py took 0.093 seconds
[2024-11-04T23:05:58.365+0000] {processor.py:186} INFO - Started process (PID=78821) to work on /opt/airflow/dags/spark_airflow.py
[2024-11-04T23:05:58.366+0000] {processor.py:914} INFO - Processing file /opt/airflow/dags/spark_airflow.py for tasks to queue
[2024-11-04T23:05:58.367+0000] {logging_mixin.py:190} INFO - [2024-11-04T23:05:58.367+0000] {dagbag.py:588} INFO - Filling up the DagBag from /opt/airflow/dags/spark_airflow.py
[2024-11-04T23:05:58.384+0000] {processor.py:925} INFO - DAG(s) 'sparking_flow' retrieved from /opt/airflow/dags/spark_airflow.py
[2024-11-04T23:05:58.408+0000] {logging_mixin.py:190} INFO - [2024-11-04T23:05:58.407+0000] {dag.py:3239} INFO - Sync 1 DAGs
[2024-11-04T23:05:58.428+0000] {logging_mixin.py:190} INFO - [2024-11-04T23:05:58.428+0000] {dag.py:4180} INFO - Setting next_dagrun for sparking_flow to 2024-11-04 00:00:00+00:00, run_after=2024-11-05 00:00:00+00:00
[2024-11-04T23:05:58.444+0000] {processor.py:208} INFO - Processing /opt/airflow/dags/spark_airflow.py took 0.084 seconds
[2024-11-04T23:06:28.584+0000] {processor.py:186} INFO - Started process (PID=78826) to work on /opt/airflow/dags/spark_airflow.py
[2024-11-04T23:06:28.585+0000] {processor.py:914} INFO - Processing file /opt/airflow/dags/spark_airflow.py for tasks to queue
[2024-11-04T23:06:28.586+0000] {logging_mixin.py:190} INFO - [2024-11-04T23:06:28.586+0000] {dagbag.py:588} INFO - Filling up the DagBag from /opt/airflow/dags/spark_airflow.py
[2024-11-04T23:06:28.604+0000] {processor.py:925} INFO - DAG(s) 'sparking_flow' retrieved from /opt/airflow/dags/spark_airflow.py
[2024-11-04T23:06:28.630+0000] {logging_mixin.py:190} INFO - [2024-11-04T23:06:28.630+0000] {dag.py:3239} INFO - Sync 1 DAGs
[2024-11-04T23:06:28.653+0000] {logging_mixin.py:190} INFO - [2024-11-04T23:06:28.652+0000] {dag.py:4180} INFO - Setting next_dagrun for sparking_flow to 2024-11-04 00:00:00+00:00, run_after=2024-11-05 00:00:00+00:00
[2024-11-04T23:06:28.672+0000] {processor.py:208} INFO - Processing /opt/airflow/dags/spark_airflow.py took 0.092 seconds
[2024-11-04T23:06:58.776+0000] {processor.py:186} INFO - Started process (PID=78831) to work on /opt/airflow/dags/spark_airflow.py
[2024-11-04T23:06:58.777+0000] {processor.py:914} INFO - Processing file /opt/airflow/dags/spark_airflow.py for tasks to queue
[2024-11-04T23:06:58.778+0000] {logging_mixin.py:190} INFO - [2024-11-04T23:06:58.778+0000] {dagbag.py:588} INFO - Filling up the DagBag from /opt/airflow/dags/spark_airflow.py
[2024-11-04T23:06:58.798+0000] {processor.py:925} INFO - DAG(s) 'sparking_flow' retrieved from /opt/airflow/dags/spark_airflow.py
[2024-11-04T23:06:58.822+0000] {logging_mixin.py:190} INFO - [2024-11-04T23:06:58.822+0000] {dag.py:3239} INFO - Sync 1 DAGs
[2024-11-04T23:06:58.843+0000] {logging_mixin.py:190} INFO - [2024-11-04T23:06:58.843+0000] {dag.py:4180} INFO - Setting next_dagrun for sparking_flow to 2024-11-04 00:00:00+00:00, run_after=2024-11-05 00:00:00+00:00
[2024-11-04T23:06:58.860+0000] {processor.py:208} INFO - Processing /opt/airflow/dags/spark_airflow.py took 0.090 seconds
[2024-11-04T23:07:29.001+0000] {processor.py:186} INFO - Started process (PID=78836) to work on /opt/airflow/dags/spark_airflow.py
[2024-11-04T23:07:29.002+0000] {processor.py:914} INFO - Processing file /opt/airflow/dags/spark_airflow.py for tasks to queue
[2024-11-04T23:07:29.003+0000] {logging_mixin.py:190} INFO - [2024-11-04T23:07:29.003+0000] {dagbag.py:588} INFO - Filling up the DagBag from /opt/airflow/dags/spark_airflow.py
[2024-11-04T23:07:29.021+0000] {processor.py:925} INFO - DAG(s) 'sparking_flow' retrieved from /opt/airflow/dags/spark_airflow.py
[2024-11-04T23:07:29.044+0000] {logging_mixin.py:190} INFO - [2024-11-04T23:07:29.044+0000] {dag.py:3239} INFO - Sync 1 DAGs
[2024-11-04T23:07:29.064+0000] {logging_mixin.py:190} INFO - [2024-11-04T23:07:29.064+0000] {dag.py:4180} INFO - Setting next_dagrun for sparking_flow to 2024-11-04 00:00:00+00:00, run_after=2024-11-05 00:00:00+00:00
[2024-11-04T23:07:29.080+0000] {processor.py:208} INFO - Processing /opt/airflow/dags/spark_airflow.py took 0.084 seconds
[2024-11-04T23:07:59.202+0000] {processor.py:186} INFO - Started process (PID=78841) to work on /opt/airflow/dags/spark_airflow.py
[2024-11-04T23:07:59.202+0000] {processor.py:914} INFO - Processing file /opt/airflow/dags/spark_airflow.py for tasks to queue
[2024-11-04T23:07:59.204+0000] {logging_mixin.py:190} INFO - [2024-11-04T23:07:59.204+0000] {dagbag.py:588} INFO - Filling up the DagBag from /opt/airflow/dags/spark_airflow.py
[2024-11-04T23:07:59.221+0000] {processor.py:925} INFO - DAG(s) 'sparking_flow' retrieved from /opt/airflow/dags/spark_airflow.py
[2024-11-04T23:07:59.246+0000] {logging_mixin.py:190} INFO - [2024-11-04T23:07:59.246+0000] {dag.py:3239} INFO - Sync 1 DAGs
[2024-11-04T23:07:59.268+0000] {logging_mixin.py:190} INFO - [2024-11-04T23:07:59.268+0000] {dag.py:4180} INFO - Setting next_dagrun for sparking_flow to 2024-11-04 00:00:00+00:00, run_after=2024-11-05 00:00:00+00:00
[2024-11-04T23:07:59.284+0000] {processor.py:208} INFO - Processing /opt/airflow/dags/spark_airflow.py took 0.087 seconds
[2024-11-04T23:08:29.461+0000] {processor.py:186} INFO - Started process (PID=78846) to work on /opt/airflow/dags/spark_airflow.py
[2024-11-04T23:08:29.461+0000] {processor.py:914} INFO - Processing file /opt/airflow/dags/spark_airflow.py for tasks to queue
[2024-11-04T23:08:29.462+0000] {logging_mixin.py:190} INFO - [2024-11-04T23:08:29.462+0000] {dagbag.py:588} INFO - Filling up the DagBag from /opt/airflow/dags/spark_airflow.py
[2024-11-04T23:08:29.480+0000] {processor.py:925} INFO - DAG(s) 'sparking_flow' retrieved from /opt/airflow/dags/spark_airflow.py
[2024-11-04T23:08:29.504+0000] {logging_mixin.py:190} INFO - [2024-11-04T23:08:29.504+0000] {dag.py:3239} INFO - Sync 1 DAGs
[2024-11-04T23:08:29.527+0000] {logging_mixin.py:190} INFO - [2024-11-04T23:08:29.527+0000] {dag.py:4180} INFO - Setting next_dagrun for sparking_flow to 2024-11-04 00:00:00+00:00, run_after=2024-11-05 00:00:00+00:00
[2024-11-04T23:08:29.544+0000] {processor.py:208} INFO - Processing /opt/airflow/dags/spark_airflow.py took 0.091 seconds
[2024-11-04T23:08:59.679+0000] {processor.py:186} INFO - Started process (PID=78851) to work on /opt/airflow/dags/spark_airflow.py
[2024-11-04T23:08:59.680+0000] {processor.py:914} INFO - Processing file /opt/airflow/dags/spark_airflow.py for tasks to queue
[2024-11-04T23:08:59.682+0000] {logging_mixin.py:190} INFO - [2024-11-04T23:08:59.681+0000] {dagbag.py:588} INFO - Filling up the DagBag from /opt/airflow/dags/spark_airflow.py
[2024-11-04T23:08:59.700+0000] {processor.py:925} INFO - DAG(s) 'sparking_flow' retrieved from /opt/airflow/dags/spark_airflow.py
[2024-11-04T23:08:59.725+0000] {logging_mixin.py:190} INFO - [2024-11-04T23:08:59.725+0000] {dag.py:3239} INFO - Sync 1 DAGs
[2024-11-04T23:08:59.746+0000] {logging_mixin.py:190} INFO - [2024-11-04T23:08:59.745+0000] {dag.py:4180} INFO - Setting next_dagrun for sparking_flow to 2024-11-04 00:00:00+00:00, run_after=2024-11-05 00:00:00+00:00
[2024-11-04T23:08:59.763+0000] {processor.py:208} INFO - Processing /opt/airflow/dags/spark_airflow.py took 0.102 seconds
[2024-11-04T23:09:29.895+0000] {processor.py:186} INFO - Started process (PID=78856) to work on /opt/airflow/dags/spark_airflow.py
[2024-11-04T23:09:29.896+0000] {processor.py:914} INFO - Processing file /opt/airflow/dags/spark_airflow.py for tasks to queue
[2024-11-04T23:09:29.897+0000] {logging_mixin.py:190} INFO - [2024-11-04T23:09:29.896+0000] {dagbag.py:588} INFO - Filling up the DagBag from /opt/airflow/dags/spark_airflow.py
[2024-11-04T23:09:29.917+0000] {processor.py:925} INFO - DAG(s) 'sparking_flow' retrieved from /opt/airflow/dags/spark_airflow.py
[2024-11-04T23:09:29.943+0000] {logging_mixin.py:190} INFO - [2024-11-04T23:09:29.942+0000] {dag.py:3239} INFO - Sync 1 DAGs
[2024-11-04T23:09:29.965+0000] {logging_mixin.py:190} INFO - [2024-11-04T23:09:29.965+0000] {dag.py:4180} INFO - Setting next_dagrun for sparking_flow to 2024-11-04 00:00:00+00:00, run_after=2024-11-05 00:00:00+00:00
[2024-11-04T23:09:29.984+0000] {processor.py:208} INFO - Processing /opt/airflow/dags/spark_airflow.py took 0.099 seconds
[2024-11-04T23:10:00.111+0000] {processor.py:186} INFO - Started process (PID=78861) to work on /opt/airflow/dags/spark_airflow.py
[2024-11-04T23:10:00.112+0000] {processor.py:914} INFO - Processing file /opt/airflow/dags/spark_airflow.py for tasks to queue
[2024-11-04T23:10:00.114+0000] {logging_mixin.py:190} INFO - [2024-11-04T23:10:00.113+0000] {dagbag.py:588} INFO - Filling up the DagBag from /opt/airflow/dags/spark_airflow.py
[2024-11-04T23:10:00.135+0000] {processor.py:925} INFO - DAG(s) 'sparking_flow' retrieved from /opt/airflow/dags/spark_airflow.py
[2024-11-04T23:10:00.159+0000] {logging_mixin.py:190} INFO - [2024-11-04T23:10:00.158+0000] {dag.py:3239} INFO - Sync 1 DAGs
[2024-11-04T23:10:00.180+0000] {logging_mixin.py:190} INFO - [2024-11-04T23:10:00.180+0000] {dag.py:4180} INFO - Setting next_dagrun for sparking_flow to 2024-11-04 00:00:00+00:00, run_after=2024-11-05 00:00:00+00:00
[2024-11-04T23:10:00.198+0000] {processor.py:208} INFO - Processing /opt/airflow/dags/spark_airflow.py took 0.091 seconds
[2024-11-04T23:10:30.355+0000] {processor.py:186} INFO - Started process (PID=78866) to work on /opt/airflow/dags/spark_airflow.py
[2024-11-04T23:10:30.356+0000] {processor.py:914} INFO - Processing file /opt/airflow/dags/spark_airflow.py for tasks to queue
[2024-11-04T23:10:30.357+0000] {logging_mixin.py:190} INFO - [2024-11-04T23:10:30.357+0000] {dagbag.py:588} INFO - Filling up the DagBag from /opt/airflow/dags/spark_airflow.py
[2024-11-04T23:10:30.375+0000] {processor.py:925} INFO - DAG(s) 'sparking_flow' retrieved from /opt/airflow/dags/spark_airflow.py
[2024-11-04T23:10:30.402+0000] {logging_mixin.py:190} INFO - [2024-11-04T23:10:30.402+0000] {dag.py:3239} INFO - Sync 1 DAGs
[2024-11-04T23:10:30.425+0000] {logging_mixin.py:190} INFO - [2024-11-04T23:10:30.425+0000] {dag.py:4180} INFO - Setting next_dagrun for sparking_flow to 2024-11-04 00:00:00+00:00, run_after=2024-11-05 00:00:00+00:00
[2024-11-04T23:10:30.444+0000] {processor.py:208} INFO - Processing /opt/airflow/dags/spark_airflow.py took 0.094 seconds
[2024-11-04T23:11:00.542+0000] {processor.py:186} INFO - Started process (PID=78871) to work on /opt/airflow/dags/spark_airflow.py
[2024-11-04T23:11:00.543+0000] {processor.py:914} INFO - Processing file /opt/airflow/dags/spark_airflow.py for tasks to queue
[2024-11-04T23:11:00.544+0000] {logging_mixin.py:190} INFO - [2024-11-04T23:11:00.544+0000] {dagbag.py:588} INFO - Filling up the DagBag from /opt/airflow/dags/spark_airflow.py
[2024-11-04T23:11:00.563+0000] {processor.py:925} INFO - DAG(s) 'sparking_flow' retrieved from /opt/airflow/dags/spark_airflow.py
[2024-11-04T23:11:00.589+0000] {logging_mixin.py:190} INFO - [2024-11-04T23:11:00.589+0000] {dag.py:3239} INFO - Sync 1 DAGs
[2024-11-04T23:11:00.612+0000] {logging_mixin.py:190} INFO - [2024-11-04T23:11:00.612+0000] {dag.py:4180} INFO - Setting next_dagrun for sparking_flow to 2024-11-04 00:00:00+00:00, run_after=2024-11-05 00:00:00+00:00
[2024-11-04T23:11:00.631+0000] {processor.py:208} INFO - Processing /opt/airflow/dags/spark_airflow.py took 0.093 seconds
[2024-11-04T23:11:30.790+0000] {processor.py:186} INFO - Started process (PID=78876) to work on /opt/airflow/dags/spark_airflow.py
[2024-11-04T23:11:30.791+0000] {processor.py:914} INFO - Processing file /opt/airflow/dags/spark_airflow.py for tasks to queue
[2024-11-04T23:11:30.792+0000] {logging_mixin.py:190} INFO - [2024-11-04T23:11:30.792+0000] {dagbag.py:588} INFO - Filling up the DagBag from /opt/airflow/dags/spark_airflow.py
[2024-11-04T23:11:30.810+0000] {processor.py:925} INFO - DAG(s) 'sparking_flow' retrieved from /opt/airflow/dags/spark_airflow.py
[2024-11-04T23:11:30.836+0000] {logging_mixin.py:190} INFO - [2024-11-04T23:11:30.835+0000] {dag.py:3239} INFO - Sync 1 DAGs
[2024-11-04T23:11:30.859+0000] {logging_mixin.py:190} INFO - [2024-11-04T23:11:30.858+0000] {dag.py:4180} INFO - Setting next_dagrun for sparking_flow to 2024-11-04 00:00:00+00:00, run_after=2024-11-05 00:00:00+00:00
[2024-11-04T23:11:30.877+0000] {processor.py:208} INFO - Processing /opt/airflow/dags/spark_airflow.py took 0.091 seconds
[2024-11-04T23:12:00.972+0000] {processor.py:186} INFO - Started process (PID=78881) to work on /opt/airflow/dags/spark_airflow.py
[2024-11-04T23:12:00.972+0000] {processor.py:914} INFO - Processing file /opt/airflow/dags/spark_airflow.py for tasks to queue
[2024-11-04T23:12:00.974+0000] {logging_mixin.py:190} INFO - [2024-11-04T23:12:00.974+0000] {dagbag.py:588} INFO - Filling up the DagBag from /opt/airflow/dags/spark_airflow.py
[2024-11-04T23:12:00.991+0000] {processor.py:925} INFO - DAG(s) 'sparking_flow' retrieved from /opt/airflow/dags/spark_airflow.py
[2024-11-04T23:12:01.016+0000] {logging_mixin.py:190} INFO - [2024-11-04T23:12:01.015+0000] {dag.py:3239} INFO - Sync 1 DAGs
[2024-11-04T23:12:01.037+0000] {logging_mixin.py:190} INFO - [2024-11-04T23:12:01.037+0000] {dag.py:4180} INFO - Setting next_dagrun for sparking_flow to 2024-11-04 00:00:00+00:00, run_after=2024-11-05 00:00:00+00:00
[2024-11-04T23:12:01.056+0000] {processor.py:208} INFO - Processing /opt/airflow/dags/spark_airflow.py took 0.089 seconds
[2024-11-04T23:12:31.216+0000] {processor.py:186} INFO - Started process (PID=78886) to work on /opt/airflow/dags/spark_airflow.py
[2024-11-04T23:12:31.217+0000] {processor.py:914} INFO - Processing file /opt/airflow/dags/spark_airflow.py for tasks to queue
[2024-11-04T23:12:31.218+0000] {logging_mixin.py:190} INFO - [2024-11-04T23:12:31.217+0000] {dagbag.py:588} INFO - Filling up the DagBag from /opt/airflow/dags/spark_airflow.py
[2024-11-04T23:12:31.234+0000] {processor.py:925} INFO - DAG(s) 'sparking_flow' retrieved from /opt/airflow/dags/spark_airflow.py
[2024-11-04T23:12:31.259+0000] {logging_mixin.py:190} INFO - [2024-11-04T23:12:31.258+0000] {dag.py:3239} INFO - Sync 1 DAGs
[2024-11-04T23:12:31.279+0000] {logging_mixin.py:190} INFO - [2024-11-04T23:12:31.279+0000] {dag.py:4180} INFO - Setting next_dagrun for sparking_flow to 2024-11-04 00:00:00+00:00, run_after=2024-11-05 00:00:00+00:00
[2024-11-04T23:12:31.297+0000] {processor.py:208} INFO - Processing /opt/airflow/dags/spark_airflow.py took 0.085 seconds
[2024-11-04T23:13:01.396+0000] {processor.py:186} INFO - Started process (PID=78891) to work on /opt/airflow/dags/spark_airflow.py
[2024-11-04T23:13:01.397+0000] {processor.py:914} INFO - Processing file /opt/airflow/dags/spark_airflow.py for tasks to queue
[2024-11-04T23:13:01.398+0000] {logging_mixin.py:190} INFO - [2024-11-04T23:13:01.397+0000] {dagbag.py:588} INFO - Filling up the DagBag from /opt/airflow/dags/spark_airflow.py
[2024-11-04T23:13:01.416+0000] {processor.py:925} INFO - DAG(s) 'sparking_flow' retrieved from /opt/airflow/dags/spark_airflow.py
[2024-11-04T23:13:01.441+0000] {logging_mixin.py:190} INFO - [2024-11-04T23:13:01.441+0000] {dag.py:3239} INFO - Sync 1 DAGs
[2024-11-04T23:13:01.464+0000] {logging_mixin.py:190} INFO - [2024-11-04T23:13:01.464+0000] {dag.py:4180} INFO - Setting next_dagrun for sparking_flow to 2024-11-04 00:00:00+00:00, run_after=2024-11-05 00:00:00+00:00
[2024-11-04T23:13:01.482+0000] {processor.py:208} INFO - Processing /opt/airflow/dags/spark_airflow.py took 0.091 seconds
[2024-11-04T23:13:31.631+0000] {processor.py:186} INFO - Started process (PID=78896) to work on /opt/airflow/dags/spark_airflow.py
[2024-11-04T23:13:31.632+0000] {processor.py:914} INFO - Processing file /opt/airflow/dags/spark_airflow.py for tasks to queue
[2024-11-04T23:13:31.633+0000] {logging_mixin.py:190} INFO - [2024-11-04T23:13:31.633+0000] {dagbag.py:588} INFO - Filling up the DagBag from /opt/airflow/dags/spark_airflow.py
[2024-11-04T23:13:31.651+0000] {processor.py:925} INFO - DAG(s) 'sparking_flow' retrieved from /opt/airflow/dags/spark_airflow.py
[2024-11-04T23:13:31.674+0000] {logging_mixin.py:190} INFO - [2024-11-04T23:13:31.674+0000] {dag.py:3239} INFO - Sync 1 DAGs
[2024-11-04T23:13:31.695+0000] {logging_mixin.py:190} INFO - [2024-11-04T23:13:31.695+0000] {dag.py:4180} INFO - Setting next_dagrun for sparking_flow to 2024-11-04 00:00:00+00:00, run_after=2024-11-05 00:00:00+00:00
[2024-11-04T23:13:31.714+0000] {processor.py:208} INFO - Processing /opt/airflow/dags/spark_airflow.py took 0.088 seconds
[2024-11-04T23:14:01.835+0000] {processor.py:186} INFO - Started process (PID=78901) to work on /opt/airflow/dags/spark_airflow.py
[2024-11-04T23:14:01.836+0000] {processor.py:914} INFO - Processing file /opt/airflow/dags/spark_airflow.py for tasks to queue
[2024-11-04T23:14:01.837+0000] {logging_mixin.py:190} INFO - [2024-11-04T23:14:01.837+0000] {dagbag.py:588} INFO - Filling up the DagBag from /opt/airflow/dags/spark_airflow.py
[2024-11-04T23:14:01.855+0000] {processor.py:925} INFO - DAG(s) 'sparking_flow' retrieved from /opt/airflow/dags/spark_airflow.py
[2024-11-04T23:14:01.880+0000] {logging_mixin.py:190} INFO - [2024-11-04T23:14:01.879+0000] {dag.py:3239} INFO - Sync 1 DAGs
[2024-11-04T23:14:01.902+0000] {logging_mixin.py:190} INFO - [2024-11-04T23:14:01.902+0000] {dag.py:4180} INFO - Setting next_dagrun for sparking_flow to 2024-11-04 00:00:00+00:00, run_after=2024-11-05 00:00:00+00:00
[2024-11-04T23:14:01.921+0000] {processor.py:208} INFO - Processing /opt/airflow/dags/spark_airflow.py took 0.090 seconds
[2024-11-04T23:14:32.048+0000] {processor.py:186} INFO - Started process (PID=78906) to work on /opt/airflow/dags/spark_airflow.py
[2024-11-04T23:14:32.049+0000] {processor.py:914} INFO - Processing file /opt/airflow/dags/spark_airflow.py for tasks to queue
[2024-11-04T23:14:32.050+0000] {logging_mixin.py:190} INFO - [2024-11-04T23:14:32.050+0000] {dagbag.py:588} INFO - Filling up the DagBag from /opt/airflow/dags/spark_airflow.py
[2024-11-04T23:14:32.073+0000] {processor.py:925} INFO - DAG(s) 'sparking_flow' retrieved from /opt/airflow/dags/spark_airflow.py
[2024-11-04T23:14:32.099+0000] {logging_mixin.py:190} INFO - [2024-11-04T23:14:32.099+0000] {dag.py:3239} INFO - Sync 1 DAGs
[2024-11-04T23:14:32.122+0000] {logging_mixin.py:190} INFO - [2024-11-04T23:14:32.122+0000] {dag.py:4180} INFO - Setting next_dagrun for sparking_flow to 2024-11-04 00:00:00+00:00, run_after=2024-11-05 00:00:00+00:00
[2024-11-04T23:14:32.140+0000] {processor.py:208} INFO - Processing /opt/airflow/dags/spark_airflow.py took 0.098 seconds
[2024-11-04T23:15:02.249+0000] {processor.py:186} INFO - Started process (PID=78911) to work on /opt/airflow/dags/spark_airflow.py
[2024-11-04T23:15:02.249+0000] {processor.py:914} INFO - Processing file /opt/airflow/dags/spark_airflow.py for tasks to queue
[2024-11-04T23:15:02.251+0000] {logging_mixin.py:190} INFO - [2024-11-04T23:15:02.250+0000] {dagbag.py:588} INFO - Filling up the DagBag from /opt/airflow/dags/spark_airflow.py
[2024-11-04T23:15:02.269+0000] {processor.py:925} INFO - DAG(s) 'sparking_flow' retrieved from /opt/airflow/dags/spark_airflow.py
[2024-11-04T23:15:02.295+0000] {logging_mixin.py:190} INFO - [2024-11-04T23:15:02.295+0000] {dag.py:3239} INFO - Sync 1 DAGs
[2024-11-04T23:15:02.317+0000] {logging_mixin.py:190} INFO - [2024-11-04T23:15:02.317+0000] {dag.py:4180} INFO - Setting next_dagrun for sparking_flow to 2024-11-04 00:00:00+00:00, run_after=2024-11-05 00:00:00+00:00
[2024-11-04T23:15:02.337+0000] {processor.py:208} INFO - Processing /opt/airflow/dags/spark_airflow.py took 0.093 seconds
[2024-11-04T23:15:32.491+0000] {processor.py:186} INFO - Started process (PID=78916) to work on /opt/airflow/dags/spark_airflow.py
[2024-11-04T23:15:32.492+0000] {processor.py:914} INFO - Processing file /opt/airflow/dags/spark_airflow.py for tasks to queue
[2024-11-04T23:15:32.493+0000] {logging_mixin.py:190} INFO - [2024-11-04T23:15:32.493+0000] {dagbag.py:588} INFO - Filling up the DagBag from /opt/airflow/dags/spark_airflow.py
[2024-11-04T23:15:32.511+0000] {processor.py:925} INFO - DAG(s) 'sparking_flow' retrieved from /opt/airflow/dags/spark_airflow.py
[2024-11-04T23:15:32.536+0000] {logging_mixin.py:190} INFO - [2024-11-04T23:15:32.536+0000] {dag.py:3239} INFO - Sync 1 DAGs
[2024-11-04T23:15:32.557+0000] {logging_mixin.py:190} INFO - [2024-11-04T23:15:32.557+0000] {dag.py:4180} INFO - Setting next_dagrun for sparking_flow to 2024-11-04 00:00:00+00:00, run_after=2024-11-05 00:00:00+00:00
[2024-11-04T23:15:32.575+0000] {processor.py:208} INFO - Processing /opt/airflow/dags/spark_airflow.py took 0.088 seconds
[2024-11-04T23:16:02.666+0000] {processor.py:186} INFO - Started process (PID=78921) to work on /opt/airflow/dags/spark_airflow.py
[2024-11-04T23:16:02.667+0000] {processor.py:914} INFO - Processing file /opt/airflow/dags/spark_airflow.py for tasks to queue
[2024-11-04T23:16:02.668+0000] {logging_mixin.py:190} INFO - [2024-11-04T23:16:02.668+0000] {dagbag.py:588} INFO - Filling up the DagBag from /opt/airflow/dags/spark_airflow.py
[2024-11-04T23:16:02.686+0000] {processor.py:925} INFO - DAG(s) 'sparking_flow' retrieved from /opt/airflow/dags/spark_airflow.py
[2024-11-04T23:16:02.713+0000] {logging_mixin.py:190} INFO - [2024-11-04T23:16:02.713+0000] {dag.py:3239} INFO - Sync 1 DAGs
[2024-11-04T23:16:02.738+0000] {logging_mixin.py:190} INFO - [2024-11-04T23:16:02.738+0000] {dag.py:4180} INFO - Setting next_dagrun for sparking_flow to 2024-11-04 00:00:00+00:00, run_after=2024-11-05 00:00:00+00:00
[2024-11-04T23:16:02.757+0000] {processor.py:208} INFO - Processing /opt/airflow/dags/spark_airflow.py took 0.096 seconds
[2024-11-04T23:16:32.892+0000] {processor.py:186} INFO - Started process (PID=78926) to work on /opt/airflow/dags/spark_airflow.py
[2024-11-04T23:16:32.892+0000] {processor.py:914} INFO - Processing file /opt/airflow/dags/spark_airflow.py for tasks to queue
[2024-11-04T23:16:32.894+0000] {logging_mixin.py:190} INFO - [2024-11-04T23:16:32.893+0000] {dagbag.py:588} INFO - Filling up the DagBag from /opt/airflow/dags/spark_airflow.py
[2024-11-04T23:16:32.911+0000] {processor.py:925} INFO - DAG(s) 'sparking_flow' retrieved from /opt/airflow/dags/spark_airflow.py
[2024-11-04T23:16:32.937+0000] {logging_mixin.py:190} INFO - [2024-11-04T23:16:32.937+0000] {dag.py:3239} INFO - Sync 1 DAGs
[2024-11-04T23:16:32.962+0000] {logging_mixin.py:190} INFO - [2024-11-04T23:16:32.962+0000] {dag.py:4180} INFO - Setting next_dagrun for sparking_flow to 2024-11-04 00:00:00+00:00, run_after=2024-11-05 00:00:00+00:00
[2024-11-04T23:16:32.980+0000] {processor.py:208} INFO - Processing /opt/airflow/dags/spark_airflow.py took 0.093 seconds
[2024-11-04T23:17:03.082+0000] {processor.py:186} INFO - Started process (PID=78931) to work on /opt/airflow/dags/spark_airflow.py
[2024-11-04T23:17:03.082+0000] {processor.py:914} INFO - Processing file /opt/airflow/dags/spark_airflow.py for tasks to queue
[2024-11-04T23:17:03.084+0000] {logging_mixin.py:190} INFO - [2024-11-04T23:17:03.083+0000] {dagbag.py:588} INFO - Filling up the DagBag from /opt/airflow/dags/spark_airflow.py
[2024-11-04T23:17:03.102+0000] {processor.py:925} INFO - DAG(s) 'sparking_flow' retrieved from /opt/airflow/dags/spark_airflow.py
[2024-11-04T23:17:03.127+0000] {logging_mixin.py:190} INFO - [2024-11-04T23:17:03.127+0000] {dag.py:3239} INFO - Sync 1 DAGs
[2024-11-04T23:17:03.150+0000] {logging_mixin.py:190} INFO - [2024-11-04T23:17:03.150+0000] {dag.py:4180} INFO - Setting next_dagrun for sparking_flow to 2024-11-04 00:00:00+00:00, run_after=2024-11-05 00:00:00+00:00
[2024-11-04T23:17:03.167+0000] {processor.py:208} INFO - Processing /opt/airflow/dags/spark_airflow.py took 0.090 seconds
[2024-11-04T23:17:33.314+0000] {processor.py:186} INFO - Started process (PID=78936) to work on /opt/airflow/dags/spark_airflow.py
[2024-11-04T23:17:33.315+0000] {processor.py:914} INFO - Processing file /opt/airflow/dags/spark_airflow.py for tasks to queue
[2024-11-04T23:17:33.316+0000] {logging_mixin.py:190} INFO - [2024-11-04T23:17:33.316+0000] {dagbag.py:588} INFO - Filling up the DagBag from /opt/airflow/dags/spark_airflow.py
[2024-11-04T23:17:33.333+0000] {processor.py:925} INFO - DAG(s) 'sparking_flow' retrieved from /opt/airflow/dags/spark_airflow.py
[2024-11-04T23:17:33.357+0000] {logging_mixin.py:190} INFO - [2024-11-04T23:17:33.356+0000] {dag.py:3239} INFO - Sync 1 DAGs
[2024-11-04T23:17:33.378+0000] {logging_mixin.py:190} INFO - [2024-11-04T23:17:33.378+0000] {dag.py:4180} INFO - Setting next_dagrun for sparking_flow to 2024-11-04 00:00:00+00:00, run_after=2024-11-05 00:00:00+00:00
[2024-11-04T23:17:33.395+0000] {processor.py:208} INFO - Processing /opt/airflow/dags/spark_airflow.py took 0.085 seconds
[2024-11-04T23:18:03.488+0000] {processor.py:186} INFO - Started process (PID=78941) to work on /opt/airflow/dags/spark_airflow.py
[2024-11-04T23:18:03.488+0000] {processor.py:914} INFO - Processing file /opt/airflow/dags/spark_airflow.py for tasks to queue
[2024-11-04T23:18:03.490+0000] {logging_mixin.py:190} INFO - [2024-11-04T23:18:03.489+0000] {dagbag.py:588} INFO - Filling up the DagBag from /opt/airflow/dags/spark_airflow.py
[2024-11-04T23:18:03.507+0000] {processor.py:925} INFO - DAG(s) 'sparking_flow' retrieved from /opt/airflow/dags/spark_airflow.py
[2024-11-04T23:18:03.531+0000] {logging_mixin.py:190} INFO - [2024-11-04T23:18:03.530+0000] {dag.py:3239} INFO - Sync 1 DAGs
[2024-11-04T23:18:03.551+0000] {logging_mixin.py:190} INFO - [2024-11-04T23:18:03.551+0000] {dag.py:4180} INFO - Setting next_dagrun for sparking_flow to 2024-11-04 00:00:00+00:00, run_after=2024-11-05 00:00:00+00:00
[2024-11-04T23:18:03.568+0000] {processor.py:208} INFO - Processing /opt/airflow/dags/spark_airflow.py took 0.085 seconds
[2024-11-04T23:18:33.717+0000] {processor.py:186} INFO - Started process (PID=78946) to work on /opt/airflow/dags/spark_airflow.py
[2024-11-04T23:18:33.718+0000] {processor.py:914} INFO - Processing file /opt/airflow/dags/spark_airflow.py for tasks to queue
[2024-11-04T23:18:33.719+0000] {logging_mixin.py:190} INFO - [2024-11-04T23:18:33.719+0000] {dagbag.py:588} INFO - Filling up the DagBag from /opt/airflow/dags/spark_airflow.py
[2024-11-04T23:18:33.736+0000] {processor.py:925} INFO - DAG(s) 'sparking_flow' retrieved from /opt/airflow/dags/spark_airflow.py
[2024-11-04T23:18:33.761+0000] {logging_mixin.py:190} INFO - [2024-11-04T23:18:33.761+0000] {dag.py:3239} INFO - Sync 1 DAGs
[2024-11-04T23:18:33.785+0000] {logging_mixin.py:190} INFO - [2024-11-04T23:18:33.785+0000] {dag.py:4180} INFO - Setting next_dagrun for sparking_flow to 2024-11-04 00:00:00+00:00, run_after=2024-11-05 00:00:00+00:00
[2024-11-04T23:18:33.806+0000] {processor.py:208} INFO - Processing /opt/airflow/dags/spark_airflow.py took 0.093 seconds
[2024-11-04T23:19:03.892+0000] {processor.py:186} INFO - Started process (PID=78951) to work on /opt/airflow/dags/spark_airflow.py
[2024-11-04T23:19:03.893+0000] {processor.py:914} INFO - Processing file /opt/airflow/dags/spark_airflow.py for tasks to queue
[2024-11-04T23:19:03.894+0000] {logging_mixin.py:190} INFO - [2024-11-04T23:19:03.894+0000] {dagbag.py:588} INFO - Filling up the DagBag from /opt/airflow/dags/spark_airflow.py
[2024-11-04T23:19:03.913+0000] {processor.py:925} INFO - DAG(s) 'sparking_flow' retrieved from /opt/airflow/dags/spark_airflow.py
[2024-11-04T23:19:03.939+0000] {logging_mixin.py:190} INFO - [2024-11-04T23:19:03.939+0000] {dag.py:3239} INFO - Sync 1 DAGs
[2024-11-04T23:19:03.959+0000] {logging_mixin.py:190} INFO - [2024-11-04T23:19:03.959+0000] {dag.py:4180} INFO - Setting next_dagrun for sparking_flow to 2024-11-04 00:00:00+00:00, run_after=2024-11-05 00:00:00+00:00
[2024-11-04T23:19:03.978+0000] {processor.py:208} INFO - Processing /opt/airflow/dags/spark_airflow.py took 0.090 seconds
[2024-11-04T23:19:34.126+0000] {processor.py:186} INFO - Started process (PID=78956) to work on /opt/airflow/dags/spark_airflow.py
[2024-11-04T23:19:34.126+0000] {processor.py:914} INFO - Processing file /opt/airflow/dags/spark_airflow.py for tasks to queue
[2024-11-04T23:19:34.127+0000] {logging_mixin.py:190} INFO - [2024-11-04T23:19:34.127+0000] {dagbag.py:588} INFO - Filling up the DagBag from /opt/airflow/dags/spark_airflow.py
[2024-11-04T23:19:34.146+0000] {processor.py:925} INFO - DAG(s) 'sparking_flow' retrieved from /opt/airflow/dags/spark_airflow.py
[2024-11-04T23:19:34.171+0000] {logging_mixin.py:190} INFO - [2024-11-04T23:19:34.171+0000] {dag.py:3239} INFO - Sync 1 DAGs
[2024-11-04T23:19:34.194+0000] {logging_mixin.py:190} INFO - [2024-11-04T23:19:34.194+0000] {dag.py:4180} INFO - Setting next_dagrun for sparking_flow to 2024-11-04 00:00:00+00:00, run_after=2024-11-05 00:00:00+00:00
[2024-11-04T23:19:34.210+0000] {processor.py:208} INFO - Processing /opt/airflow/dags/spark_airflow.py took 0.089 seconds
[2024-11-04T23:20:04.298+0000] {processor.py:186} INFO - Started process (PID=78961) to work on /opt/airflow/dags/spark_airflow.py
[2024-11-04T23:20:04.299+0000] {processor.py:914} INFO - Processing file /opt/airflow/dags/spark_airflow.py for tasks to queue
[2024-11-04T23:20:04.300+0000] {logging_mixin.py:190} INFO - [2024-11-04T23:20:04.300+0000] {dagbag.py:588} INFO - Filling up the DagBag from /opt/airflow/dags/spark_airflow.py
[2024-11-04T23:20:04.318+0000] {processor.py:925} INFO - DAG(s) 'sparking_flow' retrieved from /opt/airflow/dags/spark_airflow.py
[2024-11-04T23:20:04.344+0000] {logging_mixin.py:190} INFO - [2024-11-04T23:20:04.344+0000] {dag.py:3239} INFO - Sync 1 DAGs
[2024-11-04T23:20:04.367+0000] {logging_mixin.py:190} INFO - [2024-11-04T23:20:04.367+0000] {dag.py:4180} INFO - Setting next_dagrun for sparking_flow to 2024-11-04 00:00:00+00:00, run_after=2024-11-05 00:00:00+00:00
[2024-11-04T23:20:04.385+0000] {processor.py:208} INFO - Processing /opt/airflow/dags/spark_airflow.py took 0.092 seconds
[2024-11-04T23:20:34.566+0000] {processor.py:186} INFO - Started process (PID=78966) to work on /opt/airflow/dags/spark_airflow.py
[2024-11-04T23:20:34.566+0000] {processor.py:914} INFO - Processing file /opt/airflow/dags/spark_airflow.py for tasks to queue
[2024-11-04T23:20:34.567+0000] {logging_mixin.py:190} INFO - [2024-11-04T23:20:34.567+0000] {dagbag.py:588} INFO - Filling up the DagBag from /opt/airflow/dags/spark_airflow.py
[2024-11-04T23:20:34.584+0000] {processor.py:925} INFO - DAG(s) 'sparking_flow' retrieved from /opt/airflow/dags/spark_airflow.py
[2024-11-04T23:20:34.610+0000] {logging_mixin.py:190} INFO - [2024-11-04T23:20:34.610+0000] {dag.py:3239} INFO - Sync 1 DAGs
[2024-11-04T23:20:34.633+0000] {logging_mixin.py:190} INFO - [2024-11-04T23:20:34.632+0000] {dag.py:4180} INFO - Setting next_dagrun for sparking_flow to 2024-11-04 00:00:00+00:00, run_after=2024-11-05 00:00:00+00:00
[2024-11-04T23:20:34.650+0000] {processor.py:208} INFO - Processing /opt/airflow/dags/spark_airflow.py took 0.089 seconds
[2024-11-04T23:21:04.740+0000] {processor.py:186} INFO - Started process (PID=78971) to work on /opt/airflow/dags/spark_airflow.py
[2024-11-04T23:21:04.741+0000] {processor.py:914} INFO - Processing file /opt/airflow/dags/spark_airflow.py for tasks to queue
[2024-11-04T23:21:04.742+0000] {logging_mixin.py:190} INFO - [2024-11-04T23:21:04.742+0000] {dagbag.py:588} INFO - Filling up the DagBag from /opt/airflow/dags/spark_airflow.py
[2024-11-04T23:21:04.761+0000] {processor.py:925} INFO - DAG(s) 'sparking_flow' retrieved from /opt/airflow/dags/spark_airflow.py
[2024-11-04T23:21:04.788+0000] {logging_mixin.py:190} INFO - [2024-11-04T23:21:04.788+0000] {dag.py:3239} INFO - Sync 1 DAGs
[2024-11-04T23:21:04.811+0000] {logging_mixin.py:190} INFO - [2024-11-04T23:21:04.811+0000] {dag.py:4180} INFO - Setting next_dagrun for sparking_flow to 2024-11-04 00:00:00+00:00, run_after=2024-11-05 00:00:00+00:00
[2024-11-04T23:21:04.829+0000] {processor.py:208} INFO - Processing /opt/airflow/dags/spark_airflow.py took 0.093 seconds
[2024-11-04T23:21:34.971+0000] {processor.py:186} INFO - Started process (PID=78976) to work on /opt/airflow/dags/spark_airflow.py
[2024-11-04T23:21:34.972+0000] {processor.py:914} INFO - Processing file /opt/airflow/dags/spark_airflow.py for tasks to queue
[2024-11-04T23:21:34.973+0000] {logging_mixin.py:190} INFO - [2024-11-04T23:21:34.973+0000] {dagbag.py:588} INFO - Filling up the DagBag from /opt/airflow/dags/spark_airflow.py
[2024-11-04T23:21:34.991+0000] {processor.py:925} INFO - DAG(s) 'sparking_flow' retrieved from /opt/airflow/dags/spark_airflow.py
[2024-11-04T23:21:35.016+0000] {logging_mixin.py:190} INFO - [2024-11-04T23:21:35.016+0000] {dag.py:3239} INFO - Sync 1 DAGs
[2024-11-04T23:21:35.038+0000] {logging_mixin.py:190} INFO - [2024-11-04T23:21:35.038+0000] {dag.py:4180} INFO - Setting next_dagrun for sparking_flow to 2024-11-04 00:00:00+00:00, run_after=2024-11-05 00:00:00+00:00
[2024-11-04T23:21:35.054+0000] {processor.py:208} INFO - Processing /opt/airflow/dags/spark_airflow.py took 0.087 seconds
[2024-11-04T23:22:05.145+0000] {processor.py:186} INFO - Started process (PID=78981) to work on /opt/airflow/dags/spark_airflow.py
[2024-11-04T23:22:05.146+0000] {processor.py:914} INFO - Processing file /opt/airflow/dags/spark_airflow.py for tasks to queue
[2024-11-04T23:22:05.147+0000] {logging_mixin.py:190} INFO - [2024-11-04T23:22:05.147+0000] {dagbag.py:588} INFO - Filling up the DagBag from /opt/airflow/dags/spark_airflow.py
[2024-11-04T23:22:05.165+0000] {processor.py:925} INFO - DAG(s) 'sparking_flow' retrieved from /opt/airflow/dags/spark_airflow.py
[2024-11-04T23:22:05.190+0000] {logging_mixin.py:190} INFO - [2024-11-04T23:22:05.190+0000] {dag.py:3239} INFO - Sync 1 DAGs
[2024-11-04T23:22:05.211+0000] {logging_mixin.py:190} INFO - [2024-11-04T23:22:05.211+0000] {dag.py:4180} INFO - Setting next_dagrun for sparking_flow to 2024-11-04 00:00:00+00:00, run_after=2024-11-05 00:00:00+00:00
[2024-11-04T23:22:05.229+0000] {processor.py:208} INFO - Processing /opt/airflow/dags/spark_airflow.py took 0.089 seconds
