[2024-11-10T00:00:20.604+0000] {processor.py:186} INFO - Started process (PID=9912) to work on /opt/airflow/dags/spark_airflow.py
[2024-11-10T00:00:20.605+0000] {processor.py:914} INFO - Processing file /opt/airflow/dags/spark_airflow.py for tasks to queue
[2024-11-10T00:00:20.606+0000] {logging_mixin.py:190} INFO - [2024-11-10T00:00:20.606+0000] {dagbag.py:588} INFO - Filling up the DagBag from /opt/airflow/dags/spark_airflow.py
[2024-11-10T00:00:20.626+0000] {processor.py:925} INFO - DAG(s) 'sparking_flow' retrieved from /opt/airflow/dags/spark_airflow.py
[2024-11-10T00:00:20.722+0000] {logging_mixin.py:190} INFO - [2024-11-10T00:00:20.721+0000] {dag.py:3239} INFO - Sync 1 DAGs
[2024-11-10T00:00:20.741+0000] {logging_mixin.py:190} INFO - [2024-11-10T00:00:20.741+0000] {dag.py:4180} INFO - Setting next_dagrun for sparking_flow to 2024-11-10 00:00:00+00:00, run_after=2024-11-11 00:00:00+00:00
[2024-11-10T00:00:20.760+0000] {processor.py:208} INFO - Processing /opt/airflow/dags/spark_airflow.py took 0.160 seconds
[2024-11-10T00:00:50.975+0000] {processor.py:186} INFO - Started process (PID=9939) to work on /opt/airflow/dags/spark_airflow.py
[2024-11-10T00:00:50.976+0000] {processor.py:914} INFO - Processing file /opt/airflow/dags/spark_airflow.py for tasks to queue
[2024-11-10T00:00:50.977+0000] {logging_mixin.py:190} INFO - [2024-11-10T00:00:50.976+0000] {dagbag.py:588} INFO - Filling up the DagBag from /opt/airflow/dags/spark_airflow.py
[2024-11-10T00:00:50.996+0000] {processor.py:925} INFO - DAG(s) 'sparking_flow' retrieved from /opt/airflow/dags/spark_airflow.py
[2024-11-10T00:00:51.020+0000] {logging_mixin.py:190} INFO - [2024-11-10T00:00:51.020+0000] {dag.py:3239} INFO - Sync 1 DAGs
[2024-11-10T00:00:51.042+0000] {logging_mixin.py:190} INFO - [2024-11-10T00:00:51.042+0000] {dag.py:4180} INFO - Setting next_dagrun for sparking_flow to 2024-11-10 00:00:00+00:00, run_after=2024-11-11 00:00:00+00:00
[2024-11-10T00:00:51.062+0000] {processor.py:208} INFO - Processing /opt/airflow/dags/spark_airflow.py took 0.091 seconds
[2024-11-10T00:01:21.292+0000] {processor.py:186} INFO - Started process (PID=9955) to work on /opt/airflow/dags/spark_airflow.py
[2024-11-10T00:01:21.293+0000] {processor.py:914} INFO - Processing file /opt/airflow/dags/spark_airflow.py for tasks to queue
[2024-11-10T00:01:21.294+0000] {logging_mixin.py:190} INFO - [2024-11-10T00:01:21.294+0000] {dagbag.py:588} INFO - Filling up the DagBag from /opt/airflow/dags/spark_airflow.py
[2024-11-10T00:01:21.313+0000] {processor.py:925} INFO - DAG(s) 'sparking_flow' retrieved from /opt/airflow/dags/spark_airflow.py
[2024-11-10T00:01:21.337+0000] {logging_mixin.py:190} INFO - [2024-11-10T00:01:21.337+0000] {dag.py:3239} INFO - Sync 1 DAGs
[2024-11-10T00:01:21.357+0000] {logging_mixin.py:190} INFO - [2024-11-10T00:01:21.357+0000] {dag.py:4180} INFO - Setting next_dagrun for sparking_flow to 2024-11-10 00:00:00+00:00, run_after=2024-11-11 00:00:00+00:00
[2024-11-10T00:01:21.391+0000] {processor.py:208} INFO - Processing /opt/airflow/dags/spark_airflow.py took 0.103 seconds
[2024-11-10T00:01:51.614+0000] {processor.py:186} INFO - Started process (PID=9966) to work on /opt/airflow/dags/spark_airflow.py
[2024-11-10T00:01:51.615+0000] {processor.py:914} INFO - Processing file /opt/airflow/dags/spark_airflow.py for tasks to queue
[2024-11-10T00:01:51.616+0000] {logging_mixin.py:190} INFO - [2024-11-10T00:01:51.616+0000] {dagbag.py:588} INFO - Filling up the DagBag from /opt/airflow/dags/spark_airflow.py
[2024-11-10T00:01:51.635+0000] {processor.py:925} INFO - DAG(s) 'sparking_flow' retrieved from /opt/airflow/dags/spark_airflow.py
[2024-11-10T00:01:51.659+0000] {logging_mixin.py:190} INFO - [2024-11-10T00:01:51.659+0000] {dag.py:3239} INFO - Sync 1 DAGs
[2024-11-10T00:01:51.681+0000] {logging_mixin.py:190} INFO - [2024-11-10T00:01:51.681+0000] {dag.py:4180} INFO - Setting next_dagrun for sparking_flow to 2024-11-10 00:00:00+00:00, run_after=2024-11-11 00:00:00+00:00
[2024-11-10T00:01:51.699+0000] {processor.py:208} INFO - Processing /opt/airflow/dags/spark_airflow.py took 0.089 seconds
[2024-11-10T00:02:21.924+0000] {processor.py:186} INFO - Started process (PID=9982) to work on /opt/airflow/dags/spark_airflow.py
[2024-11-10T00:02:21.925+0000] {processor.py:914} INFO - Processing file /opt/airflow/dags/spark_airflow.py for tasks to queue
[2024-11-10T00:02:21.926+0000] {logging_mixin.py:190} INFO - [2024-11-10T00:02:21.926+0000] {dagbag.py:588} INFO - Filling up the DagBag from /opt/airflow/dags/spark_airflow.py
[2024-11-10T00:02:21.945+0000] {processor.py:925} INFO - DAG(s) 'sparking_flow' retrieved from /opt/airflow/dags/spark_airflow.py
[2024-11-10T00:02:21.970+0000] {logging_mixin.py:190} INFO - [2024-11-10T00:02:21.970+0000] {dag.py:3239} INFO - Sync 1 DAGs
[2024-11-10T00:02:21.991+0000] {logging_mixin.py:190} INFO - [2024-11-10T00:02:21.991+0000] {dag.py:4180} INFO - Setting next_dagrun for sparking_flow to 2024-11-10 00:00:00+00:00, run_after=2024-11-11 00:00:00+00:00
[2024-11-10T00:02:22.008+0000] {processor.py:208} INFO - Processing /opt/airflow/dags/spark_airflow.py took 0.087 seconds
[2024-11-10T00:02:52.229+0000] {processor.py:186} INFO - Started process (PID=9998) to work on /opt/airflow/dags/spark_airflow.py
[2024-11-10T00:02:52.230+0000] {processor.py:914} INFO - Processing file /opt/airflow/dags/spark_airflow.py for tasks to queue
[2024-11-10T00:02:52.231+0000] {logging_mixin.py:190} INFO - [2024-11-10T00:02:52.231+0000] {dagbag.py:588} INFO - Filling up the DagBag from /opt/airflow/dags/spark_airflow.py
[2024-11-10T00:02:52.251+0000] {processor.py:925} INFO - DAG(s) 'sparking_flow' retrieved from /opt/airflow/dags/spark_airflow.py
[2024-11-10T00:02:52.275+0000] {logging_mixin.py:190} INFO - [2024-11-10T00:02:52.275+0000] {dag.py:3239} INFO - Sync 1 DAGs
[2024-11-10T00:02:52.298+0000] {logging_mixin.py:190} INFO - [2024-11-10T00:02:52.298+0000] {dag.py:4180} INFO - Setting next_dagrun for sparking_flow to 2024-11-10 00:00:00+00:00, run_after=2024-11-11 00:00:00+00:00
[2024-11-10T00:02:52.314+0000] {processor.py:208} INFO - Processing /opt/airflow/dags/spark_airflow.py took 0.088 seconds
[2024-11-10T00:03:22.538+0000] {processor.py:186} INFO - Started process (PID=10015) to work on /opt/airflow/dags/spark_airflow.py
[2024-11-10T00:03:22.539+0000] {processor.py:914} INFO - Processing file /opt/airflow/dags/spark_airflow.py for tasks to queue
[2024-11-10T00:03:22.540+0000] {logging_mixin.py:190} INFO - [2024-11-10T00:03:22.540+0000] {dagbag.py:588} INFO - Filling up the DagBag from /opt/airflow/dags/spark_airflow.py
[2024-11-10T00:03:22.560+0000] {processor.py:925} INFO - DAG(s) 'sparking_flow' retrieved from /opt/airflow/dags/spark_airflow.py
[2024-11-10T00:03:22.582+0000] {logging_mixin.py:190} INFO - [2024-11-10T00:03:22.582+0000] {dag.py:3239} INFO - Sync 1 DAGs
[2024-11-10T00:03:22.602+0000] {logging_mixin.py:190} INFO - [2024-11-10T00:03:22.602+0000] {dag.py:4180} INFO - Setting next_dagrun for sparking_flow to 2024-11-10 00:00:00+00:00, run_after=2024-11-11 00:00:00+00:00
[2024-11-10T00:03:22.633+0000] {processor.py:208} INFO - Processing /opt/airflow/dags/spark_airflow.py took 0.100 seconds
[2024-11-10T00:03:52.855+0000] {processor.py:186} INFO - Started process (PID=10029) to work on /opt/airflow/dags/spark_airflow.py
[2024-11-10T00:03:52.855+0000] {processor.py:914} INFO - Processing file /opt/airflow/dags/spark_airflow.py for tasks to queue
[2024-11-10T00:03:52.857+0000] {logging_mixin.py:190} INFO - [2024-11-10T00:03:52.857+0000] {dagbag.py:588} INFO - Filling up the DagBag from /opt/airflow/dags/spark_airflow.py
[2024-11-10T00:03:52.876+0000] {processor.py:925} INFO - DAG(s) 'sparking_flow' retrieved from /opt/airflow/dags/spark_airflow.py
[2024-11-10T00:03:52.898+0000] {logging_mixin.py:190} INFO - [2024-11-10T00:03:52.898+0000] {dag.py:3239} INFO - Sync 1 DAGs
[2024-11-10T00:03:52.918+0000] {logging_mixin.py:190} INFO - [2024-11-10T00:03:52.918+0000] {dag.py:4180} INFO - Setting next_dagrun for sparking_flow to 2024-11-10 00:00:00+00:00, run_after=2024-11-11 00:00:00+00:00
[2024-11-10T00:03:52.935+0000] {processor.py:208} INFO - Processing /opt/airflow/dags/spark_airflow.py took 0.085 seconds
[2024-11-10T00:04:23.155+0000] {processor.py:186} INFO - Started process (PID=10039) to work on /opt/airflow/dags/spark_airflow.py
[2024-11-10T00:04:23.156+0000] {processor.py:914} INFO - Processing file /opt/airflow/dags/spark_airflow.py for tasks to queue
[2024-11-10T00:04:23.157+0000] {logging_mixin.py:190} INFO - [2024-11-10T00:04:23.157+0000] {dagbag.py:588} INFO - Filling up the DagBag from /opt/airflow/dags/spark_airflow.py
[2024-11-10T00:04:23.175+0000] {processor.py:925} INFO - DAG(s) 'sparking_flow' retrieved from /opt/airflow/dags/spark_airflow.py
[2024-11-10T00:04:23.197+0000] {logging_mixin.py:190} INFO - [2024-11-10T00:04:23.197+0000] {dag.py:3239} INFO - Sync 1 DAGs
[2024-11-10T00:04:23.217+0000] {logging_mixin.py:190} INFO - [2024-11-10T00:04:23.217+0000] {dag.py:4180} INFO - Setting next_dagrun for sparking_flow to 2024-11-10 00:00:00+00:00, run_after=2024-11-11 00:00:00+00:00
[2024-11-10T00:04:23.236+0000] {processor.py:208} INFO - Processing /opt/airflow/dags/spark_airflow.py took 0.085 seconds
[2024-11-10T00:04:53.461+0000] {processor.py:186} INFO - Started process (PID=10061) to work on /opt/airflow/dags/spark_airflow.py
[2024-11-10T00:04:53.461+0000] {processor.py:914} INFO - Processing file /opt/airflow/dags/spark_airflow.py for tasks to queue
[2024-11-10T00:04:53.463+0000] {logging_mixin.py:190} INFO - [2024-11-10T00:04:53.462+0000] {dagbag.py:588} INFO - Filling up the DagBag from /opt/airflow/dags/spark_airflow.py
[2024-11-10T00:04:53.483+0000] {processor.py:925} INFO - DAG(s) 'sparking_flow' retrieved from /opt/airflow/dags/spark_airflow.py
[2024-11-10T00:04:53.509+0000] {logging_mixin.py:190} INFO - [2024-11-10T00:04:53.509+0000] {dag.py:3239} INFO - Sync 1 DAGs
[2024-11-10T00:04:53.534+0000] {logging_mixin.py:190} INFO - [2024-11-10T00:04:53.533+0000] {dag.py:4180} INFO - Setting next_dagrun for sparking_flow to 2024-11-10 00:00:00+00:00, run_after=2024-11-11 00:00:00+00:00
[2024-11-10T00:04:53.553+0000] {processor.py:208} INFO - Processing /opt/airflow/dags/spark_airflow.py took 0.097 seconds
[2024-11-10T00:05:23.778+0000] {processor.py:186} INFO - Started process (PID=10072) to work on /opt/airflow/dags/spark_airflow.py
[2024-11-10T00:05:23.778+0000] {processor.py:914} INFO - Processing file /opt/airflow/dags/spark_airflow.py for tasks to queue
[2024-11-10T00:05:23.779+0000] {logging_mixin.py:190} INFO - [2024-11-10T00:05:23.779+0000] {dagbag.py:588} INFO - Filling up the DagBag from /opt/airflow/dags/spark_airflow.py
[2024-11-10T00:05:23.801+0000] {processor.py:925} INFO - DAG(s) 'sparking_flow' retrieved from /opt/airflow/dags/spark_airflow.py
[2024-11-10T00:05:23.825+0000] {logging_mixin.py:190} INFO - [2024-11-10T00:05:23.825+0000] {dag.py:3239} INFO - Sync 1 DAGs
[2024-11-10T00:05:23.847+0000] {logging_mixin.py:190} INFO - [2024-11-10T00:05:23.847+0000] {dag.py:4180} INFO - Setting next_dagrun for sparking_flow to 2024-11-10 00:00:00+00:00, run_after=2024-11-11 00:00:00+00:00
[2024-11-10T00:05:23.864+0000] {processor.py:208} INFO - Processing /opt/airflow/dags/spark_airflow.py took 0.091 seconds
[2024-11-10T00:05:54.088+0000] {processor.py:186} INFO - Started process (PID=10084) to work on /opt/airflow/dags/spark_airflow.py
[2024-11-10T00:05:54.089+0000] {processor.py:914} INFO - Processing file /opt/airflow/dags/spark_airflow.py for tasks to queue
[2024-11-10T00:05:54.090+0000] {logging_mixin.py:190} INFO - [2024-11-10T00:05:54.090+0000] {dagbag.py:588} INFO - Filling up the DagBag from /opt/airflow/dags/spark_airflow.py
[2024-11-10T00:05:54.108+0000] {processor.py:925} INFO - DAG(s) 'sparking_flow' retrieved from /opt/airflow/dags/spark_airflow.py
[2024-11-10T00:05:54.134+0000] {logging_mixin.py:190} INFO - [2024-11-10T00:05:54.134+0000] {dag.py:3239} INFO - Sync 1 DAGs
[2024-11-10T00:05:54.158+0000] {logging_mixin.py:190} INFO - [2024-11-10T00:05:54.158+0000] {dag.py:4180} INFO - Setting next_dagrun for sparking_flow to 2024-11-10 00:00:00+00:00, run_after=2024-11-11 00:00:00+00:00
[2024-11-10T00:05:54.189+0000] {processor.py:208} INFO - Processing /opt/airflow/dags/spark_airflow.py took 0.107 seconds
[2024-11-10T00:06:24.413+0000] {processor.py:186} INFO - Started process (PID=10094) to work on /opt/airflow/dags/spark_airflow.py
[2024-11-10T00:06:24.414+0000] {processor.py:914} INFO - Processing file /opt/airflow/dags/spark_airflow.py for tasks to queue
[2024-11-10T00:06:24.415+0000] {logging_mixin.py:190} INFO - [2024-11-10T00:06:24.415+0000] {dagbag.py:588} INFO - Filling up the DagBag from /opt/airflow/dags/spark_airflow.py
[2024-11-10T00:06:24.436+0000] {processor.py:925} INFO - DAG(s) 'sparking_flow' retrieved from /opt/airflow/dags/spark_airflow.py
[2024-11-10T00:06:24.464+0000] {logging_mixin.py:190} INFO - [2024-11-10T00:06:24.464+0000] {dag.py:3239} INFO - Sync 1 DAGs
[2024-11-10T00:06:24.489+0000] {logging_mixin.py:190} INFO - [2024-11-10T00:06:24.489+0000] {dag.py:4180} INFO - Setting next_dagrun for sparking_flow to 2024-11-10 00:00:00+00:00, run_after=2024-11-11 00:00:00+00:00
[2024-11-10T00:06:24.507+0000] {processor.py:208} INFO - Processing /opt/airflow/dags/spark_airflow.py took 0.099 seconds
[2024-11-10T00:06:54.732+0000] {processor.py:186} INFO - Started process (PID=10108) to work on /opt/airflow/dags/spark_airflow.py
[2024-11-10T00:06:54.732+0000] {processor.py:914} INFO - Processing file /opt/airflow/dags/spark_airflow.py for tasks to queue
[2024-11-10T00:06:54.733+0000] {logging_mixin.py:190} INFO - [2024-11-10T00:06:54.733+0000] {dagbag.py:588} INFO - Filling up the DagBag from /opt/airflow/dags/spark_airflow.py
[2024-11-10T00:06:54.754+0000] {processor.py:925} INFO - DAG(s) 'sparking_flow' retrieved from /opt/airflow/dags/spark_airflow.py
[2024-11-10T00:06:54.786+0000] {logging_mixin.py:190} INFO - [2024-11-10T00:06:54.785+0000] {dag.py:3239} INFO - Sync 1 DAGs
[2024-11-10T00:06:54.810+0000] {logging_mixin.py:190} INFO - [2024-11-10T00:06:54.810+0000] {dag.py:4180} INFO - Setting next_dagrun for sparking_flow to 2024-11-10 00:00:00+00:00, run_after=2024-11-11 00:00:00+00:00
[2024-11-10T00:06:54.828+0000] {processor.py:208} INFO - Processing /opt/airflow/dags/spark_airflow.py took 0.101 seconds
[2024-11-10T00:07:25.050+0000] {processor.py:186} INFO - Started process (PID=10121) to work on /opt/airflow/dags/spark_airflow.py
[2024-11-10T00:07:25.051+0000] {processor.py:914} INFO - Processing file /opt/airflow/dags/spark_airflow.py for tasks to queue
[2024-11-10T00:07:25.052+0000] {logging_mixin.py:190} INFO - [2024-11-10T00:07:25.052+0000] {dagbag.py:588} INFO - Filling up the DagBag from /opt/airflow/dags/spark_airflow.py
[2024-11-10T00:07:25.074+0000] {processor.py:925} INFO - DAG(s) 'sparking_flow' retrieved from /opt/airflow/dags/spark_airflow.py
[2024-11-10T00:07:25.099+0000] {logging_mixin.py:190} INFO - [2024-11-10T00:07:25.099+0000] {dag.py:3239} INFO - Sync 1 DAGs
[2024-11-10T00:07:25.121+0000] {logging_mixin.py:190} INFO - [2024-11-10T00:07:25.121+0000] {dag.py:4180} INFO - Setting next_dagrun for sparking_flow to 2024-11-10 00:00:00+00:00, run_after=2024-11-11 00:00:00+00:00
[2024-11-10T00:07:25.139+0000] {processor.py:208} INFO - Processing /opt/airflow/dags/spark_airflow.py took 0.096 seconds
[2024-11-10T00:07:55.366+0000] {processor.py:186} INFO - Started process (PID=10131) to work on /opt/airflow/dags/spark_airflow.py
[2024-11-10T00:07:55.367+0000] {processor.py:914} INFO - Processing file /opt/airflow/dags/spark_airflow.py for tasks to queue
[2024-11-10T00:07:55.368+0000] {logging_mixin.py:190} INFO - [2024-11-10T00:07:55.368+0000] {dagbag.py:588} INFO - Filling up the DagBag from /opt/airflow/dags/spark_airflow.py
[2024-11-10T00:07:55.388+0000] {processor.py:925} INFO - DAG(s) 'sparking_flow' retrieved from /opt/airflow/dags/spark_airflow.py
[2024-11-10T00:07:55.416+0000] {logging_mixin.py:190} INFO - [2024-11-10T00:07:55.416+0000] {dag.py:3239} INFO - Sync 1 DAGs
[2024-11-10T00:07:55.440+0000] {logging_mixin.py:190} INFO - [2024-11-10T00:07:55.440+0000] {dag.py:4180} INFO - Setting next_dagrun for sparking_flow to 2024-11-10 00:00:00+00:00, run_after=2024-11-11 00:00:00+00:00
[2024-11-10T00:07:55.457+0000] {processor.py:208} INFO - Processing /opt/airflow/dags/spark_airflow.py took 0.097 seconds
[2024-11-10T00:08:25.684+0000] {processor.py:186} INFO - Started process (PID=10141) to work on /opt/airflow/dags/spark_airflow.py
[2024-11-10T00:08:25.684+0000] {processor.py:914} INFO - Processing file /opt/airflow/dags/spark_airflow.py for tasks to queue
[2024-11-10T00:08:25.685+0000] {logging_mixin.py:190} INFO - [2024-11-10T00:08:25.685+0000] {dagbag.py:588} INFO - Filling up the DagBag from /opt/airflow/dags/spark_airflow.py
[2024-11-10T00:08:25.706+0000] {processor.py:925} INFO - DAG(s) 'sparking_flow' retrieved from /opt/airflow/dags/spark_airflow.py
[2024-11-10T00:08:25.750+0000] {logging_mixin.py:190} INFO - [2024-11-10T00:08:25.749+0000] {dag.py:3239} INFO - Sync 1 DAGs
[2024-11-10T00:08:25.774+0000] {logging_mixin.py:190} INFO - [2024-11-10T00:08:25.774+0000] {dag.py:4180} INFO - Setting next_dagrun for sparking_flow to 2024-11-10 00:00:00+00:00, run_after=2024-11-11 00:00:00+00:00
[2024-11-10T00:08:25.792+0000] {processor.py:208} INFO - Processing /opt/airflow/dags/spark_airflow.py took 0.113 seconds
[2024-11-10T00:08:56.007+0000] {processor.py:186} INFO - Started process (PID=10151) to work on /opt/airflow/dags/spark_airflow.py
[2024-11-10T00:08:56.008+0000] {processor.py:914} INFO - Processing file /opt/airflow/dags/spark_airflow.py for tasks to queue
[2024-11-10T00:08:56.009+0000] {logging_mixin.py:190} INFO - [2024-11-10T00:08:56.009+0000] {dagbag.py:588} INFO - Filling up the DagBag from /opt/airflow/dags/spark_airflow.py
[2024-11-10T00:08:56.028+0000] {processor.py:925} INFO - DAG(s) 'sparking_flow' retrieved from /opt/airflow/dags/spark_airflow.py
[2024-11-10T00:08:56.054+0000] {logging_mixin.py:190} INFO - [2024-11-10T00:08:56.054+0000] {dag.py:3239} INFO - Sync 1 DAGs
[2024-11-10T00:08:56.076+0000] {logging_mixin.py:190} INFO - [2024-11-10T00:08:56.076+0000] {dag.py:4180} INFO - Setting next_dagrun for sparking_flow to 2024-11-10 00:00:00+00:00, run_after=2024-11-11 00:00:00+00:00
[2024-11-10T00:08:56.093+0000] {processor.py:208} INFO - Processing /opt/airflow/dags/spark_airflow.py took 0.090 seconds
[2024-11-10T00:09:26.323+0000] {processor.py:186} INFO - Started process (PID=10161) to work on /opt/airflow/dags/spark_airflow.py
[2024-11-10T00:09:26.324+0000] {processor.py:914} INFO - Processing file /opt/airflow/dags/spark_airflow.py for tasks to queue
[2024-11-10T00:09:26.325+0000] {logging_mixin.py:190} INFO - [2024-11-10T00:09:26.325+0000] {dagbag.py:588} INFO - Filling up the DagBag from /opt/airflow/dags/spark_airflow.py
[2024-11-10T00:09:26.345+0000] {processor.py:925} INFO - DAG(s) 'sparking_flow' retrieved from /opt/airflow/dags/spark_airflow.py
[2024-11-10T00:09:26.370+0000] {logging_mixin.py:190} INFO - [2024-11-10T00:09:26.370+0000] {dag.py:3239} INFO - Sync 1 DAGs
[2024-11-10T00:09:26.394+0000] {logging_mixin.py:190} INFO - [2024-11-10T00:09:26.394+0000] {dag.py:4180} INFO - Setting next_dagrun for sparking_flow to 2024-11-10 00:00:00+00:00, run_after=2024-11-11 00:00:00+00:00
[2024-11-10T00:09:26.414+0000] {processor.py:208} INFO - Processing /opt/airflow/dags/spark_airflow.py took 0.095 seconds
[2024-11-10T00:09:56.660+0000] {processor.py:186} INFO - Started process (PID=10179) to work on /opt/airflow/dags/spark_airflow.py
[2024-11-10T00:09:56.661+0000] {processor.py:914} INFO - Processing file /opt/airflow/dags/spark_airflow.py for tasks to queue
[2024-11-10T00:09:56.662+0000] {logging_mixin.py:190} INFO - [2024-11-10T00:09:56.662+0000] {dagbag.py:588} INFO - Filling up the DagBag from /opt/airflow/dags/spark_airflow.py
[2024-11-10T00:09:56.688+0000] {processor.py:925} INFO - DAG(s) 'sparking_flow' retrieved from /opt/airflow/dags/spark_airflow.py
[2024-11-10T00:09:56.715+0000] {logging_mixin.py:190} INFO - [2024-11-10T00:09:56.715+0000] {dag.py:3239} INFO - Sync 1 DAGs
[2024-11-10T00:09:56.739+0000] {logging_mixin.py:190} INFO - [2024-11-10T00:09:56.739+0000] {dag.py:4180} INFO - Setting next_dagrun for sparking_flow to 2024-11-10 00:00:00+00:00, run_after=2024-11-11 00:00:00+00:00
[2024-11-10T00:09:56.759+0000] {processor.py:208} INFO - Processing /opt/airflow/dags/spark_airflow.py took 0.104 seconds
[2024-11-10T00:10:26.993+0000] {processor.py:186} INFO - Started process (PID=10189) to work on /opt/airflow/dags/spark_airflow.py
[2024-11-10T00:10:26.994+0000] {processor.py:914} INFO - Processing file /opt/airflow/dags/spark_airflow.py for tasks to queue
[2024-11-10T00:10:26.995+0000] {logging_mixin.py:190} INFO - [2024-11-10T00:10:26.995+0000] {dagbag.py:588} INFO - Filling up the DagBag from /opt/airflow/dags/spark_airflow.py
[2024-11-10T00:10:27.018+0000] {processor.py:925} INFO - DAG(s) 'sparking_flow' retrieved from /opt/airflow/dags/spark_airflow.py
[2024-11-10T00:10:27.048+0000] {logging_mixin.py:190} INFO - [2024-11-10T00:10:27.047+0000] {dag.py:3239} INFO - Sync 1 DAGs
[2024-11-10T00:10:27.069+0000] {logging_mixin.py:190} INFO - [2024-11-10T00:10:27.069+0000] {dag.py:4180} INFO - Setting next_dagrun for sparking_flow to 2024-11-10 00:00:00+00:00, run_after=2024-11-11 00:00:00+00:00
[2024-11-10T00:10:27.086+0000] {processor.py:208} INFO - Processing /opt/airflow/dags/spark_airflow.py took 0.099 seconds
[2024-11-10T00:10:57.319+0000] {processor.py:186} INFO - Started process (PID=10199) to work on /opt/airflow/dags/spark_airflow.py
[2024-11-10T00:10:57.322+0000] {processor.py:914} INFO - Processing file /opt/airflow/dags/spark_airflow.py for tasks to queue
[2024-11-10T00:10:57.324+0000] {logging_mixin.py:190} INFO - [2024-11-10T00:10:57.323+0000] {dagbag.py:588} INFO - Filling up the DagBag from /opt/airflow/dags/spark_airflow.py
[2024-11-10T00:10:57.349+0000] {processor.py:925} INFO - DAG(s) 'sparking_flow' retrieved from /opt/airflow/dags/spark_airflow.py
[2024-11-10T00:10:57.373+0000] {logging_mixin.py:190} INFO - [2024-11-10T00:10:57.373+0000] {dag.py:3239} INFO - Sync 1 DAGs
[2024-11-10T00:10:57.396+0000] {logging_mixin.py:190} INFO - [2024-11-10T00:10:57.396+0000] {dag.py:4180} INFO - Setting next_dagrun for sparking_flow to 2024-11-10 00:00:00+00:00, run_after=2024-11-11 00:00:00+00:00
[2024-11-10T00:10:57.415+0000] {processor.py:208} INFO - Processing /opt/airflow/dags/spark_airflow.py took 0.100 seconds
[2024-11-10T00:11:27.649+0000] {processor.py:186} INFO - Started process (PID=10209) to work on /opt/airflow/dags/spark_airflow.py
[2024-11-10T00:11:27.656+0000] {processor.py:914} INFO - Processing file /opt/airflow/dags/spark_airflow.py for tasks to queue
[2024-11-10T00:11:27.658+0000] {logging_mixin.py:190} INFO - [2024-11-10T00:11:27.657+0000] {dagbag.py:588} INFO - Filling up the DagBag from /opt/airflow/dags/spark_airflow.py
[2024-11-10T00:11:27.684+0000] {processor.py:925} INFO - DAG(s) 'sparking_flow' retrieved from /opt/airflow/dags/spark_airflow.py
[2024-11-10T00:11:27.709+0000] {logging_mixin.py:190} INFO - [2024-11-10T00:11:27.709+0000] {dag.py:3239} INFO - Sync 1 DAGs
[2024-11-10T00:11:27.732+0000] {logging_mixin.py:190} INFO - [2024-11-10T00:11:27.732+0000] {dag.py:4180} INFO - Setting next_dagrun for sparking_flow to 2024-11-10 00:00:00+00:00, run_after=2024-11-11 00:00:00+00:00
[2024-11-10T00:11:27.752+0000] {processor.py:208} INFO - Processing /opt/airflow/dags/spark_airflow.py took 0.106 seconds
[2024-11-10T00:11:57.985+0000] {processor.py:186} INFO - Started process (PID=10219) to work on /opt/airflow/dags/spark_airflow.py
[2024-11-10T00:11:57.986+0000] {processor.py:914} INFO - Processing file /opt/airflow/dags/spark_airflow.py for tasks to queue
[2024-11-10T00:11:57.987+0000] {logging_mixin.py:190} INFO - [2024-11-10T00:11:57.987+0000] {dagbag.py:588} INFO - Filling up the DagBag from /opt/airflow/dags/spark_airflow.py
[2024-11-10T00:11:58.011+0000] {processor.py:925} INFO - DAG(s) 'sparking_flow' retrieved from /opt/airflow/dags/spark_airflow.py
[2024-11-10T00:11:58.038+0000] {logging_mixin.py:190} INFO - [2024-11-10T00:11:58.038+0000] {dag.py:3239} INFO - Sync 1 DAGs
[2024-11-10T00:11:58.061+0000] {logging_mixin.py:190} INFO - [2024-11-10T00:11:58.060+0000] {dag.py:4180} INFO - Setting next_dagrun for sparking_flow to 2024-11-10 00:00:00+00:00, run_after=2024-11-11 00:00:00+00:00
[2024-11-10T00:11:58.082+0000] {processor.py:208} INFO - Processing /opt/airflow/dags/spark_airflow.py took 0.102 seconds
[2024-11-10T00:12:28.316+0000] {processor.py:186} INFO - Started process (PID=10229) to work on /opt/airflow/dags/spark_airflow.py
[2024-11-10T00:12:28.317+0000] {processor.py:914} INFO - Processing file /opt/airflow/dags/spark_airflow.py for tasks to queue
[2024-11-10T00:12:28.319+0000] {logging_mixin.py:190} INFO - [2024-11-10T00:12:28.318+0000] {dagbag.py:588} INFO - Filling up the DagBag from /opt/airflow/dags/spark_airflow.py
[2024-11-10T00:12:28.341+0000] {processor.py:925} INFO - DAG(s) 'sparking_flow' retrieved from /opt/airflow/dags/spark_airflow.py
[2024-11-10T00:12:28.366+0000] {logging_mixin.py:190} INFO - [2024-11-10T00:12:28.366+0000] {dag.py:3239} INFO - Sync 1 DAGs
[2024-11-10T00:12:28.388+0000] {logging_mixin.py:190} INFO - [2024-11-10T00:12:28.388+0000] {dag.py:4180} INFO - Setting next_dagrun for sparking_flow to 2024-11-10 00:00:00+00:00, run_after=2024-11-11 00:00:00+00:00
[2024-11-10T00:12:28.406+0000] {processor.py:208} INFO - Processing /opt/airflow/dags/spark_airflow.py took 0.094 seconds
[2024-11-10T00:12:58.648+0000] {processor.py:186} INFO - Started process (PID=10239) to work on /opt/airflow/dags/spark_airflow.py
[2024-11-10T00:12:58.655+0000] {processor.py:914} INFO - Processing file /opt/airflow/dags/spark_airflow.py for tasks to queue
[2024-11-10T00:12:58.656+0000] {logging_mixin.py:190} INFO - [2024-11-10T00:12:58.656+0000] {dagbag.py:588} INFO - Filling up the DagBag from /opt/airflow/dags/spark_airflow.py
[2024-11-10T00:12:58.682+0000] {processor.py:925} INFO - DAG(s) 'sparking_flow' retrieved from /opt/airflow/dags/spark_airflow.py
[2024-11-10T00:12:58.707+0000] {logging_mixin.py:190} INFO - [2024-11-10T00:12:58.707+0000] {dag.py:3239} INFO - Sync 1 DAGs
[2024-11-10T00:12:58.731+0000] {logging_mixin.py:190} INFO - [2024-11-10T00:12:58.731+0000] {dag.py:4180} INFO - Setting next_dagrun for sparking_flow to 2024-11-10 00:00:00+00:00, run_after=2024-11-11 00:00:00+00:00
[2024-11-10T00:12:58.750+0000] {processor.py:208} INFO - Processing /opt/airflow/dags/spark_airflow.py took 0.107 seconds
[2024-11-10T00:13:28.971+0000] {processor.py:186} INFO - Started process (PID=10347) to work on /opt/airflow/dags/spark_airflow.py
[2024-11-10T00:13:28.972+0000] {processor.py:914} INFO - Processing file /opt/airflow/dags/spark_airflow.py for tasks to queue
[2024-11-10T00:13:28.973+0000] {logging_mixin.py:190} INFO - [2024-11-10T00:13:28.973+0000] {dagbag.py:588} INFO - Filling up the DagBag from /opt/airflow/dags/spark_airflow.py
[2024-11-10T00:13:28.990+0000] {processor.py:925} INFO - DAG(s) 'sparking_flow' retrieved from /opt/airflow/dags/spark_airflow.py
[2024-11-10T00:13:29.015+0000] {logging_mixin.py:190} INFO - [2024-11-10T00:13:29.015+0000] {dag.py:3239} INFO - Sync 1 DAGs
[2024-11-10T00:13:29.040+0000] {logging_mixin.py:190} INFO - [2024-11-10T00:13:29.040+0000] {dag.py:4180} INFO - Setting next_dagrun for sparking_flow to 2024-11-10 00:00:00+00:00, run_after=2024-11-11 00:00:00+00:00
[2024-11-10T00:13:29.059+0000] {processor.py:208} INFO - Processing /opt/airflow/dags/spark_airflow.py took 0.091 seconds
[2024-11-10T00:13:59.264+0000] {processor.py:186} INFO - Started process (PID=10357) to work on /opt/airflow/dags/spark_airflow.py
[2024-11-10T00:13:59.264+0000] {processor.py:914} INFO - Processing file /opt/airflow/dags/spark_airflow.py for tasks to queue
[2024-11-10T00:13:59.266+0000] {logging_mixin.py:190} INFO - [2024-11-10T00:13:59.265+0000] {dagbag.py:588} INFO - Filling up the DagBag from /opt/airflow/dags/spark_airflow.py
[2024-11-10T00:13:59.282+0000] {processor.py:925} INFO - DAG(s) 'sparking_flow' retrieved from /opt/airflow/dags/spark_airflow.py
[2024-11-10T00:13:59.307+0000] {logging_mixin.py:190} INFO - [2024-11-10T00:13:59.307+0000] {dag.py:3239} INFO - Sync 1 DAGs
[2024-11-10T00:13:59.330+0000] {logging_mixin.py:190} INFO - [2024-11-10T00:13:59.330+0000] {dag.py:4180} INFO - Setting next_dagrun for sparking_flow to 2024-11-10 00:00:00+00:00, run_after=2024-11-11 00:00:00+00:00
[2024-11-10T00:13:59.345+0000] {processor.py:208} INFO - Processing /opt/airflow/dags/spark_airflow.py took 0.086 seconds
[2024-11-10T00:14:29.599+0000] {processor.py:186} INFO - Started process (PID=10367) to work on /opt/airflow/dags/spark_airflow.py
[2024-11-10T00:14:29.599+0000] {processor.py:914} INFO - Processing file /opt/airflow/dags/spark_airflow.py for tasks to queue
[2024-11-10T00:14:29.601+0000] {logging_mixin.py:190} INFO - [2024-11-10T00:14:29.600+0000] {dagbag.py:588} INFO - Filling up the DagBag from /opt/airflow/dags/spark_airflow.py
[2024-11-10T00:14:29.622+0000] {processor.py:925} INFO - DAG(s) 'sparking_flow' retrieved from /opt/airflow/dags/spark_airflow.py
[2024-11-10T00:14:29.649+0000] {logging_mixin.py:190} INFO - [2024-11-10T00:14:29.649+0000] {dag.py:3239} INFO - Sync 1 DAGs
[2024-11-10T00:14:29.674+0000] {logging_mixin.py:190} INFO - [2024-11-10T00:14:29.673+0000] {dag.py:4180} INFO - Setting next_dagrun for sparking_flow to 2024-11-10 00:00:00+00:00, run_after=2024-11-11 00:00:00+00:00
[2024-11-10T00:14:29.692+0000] {processor.py:208} INFO - Processing /opt/airflow/dags/spark_airflow.py took 0.098 seconds
[2024-11-10T09:24:36.960+0000] {processor.py:186} INFO - Started process (PID=10375) to work on /opt/airflow/dags/spark_airflow.py
[2024-11-10T09:24:36.971+0000] {processor.py:914} INFO - Processing file /opt/airflow/dags/spark_airflow.py for tasks to queue
[2024-11-10T09:24:36.973+0000] {logging_mixin.py:190} INFO - [2024-11-10T09:24:36.973+0000] {dagbag.py:588} INFO - Filling up the DagBag from /opt/airflow/dags/spark_airflow.py
[2024-11-10T09:24:37.021+0000] {processor.py:925} INFO - DAG(s) 'sparking_flow' retrieved from /opt/airflow/dags/spark_airflow.py
[2024-11-10T09:24:37.058+0000] {logging_mixin.py:190} INFO - [2024-11-10T09:24:37.058+0000] {dag.py:3239} INFO - Sync 1 DAGs
[2024-11-10T09:24:37.104+0000] {logging_mixin.py:190} INFO - [2024-11-10T09:24:37.103+0000] {dag.py:4180} INFO - Setting next_dagrun for sparking_flow to 2024-11-10 00:00:00+00:00, run_after=2024-11-11 00:00:00+00:00
[2024-11-10T09:24:37.139+0000] {processor.py:208} INFO - Processing /opt/airflow/dags/spark_airflow.py took 0.185 seconds
[2024-11-10T09:25:07.307+0000] {processor.py:186} INFO - Started process (PID=10385) to work on /opt/airflow/dags/spark_airflow.py
[2024-11-10T09:25:07.308+0000] {processor.py:914} INFO - Processing file /opt/airflow/dags/spark_airflow.py for tasks to queue
[2024-11-10T09:25:07.309+0000] {logging_mixin.py:190} INFO - [2024-11-10T09:25:07.309+0000] {dagbag.py:588} INFO - Filling up the DagBag from /opt/airflow/dags/spark_airflow.py
[2024-11-10T09:25:07.328+0000] {processor.py:925} INFO - DAG(s) 'sparking_flow' retrieved from /opt/airflow/dags/spark_airflow.py
[2024-11-10T09:25:07.353+0000] {logging_mixin.py:190} INFO - [2024-11-10T09:25:07.352+0000] {dag.py:3239} INFO - Sync 1 DAGs
[2024-11-10T09:25:07.374+0000] {logging_mixin.py:190} INFO - [2024-11-10T09:25:07.374+0000] {dag.py:4180} INFO - Setting next_dagrun for sparking_flow to 2024-11-10 00:00:00+00:00, run_after=2024-11-11 00:00:00+00:00
[2024-11-10T09:25:07.391+0000] {processor.py:208} INFO - Processing /opt/airflow/dags/spark_airflow.py took 0.087 seconds
[2024-11-10T09:25:37.620+0000] {processor.py:186} INFO - Started process (PID=10395) to work on /opt/airflow/dags/spark_airflow.py
[2024-11-10T09:25:37.620+0000] {processor.py:914} INFO - Processing file /opt/airflow/dags/spark_airflow.py for tasks to queue
[2024-11-10T09:25:37.621+0000] {logging_mixin.py:190} INFO - [2024-11-10T09:25:37.621+0000] {dagbag.py:588} INFO - Filling up the DagBag from /opt/airflow/dags/spark_airflow.py
[2024-11-10T09:25:37.639+0000] {processor.py:925} INFO - DAG(s) 'sparking_flow' retrieved from /opt/airflow/dags/spark_airflow.py
[2024-11-10T09:25:37.665+0000] {logging_mixin.py:190} INFO - [2024-11-10T09:25:37.665+0000] {dag.py:3239} INFO - Sync 1 DAGs
[2024-11-10T09:25:37.688+0000] {logging_mixin.py:190} INFO - [2024-11-10T09:25:37.688+0000] {dag.py:4180} INFO - Setting next_dagrun for sparking_flow to 2024-11-10 00:00:00+00:00, run_after=2024-11-11 00:00:00+00:00
[2024-11-10T09:25:37.708+0000] {processor.py:208} INFO - Processing /opt/airflow/dags/spark_airflow.py took 0.092 seconds
[2024-11-10T09:26:07.824+0000] {processor.py:186} INFO - Started process (PID=10405) to work on /opt/airflow/dags/spark_airflow.py
[2024-11-10T09:26:07.824+0000] {processor.py:914} INFO - Processing file /opt/airflow/dags/spark_airflow.py for tasks to queue
[2024-11-10T09:26:07.826+0000] {logging_mixin.py:190} INFO - [2024-11-10T09:26:07.825+0000] {dagbag.py:588} INFO - Filling up the DagBag from /opt/airflow/dags/spark_airflow.py
[2024-11-10T09:26:07.845+0000] {processor.py:925} INFO - DAG(s) 'sparking_flow' retrieved from /opt/airflow/dags/spark_airflow.py
[2024-11-10T09:26:07.869+0000] {logging_mixin.py:190} INFO - [2024-11-10T09:26:07.869+0000] {dag.py:3239} INFO - Sync 1 DAGs
[2024-11-10T09:26:07.889+0000] {logging_mixin.py:190} INFO - [2024-11-10T09:26:07.889+0000] {dag.py:4180} INFO - Setting next_dagrun for sparking_flow to 2024-11-10 00:00:00+00:00, run_after=2024-11-11 00:00:00+00:00
[2024-11-10T09:26:07.904+0000] {processor.py:208} INFO - Processing /opt/airflow/dags/spark_airflow.py took 0.085 seconds
[2024-11-10T09:26:38.080+0000] {processor.py:186} INFO - Started process (PID=10415) to work on /opt/airflow/dags/spark_airflow.py
[2024-11-10T09:26:38.081+0000] {processor.py:914} INFO - Processing file /opt/airflow/dags/spark_airflow.py for tasks to queue
[2024-11-10T09:26:38.082+0000] {logging_mixin.py:190} INFO - [2024-11-10T09:26:38.082+0000] {dagbag.py:588} INFO - Filling up the DagBag from /opt/airflow/dags/spark_airflow.py
[2024-11-10T09:26:38.102+0000] {processor.py:925} INFO - DAG(s) 'sparking_flow' retrieved from /opt/airflow/dags/spark_airflow.py
[2024-11-10T09:26:38.127+0000] {logging_mixin.py:190} INFO - [2024-11-10T09:26:38.127+0000] {dag.py:3239} INFO - Sync 1 DAGs
[2024-11-10T09:26:38.152+0000] {logging_mixin.py:190} INFO - [2024-11-10T09:26:38.152+0000] {dag.py:4180} INFO - Setting next_dagrun for sparking_flow to 2024-11-10 00:00:00+00:00, run_after=2024-11-11 00:00:00+00:00
[2024-11-10T09:26:38.168+0000] {processor.py:208} INFO - Processing /opt/airflow/dags/spark_airflow.py took 0.092 seconds
[2024-11-10T09:27:08.284+0000] {processor.py:186} INFO - Started process (PID=10425) to work on /opt/airflow/dags/spark_airflow.py
[2024-11-10T09:27:08.285+0000] {processor.py:914} INFO - Processing file /opt/airflow/dags/spark_airflow.py for tasks to queue
[2024-11-10T09:27:08.286+0000] {logging_mixin.py:190} INFO - [2024-11-10T09:27:08.286+0000] {dagbag.py:588} INFO - Filling up the DagBag from /opt/airflow/dags/spark_airflow.py
[2024-11-10T09:27:08.305+0000] {processor.py:925} INFO - DAG(s) 'sparking_flow' retrieved from /opt/airflow/dags/spark_airflow.py
[2024-11-10T09:27:08.329+0000] {logging_mixin.py:190} INFO - [2024-11-10T09:27:08.329+0000] {dag.py:3239} INFO - Sync 1 DAGs
[2024-11-10T09:27:08.348+0000] {logging_mixin.py:190} INFO - [2024-11-10T09:27:08.348+0000] {dag.py:4180} INFO - Setting next_dagrun for sparking_flow to 2024-11-10 00:00:00+00:00, run_after=2024-11-11 00:00:00+00:00
[2024-11-10T09:27:08.364+0000] {processor.py:208} INFO - Processing /opt/airflow/dags/spark_airflow.py took 0.085 seconds
[2024-11-10T09:27:38.584+0000] {processor.py:186} INFO - Started process (PID=10435) to work on /opt/airflow/dags/spark_airflow.py
[2024-11-10T09:27:38.585+0000] {processor.py:914} INFO - Processing file /opt/airflow/dags/spark_airflow.py for tasks to queue
[2024-11-10T09:27:38.586+0000] {logging_mixin.py:190} INFO - [2024-11-10T09:27:38.586+0000] {dagbag.py:588} INFO - Filling up the DagBag from /opt/airflow/dags/spark_airflow.py
[2024-11-10T09:27:38.605+0000] {processor.py:925} INFO - DAG(s) 'sparking_flow' retrieved from /opt/airflow/dags/spark_airflow.py
[2024-11-10T09:27:38.630+0000] {logging_mixin.py:190} INFO - [2024-11-10T09:27:38.630+0000] {dag.py:3239} INFO - Sync 1 DAGs
[2024-11-10T09:27:38.653+0000] {logging_mixin.py:190} INFO - [2024-11-10T09:27:38.653+0000] {dag.py:4180} INFO - Setting next_dagrun for sparking_flow to 2024-11-10 00:00:00+00:00, run_after=2024-11-11 00:00:00+00:00
[2024-11-10T09:27:38.672+0000] {processor.py:208} INFO - Processing /opt/airflow/dags/spark_airflow.py took 0.091 seconds
[2024-11-10T09:28:08.825+0000] {processor.py:186} INFO - Started process (PID=10445) to work on /opt/airflow/dags/spark_airflow.py
[2024-11-10T09:28:08.825+0000] {processor.py:914} INFO - Processing file /opt/airflow/dags/spark_airflow.py for tasks to queue
[2024-11-10T09:28:08.827+0000] {logging_mixin.py:190} INFO - [2024-11-10T09:28:08.827+0000] {dagbag.py:588} INFO - Filling up the DagBag from /opt/airflow/dags/spark_airflow.py
[2024-11-10T09:28:08.851+0000] {processor.py:925} INFO - DAG(s) 'sparking_flow' retrieved from /opt/airflow/dags/spark_airflow.py
[2024-11-10T09:28:08.878+0000] {logging_mixin.py:190} INFO - [2024-11-10T09:28:08.878+0000] {dag.py:3239} INFO - Sync 1 DAGs
[2024-11-10T09:28:08.903+0000] {logging_mixin.py:190} INFO - [2024-11-10T09:28:08.903+0000] {dag.py:4180} INFO - Setting next_dagrun for sparking_flow to 2024-11-10 00:00:00+00:00, run_after=2024-11-11 00:00:00+00:00
[2024-11-10T09:28:08.924+0000] {processor.py:208} INFO - Processing /opt/airflow/dags/spark_airflow.py took 0.103 seconds
[2024-11-10T09:28:39.163+0000] {processor.py:186} INFO - Started process (PID=10455) to work on /opt/airflow/dags/spark_airflow.py
[2024-11-10T09:28:39.163+0000] {processor.py:914} INFO - Processing file /opt/airflow/dags/spark_airflow.py for tasks to queue
[2024-11-10T09:28:39.165+0000] {logging_mixin.py:190} INFO - [2024-11-10T09:28:39.164+0000] {dagbag.py:588} INFO - Filling up the DagBag from /opt/airflow/dags/spark_airflow.py
[2024-11-10T09:28:39.183+0000] {processor.py:925} INFO - DAG(s) 'sparking_flow' retrieved from /opt/airflow/dags/spark_airflow.py
[2024-11-10T09:28:39.206+0000] {logging_mixin.py:190} INFO - [2024-11-10T09:28:39.206+0000] {dag.py:3239} INFO - Sync 1 DAGs
[2024-11-10T09:28:39.228+0000] {logging_mixin.py:190} INFO - [2024-11-10T09:28:39.227+0000] {dag.py:4180} INFO - Setting next_dagrun for sparking_flow to 2024-11-10 00:00:00+00:00, run_after=2024-11-11 00:00:00+00:00
[2024-11-10T09:28:39.245+0000] {processor.py:208} INFO - Processing /opt/airflow/dags/spark_airflow.py took 0.086 seconds
[2024-11-10T09:29:09.454+0000] {processor.py:186} INFO - Started process (PID=10465) to work on /opt/airflow/dags/spark_airflow.py
[2024-11-10T09:29:09.455+0000] {processor.py:914} INFO - Processing file /opt/airflow/dags/spark_airflow.py for tasks to queue
[2024-11-10T09:29:09.456+0000] {logging_mixin.py:190} INFO - [2024-11-10T09:29:09.455+0000] {dagbag.py:588} INFO - Filling up the DagBag from /opt/airflow/dags/spark_airflow.py
[2024-11-10T09:29:09.472+0000] {processor.py:925} INFO - DAG(s) 'sparking_flow' retrieved from /opt/airflow/dags/spark_airflow.py
[2024-11-10T09:29:09.494+0000] {logging_mixin.py:190} INFO - [2024-11-10T09:29:09.494+0000] {dag.py:3239} INFO - Sync 1 DAGs
[2024-11-10T09:29:09.515+0000] {logging_mixin.py:190} INFO - [2024-11-10T09:29:09.515+0000] {dag.py:4180} INFO - Setting next_dagrun for sparking_flow to 2024-11-10 00:00:00+00:00, run_after=2024-11-11 00:00:00+00:00
[2024-11-10T09:29:09.533+0000] {processor.py:208} INFO - Processing /opt/airflow/dags/spark_airflow.py took 0.083 seconds
[2024-11-10T09:29:39.679+0000] {processor.py:186} INFO - Started process (PID=10475) to work on /opt/airflow/dags/spark_airflow.py
[2024-11-10T09:29:39.680+0000] {processor.py:914} INFO - Processing file /opt/airflow/dags/spark_airflow.py for tasks to queue
[2024-11-10T09:29:39.681+0000] {logging_mixin.py:190} INFO - [2024-11-10T09:29:39.681+0000] {dagbag.py:588} INFO - Filling up the DagBag from /opt/airflow/dags/spark_airflow.py
[2024-11-10T09:29:39.699+0000] {processor.py:925} INFO - DAG(s) 'sparking_flow' retrieved from /opt/airflow/dags/spark_airflow.py
[2024-11-10T09:29:39.722+0000] {logging_mixin.py:190} INFO - [2024-11-10T09:29:39.722+0000] {dag.py:3239} INFO - Sync 1 DAGs
[2024-11-10T09:29:39.743+0000] {logging_mixin.py:190} INFO - [2024-11-10T09:29:39.743+0000] {dag.py:4180} INFO - Setting next_dagrun for sparking_flow to 2024-11-10 00:00:00+00:00, run_after=2024-11-11 00:00:00+00:00
[2024-11-10T09:29:39.760+0000] {processor.py:208} INFO - Processing /opt/airflow/dags/spark_airflow.py took 0.086 seconds
[2024-11-10T09:30:09.974+0000] {processor.py:186} INFO - Started process (PID=10485) to work on /opt/airflow/dags/spark_airflow.py
[2024-11-10T09:30:09.975+0000] {processor.py:914} INFO - Processing file /opt/airflow/dags/spark_airflow.py for tasks to queue
[2024-11-10T09:30:09.976+0000] {logging_mixin.py:190} INFO - [2024-11-10T09:30:09.976+0000] {dagbag.py:588} INFO - Filling up the DagBag from /opt/airflow/dags/spark_airflow.py
[2024-11-10T09:30:09.995+0000] {processor.py:925} INFO - DAG(s) 'sparking_flow' retrieved from /opt/airflow/dags/spark_airflow.py
[2024-11-10T09:30:10.017+0000] {logging_mixin.py:190} INFO - [2024-11-10T09:30:10.017+0000] {dag.py:3239} INFO - Sync 1 DAGs
[2024-11-10T09:30:10.037+0000] {logging_mixin.py:190} INFO - [2024-11-10T09:30:10.037+0000] {dag.py:4180} INFO - Setting next_dagrun for sparking_flow to 2024-11-10 00:00:00+00:00, run_after=2024-11-11 00:00:00+00:00
[2024-11-10T09:30:10.053+0000] {processor.py:208} INFO - Processing /opt/airflow/dags/spark_airflow.py took 0.083 seconds
[2024-11-10T09:30:40.180+0000] {processor.py:186} INFO - Started process (PID=10495) to work on /opt/airflow/dags/spark_airflow.py
[2024-11-10T09:30:40.181+0000] {processor.py:914} INFO - Processing file /opt/airflow/dags/spark_airflow.py for tasks to queue
[2024-11-10T09:30:40.182+0000] {logging_mixin.py:190} INFO - [2024-11-10T09:30:40.181+0000] {dagbag.py:588} INFO - Filling up the DagBag from /opt/airflow/dags/spark_airflow.py
[2024-11-10T09:30:40.199+0000] {processor.py:925} INFO - DAG(s) 'sparking_flow' retrieved from /opt/airflow/dags/spark_airflow.py
[2024-11-10T09:30:40.223+0000] {logging_mixin.py:190} INFO - [2024-11-10T09:30:40.223+0000] {dag.py:3239} INFO - Sync 1 DAGs
[2024-11-10T09:30:40.243+0000] {logging_mixin.py:190} INFO - [2024-11-10T09:30:40.243+0000] {dag.py:4180} INFO - Setting next_dagrun for sparking_flow to 2024-11-10 00:00:00+00:00, run_after=2024-11-11 00:00:00+00:00
[2024-11-10T09:30:40.258+0000] {processor.py:208} INFO - Processing /opt/airflow/dags/spark_airflow.py took 0.082 seconds
[2024-11-10T09:31:10.433+0000] {processor.py:186} INFO - Started process (PID=10505) to work on /opt/airflow/dags/spark_airflow.py
[2024-11-10T09:31:10.434+0000] {processor.py:914} INFO - Processing file /opt/airflow/dags/spark_airflow.py for tasks to queue
[2024-11-10T09:31:10.435+0000] {logging_mixin.py:190} INFO - [2024-11-10T09:31:10.434+0000] {dagbag.py:588} INFO - Filling up the DagBag from /opt/airflow/dags/spark_airflow.py
[2024-11-10T09:31:10.452+0000] {processor.py:925} INFO - DAG(s) 'sparking_flow' retrieved from /opt/airflow/dags/spark_airflow.py
[2024-11-10T09:31:10.475+0000] {logging_mixin.py:190} INFO - [2024-11-10T09:31:10.475+0000] {dag.py:3239} INFO - Sync 1 DAGs
[2024-11-10T09:31:10.495+0000] {logging_mixin.py:190} INFO - [2024-11-10T09:31:10.495+0000] {dag.py:4180} INFO - Setting next_dagrun for sparking_flow to 2024-11-10 00:00:00+00:00, run_after=2024-11-11 00:00:00+00:00
[2024-11-10T09:31:10.511+0000] {processor.py:208} INFO - Processing /opt/airflow/dags/spark_airflow.py took 0.082 seconds
[2024-11-10T09:31:40.731+0000] {processor.py:186} INFO - Started process (PID=10515) to work on /opt/airflow/dags/spark_airflow.py
[2024-11-10T09:31:40.732+0000] {processor.py:914} INFO - Processing file /opt/airflow/dags/spark_airflow.py for tasks to queue
[2024-11-10T09:31:40.734+0000] {logging_mixin.py:190} INFO - [2024-11-10T09:31:40.733+0000] {dagbag.py:588} INFO - Filling up the DagBag from /opt/airflow/dags/spark_airflow.py
[2024-11-10T09:31:40.760+0000] {processor.py:925} INFO - DAG(s) 'sparking_flow' retrieved from /opt/airflow/dags/spark_airflow.py
[2024-11-10T09:31:40.796+0000] {logging_mixin.py:190} INFO - [2024-11-10T09:31:40.795+0000] {dag.py:3239} INFO - Sync 1 DAGs
[2024-11-10T09:31:40.826+0000] {logging_mixin.py:190} INFO - [2024-11-10T09:31:40.825+0000] {dag.py:4180} INFO - Setting next_dagrun for sparking_flow to 2024-11-10 00:00:00+00:00, run_after=2024-11-11 00:00:00+00:00
[2024-11-10T09:31:40.852+0000] {processor.py:208} INFO - Processing /opt/airflow/dags/spark_airflow.py took 0.126 seconds
[2024-11-10T09:32:11.068+0000] {processor.py:186} INFO - Started process (PID=10525) to work on /opt/airflow/dags/spark_airflow.py
[2024-11-10T09:32:11.068+0000] {processor.py:914} INFO - Processing file /opt/airflow/dags/spark_airflow.py for tasks to queue
[2024-11-10T09:32:11.069+0000] {logging_mixin.py:190} INFO - [2024-11-10T09:32:11.069+0000] {dagbag.py:588} INFO - Filling up the DagBag from /opt/airflow/dags/spark_airflow.py
[2024-11-10T09:32:11.086+0000] {processor.py:925} INFO - DAG(s) 'sparking_flow' retrieved from /opt/airflow/dags/spark_airflow.py
[2024-11-10T09:32:11.111+0000] {logging_mixin.py:190} INFO - [2024-11-10T09:32:11.110+0000] {dag.py:3239} INFO - Sync 1 DAGs
[2024-11-10T09:32:11.133+0000] {logging_mixin.py:190} INFO - [2024-11-10T09:32:11.133+0000] {dag.py:4180} INFO - Setting next_dagrun for sparking_flow to 2024-11-10 00:00:00+00:00, run_after=2024-11-11 00:00:00+00:00
[2024-11-10T09:32:11.150+0000] {processor.py:208} INFO - Processing /opt/airflow/dags/spark_airflow.py took 0.086 seconds
[2024-11-10T09:32:41.380+0000] {processor.py:186} INFO - Started process (PID=10535) to work on /opt/airflow/dags/spark_airflow.py
[2024-11-10T09:32:41.381+0000] {processor.py:914} INFO - Processing file /opt/airflow/dags/spark_airflow.py for tasks to queue
[2024-11-10T09:32:41.382+0000] {logging_mixin.py:190} INFO - [2024-11-10T09:32:41.382+0000] {dagbag.py:588} INFO - Filling up the DagBag from /opt/airflow/dags/spark_airflow.py
[2024-11-10T09:32:41.410+0000] {processor.py:925} INFO - DAG(s) 'sparking_flow' retrieved from /opt/airflow/dags/spark_airflow.py
[2024-11-10T09:32:41.443+0000] {logging_mixin.py:190} INFO - [2024-11-10T09:32:41.442+0000] {dag.py:3239} INFO - Sync 1 DAGs
[2024-11-10T09:32:41.471+0000] {logging_mixin.py:190} INFO - [2024-11-10T09:32:41.471+0000] {dag.py:4180} INFO - Setting next_dagrun for sparking_flow to 2024-11-10 00:00:00+00:00, run_after=2024-11-11 00:00:00+00:00
[2024-11-10T09:32:41.495+0000] {processor.py:208} INFO - Processing /opt/airflow/dags/spark_airflow.py took 0.120 seconds
[2024-11-10T09:33:11.610+0000] {processor.py:186} INFO - Started process (PID=10545) to work on /opt/airflow/dags/spark_airflow.py
[2024-11-10T09:33:11.611+0000] {processor.py:914} INFO - Processing file /opt/airflow/dags/spark_airflow.py for tasks to queue
[2024-11-10T09:33:11.612+0000] {logging_mixin.py:190} INFO - [2024-11-10T09:33:11.611+0000] {dagbag.py:588} INFO - Filling up the DagBag from /opt/airflow/dags/spark_airflow.py
[2024-11-10T09:33:11.629+0000] {processor.py:925} INFO - DAG(s) 'sparking_flow' retrieved from /opt/airflow/dags/spark_airflow.py
[2024-11-10T09:33:11.652+0000] {logging_mixin.py:190} INFO - [2024-11-10T09:33:11.651+0000] {dag.py:3239} INFO - Sync 1 DAGs
[2024-11-10T09:33:11.672+0000] {logging_mixin.py:190} INFO - [2024-11-10T09:33:11.672+0000] {dag.py:4180} INFO - Setting next_dagrun for sparking_flow to 2024-11-10 00:00:00+00:00, run_after=2024-11-11 00:00:00+00:00
[2024-11-10T09:33:11.688+0000] {processor.py:208} INFO - Processing /opt/airflow/dags/spark_airflow.py took 0.082 seconds
[2024-11-10T09:33:41.807+0000] {processor.py:186} INFO - Started process (PID=10555) to work on /opt/airflow/dags/spark_airflow.py
[2024-11-10T09:33:41.808+0000] {processor.py:914} INFO - Processing file /opt/airflow/dags/spark_airflow.py for tasks to queue
[2024-11-10T09:33:41.810+0000] {logging_mixin.py:190} INFO - [2024-11-10T09:33:41.809+0000] {dagbag.py:588} INFO - Filling up the DagBag from /opt/airflow/dags/spark_airflow.py
[2024-11-10T09:33:41.828+0000] {processor.py:925} INFO - DAG(s) 'sparking_flow' retrieved from /opt/airflow/dags/spark_airflow.py
[2024-11-10T09:33:41.851+0000] {logging_mixin.py:190} INFO - [2024-11-10T09:33:41.851+0000] {dag.py:3239} INFO - Sync 1 DAGs
[2024-11-10T09:33:41.870+0000] {logging_mixin.py:190} INFO - [2024-11-10T09:33:41.870+0000] {dag.py:4180} INFO - Setting next_dagrun for sparking_flow to 2024-11-10 00:00:00+00:00, run_after=2024-11-11 00:00:00+00:00
[2024-11-10T09:33:41.886+0000] {processor.py:208} INFO - Processing /opt/airflow/dags/spark_airflow.py took 0.084 seconds
[2024-11-10T09:34:12.103+0000] {processor.py:186} INFO - Started process (PID=10565) to work on /opt/airflow/dags/spark_airflow.py
[2024-11-10T09:34:12.104+0000] {processor.py:914} INFO - Processing file /opt/airflow/dags/spark_airflow.py for tasks to queue
[2024-11-10T09:34:12.105+0000] {logging_mixin.py:190} INFO - [2024-11-10T09:34:12.105+0000] {dagbag.py:588} INFO - Filling up the DagBag from /opt/airflow/dags/spark_airflow.py
[2024-11-10T09:34:12.124+0000] {processor.py:925} INFO - DAG(s) 'sparking_flow' retrieved from /opt/airflow/dags/spark_airflow.py
[2024-11-10T09:34:12.146+0000] {logging_mixin.py:190} INFO - [2024-11-10T09:34:12.146+0000] {dag.py:3239} INFO - Sync 1 DAGs
[2024-11-10T09:34:12.167+0000] {logging_mixin.py:190} INFO - [2024-11-10T09:34:12.167+0000] {dag.py:4180} INFO - Setting next_dagrun for sparking_flow to 2024-11-10 00:00:00+00:00, run_after=2024-11-11 00:00:00+00:00
[2024-11-10T09:34:12.186+0000] {processor.py:208} INFO - Processing /opt/airflow/dags/spark_airflow.py took 0.088 seconds
[2024-11-10T09:34:42.354+0000] {processor.py:186} INFO - Started process (PID=10575) to work on /opt/airflow/dags/spark_airflow.py
[2024-11-10T09:34:42.355+0000] {processor.py:914} INFO - Processing file /opt/airflow/dags/spark_airflow.py for tasks to queue
[2024-11-10T09:34:42.357+0000] {logging_mixin.py:190} INFO - [2024-11-10T09:34:42.356+0000] {dagbag.py:588} INFO - Filling up the DagBag from /opt/airflow/dags/spark_airflow.py
[2024-11-10T09:34:42.373+0000] {processor.py:925} INFO - DAG(s) 'sparking_flow' retrieved from /opt/airflow/dags/spark_airflow.py
[2024-11-10T09:34:42.395+0000] {logging_mixin.py:190} INFO - [2024-11-10T09:34:42.395+0000] {dag.py:3239} INFO - Sync 1 DAGs
[2024-11-10T09:34:42.415+0000] {logging_mixin.py:190} INFO - [2024-11-10T09:34:42.415+0000] {dag.py:4180} INFO - Setting next_dagrun for sparking_flow to 2024-11-10 00:00:00+00:00, run_after=2024-11-11 00:00:00+00:00
[2024-11-10T09:34:42.432+0000] {processor.py:208} INFO - Processing /opt/airflow/dags/spark_airflow.py took 0.081 seconds
[2024-11-10T09:35:12.640+0000] {processor.py:186} INFO - Started process (PID=10585) to work on /opt/airflow/dags/spark_airflow.py
[2024-11-10T09:35:12.641+0000] {processor.py:914} INFO - Processing file /opt/airflow/dags/spark_airflow.py for tasks to queue
[2024-11-10T09:35:12.642+0000] {logging_mixin.py:190} INFO - [2024-11-10T09:35:12.642+0000] {dagbag.py:588} INFO - Filling up the DagBag from /opt/airflow/dags/spark_airflow.py
[2024-11-10T09:35:12.658+0000] {processor.py:925} INFO - DAG(s) 'sparking_flow' retrieved from /opt/airflow/dags/spark_airflow.py
[2024-11-10T09:35:12.679+0000] {logging_mixin.py:190} INFO - [2024-11-10T09:35:12.679+0000] {dag.py:3239} INFO - Sync 1 DAGs
[2024-11-10T09:35:12.700+0000] {logging_mixin.py:190} INFO - [2024-11-10T09:35:12.700+0000] {dag.py:4180} INFO - Setting next_dagrun for sparking_flow to 2024-11-10 00:00:00+00:00, run_after=2024-11-11 00:00:00+00:00
[2024-11-10T09:35:12.716+0000] {processor.py:208} INFO - Processing /opt/airflow/dags/spark_airflow.py took 0.080 seconds
[2024-11-10T09:35:42.845+0000] {processor.py:186} INFO - Started process (PID=10595) to work on /opt/airflow/dags/spark_airflow.py
[2024-11-10T09:35:42.846+0000] {processor.py:914} INFO - Processing file /opt/airflow/dags/spark_airflow.py for tasks to queue
[2024-11-10T09:35:42.847+0000] {logging_mixin.py:190} INFO - [2024-11-10T09:35:42.847+0000] {dagbag.py:588} INFO - Filling up the DagBag from /opt/airflow/dags/spark_airflow.py
[2024-11-10T09:35:42.864+0000] {processor.py:925} INFO - DAG(s) 'sparking_flow' retrieved from /opt/airflow/dags/spark_airflow.py
[2024-11-10T09:35:42.886+0000] {logging_mixin.py:190} INFO - [2024-11-10T09:35:42.886+0000] {dag.py:3239} INFO - Sync 1 DAGs
[2024-11-10T09:35:42.906+0000] {logging_mixin.py:190} INFO - [2024-11-10T09:35:42.906+0000] {dag.py:4180} INFO - Setting next_dagrun for sparking_flow to 2024-11-10 00:00:00+00:00, run_after=2024-11-11 00:00:00+00:00
[2024-11-10T09:35:42.927+0000] {processor.py:208} INFO - Processing /opt/airflow/dags/spark_airflow.py took 0.086 seconds
[2024-11-10T09:36:13.080+0000] {processor.py:186} INFO - Started process (PID=10605) to work on /opt/airflow/dags/spark_airflow.py
[2024-11-10T09:36:13.081+0000] {processor.py:914} INFO - Processing file /opt/airflow/dags/spark_airflow.py for tasks to queue
[2024-11-10T09:36:13.082+0000] {logging_mixin.py:190} INFO - [2024-11-10T09:36:13.082+0000] {dagbag.py:588} INFO - Filling up the DagBag from /opt/airflow/dags/spark_airflow.py
[2024-11-10T09:36:13.100+0000] {processor.py:925} INFO - DAG(s) 'sparking_flow' retrieved from /opt/airflow/dags/spark_airflow.py
[2024-11-10T09:36:13.124+0000] {logging_mixin.py:190} INFO - [2024-11-10T09:36:13.124+0000] {dag.py:3239} INFO - Sync 1 DAGs
[2024-11-10T09:36:13.145+0000] {logging_mixin.py:190} INFO - [2024-11-10T09:36:13.145+0000] {dag.py:4180} INFO - Setting next_dagrun for sparking_flow to 2024-11-10 00:00:00+00:00, run_after=2024-11-11 00:00:00+00:00
[2024-11-10T09:36:13.170+0000] {processor.py:208} INFO - Processing /opt/airflow/dags/spark_airflow.py took 0.095 seconds
[2024-11-10T09:36:43.273+0000] {processor.py:186} INFO - Started process (PID=10615) to work on /opt/airflow/dags/spark_airflow.py
[2024-11-10T09:36:43.273+0000] {processor.py:914} INFO - Processing file /opt/airflow/dags/spark_airflow.py for tasks to queue
[2024-11-10T09:36:43.275+0000] {logging_mixin.py:190} INFO - [2024-11-10T09:36:43.274+0000] {dagbag.py:588} INFO - Filling up the DagBag from /opt/airflow/dags/spark_airflow.py
[2024-11-10T09:36:43.292+0000] {processor.py:925} INFO - DAG(s) 'sparking_flow' retrieved from /opt/airflow/dags/spark_airflow.py
[2024-11-10T09:36:43.316+0000] {logging_mixin.py:190} INFO - [2024-11-10T09:36:43.315+0000] {dag.py:3239} INFO - Sync 1 DAGs
[2024-11-10T09:36:43.336+0000] {logging_mixin.py:190} INFO - [2024-11-10T09:36:43.335+0000] {dag.py:4180} INFO - Setting next_dagrun for sparking_flow to 2024-11-10 00:00:00+00:00, run_after=2024-11-11 00:00:00+00:00
[2024-11-10T09:36:43.353+0000] {processor.py:208} INFO - Processing /opt/airflow/dags/spark_airflow.py took 0.084 seconds
[2024-11-10T09:37:13.569+0000] {processor.py:186} INFO - Started process (PID=10625) to work on /opt/airflow/dags/spark_airflow.py
[2024-11-10T09:37:13.570+0000] {processor.py:914} INFO - Processing file /opt/airflow/dags/spark_airflow.py for tasks to queue
[2024-11-10T09:37:13.571+0000] {logging_mixin.py:190} INFO - [2024-11-10T09:37:13.570+0000] {dagbag.py:588} INFO - Filling up the DagBag from /opt/airflow/dags/spark_airflow.py
[2024-11-10T09:37:13.588+0000] {processor.py:925} INFO - DAG(s) 'sparking_flow' retrieved from /opt/airflow/dags/spark_airflow.py
[2024-11-10T09:37:13.609+0000] {logging_mixin.py:190} INFO - [2024-11-10T09:37:13.609+0000] {dag.py:3239} INFO - Sync 1 DAGs
[2024-11-10T09:37:13.630+0000] {logging_mixin.py:190} INFO - [2024-11-10T09:37:13.629+0000] {dag.py:4180} INFO - Setting next_dagrun for sparking_flow to 2024-11-10 00:00:00+00:00, run_after=2024-11-11 00:00:00+00:00
[2024-11-10T09:37:13.644+0000] {processor.py:208} INFO - Processing /opt/airflow/dags/spark_airflow.py took 0.079 seconds
[2024-11-10T09:37:43.866+0000] {processor.py:186} INFO - Started process (PID=10635) to work on /opt/airflow/dags/spark_airflow.py
[2024-11-10T09:37:43.867+0000] {processor.py:914} INFO - Processing file /opt/airflow/dags/spark_airflow.py for tasks to queue
[2024-11-10T09:37:43.868+0000] {logging_mixin.py:190} INFO - [2024-11-10T09:37:43.868+0000] {dagbag.py:588} INFO - Filling up the DagBag from /opt/airflow/dags/spark_airflow.py
[2024-11-10T09:37:43.889+0000] {processor.py:925} INFO - DAG(s) 'sparking_flow' retrieved from /opt/airflow/dags/spark_airflow.py
[2024-11-10T09:37:43.911+0000] {logging_mixin.py:190} INFO - [2024-11-10T09:37:43.911+0000] {dag.py:3239} INFO - Sync 1 DAGs
[2024-11-10T09:37:43.933+0000] {logging_mixin.py:190} INFO - [2024-11-10T09:37:43.933+0000] {dag.py:4180} INFO - Setting next_dagrun for sparking_flow to 2024-11-10 00:00:00+00:00, run_after=2024-11-11 00:00:00+00:00
[2024-11-10T09:37:43.950+0000] {processor.py:208} INFO - Processing /opt/airflow/dags/spark_airflow.py took 0.089 seconds
[2024-11-10T09:38:14.061+0000] {processor.py:186} INFO - Started process (PID=10645) to work on /opt/airflow/dags/spark_airflow.py
[2024-11-10T09:38:14.062+0000] {processor.py:914} INFO - Processing file /opt/airflow/dags/spark_airflow.py for tasks to queue
[2024-11-10T09:38:14.063+0000] {logging_mixin.py:190} INFO - [2024-11-10T09:38:14.062+0000] {dagbag.py:588} INFO - Filling up the DagBag from /opt/airflow/dags/spark_airflow.py
[2024-11-10T09:38:14.081+0000] {processor.py:925} INFO - DAG(s) 'sparking_flow' retrieved from /opt/airflow/dags/spark_airflow.py
[2024-11-10T09:38:14.103+0000] {logging_mixin.py:190} INFO - [2024-11-10T09:38:14.103+0000] {dag.py:3239} INFO - Sync 1 DAGs
[2024-11-10T09:38:14.123+0000] {logging_mixin.py:190} INFO - [2024-11-10T09:38:14.123+0000] {dag.py:4180} INFO - Setting next_dagrun for sparking_flow to 2024-11-10 00:00:00+00:00, run_after=2024-11-11 00:00:00+00:00
[2024-11-10T09:38:14.148+0000] {processor.py:208} INFO - Processing /opt/airflow/dags/spark_airflow.py took 0.092 seconds
[2024-11-10T09:38:44.318+0000] {processor.py:186} INFO - Started process (PID=10655) to work on /opt/airflow/dags/spark_airflow.py
[2024-11-10T09:38:44.319+0000] {processor.py:914} INFO - Processing file /opt/airflow/dags/spark_airflow.py for tasks to queue
[2024-11-10T09:38:44.320+0000] {logging_mixin.py:190} INFO - [2024-11-10T09:38:44.320+0000] {dagbag.py:588} INFO - Filling up the DagBag from /opt/airflow/dags/spark_airflow.py
[2024-11-10T09:38:44.338+0000] {processor.py:925} INFO - DAG(s) 'sparking_flow' retrieved from /opt/airflow/dags/spark_airflow.py
[2024-11-10T09:38:44.361+0000] {logging_mixin.py:190} INFO - [2024-11-10T09:38:44.361+0000] {dag.py:3239} INFO - Sync 1 DAGs
[2024-11-10T09:38:44.382+0000] {logging_mixin.py:190} INFO - [2024-11-10T09:38:44.382+0000] {dag.py:4180} INFO - Setting next_dagrun for sparking_flow to 2024-11-10 00:00:00+00:00, run_after=2024-11-11 00:00:00+00:00
[2024-11-10T09:38:44.401+0000] {processor.py:208} INFO - Processing /opt/airflow/dags/spark_airflow.py took 0.088 seconds
[2024-11-10T09:39:14.610+0000] {processor.py:186} INFO - Started process (PID=10665) to work on /opt/airflow/dags/spark_airflow.py
[2024-11-10T09:39:14.610+0000] {processor.py:914} INFO - Processing file /opt/airflow/dags/spark_airflow.py for tasks to queue
[2024-11-10T09:39:14.612+0000] {logging_mixin.py:190} INFO - [2024-11-10T09:39:14.611+0000] {dagbag.py:588} INFO - Filling up the DagBag from /opt/airflow/dags/spark_airflow.py
[2024-11-10T09:39:14.631+0000] {processor.py:925} INFO - DAG(s) 'sparking_flow' retrieved from /opt/airflow/dags/spark_airflow.py
[2024-11-10T09:39:14.656+0000] {logging_mixin.py:190} INFO - [2024-11-10T09:39:14.656+0000] {dag.py:3239} INFO - Sync 1 DAGs
[2024-11-10T09:39:14.682+0000] {logging_mixin.py:190} INFO - [2024-11-10T09:39:14.681+0000] {dag.py:4180} INFO - Setting next_dagrun for sparking_flow to 2024-11-10 00:00:00+00:00, run_after=2024-11-11 00:00:00+00:00
[2024-11-10T09:39:14.702+0000] {processor.py:208} INFO - Processing /opt/airflow/dags/spark_airflow.py took 0.096 seconds
[2024-11-10T09:39:44.941+0000] {processor.py:186} INFO - Started process (PID=10675) to work on /opt/airflow/dags/spark_airflow.py
[2024-11-10T09:39:44.941+0000] {processor.py:914} INFO - Processing file /opt/airflow/dags/spark_airflow.py for tasks to queue
[2024-11-10T09:39:44.943+0000] {logging_mixin.py:190} INFO - [2024-11-10T09:39:44.942+0000] {dagbag.py:588} INFO - Filling up the DagBag from /opt/airflow/dags/spark_airflow.py
[2024-11-10T09:39:44.960+0000] {processor.py:925} INFO - DAG(s) 'sparking_flow' retrieved from /opt/airflow/dags/spark_airflow.py
[2024-11-10T09:39:44.982+0000] {logging_mixin.py:190} INFO - [2024-11-10T09:39:44.982+0000] {dag.py:3239} INFO - Sync 1 DAGs
[2024-11-10T09:39:45.003+0000] {logging_mixin.py:190} INFO - [2024-11-10T09:39:45.003+0000] {dag.py:4180} INFO - Setting next_dagrun for sparking_flow to 2024-11-10 00:00:00+00:00, run_after=2024-11-11 00:00:00+00:00
[2024-11-10T09:39:45.020+0000] {processor.py:208} INFO - Processing /opt/airflow/dags/spark_airflow.py took 0.083 seconds
[2024-11-10T09:40:15.140+0000] {processor.py:186} INFO - Started process (PID=10685) to work on /opt/airflow/dags/spark_airflow.py
[2024-11-10T09:40:15.141+0000] {processor.py:914} INFO - Processing file /opt/airflow/dags/spark_airflow.py for tasks to queue
[2024-11-10T09:40:15.142+0000] {logging_mixin.py:190} INFO - [2024-11-10T09:40:15.141+0000] {dagbag.py:588} INFO - Filling up the DagBag from /opt/airflow/dags/spark_airflow.py
[2024-11-10T09:40:15.158+0000] {processor.py:925} INFO - DAG(s) 'sparking_flow' retrieved from /opt/airflow/dags/spark_airflow.py
[2024-11-10T09:40:15.179+0000] {logging_mixin.py:190} INFO - [2024-11-10T09:40:15.179+0000] {dag.py:3239} INFO - Sync 1 DAGs
[2024-11-10T09:40:15.199+0000] {logging_mixin.py:190} INFO - [2024-11-10T09:40:15.199+0000] {dag.py:4180} INFO - Setting next_dagrun for sparking_flow to 2024-11-10 00:00:00+00:00, run_after=2024-11-11 00:00:00+00:00
[2024-11-10T09:40:15.214+0000] {processor.py:208} INFO - Processing /opt/airflow/dags/spark_airflow.py took 0.078 seconds
[2024-11-10T09:40:45.420+0000] {processor.py:186} INFO - Started process (PID=10695) to work on /opt/airflow/dags/spark_airflow.py
[2024-11-10T09:40:45.421+0000] {processor.py:914} INFO - Processing file /opt/airflow/dags/spark_airflow.py for tasks to queue
[2024-11-10T09:40:45.422+0000] {logging_mixin.py:190} INFO - [2024-11-10T09:40:45.422+0000] {dagbag.py:588} INFO - Filling up the DagBag from /opt/airflow/dags/spark_airflow.py
[2024-11-10T09:40:45.439+0000] {processor.py:925} INFO - DAG(s) 'sparking_flow' retrieved from /opt/airflow/dags/spark_airflow.py
[2024-11-10T09:40:45.461+0000] {logging_mixin.py:190} INFO - [2024-11-10T09:40:45.461+0000] {dag.py:3239} INFO - Sync 1 DAGs
[2024-11-10T09:40:45.481+0000] {logging_mixin.py:190} INFO - [2024-11-10T09:40:45.480+0000] {dag.py:4180} INFO - Setting next_dagrun for sparking_flow to 2024-11-10 00:00:00+00:00, run_after=2024-11-11 00:00:00+00:00
[2024-11-10T09:40:45.497+0000] {processor.py:208} INFO - Processing /opt/airflow/dags/spark_airflow.py took 0.082 seconds
[2024-11-10T09:41:15.705+0000] {processor.py:186} INFO - Started process (PID=10705) to work on /opt/airflow/dags/spark_airflow.py
[2024-11-10T09:41:15.706+0000] {processor.py:914} INFO - Processing file /opt/airflow/dags/spark_airflow.py for tasks to queue
[2024-11-10T09:41:15.707+0000] {logging_mixin.py:190} INFO - [2024-11-10T09:41:15.706+0000] {dagbag.py:588} INFO - Filling up the DagBag from /opt/airflow/dags/spark_airflow.py
[2024-11-10T09:41:15.723+0000] {processor.py:925} INFO - DAG(s) 'sparking_flow' retrieved from /opt/airflow/dags/spark_airflow.py
[2024-11-10T09:41:15.746+0000] {logging_mixin.py:190} INFO - [2024-11-10T09:41:15.745+0000] {dag.py:3239} INFO - Sync 1 DAGs
[2024-11-10T09:41:15.765+0000] {logging_mixin.py:190} INFO - [2024-11-10T09:41:15.765+0000] {dag.py:4180} INFO - Setting next_dagrun for sparking_flow to 2024-11-10 00:00:00+00:00, run_after=2024-11-11 00:00:00+00:00
[2024-11-10T09:41:15.781+0000] {processor.py:208} INFO - Processing /opt/airflow/dags/spark_airflow.py took 0.079 seconds
[2024-11-10T09:41:45.988+0000] {processor.py:186} INFO - Started process (PID=10715) to work on /opt/airflow/dags/spark_airflow.py
[2024-11-10T09:41:45.989+0000] {processor.py:914} INFO - Processing file /opt/airflow/dags/spark_airflow.py for tasks to queue
[2024-11-10T09:41:45.990+0000] {logging_mixin.py:190} INFO - [2024-11-10T09:41:45.990+0000] {dagbag.py:588} INFO - Filling up the DagBag from /opt/airflow/dags/spark_airflow.py
[2024-11-10T09:41:46.007+0000] {processor.py:925} INFO - DAG(s) 'sparking_flow' retrieved from /opt/airflow/dags/spark_airflow.py
[2024-11-10T09:41:46.028+0000] {logging_mixin.py:190} INFO - [2024-11-10T09:41:46.028+0000] {dag.py:3239} INFO - Sync 1 DAGs
[2024-11-10T09:41:46.048+0000] {logging_mixin.py:190} INFO - [2024-11-10T09:41:46.048+0000] {dag.py:4180} INFO - Setting next_dagrun for sparking_flow to 2024-11-10 00:00:00+00:00, run_after=2024-11-11 00:00:00+00:00
[2024-11-10T09:41:46.064+0000] {processor.py:208} INFO - Processing /opt/airflow/dags/spark_airflow.py took 0.079 seconds
[2024-11-10T09:42:16.187+0000] {processor.py:186} INFO - Started process (PID=10725) to work on /opt/airflow/dags/spark_airflow.py
[2024-11-10T09:42:16.188+0000] {processor.py:914} INFO - Processing file /opt/airflow/dags/spark_airflow.py for tasks to queue
[2024-11-10T09:42:16.189+0000] {logging_mixin.py:190} INFO - [2024-11-10T09:42:16.189+0000] {dagbag.py:588} INFO - Filling up the DagBag from /opt/airflow/dags/spark_airflow.py
[2024-11-10T09:42:16.207+0000] {processor.py:925} INFO - DAG(s) 'sparking_flow' retrieved from /opt/airflow/dags/spark_airflow.py
[2024-11-10T09:42:16.229+0000] {logging_mixin.py:190} INFO - [2024-11-10T09:42:16.229+0000] {dag.py:3239} INFO - Sync 1 DAGs
[2024-11-10T09:42:16.250+0000] {logging_mixin.py:190} INFO - [2024-11-10T09:42:16.249+0000] {dag.py:4180} INFO - Setting next_dagrun for sparking_flow to 2024-11-10 00:00:00+00:00, run_after=2024-11-11 00:00:00+00:00
[2024-11-10T09:42:16.265+0000] {processor.py:208} INFO - Processing /opt/airflow/dags/spark_airflow.py took 0.083 seconds
[2024-11-10T09:42:46.462+0000] {processor.py:186} INFO - Started process (PID=10735) to work on /opt/airflow/dags/spark_airflow.py
[2024-11-10T09:42:46.463+0000] {processor.py:914} INFO - Processing file /opt/airflow/dags/spark_airflow.py for tasks to queue
[2024-11-10T09:42:46.464+0000] {logging_mixin.py:190} INFO - [2024-11-10T09:42:46.463+0000] {dagbag.py:588} INFO - Filling up the DagBag from /opt/airflow/dags/spark_airflow.py
[2024-11-10T09:42:46.481+0000] {processor.py:925} INFO - DAG(s) 'sparking_flow' retrieved from /opt/airflow/dags/spark_airflow.py
[2024-11-10T09:42:46.502+0000] {logging_mixin.py:190} INFO - [2024-11-10T09:42:46.501+0000] {dag.py:3239} INFO - Sync 1 DAGs
[2024-11-10T09:42:46.522+0000] {logging_mixin.py:190} INFO - [2024-11-10T09:42:46.522+0000] {dag.py:4180} INFO - Setting next_dagrun for sparking_flow to 2024-11-10 00:00:00+00:00, run_after=2024-11-11 00:00:00+00:00
[2024-11-10T09:42:46.537+0000] {processor.py:208} INFO - Processing /opt/airflow/dags/spark_airflow.py took 0.079 seconds
[2024-11-10T09:43:16.756+0000] {processor.py:186} INFO - Started process (PID=10745) to work on /opt/airflow/dags/spark_airflow.py
[2024-11-10T09:43:16.757+0000] {processor.py:914} INFO - Processing file /opt/airflow/dags/spark_airflow.py for tasks to queue
[2024-11-10T09:43:16.758+0000] {logging_mixin.py:190} INFO - [2024-11-10T09:43:16.757+0000] {dagbag.py:588} INFO - Filling up the DagBag from /opt/airflow/dags/spark_airflow.py
[2024-11-10T09:43:16.775+0000] {processor.py:925} INFO - DAG(s) 'sparking_flow' retrieved from /opt/airflow/dags/spark_airflow.py
[2024-11-10T09:43:16.797+0000] {logging_mixin.py:190} INFO - [2024-11-10T09:43:16.797+0000] {dag.py:3239} INFO - Sync 1 DAGs
[2024-11-10T09:43:16.817+0000] {logging_mixin.py:190} INFO - [2024-11-10T09:43:16.817+0000] {dag.py:4180} INFO - Setting next_dagrun for sparking_flow to 2024-11-10 00:00:00+00:00, run_after=2024-11-11 00:00:00+00:00
[2024-11-10T09:43:16.834+0000] {processor.py:208} INFO - Processing /opt/airflow/dags/spark_airflow.py took 0.082 seconds
[2024-11-10T09:43:46.951+0000] {processor.py:186} INFO - Started process (PID=10755) to work on /opt/airflow/dags/spark_airflow.py
[2024-11-10T09:43:46.952+0000] {processor.py:914} INFO - Processing file /opt/airflow/dags/spark_airflow.py for tasks to queue
[2024-11-10T09:43:46.953+0000] {logging_mixin.py:190} INFO - [2024-11-10T09:43:46.953+0000] {dagbag.py:588} INFO - Filling up the DagBag from /opt/airflow/dags/spark_airflow.py
[2024-11-10T09:43:46.970+0000] {processor.py:925} INFO - DAG(s) 'sparking_flow' retrieved from /opt/airflow/dags/spark_airflow.py
[2024-11-10T09:43:46.994+0000] {logging_mixin.py:190} INFO - [2024-11-10T09:43:46.993+0000] {dag.py:3239} INFO - Sync 1 DAGs
[2024-11-10T09:43:47.014+0000] {logging_mixin.py:190} INFO - [2024-11-10T09:43:47.014+0000] {dag.py:4180} INFO - Setting next_dagrun for sparking_flow to 2024-11-10 00:00:00+00:00, run_after=2024-11-11 00:00:00+00:00
[2024-11-10T09:43:47.030+0000] {processor.py:208} INFO - Processing /opt/airflow/dags/spark_airflow.py took 0.083 seconds
[2024-11-10T09:44:17.231+0000] {processor.py:186} INFO - Started process (PID=10765) to work on /opt/airflow/dags/spark_airflow.py
[2024-11-10T09:44:17.232+0000] {processor.py:914} INFO - Processing file /opt/airflow/dags/spark_airflow.py for tasks to queue
[2024-11-10T09:44:17.233+0000] {logging_mixin.py:190} INFO - [2024-11-10T09:44:17.232+0000] {dagbag.py:588} INFO - Filling up the DagBag from /opt/airflow/dags/spark_airflow.py
[2024-11-10T09:44:17.249+0000] {processor.py:925} INFO - DAG(s) 'sparking_flow' retrieved from /opt/airflow/dags/spark_airflow.py
[2024-11-10T09:44:17.271+0000] {logging_mixin.py:190} INFO - [2024-11-10T09:44:17.271+0000] {dag.py:3239} INFO - Sync 1 DAGs
[2024-11-10T09:44:17.291+0000] {logging_mixin.py:190} INFO - [2024-11-10T09:44:17.291+0000] {dag.py:4180} INFO - Setting next_dagrun for sparking_flow to 2024-11-10 00:00:00+00:00, run_after=2024-11-11 00:00:00+00:00
[2024-11-10T09:44:17.308+0000] {processor.py:208} INFO - Processing /opt/airflow/dags/spark_airflow.py took 0.081 seconds
[2024-11-10T09:44:47.455+0000] {processor.py:186} INFO - Started process (PID=10775) to work on /opt/airflow/dags/spark_airflow.py
[2024-11-10T09:44:47.456+0000] {processor.py:914} INFO - Processing file /opt/airflow/dags/spark_airflow.py for tasks to queue
[2024-11-10T09:44:47.457+0000] {logging_mixin.py:190} INFO - [2024-11-10T09:44:47.457+0000] {dagbag.py:588} INFO - Filling up the DagBag from /opt/airflow/dags/spark_airflow.py
[2024-11-10T09:44:47.474+0000] {processor.py:925} INFO - DAG(s) 'sparking_flow' retrieved from /opt/airflow/dags/spark_airflow.py
[2024-11-10T09:44:47.496+0000] {logging_mixin.py:190} INFO - [2024-11-10T09:44:47.496+0000] {dag.py:3239} INFO - Sync 1 DAGs
[2024-11-10T09:44:47.515+0000] {logging_mixin.py:190} INFO - [2024-11-10T09:44:47.515+0000] {dag.py:4180} INFO - Setting next_dagrun for sparking_flow to 2024-11-10 00:00:00+00:00, run_after=2024-11-11 00:00:00+00:00
[2024-11-10T09:44:47.531+0000] {processor.py:208} INFO - Processing /opt/airflow/dags/spark_airflow.py took 0.080 seconds
[2024-11-10T09:45:17.673+0000] {processor.py:186} INFO - Started process (PID=10785) to work on /opt/airflow/dags/spark_airflow.py
[2024-11-10T09:45:17.674+0000] {processor.py:914} INFO - Processing file /opt/airflow/dags/spark_airflow.py for tasks to queue
[2024-11-10T09:45:17.675+0000] {logging_mixin.py:190} INFO - [2024-11-10T09:45:17.675+0000] {dagbag.py:588} INFO - Filling up the DagBag from /opt/airflow/dags/spark_airflow.py
[2024-11-10T09:45:17.693+0000] {processor.py:925} INFO - DAG(s) 'sparking_flow' retrieved from /opt/airflow/dags/spark_airflow.py
[2024-11-10T09:45:17.714+0000] {logging_mixin.py:190} INFO - [2024-11-10T09:45:17.713+0000] {dag.py:3239} INFO - Sync 1 DAGs
[2024-11-10T09:45:17.733+0000] {logging_mixin.py:190} INFO - [2024-11-10T09:45:17.733+0000] {dag.py:4180} INFO - Setting next_dagrun for sparking_flow to 2024-11-10 00:00:00+00:00, run_after=2024-11-11 00:00:00+00:00
[2024-11-10T09:45:17.751+0000] {processor.py:208} INFO - Processing /opt/airflow/dags/spark_airflow.py took 0.081 seconds
[2024-11-10T09:45:47.901+0000] {processor.py:186} INFO - Started process (PID=10795) to work on /opt/airflow/dags/spark_airflow.py
[2024-11-10T09:45:47.902+0000] {processor.py:914} INFO - Processing file /opt/airflow/dags/spark_airflow.py for tasks to queue
[2024-11-10T09:45:47.903+0000] {logging_mixin.py:190} INFO - [2024-11-10T09:45:47.903+0000] {dagbag.py:588} INFO - Filling up the DagBag from /opt/airflow/dags/spark_airflow.py
[2024-11-10T09:45:47.921+0000] {processor.py:925} INFO - DAG(s) 'sparking_flow' retrieved from /opt/airflow/dags/spark_airflow.py
[2024-11-10T09:45:47.943+0000] {logging_mixin.py:190} INFO - [2024-11-10T09:45:47.943+0000] {dag.py:3239} INFO - Sync 1 DAGs
[2024-11-10T09:45:47.965+0000] {logging_mixin.py:190} INFO - [2024-11-10T09:45:47.965+0000] {dag.py:4180} INFO - Setting next_dagrun for sparking_flow to 2024-11-10 00:00:00+00:00, run_after=2024-11-11 00:00:00+00:00
[2024-11-10T09:45:47.985+0000] {processor.py:208} INFO - Processing /opt/airflow/dags/spark_airflow.py took 0.088 seconds
[2024-11-10T09:46:18.123+0000] {processor.py:186} INFO - Started process (PID=10805) to work on /opt/airflow/dags/spark_airflow.py
[2024-11-10T09:46:18.124+0000] {processor.py:914} INFO - Processing file /opt/airflow/dags/spark_airflow.py for tasks to queue
[2024-11-10T09:46:18.125+0000] {logging_mixin.py:190} INFO - [2024-11-10T09:46:18.125+0000] {dagbag.py:588} INFO - Filling up the DagBag from /opt/airflow/dags/spark_airflow.py
[2024-11-10T09:46:18.147+0000] {processor.py:925} INFO - DAG(s) 'sparking_flow' retrieved from /opt/airflow/dags/spark_airflow.py
[2024-11-10T09:46:18.174+0000] {logging_mixin.py:190} INFO - [2024-11-10T09:46:18.174+0000] {dag.py:3239} INFO - Sync 1 DAGs
[2024-11-10T09:46:18.198+0000] {logging_mixin.py:190} INFO - [2024-11-10T09:46:18.198+0000] {dag.py:4180} INFO - Setting next_dagrun for sparking_flow to 2024-11-10 00:00:00+00:00, run_after=2024-11-11 00:00:00+00:00
[2024-11-10T09:46:18.216+0000] {processor.py:208} INFO - Processing /opt/airflow/dags/spark_airflow.py took 0.098 seconds
[2024-11-10T09:46:48.455+0000] {processor.py:186} INFO - Started process (PID=10815) to work on /opt/airflow/dags/spark_airflow.py
[2024-11-10T09:46:48.456+0000] {processor.py:914} INFO - Processing file /opt/airflow/dags/spark_airflow.py for tasks to queue
[2024-11-10T09:46:48.457+0000] {logging_mixin.py:190} INFO - [2024-11-10T09:46:48.457+0000] {dagbag.py:588} INFO - Filling up the DagBag from /opt/airflow/dags/spark_airflow.py
[2024-11-10T09:46:48.477+0000] {processor.py:925} INFO - DAG(s) 'sparking_flow' retrieved from /opt/airflow/dags/spark_airflow.py
[2024-11-10T09:46:48.503+0000] {logging_mixin.py:190} INFO - [2024-11-10T09:46:48.503+0000] {dag.py:3239} INFO - Sync 1 DAGs
[2024-11-10T09:46:48.526+0000] {logging_mixin.py:190} INFO - [2024-11-10T09:46:48.526+0000] {dag.py:4180} INFO - Setting next_dagrun for sparking_flow to 2024-11-10 00:00:00+00:00, run_after=2024-11-11 00:00:00+00:00
[2024-11-10T09:46:48.547+0000] {processor.py:208} INFO - Processing /opt/airflow/dags/spark_airflow.py took 0.099 seconds
[2024-11-10T09:47:18.759+0000] {processor.py:186} INFO - Started process (PID=10825) to work on /opt/airflow/dags/spark_airflow.py
[2024-11-10T09:47:18.760+0000] {processor.py:914} INFO - Processing file /opt/airflow/dags/spark_airflow.py for tasks to queue
[2024-11-10T09:47:18.761+0000] {logging_mixin.py:190} INFO - [2024-11-10T09:47:18.761+0000] {dagbag.py:588} INFO - Filling up the DagBag from /opt/airflow/dags/spark_airflow.py
[2024-11-10T09:47:18.777+0000] {processor.py:925} INFO - DAG(s) 'sparking_flow' retrieved from /opt/airflow/dags/spark_airflow.py
[2024-11-10T09:47:18.799+0000] {logging_mixin.py:190} INFO - [2024-11-10T09:47:18.799+0000] {dag.py:3239} INFO - Sync 1 DAGs
[2024-11-10T09:47:18.819+0000] {logging_mixin.py:190} INFO - [2024-11-10T09:47:18.819+0000] {dag.py:4180} INFO - Setting next_dagrun for sparking_flow to 2024-11-10 00:00:00+00:00, run_after=2024-11-11 00:00:00+00:00
[2024-11-10T09:47:18.845+0000] {processor.py:208} INFO - Processing /opt/airflow/dags/spark_airflow.py took 0.090 seconds
[2024-11-10T09:47:48.968+0000] {processor.py:186} INFO - Started process (PID=10835) to work on /opt/airflow/dags/spark_airflow.py
[2024-11-10T09:47:48.969+0000] {processor.py:914} INFO - Processing file /opt/airflow/dags/spark_airflow.py for tasks to queue
[2024-11-10T09:47:48.970+0000] {logging_mixin.py:190} INFO - [2024-11-10T09:47:48.970+0000] {dagbag.py:588} INFO - Filling up the DagBag from /opt/airflow/dags/spark_airflow.py
[2024-11-10T09:47:48.989+0000] {processor.py:925} INFO - DAG(s) 'sparking_flow' retrieved from /opt/airflow/dags/spark_airflow.py
[2024-11-10T09:47:49.012+0000] {logging_mixin.py:190} INFO - [2024-11-10T09:47:49.012+0000] {dag.py:3239} INFO - Sync 1 DAGs
[2024-11-10T09:47:49.033+0000] {logging_mixin.py:190} INFO - [2024-11-10T09:47:49.033+0000] {dag.py:4180} INFO - Setting next_dagrun for sparking_flow to 2024-11-10 00:00:00+00:00, run_after=2024-11-11 00:00:00+00:00
[2024-11-10T09:47:49.052+0000] {processor.py:208} INFO - Processing /opt/airflow/dags/spark_airflow.py took 0.090 seconds
[2024-11-10T09:48:19.265+0000] {processor.py:186} INFO - Started process (PID=10845) to work on /opt/airflow/dags/spark_airflow.py
[2024-11-10T09:48:19.266+0000] {processor.py:914} INFO - Processing file /opt/airflow/dags/spark_airflow.py for tasks to queue
[2024-11-10T09:48:19.267+0000] {logging_mixin.py:190} INFO - [2024-11-10T09:48:19.267+0000] {dagbag.py:588} INFO - Filling up the DagBag from /opt/airflow/dags/spark_airflow.py
[2024-11-10T09:48:19.283+0000] {processor.py:925} INFO - DAG(s) 'sparking_flow' retrieved from /opt/airflow/dags/spark_airflow.py
[2024-11-10T09:48:19.308+0000] {logging_mixin.py:190} INFO - [2024-11-10T09:48:19.308+0000] {dag.py:3239} INFO - Sync 1 DAGs
[2024-11-10T09:48:19.333+0000] {logging_mixin.py:190} INFO - [2024-11-10T09:48:19.332+0000] {dag.py:4180} INFO - Setting next_dagrun for sparking_flow to 2024-11-10 00:00:00+00:00, run_after=2024-11-11 00:00:00+00:00
[2024-11-10T09:48:19.352+0000] {processor.py:208} INFO - Processing /opt/airflow/dags/spark_airflow.py took 0.091 seconds
[2024-11-10T09:48:49.488+0000] {processor.py:186} INFO - Started process (PID=10855) to work on /opt/airflow/dags/spark_airflow.py
[2024-11-10T09:48:49.489+0000] {processor.py:914} INFO - Processing file /opt/airflow/dags/spark_airflow.py for tasks to queue
[2024-11-10T09:48:49.490+0000] {logging_mixin.py:190} INFO - [2024-11-10T09:48:49.490+0000] {dagbag.py:588} INFO - Filling up the DagBag from /opt/airflow/dags/spark_airflow.py
[2024-11-10T09:48:49.515+0000] {processor.py:925} INFO - DAG(s) 'sparking_flow' retrieved from /opt/airflow/dags/spark_airflow.py
[2024-11-10T09:48:49.544+0000] {logging_mixin.py:190} INFO - [2024-11-10T09:48:49.543+0000] {dag.py:3239} INFO - Sync 1 DAGs
[2024-11-10T09:48:49.575+0000] {logging_mixin.py:190} INFO - [2024-11-10T09:48:49.575+0000] {dag.py:4180} INFO - Setting next_dagrun for sparking_flow to 2024-11-10 00:00:00+00:00, run_after=2024-11-11 00:00:00+00:00
[2024-11-10T09:48:49.599+0000] {processor.py:208} INFO - Processing /opt/airflow/dags/spark_airflow.py took 0.116 seconds
[2024-11-10T09:49:19.820+0000] {processor.py:186} INFO - Started process (PID=10865) to work on /opt/airflow/dags/spark_airflow.py
[2024-11-10T09:49:19.820+0000] {processor.py:914} INFO - Processing file /opt/airflow/dags/spark_airflow.py for tasks to queue
[2024-11-10T09:49:19.822+0000] {logging_mixin.py:190} INFO - [2024-11-10T09:49:19.821+0000] {dagbag.py:588} INFO - Filling up the DagBag from /opt/airflow/dags/spark_airflow.py
[2024-11-10T09:49:19.840+0000] {processor.py:925} INFO - DAG(s) 'sparking_flow' retrieved from /opt/airflow/dags/spark_airflow.py
[2024-11-10T09:49:19.873+0000] {logging_mixin.py:190} INFO - [2024-11-10T09:49:19.872+0000] {dag.py:3239} INFO - Sync 1 DAGs
[2024-11-10T09:49:19.896+0000] {logging_mixin.py:190} INFO - [2024-11-10T09:49:19.895+0000] {dag.py:4180} INFO - Setting next_dagrun for sparking_flow to 2024-11-10 00:00:00+00:00, run_after=2024-11-11 00:00:00+00:00
[2024-11-10T09:49:19.914+0000] {processor.py:208} INFO - Processing /opt/airflow/dags/spark_airflow.py took 0.098 seconds
[2024-11-10T09:49:50.073+0000] {processor.py:186} INFO - Started process (PID=10875) to work on /opt/airflow/dags/spark_airflow.py
[2024-11-10T09:49:50.074+0000] {processor.py:914} INFO - Processing file /opt/airflow/dags/spark_airflow.py for tasks to queue
[2024-11-10T09:49:50.075+0000] {logging_mixin.py:190} INFO - [2024-11-10T09:49:50.075+0000] {dagbag.py:588} INFO - Filling up the DagBag from /opt/airflow/dags/spark_airflow.py
[2024-11-10T09:49:50.094+0000] {processor.py:925} INFO - DAG(s) 'sparking_flow' retrieved from /opt/airflow/dags/spark_airflow.py
[2024-11-10T09:49:50.118+0000] {logging_mixin.py:190} INFO - [2024-11-10T09:49:50.118+0000] {dag.py:3239} INFO - Sync 1 DAGs
[2024-11-10T09:49:50.141+0000] {logging_mixin.py:190} INFO - [2024-11-10T09:49:50.140+0000] {dag.py:4180} INFO - Setting next_dagrun for sparking_flow to 2024-11-10 00:00:00+00:00, run_after=2024-11-11 00:00:00+00:00
[2024-11-10T09:49:50.163+0000] {processor.py:208} INFO - Processing /opt/airflow/dags/spark_airflow.py took 0.094 seconds
[2024-11-10T09:50:20.315+0000] {processor.py:186} INFO - Started process (PID=10885) to work on /opt/airflow/dags/spark_airflow.py
[2024-11-10T09:50:20.316+0000] {processor.py:914} INFO - Processing file /opt/airflow/dags/spark_airflow.py for tasks to queue
[2024-11-10T09:50:20.317+0000] {logging_mixin.py:190} INFO - [2024-11-10T09:50:20.317+0000] {dagbag.py:588} INFO - Filling up the DagBag from /opt/airflow/dags/spark_airflow.py
[2024-11-10T09:50:20.337+0000] {processor.py:925} INFO - DAG(s) 'sparking_flow' retrieved from /opt/airflow/dags/spark_airflow.py
[2024-11-10T09:50:20.361+0000] {logging_mixin.py:190} INFO - [2024-11-10T09:50:20.361+0000] {dag.py:3239} INFO - Sync 1 DAGs
[2024-11-10T09:50:20.383+0000] {logging_mixin.py:190} INFO - [2024-11-10T09:50:20.383+0000] {dag.py:4180} INFO - Setting next_dagrun for sparking_flow to 2024-11-10 00:00:00+00:00, run_after=2024-11-11 00:00:00+00:00
[2024-11-10T09:50:20.401+0000] {processor.py:208} INFO - Processing /opt/airflow/dags/spark_airflow.py took 0.092 seconds
[2024-11-10T09:50:50.625+0000] {processor.py:186} INFO - Started process (PID=10895) to work on /opt/airflow/dags/spark_airflow.py
[2024-11-10T09:50:50.626+0000] {processor.py:914} INFO - Processing file /opt/airflow/dags/spark_airflow.py for tasks to queue
[2024-11-10T09:50:50.627+0000] {logging_mixin.py:190} INFO - [2024-11-10T09:50:50.627+0000] {dagbag.py:588} INFO - Filling up the DagBag from /opt/airflow/dags/spark_airflow.py
[2024-11-10T09:50:50.644+0000] {processor.py:925} INFO - DAG(s) 'sparking_flow' retrieved from /opt/airflow/dags/spark_airflow.py
[2024-11-10T09:50:50.666+0000] {logging_mixin.py:190} INFO - [2024-11-10T09:50:50.665+0000] {dag.py:3239} INFO - Sync 1 DAGs
[2024-11-10T09:50:50.685+0000] {logging_mixin.py:190} INFO - [2024-11-10T09:50:50.685+0000] {dag.py:4180} INFO - Setting next_dagrun for sparking_flow to 2024-11-10 00:00:00+00:00, run_after=2024-11-11 00:00:00+00:00
[2024-11-10T09:50:50.704+0000] {processor.py:208} INFO - Processing /opt/airflow/dags/spark_airflow.py took 0.082 seconds
[2024-11-10T09:51:20.843+0000] {processor.py:186} INFO - Started process (PID=10905) to work on /opt/airflow/dags/spark_airflow.py
[2024-11-10T09:51:20.844+0000] {processor.py:914} INFO - Processing file /opt/airflow/dags/spark_airflow.py for tasks to queue
[2024-11-10T09:51:20.845+0000] {logging_mixin.py:190} INFO - [2024-11-10T09:51:20.845+0000] {dagbag.py:588} INFO - Filling up the DagBag from /opt/airflow/dags/spark_airflow.py
[2024-11-10T09:51:20.862+0000] {processor.py:925} INFO - DAG(s) 'sparking_flow' retrieved from /opt/airflow/dags/spark_airflow.py
[2024-11-10T09:51:20.885+0000] {logging_mixin.py:190} INFO - [2024-11-10T09:51:20.885+0000] {dag.py:3239} INFO - Sync 1 DAGs
[2024-11-10T09:51:20.906+0000] {logging_mixin.py:190} INFO - [2024-11-10T09:51:20.906+0000] {dag.py:4180} INFO - Setting next_dagrun for sparking_flow to 2024-11-10 00:00:00+00:00, run_after=2024-11-11 00:00:00+00:00
[2024-11-10T09:51:20.922+0000] {processor.py:208} INFO - Processing /opt/airflow/dags/spark_airflow.py took 0.084 seconds
[2024-11-10T09:51:51.140+0000] {processor.py:186} INFO - Started process (PID=10915) to work on /opt/airflow/dags/spark_airflow.py
[2024-11-10T09:51:51.141+0000] {processor.py:914} INFO - Processing file /opt/airflow/dags/spark_airflow.py for tasks to queue
[2024-11-10T09:51:51.142+0000] {logging_mixin.py:190} INFO - [2024-11-10T09:51:51.142+0000] {dagbag.py:588} INFO - Filling up the DagBag from /opt/airflow/dags/spark_airflow.py
[2024-11-10T09:51:51.162+0000] {processor.py:925} INFO - DAG(s) 'sparking_flow' retrieved from /opt/airflow/dags/spark_airflow.py
[2024-11-10T09:51:51.185+0000] {logging_mixin.py:190} INFO - [2024-11-10T09:51:51.185+0000] {dag.py:3239} INFO - Sync 1 DAGs
[2024-11-10T09:51:51.206+0000] {logging_mixin.py:190} INFO - [2024-11-10T09:51:51.206+0000] {dag.py:4180} INFO - Setting next_dagrun for sparking_flow to 2024-11-10 00:00:00+00:00, run_after=2024-11-11 00:00:00+00:00
[2024-11-10T09:51:51.223+0000] {processor.py:208} INFO - Processing /opt/airflow/dags/spark_airflow.py took 0.087 seconds
[2024-11-10T09:52:21.466+0000] {processor.py:186} INFO - Started process (PID=10925) to work on /opt/airflow/dags/spark_airflow.py
[2024-11-10T09:52:21.466+0000] {processor.py:914} INFO - Processing file /opt/airflow/dags/spark_airflow.py for tasks to queue
[2024-11-10T09:52:21.468+0000] {logging_mixin.py:190} INFO - [2024-11-10T09:52:21.468+0000] {dagbag.py:588} INFO - Filling up the DagBag from /opt/airflow/dags/spark_airflow.py
[2024-11-10T09:52:21.488+0000] {processor.py:925} INFO - DAG(s) 'sparking_flow' retrieved from /opt/airflow/dags/spark_airflow.py
[2024-11-10T09:52:21.513+0000] {logging_mixin.py:190} INFO - [2024-11-10T09:52:21.513+0000] {dag.py:3239} INFO - Sync 1 DAGs
[2024-11-10T09:52:21.539+0000] {logging_mixin.py:190} INFO - [2024-11-10T09:52:21.538+0000] {dag.py:4180} INFO - Setting next_dagrun for sparking_flow to 2024-11-10 00:00:00+00:00, run_after=2024-11-11 00:00:00+00:00
[2024-11-10T09:52:21.557+0000] {processor.py:208} INFO - Processing /opt/airflow/dags/spark_airflow.py took 0.097 seconds
[2024-11-10T09:52:51.707+0000] {processor.py:186} INFO - Started process (PID=10935) to work on /opt/airflow/dags/spark_airflow.py
[2024-11-10T09:52:51.708+0000] {processor.py:914} INFO - Processing file /opt/airflow/dags/spark_airflow.py for tasks to queue
[2024-11-10T09:52:51.709+0000] {logging_mixin.py:190} INFO - [2024-11-10T09:52:51.709+0000] {dagbag.py:588} INFO - Filling up the DagBag from /opt/airflow/dags/spark_airflow.py
[2024-11-10T09:52:51.731+0000] {processor.py:925} INFO - DAG(s) 'sparking_flow' retrieved from /opt/airflow/dags/spark_airflow.py
[2024-11-10T09:52:51.760+0000] {logging_mixin.py:190} INFO - [2024-11-10T09:52:51.759+0000] {dag.py:3239} INFO - Sync 1 DAGs
[2024-11-10T09:52:51.781+0000] {logging_mixin.py:190} INFO - [2024-11-10T09:52:51.781+0000] {dag.py:4180} INFO - Setting next_dagrun for sparking_flow to 2024-11-10 00:00:00+00:00, run_after=2024-11-11 00:00:00+00:00
[2024-11-10T09:52:51.798+0000] {processor.py:208} INFO - Processing /opt/airflow/dags/spark_airflow.py took 0.098 seconds
[2024-11-10T09:53:22.001+0000] {processor.py:186} INFO - Started process (PID=10945) to work on /opt/airflow/dags/spark_airflow.py
[2024-11-10T09:53:22.002+0000] {processor.py:914} INFO - Processing file /opt/airflow/dags/spark_airflow.py for tasks to queue
[2024-11-10T09:53:22.004+0000] {logging_mixin.py:190} INFO - [2024-11-10T09:53:22.003+0000] {dagbag.py:588} INFO - Filling up the DagBag from /opt/airflow/dags/spark_airflow.py
[2024-11-10T09:53:22.028+0000] {processor.py:925} INFO - DAG(s) 'sparking_flow' retrieved from /opt/airflow/dags/spark_airflow.py
[2024-11-10T09:53:22.057+0000] {logging_mixin.py:190} INFO - [2024-11-10T09:53:22.057+0000] {dag.py:3239} INFO - Sync 1 DAGs
[2024-11-10T09:53:22.084+0000] {logging_mixin.py:190} INFO - [2024-11-10T09:53:22.084+0000] {dag.py:4180} INFO - Setting next_dagrun for sparking_flow to 2024-11-10 00:00:00+00:00, run_after=2024-11-11 00:00:00+00:00
[2024-11-10T09:53:22.108+0000] {processor.py:208} INFO - Processing /opt/airflow/dags/spark_airflow.py took 0.111 seconds
[2024-11-10T09:53:52.339+0000] {processor.py:186} INFO - Started process (PID=10955) to work on /opt/airflow/dags/spark_airflow.py
[2024-11-10T09:53:52.340+0000] {processor.py:914} INFO - Processing file /opt/airflow/dags/spark_airflow.py for tasks to queue
[2024-11-10T09:53:52.341+0000] {logging_mixin.py:190} INFO - [2024-11-10T09:53:52.341+0000] {dagbag.py:588} INFO - Filling up the DagBag from /opt/airflow/dags/spark_airflow.py
[2024-11-10T09:53:52.360+0000] {processor.py:925} INFO - DAG(s) 'sparking_flow' retrieved from /opt/airflow/dags/spark_airflow.py
[2024-11-10T09:53:52.384+0000] {logging_mixin.py:190} INFO - [2024-11-10T09:53:52.384+0000] {dag.py:3239} INFO - Sync 1 DAGs
[2024-11-10T09:53:52.409+0000] {logging_mixin.py:190} INFO - [2024-11-10T09:53:52.408+0000] {dag.py:4180} INFO - Setting next_dagrun for sparking_flow to 2024-11-10 00:00:00+00:00, run_after=2024-11-11 00:00:00+00:00
[2024-11-10T09:53:52.434+0000] {processor.py:208} INFO - Processing /opt/airflow/dags/spark_airflow.py took 0.099 seconds
[2024-11-10T09:54:22.656+0000] {processor.py:186} INFO - Started process (PID=10965) to work on /opt/airflow/dags/spark_airflow.py
[2024-11-10T09:54:22.657+0000] {processor.py:914} INFO - Processing file /opt/airflow/dags/spark_airflow.py for tasks to queue
[2024-11-10T09:54:22.659+0000] {logging_mixin.py:190} INFO - [2024-11-10T09:54:22.658+0000] {dagbag.py:588} INFO - Filling up the DagBag from /opt/airflow/dags/spark_airflow.py
[2024-11-10T09:54:22.680+0000] {processor.py:925} INFO - DAG(s) 'sparking_flow' retrieved from /opt/airflow/dags/spark_airflow.py
[2024-11-10T09:54:22.708+0000] {logging_mixin.py:190} INFO - [2024-11-10T09:54:22.708+0000] {dag.py:3239} INFO - Sync 1 DAGs
[2024-11-10T09:54:22.731+0000] {logging_mixin.py:190} INFO - [2024-11-10T09:54:22.731+0000] {dag.py:4180} INFO - Setting next_dagrun for sparking_flow to 2024-11-10 00:00:00+00:00, run_after=2024-11-11 00:00:00+00:00
[2024-11-10T09:54:22.749+0000] {processor.py:208} INFO - Processing /opt/airflow/dags/spark_airflow.py took 0.098 seconds
[2024-11-10T09:54:52.998+0000] {processor.py:186} INFO - Started process (PID=10975) to work on /opt/airflow/dags/spark_airflow.py
[2024-11-10T09:54:52.999+0000] {processor.py:914} INFO - Processing file /opt/airflow/dags/spark_airflow.py for tasks to queue
[2024-11-10T09:54:53.000+0000] {logging_mixin.py:190} INFO - [2024-11-10T09:54:53.000+0000] {dagbag.py:588} INFO - Filling up the DagBag from /opt/airflow/dags/spark_airflow.py
[2024-11-10T09:54:53.017+0000] {processor.py:925} INFO - DAG(s) 'sparking_flow' retrieved from /opt/airflow/dags/spark_airflow.py
[2024-11-10T09:54:53.042+0000] {logging_mixin.py:190} INFO - [2024-11-10T09:54:53.042+0000] {dag.py:3239} INFO - Sync 1 DAGs
[2024-11-10T09:54:53.062+0000] {logging_mixin.py:190} INFO - [2024-11-10T09:54:53.062+0000] {dag.py:4180} INFO - Setting next_dagrun for sparking_flow to 2024-11-10 00:00:00+00:00, run_after=2024-11-11 00:00:00+00:00
[2024-11-10T09:54:53.078+0000] {processor.py:208} INFO - Processing /opt/airflow/dags/spark_airflow.py took 0.085 seconds
[2024-11-10T09:55:23.286+0000] {processor.py:186} INFO - Started process (PID=10985) to work on /opt/airflow/dags/spark_airflow.py
[2024-11-10T09:55:23.286+0000] {processor.py:914} INFO - Processing file /opt/airflow/dags/spark_airflow.py for tasks to queue
[2024-11-10T09:55:23.288+0000] {logging_mixin.py:190} INFO - [2024-11-10T09:55:23.287+0000] {dagbag.py:588} INFO - Filling up the DagBag from /opt/airflow/dags/spark_airflow.py
[2024-11-10T09:55:23.305+0000] {processor.py:925} INFO - DAG(s) 'sparking_flow' retrieved from /opt/airflow/dags/spark_airflow.py
[2024-11-10T09:55:23.327+0000] {logging_mixin.py:190} INFO - [2024-11-10T09:55:23.327+0000] {dag.py:3239} INFO - Sync 1 DAGs
[2024-11-10T09:55:23.348+0000] {logging_mixin.py:190} INFO - [2024-11-10T09:55:23.347+0000] {dag.py:4180} INFO - Setting next_dagrun for sparking_flow to 2024-11-10 00:00:00+00:00, run_after=2024-11-11 00:00:00+00:00
[2024-11-10T09:55:23.363+0000] {processor.py:208} INFO - Processing /opt/airflow/dags/spark_airflow.py took 0.080 seconds
[2024-11-10T09:55:53.576+0000] {processor.py:186} INFO - Started process (PID=10995) to work on /opt/airflow/dags/spark_airflow.py
[2024-11-10T09:55:53.577+0000] {processor.py:914} INFO - Processing file /opt/airflow/dags/spark_airflow.py for tasks to queue
[2024-11-10T09:55:53.577+0000] {logging_mixin.py:190} INFO - [2024-11-10T09:55:53.577+0000] {dagbag.py:588} INFO - Filling up the DagBag from /opt/airflow/dags/spark_airflow.py
[2024-11-10T09:55:53.596+0000] {processor.py:925} INFO - DAG(s) 'sparking_flow' retrieved from /opt/airflow/dags/spark_airflow.py
[2024-11-10T09:55:53.618+0000] {logging_mixin.py:190} INFO - [2024-11-10T09:55:53.617+0000] {dag.py:3239} INFO - Sync 1 DAGs
[2024-11-10T09:55:53.638+0000] {logging_mixin.py:190} INFO - [2024-11-10T09:55:53.637+0000] {dag.py:4180} INFO - Setting next_dagrun for sparking_flow to 2024-11-10 00:00:00+00:00, run_after=2024-11-11 00:00:00+00:00
[2024-11-10T09:55:53.653+0000] {processor.py:208} INFO - Processing /opt/airflow/dags/spark_airflow.py took 0.081 seconds
[2024-11-10T09:56:23.773+0000] {processor.py:186} INFO - Started process (PID=11005) to work on /opt/airflow/dags/spark_airflow.py
[2024-11-10T09:56:23.774+0000] {processor.py:914} INFO - Processing file /opt/airflow/dags/spark_airflow.py for tasks to queue
[2024-11-10T09:56:23.775+0000] {logging_mixin.py:190} INFO - [2024-11-10T09:56:23.775+0000] {dagbag.py:588} INFO - Filling up the DagBag from /opt/airflow/dags/spark_airflow.py
[2024-11-10T09:56:23.793+0000] {processor.py:925} INFO - DAG(s) 'sparking_flow' retrieved from /opt/airflow/dags/spark_airflow.py
[2024-11-10T09:56:23.815+0000] {logging_mixin.py:190} INFO - [2024-11-10T09:56:23.815+0000] {dag.py:3239} INFO - Sync 1 DAGs
[2024-11-10T09:56:23.837+0000] {logging_mixin.py:190} INFO - [2024-11-10T09:56:23.837+0000] {dag.py:4180} INFO - Setting next_dagrun for sparking_flow to 2024-11-10 00:00:00+00:00, run_after=2024-11-11 00:00:00+00:00
[2024-11-10T09:56:23.856+0000] {processor.py:208} INFO - Processing /opt/airflow/dags/spark_airflow.py took 0.088 seconds
[2024-11-10T09:56:54.072+0000] {processor.py:186} INFO - Started process (PID=11015) to work on /opt/airflow/dags/spark_airflow.py
[2024-11-10T09:56:54.072+0000] {processor.py:914} INFO - Processing file /opt/airflow/dags/spark_airflow.py for tasks to queue
[2024-11-10T09:56:54.073+0000] {logging_mixin.py:190} INFO - [2024-11-10T09:56:54.073+0000] {dagbag.py:588} INFO - Filling up the DagBag from /opt/airflow/dags/spark_airflow.py
[2024-11-10T09:56:54.091+0000] {processor.py:925} INFO - DAG(s) 'sparking_flow' retrieved from /opt/airflow/dags/spark_airflow.py
[2024-11-10T09:56:54.112+0000] {logging_mixin.py:190} INFO - [2024-11-10T09:56:54.112+0000] {dag.py:3239} INFO - Sync 1 DAGs
[2024-11-10T09:56:54.133+0000] {logging_mixin.py:190} INFO - [2024-11-10T09:56:54.133+0000] {dag.py:4180} INFO - Setting next_dagrun for sparking_flow to 2024-11-10 00:00:00+00:00, run_after=2024-11-11 00:00:00+00:00
[2024-11-10T09:56:54.148+0000] {processor.py:208} INFO - Processing /opt/airflow/dags/spark_airflow.py took 0.080 seconds
[2024-11-10T09:57:24.281+0000] {processor.py:186} INFO - Started process (PID=11025) to work on /opt/airflow/dags/spark_airflow.py
[2024-11-10T09:57:24.281+0000] {processor.py:914} INFO - Processing file /opt/airflow/dags/spark_airflow.py for tasks to queue
[2024-11-10T09:57:24.283+0000] {logging_mixin.py:190} INFO - [2024-11-10T09:57:24.282+0000] {dagbag.py:588} INFO - Filling up the DagBag from /opt/airflow/dags/spark_airflow.py
[2024-11-10T09:57:24.305+0000] {processor.py:925} INFO - DAG(s) 'sparking_flow' retrieved from /opt/airflow/dags/spark_airflow.py
[2024-11-10T09:57:24.329+0000] {logging_mixin.py:190} INFO - [2024-11-10T09:57:24.329+0000] {dag.py:3239} INFO - Sync 1 DAGs
[2024-11-10T09:57:24.352+0000] {logging_mixin.py:190} INFO - [2024-11-10T09:57:24.352+0000] {dag.py:4180} INFO - Setting next_dagrun for sparking_flow to 2024-11-10 00:00:00+00:00, run_after=2024-11-11 00:00:00+00:00
[2024-11-10T09:57:24.370+0000] {processor.py:208} INFO - Processing /opt/airflow/dags/spark_airflow.py took 0.095 seconds
[2024-11-10T09:57:54.581+0000] {processor.py:186} INFO - Started process (PID=11035) to work on /opt/airflow/dags/spark_airflow.py
[2024-11-10T09:57:54.582+0000] {processor.py:914} INFO - Processing file /opt/airflow/dags/spark_airflow.py for tasks to queue
[2024-11-10T09:57:54.583+0000] {logging_mixin.py:190} INFO - [2024-11-10T09:57:54.583+0000] {dagbag.py:588} INFO - Filling up the DagBag from /opt/airflow/dags/spark_airflow.py
[2024-11-10T09:57:54.600+0000] {processor.py:925} INFO - DAG(s) 'sparking_flow' retrieved from /opt/airflow/dags/spark_airflow.py
[2024-11-10T09:57:54.624+0000] {logging_mixin.py:190} INFO - [2024-11-10T09:57:54.623+0000] {dag.py:3239} INFO - Sync 1 DAGs
[2024-11-10T09:57:54.644+0000] {logging_mixin.py:190} INFO - [2024-11-10T09:57:54.644+0000] {dag.py:4180} INFO - Setting next_dagrun for sparking_flow to 2024-11-10 00:00:00+00:00, run_after=2024-11-11 00:00:00+00:00
[2024-11-10T09:57:54.661+0000] {processor.py:208} INFO - Processing /opt/airflow/dags/spark_airflow.py took 0.083 seconds
[2024-11-10T09:58:24.872+0000] {processor.py:186} INFO - Started process (PID=11045) to work on /opt/airflow/dags/spark_airflow.py
[2024-11-10T09:58:24.873+0000] {processor.py:914} INFO - Processing file /opt/airflow/dags/spark_airflow.py for tasks to queue
[2024-11-10T09:58:24.874+0000] {logging_mixin.py:190} INFO - [2024-11-10T09:58:24.874+0000] {dagbag.py:588} INFO - Filling up the DagBag from /opt/airflow/dags/spark_airflow.py
[2024-11-10T09:58:24.892+0000] {processor.py:925} INFO - DAG(s) 'sparking_flow' retrieved from /opt/airflow/dags/spark_airflow.py
[2024-11-10T09:58:24.917+0000] {logging_mixin.py:190} INFO - [2024-11-10T09:58:24.917+0000] {dag.py:3239} INFO - Sync 1 DAGs
[2024-11-10T09:58:24.940+0000] {logging_mixin.py:190} INFO - [2024-11-10T09:58:24.939+0000] {dag.py:4180} INFO - Setting next_dagrun for sparking_flow to 2024-11-10 00:00:00+00:00, run_after=2024-11-11 00:00:00+00:00
[2024-11-10T09:58:24.956+0000] {processor.py:208} INFO - Processing /opt/airflow/dags/spark_airflow.py took 0.087 seconds
[2024-11-10T09:58:55.172+0000] {processor.py:186} INFO - Started process (PID=11055) to work on /opt/airflow/dags/spark_airflow.py
[2024-11-10T09:58:55.173+0000] {processor.py:914} INFO - Processing file /opt/airflow/dags/spark_airflow.py for tasks to queue
[2024-11-10T09:58:55.174+0000] {logging_mixin.py:190} INFO - [2024-11-10T09:58:55.174+0000] {dagbag.py:588} INFO - Filling up the DagBag from /opt/airflow/dags/spark_airflow.py
[2024-11-10T09:58:55.191+0000] {processor.py:925} INFO - DAG(s) 'sparking_flow' retrieved from /opt/airflow/dags/spark_airflow.py
[2024-11-10T09:58:55.215+0000] {logging_mixin.py:190} INFO - [2024-11-10T09:58:55.214+0000] {dag.py:3239} INFO - Sync 1 DAGs
[2024-11-10T09:58:55.234+0000] {logging_mixin.py:190} INFO - [2024-11-10T09:58:55.233+0000] {dag.py:4180} INFO - Setting next_dagrun for sparking_flow to 2024-11-10 00:00:00+00:00, run_after=2024-11-11 00:00:00+00:00
[2024-11-10T09:58:55.249+0000] {processor.py:208} INFO - Processing /opt/airflow/dags/spark_airflow.py took 0.080 seconds
[2024-11-10T09:59:25.468+0000] {processor.py:186} INFO - Started process (PID=11065) to work on /opt/airflow/dags/spark_airflow.py
[2024-11-10T09:59:25.469+0000] {processor.py:914} INFO - Processing file /opt/airflow/dags/spark_airflow.py for tasks to queue
[2024-11-10T09:59:25.470+0000] {logging_mixin.py:190} INFO - [2024-11-10T09:59:25.470+0000] {dagbag.py:588} INFO - Filling up the DagBag from /opt/airflow/dags/spark_airflow.py
[2024-11-10T09:59:25.488+0000] {processor.py:925} INFO - DAG(s) 'sparking_flow' retrieved from /opt/airflow/dags/spark_airflow.py
[2024-11-10T09:59:25.511+0000] {logging_mixin.py:190} INFO - [2024-11-10T09:59:25.511+0000] {dag.py:3239} INFO - Sync 1 DAGs
[2024-11-10T09:59:25.531+0000] {logging_mixin.py:190} INFO - [2024-11-10T09:59:25.531+0000] {dag.py:4180} INFO - Setting next_dagrun for sparking_flow to 2024-11-10 00:00:00+00:00, run_after=2024-11-11 00:00:00+00:00
[2024-11-10T09:59:25.549+0000] {processor.py:208} INFO - Processing /opt/airflow/dags/spark_airflow.py took 0.087 seconds
[2024-11-10T09:59:55.791+0000] {processor.py:186} INFO - Started process (PID=11075) to work on /opt/airflow/dags/spark_airflow.py
[2024-11-10T09:59:55.792+0000] {processor.py:914} INFO - Processing file /opt/airflow/dags/spark_airflow.py for tasks to queue
[2024-11-10T09:59:55.793+0000] {logging_mixin.py:190} INFO - [2024-11-10T09:59:55.793+0000] {dagbag.py:588} INFO - Filling up the DagBag from /opt/airflow/dags/spark_airflow.py
[2024-11-10T09:59:55.810+0000] {processor.py:925} INFO - DAG(s) 'sparking_flow' retrieved from /opt/airflow/dags/spark_airflow.py
[2024-11-10T09:59:55.834+0000] {logging_mixin.py:190} INFO - [2024-11-10T09:59:55.834+0000] {dag.py:3239} INFO - Sync 1 DAGs
[2024-11-10T09:59:55.856+0000] {logging_mixin.py:190} INFO - [2024-11-10T09:59:55.856+0000] {dag.py:4180} INFO - Setting next_dagrun for sparking_flow to 2024-11-10 00:00:00+00:00, run_after=2024-11-11 00:00:00+00:00
[2024-11-10T09:59:55.880+0000] {processor.py:208} INFO - Processing /opt/airflow/dags/spark_airflow.py took 0.093 seconds
[2024-11-10T10:00:25.989+0000] {processor.py:186} INFO - Started process (PID=11085) to work on /opt/airflow/dags/spark_airflow.py
[2024-11-10T10:00:25.990+0000] {processor.py:914} INFO - Processing file /opt/airflow/dags/spark_airflow.py for tasks to queue
[2024-11-10T10:00:25.991+0000] {logging_mixin.py:190} INFO - [2024-11-10T10:00:25.991+0000] {dagbag.py:588} INFO - Filling up the DagBag from /opt/airflow/dags/spark_airflow.py
[2024-11-10T10:00:26.010+0000] {processor.py:925} INFO - DAG(s) 'sparking_flow' retrieved from /opt/airflow/dags/spark_airflow.py
[2024-11-10T10:00:26.040+0000] {logging_mixin.py:190} INFO - [2024-11-10T10:00:26.039+0000] {dag.py:3239} INFO - Sync 1 DAGs
[2024-11-10T10:00:26.062+0000] {logging_mixin.py:190} INFO - [2024-11-10T10:00:26.062+0000] {dag.py:4180} INFO - Setting next_dagrun for sparking_flow to 2024-11-10 00:00:00+00:00, run_after=2024-11-11 00:00:00+00:00
[2024-11-10T10:00:26.080+0000] {processor.py:208} INFO - Processing /opt/airflow/dags/spark_airflow.py took 0.097 seconds
[2024-11-10T10:00:56.296+0000] {processor.py:186} INFO - Started process (PID=11095) to work on /opt/airflow/dags/spark_airflow.py
[2024-11-10T10:00:56.297+0000] {processor.py:914} INFO - Processing file /opt/airflow/dags/spark_airflow.py for tasks to queue
[2024-11-10T10:00:56.298+0000] {logging_mixin.py:190} INFO - [2024-11-10T10:00:56.297+0000] {dagbag.py:588} INFO - Filling up the DagBag from /opt/airflow/dags/spark_airflow.py
[2024-11-10T10:00:56.317+0000] {processor.py:925} INFO - DAG(s) 'sparking_flow' retrieved from /opt/airflow/dags/spark_airflow.py
[2024-11-10T10:00:56.344+0000] {logging_mixin.py:190} INFO - [2024-11-10T10:00:56.343+0000] {dag.py:3239} INFO - Sync 1 DAGs
[2024-11-10T10:00:56.369+0000] {logging_mixin.py:190} INFO - [2024-11-10T10:00:56.369+0000] {dag.py:4180} INFO - Setting next_dagrun for sparking_flow to 2024-11-10 00:00:00+00:00, run_after=2024-11-11 00:00:00+00:00
[2024-11-10T10:00:56.388+0000] {processor.py:208} INFO - Processing /opt/airflow/dags/spark_airflow.py took 0.096 seconds
[2024-11-10T10:01:26.514+0000] {processor.py:186} INFO - Started process (PID=11105) to work on /opt/airflow/dags/spark_airflow.py
[2024-11-10T10:01:26.515+0000] {processor.py:914} INFO - Processing file /opt/airflow/dags/spark_airflow.py for tasks to queue
[2024-11-10T10:01:26.516+0000] {logging_mixin.py:190} INFO - [2024-11-10T10:01:26.516+0000] {dagbag.py:588} INFO - Filling up the DagBag from /opt/airflow/dags/spark_airflow.py
[2024-11-10T10:01:26.533+0000] {processor.py:925} INFO - DAG(s) 'sparking_flow' retrieved from /opt/airflow/dags/spark_airflow.py
[2024-11-10T10:01:26.555+0000] {logging_mixin.py:190} INFO - [2024-11-10T10:01:26.555+0000] {dag.py:3239} INFO - Sync 1 DAGs
[2024-11-10T10:01:26.575+0000] {logging_mixin.py:190} INFO - [2024-11-10T10:01:26.575+0000] {dag.py:4180} INFO - Setting next_dagrun for sparking_flow to 2024-11-10 00:00:00+00:00, run_after=2024-11-11 00:00:00+00:00
[2024-11-10T10:01:26.591+0000] {processor.py:208} INFO - Processing /opt/airflow/dags/spark_airflow.py took 0.082 seconds
[2024-11-10T10:01:56.798+0000] {processor.py:186} INFO - Started process (PID=11115) to work on /opt/airflow/dags/spark_airflow.py
[2024-11-10T10:01:56.799+0000] {processor.py:914} INFO - Processing file /opt/airflow/dags/spark_airflow.py for tasks to queue
[2024-11-10T10:01:56.800+0000] {logging_mixin.py:190} INFO - [2024-11-10T10:01:56.799+0000] {dagbag.py:588} INFO - Filling up the DagBag from /opt/airflow/dags/spark_airflow.py
[2024-11-10T10:01:56.817+0000] {processor.py:925} INFO - DAG(s) 'sparking_flow' retrieved from /opt/airflow/dags/spark_airflow.py
[2024-11-10T10:01:56.844+0000] {logging_mixin.py:190} INFO - [2024-11-10T10:01:56.843+0000] {dag.py:3239} INFO - Sync 1 DAGs
[2024-11-10T10:01:56.867+0000] {logging_mixin.py:190} INFO - [2024-11-10T10:01:56.867+0000] {dag.py:4180} INFO - Setting next_dagrun for sparking_flow to 2024-11-10 00:00:00+00:00, run_after=2024-11-11 00:00:00+00:00
[2024-11-10T10:01:56.884+0000] {processor.py:208} INFO - Processing /opt/airflow/dags/spark_airflow.py took 0.090 seconds
[2024-11-10T10:02:27.098+0000] {processor.py:186} INFO - Started process (PID=11125) to work on /opt/airflow/dags/spark_airflow.py
[2024-11-10T10:02:27.099+0000] {processor.py:914} INFO - Processing file /opt/airflow/dags/spark_airflow.py for tasks to queue
[2024-11-10T10:02:27.100+0000] {logging_mixin.py:190} INFO - [2024-11-10T10:02:27.100+0000] {dagbag.py:588} INFO - Filling up the DagBag from /opt/airflow/dags/spark_airflow.py
[2024-11-10T10:02:27.117+0000] {processor.py:925} INFO - DAG(s) 'sparking_flow' retrieved from /opt/airflow/dags/spark_airflow.py
[2024-11-10T10:02:27.141+0000] {logging_mixin.py:190} INFO - [2024-11-10T10:02:27.141+0000] {dag.py:3239} INFO - Sync 1 DAGs
[2024-11-10T10:02:27.164+0000] {logging_mixin.py:190} INFO - [2024-11-10T10:02:27.164+0000] {dag.py:4180} INFO - Setting next_dagrun for sparking_flow to 2024-11-10 00:00:00+00:00, run_after=2024-11-11 00:00:00+00:00
[2024-11-10T10:02:27.180+0000] {processor.py:208} INFO - Processing /opt/airflow/dags/spark_airflow.py took 0.087 seconds
[2024-11-10T10:02:57.400+0000] {processor.py:186} INFO - Started process (PID=11135) to work on /opt/airflow/dags/spark_airflow.py
[2024-11-10T10:02:57.401+0000] {processor.py:914} INFO - Processing file /opt/airflow/dags/spark_airflow.py for tasks to queue
[2024-11-10T10:02:57.402+0000] {logging_mixin.py:190} INFO - [2024-11-10T10:02:57.402+0000] {dagbag.py:588} INFO - Filling up the DagBag from /opt/airflow/dags/spark_airflow.py
[2024-11-10T10:02:57.421+0000] {processor.py:925} INFO - DAG(s) 'sparking_flow' retrieved from /opt/airflow/dags/spark_airflow.py
[2024-11-10T10:02:57.445+0000] {logging_mixin.py:190} INFO - [2024-11-10T10:02:57.445+0000] {dag.py:3239} INFO - Sync 1 DAGs
[2024-11-10T10:02:57.467+0000] {logging_mixin.py:190} INFO - [2024-11-10T10:02:57.467+0000] {dag.py:4180} INFO - Setting next_dagrun for sparking_flow to 2024-11-10 00:00:00+00:00, run_after=2024-11-11 00:00:00+00:00
[2024-11-10T10:02:57.484+0000] {processor.py:208} INFO - Processing /opt/airflow/dags/spark_airflow.py took 0.089 seconds
[2024-11-10T10:03:27.621+0000] {processor.py:186} INFO - Started process (PID=11145) to work on /opt/airflow/dags/spark_airflow.py
[2024-11-10T10:03:27.622+0000] {processor.py:914} INFO - Processing file /opt/airflow/dags/spark_airflow.py for tasks to queue
[2024-11-10T10:03:27.623+0000] {logging_mixin.py:190} INFO - [2024-11-10T10:03:27.623+0000] {dagbag.py:588} INFO - Filling up the DagBag from /opt/airflow/dags/spark_airflow.py
[2024-11-10T10:03:27.645+0000] {processor.py:925} INFO - DAG(s) 'sparking_flow' retrieved from /opt/airflow/dags/spark_airflow.py
[2024-11-10T10:03:27.672+0000] {logging_mixin.py:190} INFO - [2024-11-10T10:03:27.671+0000] {dag.py:3239} INFO - Sync 1 DAGs
[2024-11-10T10:03:27.693+0000] {logging_mixin.py:190} INFO - [2024-11-10T10:03:27.693+0000] {dag.py:4180} INFO - Setting next_dagrun for sparking_flow to 2024-11-10 00:00:00+00:00, run_after=2024-11-11 00:00:00+00:00
[2024-11-10T10:03:27.711+0000] {processor.py:208} INFO - Processing /opt/airflow/dags/spark_airflow.py took 0.095 seconds
[2024-11-10T10:03:57.939+0000] {processor.py:186} INFO - Started process (PID=11155) to work on /opt/airflow/dags/spark_airflow.py
[2024-11-10T10:03:57.940+0000] {processor.py:914} INFO - Processing file /opt/airflow/dags/spark_airflow.py for tasks to queue
[2024-11-10T10:03:57.941+0000] {logging_mixin.py:190} INFO - [2024-11-10T10:03:57.941+0000] {dagbag.py:588} INFO - Filling up the DagBag from /opt/airflow/dags/spark_airflow.py
[2024-11-10T10:03:57.961+0000] {processor.py:925} INFO - DAG(s) 'sparking_flow' retrieved from /opt/airflow/dags/spark_airflow.py
[2024-11-10T10:03:57.986+0000] {logging_mixin.py:190} INFO - [2024-11-10T10:03:57.985+0000] {dag.py:3239} INFO - Sync 1 DAGs
[2024-11-10T10:03:58.006+0000] {logging_mixin.py:190} INFO - [2024-11-10T10:03:58.006+0000] {dag.py:4180} INFO - Setting next_dagrun for sparking_flow to 2024-11-10 00:00:00+00:00, run_after=2024-11-11 00:00:00+00:00
[2024-11-10T10:03:58.022+0000] {processor.py:208} INFO - Processing /opt/airflow/dags/spark_airflow.py took 0.087 seconds
[2024-11-10T10:04:28.238+0000] {processor.py:186} INFO - Started process (PID=11165) to work on /opt/airflow/dags/spark_airflow.py
[2024-11-10T10:04:28.239+0000] {processor.py:914} INFO - Processing file /opt/airflow/dags/spark_airflow.py for tasks to queue
[2024-11-10T10:04:28.240+0000] {logging_mixin.py:190} INFO - [2024-11-10T10:04:28.240+0000] {dagbag.py:588} INFO - Filling up the DagBag from /opt/airflow/dags/spark_airflow.py
[2024-11-10T10:04:28.258+0000] {processor.py:925} INFO - DAG(s) 'sparking_flow' retrieved from /opt/airflow/dags/spark_airflow.py
[2024-11-10T10:04:28.279+0000] {logging_mixin.py:190} INFO - [2024-11-10T10:04:28.279+0000] {dag.py:3239} INFO - Sync 1 DAGs
[2024-11-10T10:04:28.300+0000] {logging_mixin.py:190} INFO - [2024-11-10T10:04:28.299+0000] {dag.py:4180} INFO - Setting next_dagrun for sparking_flow to 2024-11-10 00:00:00+00:00, run_after=2024-11-11 00:00:00+00:00
[2024-11-10T10:04:28.316+0000] {processor.py:208} INFO - Processing /opt/airflow/dags/spark_airflow.py took 0.081 seconds
[2024-11-10T10:04:58.479+0000] {processor.py:186} INFO - Started process (PID=11175) to work on /opt/airflow/dags/spark_airflow.py
[2024-11-10T10:04:58.480+0000] {processor.py:914} INFO - Processing file /opt/airflow/dags/spark_airflow.py for tasks to queue
[2024-11-10T10:04:58.481+0000] {logging_mixin.py:190} INFO - [2024-11-10T10:04:58.481+0000] {dagbag.py:588} INFO - Filling up the DagBag from /opt/airflow/dags/spark_airflow.py
[2024-11-10T10:04:58.503+0000] {processor.py:925} INFO - DAG(s) 'sparking_flow' retrieved from /opt/airflow/dags/spark_airflow.py
[2024-11-10T10:04:58.529+0000] {logging_mixin.py:190} INFO - [2024-11-10T10:04:58.528+0000] {dag.py:3239} INFO - Sync 1 DAGs
[2024-11-10T10:04:58.550+0000] {logging_mixin.py:190} INFO - [2024-11-10T10:04:58.550+0000] {dag.py:4180} INFO - Setting next_dagrun for sparking_flow to 2024-11-10 00:00:00+00:00, run_after=2024-11-11 00:00:00+00:00
[2024-11-10T10:04:58.568+0000] {processor.py:208} INFO - Processing /opt/airflow/dags/spark_airflow.py took 0.094 seconds
[2024-11-10T10:05:28.787+0000] {processor.py:186} INFO - Started process (PID=11185) to work on /opt/airflow/dags/spark_airflow.py
[2024-11-10T10:05:28.788+0000] {processor.py:914} INFO - Processing file /opt/airflow/dags/spark_airflow.py for tasks to queue
[2024-11-10T10:05:28.789+0000] {logging_mixin.py:190} INFO - [2024-11-10T10:05:28.789+0000] {dagbag.py:588} INFO - Filling up the DagBag from /opt/airflow/dags/spark_airflow.py
[2024-11-10T10:05:28.807+0000] {processor.py:925} INFO - DAG(s) 'sparking_flow' retrieved from /opt/airflow/dags/spark_airflow.py
[2024-11-10T10:05:28.830+0000] {logging_mixin.py:190} INFO - [2024-11-10T10:05:28.829+0000] {dag.py:3239} INFO - Sync 1 DAGs
[2024-11-10T10:05:28.852+0000] {logging_mixin.py:190} INFO - [2024-11-10T10:05:28.852+0000] {dag.py:4180} INFO - Setting next_dagrun for sparking_flow to 2024-11-10 00:00:00+00:00, run_after=2024-11-11 00:00:00+00:00
[2024-11-10T10:05:28.868+0000] {processor.py:208} INFO - Processing /opt/airflow/dags/spark_airflow.py took 0.085 seconds
[2024-11-10T10:05:59.089+0000] {processor.py:186} INFO - Started process (PID=11195) to work on /opt/airflow/dags/spark_airflow.py
[2024-11-10T10:05:59.090+0000] {processor.py:914} INFO - Processing file /opt/airflow/dags/spark_airflow.py for tasks to queue
[2024-11-10T10:05:59.091+0000] {logging_mixin.py:190} INFO - [2024-11-10T10:05:59.091+0000] {dagbag.py:588} INFO - Filling up the DagBag from /opt/airflow/dags/spark_airflow.py
[2024-11-10T10:05:59.110+0000] {processor.py:925} INFO - DAG(s) 'sparking_flow' retrieved from /opt/airflow/dags/spark_airflow.py
[2024-11-10T10:05:59.137+0000] {logging_mixin.py:190} INFO - [2024-11-10T10:05:59.137+0000] {dag.py:3239} INFO - Sync 1 DAGs
[2024-11-10T10:05:59.160+0000] {logging_mixin.py:190} INFO - [2024-11-10T10:05:59.160+0000] {dag.py:4180} INFO - Setting next_dagrun for sparking_flow to 2024-11-10 00:00:00+00:00, run_after=2024-11-11 00:00:00+00:00
[2024-11-10T10:05:59.177+0000] {processor.py:208} INFO - Processing /opt/airflow/dags/spark_airflow.py took 0.093 seconds
[2024-11-10T10:06:29.398+0000] {processor.py:186} INFO - Started process (PID=11205) to work on /opt/airflow/dags/spark_airflow.py
[2024-11-10T10:06:29.399+0000] {processor.py:914} INFO - Processing file /opt/airflow/dags/spark_airflow.py for tasks to queue
[2024-11-10T10:06:29.401+0000] {logging_mixin.py:190} INFO - [2024-11-10T10:06:29.400+0000] {dagbag.py:588} INFO - Filling up the DagBag from /opt/airflow/dags/spark_airflow.py
[2024-11-10T10:06:29.419+0000] {processor.py:925} INFO - DAG(s) 'sparking_flow' retrieved from /opt/airflow/dags/spark_airflow.py
[2024-11-10T10:06:29.442+0000] {logging_mixin.py:190} INFO - [2024-11-10T10:06:29.441+0000] {dag.py:3239} INFO - Sync 1 DAGs
[2024-11-10T10:06:29.461+0000] {logging_mixin.py:190} INFO - [2024-11-10T10:06:29.461+0000] {dag.py:4180} INFO - Setting next_dagrun for sparking_flow to 2024-11-10 00:00:00+00:00, run_after=2024-11-11 00:00:00+00:00
[2024-11-10T10:06:29.481+0000] {processor.py:208} INFO - Processing /opt/airflow/dags/spark_airflow.py took 0.086 seconds
[2024-11-10T10:06:59.608+0000] {processor.py:186} INFO - Started process (PID=11215) to work on /opt/airflow/dags/spark_airflow.py
[2024-11-10T10:06:59.609+0000] {processor.py:914} INFO - Processing file /opt/airflow/dags/spark_airflow.py for tasks to queue
[2024-11-10T10:06:59.610+0000] {logging_mixin.py:190} INFO - [2024-11-10T10:06:59.609+0000] {dagbag.py:588} INFO - Filling up the DagBag from /opt/airflow/dags/spark_airflow.py
[2024-11-10T10:06:59.633+0000] {processor.py:925} INFO - DAG(s) 'sparking_flow' retrieved from /opt/airflow/dags/spark_airflow.py
[2024-11-10T10:06:59.661+0000] {logging_mixin.py:190} INFO - [2024-11-10T10:06:59.660+0000] {dag.py:3239} INFO - Sync 1 DAGs
[2024-11-10T10:06:59.683+0000] {logging_mixin.py:190} INFO - [2024-11-10T10:06:59.683+0000] {dag.py:4180} INFO - Setting next_dagrun for sparking_flow to 2024-11-10 00:00:00+00:00, run_after=2024-11-11 00:00:00+00:00
[2024-11-10T10:06:59.700+0000] {processor.py:208} INFO - Processing /opt/airflow/dags/spark_airflow.py took 0.096 seconds
[2024-11-10T10:07:29.915+0000] {processor.py:186} INFO - Started process (PID=11225) to work on /opt/airflow/dags/spark_airflow.py
[2024-11-10T10:07:29.916+0000] {processor.py:914} INFO - Processing file /opt/airflow/dags/spark_airflow.py for tasks to queue
[2024-11-10T10:07:29.917+0000] {logging_mixin.py:190} INFO - [2024-11-10T10:07:29.917+0000] {dagbag.py:588} INFO - Filling up the DagBag from /opt/airflow/dags/spark_airflow.py
[2024-11-10T10:07:29.936+0000] {processor.py:925} INFO - DAG(s) 'sparking_flow' retrieved from /opt/airflow/dags/spark_airflow.py
[2024-11-10T10:07:29.963+0000] {logging_mixin.py:190} INFO - [2024-11-10T10:07:29.963+0000] {dag.py:3239} INFO - Sync 1 DAGs
[2024-11-10T10:07:29.992+0000] {logging_mixin.py:190} INFO - [2024-11-10T10:07:29.992+0000] {dag.py:4180} INFO - Setting next_dagrun for sparking_flow to 2024-11-10 00:00:00+00:00, run_after=2024-11-11 00:00:00+00:00
[2024-11-10T10:07:30.016+0000] {processor.py:208} INFO - Processing /opt/airflow/dags/spark_airflow.py took 0.105 seconds
[2024-11-10T10:08:00.239+0000] {processor.py:186} INFO - Started process (PID=11235) to work on /opt/airflow/dags/spark_airflow.py
[2024-11-10T10:08:00.240+0000] {processor.py:914} INFO - Processing file /opt/airflow/dags/spark_airflow.py for tasks to queue
[2024-11-10T10:08:00.241+0000] {logging_mixin.py:190} INFO - [2024-11-10T10:08:00.241+0000] {dagbag.py:588} INFO - Filling up the DagBag from /opt/airflow/dags/spark_airflow.py
[2024-11-10T10:08:00.260+0000] {processor.py:925} INFO - DAG(s) 'sparking_flow' retrieved from /opt/airflow/dags/spark_airflow.py
[2024-11-10T10:08:00.283+0000] {logging_mixin.py:190} INFO - [2024-11-10T10:08:00.283+0000] {dag.py:3239} INFO - Sync 1 DAGs
[2024-11-10T10:08:00.306+0000] {logging_mixin.py:190} INFO - [2024-11-10T10:08:00.306+0000] {dag.py:4180} INFO - Setting next_dagrun for sparking_flow to 2024-11-10 00:00:00+00:00, run_after=2024-11-11 00:00:00+00:00
[2024-11-10T10:08:00.325+0000] {processor.py:208} INFO - Processing /opt/airflow/dags/spark_airflow.py took 0.090 seconds
[2024-11-10T10:08:30.551+0000] {processor.py:186} INFO - Started process (PID=11245) to work on /opt/airflow/dags/spark_airflow.py
[2024-11-10T10:08:30.552+0000] {processor.py:914} INFO - Processing file /opt/airflow/dags/spark_airflow.py for tasks to queue
[2024-11-10T10:08:30.553+0000] {logging_mixin.py:190} INFO - [2024-11-10T10:08:30.553+0000] {dagbag.py:588} INFO - Filling up the DagBag from /opt/airflow/dags/spark_airflow.py
[2024-11-10T10:08:30.571+0000] {processor.py:925} INFO - DAG(s) 'sparking_flow' retrieved from /opt/airflow/dags/spark_airflow.py
[2024-11-10T10:08:30.593+0000] {logging_mixin.py:190} INFO - [2024-11-10T10:08:30.593+0000] {dag.py:3239} INFO - Sync 1 DAGs
[2024-11-10T10:08:30.614+0000] {logging_mixin.py:190} INFO - [2024-11-10T10:08:30.614+0000] {dag.py:4180} INFO - Setting next_dagrun for sparking_flow to 2024-11-10 00:00:00+00:00, run_after=2024-11-11 00:00:00+00:00
[2024-11-10T10:08:30.630+0000] {processor.py:208} INFO - Processing /opt/airflow/dags/spark_airflow.py took 0.083 seconds
[2024-11-10T10:09:00.855+0000] {processor.py:186} INFO - Started process (PID=11255) to work on /opt/airflow/dags/spark_airflow.py
[2024-11-10T10:09:00.856+0000] {processor.py:914} INFO - Processing file /opt/airflow/dags/spark_airflow.py for tasks to queue
[2024-11-10T10:09:00.858+0000] {logging_mixin.py:190} INFO - [2024-11-10T10:09:00.857+0000] {dagbag.py:588} INFO - Filling up the DagBag from /opt/airflow/dags/spark_airflow.py
[2024-11-10T10:09:00.877+0000] {processor.py:925} INFO - DAG(s) 'sparking_flow' retrieved from /opt/airflow/dags/spark_airflow.py
[2024-11-10T10:09:00.902+0000] {logging_mixin.py:190} INFO - [2024-11-10T10:09:00.902+0000] {dag.py:3239} INFO - Sync 1 DAGs
[2024-11-10T10:09:00.923+0000] {logging_mixin.py:190} INFO - [2024-11-10T10:09:00.923+0000] {dag.py:4180} INFO - Setting next_dagrun for sparking_flow to 2024-11-10 00:00:00+00:00, run_after=2024-11-11 00:00:00+00:00
[2024-11-10T10:09:00.940+0000] {processor.py:208} INFO - Processing /opt/airflow/dags/spark_airflow.py took 0.090 seconds
[2024-11-10T10:09:31.161+0000] {processor.py:186} INFO - Started process (PID=11265) to work on /opt/airflow/dags/spark_airflow.py
[2024-11-10T10:09:31.161+0000] {processor.py:914} INFO - Processing file /opt/airflow/dags/spark_airflow.py for tasks to queue
[2024-11-10T10:09:31.162+0000] {logging_mixin.py:190} INFO - [2024-11-10T10:09:31.162+0000] {dagbag.py:588} INFO - Filling up the DagBag from /opt/airflow/dags/spark_airflow.py
[2024-11-10T10:09:31.179+0000] {processor.py:925} INFO - DAG(s) 'sparking_flow' retrieved from /opt/airflow/dags/spark_airflow.py
[2024-11-10T10:09:31.201+0000] {logging_mixin.py:190} INFO - [2024-11-10T10:09:31.201+0000] {dag.py:3239} INFO - Sync 1 DAGs
[2024-11-10T10:09:31.221+0000] {logging_mixin.py:190} INFO - [2024-11-10T10:09:31.221+0000] {dag.py:4180} INFO - Setting next_dagrun for sparking_flow to 2024-11-10 00:00:00+00:00, run_after=2024-11-11 00:00:00+00:00
[2024-11-10T10:09:31.236+0000] {processor.py:208} INFO - Processing /opt/airflow/dags/spark_airflow.py took 0.080 seconds
[2024-11-10T10:10:01.391+0000] {processor.py:186} INFO - Started process (PID=11275) to work on /opt/airflow/dags/spark_airflow.py
[2024-11-10T10:10:01.392+0000] {processor.py:914} INFO - Processing file /opt/airflow/dags/spark_airflow.py for tasks to queue
[2024-11-10T10:10:01.394+0000] {logging_mixin.py:190} INFO - [2024-11-10T10:10:01.393+0000] {dagbag.py:588} INFO - Filling up the DagBag from /opt/airflow/dags/spark_airflow.py
[2024-11-10T10:10:01.410+0000] {processor.py:925} INFO - DAG(s) 'sparking_flow' retrieved from /opt/airflow/dags/spark_airflow.py
[2024-11-10T10:10:01.433+0000] {logging_mixin.py:190} INFO - [2024-11-10T10:10:01.433+0000] {dag.py:3239} INFO - Sync 1 DAGs
[2024-11-10T10:10:01.452+0000] {logging_mixin.py:190} INFO - [2024-11-10T10:10:01.452+0000] {dag.py:4180} INFO - Setting next_dagrun for sparking_flow to 2024-11-10 00:00:00+00:00, run_after=2024-11-11 00:00:00+00:00
[2024-11-10T10:10:01.469+0000] {processor.py:208} INFO - Processing /opt/airflow/dags/spark_airflow.py took 0.082 seconds
[2024-11-10T10:10:31.602+0000] {processor.py:186} INFO - Started process (PID=11285) to work on /opt/airflow/dags/spark_airflow.py
[2024-11-10T10:10:31.603+0000] {processor.py:914} INFO - Processing file /opt/airflow/dags/spark_airflow.py for tasks to queue
[2024-11-10T10:10:31.604+0000] {logging_mixin.py:190} INFO - [2024-11-10T10:10:31.604+0000] {dagbag.py:588} INFO - Filling up the DagBag from /opt/airflow/dags/spark_airflow.py
[2024-11-10T10:10:31.625+0000] {processor.py:925} INFO - DAG(s) 'sparking_flow' retrieved from /opt/airflow/dags/spark_airflow.py
[2024-11-10T10:10:31.653+0000] {logging_mixin.py:190} INFO - [2024-11-10T10:10:31.653+0000] {dag.py:3239} INFO - Sync 1 DAGs
[2024-11-10T10:10:31.676+0000] {logging_mixin.py:190} INFO - [2024-11-10T10:10:31.676+0000] {dag.py:4180} INFO - Setting next_dagrun for sparking_flow to 2024-11-10 00:00:00+00:00, run_after=2024-11-11 00:00:00+00:00
[2024-11-10T10:10:31.696+0000] {processor.py:208} INFO - Processing /opt/airflow/dags/spark_airflow.py took 0.100 seconds
[2024-11-10T10:11:01.900+0000] {processor.py:186} INFO - Started process (PID=11295) to work on /opt/airflow/dags/spark_airflow.py
[2024-11-10T10:11:01.900+0000] {processor.py:914} INFO - Processing file /opt/airflow/dags/spark_airflow.py for tasks to queue
[2024-11-10T10:11:01.901+0000] {logging_mixin.py:190} INFO - [2024-11-10T10:11:01.901+0000] {dagbag.py:588} INFO - Filling up the DagBag from /opt/airflow/dags/spark_airflow.py
[2024-11-10T10:11:01.918+0000] {processor.py:925} INFO - DAG(s) 'sparking_flow' retrieved from /opt/airflow/dags/spark_airflow.py
[2024-11-10T10:11:01.940+0000] {logging_mixin.py:190} INFO - [2024-11-10T10:11:01.940+0000] {dag.py:3239} INFO - Sync 1 DAGs
[2024-11-10T10:11:01.960+0000] {logging_mixin.py:190} INFO - [2024-11-10T10:11:01.960+0000] {dag.py:4180} INFO - Setting next_dagrun for sparking_flow to 2024-11-10 00:00:00+00:00, run_after=2024-11-11 00:00:00+00:00
[2024-11-10T10:11:01.977+0000] {processor.py:208} INFO - Processing /opt/airflow/dags/spark_airflow.py took 0.081 seconds
[2024-11-10T10:11:32.108+0000] {processor.py:186} INFO - Started process (PID=11305) to work on /opt/airflow/dags/spark_airflow.py
[2024-11-10T10:11:32.109+0000] {processor.py:914} INFO - Processing file /opt/airflow/dags/spark_airflow.py for tasks to queue
[2024-11-10T10:11:32.110+0000] {logging_mixin.py:190} INFO - [2024-11-10T10:11:32.110+0000] {dagbag.py:588} INFO - Filling up the DagBag from /opt/airflow/dags/spark_airflow.py
[2024-11-10T10:11:32.129+0000] {processor.py:925} INFO - DAG(s) 'sparking_flow' retrieved from /opt/airflow/dags/spark_airflow.py
[2024-11-10T10:11:32.155+0000] {logging_mixin.py:190} INFO - [2024-11-10T10:11:32.154+0000] {dag.py:3239} INFO - Sync 1 DAGs
[2024-11-10T10:11:32.177+0000] {logging_mixin.py:190} INFO - [2024-11-10T10:11:32.177+0000] {dag.py:4180} INFO - Setting next_dagrun for sparking_flow to 2024-11-10 00:00:00+00:00, run_after=2024-11-11 00:00:00+00:00
[2024-11-10T10:11:32.193+0000] {processor.py:208} INFO - Processing /opt/airflow/dags/spark_airflow.py took 0.091 seconds
[2024-11-10T10:12:02.410+0000] {processor.py:186} INFO - Started process (PID=11315) to work on /opt/airflow/dags/spark_airflow.py
[2024-11-10T10:12:02.411+0000] {processor.py:914} INFO - Processing file /opt/airflow/dags/spark_airflow.py for tasks to queue
[2024-11-10T10:12:02.412+0000] {logging_mixin.py:190} INFO - [2024-11-10T10:12:02.412+0000] {dagbag.py:588} INFO - Filling up the DagBag from /opt/airflow/dags/spark_airflow.py
[2024-11-10T10:12:02.434+0000] {processor.py:925} INFO - DAG(s) 'sparking_flow' retrieved from /opt/airflow/dags/spark_airflow.py
[2024-11-10T10:12:02.458+0000] {logging_mixin.py:190} INFO - [2024-11-10T10:12:02.458+0000] {dag.py:3239} INFO - Sync 1 DAGs
[2024-11-10T10:12:02.480+0000] {logging_mixin.py:190} INFO - [2024-11-10T10:12:02.480+0000] {dag.py:4180} INFO - Setting next_dagrun for sparking_flow to 2024-11-10 00:00:00+00:00, run_after=2024-11-11 00:00:00+00:00
[2024-11-10T10:12:02.500+0000] {processor.py:208} INFO - Processing /opt/airflow/dags/spark_airflow.py took 0.094 seconds
[2024-11-10T10:12:32.714+0000] {processor.py:186} INFO - Started process (PID=11325) to work on /opt/airflow/dags/spark_airflow.py
[2024-11-10T10:12:32.715+0000] {processor.py:914} INFO - Processing file /opt/airflow/dags/spark_airflow.py for tasks to queue
[2024-11-10T10:12:32.716+0000] {logging_mixin.py:190} INFO - [2024-11-10T10:12:32.716+0000] {dagbag.py:588} INFO - Filling up the DagBag from /opt/airflow/dags/spark_airflow.py
[2024-11-10T10:12:32.734+0000] {processor.py:925} INFO - DAG(s) 'sparking_flow' retrieved from /opt/airflow/dags/spark_airflow.py
[2024-11-10T10:12:32.756+0000] {logging_mixin.py:190} INFO - [2024-11-10T10:12:32.756+0000] {dag.py:3239} INFO - Sync 1 DAGs
[2024-11-10T10:12:32.776+0000] {logging_mixin.py:190} INFO - [2024-11-10T10:12:32.776+0000] {dag.py:4180} INFO - Setting next_dagrun for sparking_flow to 2024-11-10 00:00:00+00:00, run_after=2024-11-11 00:00:00+00:00
[2024-11-10T10:12:32.794+0000] {processor.py:208} INFO - Processing /opt/airflow/dags/spark_airflow.py took 0.084 seconds
[2024-11-10T10:13:03.014+0000] {processor.py:186} INFO - Started process (PID=11335) to work on /opt/airflow/dags/spark_airflow.py
[2024-11-10T10:13:03.015+0000] {processor.py:914} INFO - Processing file /opt/airflow/dags/spark_airflow.py for tasks to queue
[2024-11-10T10:13:03.016+0000] {logging_mixin.py:190} INFO - [2024-11-10T10:13:03.016+0000] {dagbag.py:588} INFO - Filling up the DagBag from /opt/airflow/dags/spark_airflow.py
[2024-11-10T10:13:03.038+0000] {processor.py:925} INFO - DAG(s) 'sparking_flow' retrieved from /opt/airflow/dags/spark_airflow.py
[2024-11-10T10:13:03.069+0000] {logging_mixin.py:190} INFO - [2024-11-10T10:13:03.068+0000] {dag.py:3239} INFO - Sync 1 DAGs
[2024-11-10T10:13:03.102+0000] {logging_mixin.py:190} INFO - [2024-11-10T10:13:03.102+0000] {dag.py:4180} INFO - Setting next_dagrun for sparking_flow to 2024-11-10 00:00:00+00:00, run_after=2024-11-11 00:00:00+00:00
[2024-11-10T10:13:03.127+0000] {processor.py:208} INFO - Processing /opt/airflow/dags/spark_airflow.py took 0.117 seconds
[2024-11-10T10:13:33.216+0000] {processor.py:186} INFO - Started process (PID=11345) to work on /opt/airflow/dags/spark_airflow.py
[2024-11-10T10:13:33.217+0000] {processor.py:914} INFO - Processing file /opt/airflow/dags/spark_airflow.py for tasks to queue
[2024-11-10T10:13:33.218+0000] {logging_mixin.py:190} INFO - [2024-11-10T10:13:33.218+0000] {dagbag.py:588} INFO - Filling up the DagBag from /opt/airflow/dags/spark_airflow.py
[2024-11-10T10:13:33.236+0000] {processor.py:925} INFO - DAG(s) 'sparking_flow' retrieved from /opt/airflow/dags/spark_airflow.py
[2024-11-10T10:13:33.258+0000] {logging_mixin.py:190} INFO - [2024-11-10T10:13:33.258+0000] {dag.py:3239} INFO - Sync 1 DAGs
[2024-11-10T10:13:33.278+0000] {logging_mixin.py:190} INFO - [2024-11-10T10:13:33.278+0000] {dag.py:4180} INFO - Setting next_dagrun for sparking_flow to 2024-11-10 00:00:00+00:00, run_after=2024-11-11 00:00:00+00:00
[2024-11-10T10:13:33.295+0000] {processor.py:208} INFO - Processing /opt/airflow/dags/spark_airflow.py took 0.083 seconds
[2024-11-10T10:14:03.502+0000] {processor.py:186} INFO - Started process (PID=11355) to work on /opt/airflow/dags/spark_airflow.py
[2024-11-10T10:14:03.503+0000] {processor.py:914} INFO - Processing file /opt/airflow/dags/spark_airflow.py for tasks to queue
[2024-11-10T10:14:03.504+0000] {logging_mixin.py:190} INFO - [2024-11-10T10:14:03.504+0000] {dagbag.py:588} INFO - Filling up the DagBag from /opt/airflow/dags/spark_airflow.py
[2024-11-10T10:14:03.526+0000] {processor.py:925} INFO - DAG(s) 'sparking_flow' retrieved from /opt/airflow/dags/spark_airflow.py
[2024-11-10T10:14:03.550+0000] {logging_mixin.py:190} INFO - [2024-11-10T10:14:03.550+0000] {dag.py:3239} INFO - Sync 1 DAGs
[2024-11-10T10:14:03.572+0000] {logging_mixin.py:190} INFO - [2024-11-10T10:14:03.572+0000] {dag.py:4180} INFO - Setting next_dagrun for sparking_flow to 2024-11-10 00:00:00+00:00, run_after=2024-11-11 00:00:00+00:00
[2024-11-10T10:14:03.591+0000] {processor.py:208} INFO - Processing /opt/airflow/dags/spark_airflow.py took 0.095 seconds
[2024-11-10T10:14:33.805+0000] {processor.py:186} INFO - Started process (PID=11365) to work on /opt/airflow/dags/spark_airflow.py
[2024-11-10T10:14:33.806+0000] {processor.py:914} INFO - Processing file /opt/airflow/dags/spark_airflow.py for tasks to queue
[2024-11-10T10:14:33.807+0000] {logging_mixin.py:190} INFO - [2024-11-10T10:14:33.806+0000] {dagbag.py:588} INFO - Filling up the DagBag from /opt/airflow/dags/spark_airflow.py
[2024-11-10T10:14:33.824+0000] {processor.py:925} INFO - DAG(s) 'sparking_flow' retrieved from /opt/airflow/dags/spark_airflow.py
[2024-11-10T10:14:33.846+0000] {logging_mixin.py:190} INFO - [2024-11-10T10:14:33.846+0000] {dag.py:3239} INFO - Sync 1 DAGs
[2024-11-10T10:14:33.866+0000] {logging_mixin.py:190} INFO - [2024-11-10T10:14:33.866+0000] {dag.py:4180} INFO - Setting next_dagrun for sparking_flow to 2024-11-10 00:00:00+00:00, run_after=2024-11-11 00:00:00+00:00
[2024-11-10T10:14:33.886+0000] {processor.py:208} INFO - Processing /opt/airflow/dags/spark_airflow.py took 0.085 seconds
[2024-11-10T10:15:04.130+0000] {processor.py:186} INFO - Started process (PID=11375) to work on /opt/airflow/dags/spark_airflow.py
[2024-11-10T10:15:04.131+0000] {processor.py:914} INFO - Processing file /opt/airflow/dags/spark_airflow.py for tasks to queue
[2024-11-10T10:15:04.133+0000] {logging_mixin.py:190} INFO - [2024-11-10T10:15:04.132+0000] {dagbag.py:588} INFO - Filling up the DagBag from /opt/airflow/dags/spark_airflow.py
[2024-11-10T10:15:04.154+0000] {processor.py:925} INFO - DAG(s) 'sparking_flow' retrieved from /opt/airflow/dags/spark_airflow.py
[2024-11-10T10:15:04.179+0000] {logging_mixin.py:190} INFO - [2024-11-10T10:15:04.178+0000] {dag.py:3239} INFO - Sync 1 DAGs
[2024-11-10T10:15:04.203+0000] {logging_mixin.py:190} INFO - [2024-11-10T10:15:04.202+0000] {dag.py:4180} INFO - Setting next_dagrun for sparking_flow to 2024-11-10 00:00:00+00:00, run_after=2024-11-11 00:00:00+00:00
[2024-11-10T10:15:04.222+0000] {processor.py:208} INFO - Processing /opt/airflow/dags/spark_airflow.py took 0.096 seconds
[2024-11-10T10:15:34.325+0000] {processor.py:186} INFO - Started process (PID=11385) to work on /opt/airflow/dags/spark_airflow.py
[2024-11-10T10:15:34.326+0000] {processor.py:914} INFO - Processing file /opt/airflow/dags/spark_airflow.py for tasks to queue
[2024-11-10T10:15:34.328+0000] {logging_mixin.py:190} INFO - [2024-11-10T10:15:34.327+0000] {dagbag.py:588} INFO - Filling up the DagBag from /opt/airflow/dags/spark_airflow.py
[2024-11-10T10:15:34.346+0000] {processor.py:925} INFO - DAG(s) 'sparking_flow' retrieved from /opt/airflow/dags/spark_airflow.py
[2024-11-10T10:15:34.372+0000] {logging_mixin.py:190} INFO - [2024-11-10T10:15:34.371+0000] {dag.py:3239} INFO - Sync 1 DAGs
[2024-11-10T10:15:34.393+0000] {logging_mixin.py:190} INFO - [2024-11-10T10:15:34.392+0000] {dag.py:4180} INFO - Setting next_dagrun for sparking_flow to 2024-11-10 00:00:00+00:00, run_after=2024-11-11 00:00:00+00:00
[2024-11-10T10:15:34.410+0000] {processor.py:208} INFO - Processing /opt/airflow/dags/spark_airflow.py took 0.090 seconds
[2024-11-10T10:16:04.613+0000] {processor.py:186} INFO - Started process (PID=11395) to work on /opt/airflow/dags/spark_airflow.py
[2024-11-10T10:16:04.613+0000] {processor.py:914} INFO - Processing file /opt/airflow/dags/spark_airflow.py for tasks to queue
[2024-11-10T10:16:04.615+0000] {logging_mixin.py:190} INFO - [2024-11-10T10:16:04.614+0000] {dagbag.py:588} INFO - Filling up the DagBag from /opt/airflow/dags/spark_airflow.py
[2024-11-10T10:16:04.632+0000] {processor.py:925} INFO - DAG(s) 'sparking_flow' retrieved from /opt/airflow/dags/spark_airflow.py
[2024-11-10T10:16:04.653+0000] {logging_mixin.py:190} INFO - [2024-11-10T10:16:04.653+0000] {dag.py:3239} INFO - Sync 1 DAGs
[2024-11-10T10:16:04.672+0000] {logging_mixin.py:190} INFO - [2024-11-10T10:16:04.672+0000] {dag.py:4180} INFO - Setting next_dagrun for sparking_flow to 2024-11-10 00:00:00+00:00, run_after=2024-11-11 00:00:00+00:00
[2024-11-10T10:16:04.687+0000] {processor.py:208} INFO - Processing /opt/airflow/dags/spark_airflow.py took 0.080 seconds
[2024-11-10T10:16:34.808+0000] {processor.py:186} INFO - Started process (PID=11405) to work on /opt/airflow/dags/spark_airflow.py
[2024-11-10T10:16:34.809+0000] {processor.py:914} INFO - Processing file /opt/airflow/dags/spark_airflow.py for tasks to queue
[2024-11-10T10:16:34.810+0000] {logging_mixin.py:190} INFO - [2024-11-10T10:16:34.810+0000] {dagbag.py:588} INFO - Filling up the DagBag from /opt/airflow/dags/spark_airflow.py
[2024-11-10T10:16:34.829+0000] {processor.py:925} INFO - DAG(s) 'sparking_flow' retrieved from /opt/airflow/dags/spark_airflow.py
[2024-11-10T10:16:34.855+0000] {logging_mixin.py:190} INFO - [2024-11-10T10:16:34.855+0000] {dag.py:3239} INFO - Sync 1 DAGs
[2024-11-10T10:16:34.878+0000] {logging_mixin.py:190} INFO - [2024-11-10T10:16:34.878+0000] {dag.py:4180} INFO - Setting next_dagrun for sparking_flow to 2024-11-10 00:00:00+00:00, run_after=2024-11-11 00:00:00+00:00
[2024-11-10T10:16:34.894+0000] {processor.py:208} INFO - Processing /opt/airflow/dags/spark_airflow.py took 0.092 seconds
[2024-11-10T10:17:05.101+0000] {processor.py:186} INFO - Started process (PID=11415) to work on /opt/airflow/dags/spark_airflow.py
[2024-11-10T10:17:05.102+0000] {processor.py:914} INFO - Processing file /opt/airflow/dags/spark_airflow.py for tasks to queue
[2024-11-10T10:17:05.102+0000] {logging_mixin.py:190} INFO - [2024-11-10T10:17:05.102+0000] {dagbag.py:588} INFO - Filling up the DagBag from /opt/airflow/dags/spark_airflow.py
[2024-11-10T10:17:05.119+0000] {processor.py:925} INFO - DAG(s) 'sparking_flow' retrieved from /opt/airflow/dags/spark_airflow.py
[2024-11-10T10:17:05.141+0000] {logging_mixin.py:190} INFO - [2024-11-10T10:17:05.141+0000] {dag.py:3239} INFO - Sync 1 DAGs
[2024-11-10T10:17:05.162+0000] {logging_mixin.py:190} INFO - [2024-11-10T10:17:05.161+0000] {dag.py:4180} INFO - Setting next_dagrun for sparking_flow to 2024-11-10 00:00:00+00:00, run_after=2024-11-11 00:00:00+00:00
[2024-11-10T10:17:05.178+0000] {processor.py:208} INFO - Processing /opt/airflow/dags/spark_airflow.py took 0.081 seconds
[2024-11-10T10:17:35.306+0000] {processor.py:186} INFO - Started process (PID=11425) to work on /opt/airflow/dags/spark_airflow.py
[2024-11-10T10:17:35.307+0000] {processor.py:914} INFO - Processing file /opt/airflow/dags/spark_airflow.py for tasks to queue
[2024-11-10T10:17:35.309+0000] {logging_mixin.py:190} INFO - [2024-11-10T10:17:35.308+0000] {dagbag.py:588} INFO - Filling up the DagBag from /opt/airflow/dags/spark_airflow.py
[2024-11-10T10:17:35.328+0000] {processor.py:925} INFO - DAG(s) 'sparking_flow' retrieved from /opt/airflow/dags/spark_airflow.py
[2024-11-10T10:17:35.352+0000] {logging_mixin.py:190} INFO - [2024-11-10T10:17:35.352+0000] {dag.py:3239} INFO - Sync 1 DAGs
[2024-11-10T10:17:35.372+0000] {logging_mixin.py:190} INFO - [2024-11-10T10:17:35.371+0000] {dag.py:4180} INFO - Setting next_dagrun for sparking_flow to 2024-11-10 00:00:00+00:00, run_after=2024-11-11 00:00:00+00:00
[2024-11-10T10:17:35.387+0000] {processor.py:208} INFO - Processing /opt/airflow/dags/spark_airflow.py took 0.086 seconds
[2024-11-10T10:18:05.549+0000] {processor.py:186} INFO - Started process (PID=11435) to work on /opt/airflow/dags/spark_airflow.py
[2024-11-10T10:18:05.550+0000] {processor.py:914} INFO - Processing file /opt/airflow/dags/spark_airflow.py for tasks to queue
[2024-11-10T10:18:05.551+0000] {logging_mixin.py:190} INFO - [2024-11-10T10:18:05.551+0000] {dagbag.py:588} INFO - Filling up the DagBag from /opt/airflow/dags/spark_airflow.py
[2024-11-10T10:18:05.568+0000] {processor.py:925} INFO - DAG(s) 'sparking_flow' retrieved from /opt/airflow/dags/spark_airflow.py
[2024-11-10T10:18:05.592+0000] {logging_mixin.py:190} INFO - [2024-11-10T10:18:05.592+0000] {dag.py:3239} INFO - Sync 1 DAGs
[2024-11-10T10:18:05.611+0000] {logging_mixin.py:190} INFO - [2024-11-10T10:18:05.611+0000] {dag.py:4180} INFO - Setting next_dagrun for sparking_flow to 2024-11-10 00:00:00+00:00, run_after=2024-11-11 00:00:00+00:00
[2024-11-10T10:18:05.626+0000] {processor.py:208} INFO - Processing /opt/airflow/dags/spark_airflow.py took 0.081 seconds
[2024-11-10T10:18:35.840+0000] {processor.py:186} INFO - Started process (PID=11445) to work on /opt/airflow/dags/spark_airflow.py
[2024-11-10T10:18:35.840+0000] {processor.py:914} INFO - Processing file /opt/airflow/dags/spark_airflow.py for tasks to queue
[2024-11-10T10:18:35.841+0000] {logging_mixin.py:190} INFO - [2024-11-10T10:18:35.841+0000] {dagbag.py:588} INFO - Filling up the DagBag from /opt/airflow/dags/spark_airflow.py
[2024-11-10T10:18:35.859+0000] {processor.py:925} INFO - DAG(s) 'sparking_flow' retrieved from /opt/airflow/dags/spark_airflow.py
[2024-11-10T10:18:35.880+0000] {logging_mixin.py:190} INFO - [2024-11-10T10:18:35.880+0000] {dag.py:3239} INFO - Sync 1 DAGs
[2024-11-10T10:18:35.901+0000] {logging_mixin.py:190} INFO - [2024-11-10T10:18:35.901+0000] {dag.py:4180} INFO - Setting next_dagrun for sparking_flow to 2024-11-10 00:00:00+00:00, run_after=2024-11-11 00:00:00+00:00
[2024-11-10T10:18:35.916+0000] {processor.py:208} INFO - Processing /opt/airflow/dags/spark_airflow.py took 0.080 seconds
[2024-11-10T10:19:06.143+0000] {processor.py:186} INFO - Started process (PID=11455) to work on /opt/airflow/dags/spark_airflow.py
[2024-11-10T10:19:06.144+0000] {processor.py:914} INFO - Processing file /opt/airflow/dags/spark_airflow.py for tasks to queue
[2024-11-10T10:19:06.145+0000] {logging_mixin.py:190} INFO - [2024-11-10T10:19:06.145+0000] {dagbag.py:588} INFO - Filling up the DagBag from /opt/airflow/dags/spark_airflow.py
[2024-11-10T10:19:06.166+0000] {processor.py:925} INFO - DAG(s) 'sparking_flow' retrieved from /opt/airflow/dags/spark_airflow.py
[2024-11-10T10:19:06.191+0000] {logging_mixin.py:190} INFO - [2024-11-10T10:19:06.190+0000] {dag.py:3239} INFO - Sync 1 DAGs
[2024-11-10T10:19:06.214+0000] {logging_mixin.py:190} INFO - [2024-11-10T10:19:06.214+0000] {dag.py:4180} INFO - Setting next_dagrun for sparking_flow to 2024-11-10 00:00:00+00:00, run_after=2024-11-11 00:00:00+00:00
[2024-11-10T10:19:06.232+0000] {processor.py:208} INFO - Processing /opt/airflow/dags/spark_airflow.py took 0.095 seconds
[2024-11-10T10:19:36.343+0000] {processor.py:186} INFO - Started process (PID=11465) to work on /opt/airflow/dags/spark_airflow.py
[2024-11-10T10:19:36.344+0000] {processor.py:914} INFO - Processing file /opt/airflow/dags/spark_airflow.py for tasks to queue
[2024-11-10T10:19:36.346+0000] {logging_mixin.py:190} INFO - [2024-11-10T10:19:36.345+0000] {dagbag.py:588} INFO - Filling up the DagBag from /opt/airflow/dags/spark_airflow.py
[2024-11-10T10:19:36.365+0000] {processor.py:925} INFO - DAG(s) 'sparking_flow' retrieved from /opt/airflow/dags/spark_airflow.py
[2024-11-10T10:19:36.389+0000] {logging_mixin.py:190} INFO - [2024-11-10T10:19:36.389+0000] {dag.py:3239} INFO - Sync 1 DAGs
[2024-11-10T10:19:36.410+0000] {logging_mixin.py:190} INFO - [2024-11-10T10:19:36.410+0000] {dag.py:4180} INFO - Setting next_dagrun for sparking_flow to 2024-11-10 00:00:00+00:00, run_after=2024-11-11 00:00:00+00:00
[2024-11-10T10:19:36.426+0000] {processor.py:208} INFO - Processing /opt/airflow/dags/spark_airflow.py took 0.087 seconds
[2024-11-10T10:20:06.668+0000] {processor.py:186} INFO - Started process (PID=11475) to work on /opt/airflow/dags/spark_airflow.py
[2024-11-10T10:20:06.669+0000] {processor.py:914} INFO - Processing file /opt/airflow/dags/spark_airflow.py for tasks to queue
[2024-11-10T10:20:06.670+0000] {logging_mixin.py:190} INFO - [2024-11-10T10:20:06.670+0000] {dagbag.py:588} INFO - Filling up the DagBag from /opt/airflow/dags/spark_airflow.py
[2024-11-10T10:20:06.686+0000] {processor.py:925} INFO - DAG(s) 'sparking_flow' retrieved from /opt/airflow/dags/spark_airflow.py
[2024-11-10T10:20:06.708+0000] {logging_mixin.py:190} INFO - [2024-11-10T10:20:06.708+0000] {dag.py:3239} INFO - Sync 1 DAGs
[2024-11-10T10:20:06.728+0000] {logging_mixin.py:190} INFO - [2024-11-10T10:20:06.728+0000] {dag.py:4180} INFO - Setting next_dagrun for sparking_flow to 2024-11-10 00:00:00+00:00, run_after=2024-11-11 00:00:00+00:00
[2024-11-10T10:20:06.743+0000] {processor.py:208} INFO - Processing /opt/airflow/dags/spark_airflow.py took 0.078 seconds
[2024-11-10T10:20:36.868+0000] {processor.py:186} INFO - Started process (PID=11485) to work on /opt/airflow/dags/spark_airflow.py
[2024-11-10T10:20:36.869+0000] {processor.py:914} INFO - Processing file /opt/airflow/dags/spark_airflow.py for tasks to queue
[2024-11-10T10:20:36.870+0000] {logging_mixin.py:190} INFO - [2024-11-10T10:20:36.870+0000] {dagbag.py:588} INFO - Filling up the DagBag from /opt/airflow/dags/spark_airflow.py
[2024-11-10T10:20:36.889+0000] {processor.py:925} INFO - DAG(s) 'sparking_flow' retrieved from /opt/airflow/dags/spark_airflow.py
[2024-11-10T10:20:36.911+0000] {logging_mixin.py:190} INFO - [2024-11-10T10:20:36.911+0000] {dag.py:3239} INFO - Sync 1 DAGs
[2024-11-10T10:20:36.930+0000] {logging_mixin.py:190} INFO - [2024-11-10T10:20:36.930+0000] {dag.py:4180} INFO - Setting next_dagrun for sparking_flow to 2024-11-10 00:00:00+00:00, run_after=2024-11-11 00:00:00+00:00
[2024-11-10T10:20:36.945+0000] {processor.py:208} INFO - Processing /opt/airflow/dags/spark_airflow.py took 0.082 seconds
[2024-11-10T10:21:07.113+0000] {processor.py:186} INFO - Started process (PID=11495) to work on /opt/airflow/dags/spark_airflow.py
[2024-11-10T10:21:07.114+0000] {processor.py:914} INFO - Processing file /opt/airflow/dags/spark_airflow.py for tasks to queue
[2024-11-10T10:21:07.115+0000] {logging_mixin.py:190} INFO - [2024-11-10T10:21:07.115+0000] {dagbag.py:588} INFO - Filling up the DagBag from /opt/airflow/dags/spark_airflow.py
[2024-11-10T10:21:07.133+0000] {processor.py:925} INFO - DAG(s) 'sparking_flow' retrieved from /opt/airflow/dags/spark_airflow.py
[2024-11-10T10:21:07.156+0000] {logging_mixin.py:190} INFO - [2024-11-10T10:21:07.156+0000] {dag.py:3239} INFO - Sync 1 DAGs
[2024-11-10T10:21:07.178+0000] {logging_mixin.py:190} INFO - [2024-11-10T10:21:07.178+0000] {dag.py:4180} INFO - Setting next_dagrun for sparking_flow to 2024-11-10 00:00:00+00:00, run_after=2024-11-11 00:00:00+00:00
[2024-11-10T10:21:07.194+0000] {processor.py:208} INFO - Processing /opt/airflow/dags/spark_airflow.py took 0.085 seconds
[2024-11-10T10:21:37.405+0000] {processor.py:186} INFO - Started process (PID=11505) to work on /opt/airflow/dags/spark_airflow.py
[2024-11-10T10:21:37.406+0000] {processor.py:914} INFO - Processing file /opt/airflow/dags/spark_airflow.py for tasks to queue
[2024-11-10T10:21:37.407+0000] {logging_mixin.py:190} INFO - [2024-11-10T10:21:37.407+0000] {dagbag.py:588} INFO - Filling up the DagBag from /opt/airflow/dags/spark_airflow.py
[2024-11-10T10:21:37.427+0000] {processor.py:925} INFO - DAG(s) 'sparking_flow' retrieved from /opt/airflow/dags/spark_airflow.py
[2024-11-10T10:21:37.453+0000] {logging_mixin.py:190} INFO - [2024-11-10T10:21:37.453+0000] {dag.py:3239} INFO - Sync 1 DAGs
[2024-11-10T10:21:37.474+0000] {logging_mixin.py:190} INFO - [2024-11-10T10:21:37.474+0000] {dag.py:4180} INFO - Setting next_dagrun for sparking_flow to 2024-11-10 00:00:00+00:00, run_after=2024-11-11 00:00:00+00:00
[2024-11-10T10:21:37.494+0000] {processor.py:208} INFO - Processing /opt/airflow/dags/spark_airflow.py took 0.093 seconds
[2024-11-10T10:22:07.614+0000] {processor.py:186} INFO - Started process (PID=11515) to work on /opt/airflow/dags/spark_airflow.py
[2024-11-10T10:22:07.615+0000] {processor.py:914} INFO - Processing file /opt/airflow/dags/spark_airflow.py for tasks to queue
[2024-11-10T10:22:07.617+0000] {logging_mixin.py:190} INFO - [2024-11-10T10:22:07.616+0000] {dagbag.py:588} INFO - Filling up the DagBag from /opt/airflow/dags/spark_airflow.py
[2024-11-10T10:22:07.636+0000] {processor.py:925} INFO - DAG(s) 'sparking_flow' retrieved from /opt/airflow/dags/spark_airflow.py
[2024-11-10T10:22:07.659+0000] {logging_mixin.py:190} INFO - [2024-11-10T10:22:07.658+0000] {dag.py:3239} INFO - Sync 1 DAGs
[2024-11-10T10:22:07.679+0000] {logging_mixin.py:190} INFO - [2024-11-10T10:22:07.679+0000] {dag.py:4180} INFO - Setting next_dagrun for sparking_flow to 2024-11-10 00:00:00+00:00, run_after=2024-11-11 00:00:00+00:00
[2024-11-10T10:22:07.695+0000] {processor.py:208} INFO - Processing /opt/airflow/dags/spark_airflow.py took 0.086 seconds
[2024-11-10T10:22:37.866+0000] {processor.py:186} INFO - Started process (PID=11525) to work on /opt/airflow/dags/spark_airflow.py
[2024-11-10T10:22:37.866+0000] {processor.py:914} INFO - Processing file /opt/airflow/dags/spark_airflow.py for tasks to queue
[2024-11-10T10:22:37.867+0000] {logging_mixin.py:190} INFO - [2024-11-10T10:22:37.867+0000] {dagbag.py:588} INFO - Filling up the DagBag from /opt/airflow/dags/spark_airflow.py
[2024-11-10T10:22:37.886+0000] {processor.py:925} INFO - DAG(s) 'sparking_flow' retrieved from /opt/airflow/dags/spark_airflow.py
[2024-11-10T10:22:37.907+0000] {logging_mixin.py:190} INFO - [2024-11-10T10:22:37.907+0000] {dag.py:3239} INFO - Sync 1 DAGs
[2024-11-10T10:22:37.927+0000] {logging_mixin.py:190} INFO - [2024-11-10T10:22:37.927+0000] {dag.py:4180} INFO - Setting next_dagrun for sparking_flow to 2024-11-10 00:00:00+00:00, run_after=2024-11-11 00:00:00+00:00
[2024-11-10T10:22:37.958+0000] {processor.py:208} INFO - Processing /opt/airflow/dags/spark_airflow.py took 0.096 seconds
[2024-11-10T10:23:08.065+0000] {processor.py:186} INFO - Started process (PID=11535) to work on /opt/airflow/dags/spark_airflow.py
[2024-11-10T10:23:08.066+0000] {processor.py:914} INFO - Processing file /opt/airflow/dags/spark_airflow.py for tasks to queue
[2024-11-10T10:23:08.067+0000] {logging_mixin.py:190} INFO - [2024-11-10T10:23:08.067+0000] {dagbag.py:588} INFO - Filling up the DagBag from /opt/airflow/dags/spark_airflow.py
[2024-11-10T10:23:08.087+0000] {processor.py:925} INFO - DAG(s) 'sparking_flow' retrieved from /opt/airflow/dags/spark_airflow.py
[2024-11-10T10:23:08.112+0000] {logging_mixin.py:190} INFO - [2024-11-10T10:23:08.112+0000] {dag.py:3239} INFO - Sync 1 DAGs
[2024-11-10T10:23:08.133+0000] {logging_mixin.py:190} INFO - [2024-11-10T10:23:08.133+0000] {dag.py:4180} INFO - Setting next_dagrun for sparking_flow to 2024-11-10 00:00:00+00:00, run_after=2024-11-11 00:00:00+00:00
[2024-11-10T10:23:08.157+0000] {processor.py:208} INFO - Processing /opt/airflow/dags/spark_airflow.py took 0.097 seconds
[2024-11-10T10:23:38.317+0000] {processor.py:186} INFO - Started process (PID=11545) to work on /opt/airflow/dags/spark_airflow.py
[2024-11-10T10:23:38.318+0000] {processor.py:914} INFO - Processing file /opt/airflow/dags/spark_airflow.py for tasks to queue
[2024-11-10T10:23:38.319+0000] {logging_mixin.py:190} INFO - [2024-11-10T10:23:38.318+0000] {dagbag.py:588} INFO - Filling up the DagBag from /opt/airflow/dags/spark_airflow.py
[2024-11-10T10:23:38.335+0000] {processor.py:925} INFO - DAG(s) 'sparking_flow' retrieved from /opt/airflow/dags/spark_airflow.py
[2024-11-10T10:23:38.358+0000] {logging_mixin.py:190} INFO - [2024-11-10T10:23:38.357+0000] {dag.py:3239} INFO - Sync 1 DAGs
[2024-11-10T10:23:38.378+0000] {logging_mixin.py:190} INFO - [2024-11-10T10:23:38.378+0000] {dag.py:4180} INFO - Setting next_dagrun for sparking_flow to 2024-11-10 00:00:00+00:00, run_after=2024-11-11 00:00:00+00:00
[2024-11-10T10:23:38.395+0000] {processor.py:208} INFO - Processing /opt/airflow/dags/spark_airflow.py took 0.083 seconds
[2024-11-10T10:24:08.512+0000] {processor.py:186} INFO - Started process (PID=11555) to work on /opt/airflow/dags/spark_airflow.py
[2024-11-10T10:24:08.513+0000] {processor.py:914} INFO - Processing file /opt/airflow/dags/spark_airflow.py for tasks to queue
[2024-11-10T10:24:08.514+0000] {logging_mixin.py:190} INFO - [2024-11-10T10:24:08.513+0000] {dagbag.py:588} INFO - Filling up the DagBag from /opt/airflow/dags/spark_airflow.py
[2024-11-10T10:24:08.533+0000] {processor.py:925} INFO - DAG(s) 'sparking_flow' retrieved from /opt/airflow/dags/spark_airflow.py
[2024-11-10T10:24:08.557+0000] {logging_mixin.py:190} INFO - [2024-11-10T10:24:08.557+0000] {dag.py:3239} INFO - Sync 1 DAGs
[2024-11-10T10:24:08.577+0000] {logging_mixin.py:190} INFO - [2024-11-10T10:24:08.577+0000] {dag.py:4180} INFO - Setting next_dagrun for sparking_flow to 2024-11-10 00:00:00+00:00, run_after=2024-11-11 00:00:00+00:00
[2024-11-10T10:24:08.594+0000] {processor.py:208} INFO - Processing /opt/airflow/dags/spark_airflow.py took 0.086 seconds
[2024-11-10T10:24:38.804+0000] {processor.py:186} INFO - Started process (PID=11565) to work on /opt/airflow/dags/spark_airflow.py
[2024-11-10T10:24:38.805+0000] {processor.py:914} INFO - Processing file /opt/airflow/dags/spark_airflow.py for tasks to queue
[2024-11-10T10:24:38.806+0000] {logging_mixin.py:190} INFO - [2024-11-10T10:24:38.806+0000] {dagbag.py:588} INFO - Filling up the DagBag from /opt/airflow/dags/spark_airflow.py
[2024-11-10T10:24:38.824+0000] {processor.py:925} INFO - DAG(s) 'sparking_flow' retrieved from /opt/airflow/dags/spark_airflow.py
[2024-11-10T10:24:38.847+0000] {logging_mixin.py:190} INFO - [2024-11-10T10:24:38.847+0000] {dag.py:3239} INFO - Sync 1 DAGs
[2024-11-10T10:24:38.869+0000] {logging_mixin.py:190} INFO - [2024-11-10T10:24:38.868+0000] {dag.py:4180} INFO - Setting next_dagrun for sparking_flow to 2024-11-10 00:00:00+00:00, run_after=2024-11-11 00:00:00+00:00
[2024-11-10T10:24:38.888+0000] {processor.py:208} INFO - Processing /opt/airflow/dags/spark_airflow.py took 0.087 seconds
[2024-11-10T10:25:09.141+0000] {processor.py:186} INFO - Started process (PID=11575) to work on /opt/airflow/dags/spark_airflow.py
[2024-11-10T10:25:09.141+0000] {processor.py:914} INFO - Processing file /opt/airflow/dags/spark_airflow.py for tasks to queue
[2024-11-10T10:25:09.142+0000] {logging_mixin.py:190} INFO - [2024-11-10T10:25:09.142+0000] {dagbag.py:588} INFO - Filling up the DagBag from /opt/airflow/dags/spark_airflow.py
[2024-11-10T10:25:09.159+0000] {processor.py:925} INFO - DAG(s) 'sparking_flow' retrieved from /opt/airflow/dags/spark_airflow.py
[2024-11-10T10:25:09.185+0000] {logging_mixin.py:190} INFO - [2024-11-10T10:25:09.185+0000] {dag.py:3239} INFO - Sync 1 DAGs
[2024-11-10T10:25:09.208+0000] {logging_mixin.py:190} INFO - [2024-11-10T10:25:09.208+0000] {dag.py:4180} INFO - Setting next_dagrun for sparking_flow to 2024-11-10 00:00:00+00:00, run_after=2024-11-11 00:00:00+00:00
[2024-11-10T10:25:09.225+0000] {processor.py:208} INFO - Processing /opt/airflow/dags/spark_airflow.py took 0.089 seconds
[2024-11-10T10:25:39.439+0000] {processor.py:186} INFO - Started process (PID=11585) to work on /opt/airflow/dags/spark_airflow.py
[2024-11-10T10:25:39.440+0000] {processor.py:914} INFO - Processing file /opt/airflow/dags/spark_airflow.py for tasks to queue
[2024-11-10T10:25:39.441+0000] {logging_mixin.py:190} INFO - [2024-11-10T10:25:39.441+0000] {dagbag.py:588} INFO - Filling up the DagBag from /opt/airflow/dags/spark_airflow.py
[2024-11-10T10:25:39.458+0000] {processor.py:925} INFO - DAG(s) 'sparking_flow' retrieved from /opt/airflow/dags/spark_airflow.py
[2024-11-10T10:25:39.483+0000] {logging_mixin.py:190} INFO - [2024-11-10T10:25:39.483+0000] {dag.py:3239} INFO - Sync 1 DAGs
[2024-11-10T10:25:39.506+0000] {logging_mixin.py:190} INFO - [2024-11-10T10:25:39.506+0000] {dag.py:4180} INFO - Setting next_dagrun for sparking_flow to 2024-11-10 00:00:00+00:00, run_after=2024-11-11 00:00:00+00:00
[2024-11-10T10:25:39.523+0000] {processor.py:208} INFO - Processing /opt/airflow/dags/spark_airflow.py took 0.087 seconds
[2024-11-10T10:26:09.735+0000] {processor.py:186} INFO - Started process (PID=11595) to work on /opt/airflow/dags/spark_airflow.py
[2024-11-10T10:26:09.736+0000] {processor.py:914} INFO - Processing file /opt/airflow/dags/spark_airflow.py for tasks to queue
[2024-11-10T10:26:09.738+0000] {logging_mixin.py:190} INFO - [2024-11-10T10:26:09.737+0000] {dagbag.py:588} INFO - Filling up the DagBag from /opt/airflow/dags/spark_airflow.py
[2024-11-10T10:26:09.757+0000] {processor.py:925} INFO - DAG(s) 'sparking_flow' retrieved from /opt/airflow/dags/spark_airflow.py
[2024-11-10T10:26:09.781+0000] {logging_mixin.py:190} INFO - [2024-11-10T10:26:09.781+0000] {dag.py:3239} INFO - Sync 1 DAGs
[2024-11-10T10:26:09.803+0000] {logging_mixin.py:190} INFO - [2024-11-10T10:26:09.802+0000] {dag.py:4180} INFO - Setting next_dagrun for sparking_flow to 2024-11-10 00:00:00+00:00, run_after=2024-11-11 00:00:00+00:00
[2024-11-10T10:26:09.819+0000] {processor.py:208} INFO - Processing /opt/airflow/dags/spark_airflow.py took 0.088 seconds
[2024-11-10T10:26:40.032+0000] {processor.py:186} INFO - Started process (PID=11605) to work on /opt/airflow/dags/spark_airflow.py
[2024-11-10T10:26:40.032+0000] {processor.py:914} INFO - Processing file /opt/airflow/dags/spark_airflow.py for tasks to queue
[2024-11-10T10:26:40.033+0000] {logging_mixin.py:190} INFO - [2024-11-10T10:26:40.033+0000] {dagbag.py:588} INFO - Filling up the DagBag from /opt/airflow/dags/spark_airflow.py
[2024-11-10T10:26:40.050+0000] {processor.py:925} INFO - DAG(s) 'sparking_flow' retrieved from /opt/airflow/dags/spark_airflow.py
[2024-11-10T10:26:40.074+0000] {logging_mixin.py:190} INFO - [2024-11-10T10:26:40.074+0000] {dag.py:3239} INFO - Sync 1 DAGs
[2024-11-10T10:26:40.097+0000] {logging_mixin.py:190} INFO - [2024-11-10T10:26:40.097+0000] {dag.py:4180} INFO - Setting next_dagrun for sparking_flow to 2024-11-10 00:00:00+00:00, run_after=2024-11-11 00:00:00+00:00
[2024-11-10T10:26:40.115+0000] {processor.py:208} INFO - Processing /opt/airflow/dags/spark_airflow.py took 0.087 seconds
[2024-11-10T10:27:10.233+0000] {processor.py:186} INFO - Started process (PID=11615) to work on /opt/airflow/dags/spark_airflow.py
[2024-11-10T10:27:10.234+0000] {processor.py:914} INFO - Processing file /opt/airflow/dags/spark_airflow.py for tasks to queue
[2024-11-10T10:27:10.236+0000] {logging_mixin.py:190} INFO - [2024-11-10T10:27:10.235+0000] {dagbag.py:588} INFO - Filling up the DagBag from /opt/airflow/dags/spark_airflow.py
[2024-11-10T10:27:10.253+0000] {processor.py:925} INFO - DAG(s) 'sparking_flow' retrieved from /opt/airflow/dags/spark_airflow.py
[2024-11-10T10:27:10.276+0000] {logging_mixin.py:190} INFO - [2024-11-10T10:27:10.276+0000] {dag.py:3239} INFO - Sync 1 DAGs
[2024-11-10T10:27:10.297+0000] {logging_mixin.py:190} INFO - [2024-11-10T10:27:10.297+0000] {dag.py:4180} INFO - Setting next_dagrun for sparking_flow to 2024-11-10 00:00:00+00:00, run_after=2024-11-11 00:00:00+00:00
[2024-11-10T10:27:10.322+0000] {processor.py:208} INFO - Processing /opt/airflow/dags/spark_airflow.py took 0.093 seconds
[2024-11-10T10:27:40.488+0000] {processor.py:186} INFO - Started process (PID=11625) to work on /opt/airflow/dags/spark_airflow.py
[2024-11-10T10:27:40.489+0000] {processor.py:914} INFO - Processing file /opt/airflow/dags/spark_airflow.py for tasks to queue
[2024-11-10T10:27:40.490+0000] {logging_mixin.py:190} INFO - [2024-11-10T10:27:40.490+0000] {dagbag.py:588} INFO - Filling up the DagBag from /opt/airflow/dags/spark_airflow.py
[2024-11-10T10:27:40.508+0000] {processor.py:925} INFO - DAG(s) 'sparking_flow' retrieved from /opt/airflow/dags/spark_airflow.py
[2024-11-10T10:27:40.530+0000] {logging_mixin.py:190} INFO - [2024-11-10T10:27:40.530+0000] {dag.py:3239} INFO - Sync 1 DAGs
[2024-11-10T10:27:40.551+0000] {logging_mixin.py:190} INFO - [2024-11-10T10:27:40.550+0000] {dag.py:4180} INFO - Setting next_dagrun for sparking_flow to 2024-11-10 00:00:00+00:00, run_after=2024-11-11 00:00:00+00:00
[2024-11-10T10:27:40.568+0000] {processor.py:208} INFO - Processing /opt/airflow/dags/spark_airflow.py took 0.087 seconds
[2024-11-10T10:28:10.793+0000] {processor.py:186} INFO - Started process (PID=11635) to work on /opt/airflow/dags/spark_airflow.py
[2024-11-10T10:28:10.793+0000] {processor.py:914} INFO - Processing file /opt/airflow/dags/spark_airflow.py for tasks to queue
[2024-11-10T10:28:10.795+0000] {logging_mixin.py:190} INFO - [2024-11-10T10:28:10.794+0000] {dagbag.py:588} INFO - Filling up the DagBag from /opt/airflow/dags/spark_airflow.py
[2024-11-10T10:28:10.814+0000] {processor.py:925} INFO - DAG(s) 'sparking_flow' retrieved from /opt/airflow/dags/spark_airflow.py
[2024-11-10T10:28:10.837+0000] {logging_mixin.py:190} INFO - [2024-11-10T10:28:10.837+0000] {dag.py:3239} INFO - Sync 1 DAGs
[2024-11-10T10:28:10.859+0000] {logging_mixin.py:190} INFO - [2024-11-10T10:28:10.859+0000] {dag.py:4180} INFO - Setting next_dagrun for sparking_flow to 2024-11-10 00:00:00+00:00, run_after=2024-11-11 00:00:00+00:00
[2024-11-10T10:28:10.877+0000] {processor.py:208} INFO - Processing /opt/airflow/dags/spark_airflow.py took 0.089 seconds
[2024-11-10T10:28:40.991+0000] {processor.py:186} INFO - Started process (PID=11645) to work on /opt/airflow/dags/spark_airflow.py
[2024-11-10T10:28:40.992+0000] {processor.py:914} INFO - Processing file /opt/airflow/dags/spark_airflow.py for tasks to queue
[2024-11-10T10:28:40.993+0000] {logging_mixin.py:190} INFO - [2024-11-10T10:28:40.993+0000] {dagbag.py:588} INFO - Filling up the DagBag from /opt/airflow/dags/spark_airflow.py
[2024-11-10T10:28:41.010+0000] {processor.py:925} INFO - DAG(s) 'sparking_flow' retrieved from /opt/airflow/dags/spark_airflow.py
[2024-11-10T10:28:41.035+0000] {logging_mixin.py:190} INFO - [2024-11-10T10:28:41.034+0000] {dag.py:3239} INFO - Sync 1 DAGs
[2024-11-10T10:28:41.057+0000] {logging_mixin.py:190} INFO - [2024-11-10T10:28:41.056+0000] {dag.py:4180} INFO - Setting next_dagrun for sparking_flow to 2024-11-10 00:00:00+00:00, run_after=2024-11-11 00:00:00+00:00
[2024-11-10T10:28:41.079+0000] {processor.py:208} INFO - Processing /opt/airflow/dags/spark_airflow.py took 0.092 seconds
[2024-11-10T10:29:11.238+0000] {processor.py:186} INFO - Started process (PID=11655) to work on /opt/airflow/dags/spark_airflow.py
[2024-11-10T10:29:11.238+0000] {processor.py:914} INFO - Processing file /opt/airflow/dags/spark_airflow.py for tasks to queue
[2024-11-10T10:29:11.239+0000] {logging_mixin.py:190} INFO - [2024-11-10T10:29:11.239+0000] {dagbag.py:588} INFO - Filling up the DagBag from /opt/airflow/dags/spark_airflow.py
[2024-11-10T10:29:11.257+0000] {processor.py:925} INFO - DAG(s) 'sparking_flow' retrieved from /opt/airflow/dags/spark_airflow.py
[2024-11-10T10:29:11.279+0000] {logging_mixin.py:190} INFO - [2024-11-10T10:29:11.279+0000] {dag.py:3239} INFO - Sync 1 DAGs
[2024-11-10T10:29:11.299+0000] {logging_mixin.py:190} INFO - [2024-11-10T10:29:11.299+0000] {dag.py:4180} INFO - Setting next_dagrun for sparking_flow to 2024-11-10 00:00:00+00:00, run_after=2024-11-11 00:00:00+00:00
[2024-11-10T10:29:11.315+0000] {processor.py:208} INFO - Processing /opt/airflow/dags/spark_airflow.py took 0.081 seconds
[2024-11-10T10:29:41.439+0000] {processor.py:186} INFO - Started process (PID=11665) to work on /opt/airflow/dags/spark_airflow.py
[2024-11-10T10:29:41.440+0000] {processor.py:914} INFO - Processing file /opt/airflow/dags/spark_airflow.py for tasks to queue
[2024-11-10T10:29:41.441+0000] {logging_mixin.py:190} INFO - [2024-11-10T10:29:41.441+0000] {dagbag.py:588} INFO - Filling up the DagBag from /opt/airflow/dags/spark_airflow.py
[2024-11-10T10:29:41.460+0000] {processor.py:925} INFO - DAG(s) 'sparking_flow' retrieved from /opt/airflow/dags/spark_airflow.py
[2024-11-10T10:29:41.484+0000] {logging_mixin.py:190} INFO - [2024-11-10T10:29:41.484+0000] {dag.py:3239} INFO - Sync 1 DAGs
[2024-11-10T10:29:41.507+0000] {logging_mixin.py:190} INFO - [2024-11-10T10:29:41.507+0000] {dag.py:4180} INFO - Setting next_dagrun for sparking_flow to 2024-11-10 00:00:00+00:00, run_after=2024-11-11 00:00:00+00:00
[2024-11-10T10:29:41.523+0000] {processor.py:208} INFO - Processing /opt/airflow/dags/spark_airflow.py took 0.090 seconds
[2024-11-10T10:30:11.789+0000] {processor.py:186} INFO - Started process (PID=11675) to work on /opt/airflow/dags/spark_airflow.py
[2024-11-10T10:30:11.789+0000] {processor.py:914} INFO - Processing file /opt/airflow/dags/spark_airflow.py for tasks to queue
[2024-11-10T10:30:11.792+0000] {logging_mixin.py:190} INFO - [2024-11-10T10:30:11.791+0000] {dagbag.py:588} INFO - Filling up the DagBag from /opt/airflow/dags/spark_airflow.py
[2024-11-10T10:30:11.809+0000] {processor.py:925} INFO - DAG(s) 'sparking_flow' retrieved from /opt/airflow/dags/spark_airflow.py
[2024-11-10T10:30:11.833+0000] {logging_mixin.py:190} INFO - [2024-11-10T10:30:11.833+0000] {dag.py:3239} INFO - Sync 1 DAGs
[2024-11-10T10:30:11.853+0000] {logging_mixin.py:190} INFO - [2024-11-10T10:30:11.853+0000] {dag.py:4180} INFO - Setting next_dagrun for sparking_flow to 2024-11-10 00:00:00+00:00, run_after=2024-11-11 00:00:00+00:00
[2024-11-10T10:30:11.870+0000] {processor.py:208} INFO - Processing /opt/airflow/dags/spark_airflow.py took 0.088 seconds
[2024-11-10T10:30:41.998+0000] {processor.py:186} INFO - Started process (PID=11685) to work on /opt/airflow/dags/spark_airflow.py
[2024-11-10T10:30:41.999+0000] {processor.py:914} INFO - Processing file /opt/airflow/dags/spark_airflow.py for tasks to queue
[2024-11-10T10:30:42.000+0000] {logging_mixin.py:190} INFO - [2024-11-10T10:30:42.000+0000] {dagbag.py:588} INFO - Filling up the DagBag from /opt/airflow/dags/spark_airflow.py
[2024-11-10T10:30:42.022+0000] {processor.py:925} INFO - DAG(s) 'sparking_flow' retrieved from /opt/airflow/dags/spark_airflow.py
[2024-11-10T10:30:42.046+0000] {logging_mixin.py:190} INFO - [2024-11-10T10:30:42.046+0000] {dag.py:3239} INFO - Sync 1 DAGs
[2024-11-10T10:30:42.068+0000] {logging_mixin.py:190} INFO - [2024-11-10T10:30:42.068+0000] {dag.py:4180} INFO - Setting next_dagrun for sparking_flow to 2024-11-10 00:00:00+00:00, run_after=2024-11-11 00:00:00+00:00
[2024-11-10T10:30:42.084+0000] {processor.py:208} INFO - Processing /opt/airflow/dags/spark_airflow.py took 0.091 seconds
[2024-11-10T10:31:12.295+0000] {processor.py:186} INFO - Started process (PID=11695) to work on /opt/airflow/dags/spark_airflow.py
[2024-11-10T10:31:12.296+0000] {processor.py:914} INFO - Processing file /opt/airflow/dags/spark_airflow.py for tasks to queue
[2024-11-10T10:31:12.297+0000] {logging_mixin.py:190} INFO - [2024-11-10T10:31:12.296+0000] {dagbag.py:588} INFO - Filling up the DagBag from /opt/airflow/dags/spark_airflow.py
[2024-11-10T10:31:12.313+0000] {processor.py:925} INFO - DAG(s) 'sparking_flow' retrieved from /opt/airflow/dags/spark_airflow.py
[2024-11-10T10:31:12.337+0000] {logging_mixin.py:190} INFO - [2024-11-10T10:31:12.337+0000] {dag.py:3239} INFO - Sync 1 DAGs
[2024-11-10T10:31:12.359+0000] {logging_mixin.py:190} INFO - [2024-11-10T10:31:12.359+0000] {dag.py:4180} INFO - Setting next_dagrun for sparking_flow to 2024-11-10 00:00:00+00:00, run_after=2024-11-11 00:00:00+00:00
[2024-11-10T10:31:12.375+0000] {processor.py:208} INFO - Processing /opt/airflow/dags/spark_airflow.py took 0.084 seconds
[2024-11-10T10:31:42.510+0000] {processor.py:186} INFO - Started process (PID=11705) to work on /opt/airflow/dags/spark_airflow.py
[2024-11-10T10:31:42.511+0000] {processor.py:914} INFO - Processing file /opt/airflow/dags/spark_airflow.py for tasks to queue
[2024-11-10T10:31:42.512+0000] {logging_mixin.py:190} INFO - [2024-11-10T10:31:42.512+0000] {dagbag.py:588} INFO - Filling up the DagBag from /opt/airflow/dags/spark_airflow.py
[2024-11-10T10:31:42.532+0000] {processor.py:925} INFO - DAG(s) 'sparking_flow' retrieved from /opt/airflow/dags/spark_airflow.py
[2024-11-10T10:31:42.556+0000] {logging_mixin.py:190} INFO - [2024-11-10T10:31:42.556+0000] {dag.py:3239} INFO - Sync 1 DAGs
[2024-11-10T10:31:42.576+0000] {logging_mixin.py:190} INFO - [2024-11-10T10:31:42.576+0000] {dag.py:4180} INFO - Setting next_dagrun for sparking_flow to 2024-11-10 00:00:00+00:00, run_after=2024-11-11 00:00:00+00:00
[2024-11-10T10:31:42.594+0000] {processor.py:208} INFO - Processing /opt/airflow/dags/spark_airflow.py took 0.090 seconds
[2024-11-10T10:32:12.821+0000] {processor.py:186} INFO - Started process (PID=11715) to work on /opt/airflow/dags/spark_airflow.py
[2024-11-10T10:32:12.822+0000] {processor.py:914} INFO - Processing file /opt/airflow/dags/spark_airflow.py for tasks to queue
[2024-11-10T10:32:12.826+0000] {logging_mixin.py:190} INFO - [2024-11-10T10:32:12.826+0000] {dagbag.py:588} INFO - Filling up the DagBag from /opt/airflow/dags/spark_airflow.py
[2024-11-10T10:32:12.845+0000] {processor.py:925} INFO - DAG(s) 'sparking_flow' retrieved from /opt/airflow/dags/spark_airflow.py
[2024-11-10T10:32:12.869+0000] {logging_mixin.py:190} INFO - [2024-11-10T10:32:12.869+0000] {dag.py:3239} INFO - Sync 1 DAGs
[2024-11-10T10:32:12.890+0000] {logging_mixin.py:190} INFO - [2024-11-10T10:32:12.889+0000] {dag.py:4180} INFO - Setting next_dagrun for sparking_flow to 2024-11-10 00:00:00+00:00, run_after=2024-11-11 00:00:00+00:00
[2024-11-10T10:32:12.906+0000] {processor.py:208} INFO - Processing /opt/airflow/dags/spark_airflow.py took 0.089 seconds
[2024-11-10T10:32:43.124+0000] {processor.py:186} INFO - Started process (PID=11725) to work on /opt/airflow/dags/spark_airflow.py
[2024-11-10T10:32:43.125+0000] {processor.py:914} INFO - Processing file /opt/airflow/dags/spark_airflow.py for tasks to queue
[2024-11-10T10:32:43.126+0000] {logging_mixin.py:190} INFO - [2024-11-10T10:32:43.126+0000] {dagbag.py:588} INFO - Filling up the DagBag from /opt/airflow/dags/spark_airflow.py
[2024-11-10T10:32:43.143+0000] {processor.py:925} INFO - DAG(s) 'sparking_flow' retrieved from /opt/airflow/dags/spark_airflow.py
[2024-11-10T10:32:43.167+0000] {logging_mixin.py:190} INFO - [2024-11-10T10:32:43.167+0000] {dag.py:3239} INFO - Sync 1 DAGs
[2024-11-10T10:32:43.190+0000] {logging_mixin.py:190} INFO - [2024-11-10T10:32:43.190+0000] {dag.py:4180} INFO - Setting next_dagrun for sparking_flow to 2024-11-10 00:00:00+00:00, run_after=2024-11-11 00:00:00+00:00
[2024-11-10T10:32:43.206+0000] {processor.py:208} INFO - Processing /opt/airflow/dags/spark_airflow.py took 0.086 seconds
[2024-11-10T10:33:13.422+0000] {processor.py:186} INFO - Started process (PID=11735) to work on /opt/airflow/dags/spark_airflow.py
[2024-11-10T10:33:13.423+0000] {processor.py:914} INFO - Processing file /opt/airflow/dags/spark_airflow.py for tasks to queue
[2024-11-10T10:33:13.425+0000] {logging_mixin.py:190} INFO - [2024-11-10T10:33:13.424+0000] {dagbag.py:588} INFO - Filling up the DagBag from /opt/airflow/dags/spark_airflow.py
[2024-11-10T10:33:13.442+0000] {processor.py:925} INFO - DAG(s) 'sparking_flow' retrieved from /opt/airflow/dags/spark_airflow.py
[2024-11-10T10:33:13.465+0000] {logging_mixin.py:190} INFO - [2024-11-10T10:33:13.464+0000] {dag.py:3239} INFO - Sync 1 DAGs
[2024-11-10T10:33:13.486+0000] {logging_mixin.py:190} INFO - [2024-11-10T10:33:13.486+0000] {dag.py:4180} INFO - Setting next_dagrun for sparking_flow to 2024-11-10 00:00:00+00:00, run_after=2024-11-11 00:00:00+00:00
[2024-11-10T10:33:13.504+0000] {processor.py:208} INFO - Processing /opt/airflow/dags/spark_airflow.py took 0.086 seconds
[2024-11-10T10:33:43.625+0000] {processor.py:186} INFO - Started process (PID=11745) to work on /opt/airflow/dags/spark_airflow.py
[2024-11-10T10:33:43.626+0000] {processor.py:914} INFO - Processing file /opt/airflow/dags/spark_airflow.py for tasks to queue
[2024-11-10T10:33:43.627+0000] {logging_mixin.py:190} INFO - [2024-11-10T10:33:43.627+0000] {dagbag.py:588} INFO - Filling up the DagBag from /opt/airflow/dags/spark_airflow.py
[2024-11-10T10:33:43.645+0000] {processor.py:925} INFO - DAG(s) 'sparking_flow' retrieved from /opt/airflow/dags/spark_airflow.py
[2024-11-10T10:33:43.670+0000] {logging_mixin.py:190} INFO - [2024-11-10T10:33:43.669+0000] {dag.py:3239} INFO - Sync 1 DAGs
[2024-11-10T10:33:43.691+0000] {logging_mixin.py:190} INFO - [2024-11-10T10:33:43.690+0000] {dag.py:4180} INFO - Setting next_dagrun for sparking_flow to 2024-11-10 00:00:00+00:00, run_after=2024-11-11 00:00:00+00:00
[2024-11-10T10:33:43.707+0000] {processor.py:208} INFO - Processing /opt/airflow/dags/spark_airflow.py took 0.086 seconds
[2024-11-10T10:34:13.918+0000] {processor.py:186} INFO - Started process (PID=11755) to work on /opt/airflow/dags/spark_airflow.py
[2024-11-10T10:34:13.919+0000] {processor.py:914} INFO - Processing file /opt/airflow/dags/spark_airflow.py for tasks to queue
[2024-11-10T10:34:13.920+0000] {logging_mixin.py:190} INFO - [2024-11-10T10:34:13.920+0000] {dagbag.py:588} INFO - Filling up the DagBag from /opt/airflow/dags/spark_airflow.py
[2024-11-10T10:34:13.936+0000] {processor.py:925} INFO - DAG(s) 'sparking_flow' retrieved from /opt/airflow/dags/spark_airflow.py
[2024-11-10T10:34:13.958+0000] {logging_mixin.py:190} INFO - [2024-11-10T10:34:13.958+0000] {dag.py:3239} INFO - Sync 1 DAGs
[2024-11-10T10:34:13.980+0000] {logging_mixin.py:190} INFO - [2024-11-10T10:34:13.980+0000] {dag.py:4180} INFO - Setting next_dagrun for sparking_flow to 2024-11-10 00:00:00+00:00, run_after=2024-11-11 00:00:00+00:00
[2024-11-10T10:34:13.998+0000] {processor.py:208} INFO - Processing /opt/airflow/dags/spark_airflow.py took 0.084 seconds
[2024-11-10T10:34:44.115+0000] {processor.py:186} INFO - Started process (PID=11765) to work on /opt/airflow/dags/spark_airflow.py
[2024-11-10T10:34:44.115+0000] {processor.py:914} INFO - Processing file /opt/airflow/dags/spark_airflow.py for tasks to queue
[2024-11-10T10:34:44.117+0000] {logging_mixin.py:190} INFO - [2024-11-10T10:34:44.116+0000] {dagbag.py:588} INFO - Filling up the DagBag from /opt/airflow/dags/spark_airflow.py
[2024-11-10T10:34:44.135+0000] {processor.py:925} INFO - DAG(s) 'sparking_flow' retrieved from /opt/airflow/dags/spark_airflow.py
[2024-11-10T10:34:44.158+0000] {logging_mixin.py:190} INFO - [2024-11-10T10:34:44.158+0000] {dag.py:3239} INFO - Sync 1 DAGs
[2024-11-10T10:34:44.178+0000] {logging_mixin.py:190} INFO - [2024-11-10T10:34:44.178+0000] {dag.py:4180} INFO - Setting next_dagrun for sparking_flow to 2024-11-10 00:00:00+00:00, run_after=2024-11-11 00:00:00+00:00
[2024-11-10T10:34:44.195+0000] {processor.py:208} INFO - Processing /opt/airflow/dags/spark_airflow.py took 0.085 seconds
[2024-11-10T10:35:14.391+0000] {processor.py:186} INFO - Started process (PID=11775) to work on /opt/airflow/dags/spark_airflow.py
[2024-11-10T10:35:14.392+0000] {processor.py:914} INFO - Processing file /opt/airflow/dags/spark_airflow.py for tasks to queue
[2024-11-10T10:35:14.393+0000] {logging_mixin.py:190} INFO - [2024-11-10T10:35:14.393+0000] {dagbag.py:588} INFO - Filling up the DagBag from /opt/airflow/dags/spark_airflow.py
[2024-11-10T10:35:14.411+0000] {processor.py:925} INFO - DAG(s) 'sparking_flow' retrieved from /opt/airflow/dags/spark_airflow.py
[2024-11-10T10:35:14.433+0000] {logging_mixin.py:190} INFO - [2024-11-10T10:35:14.433+0000] {dag.py:3239} INFO - Sync 1 DAGs
[2024-11-10T10:35:14.453+0000] {logging_mixin.py:190} INFO - [2024-11-10T10:35:14.453+0000] {dag.py:4180} INFO - Setting next_dagrun for sparking_flow to 2024-11-10 00:00:00+00:00, run_after=2024-11-11 00:00:00+00:00
[2024-11-10T10:35:14.486+0000] {processor.py:208} INFO - Processing /opt/airflow/dags/spark_airflow.py took 0.099 seconds
[2024-11-10T10:35:44.706+0000] {processor.py:186} INFO - Started process (PID=11785) to work on /opt/airflow/dags/spark_airflow.py
[2024-11-10T10:35:44.707+0000] {processor.py:914} INFO - Processing file /opt/airflow/dags/spark_airflow.py for tasks to queue
[2024-11-10T10:35:44.708+0000] {logging_mixin.py:190} INFO - [2024-11-10T10:35:44.707+0000] {dagbag.py:588} INFO - Filling up the DagBag from /opt/airflow/dags/spark_airflow.py
[2024-11-10T10:35:44.725+0000] {processor.py:925} INFO - DAG(s) 'sparking_flow' retrieved from /opt/airflow/dags/spark_airflow.py
[2024-11-10T10:35:44.750+0000] {logging_mixin.py:190} INFO - [2024-11-10T10:35:44.750+0000] {dag.py:3239} INFO - Sync 1 DAGs
[2024-11-10T10:35:44.771+0000] {logging_mixin.py:190} INFO - [2024-11-10T10:35:44.771+0000] {dag.py:4180} INFO - Setting next_dagrun for sparking_flow to 2024-11-10 00:00:00+00:00, run_after=2024-11-11 00:00:00+00:00
[2024-11-10T10:35:44.788+0000] {processor.py:208} INFO - Processing /opt/airflow/dags/spark_airflow.py took 0.086 seconds
[2024-11-10T10:36:14.923+0000] {processor.py:186} INFO - Started process (PID=11795) to work on /opt/airflow/dags/spark_airflow.py
[2024-11-10T10:36:14.924+0000] {processor.py:914} INFO - Processing file /opt/airflow/dags/spark_airflow.py for tasks to queue
[2024-11-10T10:36:14.926+0000] {logging_mixin.py:190} INFO - [2024-11-10T10:36:14.926+0000] {dagbag.py:588} INFO - Filling up the DagBag from /opt/airflow/dags/spark_airflow.py
[2024-11-10T10:36:14.946+0000] {processor.py:925} INFO - DAG(s) 'sparking_flow' retrieved from /opt/airflow/dags/spark_airflow.py
[2024-11-10T10:36:14.972+0000] {logging_mixin.py:190} INFO - [2024-11-10T10:36:14.971+0000] {dag.py:3239} INFO - Sync 1 DAGs
[2024-11-10T10:36:14.997+0000] {logging_mixin.py:190} INFO - [2024-11-10T10:36:14.996+0000] {dag.py:4180} INFO - Setting next_dagrun for sparking_flow to 2024-11-10 00:00:00+00:00, run_after=2024-11-11 00:00:00+00:00
[2024-11-10T10:36:15.017+0000] {processor.py:208} INFO - Processing /opt/airflow/dags/spark_airflow.py took 0.098 seconds
[2024-11-10T10:36:45.239+0000] {processor.py:186} INFO - Started process (PID=11805) to work on /opt/airflow/dags/spark_airflow.py
[2024-11-10T10:36:45.240+0000] {processor.py:914} INFO - Processing file /opt/airflow/dags/spark_airflow.py for tasks to queue
[2024-11-10T10:36:45.241+0000] {logging_mixin.py:190} INFO - [2024-11-10T10:36:45.241+0000] {dagbag.py:588} INFO - Filling up the DagBag from /opt/airflow/dags/spark_airflow.py
[2024-11-10T10:36:45.262+0000] {processor.py:925} INFO - DAG(s) 'sparking_flow' retrieved from /opt/airflow/dags/spark_airflow.py
[2024-11-10T10:36:45.288+0000] {logging_mixin.py:190} INFO - [2024-11-10T10:36:45.288+0000] {dag.py:3239} INFO - Sync 1 DAGs
[2024-11-10T10:36:45.312+0000] {logging_mixin.py:190} INFO - [2024-11-10T10:36:45.312+0000] {dag.py:4180} INFO - Setting next_dagrun for sparking_flow to 2024-11-10 00:00:00+00:00, run_after=2024-11-11 00:00:00+00:00
[2024-11-10T10:36:45.330+0000] {processor.py:208} INFO - Processing /opt/airflow/dags/spark_airflow.py took 0.096 seconds
[2024-11-10T10:37:15.546+0000] {processor.py:186} INFO - Started process (PID=11815) to work on /opt/airflow/dags/spark_airflow.py
[2024-11-10T10:37:15.547+0000] {processor.py:914} INFO - Processing file /opt/airflow/dags/spark_airflow.py for tasks to queue
[2024-11-10T10:37:15.548+0000] {logging_mixin.py:190} INFO - [2024-11-10T10:37:15.548+0000] {dagbag.py:588} INFO - Filling up the DagBag from /opt/airflow/dags/spark_airflow.py
[2024-11-10T10:37:15.565+0000] {processor.py:925} INFO - DAG(s) 'sparking_flow' retrieved from /opt/airflow/dags/spark_airflow.py
[2024-11-10T10:37:15.587+0000] {logging_mixin.py:190} INFO - [2024-11-10T10:37:15.587+0000] {dag.py:3239} INFO - Sync 1 DAGs
[2024-11-10T10:37:15.606+0000] {logging_mixin.py:190} INFO - [2024-11-10T10:37:15.606+0000] {dag.py:4180} INFO - Setting next_dagrun for sparking_flow to 2024-11-10 00:00:00+00:00, run_after=2024-11-11 00:00:00+00:00
[2024-11-10T10:37:15.620+0000] {processor.py:208} INFO - Processing /opt/airflow/dags/spark_airflow.py took 0.078 seconds
[2024-11-10T10:37:45.745+0000] {processor.py:186} INFO - Started process (PID=11825) to work on /opt/airflow/dags/spark_airflow.py
[2024-11-10T10:37:45.745+0000] {processor.py:914} INFO - Processing file /opt/airflow/dags/spark_airflow.py for tasks to queue
[2024-11-10T10:37:45.746+0000] {logging_mixin.py:190} INFO - [2024-11-10T10:37:45.746+0000] {dagbag.py:588} INFO - Filling up the DagBag from /opt/airflow/dags/spark_airflow.py
[2024-11-10T10:37:45.764+0000] {processor.py:925} INFO - DAG(s) 'sparking_flow' retrieved from /opt/airflow/dags/spark_airflow.py
[2024-11-10T10:37:45.789+0000] {logging_mixin.py:190} INFO - [2024-11-10T10:37:45.789+0000] {dag.py:3239} INFO - Sync 1 DAGs
[2024-11-10T10:37:45.811+0000] {logging_mixin.py:190} INFO - [2024-11-10T10:37:45.811+0000] {dag.py:4180} INFO - Setting next_dagrun for sparking_flow to 2024-11-10 00:00:00+00:00, run_after=2024-11-11 00:00:00+00:00
[2024-11-10T10:37:45.827+0000] {processor.py:208} INFO - Processing /opt/airflow/dags/spark_airflow.py took 0.088 seconds
