[2024-11-09T16:55:19.085+0000] {processor.py:186} INFO - Started process (PID=2674) to work on /opt/airflow/dags/spotify_pipeline.py
[2024-11-09T16:55:19.086+0000] {processor.py:914} INFO - Processing file /opt/airflow/dags/spotify_pipeline.py for tasks to queue
[2024-11-09T16:55:19.087+0000] {logging_mixin.py:190} INFO - [2024-11-09T16:55:19.087+0000] {dagbag.py:588} INFO - Filling up the DagBag from /opt/airflow/dags/spotify_pipeline.py
[2024-11-09T16:55:19.112+0000] {logging_mixin.py:190} INFO - [2024-11-09T16:55:19.107+0000] {dagbag.py:387} ERROR - Failed to import: /opt/airflow/dags/spotify_pipeline.py
Traceback (most recent call last):
  File "/home/airflow/.local/lib/python3.11/site-packages/airflow/models/dagbag.py", line 383, in parse
    loader.exec_module(new_module)
  File "<frozen importlib._bootstrap_external>", line 940, in exec_module
  File "<frozen importlib._bootstrap>", line 241, in _call_with_frames_removed
  File "/opt/airflow/dags/spotify_pipeline.py", line 52, in <module>
    start >> [python_job, scala_job, java_job] >> end
                          ^^^^^^^^^
NameError: name 'scala_job' is not defined
[2024-11-09T16:55:19.115+0000] {processor.py:927} WARNING - No viable dags retrieved from /opt/airflow/dags/spotify_pipeline.py
[2024-11-09T16:55:19.135+0000] {processor.py:208} INFO - Processing /opt/airflow/dags/spotify_pipeline.py took 0.055 seconds
[2024-11-09T16:55:49.332+0000] {processor.py:186} INFO - Started process (PID=2684) to work on /opt/airflow/dags/spotify_pipeline.py
[2024-11-09T16:55:49.333+0000] {processor.py:914} INFO - Processing file /opt/airflow/dags/spotify_pipeline.py for tasks to queue
[2024-11-09T16:55:49.334+0000] {logging_mixin.py:190} INFO - [2024-11-09T16:55:49.334+0000] {dagbag.py:588} INFO - Filling up the DagBag from /opt/airflow/dags/spotify_pipeline.py
[2024-11-09T16:55:49.350+0000] {logging_mixin.py:190} INFO - [2024-11-09T16:55:49.347+0000] {dagbag.py:387} ERROR - Failed to import: /opt/airflow/dags/spotify_pipeline.py
Traceback (most recent call last):
  File "/home/airflow/.local/lib/python3.11/site-packages/airflow/models/dagbag.py", line 383, in parse
    loader.exec_module(new_module)
  File "<frozen importlib._bootstrap_external>", line 940, in exec_module
  File "<frozen importlib._bootstrap>", line 241, in _call_with_frames_removed
  File "/opt/airflow/dags/spotify_pipeline.py", line 52, in <module>
    start >> [python_job, scala_job, java_job] >> end
                          ^^^^^^^^^
NameError: name 'scala_job' is not defined
[2024-11-09T16:55:49.351+0000] {processor.py:927} WARNING - No viable dags retrieved from /opt/airflow/dags/spotify_pipeline.py
[2024-11-09T16:55:49.381+0000] {processor.py:208} INFO - Processing /opt/airflow/dags/spotify_pipeline.py took 0.052 seconds
[2024-11-09T16:56:19.579+0000] {processor.py:186} INFO - Started process (PID=2694) to work on /opt/airflow/dags/spotify_pipeline.py
[2024-11-09T16:56:19.580+0000] {processor.py:914} INFO - Processing file /opt/airflow/dags/spotify_pipeline.py for tasks to queue
[2024-11-09T16:56:19.581+0000] {logging_mixin.py:190} INFO - [2024-11-09T16:56:19.580+0000] {dagbag.py:588} INFO - Filling up the DagBag from /opt/airflow/dags/spotify_pipeline.py
[2024-11-09T16:56:19.596+0000] {logging_mixin.py:190} INFO - [2024-11-09T16:56:19.593+0000] {dagbag.py:387} ERROR - Failed to import: /opt/airflow/dags/spotify_pipeline.py
Traceback (most recent call last):
  File "/home/airflow/.local/lib/python3.11/site-packages/airflow/models/dagbag.py", line 383, in parse
    loader.exec_module(new_module)
  File "<frozen importlib._bootstrap_external>", line 940, in exec_module
  File "<frozen importlib._bootstrap>", line 241, in _call_with_frames_removed
  File "/opt/airflow/dags/spotify_pipeline.py", line 52, in <module>
    start >> [python_job, scala_job, java_job] >> end
                          ^^^^^^^^^
NameError: name 'scala_job' is not defined
[2024-11-09T16:56:19.597+0000] {processor.py:927} WARNING - No viable dags retrieved from /opt/airflow/dags/spotify_pipeline.py
[2024-11-09T16:56:19.613+0000] {processor.py:208} INFO - Processing /opt/airflow/dags/spotify_pipeline.py took 0.038 seconds
[2024-11-09T16:56:49.817+0000] {processor.py:186} INFO - Started process (PID=2704) to work on /opt/airflow/dags/spotify_pipeline.py
[2024-11-09T16:56:49.818+0000] {processor.py:914} INFO - Processing file /opt/airflow/dags/spotify_pipeline.py for tasks to queue
[2024-11-09T16:56:49.819+0000] {logging_mixin.py:190} INFO - [2024-11-09T16:56:49.819+0000] {dagbag.py:588} INFO - Filling up the DagBag from /opt/airflow/dags/spotify_pipeline.py
[2024-11-09T16:56:49.835+0000] {logging_mixin.py:190} INFO - [2024-11-09T16:56:49.832+0000] {dagbag.py:387} ERROR - Failed to import: /opt/airflow/dags/spotify_pipeline.py
Traceback (most recent call last):
  File "/home/airflow/.local/lib/python3.11/site-packages/airflow/models/dagbag.py", line 383, in parse
    loader.exec_module(new_module)
  File "<frozen importlib._bootstrap_external>", line 940, in exec_module
  File "<frozen importlib._bootstrap>", line 241, in _call_with_frames_removed
  File "/opt/airflow/dags/spotify_pipeline.py", line 52, in <module>
    start >> [python_job, scala_job, java_job] >> end
                          ^^^^^^^^^
NameError: name 'scala_job' is not defined
[2024-11-09T16:56:49.836+0000] {processor.py:927} WARNING - No viable dags retrieved from /opt/airflow/dags/spotify_pipeline.py
[2024-11-09T16:56:49.852+0000] {processor.py:208} INFO - Processing /opt/airflow/dags/spotify_pipeline.py took 0.040 seconds
[2024-11-09T16:57:20.047+0000] {processor.py:186} INFO - Started process (PID=2714) to work on /opt/airflow/dags/spotify_pipeline.py
[2024-11-09T16:57:20.048+0000] {processor.py:914} INFO - Processing file /opt/airflow/dags/spotify_pipeline.py for tasks to queue
[2024-11-09T16:57:20.050+0000] {logging_mixin.py:190} INFO - [2024-11-09T16:57:20.050+0000] {dagbag.py:588} INFO - Filling up the DagBag from /opt/airflow/dags/spotify_pipeline.py
[2024-11-09T16:57:20.066+0000] {logging_mixin.py:190} INFO - [2024-11-09T16:57:20.063+0000] {dagbag.py:387} ERROR - Failed to import: /opt/airflow/dags/spotify_pipeline.py
Traceback (most recent call last):
  File "/home/airflow/.local/lib/python3.11/site-packages/airflow/models/dagbag.py", line 383, in parse
    loader.exec_module(new_module)
  File "<frozen importlib._bootstrap_external>", line 940, in exec_module
  File "<frozen importlib._bootstrap>", line 241, in _call_with_frames_removed
  File "/opt/airflow/dags/spotify_pipeline.py", line 52, in <module>
    start >> [python_job, scala_job, java_job] >> end
                          ^^^^^^^^^
NameError: name 'scala_job' is not defined
[2024-11-09T16:57:20.067+0000] {processor.py:927} WARNING - No viable dags retrieved from /opt/airflow/dags/spotify_pipeline.py
[2024-11-09T16:57:20.083+0000] {processor.py:208} INFO - Processing /opt/airflow/dags/spotify_pipeline.py took 0.041 seconds
[2024-11-09T16:57:50.274+0000] {processor.py:186} INFO - Started process (PID=2724) to work on /opt/airflow/dags/spotify_pipeline.py
[2024-11-09T16:57:50.275+0000] {processor.py:914} INFO - Processing file /opt/airflow/dags/spotify_pipeline.py for tasks to queue
[2024-11-09T16:57:50.276+0000] {logging_mixin.py:190} INFO - [2024-11-09T16:57:50.276+0000] {dagbag.py:588} INFO - Filling up the DagBag from /opt/airflow/dags/spotify_pipeline.py
[2024-11-09T16:57:50.293+0000] {logging_mixin.py:190} INFO - [2024-11-09T16:57:50.290+0000] {dagbag.py:387} ERROR - Failed to import: /opt/airflow/dags/spotify_pipeline.py
Traceback (most recent call last):
  File "/home/airflow/.local/lib/python3.11/site-packages/airflow/models/dagbag.py", line 383, in parse
    loader.exec_module(new_module)
  File "<frozen importlib._bootstrap_external>", line 940, in exec_module
  File "<frozen importlib._bootstrap>", line 241, in _call_with_frames_removed
  File "/opt/airflow/dags/spotify_pipeline.py", line 52, in <module>
    start >> [python_job, scala_job, java_job] >> end
                          ^^^^^^^^^
NameError: name 'scala_job' is not defined
[2024-11-09T16:57:50.294+0000] {processor.py:927} WARNING - No viable dags retrieved from /opt/airflow/dags/spotify_pipeline.py
[2024-11-09T16:57:50.313+0000] {processor.py:208} INFO - Processing /opt/airflow/dags/spotify_pipeline.py took 0.042 seconds
[2024-11-09T16:58:20.523+0000] {processor.py:186} INFO - Started process (PID=2734) to work on /opt/airflow/dags/spotify_pipeline.py
[2024-11-09T16:58:20.524+0000] {processor.py:914} INFO - Processing file /opt/airflow/dags/spotify_pipeline.py for tasks to queue
[2024-11-09T16:58:20.525+0000] {logging_mixin.py:190} INFO - [2024-11-09T16:58:20.525+0000] {dagbag.py:588} INFO - Filling up the DagBag from /opt/airflow/dags/spotify_pipeline.py
[2024-11-09T16:58:20.541+0000] {logging_mixin.py:190} INFO - [2024-11-09T16:58:20.538+0000] {dagbag.py:387} ERROR - Failed to import: /opt/airflow/dags/spotify_pipeline.py
Traceback (most recent call last):
  File "/home/airflow/.local/lib/python3.11/site-packages/airflow/models/dagbag.py", line 383, in parse
    loader.exec_module(new_module)
  File "<frozen importlib._bootstrap_external>", line 940, in exec_module
  File "<frozen importlib._bootstrap>", line 241, in _call_with_frames_removed
  File "/opt/airflow/dags/spotify_pipeline.py", line 52, in <module>
    start >> [python_job, scala_job, java_job] >> end
                          ^^^^^^^^^
NameError: name 'scala_job' is not defined
[2024-11-09T16:58:20.543+0000] {processor.py:927} WARNING - No viable dags retrieved from /opt/airflow/dags/spotify_pipeline.py
[2024-11-09T16:58:20.574+0000] {processor.py:208} INFO - Processing /opt/airflow/dags/spotify_pipeline.py took 0.056 seconds
[2024-11-09T16:58:50.777+0000] {processor.py:186} INFO - Started process (PID=2744) to work on /opt/airflow/dags/spotify_pipeline.py
[2024-11-09T16:58:50.777+0000] {processor.py:914} INFO - Processing file /opt/airflow/dags/spotify_pipeline.py for tasks to queue
[2024-11-09T16:58:50.778+0000] {logging_mixin.py:190} INFO - [2024-11-09T16:58:50.778+0000] {dagbag.py:588} INFO - Filling up the DagBag from /opt/airflow/dags/spotify_pipeline.py
[2024-11-09T16:58:50.794+0000] {logging_mixin.py:190} INFO - [2024-11-09T16:58:50.791+0000] {dagbag.py:387} ERROR - Failed to import: /opt/airflow/dags/spotify_pipeline.py
Traceback (most recent call last):
  File "/home/airflow/.local/lib/python3.11/site-packages/airflow/models/dagbag.py", line 383, in parse
    loader.exec_module(new_module)
  File "<frozen importlib._bootstrap_external>", line 940, in exec_module
  File "<frozen importlib._bootstrap>", line 241, in _call_with_frames_removed
  File "/opt/airflow/dags/spotify_pipeline.py", line 52, in <module>
    start >> [python_job, scala_job, java_job] >> end
                          ^^^^^^^^^
NameError: name 'scala_job' is not defined
[2024-11-09T16:58:50.795+0000] {processor.py:927} WARNING - No viable dags retrieved from /opt/airflow/dags/spotify_pipeline.py
[2024-11-09T16:58:50.825+0000] {processor.py:208} INFO - Processing /opt/airflow/dags/spotify_pipeline.py took 0.052 seconds
[2024-11-09T16:59:21.030+0000] {processor.py:186} INFO - Started process (PID=2754) to work on /opt/airflow/dags/spotify_pipeline.py
[2024-11-09T16:59:21.031+0000] {processor.py:914} INFO - Processing file /opt/airflow/dags/spotify_pipeline.py for tasks to queue
[2024-11-09T16:59:21.033+0000] {logging_mixin.py:190} INFO - [2024-11-09T16:59:21.032+0000] {dagbag.py:588} INFO - Filling up the DagBag from /opt/airflow/dags/spotify_pipeline.py
[2024-11-09T16:59:21.050+0000] {logging_mixin.py:190} INFO - [2024-11-09T16:59:21.047+0000] {dagbag.py:387} ERROR - Failed to import: /opt/airflow/dags/spotify_pipeline.py
Traceback (most recent call last):
  File "/home/airflow/.local/lib/python3.11/site-packages/airflow/models/dagbag.py", line 383, in parse
    loader.exec_module(new_module)
  File "<frozen importlib._bootstrap_external>", line 940, in exec_module
  File "<frozen importlib._bootstrap>", line 241, in _call_with_frames_removed
  File "/opt/airflow/dags/spotify_pipeline.py", line 52, in <module>
    start >> [python_job, scala_job, java_job] >> end
                          ^^^^^^^^^
NameError: name 'scala_job' is not defined
[2024-11-09T16:59:21.052+0000] {processor.py:927} WARNING - No viable dags retrieved from /opt/airflow/dags/spotify_pipeline.py
[2024-11-09T16:59:21.069+0000] {processor.py:208} INFO - Processing /opt/airflow/dags/spotify_pipeline.py took 0.044 seconds
[2024-11-09T16:59:51.289+0000] {processor.py:186} INFO - Started process (PID=2764) to work on /opt/airflow/dags/spotify_pipeline.py
[2024-11-09T16:59:51.290+0000] {processor.py:914} INFO - Processing file /opt/airflow/dags/spotify_pipeline.py for tasks to queue
[2024-11-09T16:59:51.292+0000] {logging_mixin.py:190} INFO - [2024-11-09T16:59:51.291+0000] {dagbag.py:588} INFO - Filling up the DagBag from /opt/airflow/dags/spotify_pipeline.py
[2024-11-09T16:59:51.312+0000] {logging_mixin.py:190} INFO - [2024-11-09T16:59:51.308+0000] {dagbag.py:387} ERROR - Failed to import: /opt/airflow/dags/spotify_pipeline.py
Traceback (most recent call last):
  File "/home/airflow/.local/lib/python3.11/site-packages/airflow/models/dagbag.py", line 383, in parse
    loader.exec_module(new_module)
  File "<frozen importlib._bootstrap_external>", line 940, in exec_module
  File "<frozen importlib._bootstrap>", line 241, in _call_with_frames_removed
  File "/opt/airflow/dags/spotify_pipeline.py", line 52, in <module>
    start >> [python_job, scala_job, java_job] >> end
                          ^^^^^^^^^
NameError: name 'scala_job' is not defined
[2024-11-09T16:59:51.313+0000] {processor.py:927} WARNING - No viable dags retrieved from /opt/airflow/dags/spotify_pipeline.py
[2024-11-09T16:59:51.333+0000] {processor.py:208} INFO - Processing /opt/airflow/dags/spotify_pipeline.py took 0.050 seconds
[2024-11-09T17:00:21.583+0000] {processor.py:186} INFO - Started process (PID=2774) to work on /opt/airflow/dags/spotify_pipeline.py
[2024-11-09T17:00:21.584+0000] {processor.py:914} INFO - Processing file /opt/airflow/dags/spotify_pipeline.py for tasks to queue
[2024-11-09T17:00:21.586+0000] {logging_mixin.py:190} INFO - [2024-11-09T17:00:21.586+0000] {dagbag.py:588} INFO - Filling up the DagBag from /opt/airflow/dags/spotify_pipeline.py
[2024-11-09T17:00:21.606+0000] {logging_mixin.py:190} INFO - [2024-11-09T17:00:21.603+0000] {dagbag.py:387} ERROR - Failed to import: /opt/airflow/dags/spotify_pipeline.py
Traceback (most recent call last):
  File "/home/airflow/.local/lib/python3.11/site-packages/airflow/models/dagbag.py", line 383, in parse
    loader.exec_module(new_module)
  File "<frozen importlib._bootstrap_external>", line 940, in exec_module
  File "<frozen importlib._bootstrap>", line 241, in _call_with_frames_removed
  File "/opt/airflow/dags/spotify_pipeline.py", line 52, in <module>
    start >> [python_job, scala_job, java_job] >> end
                          ^^^^^^^^^
NameError: name 'scala_job' is not defined
[2024-11-09T17:00:21.608+0000] {processor.py:927} WARNING - No viable dags retrieved from /opt/airflow/dags/spotify_pipeline.py
[2024-11-09T17:00:21.627+0000] {processor.py:208} INFO - Processing /opt/airflow/dags/spotify_pipeline.py took 0.049 seconds
[2024-11-09T17:00:51.824+0000] {processor.py:186} INFO - Started process (PID=2784) to work on /opt/airflow/dags/spotify_pipeline.py
[2024-11-09T17:00:51.825+0000] {processor.py:914} INFO - Processing file /opt/airflow/dags/spotify_pipeline.py for tasks to queue
[2024-11-09T17:00:51.826+0000] {logging_mixin.py:190} INFO - [2024-11-09T17:00:51.826+0000] {dagbag.py:588} INFO - Filling up the DagBag from /opt/airflow/dags/spotify_pipeline.py
[2024-11-09T17:00:51.844+0000] {logging_mixin.py:190} INFO - [2024-11-09T17:00:51.840+0000] {dagbag.py:387} ERROR - Failed to import: /opt/airflow/dags/spotify_pipeline.py
Traceback (most recent call last):
  File "/home/airflow/.local/lib/python3.11/site-packages/airflow/models/dagbag.py", line 383, in parse
    loader.exec_module(new_module)
  File "<frozen importlib._bootstrap_external>", line 940, in exec_module
  File "<frozen importlib._bootstrap>", line 241, in _call_with_frames_removed
  File "/opt/airflow/dags/spotify_pipeline.py", line 52, in <module>
    start >> [python_job, scala_job, java_job] >> end
                          ^^^^^^^^^
NameError: name 'scala_job' is not defined
[2024-11-09T17:00:51.845+0000] {processor.py:927} WARNING - No viable dags retrieved from /opt/airflow/dags/spotify_pipeline.py
[2024-11-09T17:00:51.862+0000] {processor.py:208} INFO - Processing /opt/airflow/dags/spotify_pipeline.py took 0.041 seconds
[2024-11-09T17:01:22.061+0000] {processor.py:186} INFO - Started process (PID=2794) to work on /opt/airflow/dags/spotify_pipeline.py
[2024-11-09T17:01:22.062+0000] {processor.py:914} INFO - Processing file /opt/airflow/dags/spotify_pipeline.py for tasks to queue
[2024-11-09T17:01:22.063+0000] {logging_mixin.py:190} INFO - [2024-11-09T17:01:22.063+0000] {dagbag.py:588} INFO - Filling up the DagBag from /opt/airflow/dags/spotify_pipeline.py
[2024-11-09T17:01:22.078+0000] {logging_mixin.py:190} INFO - [2024-11-09T17:01:22.075+0000] {dagbag.py:387} ERROR - Failed to import: /opt/airflow/dags/spotify_pipeline.py
Traceback (most recent call last):
  File "/home/airflow/.local/lib/python3.11/site-packages/airflow/models/dagbag.py", line 383, in parse
    loader.exec_module(new_module)
  File "<frozen importlib._bootstrap_external>", line 940, in exec_module
  File "<frozen importlib._bootstrap>", line 241, in _call_with_frames_removed
  File "/opt/airflow/dags/spotify_pipeline.py", line 52, in <module>
    start >> [python_job, scala_job, java_job] >> end
                          ^^^^^^^^^
NameError: name 'scala_job' is not defined
[2024-11-09T17:01:22.080+0000] {processor.py:927} WARNING - No viable dags retrieved from /opt/airflow/dags/spotify_pipeline.py
[2024-11-09T17:01:22.109+0000] {processor.py:208} INFO - Processing /opt/airflow/dags/spotify_pipeline.py took 0.052 seconds
[2024-11-09T17:01:52.320+0000] {processor.py:186} INFO - Started process (PID=2804) to work on /opt/airflow/dags/spotify_pipeline.py
[2024-11-09T17:01:52.321+0000] {processor.py:914} INFO - Processing file /opt/airflow/dags/spotify_pipeline.py for tasks to queue
[2024-11-09T17:01:52.322+0000] {logging_mixin.py:190} INFO - [2024-11-09T17:01:52.321+0000] {dagbag.py:588} INFO - Filling up the DagBag from /opt/airflow/dags/spotify_pipeline.py
[2024-11-09T17:01:52.338+0000] {logging_mixin.py:190} INFO - [2024-11-09T17:01:52.335+0000] {dagbag.py:387} ERROR - Failed to import: /opt/airflow/dags/spotify_pipeline.py
Traceback (most recent call last):
  File "/home/airflow/.local/lib/python3.11/site-packages/airflow/models/dagbag.py", line 383, in parse
    loader.exec_module(new_module)
  File "<frozen importlib._bootstrap_external>", line 940, in exec_module
  File "<frozen importlib._bootstrap>", line 241, in _call_with_frames_removed
  File "/opt/airflow/dags/spotify_pipeline.py", line 52, in <module>
    start >> [python_job, scala_job, java_job] >> end
                          ^^^^^^^^^
NameError: name 'scala_job' is not defined
[2024-11-09T17:01:52.339+0000] {processor.py:927} WARNING - No viable dags retrieved from /opt/airflow/dags/spotify_pipeline.py
[2024-11-09T17:01:52.356+0000] {processor.py:208} INFO - Processing /opt/airflow/dags/spotify_pipeline.py took 0.039 seconds
[2024-11-09T17:02:22.570+0000] {processor.py:186} INFO - Started process (PID=2814) to work on /opt/airflow/dags/spotify_pipeline.py
[2024-11-09T17:02:22.571+0000] {processor.py:914} INFO - Processing file /opt/airflow/dags/spotify_pipeline.py for tasks to queue
[2024-11-09T17:02:22.573+0000] {logging_mixin.py:190} INFO - [2024-11-09T17:02:22.573+0000] {dagbag.py:588} INFO - Filling up the DagBag from /opt/airflow/dags/spotify_pipeline.py
[2024-11-09T17:02:22.594+0000] {logging_mixin.py:190} INFO - [2024-11-09T17:02:22.590+0000] {dagbag.py:387} ERROR - Failed to import: /opt/airflow/dags/spotify_pipeline.py
Traceback (most recent call last):
  File "/home/airflow/.local/lib/python3.11/site-packages/airflow/models/dagbag.py", line 383, in parse
    loader.exec_module(new_module)
  File "<frozen importlib._bootstrap_external>", line 940, in exec_module
  File "<frozen importlib._bootstrap>", line 241, in _call_with_frames_removed
  File "/opt/airflow/dags/spotify_pipeline.py", line 52, in <module>
    start >> [python_job, scala_job, java_job] >> end
                          ^^^^^^^^^
NameError: name 'scala_job' is not defined
[2024-11-09T17:02:22.595+0000] {processor.py:927} WARNING - No viable dags retrieved from /opt/airflow/dags/spotify_pipeline.py
[2024-11-09T17:02:22.612+0000] {processor.py:208} INFO - Processing /opt/airflow/dags/spotify_pipeline.py took 0.047 seconds
[2024-11-09T17:02:52.819+0000] {processor.py:186} INFO - Started process (PID=2824) to work on /opt/airflow/dags/spotify_pipeline.py
[2024-11-09T17:02:52.820+0000] {processor.py:914} INFO - Processing file /opt/airflow/dags/spotify_pipeline.py for tasks to queue
[2024-11-09T17:02:52.821+0000] {logging_mixin.py:190} INFO - [2024-11-09T17:02:52.821+0000] {dagbag.py:588} INFO - Filling up the DagBag from /opt/airflow/dags/spotify_pipeline.py
[2024-11-09T17:02:52.838+0000] {logging_mixin.py:190} INFO - [2024-11-09T17:02:52.834+0000] {dagbag.py:387} ERROR - Failed to import: /opt/airflow/dags/spotify_pipeline.py
Traceback (most recent call last):
  File "/home/airflow/.local/lib/python3.11/site-packages/airflow/models/dagbag.py", line 383, in parse
    loader.exec_module(new_module)
  File "<frozen importlib._bootstrap_external>", line 940, in exec_module
  File "<frozen importlib._bootstrap>", line 241, in _call_with_frames_removed
  File "/opt/airflow/dags/spotify_pipeline.py", line 52, in <module>
    start >> [python_job, scala_job, java_job] >> end
                          ^^^^^^^^^
NameError: name 'scala_job' is not defined
[2024-11-09T17:02:52.839+0000] {processor.py:927} WARNING - No viable dags retrieved from /opt/airflow/dags/spotify_pipeline.py
[2024-11-09T17:02:52.857+0000] {processor.py:208} INFO - Processing /opt/airflow/dags/spotify_pipeline.py took 0.043 seconds
[2024-11-09T17:03:23.089+0000] {processor.py:186} INFO - Started process (PID=2834) to work on /opt/airflow/dags/spotify_pipeline.py
[2024-11-09T17:03:23.090+0000] {processor.py:914} INFO - Processing file /opt/airflow/dags/spotify_pipeline.py for tasks to queue
[2024-11-09T17:03:23.091+0000] {logging_mixin.py:190} INFO - [2024-11-09T17:03:23.091+0000] {dagbag.py:588} INFO - Filling up the DagBag from /opt/airflow/dags/spotify_pipeline.py
[2024-11-09T17:03:23.116+0000] {logging_mixin.py:190} INFO - [2024-11-09T17:03:23.111+0000] {dagbag.py:387} ERROR - Failed to import: /opt/airflow/dags/spotify_pipeline.py
Traceback (most recent call last):
  File "/home/airflow/.local/lib/python3.11/site-packages/airflow/models/dagbag.py", line 383, in parse
    loader.exec_module(new_module)
  File "<frozen importlib._bootstrap_external>", line 940, in exec_module
  File "<frozen importlib._bootstrap>", line 241, in _call_with_frames_removed
  File "/opt/airflow/dags/spotify_pipeline.py", line 52, in <module>
    start >> [python_job, scala_job, java_job] >> end
                          ^^^^^^^^^
NameError: name 'scala_job' is not defined
[2024-11-09T17:03:23.118+0000] {processor.py:927} WARNING - No viable dags retrieved from /opt/airflow/dags/spotify_pipeline.py
[2024-11-09T17:03:23.146+0000] {processor.py:208} INFO - Processing /opt/airflow/dags/spotify_pipeline.py took 0.062 seconds
[2024-11-09T17:03:53.363+0000] {processor.py:186} INFO - Started process (PID=2844) to work on /opt/airflow/dags/spotify_pipeline.py
[2024-11-09T17:03:53.364+0000] {processor.py:914} INFO - Processing file /opt/airflow/dags/spotify_pipeline.py for tasks to queue
[2024-11-09T17:03:53.365+0000] {logging_mixin.py:190} INFO - [2024-11-09T17:03:53.365+0000] {dagbag.py:588} INFO - Filling up the DagBag from /opt/airflow/dags/spotify_pipeline.py
[2024-11-09T17:03:53.380+0000] {logging_mixin.py:190} INFO - [2024-11-09T17:03:53.377+0000] {dagbag.py:387} ERROR - Failed to import: /opt/airflow/dags/spotify_pipeline.py
Traceback (most recent call last):
  File "/home/airflow/.local/lib/python3.11/site-packages/airflow/models/dagbag.py", line 383, in parse
    loader.exec_module(new_module)
  File "<frozen importlib._bootstrap_external>", line 940, in exec_module
  File "<frozen importlib._bootstrap>", line 241, in _call_with_frames_removed
  File "/opt/airflow/dags/spotify_pipeline.py", line 52, in <module>
    start >> [python_job, scala_job, java_job] >> end
                          ^^^^^^^^^
NameError: name 'scala_job' is not defined
[2024-11-09T17:03:53.381+0000] {processor.py:927} WARNING - No viable dags retrieved from /opt/airflow/dags/spotify_pipeline.py
[2024-11-09T17:03:53.397+0000] {processor.py:208} INFO - Processing /opt/airflow/dags/spotify_pipeline.py took 0.038 seconds
[2024-11-09T17:04:23.605+0000] {processor.py:186} INFO - Started process (PID=2854) to work on /opt/airflow/dags/spotify_pipeline.py
[2024-11-09T17:04:23.606+0000] {processor.py:914} INFO - Processing file /opt/airflow/dags/spotify_pipeline.py for tasks to queue
[2024-11-09T17:04:23.607+0000] {logging_mixin.py:190} INFO - [2024-11-09T17:04:23.607+0000] {dagbag.py:588} INFO - Filling up the DagBag from /opt/airflow/dags/spotify_pipeline.py
[2024-11-09T17:04:23.624+0000] {logging_mixin.py:190} INFO - [2024-11-09T17:04:23.620+0000] {dagbag.py:387} ERROR - Failed to import: /opt/airflow/dags/spotify_pipeline.py
Traceback (most recent call last):
  File "/home/airflow/.local/lib/python3.11/site-packages/airflow/models/dagbag.py", line 383, in parse
    loader.exec_module(new_module)
  File "<frozen importlib._bootstrap_external>", line 940, in exec_module
  File "<frozen importlib._bootstrap>", line 241, in _call_with_frames_removed
  File "/opt/airflow/dags/spotify_pipeline.py", line 52, in <module>
    start >> [python_job, scala_job, java_job] >> end
                          ^^^^^^^^^
NameError: name 'scala_job' is not defined
[2024-11-09T17:04:23.625+0000] {processor.py:927} WARNING - No viable dags retrieved from /opt/airflow/dags/spotify_pipeline.py
[2024-11-09T17:04:23.642+0000] {processor.py:208} INFO - Processing /opt/airflow/dags/spotify_pipeline.py took 0.044 seconds
[2024-11-09T17:04:53.858+0000] {processor.py:186} INFO - Started process (PID=2864) to work on /opt/airflow/dags/spotify_pipeline.py
[2024-11-09T17:04:53.859+0000] {processor.py:914} INFO - Processing file /opt/airflow/dags/spotify_pipeline.py for tasks to queue
[2024-11-09T17:04:53.860+0000] {logging_mixin.py:190} INFO - [2024-11-09T17:04:53.859+0000] {dagbag.py:588} INFO - Filling up the DagBag from /opt/airflow/dags/spotify_pipeline.py
[2024-11-09T17:04:53.876+0000] {logging_mixin.py:190} INFO - [2024-11-09T17:04:53.873+0000] {dagbag.py:387} ERROR - Failed to import: /opt/airflow/dags/spotify_pipeline.py
Traceback (most recent call last):
  File "/home/airflow/.local/lib/python3.11/site-packages/airflow/models/dagbag.py", line 383, in parse
    loader.exec_module(new_module)
  File "<frozen importlib._bootstrap_external>", line 940, in exec_module
  File "<frozen importlib._bootstrap>", line 241, in _call_with_frames_removed
  File "/opt/airflow/dags/spotify_pipeline.py", line 52, in <module>
    start >> [python_job, scala_job, java_job] >> end
                          ^^^^^^^^^
NameError: name 'scala_job' is not defined
[2024-11-09T17:04:53.877+0000] {processor.py:927} WARNING - No viable dags retrieved from /opt/airflow/dags/spotify_pipeline.py
[2024-11-09T17:04:53.892+0000] {processor.py:208} INFO - Processing /opt/airflow/dags/spotify_pipeline.py took 0.041 seconds
[2024-11-09T17:05:24.133+0000] {processor.py:186} INFO - Started process (PID=2874) to work on /opt/airflow/dags/spotify_pipeline.py
[2024-11-09T17:05:24.134+0000] {processor.py:914} INFO - Processing file /opt/airflow/dags/spotify_pipeline.py for tasks to queue
[2024-11-09T17:05:24.135+0000] {logging_mixin.py:190} INFO - [2024-11-09T17:05:24.135+0000] {dagbag.py:588} INFO - Filling up the DagBag from /opt/airflow/dags/spotify_pipeline.py
[2024-11-09T17:05:24.150+0000] {logging_mixin.py:190} INFO - [2024-11-09T17:05:24.147+0000] {dagbag.py:387} ERROR - Failed to import: /opt/airflow/dags/spotify_pipeline.py
Traceback (most recent call last):
  File "/home/airflow/.local/lib/python3.11/site-packages/airflow/models/dagbag.py", line 383, in parse
    loader.exec_module(new_module)
  File "<frozen importlib._bootstrap_external>", line 940, in exec_module
  File "<frozen importlib._bootstrap>", line 241, in _call_with_frames_removed
  File "/opt/airflow/dags/spotify_pipeline.py", line 52, in <module>
    start >> [python_job, scala_job, java_job] >> end
                          ^^^^^^^^^
NameError: name 'scala_job' is not defined
[2024-11-09T17:05:24.152+0000] {processor.py:927} WARNING - No viable dags retrieved from /opt/airflow/dags/spotify_pipeline.py
[2024-11-09T17:05:24.169+0000] {processor.py:208} INFO - Processing /opt/airflow/dags/spotify_pipeline.py took 0.040 seconds
[2024-11-09T17:05:54.374+0000] {processor.py:186} INFO - Started process (PID=2884) to work on /opt/airflow/dags/spotify_pipeline.py
[2024-11-09T17:05:54.374+0000] {processor.py:914} INFO - Processing file /opt/airflow/dags/spotify_pipeline.py for tasks to queue
[2024-11-09T17:05:54.375+0000] {logging_mixin.py:190} INFO - [2024-11-09T17:05:54.375+0000] {dagbag.py:588} INFO - Filling up the DagBag from /opt/airflow/dags/spotify_pipeline.py
[2024-11-09T17:05:54.394+0000] {logging_mixin.py:190} INFO - [2024-11-09T17:05:54.390+0000] {dagbag.py:387} ERROR - Failed to import: /opt/airflow/dags/spotify_pipeline.py
Traceback (most recent call last):
  File "/home/airflow/.local/lib/python3.11/site-packages/airflow/models/dagbag.py", line 383, in parse
    loader.exec_module(new_module)
  File "<frozen importlib._bootstrap_external>", line 940, in exec_module
  File "<frozen importlib._bootstrap>", line 241, in _call_with_frames_removed
  File "/opt/airflow/dags/spotify_pipeline.py", line 52, in <module>
    start >> [python_job, scala_job, java_job] >> end
                          ^^^^^^^^^
NameError: name 'scala_job' is not defined
[2024-11-09T17:05:54.395+0000] {processor.py:927} WARNING - No viable dags retrieved from /opt/airflow/dags/spotify_pipeline.py
[2024-11-09T17:05:54.416+0000] {processor.py:208} INFO - Processing /opt/airflow/dags/spotify_pipeline.py took 0.046 seconds
[2024-11-09T17:06:24.632+0000] {processor.py:186} INFO - Started process (PID=2894) to work on /opt/airflow/dags/spotify_pipeline.py
[2024-11-09T17:06:24.633+0000] {processor.py:914} INFO - Processing file /opt/airflow/dags/spotify_pipeline.py for tasks to queue
[2024-11-09T17:06:24.634+0000] {logging_mixin.py:190} INFO - [2024-11-09T17:06:24.634+0000] {dagbag.py:588} INFO - Filling up the DagBag from /opt/airflow/dags/spotify_pipeline.py
[2024-11-09T17:06:24.650+0000] {logging_mixin.py:190} INFO - [2024-11-09T17:06:24.647+0000] {dagbag.py:387} ERROR - Failed to import: /opt/airflow/dags/spotify_pipeline.py
Traceback (most recent call last):
  File "/home/airflow/.local/lib/python3.11/site-packages/airflow/models/dagbag.py", line 383, in parse
    loader.exec_module(new_module)
  File "<frozen importlib._bootstrap_external>", line 940, in exec_module
  File "<frozen importlib._bootstrap>", line 241, in _call_with_frames_removed
  File "/opt/airflow/dags/spotify_pipeline.py", line 52, in <module>
    start >> [python_job, scala_job, java_job] >> end
                          ^^^^^^^^^
NameError: name 'scala_job' is not defined
[2024-11-09T17:06:24.651+0000] {processor.py:927} WARNING - No viable dags retrieved from /opt/airflow/dags/spotify_pipeline.py
[2024-11-09T17:06:24.668+0000] {processor.py:208} INFO - Processing /opt/airflow/dags/spotify_pipeline.py took 0.041 seconds
[2024-11-09T17:06:54.871+0000] {processor.py:186} INFO - Started process (PID=2904) to work on /opt/airflow/dags/spotify_pipeline.py
[2024-11-09T17:06:54.872+0000] {processor.py:914} INFO - Processing file /opt/airflow/dags/spotify_pipeline.py for tasks to queue
[2024-11-09T17:06:54.873+0000] {logging_mixin.py:190} INFO - [2024-11-09T17:06:54.873+0000] {dagbag.py:588} INFO - Filling up the DagBag from /opt/airflow/dags/spotify_pipeline.py
[2024-11-09T17:06:54.888+0000] {logging_mixin.py:190} INFO - [2024-11-09T17:06:54.885+0000] {dagbag.py:387} ERROR - Failed to import: /opt/airflow/dags/spotify_pipeline.py
Traceback (most recent call last):
  File "/home/airflow/.local/lib/python3.11/site-packages/airflow/models/dagbag.py", line 383, in parse
    loader.exec_module(new_module)
  File "<frozen importlib._bootstrap_external>", line 940, in exec_module
  File "<frozen importlib._bootstrap>", line 241, in _call_with_frames_removed
  File "/opt/airflow/dags/spotify_pipeline.py", line 52, in <module>
    start >> [python_job, scala_job, java_job] >> end
                          ^^^^^^^^^
NameError: name 'scala_job' is not defined
[2024-11-09T17:06:54.889+0000] {processor.py:927} WARNING - No viable dags retrieved from /opt/airflow/dags/spotify_pipeline.py
[2024-11-09T17:06:54.905+0000] {processor.py:208} INFO - Processing /opt/airflow/dags/spotify_pipeline.py took 0.039 seconds
[2024-11-09T17:07:25.106+0000] {processor.py:186} INFO - Started process (PID=2914) to work on /opt/airflow/dags/spotify_pipeline.py
[2024-11-09T17:07:25.107+0000] {processor.py:914} INFO - Processing file /opt/airflow/dags/spotify_pipeline.py for tasks to queue
[2024-11-09T17:07:25.108+0000] {logging_mixin.py:190} INFO - [2024-11-09T17:07:25.108+0000] {dagbag.py:588} INFO - Filling up the DagBag from /opt/airflow/dags/spotify_pipeline.py
[2024-11-09T17:07:25.123+0000] {logging_mixin.py:190} INFO - [2024-11-09T17:07:25.120+0000] {dagbag.py:387} ERROR - Failed to import: /opt/airflow/dags/spotify_pipeline.py
Traceback (most recent call last):
  File "/home/airflow/.local/lib/python3.11/site-packages/airflow/models/dagbag.py", line 383, in parse
    loader.exec_module(new_module)
  File "<frozen importlib._bootstrap_external>", line 940, in exec_module
  File "<frozen importlib._bootstrap>", line 241, in _call_with_frames_removed
  File "/opt/airflow/dags/spotify_pipeline.py", line 52, in <module>
    start >> [python_job, scala_job, java_job] >> end
                          ^^^^^^^^^
NameError: name 'scala_job' is not defined
[2024-11-09T17:07:25.124+0000] {processor.py:927} WARNING - No viable dags retrieved from /opt/airflow/dags/spotify_pipeline.py
[2024-11-09T17:07:25.141+0000] {processor.py:208} INFO - Processing /opt/airflow/dags/spotify_pipeline.py took 0.039 seconds
[2024-11-09T17:07:55.357+0000] {processor.py:186} INFO - Started process (PID=2924) to work on /opt/airflow/dags/spotify_pipeline.py
[2024-11-09T17:07:55.358+0000] {processor.py:914} INFO - Processing file /opt/airflow/dags/spotify_pipeline.py for tasks to queue
[2024-11-09T17:07:55.359+0000] {logging_mixin.py:190} INFO - [2024-11-09T17:07:55.359+0000] {dagbag.py:588} INFO - Filling up the DagBag from /opt/airflow/dags/spotify_pipeline.py
[2024-11-09T17:07:55.378+0000] {logging_mixin.py:190} INFO - [2024-11-09T17:07:55.375+0000] {dagbag.py:387} ERROR - Failed to import: /opt/airflow/dags/spotify_pipeline.py
Traceback (most recent call last):
  File "/home/airflow/.local/lib/python3.11/site-packages/airflow/models/dagbag.py", line 383, in parse
    loader.exec_module(new_module)
  File "<frozen importlib._bootstrap_external>", line 940, in exec_module
  File "<frozen importlib._bootstrap>", line 241, in _call_with_frames_removed
  File "/opt/airflow/dags/spotify_pipeline.py", line 52, in <module>
    start >> [python_job, scala_job, java_job] >> end
                          ^^^^^^^^^
NameError: name 'scala_job' is not defined
[2024-11-09T17:07:55.380+0000] {processor.py:927} WARNING - No viable dags retrieved from /opt/airflow/dags/spotify_pipeline.py
[2024-11-09T17:07:55.404+0000] {processor.py:208} INFO - Processing /opt/airflow/dags/spotify_pipeline.py took 0.053 seconds
[2024-11-09T17:08:25.663+0000] {processor.py:186} INFO - Started process (PID=2934) to work on /opt/airflow/dags/spotify_pipeline.py
[2024-11-09T17:08:25.663+0000] {processor.py:914} INFO - Processing file /opt/airflow/dags/spotify_pipeline.py for tasks to queue
[2024-11-09T17:08:25.664+0000] {logging_mixin.py:190} INFO - [2024-11-09T17:08:25.664+0000] {dagbag.py:588} INFO - Filling up the DagBag from /opt/airflow/dags/spotify_pipeline.py
[2024-11-09T17:08:25.684+0000] {logging_mixin.py:190} INFO - [2024-11-09T17:08:25.681+0000] {dagbag.py:387} ERROR - Failed to import: /opt/airflow/dags/spotify_pipeline.py
Traceback (most recent call last):
  File "/home/airflow/.local/lib/python3.11/site-packages/airflow/models/dagbag.py", line 383, in parse
    loader.exec_module(new_module)
  File "<frozen importlib._bootstrap_external>", line 940, in exec_module
  File "<frozen importlib._bootstrap>", line 241, in _call_with_frames_removed
  File "/opt/airflow/dags/spotify_pipeline.py", line 52, in <module>
    start >> [python_job, scala_job, java_job] >> end
                          ^^^^^^^^^
NameError: name 'scala_job' is not defined
[2024-11-09T17:08:25.687+0000] {processor.py:927} WARNING - No viable dags retrieved from /opt/airflow/dags/spotify_pipeline.py
[2024-11-09T17:08:25.708+0000] {processor.py:208} INFO - Processing /opt/airflow/dags/spotify_pipeline.py took 0.050 seconds
[2024-11-09T17:08:55.914+0000] {processor.py:186} INFO - Started process (PID=2944) to work on /opt/airflow/dags/spotify_pipeline.py
[2024-11-09T17:08:55.915+0000] {processor.py:914} INFO - Processing file /opt/airflow/dags/spotify_pipeline.py for tasks to queue
[2024-11-09T17:08:55.916+0000] {logging_mixin.py:190} INFO - [2024-11-09T17:08:55.915+0000] {dagbag.py:588} INFO - Filling up the DagBag from /opt/airflow/dags/spotify_pipeline.py
[2024-11-09T17:08:55.932+0000] {logging_mixin.py:190} INFO - [2024-11-09T17:08:55.929+0000] {dagbag.py:387} ERROR - Failed to import: /opt/airflow/dags/spotify_pipeline.py
Traceback (most recent call last):
  File "/home/airflow/.local/lib/python3.11/site-packages/airflow/models/dagbag.py", line 383, in parse
    loader.exec_module(new_module)
  File "<frozen importlib._bootstrap_external>", line 940, in exec_module
  File "<frozen importlib._bootstrap>", line 241, in _call_with_frames_removed
  File "/opt/airflow/dags/spotify_pipeline.py", line 52, in <module>
    start >> [python_job, scala_job, java_job] >> end
                          ^^^^^^^^^
NameError: name 'scala_job' is not defined
[2024-11-09T17:08:55.934+0000] {processor.py:927} WARNING - No viable dags retrieved from /opt/airflow/dags/spotify_pipeline.py
[2024-11-09T17:08:55.954+0000] {processor.py:208} INFO - Processing /opt/airflow/dags/spotify_pipeline.py took 0.046 seconds
[2024-11-09T17:09:26.158+0000] {processor.py:186} INFO - Started process (PID=2954) to work on /opt/airflow/dags/spotify_pipeline.py
[2024-11-09T17:09:26.159+0000] {processor.py:914} INFO - Processing file /opt/airflow/dags/spotify_pipeline.py for tasks to queue
[2024-11-09T17:09:26.160+0000] {logging_mixin.py:190} INFO - [2024-11-09T17:09:26.160+0000] {dagbag.py:588} INFO - Filling up the DagBag from /opt/airflow/dags/spotify_pipeline.py
[2024-11-09T17:09:26.177+0000] {logging_mixin.py:190} INFO - [2024-11-09T17:09:26.174+0000] {dagbag.py:387} ERROR - Failed to import: /opt/airflow/dags/spotify_pipeline.py
Traceback (most recent call last):
  File "/home/airflow/.local/lib/python3.11/site-packages/airflow/models/dagbag.py", line 383, in parse
    loader.exec_module(new_module)
  File "<frozen importlib._bootstrap_external>", line 940, in exec_module
  File "<frozen importlib._bootstrap>", line 241, in _call_with_frames_removed
  File "/opt/airflow/dags/spotify_pipeline.py", line 52, in <module>
    start >> [python_job, scala_job, java_job] >> end
                          ^^^^^^^^^
NameError: name 'scala_job' is not defined
[2024-11-09T17:09:26.178+0000] {processor.py:927} WARNING - No viable dags retrieved from /opt/airflow/dags/spotify_pipeline.py
[2024-11-09T17:09:26.195+0000] {processor.py:208} INFO - Processing /opt/airflow/dags/spotify_pipeline.py took 0.041 seconds
[2024-11-09T17:09:56.397+0000] {processor.py:186} INFO - Started process (PID=2964) to work on /opt/airflow/dags/spotify_pipeline.py
[2024-11-09T17:09:56.398+0000] {processor.py:914} INFO - Processing file /opt/airflow/dags/spotify_pipeline.py for tasks to queue
[2024-11-09T17:09:56.399+0000] {logging_mixin.py:190} INFO - [2024-11-09T17:09:56.399+0000] {dagbag.py:588} INFO - Filling up the DagBag from /opt/airflow/dags/spotify_pipeline.py
[2024-11-09T17:09:56.416+0000] {logging_mixin.py:190} INFO - [2024-11-09T17:09:56.413+0000] {dagbag.py:387} ERROR - Failed to import: /opt/airflow/dags/spotify_pipeline.py
Traceback (most recent call last):
  File "/home/airflow/.local/lib/python3.11/site-packages/airflow/models/dagbag.py", line 383, in parse
    loader.exec_module(new_module)
  File "<frozen importlib._bootstrap_external>", line 940, in exec_module
  File "<frozen importlib._bootstrap>", line 241, in _call_with_frames_removed
  File "/opt/airflow/dags/spotify_pipeline.py", line 52, in <module>
    start >> [python_job, scala_job, java_job] >> end
                          ^^^^^^^^^
NameError: name 'scala_job' is not defined
[2024-11-09T17:09:56.418+0000] {processor.py:927} WARNING - No viable dags retrieved from /opt/airflow/dags/spotify_pipeline.py
[2024-11-09T17:09:56.435+0000] {processor.py:208} INFO - Processing /opt/airflow/dags/spotify_pipeline.py took 0.043 seconds
[2024-11-09T17:10:26.670+0000] {processor.py:186} INFO - Started process (PID=2974) to work on /opt/airflow/dags/spotify_pipeline.py
[2024-11-09T17:10:26.671+0000] {processor.py:914} INFO - Processing file /opt/airflow/dags/spotify_pipeline.py for tasks to queue
[2024-11-09T17:10:26.672+0000] {logging_mixin.py:190} INFO - [2024-11-09T17:10:26.672+0000] {dagbag.py:588} INFO - Filling up the DagBag from /opt/airflow/dags/spotify_pipeline.py
[2024-11-09T17:10:26.689+0000] {logging_mixin.py:190} INFO - [2024-11-09T17:10:26.686+0000] {dagbag.py:387} ERROR - Failed to import: /opt/airflow/dags/spotify_pipeline.py
Traceback (most recent call last):
  File "/home/airflow/.local/lib/python3.11/site-packages/airflow/models/dagbag.py", line 383, in parse
    loader.exec_module(new_module)
  File "<frozen importlib._bootstrap_external>", line 940, in exec_module
  File "<frozen importlib._bootstrap>", line 241, in _call_with_frames_removed
  File "/opt/airflow/dags/spotify_pipeline.py", line 52, in <module>
    start >> [python_job, scala_job, java_job] >> end
                          ^^^^^^^^^
NameError: name 'scala_job' is not defined
[2024-11-09T17:10:26.690+0000] {processor.py:927} WARNING - No viable dags retrieved from /opt/airflow/dags/spotify_pipeline.py
[2024-11-09T17:10:26.708+0000] {processor.py:208} INFO - Processing /opt/airflow/dags/spotify_pipeline.py took 0.042 seconds
[2024-11-09T17:10:56.914+0000] {processor.py:186} INFO - Started process (PID=2984) to work on /opt/airflow/dags/spotify_pipeline.py
[2024-11-09T17:10:56.915+0000] {processor.py:914} INFO - Processing file /opt/airflow/dags/spotify_pipeline.py for tasks to queue
[2024-11-09T17:10:56.916+0000] {logging_mixin.py:190} INFO - [2024-11-09T17:10:56.916+0000] {dagbag.py:588} INFO - Filling up the DagBag from /opt/airflow/dags/spotify_pipeline.py
[2024-11-09T17:10:56.931+0000] {logging_mixin.py:190} INFO - [2024-11-09T17:10:56.928+0000] {dagbag.py:387} ERROR - Failed to import: /opt/airflow/dags/spotify_pipeline.py
Traceback (most recent call last):
  File "/home/airflow/.local/lib/python3.11/site-packages/airflow/models/dagbag.py", line 383, in parse
    loader.exec_module(new_module)
  File "<frozen importlib._bootstrap_external>", line 940, in exec_module
  File "<frozen importlib._bootstrap>", line 241, in _call_with_frames_removed
  File "/opt/airflow/dags/spotify_pipeline.py", line 52, in <module>
    start >> [python_job, scala_job, java_job] >> end
                          ^^^^^^^^^
NameError: name 'scala_job' is not defined
[2024-11-09T17:10:56.932+0000] {processor.py:927} WARNING - No viable dags retrieved from /opt/airflow/dags/spotify_pipeline.py
[2024-11-09T17:10:56.949+0000] {processor.py:208} INFO - Processing /opt/airflow/dags/spotify_pipeline.py took 0.038 seconds
[2024-11-09T17:11:27.149+0000] {processor.py:186} INFO - Started process (PID=2994) to work on /opt/airflow/dags/spotify_pipeline.py
[2024-11-09T17:11:27.150+0000] {processor.py:914} INFO - Processing file /opt/airflow/dags/spotify_pipeline.py for tasks to queue
[2024-11-09T17:11:27.151+0000] {logging_mixin.py:190} INFO - [2024-11-09T17:11:27.150+0000] {dagbag.py:588} INFO - Filling up the DagBag from /opt/airflow/dags/spotify_pipeline.py
[2024-11-09T17:11:27.167+0000] {logging_mixin.py:190} INFO - [2024-11-09T17:11:27.164+0000] {dagbag.py:387} ERROR - Failed to import: /opt/airflow/dags/spotify_pipeline.py
Traceback (most recent call last):
  File "/home/airflow/.local/lib/python3.11/site-packages/airflow/models/dagbag.py", line 383, in parse
    loader.exec_module(new_module)
  File "<frozen importlib._bootstrap_external>", line 940, in exec_module
  File "<frozen importlib._bootstrap>", line 241, in _call_with_frames_removed
  File "/opt/airflow/dags/spotify_pipeline.py", line 52, in <module>
    start >> [python_job, scala_job, java_job] >> end
                          ^^^^^^^^^
NameError: name 'scala_job' is not defined
[2024-11-09T17:11:27.168+0000] {processor.py:927} WARNING - No viable dags retrieved from /opt/airflow/dags/spotify_pipeline.py
[2024-11-09T17:11:27.200+0000] {processor.py:208} INFO - Processing /opt/airflow/dags/spotify_pipeline.py took 0.057 seconds
[2024-11-09T17:11:57.408+0000] {processor.py:186} INFO - Started process (PID=3004) to work on /opt/airflow/dags/spotify_pipeline.py
[2024-11-09T17:11:57.408+0000] {processor.py:914} INFO - Processing file /opt/airflow/dags/spotify_pipeline.py for tasks to queue
[2024-11-09T17:11:57.409+0000] {logging_mixin.py:190} INFO - [2024-11-09T17:11:57.409+0000] {dagbag.py:588} INFO - Filling up the DagBag from /opt/airflow/dags/spotify_pipeline.py
[2024-11-09T17:11:57.425+0000] {logging_mixin.py:190} INFO - [2024-11-09T17:11:57.422+0000] {dagbag.py:387} ERROR - Failed to import: /opt/airflow/dags/spotify_pipeline.py
Traceback (most recent call last):
  File "/home/airflow/.local/lib/python3.11/site-packages/airflow/models/dagbag.py", line 383, in parse
    loader.exec_module(new_module)
  File "<frozen importlib._bootstrap_external>", line 940, in exec_module
  File "<frozen importlib._bootstrap>", line 241, in _call_with_frames_removed
  File "/opt/airflow/dags/spotify_pipeline.py", line 52, in <module>
    start >> [python_job, scala_job, java_job] >> end
                          ^^^^^^^^^
NameError: name 'scala_job' is not defined
[2024-11-09T17:11:57.426+0000] {processor.py:927} WARNING - No viable dags retrieved from /opt/airflow/dags/spotify_pipeline.py
[2024-11-09T17:11:57.457+0000] {processor.py:208} INFO - Processing /opt/airflow/dags/spotify_pipeline.py took 0.055 seconds
[2024-11-09T17:12:27.659+0000] {processor.py:186} INFO - Started process (PID=3014) to work on /opt/airflow/dags/spotify_pipeline.py
[2024-11-09T17:12:27.660+0000] {processor.py:914} INFO - Processing file /opt/airflow/dags/spotify_pipeline.py for tasks to queue
[2024-11-09T17:12:27.661+0000] {logging_mixin.py:190} INFO - [2024-11-09T17:12:27.661+0000] {dagbag.py:588} INFO - Filling up the DagBag from /opt/airflow/dags/spotify_pipeline.py
[2024-11-09T17:12:27.676+0000] {logging_mixin.py:190} INFO - [2024-11-09T17:12:27.673+0000] {dagbag.py:387} ERROR - Failed to import: /opt/airflow/dags/spotify_pipeline.py
Traceback (most recent call last):
  File "/home/airflow/.local/lib/python3.11/site-packages/airflow/models/dagbag.py", line 383, in parse
    loader.exec_module(new_module)
  File "<frozen importlib._bootstrap_external>", line 940, in exec_module
  File "<frozen importlib._bootstrap>", line 241, in _call_with_frames_removed
  File "/opt/airflow/dags/spotify_pipeline.py", line 52, in <module>
    start >> [python_job, scala_job, java_job] >> end
                          ^^^^^^^^^
NameError: name 'scala_job' is not defined
[2024-11-09T17:12:27.677+0000] {processor.py:927} WARNING - No viable dags retrieved from /opt/airflow/dags/spotify_pipeline.py
[2024-11-09T17:12:27.708+0000] {processor.py:208} INFO - Processing /opt/airflow/dags/spotify_pipeline.py took 0.052 seconds
[2024-11-09T17:12:57.908+0000] {processor.py:186} INFO - Started process (PID=3024) to work on /opt/airflow/dags/spotify_pipeline.py
[2024-11-09T17:12:57.909+0000] {processor.py:914} INFO - Processing file /opt/airflow/dags/spotify_pipeline.py for tasks to queue
[2024-11-09T17:12:57.911+0000] {logging_mixin.py:190} INFO - [2024-11-09T17:12:57.910+0000] {dagbag.py:588} INFO - Filling up the DagBag from /opt/airflow/dags/spotify_pipeline.py
[2024-11-09T17:12:57.928+0000] {logging_mixin.py:190} INFO - [2024-11-09T17:12:57.925+0000] {dagbag.py:387} ERROR - Failed to import: /opt/airflow/dags/spotify_pipeline.py
Traceback (most recent call last):
  File "/home/airflow/.local/lib/python3.11/site-packages/airflow/models/dagbag.py", line 383, in parse
    loader.exec_module(new_module)
  File "<frozen importlib._bootstrap_external>", line 940, in exec_module
  File "<frozen importlib._bootstrap>", line 241, in _call_with_frames_removed
  File "/opt/airflow/dags/spotify_pipeline.py", line 52, in <module>
    start >> [python_job, scala_job, java_job] >> end
                          ^^^^^^^^^
NameError: name 'scala_job' is not defined
[2024-11-09T17:12:57.929+0000] {processor.py:927} WARNING - No viable dags retrieved from /opt/airflow/dags/spotify_pipeline.py
[2024-11-09T17:12:57.949+0000] {processor.py:208} INFO - Processing /opt/airflow/dags/spotify_pipeline.py took 0.047 seconds
[2024-11-09T17:13:28.157+0000] {processor.py:186} INFO - Started process (PID=3034) to work on /opt/airflow/dags/spotify_pipeline.py
[2024-11-09T17:13:28.158+0000] {processor.py:914} INFO - Processing file /opt/airflow/dags/spotify_pipeline.py for tasks to queue
[2024-11-09T17:13:28.159+0000] {logging_mixin.py:190} INFO - [2024-11-09T17:13:28.159+0000] {dagbag.py:588} INFO - Filling up the DagBag from /opt/airflow/dags/spotify_pipeline.py
[2024-11-09T17:13:28.175+0000] {logging_mixin.py:190} INFO - [2024-11-09T17:13:28.172+0000] {dagbag.py:387} ERROR - Failed to import: /opt/airflow/dags/spotify_pipeline.py
Traceback (most recent call last):
  File "/home/airflow/.local/lib/python3.11/site-packages/airflow/models/dagbag.py", line 383, in parse
    loader.exec_module(new_module)
  File "<frozen importlib._bootstrap_external>", line 940, in exec_module
  File "<frozen importlib._bootstrap>", line 241, in _call_with_frames_removed
  File "/opt/airflow/dags/spotify_pipeline.py", line 52, in <module>
    start >> [python_job, scala_job, java_job] >> end
                          ^^^^^^^^^
NameError: name 'scala_job' is not defined
[2024-11-09T17:13:28.176+0000] {processor.py:927} WARNING - No viable dags retrieved from /opt/airflow/dags/spotify_pipeline.py
[2024-11-09T17:13:28.205+0000] {processor.py:208} INFO - Processing /opt/airflow/dags/spotify_pipeline.py took 0.051 seconds
[2024-11-09T17:13:58.406+0000] {processor.py:186} INFO - Started process (PID=3044) to work on /opt/airflow/dags/spotify_pipeline.py
[2024-11-09T17:13:58.407+0000] {processor.py:914} INFO - Processing file /opt/airflow/dags/spotify_pipeline.py for tasks to queue
[2024-11-09T17:13:58.408+0000] {logging_mixin.py:190} INFO - [2024-11-09T17:13:58.408+0000] {dagbag.py:588} INFO - Filling up the DagBag from /opt/airflow/dags/spotify_pipeline.py
[2024-11-09T17:13:58.425+0000] {logging_mixin.py:190} INFO - [2024-11-09T17:13:58.422+0000] {dagbag.py:387} ERROR - Failed to import: /opt/airflow/dags/spotify_pipeline.py
Traceback (most recent call last):
  File "/home/airflow/.local/lib/python3.11/site-packages/airflow/models/dagbag.py", line 383, in parse
    loader.exec_module(new_module)
  File "<frozen importlib._bootstrap_external>", line 940, in exec_module
  File "<frozen importlib._bootstrap>", line 241, in _call_with_frames_removed
  File "/opt/airflow/dags/spotify_pipeline.py", line 52, in <module>
    start >> [python_job, scala_job, java_job] >> end
                          ^^^^^^^^^
NameError: name 'scala_job' is not defined
[2024-11-09T17:13:58.426+0000] {processor.py:927} WARNING - No viable dags retrieved from /opt/airflow/dags/spotify_pipeline.py
[2024-11-09T17:13:58.444+0000] {processor.py:208} INFO - Processing /opt/airflow/dags/spotify_pipeline.py took 0.043 seconds
[2024-11-09T17:14:28.645+0000] {processor.py:186} INFO - Started process (PID=3054) to work on /opt/airflow/dags/spotify_pipeline.py
[2024-11-09T17:14:28.645+0000] {processor.py:914} INFO - Processing file /opt/airflow/dags/spotify_pipeline.py for tasks to queue
[2024-11-09T17:14:28.646+0000] {logging_mixin.py:190} INFO - [2024-11-09T17:14:28.646+0000] {dagbag.py:588} INFO - Filling up the DagBag from /opt/airflow/dags/spotify_pipeline.py
[2024-11-09T17:14:28.662+0000] {logging_mixin.py:190} INFO - [2024-11-09T17:14:28.659+0000] {dagbag.py:387} ERROR - Failed to import: /opt/airflow/dags/spotify_pipeline.py
Traceback (most recent call last):
  File "/home/airflow/.local/lib/python3.11/site-packages/airflow/models/dagbag.py", line 383, in parse
    loader.exec_module(new_module)
  File "<frozen importlib._bootstrap_external>", line 940, in exec_module
  File "<frozen importlib._bootstrap>", line 241, in _call_with_frames_removed
  File "/opt/airflow/dags/spotify_pipeline.py", line 52, in <module>
    start >> [python_job, scala_job, java_job] >> end
                          ^^^^^^^^^
NameError: name 'scala_job' is not defined
[2024-11-09T17:14:28.663+0000] {processor.py:927} WARNING - No viable dags retrieved from /opt/airflow/dags/spotify_pipeline.py
[2024-11-09T17:14:28.692+0000] {processor.py:208} INFO - Processing /opt/airflow/dags/spotify_pipeline.py took 0.052 seconds
[2024-11-09T17:14:58.907+0000] {processor.py:186} INFO - Started process (PID=3064) to work on /opt/airflow/dags/spotify_pipeline.py
[2024-11-09T17:14:58.908+0000] {processor.py:914} INFO - Processing file /opt/airflow/dags/spotify_pipeline.py for tasks to queue
[2024-11-09T17:14:58.909+0000] {logging_mixin.py:190} INFO - [2024-11-09T17:14:58.909+0000] {dagbag.py:588} INFO - Filling up the DagBag from /opt/airflow/dags/spotify_pipeline.py
[2024-11-09T17:14:58.928+0000] {logging_mixin.py:190} INFO - [2024-11-09T17:14:58.925+0000] {dagbag.py:387} ERROR - Failed to import: /opt/airflow/dags/spotify_pipeline.py
Traceback (most recent call last):
  File "/home/airflow/.local/lib/python3.11/site-packages/airflow/models/dagbag.py", line 383, in parse
    loader.exec_module(new_module)
  File "<frozen importlib._bootstrap_external>", line 940, in exec_module
  File "<frozen importlib._bootstrap>", line 241, in _call_with_frames_removed
  File "/opt/airflow/dags/spotify_pipeline.py", line 52, in <module>
    start >> [python_job, scala_job, java_job] >> end
                          ^^^^^^^^^
NameError: name 'scala_job' is not defined
[2024-11-09T17:14:58.930+0000] {processor.py:927} WARNING - No viable dags retrieved from /opt/airflow/dags/spotify_pipeline.py
[2024-11-09T17:14:58.946+0000] {processor.py:208} INFO - Processing /opt/airflow/dags/spotify_pipeline.py took 0.044 seconds
[2024-11-09T17:15:29.195+0000] {processor.py:186} INFO - Started process (PID=3074) to work on /opt/airflow/dags/spotify_pipeline.py
[2024-11-09T17:15:29.196+0000] {processor.py:914} INFO - Processing file /opt/airflow/dags/spotify_pipeline.py for tasks to queue
[2024-11-09T17:15:29.197+0000] {logging_mixin.py:190} INFO - [2024-11-09T17:15:29.197+0000] {dagbag.py:588} INFO - Filling up the DagBag from /opt/airflow/dags/spotify_pipeline.py
[2024-11-09T17:15:29.215+0000] {logging_mixin.py:190} INFO - [2024-11-09T17:15:29.212+0000] {dagbag.py:387} ERROR - Failed to import: /opt/airflow/dags/spotify_pipeline.py
Traceback (most recent call last):
  File "/home/airflow/.local/lib/python3.11/site-packages/airflow/models/dagbag.py", line 383, in parse
    loader.exec_module(new_module)
  File "<frozen importlib._bootstrap_external>", line 940, in exec_module
  File "<frozen importlib._bootstrap>", line 241, in _call_with_frames_removed
  File "/opt/airflow/dags/spotify_pipeline.py", line 52, in <module>
    start >> [python_job, scala_job, java_job] >> end
                          ^^^^^^^^^
NameError: name 'scala_job' is not defined
[2024-11-09T17:15:29.216+0000] {processor.py:927} WARNING - No viable dags retrieved from /opt/airflow/dags/spotify_pipeline.py
[2024-11-09T17:15:29.233+0000] {processor.py:208} INFO - Processing /opt/airflow/dags/spotify_pipeline.py took 0.043 seconds
[2024-11-09T17:15:59.435+0000] {processor.py:186} INFO - Started process (PID=3084) to work on /opt/airflow/dags/spotify_pipeline.py
[2024-11-09T17:15:59.436+0000] {processor.py:914} INFO - Processing file /opt/airflow/dags/spotify_pipeline.py for tasks to queue
[2024-11-09T17:15:59.437+0000] {logging_mixin.py:190} INFO - [2024-11-09T17:15:59.437+0000] {dagbag.py:588} INFO - Filling up the DagBag from /opt/airflow/dags/spotify_pipeline.py
[2024-11-09T17:15:59.450+0000] {logging_mixin.py:190} INFO - [2024-11-09T17:15:59.448+0000] {dagbag.py:387} ERROR - Failed to import: /opt/airflow/dags/spotify_pipeline.py
Traceback (most recent call last):
  File "/home/airflow/.local/lib/python3.11/site-packages/airflow/models/dagbag.py", line 383, in parse
    loader.exec_module(new_module)
  File "<frozen importlib._bootstrap_external>", line 940, in exec_module
  File "<frozen importlib._bootstrap>", line 241, in _call_with_frames_removed
  File "/opt/airflow/dags/spotify_pipeline.py", line 52, in <module>
    start >> [python_job, scala_job, java_job] >> end
                          ^^^^^^^^^
NameError: name 'scala_job' is not defined
[2024-11-09T17:15:59.451+0000] {processor.py:927} WARNING - No viable dags retrieved from /opt/airflow/dags/spotify_pipeline.py
[2024-11-09T17:15:59.468+0000] {processor.py:208} INFO - Processing /opt/airflow/dags/spotify_pipeline.py took 0.038 seconds
[2024-11-09T17:16:29.667+0000] {processor.py:186} INFO - Started process (PID=3094) to work on /opt/airflow/dags/spotify_pipeline.py
[2024-11-09T17:16:29.668+0000] {processor.py:914} INFO - Processing file /opt/airflow/dags/spotify_pipeline.py for tasks to queue
[2024-11-09T17:16:29.669+0000] {logging_mixin.py:190} INFO - [2024-11-09T17:16:29.669+0000] {dagbag.py:588} INFO - Filling up the DagBag from /opt/airflow/dags/spotify_pipeline.py
[2024-11-09T17:16:29.686+0000] {logging_mixin.py:190} INFO - [2024-11-09T17:16:29.683+0000] {dagbag.py:387} ERROR - Failed to import: /opt/airflow/dags/spotify_pipeline.py
Traceback (most recent call last):
  File "/home/airflow/.local/lib/python3.11/site-packages/airflow/models/dagbag.py", line 383, in parse
    loader.exec_module(new_module)
  File "<frozen importlib._bootstrap_external>", line 940, in exec_module
  File "<frozen importlib._bootstrap>", line 241, in _call_with_frames_removed
  File "/opt/airflow/dags/spotify_pipeline.py", line 52, in <module>
    start >> [python_job, scala_job, java_job] >> end
                          ^^^^^^^^^
NameError: name 'scala_job' is not defined
[2024-11-09T17:16:29.687+0000] {processor.py:927} WARNING - No viable dags retrieved from /opt/airflow/dags/spotify_pipeline.py
[2024-11-09T17:16:29.717+0000] {processor.py:208} INFO - Processing /opt/airflow/dags/spotify_pipeline.py took 0.055 seconds
[2024-11-09T17:16:59.939+0000] {processor.py:186} INFO - Started process (PID=3104) to work on /opt/airflow/dags/spotify_pipeline.py
[2024-11-09T17:16:59.940+0000] {processor.py:914} INFO - Processing file /opt/airflow/dags/spotify_pipeline.py for tasks to queue
[2024-11-09T17:16:59.941+0000] {logging_mixin.py:190} INFO - [2024-11-09T17:16:59.941+0000] {dagbag.py:588} INFO - Filling up the DagBag from /opt/airflow/dags/spotify_pipeline.py
[2024-11-09T17:16:59.959+0000] {logging_mixin.py:190} INFO - [2024-11-09T17:16:59.956+0000] {dagbag.py:387} ERROR - Failed to import: /opt/airflow/dags/spotify_pipeline.py
Traceback (most recent call last):
  File "/home/airflow/.local/lib/python3.11/site-packages/airflow/models/dagbag.py", line 383, in parse
    loader.exec_module(new_module)
  File "<frozen importlib._bootstrap_external>", line 940, in exec_module
  File "<frozen importlib._bootstrap>", line 241, in _call_with_frames_removed
  File "/opt/airflow/dags/spotify_pipeline.py", line 52, in <module>
    start >> [python_job, scala_job, java_job] >> end
                          ^^^^^^^^^
NameError: name 'scala_job' is not defined
[2024-11-09T17:16:59.961+0000] {processor.py:927} WARNING - No viable dags retrieved from /opt/airflow/dags/spotify_pipeline.py
[2024-11-09T17:16:59.977+0000] {processor.py:208} INFO - Processing /opt/airflow/dags/spotify_pipeline.py took 0.043 seconds
[2024-11-09T17:17:30.187+0000] {processor.py:186} INFO - Started process (PID=3114) to work on /opt/airflow/dags/spotify_pipeline.py
[2024-11-09T17:17:30.188+0000] {processor.py:914} INFO - Processing file /opt/airflow/dags/spotify_pipeline.py for tasks to queue
[2024-11-09T17:17:30.189+0000] {logging_mixin.py:190} INFO - [2024-11-09T17:17:30.189+0000] {dagbag.py:588} INFO - Filling up the DagBag from /opt/airflow/dags/spotify_pipeline.py
[2024-11-09T17:17:30.204+0000] {logging_mixin.py:190} INFO - [2024-11-09T17:17:30.201+0000] {dagbag.py:387} ERROR - Failed to import: /opt/airflow/dags/spotify_pipeline.py
Traceback (most recent call last):
  File "/home/airflow/.local/lib/python3.11/site-packages/airflow/models/dagbag.py", line 383, in parse
    loader.exec_module(new_module)
  File "<frozen importlib._bootstrap_external>", line 940, in exec_module
  File "<frozen importlib._bootstrap>", line 241, in _call_with_frames_removed
  File "/opt/airflow/dags/spotify_pipeline.py", line 52, in <module>
    start >> [python_job, scala_job, java_job] >> end
                          ^^^^^^^^^
NameError: name 'scala_job' is not defined
[2024-11-09T17:17:30.205+0000] {processor.py:927} WARNING - No viable dags retrieved from /opt/airflow/dags/spotify_pipeline.py
[2024-11-09T17:17:30.221+0000] {processor.py:208} INFO - Processing /opt/airflow/dags/spotify_pipeline.py took 0.038 seconds
[2024-11-09T17:18:00.428+0000] {processor.py:186} INFO - Started process (PID=3124) to work on /opt/airflow/dags/spotify_pipeline.py
[2024-11-09T17:18:00.429+0000] {processor.py:914} INFO - Processing file /opt/airflow/dags/spotify_pipeline.py for tasks to queue
[2024-11-09T17:18:00.430+0000] {logging_mixin.py:190} INFO - [2024-11-09T17:18:00.430+0000] {dagbag.py:588} INFO - Filling up the DagBag from /opt/airflow/dags/spotify_pipeline.py
[2024-11-09T17:18:00.445+0000] {logging_mixin.py:190} INFO - [2024-11-09T17:18:00.442+0000] {dagbag.py:387} ERROR - Failed to import: /opt/airflow/dags/spotify_pipeline.py
Traceback (most recent call last):
  File "/home/airflow/.local/lib/python3.11/site-packages/airflow/models/dagbag.py", line 383, in parse
    loader.exec_module(new_module)
  File "<frozen importlib._bootstrap_external>", line 940, in exec_module
  File "<frozen importlib._bootstrap>", line 241, in _call_with_frames_removed
  File "/opt/airflow/dags/spotify_pipeline.py", line 52, in <module>
    start >> [python_job, scala_job, java_job] >> end
                          ^^^^^^^^^
NameError: name 'scala_job' is not defined
[2024-11-09T17:18:00.446+0000] {processor.py:927} WARNING - No viable dags retrieved from /opt/airflow/dags/spotify_pipeline.py
[2024-11-09T17:18:00.465+0000] {processor.py:208} INFO - Processing /opt/airflow/dags/spotify_pipeline.py took 0.041 seconds
[2024-11-09T17:18:30.683+0000] {processor.py:186} INFO - Started process (PID=3134) to work on /opt/airflow/dags/spotify_pipeline.py
[2024-11-09T17:18:30.684+0000] {processor.py:914} INFO - Processing file /opt/airflow/dags/spotify_pipeline.py for tasks to queue
[2024-11-09T17:18:30.685+0000] {logging_mixin.py:190} INFO - [2024-11-09T17:18:30.685+0000] {dagbag.py:588} INFO - Filling up the DagBag from /opt/airflow/dags/spotify_pipeline.py
[2024-11-09T17:18:30.702+0000] {logging_mixin.py:190} INFO - [2024-11-09T17:18:30.698+0000] {dagbag.py:387} ERROR - Failed to import: /opt/airflow/dags/spotify_pipeline.py
Traceback (most recent call last):
  File "/home/airflow/.local/lib/python3.11/site-packages/airflow/models/dagbag.py", line 383, in parse
    loader.exec_module(new_module)
  File "<frozen importlib._bootstrap_external>", line 940, in exec_module
  File "<frozen importlib._bootstrap>", line 241, in _call_with_frames_removed
  File "/opt/airflow/dags/spotify_pipeline.py", line 52, in <module>
    start >> [python_job, scala_job, java_job] >> end
                          ^^^^^^^^^
NameError: name 'scala_job' is not defined
[2024-11-09T17:18:30.703+0000] {processor.py:927} WARNING - No viable dags retrieved from /opt/airflow/dags/spotify_pipeline.py
[2024-11-09T17:18:30.720+0000] {processor.py:208} INFO - Processing /opt/airflow/dags/spotify_pipeline.py took 0.041 seconds
[2024-11-09T17:19:00.939+0000] {processor.py:186} INFO - Started process (PID=3144) to work on /opt/airflow/dags/spotify_pipeline.py
[2024-11-09T17:19:00.940+0000] {processor.py:914} INFO - Processing file /opt/airflow/dags/spotify_pipeline.py for tasks to queue
[2024-11-09T17:19:00.941+0000] {logging_mixin.py:190} INFO - [2024-11-09T17:19:00.941+0000] {dagbag.py:588} INFO - Filling up the DagBag from /opt/airflow/dags/spotify_pipeline.py
[2024-11-09T17:19:00.962+0000] {logging_mixin.py:190} INFO - [2024-11-09T17:19:00.958+0000] {dagbag.py:387} ERROR - Failed to import: /opt/airflow/dags/spotify_pipeline.py
Traceback (most recent call last):
  File "/home/airflow/.local/lib/python3.11/site-packages/airflow/models/dagbag.py", line 383, in parse
    loader.exec_module(new_module)
  File "<frozen importlib._bootstrap_external>", line 940, in exec_module
  File "<frozen importlib._bootstrap>", line 241, in _call_with_frames_removed
  File "/opt/airflow/dags/spotify_pipeline.py", line 52, in <module>
    start >> [python_job, scala_job, java_job] >> end
                          ^^^^^^^^^
NameError: name 'scala_job' is not defined
[2024-11-09T17:19:00.964+0000] {processor.py:927} WARNING - No viable dags retrieved from /opt/airflow/dags/spotify_pipeline.py
[2024-11-09T17:19:00.984+0000] {processor.py:208} INFO - Processing /opt/airflow/dags/spotify_pipeline.py took 0.051 seconds
[2024-11-09T17:19:31.206+0000] {processor.py:186} INFO - Started process (PID=3154) to work on /opt/airflow/dags/spotify_pipeline.py
[2024-11-09T17:19:31.207+0000] {processor.py:914} INFO - Processing file /opt/airflow/dags/spotify_pipeline.py for tasks to queue
[2024-11-09T17:19:31.208+0000] {logging_mixin.py:190} INFO - [2024-11-09T17:19:31.208+0000] {dagbag.py:588} INFO - Filling up the DagBag from /opt/airflow/dags/spotify_pipeline.py
[2024-11-09T17:19:31.225+0000] {logging_mixin.py:190} INFO - [2024-11-09T17:19:31.222+0000] {dagbag.py:387} ERROR - Failed to import: /opt/airflow/dags/spotify_pipeline.py
Traceback (most recent call last):
  File "/home/airflow/.local/lib/python3.11/site-packages/airflow/models/dagbag.py", line 383, in parse
    loader.exec_module(new_module)
  File "<frozen importlib._bootstrap_external>", line 940, in exec_module
  File "<frozen importlib._bootstrap>", line 241, in _call_with_frames_removed
  File "/opt/airflow/dags/spotify_pipeline.py", line 52, in <module>
    start >> [python_job, scala_job, java_job] >> end
                          ^^^^^^^^^
NameError: name 'scala_job' is not defined
[2024-11-09T17:19:31.226+0000] {processor.py:927} WARNING - No viable dags retrieved from /opt/airflow/dags/spotify_pipeline.py
[2024-11-09T17:19:31.244+0000] {processor.py:208} INFO - Processing /opt/airflow/dags/spotify_pipeline.py took 0.042 seconds
[2024-11-09T17:20:01.451+0000] {processor.py:186} INFO - Started process (PID=3164) to work on /opt/airflow/dags/spotify_pipeline.py
[2024-11-09T17:20:01.452+0000] {processor.py:914} INFO - Processing file /opt/airflow/dags/spotify_pipeline.py for tasks to queue
[2024-11-09T17:20:01.454+0000] {logging_mixin.py:190} INFO - [2024-11-09T17:20:01.453+0000] {dagbag.py:588} INFO - Filling up the DagBag from /opt/airflow/dags/spotify_pipeline.py
[2024-11-09T17:20:01.467+0000] {logging_mixin.py:190} INFO - [2024-11-09T17:20:01.464+0000] {dagbag.py:387} ERROR - Failed to import: /opt/airflow/dags/spotify_pipeline.py
Traceback (most recent call last):
  File "/home/airflow/.local/lib/python3.11/site-packages/airflow/models/dagbag.py", line 383, in parse
    loader.exec_module(new_module)
  File "<frozen importlib._bootstrap_external>", line 940, in exec_module
  File "<frozen importlib._bootstrap>", line 241, in _call_with_frames_removed
  File "/opt/airflow/dags/spotify_pipeline.py", line 52, in <module>
    start >> [python_job, scala_job, java_job] >> end
                          ^^^^^^^^^
NameError: name 'scala_job' is not defined
[2024-11-09T17:20:01.468+0000] {processor.py:927} WARNING - No viable dags retrieved from /opt/airflow/dags/spotify_pipeline.py
[2024-11-09T17:20:01.484+0000] {processor.py:208} INFO - Processing /opt/airflow/dags/spotify_pipeline.py took 0.039 seconds
[2024-11-09T17:20:31.722+0000] {processor.py:186} INFO - Started process (PID=3174) to work on /opt/airflow/dags/spotify_pipeline.py
[2024-11-09T17:20:31.722+0000] {processor.py:914} INFO - Processing file /opt/airflow/dags/spotify_pipeline.py for tasks to queue
[2024-11-09T17:20:31.723+0000] {logging_mixin.py:190} INFO - [2024-11-09T17:20:31.723+0000] {dagbag.py:588} INFO - Filling up the DagBag from /opt/airflow/dags/spotify_pipeline.py
[2024-11-09T17:20:31.738+0000] {logging_mixin.py:190} INFO - [2024-11-09T17:20:31.735+0000] {dagbag.py:387} ERROR - Failed to import: /opt/airflow/dags/spotify_pipeline.py
Traceback (most recent call last):
  File "/home/airflow/.local/lib/python3.11/site-packages/airflow/models/dagbag.py", line 383, in parse
    loader.exec_module(new_module)
  File "<frozen importlib._bootstrap_external>", line 940, in exec_module
  File "<frozen importlib._bootstrap>", line 241, in _call_with_frames_removed
  File "/opt/airflow/dags/spotify_pipeline.py", line 52, in <module>
    start >> [python_job, scala_job, java_job] >> end
                          ^^^^^^^^^
NameError: name 'scala_job' is not defined
[2024-11-09T17:20:31.739+0000] {processor.py:927} WARNING - No viable dags retrieved from /opt/airflow/dags/spotify_pipeline.py
[2024-11-09T17:20:31.758+0000] {processor.py:208} INFO - Processing /opt/airflow/dags/spotify_pipeline.py took 0.039 seconds
[2024-11-09T17:21:01.958+0000] {processor.py:186} INFO - Started process (PID=3184) to work on /opt/airflow/dags/spotify_pipeline.py
[2024-11-09T17:21:01.959+0000] {processor.py:914} INFO - Processing file /opt/airflow/dags/spotify_pipeline.py for tasks to queue
[2024-11-09T17:21:01.960+0000] {logging_mixin.py:190} INFO - [2024-11-09T17:21:01.960+0000] {dagbag.py:588} INFO - Filling up the DagBag from /opt/airflow/dags/spotify_pipeline.py
[2024-11-09T17:21:01.977+0000] {logging_mixin.py:190} INFO - [2024-11-09T17:21:01.974+0000] {dagbag.py:387} ERROR - Failed to import: /opt/airflow/dags/spotify_pipeline.py
Traceback (most recent call last):
  File "/home/airflow/.local/lib/python3.11/site-packages/airflow/models/dagbag.py", line 383, in parse
    loader.exec_module(new_module)
  File "<frozen importlib._bootstrap_external>", line 940, in exec_module
  File "<frozen importlib._bootstrap>", line 241, in _call_with_frames_removed
  File "/opt/airflow/dags/spotify_pipeline.py", line 52, in <module>
    start >> [python_job, scala_job, java_job] >> end
                          ^^^^^^^^^
NameError: name 'scala_job' is not defined
[2024-11-09T17:21:01.978+0000] {processor.py:927} WARNING - No viable dags retrieved from /opt/airflow/dags/spotify_pipeline.py
[2024-11-09T17:21:01.994+0000] {processor.py:208} INFO - Processing /opt/airflow/dags/spotify_pipeline.py took 0.040 seconds
[2024-11-09T17:21:32.197+0000] {processor.py:186} INFO - Started process (PID=3194) to work on /opt/airflow/dags/spotify_pipeline.py
[2024-11-09T17:21:32.198+0000] {processor.py:914} INFO - Processing file /opt/airflow/dags/spotify_pipeline.py for tasks to queue
[2024-11-09T17:21:32.199+0000] {logging_mixin.py:190} INFO - [2024-11-09T17:21:32.199+0000] {dagbag.py:588} INFO - Filling up the DagBag from /opt/airflow/dags/spotify_pipeline.py
[2024-11-09T17:21:32.216+0000] {logging_mixin.py:190} INFO - [2024-11-09T17:21:32.213+0000] {dagbag.py:387} ERROR - Failed to import: /opt/airflow/dags/spotify_pipeline.py
Traceback (most recent call last):
  File "/home/airflow/.local/lib/python3.11/site-packages/airflow/models/dagbag.py", line 383, in parse
    loader.exec_module(new_module)
  File "<frozen importlib._bootstrap_external>", line 940, in exec_module
  File "<frozen importlib._bootstrap>", line 241, in _call_with_frames_removed
  File "/opt/airflow/dags/spotify_pipeline.py", line 52, in <module>
    start >> [python_job, scala_job, java_job] >> end
                          ^^^^^^^^^
NameError: name 'scala_job' is not defined
[2024-11-09T17:21:32.217+0000] {processor.py:927} WARNING - No viable dags retrieved from /opt/airflow/dags/spotify_pipeline.py
[2024-11-09T17:21:32.235+0000] {processor.py:208} INFO - Processing /opt/airflow/dags/spotify_pipeline.py took 0.044 seconds
[2024-11-09T17:21:40.428+0000] {processor.py:186} INFO - Started process (PID=3204) to work on /opt/airflow/dags/spotify_pipeline.py
[2024-11-09T17:21:40.429+0000] {processor.py:914} INFO - Processing file /opt/airflow/dags/spotify_pipeline.py for tasks to queue
[2024-11-09T17:21:40.431+0000] {logging_mixin.py:190} INFO - [2024-11-09T17:21:40.431+0000] {dagbag.py:588} INFO - Filling up the DagBag from /opt/airflow/dags/spotify_pipeline.py
[2024-11-09T17:21:40.459+0000] {logging_mixin.py:190} INFO - [2024-11-09T17:21:40.456+0000] {dagbag.py:387} ERROR - Failed to import: /opt/airflow/dags/spotify_pipeline.py
Traceback (most recent call last):
  File "/home/airflow/.local/lib/python3.11/site-packages/airflow/models/dagbag.py", line 383, in parse
    loader.exec_module(new_module)
  File "<frozen importlib._bootstrap_external>", line 940, in exec_module
  File "<frozen importlib._bootstrap>", line 241, in _call_with_frames_removed
  File "/opt/airflow/dags/spotify_pipeline.py", line 43, in <module>
    start >> [python_job, scala_job, java_job] >> end
                          ^^^^^^^^^
NameError: name 'scala_job' is not defined
[2024-11-09T17:21:40.460+0000] {processor.py:927} WARNING - No viable dags retrieved from /opt/airflow/dags/spotify_pipeline.py
[2024-11-09T17:21:40.479+0000] {processor.py:208} INFO - Processing /opt/airflow/dags/spotify_pipeline.py took 0.057 seconds
[2024-11-09T17:21:54.526+0000] {processor.py:186} INFO - Started process (PID=3209) to work on /opt/airflow/dags/spotify_pipeline.py
[2024-11-09T17:21:54.527+0000] {processor.py:914} INFO - Processing file /opt/airflow/dags/spotify_pipeline.py for tasks to queue
[2024-11-09T17:21:54.528+0000] {logging_mixin.py:190} INFO - [2024-11-09T17:21:54.528+0000] {dagbag.py:588} INFO - Filling up the DagBag from /opt/airflow/dags/spotify_pipeline.py
[2024-11-09T17:21:54.552+0000] {logging_mixin.py:190} INFO - [2024-11-09T17:21:54.549+0000] {dagbag.py:387} ERROR - Failed to import: /opt/airflow/dags/spotify_pipeline.py
Traceback (most recent call last):
  File "/home/airflow/.local/lib/python3.11/site-packages/airflow/models/dagbag.py", line 383, in parse
    loader.exec_module(new_module)
  File "<frozen importlib._bootstrap_external>", line 940, in exec_module
  File "<frozen importlib._bootstrap>", line 241, in _call_with_frames_removed
  File "/opt/airflow/dags/spotify_pipeline.py", line 43, in <module>
    start >> [python_job, scala_job, java_job] >> end
                          ^^^^^^^^^
NameError: name 'scala_job' is not defined
[2024-11-09T17:21:54.553+0000] {processor.py:927} WARNING - No viable dags retrieved from /opt/airflow/dags/spotify_pipeline.py
[2024-11-09T17:21:54.571+0000] {processor.py:208} INFO - Processing /opt/airflow/dags/spotify_pipeline.py took 0.048 seconds
[2024-11-09T17:22:24.777+0000] {processor.py:186} INFO - Started process (PID=3219) to work on /opt/airflow/dags/spotify_pipeline.py
[2024-11-09T17:22:24.777+0000] {processor.py:914} INFO - Processing file /opt/airflow/dags/spotify_pipeline.py for tasks to queue
[2024-11-09T17:22:24.778+0000] {logging_mixin.py:190} INFO - [2024-11-09T17:22:24.778+0000] {dagbag.py:588} INFO - Filling up the DagBag from /opt/airflow/dags/spotify_pipeline.py
[2024-11-09T17:22:24.792+0000] {logging_mixin.py:190} INFO - [2024-11-09T17:22:24.789+0000] {dagbag.py:387} ERROR - Failed to import: /opt/airflow/dags/spotify_pipeline.py
Traceback (most recent call last):
  File "/home/airflow/.local/lib/python3.11/site-packages/airflow/models/dagbag.py", line 383, in parse
    loader.exec_module(new_module)
  File "<frozen importlib._bootstrap_external>", line 940, in exec_module
  File "<frozen importlib._bootstrap>", line 241, in _call_with_frames_removed
  File "/opt/airflow/dags/spotify_pipeline.py", line 43, in <module>
    start >> [python_job, scala_job, java_job] >> end
                          ^^^^^^^^^
NameError: name 'scala_job' is not defined
[2024-11-09T17:22:24.793+0000] {processor.py:927} WARNING - No viable dags retrieved from /opt/airflow/dags/spotify_pipeline.py
[2024-11-09T17:22:24.809+0000] {processor.py:208} INFO - Processing /opt/airflow/dags/spotify_pipeline.py took 0.037 seconds
[2024-11-09T17:22:55.009+0000] {processor.py:186} INFO - Started process (PID=3229) to work on /opt/airflow/dags/spotify_pipeline.py
[2024-11-09T17:22:55.010+0000] {processor.py:914} INFO - Processing file /opt/airflow/dags/spotify_pipeline.py for tasks to queue
[2024-11-09T17:22:55.011+0000] {logging_mixin.py:190} INFO - [2024-11-09T17:22:55.010+0000] {dagbag.py:588} INFO - Filling up the DagBag from /opt/airflow/dags/spotify_pipeline.py
[2024-11-09T17:22:55.027+0000] {logging_mixin.py:190} INFO - [2024-11-09T17:22:55.023+0000] {dagbag.py:387} ERROR - Failed to import: /opt/airflow/dags/spotify_pipeline.py
Traceback (most recent call last):
  File "/home/airflow/.local/lib/python3.11/site-packages/airflow/models/dagbag.py", line 383, in parse
    loader.exec_module(new_module)
  File "<frozen importlib._bootstrap_external>", line 940, in exec_module
  File "<frozen importlib._bootstrap>", line 241, in _call_with_frames_removed
  File "/opt/airflow/dags/spotify_pipeline.py", line 43, in <module>
    start >> [python_job, scala_job, java_job] >> end
                          ^^^^^^^^^
NameError: name 'scala_job' is not defined
[2024-11-09T17:22:55.028+0000] {processor.py:927} WARNING - No viable dags retrieved from /opt/airflow/dags/spotify_pipeline.py
[2024-11-09T17:22:55.045+0000] {processor.py:208} INFO - Processing /opt/airflow/dags/spotify_pipeline.py took 0.040 seconds
[2024-11-09T17:23:25.265+0000] {processor.py:186} INFO - Started process (PID=3239) to work on /opt/airflow/dags/spotify_pipeline.py
[2024-11-09T17:23:25.266+0000] {processor.py:914} INFO - Processing file /opt/airflow/dags/spotify_pipeline.py for tasks to queue
[2024-11-09T17:23:25.267+0000] {logging_mixin.py:190} INFO - [2024-11-09T17:23:25.267+0000] {dagbag.py:588} INFO - Filling up the DagBag from /opt/airflow/dags/spotify_pipeline.py
[2024-11-09T17:23:25.284+0000] {logging_mixin.py:190} INFO - [2024-11-09T17:23:25.281+0000] {dagbag.py:387} ERROR - Failed to import: /opt/airflow/dags/spotify_pipeline.py
Traceback (most recent call last):
  File "/home/airflow/.local/lib/python3.11/site-packages/airflow/models/dagbag.py", line 383, in parse
    loader.exec_module(new_module)
  File "<frozen importlib._bootstrap_external>", line 940, in exec_module
  File "<frozen importlib._bootstrap>", line 241, in _call_with_frames_removed
  File "/opt/airflow/dags/spotify_pipeline.py", line 43, in <module>
    start >> [python_job, scala_job, java_job] >> end
                          ^^^^^^^^^
NameError: name 'scala_job' is not defined
[2024-11-09T17:23:25.285+0000] {processor.py:927} WARNING - No viable dags retrieved from /opt/airflow/dags/spotify_pipeline.py
[2024-11-09T17:23:25.301+0000] {processor.py:208} INFO - Processing /opt/airflow/dags/spotify_pipeline.py took 0.041 seconds
[2024-11-09T17:23:55.496+0000] {processor.py:186} INFO - Started process (PID=3249) to work on /opt/airflow/dags/spotify_pipeline.py
[2024-11-09T17:23:55.497+0000] {processor.py:914} INFO - Processing file /opt/airflow/dags/spotify_pipeline.py for tasks to queue
[2024-11-09T17:23:55.498+0000] {logging_mixin.py:190} INFO - [2024-11-09T17:23:55.498+0000] {dagbag.py:588} INFO - Filling up the DagBag from /opt/airflow/dags/spotify_pipeline.py
[2024-11-09T17:23:55.514+0000] {logging_mixin.py:190} INFO - [2024-11-09T17:23:55.511+0000] {dagbag.py:387} ERROR - Failed to import: /opt/airflow/dags/spotify_pipeline.py
Traceback (most recent call last):
  File "/home/airflow/.local/lib/python3.11/site-packages/airflow/models/dagbag.py", line 383, in parse
    loader.exec_module(new_module)
  File "<frozen importlib._bootstrap_external>", line 940, in exec_module
  File "<frozen importlib._bootstrap>", line 241, in _call_with_frames_removed
  File "/opt/airflow/dags/spotify_pipeline.py", line 43, in <module>
    start >> [python_job, scala_job, java_job] >> end
                          ^^^^^^^^^
NameError: name 'scala_job' is not defined
[2024-11-09T17:23:55.515+0000] {processor.py:927} WARNING - No viable dags retrieved from /opt/airflow/dags/spotify_pipeline.py
[2024-11-09T17:23:55.531+0000] {processor.py:208} INFO - Processing /opt/airflow/dags/spotify_pipeline.py took 0.040 seconds
[2024-11-09T17:24:25.732+0000] {processor.py:186} INFO - Started process (PID=3259) to work on /opt/airflow/dags/spotify_pipeline.py
[2024-11-09T17:24:25.732+0000] {processor.py:914} INFO - Processing file /opt/airflow/dags/spotify_pipeline.py for tasks to queue
[2024-11-09T17:24:25.733+0000] {logging_mixin.py:190} INFO - [2024-11-09T17:24:25.733+0000] {dagbag.py:588} INFO - Filling up the DagBag from /opt/airflow/dags/spotify_pipeline.py
[2024-11-09T17:24:25.747+0000] {logging_mixin.py:190} INFO - [2024-11-09T17:24:25.745+0000] {dagbag.py:387} ERROR - Failed to import: /opt/airflow/dags/spotify_pipeline.py
Traceback (most recent call last):
  File "/home/airflow/.local/lib/python3.11/site-packages/airflow/models/dagbag.py", line 383, in parse
    loader.exec_module(new_module)
  File "<frozen importlib._bootstrap_external>", line 940, in exec_module
  File "<frozen importlib._bootstrap>", line 241, in _call_with_frames_removed
  File "/opt/airflow/dags/spotify_pipeline.py", line 43, in <module>
    start >> [python_job, scala_job, java_job] >> end
                          ^^^^^^^^^
NameError: name 'scala_job' is not defined
[2024-11-09T17:24:25.748+0000] {processor.py:927} WARNING - No viable dags retrieved from /opt/airflow/dags/spotify_pipeline.py
[2024-11-09T17:24:25.764+0000] {processor.py:208} INFO - Processing /opt/airflow/dags/spotify_pipeline.py took 0.037 seconds
[2024-11-09T17:24:55.964+0000] {processor.py:186} INFO - Started process (PID=3269) to work on /opt/airflow/dags/spotify_pipeline.py
[2024-11-09T17:24:55.964+0000] {processor.py:914} INFO - Processing file /opt/airflow/dags/spotify_pipeline.py for tasks to queue
[2024-11-09T17:24:55.966+0000] {logging_mixin.py:190} INFO - [2024-11-09T17:24:55.965+0000] {dagbag.py:588} INFO - Filling up the DagBag from /opt/airflow/dags/spotify_pipeline.py
[2024-11-09T17:24:55.981+0000] {logging_mixin.py:190} INFO - [2024-11-09T17:24:55.978+0000] {dagbag.py:387} ERROR - Failed to import: /opt/airflow/dags/spotify_pipeline.py
Traceback (most recent call last):
  File "/home/airflow/.local/lib/python3.11/site-packages/airflow/models/dagbag.py", line 383, in parse
    loader.exec_module(new_module)
  File "<frozen importlib._bootstrap_external>", line 940, in exec_module
  File "<frozen importlib._bootstrap>", line 241, in _call_with_frames_removed
  File "/opt/airflow/dags/spotify_pipeline.py", line 43, in <module>
    start >> [python_job, scala_job, java_job] >> end
                          ^^^^^^^^^
NameError: name 'scala_job' is not defined
[2024-11-09T17:24:55.982+0000] {processor.py:927} WARNING - No viable dags retrieved from /opt/airflow/dags/spotify_pipeline.py
[2024-11-09T17:24:55.997+0000] {processor.py:208} INFO - Processing /opt/airflow/dags/spotify_pipeline.py took 0.037 seconds
[2024-11-09T17:25:26.220+0000] {processor.py:186} INFO - Started process (PID=3279) to work on /opt/airflow/dags/spotify_pipeline.py
[2024-11-09T17:25:26.221+0000] {processor.py:914} INFO - Processing file /opt/airflow/dags/spotify_pipeline.py for tasks to queue
[2024-11-09T17:25:26.222+0000] {logging_mixin.py:190} INFO - [2024-11-09T17:25:26.222+0000] {dagbag.py:588} INFO - Filling up the DagBag from /opt/airflow/dags/spotify_pipeline.py
[2024-11-09T17:25:26.239+0000] {logging_mixin.py:190} INFO - [2024-11-09T17:25:26.236+0000] {dagbag.py:387} ERROR - Failed to import: /opt/airflow/dags/spotify_pipeline.py
Traceback (most recent call last):
  File "/home/airflow/.local/lib/python3.11/site-packages/airflow/models/dagbag.py", line 383, in parse
    loader.exec_module(new_module)
  File "<frozen importlib._bootstrap_external>", line 940, in exec_module
  File "<frozen importlib._bootstrap>", line 241, in _call_with_frames_removed
  File "/opt/airflow/dags/spotify_pipeline.py", line 43, in <module>
    start >> [python_job, scala_job, java_job] >> end
                          ^^^^^^^^^
NameError: name 'scala_job' is not defined
[2024-11-09T17:25:26.240+0000] {processor.py:927} WARNING - No viable dags retrieved from /opt/airflow/dags/spotify_pipeline.py
[2024-11-09T17:25:26.256+0000] {processor.py:208} INFO - Processing /opt/airflow/dags/spotify_pipeline.py took 0.040 seconds
[2024-11-09T17:25:56.447+0000] {processor.py:186} INFO - Started process (PID=3289) to work on /opt/airflow/dags/spotify_pipeline.py
[2024-11-09T17:25:56.448+0000] {processor.py:914} INFO - Processing file /opt/airflow/dags/spotify_pipeline.py for tasks to queue
[2024-11-09T17:25:56.449+0000] {logging_mixin.py:190} INFO - [2024-11-09T17:25:56.449+0000] {dagbag.py:588} INFO - Filling up the DagBag from /opt/airflow/dags/spotify_pipeline.py
[2024-11-09T17:25:56.463+0000] {logging_mixin.py:190} INFO - [2024-11-09T17:25:56.460+0000] {dagbag.py:387} ERROR - Failed to import: /opt/airflow/dags/spotify_pipeline.py
Traceback (most recent call last):
  File "/home/airflow/.local/lib/python3.11/site-packages/airflow/models/dagbag.py", line 383, in parse
    loader.exec_module(new_module)
  File "<frozen importlib._bootstrap_external>", line 940, in exec_module
  File "<frozen importlib._bootstrap>", line 241, in _call_with_frames_removed
  File "/opt/airflow/dags/spotify_pipeline.py", line 43, in <module>
    start >> [python_job, scala_job, java_job] >> end
                          ^^^^^^^^^
NameError: name 'scala_job' is not defined
[2024-11-09T17:25:56.464+0000] {processor.py:927} WARNING - No viable dags retrieved from /opt/airflow/dags/spotify_pipeline.py
[2024-11-09T17:25:56.480+0000] {processor.py:208} INFO - Processing /opt/airflow/dags/spotify_pipeline.py took 0.038 seconds
[2024-11-09T17:26:26.688+0000] {processor.py:186} INFO - Started process (PID=3299) to work on /opt/airflow/dags/spotify_pipeline.py
[2024-11-09T17:26:26.688+0000] {processor.py:914} INFO - Processing file /opt/airflow/dags/spotify_pipeline.py for tasks to queue
[2024-11-09T17:26:26.689+0000] {logging_mixin.py:190} INFO - [2024-11-09T17:26:26.689+0000] {dagbag.py:588} INFO - Filling up the DagBag from /opt/airflow/dags/spotify_pipeline.py
[2024-11-09T17:26:26.702+0000] {logging_mixin.py:190} INFO - [2024-11-09T17:26:26.699+0000] {dagbag.py:387} ERROR - Failed to import: /opt/airflow/dags/spotify_pipeline.py
Traceback (most recent call last):
  File "/home/airflow/.local/lib/python3.11/site-packages/airflow/models/dagbag.py", line 383, in parse
    loader.exec_module(new_module)
  File "<frozen importlib._bootstrap_external>", line 940, in exec_module
  File "<frozen importlib._bootstrap>", line 241, in _call_with_frames_removed
  File "/opt/airflow/dags/spotify_pipeline.py", line 43, in <module>
    start >> [python_job, scala_job, java_job] >> end
                          ^^^^^^^^^
NameError: name 'scala_job' is not defined
[2024-11-09T17:26:26.703+0000] {processor.py:927} WARNING - No viable dags retrieved from /opt/airflow/dags/spotify_pipeline.py
[2024-11-09T17:26:26.719+0000] {processor.py:208} INFO - Processing /opt/airflow/dags/spotify_pipeline.py took 0.037 seconds
[2024-11-09T17:26:56.911+0000] {processor.py:186} INFO - Started process (PID=3309) to work on /opt/airflow/dags/spotify_pipeline.py
[2024-11-09T17:26:56.912+0000] {processor.py:914} INFO - Processing file /opt/airflow/dags/spotify_pipeline.py for tasks to queue
[2024-11-09T17:26:56.913+0000] {logging_mixin.py:190} INFO - [2024-11-09T17:26:56.912+0000] {dagbag.py:588} INFO - Filling up the DagBag from /opt/airflow/dags/spotify_pipeline.py
[2024-11-09T17:26:56.926+0000] {logging_mixin.py:190} INFO - [2024-11-09T17:26:56.923+0000] {dagbag.py:387} ERROR - Failed to import: /opt/airflow/dags/spotify_pipeline.py
Traceback (most recent call last):
  File "/home/airflow/.local/lib/python3.11/site-packages/airflow/models/dagbag.py", line 383, in parse
    loader.exec_module(new_module)
  File "<frozen importlib._bootstrap_external>", line 940, in exec_module
  File "<frozen importlib._bootstrap>", line 241, in _call_with_frames_removed
  File "/opt/airflow/dags/spotify_pipeline.py", line 43, in <module>
    start >> [python_job, scala_job, java_job] >> end
                          ^^^^^^^^^
NameError: name 'scala_job' is not defined
[2024-11-09T17:26:56.927+0000] {processor.py:927} WARNING - No viable dags retrieved from /opt/airflow/dags/spotify_pipeline.py
[2024-11-09T17:26:56.944+0000] {processor.py:208} INFO - Processing /opt/airflow/dags/spotify_pipeline.py took 0.037 seconds
[2024-11-09T17:27:27.140+0000] {processor.py:186} INFO - Started process (PID=3319) to work on /opt/airflow/dags/spotify_pipeline.py
[2024-11-09T17:27:27.141+0000] {processor.py:914} INFO - Processing file /opt/airflow/dags/spotify_pipeline.py for tasks to queue
[2024-11-09T17:27:27.142+0000] {logging_mixin.py:190} INFO - [2024-11-09T17:27:27.141+0000] {dagbag.py:588} INFO - Filling up the DagBag from /opt/airflow/dags/spotify_pipeline.py
[2024-11-09T17:27:27.154+0000] {logging_mixin.py:190} INFO - [2024-11-09T17:27:27.152+0000] {dagbag.py:387} ERROR - Failed to import: /opt/airflow/dags/spotify_pipeline.py
Traceback (most recent call last):
  File "/home/airflow/.local/lib/python3.11/site-packages/airflow/models/dagbag.py", line 383, in parse
    loader.exec_module(new_module)
  File "<frozen importlib._bootstrap_external>", line 940, in exec_module
  File "<frozen importlib._bootstrap>", line 241, in _call_with_frames_removed
  File "/opt/airflow/dags/spotify_pipeline.py", line 43, in <module>
    start >> [python_job, scala_job, java_job] >> end
                          ^^^^^^^^^
NameError: name 'scala_job' is not defined
[2024-11-09T17:27:27.155+0000] {processor.py:927} WARNING - No viable dags retrieved from /opt/airflow/dags/spotify_pipeline.py
[2024-11-09T17:27:27.171+0000] {processor.py:208} INFO - Processing /opt/airflow/dags/spotify_pipeline.py took 0.035 seconds
[2024-11-09T17:27:57.362+0000] {processor.py:186} INFO - Started process (PID=3329) to work on /opt/airflow/dags/spotify_pipeline.py
[2024-11-09T17:27:57.363+0000] {processor.py:914} INFO - Processing file /opt/airflow/dags/spotify_pipeline.py for tasks to queue
[2024-11-09T17:27:57.364+0000] {logging_mixin.py:190} INFO - [2024-11-09T17:27:57.364+0000] {dagbag.py:588} INFO - Filling up the DagBag from /opt/airflow/dags/spotify_pipeline.py
[2024-11-09T17:27:57.381+0000] {logging_mixin.py:190} INFO - [2024-11-09T17:27:57.378+0000] {dagbag.py:387} ERROR - Failed to import: /opt/airflow/dags/spotify_pipeline.py
Traceback (most recent call last):
  File "/home/airflow/.local/lib/python3.11/site-packages/airflow/models/dagbag.py", line 383, in parse
    loader.exec_module(new_module)
  File "<frozen importlib._bootstrap_external>", line 940, in exec_module
  File "<frozen importlib._bootstrap>", line 241, in _call_with_frames_removed
  File "/opt/airflow/dags/spotify_pipeline.py", line 43, in <module>
    start >> [python_job, scala_job, java_job] >> end
                          ^^^^^^^^^
NameError: name 'scala_job' is not defined
[2024-11-09T17:27:57.382+0000] {processor.py:927} WARNING - No viable dags retrieved from /opt/airflow/dags/spotify_pipeline.py
[2024-11-09T17:27:57.398+0000] {processor.py:208} INFO - Processing /opt/airflow/dags/spotify_pipeline.py took 0.042 seconds
[2024-11-09T17:28:27.600+0000] {processor.py:186} INFO - Started process (PID=3339) to work on /opt/airflow/dags/spotify_pipeline.py
[2024-11-09T17:28:27.601+0000] {processor.py:914} INFO - Processing file /opt/airflow/dags/spotify_pipeline.py for tasks to queue
[2024-11-09T17:28:27.602+0000] {logging_mixin.py:190} INFO - [2024-11-09T17:28:27.602+0000] {dagbag.py:588} INFO - Filling up the DagBag from /opt/airflow/dags/spotify_pipeline.py
[2024-11-09T17:28:27.619+0000] {logging_mixin.py:190} INFO - [2024-11-09T17:28:27.616+0000] {dagbag.py:387} ERROR - Failed to import: /opt/airflow/dags/spotify_pipeline.py
Traceback (most recent call last):
  File "/home/airflow/.local/lib/python3.11/site-packages/airflow/models/dagbag.py", line 383, in parse
    loader.exec_module(new_module)
  File "<frozen importlib._bootstrap_external>", line 940, in exec_module
  File "<frozen importlib._bootstrap>", line 241, in _call_with_frames_removed
  File "/opt/airflow/dags/spotify_pipeline.py", line 43, in <module>
    start >> [python_job, scala_job, java_job] >> end
                          ^^^^^^^^^
NameError: name 'scala_job' is not defined
[2024-11-09T17:28:27.620+0000] {processor.py:927} WARNING - No viable dags retrieved from /opt/airflow/dags/spotify_pipeline.py
[2024-11-09T17:28:27.638+0000] {processor.py:208} INFO - Processing /opt/airflow/dags/spotify_pipeline.py took 0.044 seconds
[2024-11-09T17:28:57.839+0000] {processor.py:186} INFO - Started process (PID=3349) to work on /opt/airflow/dags/spotify_pipeline.py
[2024-11-09T17:28:57.840+0000] {processor.py:914} INFO - Processing file /opt/airflow/dags/spotify_pipeline.py for tasks to queue
[2024-11-09T17:28:57.841+0000] {logging_mixin.py:190} INFO - [2024-11-09T17:28:57.841+0000] {dagbag.py:588} INFO - Filling up the DagBag from /opt/airflow/dags/spotify_pipeline.py
[2024-11-09T17:28:57.857+0000] {logging_mixin.py:190} INFO - [2024-11-09T17:28:57.854+0000] {dagbag.py:387} ERROR - Failed to import: /opt/airflow/dags/spotify_pipeline.py
Traceback (most recent call last):
  File "/home/airflow/.local/lib/python3.11/site-packages/airflow/models/dagbag.py", line 383, in parse
    loader.exec_module(new_module)
  File "<frozen importlib._bootstrap_external>", line 940, in exec_module
  File "<frozen importlib._bootstrap>", line 241, in _call_with_frames_removed
  File "/opt/airflow/dags/spotify_pipeline.py", line 43, in <module>
    start >> [python_job, scala_job, java_job] >> end
                          ^^^^^^^^^
NameError: name 'scala_job' is not defined
[2024-11-09T17:28:57.859+0000] {processor.py:927} WARNING - No viable dags retrieved from /opt/airflow/dags/spotify_pipeline.py
[2024-11-09T17:28:57.874+0000] {processor.py:208} INFO - Processing /opt/airflow/dags/spotify_pipeline.py took 0.040 seconds
[2024-11-09T17:29:28.081+0000] {processor.py:186} INFO - Started process (PID=3359) to work on /opt/airflow/dags/spotify_pipeline.py
[2024-11-09T17:29:28.082+0000] {processor.py:914} INFO - Processing file /opt/airflow/dags/spotify_pipeline.py for tasks to queue
[2024-11-09T17:29:28.083+0000] {logging_mixin.py:190} INFO - [2024-11-09T17:29:28.083+0000] {dagbag.py:588} INFO - Filling up the DagBag from /opt/airflow/dags/spotify_pipeline.py
[2024-11-09T17:29:28.098+0000] {logging_mixin.py:190} INFO - [2024-11-09T17:29:28.095+0000] {dagbag.py:387} ERROR - Failed to import: /opt/airflow/dags/spotify_pipeline.py
Traceback (most recent call last):
  File "/home/airflow/.local/lib/python3.11/site-packages/airflow/models/dagbag.py", line 383, in parse
    loader.exec_module(new_module)
  File "<frozen importlib._bootstrap_external>", line 940, in exec_module
  File "<frozen importlib._bootstrap>", line 241, in _call_with_frames_removed
  File "/opt/airflow/dags/spotify_pipeline.py", line 43, in <module>
    start >> [python_job, scala_job, java_job] >> end
                          ^^^^^^^^^
NameError: name 'scala_job' is not defined
[2024-11-09T17:29:28.100+0000] {processor.py:927} WARNING - No viable dags retrieved from /opt/airflow/dags/spotify_pipeline.py
[2024-11-09T17:29:28.117+0000] {processor.py:208} INFO - Processing /opt/airflow/dags/spotify_pipeline.py took 0.040 seconds
[2024-11-09T17:29:58.315+0000] {processor.py:186} INFO - Started process (PID=3369) to work on /opt/airflow/dags/spotify_pipeline.py
[2024-11-09T17:29:58.316+0000] {processor.py:914} INFO - Processing file /opt/airflow/dags/spotify_pipeline.py for tasks to queue
[2024-11-09T17:29:58.317+0000] {logging_mixin.py:190} INFO - [2024-11-09T17:29:58.317+0000] {dagbag.py:588} INFO - Filling up the DagBag from /opt/airflow/dags/spotify_pipeline.py
[2024-11-09T17:29:58.335+0000] {logging_mixin.py:190} INFO - [2024-11-09T17:29:58.332+0000] {dagbag.py:387} ERROR - Failed to import: /opt/airflow/dags/spotify_pipeline.py
Traceback (most recent call last):
  File "/home/airflow/.local/lib/python3.11/site-packages/airflow/models/dagbag.py", line 383, in parse
    loader.exec_module(new_module)
  File "<frozen importlib._bootstrap_external>", line 940, in exec_module
  File "<frozen importlib._bootstrap>", line 241, in _call_with_frames_removed
  File "/opt/airflow/dags/spotify_pipeline.py", line 43, in <module>
    start >> [python_job, scala_job, java_job] >> end
                          ^^^^^^^^^
NameError: name 'scala_job' is not defined
[2024-11-09T17:29:58.336+0000] {processor.py:927} WARNING - No viable dags retrieved from /opt/airflow/dags/spotify_pipeline.py
[2024-11-09T17:29:58.355+0000] {processor.py:208} INFO - Processing /opt/airflow/dags/spotify_pipeline.py took 0.046 seconds
[2024-11-09T17:30:28.583+0000] {processor.py:186} INFO - Started process (PID=3379) to work on /opt/airflow/dags/spotify_pipeline.py
[2024-11-09T17:30:28.585+0000] {processor.py:914} INFO - Processing file /opt/airflow/dags/spotify_pipeline.py for tasks to queue
[2024-11-09T17:30:28.586+0000] {logging_mixin.py:190} INFO - [2024-11-09T17:30:28.586+0000] {dagbag.py:588} INFO - Filling up the DagBag from /opt/airflow/dags/spotify_pipeline.py
[2024-11-09T17:30:28.603+0000] {logging_mixin.py:190} INFO - [2024-11-09T17:30:28.600+0000] {dagbag.py:387} ERROR - Failed to import: /opt/airflow/dags/spotify_pipeline.py
Traceback (most recent call last):
  File "/home/airflow/.local/lib/python3.11/site-packages/airflow/models/dagbag.py", line 383, in parse
    loader.exec_module(new_module)
  File "<frozen importlib._bootstrap_external>", line 940, in exec_module
  File "<frozen importlib._bootstrap>", line 241, in _call_with_frames_removed
  File "/opt/airflow/dags/spotify_pipeline.py", line 43, in <module>
    start >> [python_job, scala_job, java_job] >> end
                          ^^^^^^^^^
NameError: name 'scala_job' is not defined
[2024-11-09T17:30:28.604+0000] {processor.py:927} WARNING - No viable dags retrieved from /opt/airflow/dags/spotify_pipeline.py
[2024-11-09T17:30:28.622+0000] {processor.py:208} INFO - Processing /opt/airflow/dags/spotify_pipeline.py took 0.044 seconds
[2024-11-09T17:30:58.826+0000] {processor.py:186} INFO - Started process (PID=3389) to work on /opt/airflow/dags/spotify_pipeline.py
[2024-11-09T17:30:58.826+0000] {processor.py:914} INFO - Processing file /opt/airflow/dags/spotify_pipeline.py for tasks to queue
[2024-11-09T17:30:58.827+0000] {logging_mixin.py:190} INFO - [2024-11-09T17:30:58.827+0000] {dagbag.py:588} INFO - Filling up the DagBag from /opt/airflow/dags/spotify_pipeline.py
[2024-11-09T17:30:58.844+0000] {logging_mixin.py:190} INFO - [2024-11-09T17:30:58.841+0000] {dagbag.py:387} ERROR - Failed to import: /opt/airflow/dags/spotify_pipeline.py
Traceback (most recent call last):
  File "/home/airflow/.local/lib/python3.11/site-packages/airflow/models/dagbag.py", line 383, in parse
    loader.exec_module(new_module)
  File "<frozen importlib._bootstrap_external>", line 940, in exec_module
  File "<frozen importlib._bootstrap>", line 241, in _call_with_frames_removed
  File "/opt/airflow/dags/spotify_pipeline.py", line 43, in <module>
    start >> [python_job, scala_job, java_job] >> end
                          ^^^^^^^^^
NameError: name 'scala_job' is not defined
[2024-11-09T17:30:58.845+0000] {processor.py:927} WARNING - No viable dags retrieved from /opt/airflow/dags/spotify_pipeline.py
[2024-11-09T17:30:58.864+0000] {processor.py:208} INFO - Processing /opt/airflow/dags/spotify_pipeline.py took 0.043 seconds
[2024-11-09T17:31:29.067+0000] {processor.py:186} INFO - Started process (PID=3399) to work on /opt/airflow/dags/spotify_pipeline.py
[2024-11-09T17:31:29.068+0000] {processor.py:914} INFO - Processing file /opt/airflow/dags/spotify_pipeline.py for tasks to queue
[2024-11-09T17:31:29.069+0000] {logging_mixin.py:190} INFO - [2024-11-09T17:31:29.069+0000] {dagbag.py:588} INFO - Filling up the DagBag from /opt/airflow/dags/spotify_pipeline.py
[2024-11-09T17:31:29.086+0000] {logging_mixin.py:190} INFO - [2024-11-09T17:31:29.083+0000] {dagbag.py:387} ERROR - Failed to import: /opt/airflow/dags/spotify_pipeline.py
Traceback (most recent call last):
  File "/home/airflow/.local/lib/python3.11/site-packages/airflow/models/dagbag.py", line 383, in parse
    loader.exec_module(new_module)
  File "<frozen importlib._bootstrap_external>", line 940, in exec_module
  File "<frozen importlib._bootstrap>", line 241, in _call_with_frames_removed
  File "/opt/airflow/dags/spotify_pipeline.py", line 43, in <module>
    start >> [python_job, scala_job, java_job] >> end
                          ^^^^^^^^^
NameError: name 'scala_job' is not defined
[2024-11-09T17:31:29.088+0000] {processor.py:927} WARNING - No viable dags retrieved from /opt/airflow/dags/spotify_pipeline.py
[2024-11-09T17:31:29.103+0000] {processor.py:208} INFO - Processing /opt/airflow/dags/spotify_pipeline.py took 0.041 seconds
[2024-11-09T17:31:59.306+0000] {processor.py:186} INFO - Started process (PID=3409) to work on /opt/airflow/dags/spotify_pipeline.py
[2024-11-09T17:31:59.307+0000] {processor.py:914} INFO - Processing file /opt/airflow/dags/spotify_pipeline.py for tasks to queue
[2024-11-09T17:31:59.309+0000] {logging_mixin.py:190} INFO - [2024-11-09T17:31:59.309+0000] {dagbag.py:588} INFO - Filling up the DagBag from /opt/airflow/dags/spotify_pipeline.py
[2024-11-09T17:31:59.324+0000] {logging_mixin.py:190} INFO - [2024-11-09T17:31:59.321+0000] {dagbag.py:387} ERROR - Failed to import: /opt/airflow/dags/spotify_pipeline.py
Traceback (most recent call last):
  File "/home/airflow/.local/lib/python3.11/site-packages/airflow/models/dagbag.py", line 383, in parse
    loader.exec_module(new_module)
  File "<frozen importlib._bootstrap_external>", line 940, in exec_module
  File "<frozen importlib._bootstrap>", line 241, in _call_with_frames_removed
  File "/opt/airflow/dags/spotify_pipeline.py", line 43, in <module>
    start >> [python_job, scala_job, java_job] >> end
                          ^^^^^^^^^
NameError: name 'scala_job' is not defined
[2024-11-09T17:31:59.326+0000] {processor.py:927} WARNING - No viable dags retrieved from /opt/airflow/dags/spotify_pipeline.py
[2024-11-09T17:31:59.343+0000] {processor.py:208} INFO - Processing /opt/airflow/dags/spotify_pipeline.py took 0.040 seconds
[2024-11-09T17:32:29.547+0000] {processor.py:186} INFO - Started process (PID=3419) to work on /opt/airflow/dags/spotify_pipeline.py
[2024-11-09T17:32:29.547+0000] {processor.py:914} INFO - Processing file /opt/airflow/dags/spotify_pipeline.py for tasks to queue
[2024-11-09T17:32:29.549+0000] {logging_mixin.py:190} INFO - [2024-11-09T17:32:29.548+0000] {dagbag.py:588} INFO - Filling up the DagBag from /opt/airflow/dags/spotify_pipeline.py
[2024-11-09T17:32:29.564+0000] {logging_mixin.py:190} INFO - [2024-11-09T17:32:29.561+0000] {dagbag.py:387} ERROR - Failed to import: /opt/airflow/dags/spotify_pipeline.py
Traceback (most recent call last):
  File "/home/airflow/.local/lib/python3.11/site-packages/airflow/models/dagbag.py", line 383, in parse
    loader.exec_module(new_module)
  File "<frozen importlib._bootstrap_external>", line 940, in exec_module
  File "<frozen importlib._bootstrap>", line 241, in _call_with_frames_removed
  File "/opt/airflow/dags/spotify_pipeline.py", line 43, in <module>
    start >> [python_job, scala_job, java_job] >> end
                          ^^^^^^^^^
NameError: name 'scala_job' is not defined
[2024-11-09T17:32:29.565+0000] {processor.py:927} WARNING - No viable dags retrieved from /opt/airflow/dags/spotify_pipeline.py
[2024-11-09T17:32:29.584+0000] {processor.py:208} INFO - Processing /opt/airflow/dags/spotify_pipeline.py took 0.042 seconds
[2024-11-09T17:32:59.796+0000] {processor.py:186} INFO - Started process (PID=3429) to work on /opt/airflow/dags/spotify_pipeline.py
[2024-11-09T17:32:59.797+0000] {processor.py:914} INFO - Processing file /opt/airflow/dags/spotify_pipeline.py for tasks to queue
[2024-11-09T17:32:59.798+0000] {logging_mixin.py:190} INFO - [2024-11-09T17:32:59.798+0000] {dagbag.py:588} INFO - Filling up the DagBag from /opt/airflow/dags/spotify_pipeline.py
[2024-11-09T17:32:59.815+0000] {logging_mixin.py:190} INFO - [2024-11-09T17:32:59.812+0000] {dagbag.py:387} ERROR - Failed to import: /opt/airflow/dags/spotify_pipeline.py
Traceback (most recent call last):
  File "/home/airflow/.local/lib/python3.11/site-packages/airflow/models/dagbag.py", line 383, in parse
    loader.exec_module(new_module)
  File "<frozen importlib._bootstrap_external>", line 940, in exec_module
  File "<frozen importlib._bootstrap>", line 241, in _call_with_frames_removed
  File "/opt/airflow/dags/spotify_pipeline.py", line 43, in <module>
    start >> [python_job, scala_job, java_job] >> end
                          ^^^^^^^^^
NameError: name 'scala_job' is not defined
[2024-11-09T17:32:59.817+0000] {processor.py:927} WARNING - No viable dags retrieved from /opt/airflow/dags/spotify_pipeline.py
[2024-11-09T17:32:59.837+0000] {processor.py:208} INFO - Processing /opt/airflow/dags/spotify_pipeline.py took 0.045 seconds
[2024-11-09T17:33:30.046+0000] {processor.py:186} INFO - Started process (PID=3439) to work on /opt/airflow/dags/spotify_pipeline.py
[2024-11-09T17:33:30.047+0000] {processor.py:914} INFO - Processing file /opt/airflow/dags/spotify_pipeline.py for tasks to queue
[2024-11-09T17:33:30.048+0000] {logging_mixin.py:190} INFO - [2024-11-09T17:33:30.048+0000] {dagbag.py:588} INFO - Filling up the DagBag from /opt/airflow/dags/spotify_pipeline.py
[2024-11-09T17:33:30.065+0000] {logging_mixin.py:190} INFO - [2024-11-09T17:33:30.062+0000] {dagbag.py:387} ERROR - Failed to import: /opt/airflow/dags/spotify_pipeline.py
Traceback (most recent call last):
  File "/home/airflow/.local/lib/python3.11/site-packages/airflow/models/dagbag.py", line 383, in parse
    loader.exec_module(new_module)
  File "<frozen importlib._bootstrap_external>", line 940, in exec_module
  File "<frozen importlib._bootstrap>", line 241, in _call_with_frames_removed
  File "/opt/airflow/dags/spotify_pipeline.py", line 43, in <module>
    start >> [python_job, scala_job, java_job] >> end
                          ^^^^^^^^^
NameError: name 'scala_job' is not defined
[2024-11-09T17:33:30.067+0000] {processor.py:927} WARNING - No viable dags retrieved from /opt/airflow/dags/spotify_pipeline.py
[2024-11-09T17:33:30.084+0000] {processor.py:208} INFO - Processing /opt/airflow/dags/spotify_pipeline.py took 0.044 seconds
[2024-11-09T17:34:00.278+0000] {processor.py:186} INFO - Started process (PID=3449) to work on /opt/airflow/dags/spotify_pipeline.py
[2024-11-09T17:34:00.279+0000] {processor.py:914} INFO - Processing file /opt/airflow/dags/spotify_pipeline.py for tasks to queue
[2024-11-09T17:34:00.280+0000] {logging_mixin.py:190} INFO - [2024-11-09T17:34:00.280+0000] {dagbag.py:588} INFO - Filling up the DagBag from /opt/airflow/dags/spotify_pipeline.py
[2024-11-09T17:34:00.295+0000] {logging_mixin.py:190} INFO - [2024-11-09T17:34:00.292+0000] {dagbag.py:387} ERROR - Failed to import: /opt/airflow/dags/spotify_pipeline.py
Traceback (most recent call last):
  File "/home/airflow/.local/lib/python3.11/site-packages/airflow/models/dagbag.py", line 383, in parse
    loader.exec_module(new_module)
  File "<frozen importlib._bootstrap_external>", line 940, in exec_module
  File "<frozen importlib._bootstrap>", line 241, in _call_with_frames_removed
  File "/opt/airflow/dags/spotify_pipeline.py", line 43, in <module>
    start >> [python_job, scala_job, java_job] >> end
                          ^^^^^^^^^
NameError: name 'scala_job' is not defined
[2024-11-09T17:34:00.296+0000] {processor.py:927} WARNING - No viable dags retrieved from /opt/airflow/dags/spotify_pipeline.py
[2024-11-09T17:34:00.313+0000] {processor.py:208} INFO - Processing /opt/airflow/dags/spotify_pipeline.py took 0.038 seconds
[2024-11-09T17:34:30.509+0000] {processor.py:186} INFO - Started process (PID=3459) to work on /opt/airflow/dags/spotify_pipeline.py
[2024-11-09T17:34:30.509+0000] {processor.py:914} INFO - Processing file /opt/airflow/dags/spotify_pipeline.py for tasks to queue
[2024-11-09T17:34:30.511+0000] {logging_mixin.py:190} INFO - [2024-11-09T17:34:30.510+0000] {dagbag.py:588} INFO - Filling up the DagBag from /opt/airflow/dags/spotify_pipeline.py
[2024-11-09T17:34:30.525+0000] {logging_mixin.py:190} INFO - [2024-11-09T17:34:30.522+0000] {dagbag.py:387} ERROR - Failed to import: /opt/airflow/dags/spotify_pipeline.py
Traceback (most recent call last):
  File "/home/airflow/.local/lib/python3.11/site-packages/airflow/models/dagbag.py", line 383, in parse
    loader.exec_module(new_module)
  File "<frozen importlib._bootstrap_external>", line 940, in exec_module
  File "<frozen importlib._bootstrap>", line 241, in _call_with_frames_removed
  File "/opt/airflow/dags/spotify_pipeline.py", line 43, in <module>
    start >> [python_job, scala_job, java_job] >> end
                          ^^^^^^^^^
NameError: name 'scala_job' is not defined
[2024-11-09T17:34:30.526+0000] {processor.py:927} WARNING - No viable dags retrieved from /opt/airflow/dags/spotify_pipeline.py
[2024-11-09T17:34:30.542+0000] {processor.py:208} INFO - Processing /opt/airflow/dags/spotify_pipeline.py took 0.039 seconds
[2024-11-09T17:35:00.742+0000] {processor.py:186} INFO - Started process (PID=3469) to work on /opt/airflow/dags/spotify_pipeline.py
[2024-11-09T17:35:00.743+0000] {processor.py:914} INFO - Processing file /opt/airflow/dags/spotify_pipeline.py for tasks to queue
[2024-11-09T17:35:00.744+0000] {logging_mixin.py:190} INFO - [2024-11-09T17:35:00.743+0000] {dagbag.py:588} INFO - Filling up the DagBag from /opt/airflow/dags/spotify_pipeline.py
[2024-11-09T17:35:00.759+0000] {logging_mixin.py:190} INFO - [2024-11-09T17:35:00.756+0000] {dagbag.py:387} ERROR - Failed to import: /opt/airflow/dags/spotify_pipeline.py
Traceback (most recent call last):
  File "/home/airflow/.local/lib/python3.11/site-packages/airflow/models/dagbag.py", line 383, in parse
    loader.exec_module(new_module)
  File "<frozen importlib._bootstrap_external>", line 940, in exec_module
  File "<frozen importlib._bootstrap>", line 241, in _call_with_frames_removed
  File "/opt/airflow/dags/spotify_pipeline.py", line 43, in <module>
    start >> [python_job, scala_job, java_job] >> end
                          ^^^^^^^^^
NameError: name 'scala_job' is not defined
[2024-11-09T17:35:00.760+0000] {processor.py:927} WARNING - No viable dags retrieved from /opt/airflow/dags/spotify_pipeline.py
[2024-11-09T17:35:00.777+0000] {processor.py:208} INFO - Processing /opt/airflow/dags/spotify_pipeline.py took 0.039 seconds
[2024-11-09T17:35:31.007+0000] {processor.py:186} INFO - Started process (PID=3479) to work on /opt/airflow/dags/spotify_pipeline.py
[2024-11-09T17:35:31.008+0000] {processor.py:914} INFO - Processing file /opt/airflow/dags/spotify_pipeline.py for tasks to queue
[2024-11-09T17:35:31.009+0000] {logging_mixin.py:190} INFO - [2024-11-09T17:35:31.009+0000] {dagbag.py:588} INFO - Filling up the DagBag from /opt/airflow/dags/spotify_pipeline.py
[2024-11-09T17:35:31.022+0000] {logging_mixin.py:190} INFO - [2024-11-09T17:35:31.020+0000] {dagbag.py:387} ERROR - Failed to import: /opt/airflow/dags/spotify_pipeline.py
Traceback (most recent call last):
  File "/home/airflow/.local/lib/python3.11/site-packages/airflow/models/dagbag.py", line 383, in parse
    loader.exec_module(new_module)
  File "<frozen importlib._bootstrap_external>", line 940, in exec_module
  File "<frozen importlib._bootstrap>", line 241, in _call_with_frames_removed
  File "/opt/airflow/dags/spotify_pipeline.py", line 43, in <module>
    start >> [python_job, scala_job, java_job] >> end
                          ^^^^^^^^^
NameError: name 'scala_job' is not defined
[2024-11-09T17:35:31.023+0000] {processor.py:927} WARNING - No viable dags retrieved from /opt/airflow/dags/spotify_pipeline.py
[2024-11-09T17:35:31.040+0000] {processor.py:208} INFO - Processing /opt/airflow/dags/spotify_pipeline.py took 0.037 seconds
[2024-11-09T17:36:01.244+0000] {processor.py:186} INFO - Started process (PID=3489) to work on /opt/airflow/dags/spotify_pipeline.py
[2024-11-09T17:36:01.245+0000] {processor.py:914} INFO - Processing file /opt/airflow/dags/spotify_pipeline.py for tasks to queue
[2024-11-09T17:36:01.246+0000] {logging_mixin.py:190} INFO - [2024-11-09T17:36:01.246+0000] {dagbag.py:588} INFO - Filling up the DagBag from /opt/airflow/dags/spotify_pipeline.py
[2024-11-09T17:36:01.261+0000] {logging_mixin.py:190} INFO - [2024-11-09T17:36:01.259+0000] {dagbag.py:387} ERROR - Failed to import: /opt/airflow/dags/spotify_pipeline.py
Traceback (most recent call last):
  File "/home/airflow/.local/lib/python3.11/site-packages/airflow/models/dagbag.py", line 383, in parse
    loader.exec_module(new_module)
  File "<frozen importlib._bootstrap_external>", line 940, in exec_module
  File "<frozen importlib._bootstrap>", line 241, in _call_with_frames_removed
  File "/opt/airflow/dags/spotify_pipeline.py", line 43, in <module>
    start >> [python_job, scala_job, java_job] >> end
                          ^^^^^^^^^
NameError: name 'scala_job' is not defined
[2024-11-09T17:36:01.263+0000] {processor.py:927} WARNING - No viable dags retrieved from /opt/airflow/dags/spotify_pipeline.py
[2024-11-09T17:36:01.281+0000] {processor.py:208} INFO - Processing /opt/airflow/dags/spotify_pipeline.py took 0.041 seconds
[2024-11-09T17:36:31.492+0000] {processor.py:186} INFO - Started process (PID=3499) to work on /opt/airflow/dags/spotify_pipeline.py
[2024-11-09T17:36:31.493+0000] {processor.py:914} INFO - Processing file /opt/airflow/dags/spotify_pipeline.py for tasks to queue
[2024-11-09T17:36:31.494+0000] {logging_mixin.py:190} INFO - [2024-11-09T17:36:31.493+0000] {dagbag.py:588} INFO - Filling up the DagBag from /opt/airflow/dags/spotify_pipeline.py
[2024-11-09T17:36:31.507+0000] {logging_mixin.py:190} INFO - [2024-11-09T17:36:31.505+0000] {dagbag.py:387} ERROR - Failed to import: /opt/airflow/dags/spotify_pipeline.py
Traceback (most recent call last):
  File "/home/airflow/.local/lib/python3.11/site-packages/airflow/models/dagbag.py", line 383, in parse
    loader.exec_module(new_module)
  File "<frozen importlib._bootstrap_external>", line 940, in exec_module
  File "<frozen importlib._bootstrap>", line 241, in _call_with_frames_removed
  File "/opt/airflow/dags/spotify_pipeline.py", line 43, in <module>
    start >> [python_job, scala_job, java_job] >> end
                          ^^^^^^^^^
NameError: name 'scala_job' is not defined
[2024-11-09T17:36:31.509+0000] {processor.py:927} WARNING - No viable dags retrieved from /opt/airflow/dags/spotify_pipeline.py
[2024-11-09T17:36:31.526+0000] {processor.py:208} INFO - Processing /opt/airflow/dags/spotify_pipeline.py took 0.040 seconds
[2024-11-09T17:37:01.729+0000] {processor.py:186} INFO - Started process (PID=3509) to work on /opt/airflow/dags/spotify_pipeline.py
[2024-11-09T17:37:01.730+0000] {processor.py:914} INFO - Processing file /opt/airflow/dags/spotify_pipeline.py for tasks to queue
[2024-11-09T17:37:01.731+0000] {logging_mixin.py:190} INFO - [2024-11-09T17:37:01.731+0000] {dagbag.py:588} INFO - Filling up the DagBag from /opt/airflow/dags/spotify_pipeline.py
[2024-11-09T17:37:01.747+0000] {logging_mixin.py:190} INFO - [2024-11-09T17:37:01.744+0000] {dagbag.py:387} ERROR - Failed to import: /opt/airflow/dags/spotify_pipeline.py
Traceback (most recent call last):
  File "/home/airflow/.local/lib/python3.11/site-packages/airflow/models/dagbag.py", line 383, in parse
    loader.exec_module(new_module)
  File "<frozen importlib._bootstrap_external>", line 940, in exec_module
  File "<frozen importlib._bootstrap>", line 241, in _call_with_frames_removed
  File "/opt/airflow/dags/spotify_pipeline.py", line 43, in <module>
    start >> [python_job, scala_job, java_job] >> end
                          ^^^^^^^^^
NameError: name 'scala_job' is not defined
[2024-11-09T17:37:01.748+0000] {processor.py:927} WARNING - No viable dags retrieved from /opt/airflow/dags/spotify_pipeline.py
[2024-11-09T17:37:01.765+0000] {processor.py:208} INFO - Processing /opt/airflow/dags/spotify_pipeline.py took 0.041 seconds
[2024-11-09T17:37:31.960+0000] {processor.py:186} INFO - Started process (PID=3519) to work on /opt/airflow/dags/spotify_pipeline.py
[2024-11-09T17:37:31.960+0000] {processor.py:914} INFO - Processing file /opt/airflow/dags/spotify_pipeline.py for tasks to queue
[2024-11-09T17:37:31.961+0000] {logging_mixin.py:190} INFO - [2024-11-09T17:37:31.961+0000] {dagbag.py:588} INFO - Filling up the DagBag from /opt/airflow/dags/spotify_pipeline.py
[2024-11-09T17:37:31.974+0000] {logging_mixin.py:190} INFO - [2024-11-09T17:37:31.972+0000] {dagbag.py:387} ERROR - Failed to import: /opt/airflow/dags/spotify_pipeline.py
Traceback (most recent call last):
  File "/home/airflow/.local/lib/python3.11/site-packages/airflow/models/dagbag.py", line 383, in parse
    loader.exec_module(new_module)
  File "<frozen importlib._bootstrap_external>", line 940, in exec_module
  File "<frozen importlib._bootstrap>", line 241, in _call_with_frames_removed
  File "/opt/airflow/dags/spotify_pipeline.py", line 43, in <module>
    start >> [python_job, scala_job, java_job] >> end
                          ^^^^^^^^^
NameError: name 'scala_job' is not defined
[2024-11-09T17:37:31.975+0000] {processor.py:927} WARNING - No viable dags retrieved from /opt/airflow/dags/spotify_pipeline.py
[2024-11-09T17:37:31.991+0000] {processor.py:208} INFO - Processing /opt/airflow/dags/spotify_pipeline.py took 0.035 seconds
[2024-11-09T17:38:02.194+0000] {processor.py:186} INFO - Started process (PID=3529) to work on /opt/airflow/dags/spotify_pipeline.py
[2024-11-09T17:38:02.195+0000] {processor.py:914} INFO - Processing file /opt/airflow/dags/spotify_pipeline.py for tasks to queue
[2024-11-09T17:38:02.196+0000] {logging_mixin.py:190} INFO - [2024-11-09T17:38:02.195+0000] {dagbag.py:588} INFO - Filling up the DagBag from /opt/airflow/dags/spotify_pipeline.py
[2024-11-09T17:38:02.209+0000] {logging_mixin.py:190} INFO - [2024-11-09T17:38:02.206+0000] {dagbag.py:387} ERROR - Failed to import: /opt/airflow/dags/spotify_pipeline.py
Traceback (most recent call last):
  File "/home/airflow/.local/lib/python3.11/site-packages/airflow/models/dagbag.py", line 383, in parse
    loader.exec_module(new_module)
  File "<frozen importlib._bootstrap_external>", line 940, in exec_module
  File "<frozen importlib._bootstrap>", line 241, in _call_with_frames_removed
  File "/opt/airflow/dags/spotify_pipeline.py", line 43, in <module>
    start >> [python_job, scala_job, java_job] >> end
                          ^^^^^^^^^
NameError: name 'scala_job' is not defined
[2024-11-09T17:38:02.209+0000] {processor.py:927} WARNING - No viable dags retrieved from /opt/airflow/dags/spotify_pipeline.py
[2024-11-09T17:38:02.225+0000] {processor.py:208} INFO - Processing /opt/airflow/dags/spotify_pipeline.py took 0.035 seconds
[2024-11-09T17:38:04.221+0000] {processor.py:186} INFO - Started process (PID=3534) to work on /opt/airflow/dags/spotify_pipeline.py
[2024-11-09T17:38:04.222+0000] {processor.py:914} INFO - Processing file /opt/airflow/dags/spotify_pipeline.py for tasks to queue
[2024-11-09T17:38:04.223+0000] {logging_mixin.py:190} INFO - [2024-11-09T17:38:04.223+0000] {dagbag.py:588} INFO - Filling up the DagBag from /opt/airflow/dags/spotify_pipeline.py
[2024-11-09T17:38:04.242+0000] {logging_mixin.py:190} INFO - [2024-11-09T17:38:04.239+0000] {dagbag.py:387} ERROR - Failed to import: /opt/airflow/dags/spotify_pipeline.py
Traceback (most recent call last):
  File "/home/airflow/.local/lib/python3.11/site-packages/airflow/models/dagbag.py", line 383, in parse
    loader.exec_module(new_module)
  File "<frozen importlib._bootstrap_external>", line 940, in exec_module
  File "<frozen importlib._bootstrap>", line 241, in _call_with_frames_removed
  File "/opt/airflow/dags/spotify_pipeline.py", line 43, in <module>
    start >> [python_job, scala_job, java_job] >> end
                          ^^^^^^^^^
NameError: name 'scala_job' is not defined
[2024-11-09T17:38:04.243+0000] {processor.py:927} WARNING - No viable dags retrieved from /opt/airflow/dags/spotify_pipeline.py
[2024-11-09T17:38:04.258+0000] {processor.py:208} INFO - Processing /opt/airflow/dags/spotify_pipeline.py took 0.041 seconds
[2024-11-09T17:38:34.471+0000] {processor.py:186} INFO - Started process (PID=3608) to work on /opt/airflow/dags/spotify_pipeline.py
[2024-11-09T17:38:34.472+0000] {processor.py:914} INFO - Processing file /opt/airflow/dags/spotify_pipeline.py for tasks to queue
[2024-11-09T17:38:34.473+0000] {logging_mixin.py:190} INFO - [2024-11-09T17:38:34.473+0000] {dagbag.py:588} INFO - Filling up the DagBag from /opt/airflow/dags/spotify_pipeline.py
[2024-11-09T17:39:05.301+0000] {processor.py:186} INFO - Started process (PID=189) to work on /opt/airflow/dags/spotify_pipeline.py
[2024-11-09T17:39:05.302+0000] {processor.py:914} INFO - Processing file /opt/airflow/dags/spotify_pipeline.py for tasks to queue
[2024-11-09T17:39:05.303+0000] {logging_mixin.py:190} INFO - [2024-11-09T17:39:05.303+0000] {dagbag.py:588} INFO - Filling up the DagBag from /opt/airflow/dags/spotify_pipeline.py
[2024-11-09T17:39:05.320+0000] {logging_mixin.py:190} INFO - [2024-11-09T17:39:05.317+0000] {dagbag.py:387} ERROR - Failed to import: /opt/airflow/dags/spotify_pipeline.py
Traceback (most recent call last):
  File "/home/airflow/.local/lib/python3.11/site-packages/airflow/models/dagbag.py", line 383, in parse
    loader.exec_module(new_module)
  File "<frozen importlib._bootstrap_external>", line 940, in exec_module
  File "<frozen importlib._bootstrap>", line 241, in _call_with_frames_removed
  File "/opt/airflow/dags/spotify_pipeline.py", line 43, in <module>
    start >> [python_job, scala_job, java_job] >> end
                          ^^^^^^^^^
NameError: name 'scala_job' is not defined
[2024-11-09T17:39:05.322+0000] {processor.py:927} WARNING - No viable dags retrieved from /opt/airflow/dags/spotify_pipeline.py
[2024-11-09T17:39:05.339+0000] {processor.py:208} INFO - Processing /opt/airflow/dags/spotify_pipeline.py took 0.042 seconds
[2024-11-09T17:39:35.611+0000] {processor.py:186} INFO - Started process (PID=199) to work on /opt/airflow/dags/spotify_pipeline.py
[2024-11-09T17:39:35.612+0000] {processor.py:914} INFO - Processing file /opt/airflow/dags/spotify_pipeline.py for tasks to queue
[2024-11-09T17:39:35.615+0000] {logging_mixin.py:190} INFO - [2024-11-09T17:39:35.615+0000] {dagbag.py:588} INFO - Filling up the DagBag from /opt/airflow/dags/spotify_pipeline.py
[2024-11-09T17:39:35.657+0000] {logging_mixin.py:190} INFO - [2024-11-09T17:39:35.650+0000] {dagbag.py:387} ERROR - Failed to import: /opt/airflow/dags/spotify_pipeline.py
Traceback (most recent call last):
  File "/home/airflow/.local/lib/python3.11/site-packages/airflow/models/dagbag.py", line 383, in parse
    loader.exec_module(new_module)
  File "<frozen importlib._bootstrap_external>", line 940, in exec_module
  File "<frozen importlib._bootstrap>", line 241, in _call_with_frames_removed
  File "/opt/airflow/dags/spotify_pipeline.py", line 43, in <module>
    start >> [python_job, scala_job, java_job] >> end
                          ^^^^^^^^^
NameError: name 'scala_job' is not defined
[2024-11-09T17:39:35.663+0000] {processor.py:927} WARNING - No viable dags retrieved from /opt/airflow/dags/spotify_pipeline.py
[2024-11-09T17:39:35.703+0000] {processor.py:208} INFO - Processing /opt/airflow/dags/spotify_pipeline.py took 0.101 seconds
[2024-11-09T17:40:05.993+0000] {processor.py:186} INFO - Started process (PID=209) to work on /opt/airflow/dags/spotify_pipeline.py
[2024-11-09T17:40:05.994+0000] {processor.py:914} INFO - Processing file /opt/airflow/dags/spotify_pipeline.py for tasks to queue
[2024-11-09T17:40:05.996+0000] {logging_mixin.py:190} INFO - [2024-11-09T17:40:05.995+0000] {dagbag.py:588} INFO - Filling up the DagBag from /opt/airflow/dags/spotify_pipeline.py
[2024-11-09T17:40:06.018+0000] {logging_mixin.py:190} INFO - [2024-11-09T17:40:06.014+0000] {dagbag.py:387} ERROR - Failed to import: /opt/airflow/dags/spotify_pipeline.py
Traceback (most recent call last):
  File "/home/airflow/.local/lib/python3.11/site-packages/airflow/models/dagbag.py", line 383, in parse
    loader.exec_module(new_module)
  File "<frozen importlib._bootstrap_external>", line 940, in exec_module
  File "<frozen importlib._bootstrap>", line 241, in _call_with_frames_removed
  File "/opt/airflow/dags/spotify_pipeline.py", line 43, in <module>
    start >> [python_job, scala_job, java_job] >> end
                          ^^^^^^^^^
NameError: name 'scala_job' is not defined
[2024-11-09T17:40:06.020+0000] {processor.py:927} WARNING - No viable dags retrieved from /opt/airflow/dags/spotify_pipeline.py
[2024-11-09T17:40:06.046+0000] {processor.py:208} INFO - Processing /opt/airflow/dags/spotify_pipeline.py took 0.059 seconds
[2024-11-09T17:40:36.323+0000] {processor.py:186} INFO - Started process (PID=219) to work on /opt/airflow/dags/spotify_pipeline.py
[2024-11-09T17:40:36.324+0000] {processor.py:914} INFO - Processing file /opt/airflow/dags/spotify_pipeline.py for tasks to queue
[2024-11-09T17:40:36.326+0000] {logging_mixin.py:190} INFO - [2024-11-09T17:40:36.325+0000] {dagbag.py:588} INFO - Filling up the DagBag from /opt/airflow/dags/spotify_pipeline.py
[2024-11-09T17:40:36.348+0000] {logging_mixin.py:190} INFO - [2024-11-09T17:40:36.344+0000] {dagbag.py:387} ERROR - Failed to import: /opt/airflow/dags/spotify_pipeline.py
Traceback (most recent call last):
  File "/home/airflow/.local/lib/python3.11/site-packages/airflow/models/dagbag.py", line 383, in parse
    loader.exec_module(new_module)
  File "<frozen importlib._bootstrap_external>", line 940, in exec_module
  File "<frozen importlib._bootstrap>", line 241, in _call_with_frames_removed
  File "/opt/airflow/dags/spotify_pipeline.py", line 43, in <module>
    start >> [python_job, scala_job, java_job] >> end
                          ^^^^^^^^^
NameError: name 'scala_job' is not defined
[2024-11-09T17:40:36.349+0000] {processor.py:927} WARNING - No viable dags retrieved from /opt/airflow/dags/spotify_pipeline.py
[2024-11-09T17:40:36.372+0000] {processor.py:208} INFO - Processing /opt/airflow/dags/spotify_pipeline.py took 0.054 seconds
[2024-11-09T17:41:06.599+0000] {processor.py:186} INFO - Started process (PID=229) to work on /opt/airflow/dags/spotify_pipeline.py
[2024-11-09T17:41:06.599+0000] {processor.py:914} INFO - Processing file /opt/airflow/dags/spotify_pipeline.py for tasks to queue
[2024-11-09T17:41:06.600+0000] {logging_mixin.py:190} INFO - [2024-11-09T17:41:06.600+0000] {dagbag.py:588} INFO - Filling up the DagBag from /opt/airflow/dags/spotify_pipeline.py
[2024-11-09T17:41:06.617+0000] {logging_mixin.py:190} INFO - [2024-11-09T17:41:06.614+0000] {dagbag.py:387} ERROR - Failed to import: /opt/airflow/dags/spotify_pipeline.py
Traceback (most recent call last):
  File "/home/airflow/.local/lib/python3.11/site-packages/airflow/models/dagbag.py", line 383, in parse
    loader.exec_module(new_module)
  File "<frozen importlib._bootstrap_external>", line 940, in exec_module
  File "<frozen importlib._bootstrap>", line 241, in _call_with_frames_removed
  File "/opt/airflow/dags/spotify_pipeline.py", line 43, in <module>
    start >> [python_job, scala_job, java_job] >> end
                          ^^^^^^^^^
NameError: name 'scala_job' is not defined
[2024-11-09T17:41:06.618+0000] {processor.py:927} WARNING - No viable dags retrieved from /opt/airflow/dags/spotify_pipeline.py
[2024-11-09T17:41:06.637+0000] {processor.py:208} INFO - Processing /opt/airflow/dags/spotify_pipeline.py took 0.043 seconds
[2024-11-09T17:41:36.863+0000] {processor.py:186} INFO - Started process (PID=239) to work on /opt/airflow/dags/spotify_pipeline.py
[2024-11-09T17:41:36.863+0000] {processor.py:914} INFO - Processing file /opt/airflow/dags/spotify_pipeline.py for tasks to queue
[2024-11-09T17:41:36.865+0000] {logging_mixin.py:190} INFO - [2024-11-09T17:41:36.865+0000] {dagbag.py:588} INFO - Filling up the DagBag from /opt/airflow/dags/spotify_pipeline.py
[2024-11-09T17:41:36.886+0000] {logging_mixin.py:190} INFO - [2024-11-09T17:41:36.881+0000] {dagbag.py:387} ERROR - Failed to import: /opt/airflow/dags/spotify_pipeline.py
Traceback (most recent call last):
  File "/home/airflow/.local/lib/python3.11/site-packages/airflow/models/dagbag.py", line 383, in parse
    loader.exec_module(new_module)
  File "<frozen importlib._bootstrap_external>", line 940, in exec_module
  File "<frozen importlib._bootstrap>", line 241, in _call_with_frames_removed
  File "/opt/airflow/dags/spotify_pipeline.py", line 43, in <module>
    start >> [python_job, scala_job, java_job] >> end
                          ^^^^^^^^^
NameError: name 'scala_job' is not defined
[2024-11-09T17:41:36.887+0000] {processor.py:927} WARNING - No viable dags retrieved from /opt/airflow/dags/spotify_pipeline.py
[2024-11-09T17:41:36.908+0000] {processor.py:208} INFO - Processing /opt/airflow/dags/spotify_pipeline.py took 0.051 seconds
[2024-11-09T17:42:07.141+0000] {processor.py:186} INFO - Started process (PID=249) to work on /opt/airflow/dags/spotify_pipeline.py
[2024-11-09T17:42:07.142+0000] {processor.py:914} INFO - Processing file /opt/airflow/dags/spotify_pipeline.py for tasks to queue
[2024-11-09T17:42:07.143+0000] {logging_mixin.py:190} INFO - [2024-11-09T17:42:07.143+0000] {dagbag.py:588} INFO - Filling up the DagBag from /opt/airflow/dags/spotify_pipeline.py
[2024-11-09T17:42:07.160+0000] {logging_mixin.py:190} INFO - [2024-11-09T17:42:07.157+0000] {dagbag.py:387} ERROR - Failed to import: /opt/airflow/dags/spotify_pipeline.py
Traceback (most recent call last):
  File "/home/airflow/.local/lib/python3.11/site-packages/airflow/models/dagbag.py", line 383, in parse
    loader.exec_module(new_module)
  File "<frozen importlib._bootstrap_external>", line 940, in exec_module
  File "<frozen importlib._bootstrap>", line 241, in _call_with_frames_removed
  File "/opt/airflow/dags/spotify_pipeline.py", line 43, in <module>
    start >> [python_job, scala_job, java_job] >> end
                          ^^^^^^^^^
NameError: name 'scala_job' is not defined
[2024-11-09T17:42:07.162+0000] {processor.py:927} WARNING - No viable dags retrieved from /opt/airflow/dags/spotify_pipeline.py
[2024-11-09T17:42:07.179+0000] {processor.py:208} INFO - Processing /opt/airflow/dags/spotify_pipeline.py took 0.043 seconds
[2024-11-09T17:42:37.400+0000] {processor.py:186} INFO - Started process (PID=259) to work on /opt/airflow/dags/spotify_pipeline.py
[2024-11-09T17:42:37.401+0000] {processor.py:914} INFO - Processing file /opt/airflow/dags/spotify_pipeline.py for tasks to queue
[2024-11-09T17:42:37.402+0000] {logging_mixin.py:190} INFO - [2024-11-09T17:42:37.402+0000] {dagbag.py:588} INFO - Filling up the DagBag from /opt/airflow/dags/spotify_pipeline.py
[2024-11-09T17:42:37.420+0000] {logging_mixin.py:190} INFO - [2024-11-09T17:42:37.417+0000] {dagbag.py:387} ERROR - Failed to import: /opt/airflow/dags/spotify_pipeline.py
Traceback (most recent call last):
  File "/home/airflow/.local/lib/python3.11/site-packages/airflow/models/dagbag.py", line 383, in parse
    loader.exec_module(new_module)
  File "<frozen importlib._bootstrap_external>", line 940, in exec_module
  File "<frozen importlib._bootstrap>", line 241, in _call_with_frames_removed
  File "/opt/airflow/dags/spotify_pipeline.py", line 43, in <module>
    start >> [python_job, scala_job, java_job] >> end
                          ^^^^^^^^^
NameError: name 'scala_job' is not defined
[2024-11-09T17:42:37.421+0000] {processor.py:927} WARNING - No viable dags retrieved from /opt/airflow/dags/spotify_pipeline.py
[2024-11-09T17:42:37.437+0000] {processor.py:208} INFO - Processing /opt/airflow/dags/spotify_pipeline.py took 0.041 seconds
[2024-11-09T17:43:07.664+0000] {processor.py:186} INFO - Started process (PID=269) to work on /opt/airflow/dags/spotify_pipeline.py
[2024-11-09T17:43:07.665+0000] {processor.py:914} INFO - Processing file /opt/airflow/dags/spotify_pipeline.py for tasks to queue
[2024-11-09T17:43:07.666+0000] {logging_mixin.py:190} INFO - [2024-11-09T17:43:07.665+0000] {dagbag.py:588} INFO - Filling up the DagBag from /opt/airflow/dags/spotify_pipeline.py
[2024-11-09T17:43:07.684+0000] {logging_mixin.py:190} INFO - [2024-11-09T17:43:07.680+0000] {dagbag.py:387} ERROR - Failed to import: /opt/airflow/dags/spotify_pipeline.py
Traceback (most recent call last):
  File "/home/airflow/.local/lib/python3.11/site-packages/airflow/models/dagbag.py", line 383, in parse
    loader.exec_module(new_module)
  File "<frozen importlib._bootstrap_external>", line 940, in exec_module
  File "<frozen importlib._bootstrap>", line 241, in _call_with_frames_removed
  File "/opt/airflow/dags/spotify_pipeline.py", line 43, in <module>
    start >> [python_job, scala_job, java_job] >> end
                          ^^^^^^^^^
NameError: name 'scala_job' is not defined
[2024-11-09T17:43:07.686+0000] {processor.py:927} WARNING - No viable dags retrieved from /opt/airflow/dags/spotify_pipeline.py
[2024-11-09T17:43:07.718+0000] {processor.py:208} INFO - Processing /opt/airflow/dags/spotify_pipeline.py took 0.059 seconds
[2024-11-09T17:43:09.782+0000] {processor.py:186} INFO - Started process (PID=279) to work on /opt/airflow/dags/spotify_pipeline.py
[2024-11-09T17:43:09.783+0000] {processor.py:914} INFO - Processing file /opt/airflow/dags/spotify_pipeline.py for tasks to queue
[2024-11-09T17:43:09.785+0000] {logging_mixin.py:190} INFO - [2024-11-09T17:43:09.784+0000] {dagbag.py:588} INFO - Filling up the DagBag from /opt/airflow/dags/spotify_pipeline.py
[2024-11-09T17:43:09.811+0000] {logging_mixin.py:190} INFO - [2024-11-09T17:43:09.808+0000] {dagbag.py:387} ERROR - Failed to import: /opt/airflow/dags/spotify_pipeline.py
Traceback (most recent call last):
  File "/home/airflow/.local/lib/python3.11/site-packages/airflow/models/dagbag.py", line 383, in parse
    loader.exec_module(new_module)
  File "<frozen importlib._bootstrap_external>", line 940, in exec_module
  File "<frozen importlib._bootstrap>", line 241, in _call_with_frames_removed
  File "/opt/airflow/dags/spotify_pipeline.py", line 42, in <module>
    start >> [python_job, scala_job, java_job] >> end
                          ^^^^^^^^^
NameError: name 'scala_job' is not defined
[2024-11-09T17:43:09.813+0000] {processor.py:927} WARNING - No viable dags retrieved from /opt/airflow/dags/spotify_pipeline.py
[2024-11-09T17:43:09.831+0000] {processor.py:208} INFO - Processing /opt/airflow/dags/spotify_pipeline.py took 0.059 seconds
[2024-11-09T17:43:40.022+0000] {processor.py:186} INFO - Started process (PID=289) to work on /opt/airflow/dags/spotify_pipeline.py
[2024-11-09T17:43:40.022+0000] {processor.py:914} INFO - Processing file /opt/airflow/dags/spotify_pipeline.py for tasks to queue
[2024-11-09T17:43:40.023+0000] {logging_mixin.py:190} INFO - [2024-11-09T17:43:40.023+0000] {dagbag.py:588} INFO - Filling up the DagBag from /opt/airflow/dags/spotify_pipeline.py
[2024-11-09T17:43:40.036+0000] {logging_mixin.py:190} INFO - [2024-11-09T17:43:40.034+0000] {dagbag.py:387} ERROR - Failed to import: /opt/airflow/dags/spotify_pipeline.py
Traceback (most recent call last):
  File "/home/airflow/.local/lib/python3.11/site-packages/airflow/models/dagbag.py", line 383, in parse
    loader.exec_module(new_module)
  File "<frozen importlib._bootstrap_external>", line 940, in exec_module
  File "<frozen importlib._bootstrap>", line 241, in _call_with_frames_removed
  File "/opt/airflow/dags/spotify_pipeline.py", line 42, in <module>
    start >> [python_job, scala_job, java_job] >> end
                          ^^^^^^^^^
NameError: name 'scala_job' is not defined
[2024-11-09T17:43:40.037+0000] {processor.py:927} WARNING - No viable dags retrieved from /opt/airflow/dags/spotify_pipeline.py
[2024-11-09T17:43:40.055+0000] {processor.py:208} INFO - Processing /opt/airflow/dags/spotify_pipeline.py took 0.038 seconds
[2024-11-09T17:44:10.260+0000] {processor.py:186} INFO - Started process (PID=299) to work on /opt/airflow/dags/spotify_pipeline.py
[2024-11-09T17:44:10.261+0000] {processor.py:914} INFO - Processing file /opt/airflow/dags/spotify_pipeline.py for tasks to queue
[2024-11-09T17:44:10.263+0000] {logging_mixin.py:190} INFO - [2024-11-09T17:44:10.262+0000] {dagbag.py:588} INFO - Filling up the DagBag from /opt/airflow/dags/spotify_pipeline.py
[2024-11-09T17:44:10.281+0000] {logging_mixin.py:190} INFO - [2024-11-09T17:44:10.277+0000] {dagbag.py:387} ERROR - Failed to import: /opt/airflow/dags/spotify_pipeline.py
Traceback (most recent call last):
  File "/home/airflow/.local/lib/python3.11/site-packages/airflow/models/dagbag.py", line 383, in parse
    loader.exec_module(new_module)
  File "<frozen importlib._bootstrap_external>", line 940, in exec_module
  File "<frozen importlib._bootstrap>", line 241, in _call_with_frames_removed
  File "/opt/airflow/dags/spotify_pipeline.py", line 42, in <module>
    start >> [python_job, scala_job, java_job] >> end
                          ^^^^^^^^^
NameError: name 'scala_job' is not defined
[2024-11-09T17:44:10.282+0000] {processor.py:927} WARNING - No viable dags retrieved from /opt/airflow/dags/spotify_pipeline.py
[2024-11-09T17:44:10.302+0000] {processor.py:208} INFO - Processing /opt/airflow/dags/spotify_pipeline.py took 0.047 seconds
[2024-11-09T17:44:40.499+0000] {processor.py:186} INFO - Started process (PID=309) to work on /opt/airflow/dags/spotify_pipeline.py
[2024-11-09T17:44:40.500+0000] {processor.py:914} INFO - Processing file /opt/airflow/dags/spotify_pipeline.py for tasks to queue
[2024-11-09T17:44:40.501+0000] {logging_mixin.py:190} INFO - [2024-11-09T17:44:40.501+0000] {dagbag.py:588} INFO - Filling up the DagBag from /opt/airflow/dags/spotify_pipeline.py
[2024-11-09T17:44:40.519+0000] {logging_mixin.py:190} INFO - [2024-11-09T17:44:40.516+0000] {dagbag.py:387} ERROR - Failed to import: /opt/airflow/dags/spotify_pipeline.py
Traceback (most recent call last):
  File "/home/airflow/.local/lib/python3.11/site-packages/airflow/models/dagbag.py", line 383, in parse
    loader.exec_module(new_module)
  File "<frozen importlib._bootstrap_external>", line 940, in exec_module
  File "<frozen importlib._bootstrap>", line 241, in _call_with_frames_removed
  File "/opt/airflow/dags/spotify_pipeline.py", line 42, in <module>
    start >> [python_job, scala_job, java_job] >> end
                          ^^^^^^^^^
NameError: name 'scala_job' is not defined
[2024-11-09T17:44:40.520+0000] {processor.py:927} WARNING - No viable dags retrieved from /opt/airflow/dags/spotify_pipeline.py
[2024-11-09T17:44:40.554+0000] {processor.py:208} INFO - Processing /opt/airflow/dags/spotify_pipeline.py took 0.060 seconds
[2024-11-09T17:45:10.749+0000] {processor.py:186} INFO - Started process (PID=319) to work on /opt/airflow/dags/spotify_pipeline.py
[2024-11-09T17:45:10.750+0000] {processor.py:914} INFO - Processing file /opt/airflow/dags/spotify_pipeline.py for tasks to queue
[2024-11-09T17:45:10.751+0000] {logging_mixin.py:190} INFO - [2024-11-09T17:45:10.751+0000] {dagbag.py:588} INFO - Filling up the DagBag from /opt/airflow/dags/spotify_pipeline.py
[2024-11-09T17:45:10.766+0000] {logging_mixin.py:190} INFO - [2024-11-09T17:45:10.763+0000] {dagbag.py:387} ERROR - Failed to import: /opt/airflow/dags/spotify_pipeline.py
Traceback (most recent call last):
  File "/home/airflow/.local/lib/python3.11/site-packages/airflow/models/dagbag.py", line 383, in parse
    loader.exec_module(new_module)
  File "<frozen importlib._bootstrap_external>", line 940, in exec_module
  File "<frozen importlib._bootstrap>", line 241, in _call_with_frames_removed
  File "/opt/airflow/dags/spotify_pipeline.py", line 42, in <module>
    start >> [python_job, scala_job, java_job] >> end
                          ^^^^^^^^^
NameError: name 'scala_job' is not defined
[2024-11-09T17:45:10.768+0000] {processor.py:927} WARNING - No viable dags retrieved from /opt/airflow/dags/spotify_pipeline.py
[2024-11-09T17:45:10.789+0000] {processor.py:208} INFO - Processing /opt/airflow/dags/spotify_pipeline.py took 0.045 seconds
[2024-11-09T17:45:41.040+0000] {processor.py:186} INFO - Started process (PID=329) to work on /opt/airflow/dags/spotify_pipeline.py
[2024-11-09T17:45:41.041+0000] {processor.py:914} INFO - Processing file /opt/airflow/dags/spotify_pipeline.py for tasks to queue
[2024-11-09T17:45:41.042+0000] {logging_mixin.py:190} INFO - [2024-11-09T17:45:41.042+0000] {dagbag.py:588} INFO - Filling up the DagBag from /opt/airflow/dags/spotify_pipeline.py
[2024-11-09T17:45:41.066+0000] {logging_mixin.py:190} INFO - [2024-11-09T17:45:41.061+0000] {dagbag.py:387} ERROR - Failed to import: /opt/airflow/dags/spotify_pipeline.py
Traceback (most recent call last):
  File "/home/airflow/.local/lib/python3.11/site-packages/airflow/models/dagbag.py", line 383, in parse
    loader.exec_module(new_module)
  File "<frozen importlib._bootstrap_external>", line 940, in exec_module
  File "<frozen importlib._bootstrap>", line 241, in _call_with_frames_removed
  File "/opt/airflow/dags/spotify_pipeline.py", line 42, in <module>
    start >> [python_job, scala_job, java_job] >> end
                          ^^^^^^^^^
NameError: name 'scala_job' is not defined
[2024-11-09T17:45:41.067+0000] {processor.py:927} WARNING - No viable dags retrieved from /opt/airflow/dags/spotify_pipeline.py
[2024-11-09T17:45:41.089+0000] {processor.py:208} INFO - Processing /opt/airflow/dags/spotify_pipeline.py took 0.054 seconds
[2024-11-09T17:46:11.299+0000] {processor.py:186} INFO - Started process (PID=339) to work on /opt/airflow/dags/spotify_pipeline.py
[2024-11-09T17:46:11.300+0000] {processor.py:914} INFO - Processing file /opt/airflow/dags/spotify_pipeline.py for tasks to queue
[2024-11-09T17:46:11.302+0000] {logging_mixin.py:190} INFO - [2024-11-09T17:46:11.301+0000] {dagbag.py:588} INFO - Filling up the DagBag from /opt/airflow/dags/spotify_pipeline.py
[2024-11-09T17:46:11.319+0000] {logging_mixin.py:190} INFO - [2024-11-09T17:46:11.316+0000] {dagbag.py:387} ERROR - Failed to import: /opt/airflow/dags/spotify_pipeline.py
Traceback (most recent call last):
  File "/home/airflow/.local/lib/python3.11/site-packages/airflow/models/dagbag.py", line 383, in parse
    loader.exec_module(new_module)
  File "<frozen importlib._bootstrap_external>", line 940, in exec_module
  File "<frozen importlib._bootstrap>", line 241, in _call_with_frames_removed
  File "/opt/airflow/dags/spotify_pipeline.py", line 42, in <module>
    start >> [python_job, scala_job, java_job] >> end
                          ^^^^^^^^^
NameError: name 'scala_job' is not defined
[2024-11-09T17:46:11.320+0000] {processor.py:927} WARNING - No viable dags retrieved from /opt/airflow/dags/spotify_pipeline.py
[2024-11-09T17:46:11.338+0000] {processor.py:208} INFO - Processing /opt/airflow/dags/spotify_pipeline.py took 0.045 seconds
[2024-11-09T17:46:23.390+0000] {processor.py:186} INFO - Started process (PID=344) to work on /opt/airflow/dags/spotify_pipeline.py
[2024-11-09T17:46:23.391+0000] {processor.py:914} INFO - Processing file /opt/airflow/dags/spotify_pipeline.py for tasks to queue
[2024-11-09T17:46:23.393+0000] {logging_mixin.py:190} INFO - [2024-11-09T17:46:23.393+0000] {dagbag.py:588} INFO - Filling up the DagBag from /opt/airflow/dags/spotify_pipeline.py
[2024-11-09T17:46:23.431+0000] {logging_mixin.py:190} INFO - [2024-11-09T17:46:23.427+0000] {dagbag.py:387} ERROR - Failed to import: /opt/airflow/dags/spotify_pipeline.py
Traceback (most recent call last):
  File "/home/airflow/.local/lib/python3.11/site-packages/airflow/models/dagbag.py", line 383, in parse
    loader.exec_module(new_module)
  File "<frozen importlib._bootstrap_external>", line 940, in exec_module
  File "<frozen importlib._bootstrap>", line 241, in _call_with_frames_removed
  File "/opt/airflow/dags/spotify_pipeline.py", line 42, in <module>
    start >> [python_job, scala_job, java_job] >> end
                          ^^^^^^^^^
NameError: name 'scala_job' is not defined
[2024-11-09T17:46:23.433+0000] {processor.py:927} WARNING - No viable dags retrieved from /opt/airflow/dags/spotify_pipeline.py
[2024-11-09T17:46:23.454+0000] {processor.py:208} INFO - Processing /opt/airflow/dags/spotify_pipeline.py took 0.068 seconds
[2024-11-09T17:46:53.657+0000] {processor.py:186} INFO - Started process (PID=354) to work on /opt/airflow/dags/spotify_pipeline.py
[2024-11-09T17:46:53.658+0000] {processor.py:914} INFO - Processing file /opt/airflow/dags/spotify_pipeline.py for tasks to queue
[2024-11-09T17:46:53.659+0000] {logging_mixin.py:190} INFO - [2024-11-09T17:46:53.659+0000] {dagbag.py:588} INFO - Filling up the DagBag from /opt/airflow/dags/spotify_pipeline.py
[2024-11-09T17:46:53.674+0000] {logging_mixin.py:190} INFO - [2024-11-09T17:46:53.671+0000] {dagbag.py:387} ERROR - Failed to import: /opt/airflow/dags/spotify_pipeline.py
Traceback (most recent call last):
  File "/home/airflow/.local/lib/python3.11/site-packages/airflow/models/dagbag.py", line 383, in parse
    loader.exec_module(new_module)
  File "<frozen importlib._bootstrap_external>", line 940, in exec_module
  File "<frozen importlib._bootstrap>", line 241, in _call_with_frames_removed
  File "/opt/airflow/dags/spotify_pipeline.py", line 42, in <module>
    start >> [python_job, scala_job, java_job] >> end
                          ^^^^^^^^^
NameError: name 'scala_job' is not defined
[2024-11-09T17:46:53.675+0000] {processor.py:927} WARNING - No viable dags retrieved from /opt/airflow/dags/spotify_pipeline.py
[2024-11-09T17:46:53.693+0000] {processor.py:208} INFO - Processing /opt/airflow/dags/spotify_pipeline.py took 0.040 seconds
[2024-11-09T17:47:23.898+0000] {processor.py:186} INFO - Started process (PID=364) to work on /opt/airflow/dags/spotify_pipeline.py
[2024-11-09T17:47:23.899+0000] {processor.py:914} INFO - Processing file /opt/airflow/dags/spotify_pipeline.py for tasks to queue
[2024-11-09T17:47:23.901+0000] {logging_mixin.py:190} INFO - [2024-11-09T17:47:23.900+0000] {dagbag.py:588} INFO - Filling up the DagBag from /opt/airflow/dags/spotify_pipeline.py
[2024-11-09T17:47:23.917+0000] {logging_mixin.py:190} INFO - [2024-11-09T17:47:23.914+0000] {dagbag.py:387} ERROR - Failed to import: /opt/airflow/dags/spotify_pipeline.py
Traceback (most recent call last):
  File "/home/airflow/.local/lib/python3.11/site-packages/airflow/models/dagbag.py", line 383, in parse
    loader.exec_module(new_module)
  File "<frozen importlib._bootstrap_external>", line 940, in exec_module
  File "<frozen importlib._bootstrap>", line 241, in _call_with_frames_removed
  File "/opt/airflow/dags/spotify_pipeline.py", line 42, in <module>
    start >> [python_job, scala_job, java_job] >> end
                          ^^^^^^^^^
NameError: name 'scala_job' is not defined
[2024-11-09T17:47:23.918+0000] {processor.py:927} WARNING - No viable dags retrieved from /opt/airflow/dags/spotify_pipeline.py
[2024-11-09T17:47:23.942+0000] {processor.py:208} INFO - Processing /opt/airflow/dags/spotify_pipeline.py took 0.047 seconds
[2024-11-09T17:47:29.010+0000] {processor.py:186} INFO - Started process (PID=369) to work on /opt/airflow/dags/spotify_pipeline.py
[2024-11-09T17:47:29.010+0000] {processor.py:914} INFO - Processing file /opt/airflow/dags/spotify_pipeline.py for tasks to queue
[2024-11-09T17:47:29.011+0000] {logging_mixin.py:190} INFO - [2024-11-09T17:47:29.011+0000] {dagbag.py:588} INFO - Filling up the DagBag from /opt/airflow/dags/spotify_pipeline.py
[2024-11-09T17:47:29.032+0000] {processor.py:925} INFO - DAG(s) 'spotify_pipeline' retrieved from /opt/airflow/dags/spotify_pipeline.py
[2024-11-09T17:47:29.145+0000] {logging_mixin.py:190} INFO - [2024-11-09T17:47:29.143+0000] {override.py:1900} INFO - Created Permission View: can edit on DAG:spotify_pipeline
[2024-11-09T17:47:29.157+0000] {logging_mixin.py:190} INFO - [2024-11-09T17:47:29.156+0000] {override.py:1900} INFO - Created Permission View: can read on DAG:spotify_pipeline
[2024-11-09T17:47:29.163+0000] {logging_mixin.py:190} INFO - [2024-11-09T17:47:29.163+0000] {override.py:1900} INFO - Created Permission View: can delete on DAG:spotify_pipeline
[2024-11-09T17:47:29.175+0000] {logging_mixin.py:190} INFO - [2024-11-09T17:47:29.174+0000] {override.py:1900} INFO - Created Permission View: can create on DAG Run:spotify_pipeline
[2024-11-09T17:47:29.188+0000] {logging_mixin.py:190} INFO - [2024-11-09T17:47:29.187+0000] {override.py:1900} INFO - Created Permission View: menu access on DAG Run:spotify_pipeline
[2024-11-09T17:47:29.202+0000] {logging_mixin.py:190} INFO - [2024-11-09T17:47:29.202+0000] {override.py:1900} INFO - Created Permission View: can read on DAG Run:spotify_pipeline
[2024-11-09T17:47:29.214+0000] {logging_mixin.py:190} INFO - [2024-11-09T17:47:29.214+0000] {override.py:1900} INFO - Created Permission View: can delete on DAG Run:spotify_pipeline
[2024-11-09T17:47:29.215+0000] {logging_mixin.py:190} INFO - [2024-11-09T17:47:29.215+0000] {dag.py:3239} INFO - Sync 1 DAGs
[2024-11-09T17:47:29.228+0000] {logging_mixin.py:190} INFO - [2024-11-09T17:47:29.228+0000] {dag.py:3262} INFO - Creating ORM DAG for spotify_pipeline
[2024-11-09T17:47:29.238+0000] {logging_mixin.py:190} INFO - [2024-11-09T17:47:29.238+0000] {dag.py:4180} INFO - Setting next_dagrun for spotify_pipeline to 2024-11-08 00:00:00+00:00, run_after=2024-11-09 00:00:00+00:00
[2024-11-09T17:47:29.256+0000] {processor.py:208} INFO - Processing /opt/airflow/dags/spotify_pipeline.py took 0.250 seconds
[2024-11-09T17:47:55.204+0000] {processor.py:186} INFO - Started process (PID=379) to work on /opt/airflow/dags/spotify_pipeline.py
[2024-11-09T17:47:55.205+0000] {processor.py:914} INFO - Processing file /opt/airflow/dags/spotify_pipeline.py for tasks to queue
[2024-11-09T17:47:55.206+0000] {logging_mixin.py:190} INFO - [2024-11-09T17:47:55.206+0000] {dagbag.py:588} INFO - Filling up the DagBag from /opt/airflow/dags/spotify_pipeline.py
[2024-11-09T17:47:55.230+0000] {processor.py:925} INFO - DAG(s) 'spotify_pipeline' retrieved from /opt/airflow/dags/spotify_pipeline.py
[2024-11-09T17:47:55.240+0000] {logging_mixin.py:190} INFO - [2024-11-09T17:47:55.240+0000] {dag.py:3239} INFO - Sync 1 DAGs
[2024-11-09T17:47:55.260+0000] {logging_mixin.py:190} INFO - [2024-11-09T17:47:55.260+0000] {dag.py:4180} INFO - Setting next_dagrun for spotify_pipeline to 2024-11-08 00:00:00+00:00, run_after=2024-11-09 00:00:00+00:00
[2024-11-09T17:47:55.280+0000] {processor.py:208} INFO - Processing /opt/airflow/dags/spotify_pipeline.py took 0.081 seconds
[2024-11-09T17:48:25.515+0000] {processor.py:186} INFO - Started process (PID=389) to work on /opt/airflow/dags/spotify_pipeline.py
[2024-11-09T17:48:25.516+0000] {processor.py:914} INFO - Processing file /opt/airflow/dags/spotify_pipeline.py for tasks to queue
[2024-11-09T17:48:25.518+0000] {logging_mixin.py:190} INFO - [2024-11-09T17:48:25.517+0000] {dagbag.py:588} INFO - Filling up the DagBag from /opt/airflow/dags/spotify_pipeline.py
[2024-11-09T17:48:25.538+0000] {processor.py:925} INFO - DAG(s) 'spotify_pipeline' retrieved from /opt/airflow/dags/spotify_pipeline.py
[2024-11-09T17:48:25.635+0000] {logging_mixin.py:190} INFO - [2024-11-09T17:48:25.635+0000] {dag.py:3239} INFO - Sync 1 DAGs
[2024-11-09T17:48:25.655+0000] {logging_mixin.py:190} INFO - [2024-11-09T17:48:25.655+0000] {dag.py:4180} INFO - Setting next_dagrun for spotify_pipeline to 2024-11-08 00:00:00+00:00, run_after=2024-11-09 00:00:00+00:00
[2024-11-09T17:48:25.673+0000] {processor.py:208} INFO - Processing /opt/airflow/dags/spotify_pipeline.py took 0.163 seconds
[2024-11-09T17:48:55.890+0000] {processor.py:186} INFO - Started process (PID=526) to work on /opt/airflow/dags/spotify_pipeline.py
[2024-11-09T17:48:55.892+0000] {processor.py:914} INFO - Processing file /opt/airflow/dags/spotify_pipeline.py for tasks to queue
[2024-11-09T17:48:55.894+0000] {logging_mixin.py:190} INFO - [2024-11-09T17:48:55.894+0000] {dagbag.py:588} INFO - Filling up the DagBag from /opt/airflow/dags/spotify_pipeline.py
[2024-11-09T17:48:55.919+0000] {processor.py:925} INFO - DAG(s) 'spotify_pipeline' retrieved from /opt/airflow/dags/spotify_pipeline.py
[2024-11-09T17:48:55.952+0000] {logging_mixin.py:190} INFO - [2024-11-09T17:48:55.952+0000] {dag.py:3239} INFO - Sync 1 DAGs
[2024-11-09T17:48:55.979+0000] {logging_mixin.py:190} INFO - [2024-11-09T17:48:55.978+0000] {dag.py:4180} INFO - Setting next_dagrun for spotify_pipeline to 2024-11-09 00:00:00+00:00, run_after=2024-11-10 00:00:00+00:00
[2024-11-09T17:48:55.999+0000] {processor.py:208} INFO - Processing /opt/airflow/dags/spotify_pipeline.py took 0.115 seconds
[2024-11-09T17:49:26.235+0000] {processor.py:186} INFO - Started process (PID=828) to work on /opt/airflow/dags/spotify_pipeline.py
[2024-11-09T17:49:26.236+0000] {processor.py:914} INFO - Processing file /opt/airflow/dags/spotify_pipeline.py for tasks to queue
[2024-11-09T17:49:26.237+0000] {logging_mixin.py:190} INFO - [2024-11-09T17:49:26.237+0000] {dagbag.py:588} INFO - Filling up the DagBag from /opt/airflow/dags/spotify_pipeline.py
[2024-11-09T17:49:26.260+0000] {processor.py:925} INFO - DAG(s) 'spotify_pipeline' retrieved from /opt/airflow/dags/spotify_pipeline.py
[2024-11-09T17:49:26.286+0000] {logging_mixin.py:190} INFO - [2024-11-09T17:49:26.286+0000] {dag.py:3239} INFO - Sync 1 DAGs
[2024-11-09T17:49:26.309+0000] {logging_mixin.py:190} INFO - [2024-11-09T17:49:26.309+0000] {dag.py:4180} INFO - Setting next_dagrun for spotify_pipeline to 2024-11-09 00:00:00+00:00, run_after=2024-11-10 00:00:00+00:00
[2024-11-09T17:49:26.327+0000] {processor.py:208} INFO - Processing /opt/airflow/dags/spotify_pipeline.py took 0.099 seconds
[2024-11-09T17:49:56.536+0000] {processor.py:186} INFO - Started process (PID=838) to work on /opt/airflow/dags/spotify_pipeline.py
[2024-11-09T17:49:56.537+0000] {processor.py:914} INFO - Processing file /opt/airflow/dags/spotify_pipeline.py for tasks to queue
[2024-11-09T17:49:56.539+0000] {logging_mixin.py:190} INFO - [2024-11-09T17:49:56.539+0000] {dagbag.py:588} INFO - Filling up the DagBag from /opt/airflow/dags/spotify_pipeline.py
[2024-11-09T17:49:56.556+0000] {processor.py:925} INFO - DAG(s) 'spotify_pipeline' retrieved from /opt/airflow/dags/spotify_pipeline.py
[2024-11-09T17:49:56.581+0000] {logging_mixin.py:190} INFO - [2024-11-09T17:49:56.581+0000] {dag.py:3239} INFO - Sync 1 DAGs
[2024-11-09T17:49:56.603+0000] {logging_mixin.py:190} INFO - [2024-11-09T17:49:56.602+0000] {dag.py:4180} INFO - Setting next_dagrun for spotify_pipeline to 2024-11-09 00:00:00+00:00, run_after=2024-11-10 00:00:00+00:00
[2024-11-09T17:49:56.621+0000] {processor.py:208} INFO - Processing /opt/airflow/dags/spotify_pipeline.py took 0.090 seconds
[2024-11-09T17:50:26.826+0000] {processor.py:186} INFO - Started process (PID=848) to work on /opt/airflow/dags/spotify_pipeline.py
[2024-11-09T17:50:26.827+0000] {processor.py:914} INFO - Processing file /opt/airflow/dags/spotify_pipeline.py for tasks to queue
[2024-11-09T17:50:26.828+0000] {logging_mixin.py:190} INFO - [2024-11-09T17:50:26.828+0000] {dagbag.py:588} INFO - Filling up the DagBag from /opt/airflow/dags/spotify_pipeline.py
[2024-11-09T17:50:26.852+0000] {processor.py:925} INFO - DAG(s) 'spotify_pipeline' retrieved from /opt/airflow/dags/spotify_pipeline.py
[2024-11-09T17:50:26.879+0000] {logging_mixin.py:190} INFO - [2024-11-09T17:50:26.879+0000] {dag.py:3239} INFO - Sync 1 DAGs
[2024-11-09T17:50:26.902+0000] {logging_mixin.py:190} INFO - [2024-11-09T17:50:26.901+0000] {dag.py:4180} INFO - Setting next_dagrun for spotify_pipeline to 2024-11-09 00:00:00+00:00, run_after=2024-11-10 00:00:00+00:00
[2024-11-09T17:50:26.923+0000] {processor.py:208} INFO - Processing /opt/airflow/dags/spotify_pipeline.py took 0.104 seconds
[2024-11-09T17:50:57.168+0000] {processor.py:186} INFO - Started process (PID=1068) to work on /opt/airflow/dags/spotify_pipeline.py
[2024-11-09T17:50:57.168+0000] {processor.py:914} INFO - Processing file /opt/airflow/dags/spotify_pipeline.py for tasks to queue
[2024-11-09T17:50:57.169+0000] {logging_mixin.py:190} INFO - [2024-11-09T17:50:57.169+0000] {dagbag.py:588} INFO - Filling up the DagBag from /opt/airflow/dags/spotify_pipeline.py
[2024-11-09T17:50:57.189+0000] {processor.py:925} INFO - DAG(s) 'spotify_pipeline' retrieved from /opt/airflow/dags/spotify_pipeline.py
[2024-11-09T17:50:57.218+0000] {logging_mixin.py:190} INFO - [2024-11-09T17:50:57.218+0000] {dag.py:3239} INFO - Sync 1 DAGs
[2024-11-09T17:50:57.241+0000] {logging_mixin.py:190} INFO - [2024-11-09T17:50:57.240+0000] {dag.py:4180} INFO - Setting next_dagrun for spotify_pipeline to 2024-11-09 00:00:00+00:00, run_after=2024-11-10 00:00:00+00:00
[2024-11-09T17:50:57.259+0000] {processor.py:208} INFO - Processing /opt/airflow/dags/spotify_pipeline.py took 0.096 seconds
[2024-11-09T17:51:27.551+0000] {processor.py:186} INFO - Started process (PID=1290) to work on /opt/airflow/dags/spotify_pipeline.py
[2024-11-09T17:51:27.552+0000] {processor.py:914} INFO - Processing file /opt/airflow/dags/spotify_pipeline.py for tasks to queue
[2024-11-09T17:51:27.553+0000] {logging_mixin.py:190} INFO - [2024-11-09T17:51:27.553+0000] {dagbag.py:588} INFO - Filling up the DagBag from /opt/airflow/dags/spotify_pipeline.py
[2024-11-09T17:51:27.574+0000] {processor.py:925} INFO - DAG(s) 'spotify_pipeline' retrieved from /opt/airflow/dags/spotify_pipeline.py
[2024-11-09T17:51:27.605+0000] {logging_mixin.py:190} INFO - [2024-11-09T17:51:27.605+0000] {dag.py:3239} INFO - Sync 1 DAGs
[2024-11-09T17:51:27.630+0000] {logging_mixin.py:190} INFO - [2024-11-09T17:51:27.629+0000] {dag.py:4180} INFO - Setting next_dagrun for spotify_pipeline to 2024-11-09 00:00:00+00:00, run_after=2024-11-10 00:00:00+00:00
[2024-11-09T17:51:27.655+0000] {processor.py:208} INFO - Processing /opt/airflow/dags/spotify_pipeline.py took 0.109 seconds
[2024-11-09T17:51:54.477+0000] {processor.py:186} INFO - Started process (PID=190) to work on /opt/airflow/dags/spotify_pipeline.py
[2024-11-09T17:51:54.478+0000] {processor.py:914} INFO - Processing file /opt/airflow/dags/spotify_pipeline.py for tasks to queue
[2024-11-09T17:51:54.480+0000] {logging_mixin.py:190} INFO - [2024-11-09T17:51:54.479+0000] {dagbag.py:588} INFO - Filling up the DagBag from /opt/airflow/dags/spotify_pipeline.py
[2024-11-09T17:51:54.499+0000] {processor.py:925} INFO - DAG(s) 'spotify_pipeline' retrieved from /opt/airflow/dags/spotify_pipeline.py
[2024-11-09T17:51:54.538+0000] {logging_mixin.py:190} INFO - [2024-11-09T17:51:54.538+0000] {dag.py:3239} INFO - Sync 1 DAGs
[2024-11-09T17:51:54.559+0000] {logging_mixin.py:190} INFO - [2024-11-09T17:51:54.559+0000] {dag.py:4180} INFO - Setting next_dagrun for spotify_pipeline to 2024-11-09 00:00:00+00:00, run_after=2024-11-10 00:00:00+00:00
[2024-11-09T17:51:54.576+0000] {processor.py:208} INFO - Processing /opt/airflow/dags/spotify_pipeline.py took 0.104 seconds
[2024-11-09T17:52:24.712+0000] {processor.py:186} INFO - Started process (PID=413) to work on /opt/airflow/dags/spotify_pipeline.py
[2024-11-09T17:52:24.713+0000] {processor.py:914} INFO - Processing file /opt/airflow/dags/spotify_pipeline.py for tasks to queue
[2024-11-09T17:52:24.715+0000] {logging_mixin.py:190} INFO - [2024-11-09T17:52:24.714+0000] {dagbag.py:588} INFO - Filling up the DagBag from /opt/airflow/dags/spotify_pipeline.py
[2024-11-09T17:52:24.732+0000] {processor.py:925} INFO - DAG(s) 'spotify_pipeline' retrieved from /opt/airflow/dags/spotify_pipeline.py
[2024-11-09T17:52:24.757+0000] {logging_mixin.py:190} INFO - [2024-11-09T17:52:24.756+0000] {dag.py:3239} INFO - Sync 1 DAGs
[2024-11-09T17:52:24.782+0000] {logging_mixin.py:190} INFO - [2024-11-09T17:52:24.782+0000] {dag.py:4180} INFO - Setting next_dagrun for spotify_pipeline to 2024-11-09 00:00:00+00:00, run_after=2024-11-10 00:00:00+00:00
[2024-11-09T17:52:24.806+0000] {processor.py:208} INFO - Processing /opt/airflow/dags/spotify_pipeline.py took 0.098 seconds
[2024-11-09T17:52:55.027+0000] {processor.py:186} INFO - Started process (PID=423) to work on /opt/airflow/dags/spotify_pipeline.py
[2024-11-09T17:52:55.028+0000] {processor.py:914} INFO - Processing file /opt/airflow/dags/spotify_pipeline.py for tasks to queue
[2024-11-09T17:52:55.029+0000] {logging_mixin.py:190} INFO - [2024-11-09T17:52:55.029+0000] {dagbag.py:588} INFO - Filling up the DagBag from /opt/airflow/dags/spotify_pipeline.py
[2024-11-09T17:52:55.046+0000] {processor.py:925} INFO - DAG(s) 'spotify_pipeline' retrieved from /opt/airflow/dags/spotify_pipeline.py
[2024-11-09T17:52:55.072+0000] {logging_mixin.py:190} INFO - [2024-11-09T17:52:55.072+0000] {dag.py:3239} INFO - Sync 1 DAGs
[2024-11-09T17:52:55.096+0000] {logging_mixin.py:190} INFO - [2024-11-09T17:52:55.095+0000] {dag.py:4180} INFO - Setting next_dagrun for spotify_pipeline to 2024-11-09 00:00:00+00:00, run_after=2024-11-10 00:00:00+00:00
[2024-11-09T17:52:55.112+0000] {processor.py:208} INFO - Processing /opt/airflow/dags/spotify_pipeline.py took 0.089 seconds
[2024-11-09T17:53:17.298+0000] {processor.py:186} INFO - Started process (PID=433) to work on /opt/airflow/dags/spotify_pipeline.py
[2024-11-09T17:53:17.299+0000] {processor.py:914} INFO - Processing file /opt/airflow/dags/spotify_pipeline.py for tasks to queue
[2024-11-09T17:53:17.300+0000] {logging_mixin.py:190} INFO - [2024-11-09T17:53:17.300+0000] {dagbag.py:588} INFO - Filling up the DagBag from /opt/airflow/dags/spotify_pipeline.py
[2024-11-09T17:53:17.328+0000] {processor.py:925} INFO - DAG(s) 'spotify_pipeline' retrieved from /opt/airflow/dags/spotify_pipeline.py
[2024-11-09T17:53:17.443+0000] {logging_mixin.py:190} INFO - [2024-11-09T17:53:17.443+0000] {dag.py:3239} INFO - Sync 1 DAGs
[2024-11-09T17:53:17.464+0000] {logging_mixin.py:190} INFO - [2024-11-09T17:53:17.463+0000] {dag.py:4180} INFO - Setting next_dagrun for spotify_pipeline to 2024-11-09 00:00:00+00:00, run_after=2024-11-10 00:00:00+00:00
[2024-11-09T17:53:17.489+0000] {processor.py:208} INFO - Processing /opt/airflow/dags/spotify_pipeline.py took 0.195 seconds
[2024-11-09T17:53:45.238+0000] {processor.py:186} INFO - Started process (PID=190) to work on /opt/airflow/dags/spotify_pipeline.py
[2024-11-09T17:53:45.239+0000] {processor.py:914} INFO - Processing file /opt/airflow/dags/spotify_pipeline.py for tasks to queue
[2024-11-09T17:53:45.240+0000] {logging_mixin.py:190} INFO - [2024-11-09T17:53:45.240+0000] {dagbag.py:588} INFO - Filling up the DagBag from /opt/airflow/dags/spotify_pipeline.py
[2024-11-09T17:53:45.263+0000] {processor.py:925} INFO - DAG(s) 'spotify_pipeline' retrieved from /opt/airflow/dags/spotify_pipeline.py
[2024-11-09T17:53:45.277+0000] {logging_mixin.py:190} INFO - [2024-11-09T17:53:45.276+0000] {dag.py:3239} INFO - Sync 1 DAGs
[2024-11-09T17:53:45.310+0000] {logging_mixin.py:190} INFO - [2024-11-09T17:53:45.309+0000] {dag.py:4180} INFO - Setting next_dagrun for spotify_pipeline to 2024-11-09 00:00:00+00:00, run_after=2024-11-10 00:00:00+00:00
[2024-11-09T17:53:45.335+0000] {processor.py:208} INFO - Processing /opt/airflow/dags/spotify_pipeline.py took 0.102 seconds
[2024-11-09T17:54:15.589+0000] {processor.py:186} INFO - Started process (PID=429) to work on /opt/airflow/dags/spotify_pipeline.py
[2024-11-09T17:54:15.590+0000] {processor.py:914} INFO - Processing file /opt/airflow/dags/spotify_pipeline.py for tasks to queue
[2024-11-09T17:54:15.592+0000] {logging_mixin.py:190} INFO - [2024-11-09T17:54:15.591+0000] {dagbag.py:588} INFO - Filling up the DagBag from /opt/airflow/dags/spotify_pipeline.py
[2024-11-09T17:54:15.612+0000] {processor.py:925} INFO - DAG(s) 'spotify_pipeline' retrieved from /opt/airflow/dags/spotify_pipeline.py
[2024-11-09T17:54:15.639+0000] {logging_mixin.py:190} INFO - [2024-11-09T17:54:15.639+0000] {dag.py:3239} INFO - Sync 1 DAGs
[2024-11-09T17:54:15.663+0000] {logging_mixin.py:190} INFO - [2024-11-09T17:54:15.663+0000] {dag.py:4180} INFO - Setting next_dagrun for spotify_pipeline to 2024-11-09 00:00:00+00:00, run_after=2024-11-10 00:00:00+00:00
[2024-11-09T17:54:15.685+0000] {processor.py:208} INFO - Processing /opt/airflow/dags/spotify_pipeline.py took 0.101 seconds
[2024-11-09T17:54:45.913+0000] {processor.py:186} INFO - Started process (PID=447) to work on /opt/airflow/dags/spotify_pipeline.py
[2024-11-09T17:54:45.914+0000] {processor.py:914} INFO - Processing file /opt/airflow/dags/spotify_pipeline.py for tasks to queue
[2024-11-09T17:54:45.915+0000] {logging_mixin.py:190} INFO - [2024-11-09T17:54:45.915+0000] {dagbag.py:588} INFO - Filling up the DagBag from /opt/airflow/dags/spotify_pipeline.py
[2024-11-09T17:54:45.933+0000] {processor.py:925} INFO - DAG(s) 'spotify_pipeline' retrieved from /opt/airflow/dags/spotify_pipeline.py
[2024-11-09T17:54:45.957+0000] {logging_mixin.py:190} INFO - [2024-11-09T17:54:45.957+0000] {dag.py:3239} INFO - Sync 1 DAGs
[2024-11-09T17:54:45.981+0000] {logging_mixin.py:190} INFO - [2024-11-09T17:54:45.980+0000] {dag.py:4180} INFO - Setting next_dagrun for spotify_pipeline to 2024-11-09 00:00:00+00:00, run_after=2024-11-10 00:00:00+00:00
[2024-11-09T17:54:46.002+0000] {processor.py:208} INFO - Processing /opt/airflow/dags/spotify_pipeline.py took 0.093 seconds
[2024-11-09T17:54:54.106+0000] {processor.py:186} INFO - Started process (PID=457) to work on /opt/airflow/dags/spotify_pipeline.py
[2024-11-09T17:54:54.107+0000] {processor.py:914} INFO - Processing file /opt/airflow/dags/spotify_pipeline.py for tasks to queue
[2024-11-09T17:54:54.109+0000] {logging_mixin.py:190} INFO - [2024-11-09T17:54:54.108+0000] {dagbag.py:588} INFO - Filling up the DagBag from /opt/airflow/dags/spotify_pipeline.py
[2024-11-09T17:54:54.136+0000] {processor.py:925} INFO - DAG(s) 'spotify_pipeline' retrieved from /opt/airflow/dags/spotify_pipeline.py
[2024-11-09T17:54:54.236+0000] {logging_mixin.py:190} INFO - [2024-11-09T17:54:54.235+0000] {dag.py:3239} INFO - Sync 1 DAGs
[2024-11-09T17:54:54.258+0000] {logging_mixin.py:190} INFO - [2024-11-09T17:54:54.258+0000] {dag.py:4180} INFO - Setting next_dagrun for spotify_pipeline to 2024-11-09 00:00:00+00:00, run_after=2024-11-10 00:00:00+00:00
[2024-11-09T17:54:54.284+0000] {processor.py:208} INFO - Processing /opt/airflow/dags/spotify_pipeline.py took 0.182 seconds
[2024-11-09T17:55:24.424+0000] {processor.py:186} INFO - Started process (PID=651) to work on /opt/airflow/dags/spotify_pipeline.py
[2024-11-09T17:55:24.425+0000] {processor.py:914} INFO - Processing file /opt/airflow/dags/spotify_pipeline.py for tasks to queue
[2024-11-09T17:55:24.427+0000] {logging_mixin.py:190} INFO - [2024-11-09T17:55:24.426+0000] {dagbag.py:588} INFO - Filling up the DagBag from /opt/airflow/dags/spotify_pipeline.py
[2024-11-09T17:55:24.450+0000] {processor.py:925} INFO - DAG(s) 'spotify_pipeline' retrieved from /opt/airflow/dags/spotify_pipeline.py
[2024-11-09T17:55:24.484+0000] {logging_mixin.py:190} INFO - [2024-11-09T17:55:24.484+0000] {dag.py:3239} INFO - Sync 1 DAGs
[2024-11-09T17:55:24.515+0000] {logging_mixin.py:190} INFO - [2024-11-09T17:55:24.515+0000] {dag.py:4180} INFO - Setting next_dagrun for spotify_pipeline to 2024-11-09 00:00:00+00:00, run_after=2024-11-10 00:00:00+00:00
[2024-11-09T17:55:24.545+0000] {processor.py:208} INFO - Processing /opt/airflow/dags/spotify_pipeline.py took 0.127 seconds
[2024-11-09T17:55:54.643+0000] {processor.py:186} INFO - Started process (PID=846) to work on /opt/airflow/dags/spotify_pipeline.py
[2024-11-09T17:55:54.644+0000] {processor.py:914} INFO - Processing file /opt/airflow/dags/spotify_pipeline.py for tasks to queue
[2024-11-09T17:55:54.645+0000] {logging_mixin.py:190} INFO - [2024-11-09T17:55:54.645+0000] {dagbag.py:588} INFO - Filling up the DagBag from /opt/airflow/dags/spotify_pipeline.py
[2024-11-09T17:55:54.666+0000] {processor.py:925} INFO - DAG(s) 'spotify_pipeline' retrieved from /opt/airflow/dags/spotify_pipeline.py
[2024-11-09T17:55:54.692+0000] {logging_mixin.py:190} INFO - [2024-11-09T17:55:54.692+0000] {dag.py:3239} INFO - Sync 1 DAGs
[2024-11-09T17:55:54.719+0000] {logging_mixin.py:190} INFO - [2024-11-09T17:55:54.719+0000] {dag.py:4180} INFO - Setting next_dagrun for spotify_pipeline to 2024-11-09 00:00:00+00:00, run_after=2024-11-10 00:00:00+00:00
[2024-11-09T17:55:54.737+0000] {processor.py:208} INFO - Processing /opt/airflow/dags/spotify_pipeline.py took 0.100 seconds
[2024-11-09T17:56:24.950+0000] {processor.py:186} INFO - Started process (PID=860) to work on /opt/airflow/dags/spotify_pipeline.py
[2024-11-09T17:56:24.951+0000] {processor.py:914} INFO - Processing file /opt/airflow/dags/spotify_pipeline.py for tasks to queue
[2024-11-09T17:56:24.952+0000] {logging_mixin.py:190} INFO - [2024-11-09T17:56:24.952+0000] {dagbag.py:588} INFO - Filling up the DagBag from /opt/airflow/dags/spotify_pipeline.py
[2024-11-09T17:56:24.974+0000] {processor.py:925} INFO - DAG(s) 'spotify_pipeline' retrieved from /opt/airflow/dags/spotify_pipeline.py
[2024-11-09T17:56:25.007+0000] {logging_mixin.py:190} INFO - [2024-11-09T17:56:25.007+0000] {dag.py:3239} INFO - Sync 1 DAGs
[2024-11-09T17:56:25.034+0000] {logging_mixin.py:190} INFO - [2024-11-09T17:56:25.034+0000] {dag.py:4180} INFO - Setting next_dagrun for spotify_pipeline to 2024-11-09 00:00:00+00:00, run_after=2024-11-10 00:00:00+00:00
[2024-11-09T17:56:25.053+0000] {processor.py:208} INFO - Processing /opt/airflow/dags/spotify_pipeline.py took 0.108 seconds
[2024-11-09T17:56:55.280+0000] {processor.py:186} INFO - Started process (PID=976) to work on /opt/airflow/dags/spotify_pipeline.py
[2024-11-09T17:56:55.281+0000] {processor.py:914} INFO - Processing file /opt/airflow/dags/spotify_pipeline.py for tasks to queue
[2024-11-09T17:56:55.282+0000] {logging_mixin.py:190} INFO - [2024-11-09T17:56:55.282+0000] {dagbag.py:588} INFO - Filling up the DagBag from /opt/airflow/dags/spotify_pipeline.py
[2024-11-09T17:56:55.300+0000] {processor.py:925} INFO - DAG(s) 'spotify_pipeline' retrieved from /opt/airflow/dags/spotify_pipeline.py
[2024-11-09T17:56:55.326+0000] {logging_mixin.py:190} INFO - [2024-11-09T17:56:55.326+0000] {dag.py:3239} INFO - Sync 1 DAGs
[2024-11-09T17:56:55.350+0000] {logging_mixin.py:190} INFO - [2024-11-09T17:56:55.350+0000] {dag.py:4180} INFO - Setting next_dagrun for spotify_pipeline to 2024-11-09 00:00:00+00:00, run_after=2024-11-10 00:00:00+00:00
[2024-11-09T17:56:55.369+0000] {processor.py:208} INFO - Processing /opt/airflow/dags/spotify_pipeline.py took 0.093 seconds
[2024-11-09T17:57:25.586+0000] {processor.py:186} INFO - Started process (PID=986) to work on /opt/airflow/dags/spotify_pipeline.py
[2024-11-09T17:57:25.586+0000] {processor.py:914} INFO - Processing file /opt/airflow/dags/spotify_pipeline.py for tasks to queue
[2024-11-09T17:57:25.588+0000] {logging_mixin.py:190} INFO - [2024-11-09T17:57:25.587+0000] {dagbag.py:588} INFO - Filling up the DagBag from /opt/airflow/dags/spotify_pipeline.py
[2024-11-09T17:57:25.607+0000] {processor.py:925} INFO - DAG(s) 'spotify_pipeline' retrieved from /opt/airflow/dags/spotify_pipeline.py
[2024-11-09T17:57:25.633+0000] {logging_mixin.py:190} INFO - [2024-11-09T17:57:25.633+0000] {dag.py:3239} INFO - Sync 1 DAGs
[2024-11-09T17:57:25.660+0000] {logging_mixin.py:190} INFO - [2024-11-09T17:57:25.660+0000] {dag.py:4180} INFO - Setting next_dagrun for spotify_pipeline to 2024-11-09 00:00:00+00:00, run_after=2024-11-10 00:00:00+00:00
[2024-11-09T17:57:25.682+0000] {processor.py:208} INFO - Processing /opt/airflow/dags/spotify_pipeline.py took 0.102 seconds
[2024-11-09T17:57:55.941+0000] {processor.py:186} INFO - Started process (PID=1341) to work on /opt/airflow/dags/spotify_pipeline.py
[2024-11-09T17:57:55.943+0000] {processor.py:914} INFO - Processing file /opt/airflow/dags/spotify_pipeline.py for tasks to queue
[2024-11-09T17:57:55.944+0000] {logging_mixin.py:190} INFO - [2024-11-09T17:57:55.944+0000] {dagbag.py:588} INFO - Filling up the DagBag from /opt/airflow/dags/spotify_pipeline.py
[2024-11-09T17:57:55.968+0000] {processor.py:925} INFO - DAG(s) 'spotify_pipeline' retrieved from /opt/airflow/dags/spotify_pipeline.py
[2024-11-09T17:57:55.994+0000] {logging_mixin.py:190} INFO - [2024-11-09T17:57:55.993+0000] {dag.py:3239} INFO - Sync 1 DAGs
[2024-11-09T17:57:56.020+0000] {logging_mixin.py:190} INFO - [2024-11-09T17:57:56.019+0000] {dag.py:4180} INFO - Setting next_dagrun for spotify_pipeline to 2024-11-09 00:00:00+00:00, run_after=2024-11-10 00:00:00+00:00
[2024-11-09T17:57:56.039+0000] {processor.py:208} INFO - Processing /opt/airflow/dags/spotify_pipeline.py took 0.103 seconds
[2024-11-09T17:58:26.284+0000] {processor.py:186} INFO - Started process (PID=1371) to work on /opt/airflow/dags/spotify_pipeline.py
[2024-11-09T17:58:26.285+0000] {processor.py:914} INFO - Processing file /opt/airflow/dags/spotify_pipeline.py for tasks to queue
[2024-11-09T17:58:26.286+0000] {logging_mixin.py:190} INFO - [2024-11-09T17:58:26.286+0000] {dagbag.py:588} INFO - Filling up the DagBag from /opt/airflow/dags/spotify_pipeline.py
[2024-11-09T17:58:26.309+0000] {processor.py:925} INFO - DAG(s) 'spotify_pipeline' retrieved from /opt/airflow/dags/spotify_pipeline.py
[2024-11-09T17:58:26.338+0000] {logging_mixin.py:190} INFO - [2024-11-09T17:58:26.338+0000] {dag.py:3239} INFO - Sync 1 DAGs
[2024-11-09T17:58:26.363+0000] {logging_mixin.py:190} INFO - [2024-11-09T17:58:26.363+0000] {dag.py:4180} INFO - Setting next_dagrun for spotify_pipeline to 2024-11-09 00:00:00+00:00, run_after=2024-11-10 00:00:00+00:00
[2024-11-09T17:58:26.390+0000] {processor.py:208} INFO - Processing /opt/airflow/dags/spotify_pipeline.py took 0.110 seconds
[2024-11-09T17:58:56.632+0000] {processor.py:186} INFO - Started process (PID=1385) to work on /opt/airflow/dags/spotify_pipeline.py
[2024-11-09T17:58:56.634+0000] {processor.py:914} INFO - Processing file /opt/airflow/dags/spotify_pipeline.py for tasks to queue
[2024-11-09T17:58:56.639+0000] {logging_mixin.py:190} INFO - [2024-11-09T17:58:56.638+0000] {dagbag.py:588} INFO - Filling up the DagBag from /opt/airflow/dags/spotify_pipeline.py
[2024-11-09T17:58:56.674+0000] {processor.py:925} INFO - DAG(s) 'spotify_pipeline' retrieved from /opt/airflow/dags/spotify_pipeline.py
[2024-11-09T17:58:56.705+0000] {logging_mixin.py:190} INFO - [2024-11-09T17:58:56.705+0000] {dag.py:3239} INFO - Sync 1 DAGs
[2024-11-09T17:58:56.736+0000] {logging_mixin.py:190} INFO - [2024-11-09T17:58:56.736+0000] {dag.py:4180} INFO - Setting next_dagrun for spotify_pipeline to 2024-11-09 00:00:00+00:00, run_after=2024-11-10 00:00:00+00:00
[2024-11-09T17:58:56.759+0000] {processor.py:208} INFO - Processing /opt/airflow/dags/spotify_pipeline.py took 0.133 seconds
[2024-11-09T17:59:26.995+0000] {processor.py:186} INFO - Started process (PID=1402) to work on /opt/airflow/dags/spotify_pipeline.py
[2024-11-09T17:59:26.996+0000] {processor.py:914} INFO - Processing file /opt/airflow/dags/spotify_pipeline.py for tasks to queue
[2024-11-09T17:59:26.997+0000] {logging_mixin.py:190} INFO - [2024-11-09T17:59:26.997+0000] {dagbag.py:588} INFO - Filling up the DagBag from /opt/airflow/dags/spotify_pipeline.py
[2024-11-09T17:59:27.020+0000] {processor.py:925} INFO - DAG(s) 'spotify_pipeline' retrieved from /opt/airflow/dags/spotify_pipeline.py
[2024-11-09T17:59:27.044+0000] {logging_mixin.py:190} INFO - [2024-11-09T17:59:27.044+0000] {dag.py:3239} INFO - Sync 1 DAGs
[2024-11-09T17:59:27.066+0000] {logging_mixin.py:190} INFO - [2024-11-09T17:59:27.066+0000] {dag.py:4180} INFO - Setting next_dagrun for spotify_pipeline to 2024-11-09 00:00:00+00:00, run_after=2024-11-10 00:00:00+00:00
[2024-11-09T17:59:27.084+0000] {processor.py:208} INFO - Processing /opt/airflow/dags/spotify_pipeline.py took 0.096 seconds
[2024-11-09T17:59:57.341+0000] {processor.py:186} INFO - Started process (PID=1417) to work on /opt/airflow/dags/spotify_pipeline.py
[2024-11-09T17:59:57.342+0000] {processor.py:914} INFO - Processing file /opt/airflow/dags/spotify_pipeline.py for tasks to queue
[2024-11-09T17:59:57.345+0000] {logging_mixin.py:190} INFO - [2024-11-09T17:59:57.344+0000] {dagbag.py:588} INFO - Filling up the DagBag from /opt/airflow/dags/spotify_pipeline.py
[2024-11-09T17:59:57.374+0000] {processor.py:925} INFO - DAG(s) 'spotify_pipeline' retrieved from /opt/airflow/dags/spotify_pipeline.py
[2024-11-09T17:59:57.404+0000] {logging_mixin.py:190} INFO - [2024-11-09T17:59:57.404+0000] {dag.py:3239} INFO - Sync 1 DAGs
[2024-11-09T17:59:57.437+0000] {logging_mixin.py:190} INFO - [2024-11-09T17:59:57.436+0000] {dag.py:4180} INFO - Setting next_dagrun for spotify_pipeline to 2024-11-09 00:00:00+00:00, run_after=2024-11-10 00:00:00+00:00
[2024-11-09T17:59:57.466+0000] {processor.py:208} INFO - Processing /opt/airflow/dags/spotify_pipeline.py took 0.133 seconds
[2024-11-09T18:00:27.724+0000] {processor.py:186} INFO - Started process (PID=1430) to work on /opt/airflow/dags/spotify_pipeline.py
[2024-11-09T18:00:27.725+0000] {processor.py:914} INFO - Processing file /opt/airflow/dags/spotify_pipeline.py for tasks to queue
[2024-11-09T18:00:27.727+0000] {logging_mixin.py:190} INFO - [2024-11-09T18:00:27.726+0000] {dagbag.py:588} INFO - Filling up the DagBag from /opt/airflow/dags/spotify_pipeline.py
[2024-11-09T18:00:27.752+0000] {processor.py:925} INFO - DAG(s) 'spotify_pipeline' retrieved from /opt/airflow/dags/spotify_pipeline.py
[2024-11-09T18:00:27.801+0000] {logging_mixin.py:190} INFO - [2024-11-09T18:00:27.801+0000] {dag.py:3239} INFO - Sync 1 DAGs
[2024-11-09T18:00:27.842+0000] {logging_mixin.py:190} INFO - [2024-11-09T18:00:27.842+0000] {dag.py:4180} INFO - Setting next_dagrun for spotify_pipeline to 2024-11-09 00:00:00+00:00, run_after=2024-11-10 00:00:00+00:00
[2024-11-09T18:00:27.865+0000] {processor.py:208} INFO - Processing /opt/airflow/dags/spotify_pipeline.py took 0.147 seconds
[2024-11-09T18:00:58.110+0000] {processor.py:186} INFO - Started process (PID=1443) to work on /opt/airflow/dags/spotify_pipeline.py
[2024-11-09T18:00:58.111+0000] {processor.py:914} INFO - Processing file /opt/airflow/dags/spotify_pipeline.py for tasks to queue
[2024-11-09T18:00:58.112+0000] {logging_mixin.py:190} INFO - [2024-11-09T18:00:58.112+0000] {dagbag.py:588} INFO - Filling up the DagBag from /opt/airflow/dags/spotify_pipeline.py
[2024-11-09T18:00:58.133+0000] {processor.py:925} INFO - DAG(s) 'spotify_pipeline' retrieved from /opt/airflow/dags/spotify_pipeline.py
[2024-11-09T18:00:58.169+0000] {logging_mixin.py:190} INFO - [2024-11-09T18:00:58.169+0000] {dag.py:3239} INFO - Sync 1 DAGs
[2024-11-09T18:00:58.194+0000] {logging_mixin.py:190} INFO - [2024-11-09T18:00:58.194+0000] {dag.py:4180} INFO - Setting next_dagrun for spotify_pipeline to 2024-11-09 00:00:00+00:00, run_after=2024-11-10 00:00:00+00:00
[2024-11-09T18:00:58.219+0000] {processor.py:208} INFO - Processing /opt/airflow/dags/spotify_pipeline.py took 0.114 seconds
[2024-11-09T18:01:28.453+0000] {processor.py:186} INFO - Started process (PID=1456) to work on /opt/airflow/dags/spotify_pipeline.py
[2024-11-09T18:01:28.454+0000] {processor.py:914} INFO - Processing file /opt/airflow/dags/spotify_pipeline.py for tasks to queue
[2024-11-09T18:01:28.455+0000] {logging_mixin.py:190} INFO - [2024-11-09T18:01:28.455+0000] {dagbag.py:588} INFO - Filling up the DagBag from /opt/airflow/dags/spotify_pipeline.py
[2024-11-09T18:01:28.476+0000] {processor.py:925} INFO - DAG(s) 'spotify_pipeline' retrieved from /opt/airflow/dags/spotify_pipeline.py
[2024-11-09T18:01:28.505+0000] {logging_mixin.py:190} INFO - [2024-11-09T18:01:28.505+0000] {dag.py:3239} INFO - Sync 1 DAGs
[2024-11-09T18:01:28.529+0000] {logging_mixin.py:190} INFO - [2024-11-09T18:01:28.529+0000] {dag.py:4180} INFO - Setting next_dagrun for spotify_pipeline to 2024-11-09 00:00:00+00:00, run_after=2024-11-10 00:00:00+00:00
[2024-11-09T18:01:28.551+0000] {processor.py:208} INFO - Processing /opt/airflow/dags/spotify_pipeline.py took 0.102 seconds
[2024-11-09T18:01:58.791+0000] {processor.py:186} INFO - Started process (PID=1468) to work on /opt/airflow/dags/spotify_pipeline.py
[2024-11-09T18:01:58.792+0000] {processor.py:914} INFO - Processing file /opt/airflow/dags/spotify_pipeline.py for tasks to queue
[2024-11-09T18:01:58.793+0000] {logging_mixin.py:190} INFO - [2024-11-09T18:01:58.793+0000] {dagbag.py:588} INFO - Filling up the DagBag from /opt/airflow/dags/spotify_pipeline.py
[2024-11-09T18:01:58.814+0000] {processor.py:925} INFO - DAG(s) 'spotify_pipeline' retrieved from /opt/airflow/dags/spotify_pipeline.py
[2024-11-09T18:01:58.838+0000] {logging_mixin.py:190} INFO - [2024-11-09T18:01:58.838+0000] {dag.py:3239} INFO - Sync 1 DAGs
[2024-11-09T18:01:58.862+0000] {logging_mixin.py:190} INFO - [2024-11-09T18:01:58.861+0000] {dag.py:4180} INFO - Setting next_dagrun for spotify_pipeline to 2024-11-09 00:00:00+00:00, run_after=2024-11-10 00:00:00+00:00
[2024-11-09T18:01:58.882+0000] {processor.py:208} INFO - Processing /opt/airflow/dags/spotify_pipeline.py took 0.096 seconds
[2024-11-09T18:02:29.141+0000] {processor.py:186} INFO - Started process (PID=1478) to work on /opt/airflow/dags/spotify_pipeline.py
[2024-11-09T18:02:29.142+0000] {processor.py:914} INFO - Processing file /opt/airflow/dags/spotify_pipeline.py for tasks to queue
[2024-11-09T18:02:29.143+0000] {logging_mixin.py:190} INFO - [2024-11-09T18:02:29.143+0000] {dagbag.py:588} INFO - Filling up the DagBag from /opt/airflow/dags/spotify_pipeline.py
[2024-11-09T18:02:29.164+0000] {processor.py:925} INFO - DAG(s) 'spotify_pipeline' retrieved from /opt/airflow/dags/spotify_pipeline.py
[2024-11-09T18:02:29.191+0000] {logging_mixin.py:190} INFO - [2024-11-09T18:02:29.190+0000] {dag.py:3239} INFO - Sync 1 DAGs
[2024-11-09T18:02:29.215+0000] {logging_mixin.py:190} INFO - [2024-11-09T18:02:29.214+0000] {dag.py:4180} INFO - Setting next_dagrun for spotify_pipeline to 2024-11-09 00:00:00+00:00, run_after=2024-11-10 00:00:00+00:00
[2024-11-09T18:02:29.236+0000] {processor.py:208} INFO - Processing /opt/airflow/dags/spotify_pipeline.py took 0.100 seconds
[2024-11-09T18:02:59.466+0000] {processor.py:186} INFO - Started process (PID=1578) to work on /opt/airflow/dags/spotify_pipeline.py
[2024-11-09T18:02:59.467+0000] {processor.py:914} INFO - Processing file /opt/airflow/dags/spotify_pipeline.py for tasks to queue
[2024-11-09T18:02:59.468+0000] {logging_mixin.py:190} INFO - [2024-11-09T18:02:59.468+0000] {dagbag.py:588} INFO - Filling up the DagBag from /opt/airflow/dags/spotify_pipeline.py
[2024-11-09T18:02:59.487+0000] {processor.py:925} INFO - DAG(s) 'spotify_pipeline' retrieved from /opt/airflow/dags/spotify_pipeline.py
[2024-11-09T18:02:59.512+0000] {logging_mixin.py:190} INFO - [2024-11-09T18:02:59.512+0000] {dag.py:3239} INFO - Sync 1 DAGs
[2024-11-09T18:02:59.534+0000] {logging_mixin.py:190} INFO - [2024-11-09T18:02:59.534+0000] {dag.py:4180} INFO - Setting next_dagrun for spotify_pipeline to 2024-11-09 00:00:00+00:00, run_after=2024-11-10 00:00:00+00:00
[2024-11-09T18:02:59.553+0000] {processor.py:208} INFO - Processing /opt/airflow/dags/spotify_pipeline.py took 0.092 seconds
[2024-11-09T18:03:29.771+0000] {processor.py:186} INFO - Started process (PID=1588) to work on /opt/airflow/dags/spotify_pipeline.py
[2024-11-09T18:03:29.772+0000] {processor.py:914} INFO - Processing file /opt/airflow/dags/spotify_pipeline.py for tasks to queue
[2024-11-09T18:03:29.773+0000] {logging_mixin.py:190} INFO - [2024-11-09T18:03:29.773+0000] {dagbag.py:588} INFO - Filling up the DagBag from /opt/airflow/dags/spotify_pipeline.py
[2024-11-09T18:03:29.793+0000] {processor.py:925} INFO - DAG(s) 'spotify_pipeline' retrieved from /opt/airflow/dags/spotify_pipeline.py
[2024-11-09T18:03:29.819+0000] {logging_mixin.py:190} INFO - [2024-11-09T18:03:29.819+0000] {dag.py:3239} INFO - Sync 1 DAGs
[2024-11-09T18:03:29.844+0000] {logging_mixin.py:190} INFO - [2024-11-09T18:03:29.844+0000] {dag.py:4180} INFO - Setting next_dagrun for spotify_pipeline to 2024-11-09 00:00:00+00:00, run_after=2024-11-10 00:00:00+00:00
[2024-11-09T18:03:29.863+0000] {processor.py:208} INFO - Processing /opt/airflow/dags/spotify_pipeline.py took 0.096 seconds
[2024-11-09T18:04:00.139+0000] {processor.py:186} INFO - Started process (PID=1927) to work on /opt/airflow/dags/spotify_pipeline.py
[2024-11-09T18:04:00.140+0000] {processor.py:914} INFO - Processing file /opt/airflow/dags/spotify_pipeline.py for tasks to queue
[2024-11-09T18:04:00.142+0000] {logging_mixin.py:190} INFO - [2024-11-09T18:04:00.141+0000] {dagbag.py:588} INFO - Filling up the DagBag from /opt/airflow/dags/spotify_pipeline.py
[2024-11-09T18:04:00.162+0000] {processor.py:925} INFO - DAG(s) 'spotify_pipeline' retrieved from /opt/airflow/dags/spotify_pipeline.py
[2024-11-09T18:04:00.195+0000] {logging_mixin.py:190} INFO - [2024-11-09T18:04:00.195+0000] {dag.py:3239} INFO - Sync 1 DAGs
[2024-11-09T18:04:00.221+0000] {logging_mixin.py:190} INFO - [2024-11-09T18:04:00.220+0000] {dag.py:4180} INFO - Setting next_dagrun for spotify_pipeline to 2024-11-09 00:00:00+00:00, run_after=2024-11-10 00:00:00+00:00
[2024-11-09T18:04:00.243+0000] {processor.py:208} INFO - Processing /opt/airflow/dags/spotify_pipeline.py took 0.111 seconds
[2024-11-09T18:04:30.494+0000] {processor.py:186} INFO - Started process (PID=2010) to work on /opt/airflow/dags/spotify_pipeline.py
[2024-11-09T18:04:30.495+0000] {processor.py:914} INFO - Processing file /opt/airflow/dags/spotify_pipeline.py for tasks to queue
[2024-11-09T18:04:30.497+0000] {logging_mixin.py:190} INFO - [2024-11-09T18:04:30.497+0000] {dagbag.py:588} INFO - Filling up the DagBag from /opt/airflow/dags/spotify_pipeline.py
[2024-11-09T18:04:30.525+0000] {processor.py:925} INFO - DAG(s) 'spotify_pipeline' retrieved from /opt/airflow/dags/spotify_pipeline.py
[2024-11-09T18:04:30.557+0000] {logging_mixin.py:190} INFO - [2024-11-09T18:04:30.556+0000] {dag.py:3239} INFO - Sync 1 DAGs
[2024-11-09T18:04:30.585+0000] {logging_mixin.py:190} INFO - [2024-11-09T18:04:30.585+0000] {dag.py:4180} INFO - Setting next_dagrun for spotify_pipeline to 2024-11-09 00:00:00+00:00, run_after=2024-11-10 00:00:00+00:00
[2024-11-09T18:04:30.609+0000] {processor.py:208} INFO - Processing /opt/airflow/dags/spotify_pipeline.py took 0.120 seconds
[2024-11-09T18:05:00.848+0000] {processor.py:186} INFO - Started process (PID=2022) to work on /opt/airflow/dags/spotify_pipeline.py
[2024-11-09T18:05:00.849+0000] {processor.py:914} INFO - Processing file /opt/airflow/dags/spotify_pipeline.py for tasks to queue
[2024-11-09T18:05:00.850+0000] {logging_mixin.py:190} INFO - [2024-11-09T18:05:00.850+0000] {dagbag.py:588} INFO - Filling up the DagBag from /opt/airflow/dags/spotify_pipeline.py
[2024-11-09T18:05:00.871+0000] {processor.py:925} INFO - DAG(s) 'spotify_pipeline' retrieved from /opt/airflow/dags/spotify_pipeline.py
[2024-11-09T18:05:00.897+0000] {logging_mixin.py:190} INFO - [2024-11-09T18:05:00.897+0000] {dag.py:3239} INFO - Sync 1 DAGs
[2024-11-09T18:05:00.921+0000] {logging_mixin.py:190} INFO - [2024-11-09T18:05:00.921+0000] {dag.py:4180} INFO - Setting next_dagrun for spotify_pipeline to 2024-11-09 00:00:00+00:00, run_after=2024-11-10 00:00:00+00:00
[2024-11-09T18:05:00.957+0000] {processor.py:208} INFO - Processing /opt/airflow/dags/spotify_pipeline.py took 0.114 seconds
[2024-11-09T18:05:31.194+0000] {processor.py:186} INFO - Started process (PID=2040) to work on /opt/airflow/dags/spotify_pipeline.py
[2024-11-09T18:05:31.194+0000] {processor.py:914} INFO - Processing file /opt/airflow/dags/spotify_pipeline.py for tasks to queue
[2024-11-09T18:05:31.195+0000] {logging_mixin.py:190} INFO - [2024-11-09T18:05:31.195+0000] {dagbag.py:588} INFO - Filling up the DagBag from /opt/airflow/dags/spotify_pipeline.py
[2024-11-09T18:05:31.219+0000] {processor.py:925} INFO - DAG(s) 'spotify_pipeline' retrieved from /opt/airflow/dags/spotify_pipeline.py
[2024-11-09T18:05:31.245+0000] {logging_mixin.py:190} INFO - [2024-11-09T18:05:31.244+0000] {dag.py:3239} INFO - Sync 1 DAGs
[2024-11-09T18:05:31.267+0000] {logging_mixin.py:190} INFO - [2024-11-09T18:05:31.267+0000] {dag.py:4180} INFO - Setting next_dagrun for spotify_pipeline to 2024-11-09 00:00:00+00:00, run_after=2024-11-10 00:00:00+00:00
[2024-11-09T18:05:31.300+0000] {processor.py:208} INFO - Processing /opt/airflow/dags/spotify_pipeline.py took 0.110 seconds
[2024-11-09T18:06:01.539+0000] {processor.py:186} INFO - Started process (PID=2053) to work on /opt/airflow/dags/spotify_pipeline.py
[2024-11-09T18:06:01.540+0000] {processor.py:914} INFO - Processing file /opt/airflow/dags/spotify_pipeline.py for tasks to queue
[2024-11-09T18:06:01.542+0000] {logging_mixin.py:190} INFO - [2024-11-09T18:06:01.541+0000] {dagbag.py:588} INFO - Filling up the DagBag from /opt/airflow/dags/spotify_pipeline.py
[2024-11-09T18:06:01.568+0000] {processor.py:925} INFO - DAG(s) 'spotify_pipeline' retrieved from /opt/airflow/dags/spotify_pipeline.py
[2024-11-09T18:06:01.600+0000] {logging_mixin.py:190} INFO - [2024-11-09T18:06:01.599+0000] {dag.py:3239} INFO - Sync 1 DAGs
[2024-11-09T18:06:01.625+0000] {logging_mixin.py:190} INFO - [2024-11-09T18:06:01.625+0000] {dag.py:4180} INFO - Setting next_dagrun for spotify_pipeline to 2024-11-09 00:00:00+00:00, run_after=2024-11-10 00:00:00+00:00
[2024-11-09T18:06:01.645+0000] {processor.py:208} INFO - Processing /opt/airflow/dags/spotify_pipeline.py took 0.113 seconds
[2024-11-09T18:06:31.887+0000] {processor.py:186} INFO - Started process (PID=2067) to work on /opt/airflow/dags/spotify_pipeline.py
[2024-11-09T18:06:31.888+0000] {processor.py:914} INFO - Processing file /opt/airflow/dags/spotify_pipeline.py for tasks to queue
[2024-11-09T18:06:31.889+0000] {logging_mixin.py:190} INFO - [2024-11-09T18:06:31.889+0000] {dagbag.py:588} INFO - Filling up the DagBag from /opt/airflow/dags/spotify_pipeline.py
[2024-11-09T18:06:31.912+0000] {processor.py:925} INFO - DAG(s) 'spotify_pipeline' retrieved from /opt/airflow/dags/spotify_pipeline.py
[2024-11-09T18:06:31.936+0000] {logging_mixin.py:190} INFO - [2024-11-09T18:06:31.935+0000] {dag.py:3239} INFO - Sync 1 DAGs
[2024-11-09T18:06:31.958+0000] {logging_mixin.py:190} INFO - [2024-11-09T18:06:31.958+0000] {dag.py:4180} INFO - Setting next_dagrun for spotify_pipeline to 2024-11-09 00:00:00+00:00, run_after=2024-11-10 00:00:00+00:00
[2024-11-09T18:06:31.979+0000] {processor.py:208} INFO - Processing /opt/airflow/dags/spotify_pipeline.py took 0.097 seconds
[2024-11-09T18:07:02.217+0000] {processor.py:186} INFO - Started process (PID=2080) to work on /opt/airflow/dags/spotify_pipeline.py
[2024-11-09T18:07:02.218+0000] {processor.py:914} INFO - Processing file /opt/airflow/dags/spotify_pipeline.py for tasks to queue
[2024-11-09T18:07:02.220+0000] {logging_mixin.py:190} INFO - [2024-11-09T18:07:02.219+0000] {dagbag.py:588} INFO - Filling up the DagBag from /opt/airflow/dags/spotify_pipeline.py
[2024-11-09T18:07:02.240+0000] {processor.py:925} INFO - DAG(s) 'spotify_pipeline' retrieved from /opt/airflow/dags/spotify_pipeline.py
[2024-11-09T18:07:02.269+0000] {logging_mixin.py:190} INFO - [2024-11-09T18:07:02.268+0000] {dag.py:3239} INFO - Sync 1 DAGs
[2024-11-09T18:07:02.293+0000] {logging_mixin.py:190} INFO - [2024-11-09T18:07:02.293+0000] {dag.py:4180} INFO - Setting next_dagrun for spotify_pipeline to 2024-11-09 00:00:00+00:00, run_after=2024-11-10 00:00:00+00:00
[2024-11-09T18:07:02.316+0000] {processor.py:208} INFO - Processing /opt/airflow/dags/spotify_pipeline.py took 0.103 seconds
[2024-11-09T18:07:32.560+0000] {processor.py:186} INFO - Started process (PID=2094) to work on /opt/airflow/dags/spotify_pipeline.py
[2024-11-09T18:07:32.561+0000] {processor.py:914} INFO - Processing file /opt/airflow/dags/spotify_pipeline.py for tasks to queue
[2024-11-09T18:07:32.562+0000] {logging_mixin.py:190} INFO - [2024-11-09T18:07:32.561+0000] {dagbag.py:588} INFO - Filling up the DagBag from /opt/airflow/dags/spotify_pipeline.py
[2024-11-09T18:07:32.584+0000] {processor.py:925} INFO - DAG(s) 'spotify_pipeline' retrieved from /opt/airflow/dags/spotify_pipeline.py
[2024-11-09T18:07:32.615+0000] {logging_mixin.py:190} INFO - [2024-11-09T18:07:32.614+0000] {dag.py:3239} INFO - Sync 1 DAGs
[2024-11-09T18:07:32.642+0000] {logging_mixin.py:190} INFO - [2024-11-09T18:07:32.642+0000] {dag.py:4180} INFO - Setting next_dagrun for spotify_pipeline to 2024-11-09 00:00:00+00:00, run_after=2024-11-10 00:00:00+00:00
[2024-11-09T18:07:32.666+0000] {processor.py:208} INFO - Processing /opt/airflow/dags/spotify_pipeline.py took 0.111 seconds
[2024-11-09T18:08:02.908+0000] {processor.py:186} INFO - Started process (PID=2106) to work on /opt/airflow/dags/spotify_pipeline.py
[2024-11-09T18:08:02.909+0000] {processor.py:914} INFO - Processing file /opt/airflow/dags/spotify_pipeline.py for tasks to queue
[2024-11-09T18:08:02.910+0000] {logging_mixin.py:190} INFO - [2024-11-09T18:08:02.910+0000] {dagbag.py:588} INFO - Filling up the DagBag from /opt/airflow/dags/spotify_pipeline.py
[2024-11-09T18:08:02.934+0000] {processor.py:925} INFO - DAG(s) 'spotify_pipeline' retrieved from /opt/airflow/dags/spotify_pipeline.py
[2024-11-09T18:08:02.963+0000] {logging_mixin.py:190} INFO - [2024-11-09T18:08:02.963+0000] {dag.py:3239} INFO - Sync 1 DAGs
[2024-11-09T18:08:02.988+0000] {logging_mixin.py:190} INFO - [2024-11-09T18:08:02.987+0000] {dag.py:4180} INFO - Setting next_dagrun for spotify_pipeline to 2024-11-09 00:00:00+00:00, run_after=2024-11-10 00:00:00+00:00
[2024-11-09T18:08:03.008+0000] {processor.py:208} INFO - Processing /opt/airflow/dags/spotify_pipeline.py took 0.106 seconds
[2024-11-09T18:08:33.245+0000] {processor.py:186} INFO - Started process (PID=2116) to work on /opt/airflow/dags/spotify_pipeline.py
[2024-11-09T18:08:33.246+0000] {processor.py:914} INFO - Processing file /opt/airflow/dags/spotify_pipeline.py for tasks to queue
[2024-11-09T18:08:33.248+0000] {logging_mixin.py:190} INFO - [2024-11-09T18:08:33.248+0000] {dagbag.py:588} INFO - Filling up the DagBag from /opt/airflow/dags/spotify_pipeline.py
[2024-11-09T18:08:33.276+0000] {processor.py:925} INFO - DAG(s) 'spotify_pipeline' retrieved from /opt/airflow/dags/spotify_pipeline.py
[2024-11-09T18:08:33.307+0000] {logging_mixin.py:190} INFO - [2024-11-09T18:08:33.307+0000] {dag.py:3239} INFO - Sync 1 DAGs
[2024-11-09T18:08:33.334+0000] {logging_mixin.py:190} INFO - [2024-11-09T18:08:33.333+0000] {dag.py:4180} INFO - Setting next_dagrun for spotify_pipeline to 2024-11-09 00:00:00+00:00, run_after=2024-11-10 00:00:00+00:00
[2024-11-09T18:08:33.370+0000] {processor.py:208} INFO - Processing /opt/airflow/dags/spotify_pipeline.py took 0.133 seconds
[2024-11-09T18:09:03.604+0000] {processor.py:186} INFO - Started process (PID=2137) to work on /opt/airflow/dags/spotify_pipeline.py
[2024-11-09T18:09:03.605+0000] {processor.py:914} INFO - Processing file /opt/airflow/dags/spotify_pipeline.py for tasks to queue
[2024-11-09T18:09:03.607+0000] {logging_mixin.py:190} INFO - [2024-11-09T18:09:03.606+0000] {dagbag.py:588} INFO - Filling up the DagBag from /opt/airflow/dags/spotify_pipeline.py
[2024-11-09T18:09:03.631+0000] {processor.py:925} INFO - DAG(s) 'spotify_pipeline' retrieved from /opt/airflow/dags/spotify_pipeline.py
[2024-11-09T18:09:03.662+0000] {logging_mixin.py:190} INFO - [2024-11-09T18:09:03.662+0000] {dag.py:3239} INFO - Sync 1 DAGs
[2024-11-09T18:09:03.691+0000] {logging_mixin.py:190} INFO - [2024-11-09T18:09:03.691+0000] {dag.py:4180} INFO - Setting next_dagrun for spotify_pipeline to 2024-11-09 00:00:00+00:00, run_after=2024-11-10 00:00:00+00:00
[2024-11-09T18:09:03.726+0000] {processor.py:208} INFO - Processing /opt/airflow/dags/spotify_pipeline.py took 0.127 seconds
[2024-11-09T18:09:33.970+0000] {processor.py:186} INFO - Started process (PID=2148) to work on /opt/airflow/dags/spotify_pipeline.py
[2024-11-09T18:09:33.971+0000] {processor.py:914} INFO - Processing file /opt/airflow/dags/spotify_pipeline.py for tasks to queue
[2024-11-09T18:09:33.972+0000] {logging_mixin.py:190} INFO - [2024-11-09T18:09:33.972+0000] {dagbag.py:588} INFO - Filling up the DagBag from /opt/airflow/dags/spotify_pipeline.py
[2024-11-09T18:09:33.994+0000] {processor.py:925} INFO - DAG(s) 'spotify_pipeline' retrieved from /opt/airflow/dags/spotify_pipeline.py
[2024-11-09T18:09:34.021+0000] {logging_mixin.py:190} INFO - [2024-11-09T18:09:34.020+0000] {dag.py:3239} INFO - Sync 1 DAGs
[2024-11-09T18:09:34.048+0000] {logging_mixin.py:190} INFO - [2024-11-09T18:09:34.048+0000] {dag.py:4180} INFO - Setting next_dagrun for spotify_pipeline to 2024-11-09 00:00:00+00:00, run_after=2024-11-10 00:00:00+00:00
[2024-11-09T18:09:34.067+0000] {processor.py:208} INFO - Processing /opt/airflow/dags/spotify_pipeline.py took 0.103 seconds
[2024-11-09T18:10:04.309+0000] {processor.py:186} INFO - Started process (PID=2158) to work on /opt/airflow/dags/spotify_pipeline.py
[2024-11-09T18:10:04.310+0000] {processor.py:914} INFO - Processing file /opt/airflow/dags/spotify_pipeline.py for tasks to queue
[2024-11-09T18:10:04.312+0000] {logging_mixin.py:190} INFO - [2024-11-09T18:10:04.311+0000] {dagbag.py:588} INFO - Filling up the DagBag from /opt/airflow/dags/spotify_pipeline.py
[2024-11-09T18:10:04.338+0000] {processor.py:925} INFO - DAG(s) 'spotify_pipeline' retrieved from /opt/airflow/dags/spotify_pipeline.py
[2024-11-09T18:10:04.376+0000] {logging_mixin.py:190} INFO - [2024-11-09T18:10:04.376+0000] {dag.py:3239} INFO - Sync 1 DAGs
[2024-11-09T18:10:04.405+0000] {logging_mixin.py:190} INFO - [2024-11-09T18:10:04.404+0000] {dag.py:4180} INFO - Setting next_dagrun for spotify_pipeline to 2024-11-09 00:00:00+00:00, run_after=2024-11-10 00:00:00+00:00
[2024-11-09T18:10:04.432+0000] {processor.py:208} INFO - Processing /opt/airflow/dags/spotify_pipeline.py took 0.130 seconds
[2024-11-09T18:10:34.674+0000] {processor.py:186} INFO - Started process (PID=2168) to work on /opt/airflow/dags/spotify_pipeline.py
[2024-11-09T18:10:34.675+0000] {processor.py:914} INFO - Processing file /opt/airflow/dags/spotify_pipeline.py for tasks to queue
[2024-11-09T18:10:34.676+0000] {logging_mixin.py:190} INFO - [2024-11-09T18:10:34.676+0000] {dagbag.py:588} INFO - Filling up the DagBag from /opt/airflow/dags/spotify_pipeline.py
[2024-11-09T18:10:34.702+0000] {processor.py:925} INFO - DAG(s) 'spotify_pipeline' retrieved from /opt/airflow/dags/spotify_pipeline.py
[2024-11-09T18:10:34.736+0000] {logging_mixin.py:190} INFO - [2024-11-09T18:10:34.735+0000] {dag.py:3239} INFO - Sync 1 DAGs
[2024-11-09T18:10:34.761+0000] {logging_mixin.py:190} INFO - [2024-11-09T18:10:34.761+0000] {dag.py:4180} INFO - Setting next_dagrun for spotify_pipeline to 2024-11-09 00:00:00+00:00, run_after=2024-11-10 00:00:00+00:00
[2024-11-09T18:10:34.783+0000] {processor.py:208} INFO - Processing /opt/airflow/dags/spotify_pipeline.py took 0.116 seconds
[2024-11-09T18:11:05.042+0000] {processor.py:186} INFO - Started process (PID=2178) to work on /opt/airflow/dags/spotify_pipeline.py
[2024-11-09T18:11:05.043+0000] {processor.py:914} INFO - Processing file /opt/airflow/dags/spotify_pipeline.py for tasks to queue
[2024-11-09T18:11:05.045+0000] {logging_mixin.py:190} INFO - [2024-11-09T18:11:05.044+0000] {dagbag.py:588} INFO - Filling up the DagBag from /opt/airflow/dags/spotify_pipeline.py
[2024-11-09T18:11:05.068+0000] {processor.py:925} INFO - DAG(s) 'spotify_pipeline' retrieved from /opt/airflow/dags/spotify_pipeline.py
[2024-11-09T18:11:05.097+0000] {logging_mixin.py:190} INFO - [2024-11-09T18:11:05.096+0000] {dag.py:3239} INFO - Sync 1 DAGs
[2024-11-09T18:11:05.125+0000] {logging_mixin.py:190} INFO - [2024-11-09T18:11:05.125+0000] {dag.py:4180} INFO - Setting next_dagrun for spotify_pipeline to 2024-11-09 00:00:00+00:00, run_after=2024-11-10 00:00:00+00:00
[2024-11-09T18:11:05.167+0000] {processor.py:208} INFO - Processing /opt/airflow/dags/spotify_pipeline.py took 0.130 seconds
[2024-11-09T18:11:35.412+0000] {processor.py:186} INFO - Started process (PID=2193) to work on /opt/airflow/dags/spotify_pipeline.py
[2024-11-09T18:11:35.413+0000] {processor.py:914} INFO - Processing file /opt/airflow/dags/spotify_pipeline.py for tasks to queue
[2024-11-09T18:11:35.414+0000] {logging_mixin.py:190} INFO - [2024-11-09T18:11:35.414+0000] {dagbag.py:588} INFO - Filling up the DagBag from /opt/airflow/dags/spotify_pipeline.py
[2024-11-09T18:11:35.438+0000] {processor.py:925} INFO - DAG(s) 'spotify_pipeline' retrieved from /opt/airflow/dags/spotify_pipeline.py
[2024-11-09T18:11:35.467+0000] {logging_mixin.py:190} INFO - [2024-11-09T18:11:35.467+0000] {dag.py:3239} INFO - Sync 1 DAGs
[2024-11-09T18:11:35.493+0000] {logging_mixin.py:190} INFO - [2024-11-09T18:11:35.492+0000] {dag.py:4180} INFO - Setting next_dagrun for spotify_pipeline to 2024-11-09 00:00:00+00:00, run_after=2024-11-10 00:00:00+00:00
[2024-11-09T18:11:35.513+0000] {processor.py:208} INFO - Processing /opt/airflow/dags/spotify_pipeline.py took 0.106 seconds
[2024-11-09T18:12:05.769+0000] {processor.py:186} INFO - Started process (PID=2203) to work on /opt/airflow/dags/spotify_pipeline.py
[2024-11-09T18:12:05.770+0000] {processor.py:914} INFO - Processing file /opt/airflow/dags/spotify_pipeline.py for tasks to queue
[2024-11-09T18:12:05.771+0000] {logging_mixin.py:190} INFO - [2024-11-09T18:12:05.771+0000] {dagbag.py:588} INFO - Filling up the DagBag from /opt/airflow/dags/spotify_pipeline.py
[2024-11-09T18:12:05.796+0000] {processor.py:925} INFO - DAG(s) 'spotify_pipeline' retrieved from /opt/airflow/dags/spotify_pipeline.py
[2024-11-09T18:12:05.825+0000] {logging_mixin.py:190} INFO - [2024-11-09T18:12:05.825+0000] {dag.py:3239} INFO - Sync 1 DAGs
[2024-11-09T18:12:05.853+0000] {logging_mixin.py:190} INFO - [2024-11-09T18:12:05.853+0000] {dag.py:4180} INFO - Setting next_dagrun for spotify_pipeline to 2024-11-09 00:00:00+00:00, run_after=2024-11-10 00:00:00+00:00
[2024-11-09T18:12:05.879+0000] {processor.py:208} INFO - Processing /opt/airflow/dags/spotify_pipeline.py took 0.117 seconds
[2024-11-09T18:12:36.137+0000] {processor.py:186} INFO - Started process (PID=2213) to work on /opt/airflow/dags/spotify_pipeline.py
[2024-11-09T18:12:36.139+0000] {processor.py:914} INFO - Processing file /opt/airflow/dags/spotify_pipeline.py for tasks to queue
[2024-11-09T18:12:36.141+0000] {logging_mixin.py:190} INFO - [2024-11-09T18:12:36.140+0000] {dagbag.py:588} INFO - Filling up the DagBag from /opt/airflow/dags/spotify_pipeline.py
[2024-11-09T18:12:36.166+0000] {processor.py:925} INFO - DAG(s) 'spotify_pipeline' retrieved from /opt/airflow/dags/spotify_pipeline.py
[2024-11-09T18:12:36.196+0000] {logging_mixin.py:190} INFO - [2024-11-09T18:12:36.195+0000] {dag.py:3239} INFO - Sync 1 DAGs
[2024-11-09T18:12:36.219+0000] {logging_mixin.py:190} INFO - [2024-11-09T18:12:36.219+0000] {dag.py:4180} INFO - Setting next_dagrun for spotify_pipeline to 2024-11-09 00:00:00+00:00, run_after=2024-11-10 00:00:00+00:00
[2024-11-09T18:12:36.240+0000] {processor.py:208} INFO - Processing /opt/airflow/dags/spotify_pipeline.py took 0.111 seconds
[2024-11-09T18:13:06.484+0000] {processor.py:186} INFO - Started process (PID=2223) to work on /opt/airflow/dags/spotify_pipeline.py
[2024-11-09T18:13:06.485+0000] {processor.py:914} INFO - Processing file /opt/airflow/dags/spotify_pipeline.py for tasks to queue
[2024-11-09T18:13:06.487+0000] {logging_mixin.py:190} INFO - [2024-11-09T18:13:06.486+0000] {dagbag.py:588} INFO - Filling up the DagBag from /opt/airflow/dags/spotify_pipeline.py
[2024-11-09T18:13:06.508+0000] {processor.py:925} INFO - DAG(s) 'spotify_pipeline' retrieved from /opt/airflow/dags/spotify_pipeline.py
[2024-11-09T18:13:06.536+0000] {logging_mixin.py:190} INFO - [2024-11-09T18:13:06.536+0000] {dag.py:3239} INFO - Sync 1 DAGs
[2024-11-09T18:13:06.559+0000] {logging_mixin.py:190} INFO - [2024-11-09T18:13:06.559+0000] {dag.py:4180} INFO - Setting next_dagrun for spotify_pipeline to 2024-11-09 00:00:00+00:00, run_after=2024-11-10 00:00:00+00:00
[2024-11-09T18:13:06.584+0000] {processor.py:208} INFO - Processing /opt/airflow/dags/spotify_pipeline.py took 0.106 seconds
[2024-11-09T18:13:36.821+0000] {processor.py:186} INFO - Started process (PID=2233) to work on /opt/airflow/dags/spotify_pipeline.py
[2024-11-09T18:13:36.822+0000] {processor.py:914} INFO - Processing file /opt/airflow/dags/spotify_pipeline.py for tasks to queue
[2024-11-09T18:13:36.823+0000] {logging_mixin.py:190} INFO - [2024-11-09T18:13:36.822+0000] {dagbag.py:588} INFO - Filling up the DagBag from /opt/airflow/dags/spotify_pipeline.py
[2024-11-09T18:13:36.843+0000] {processor.py:925} INFO - DAG(s) 'spotify_pipeline' retrieved from /opt/airflow/dags/spotify_pipeline.py
[2024-11-09T18:13:36.869+0000] {logging_mixin.py:190} INFO - [2024-11-09T18:13:36.868+0000] {dag.py:3239} INFO - Sync 1 DAGs
[2024-11-09T18:13:36.891+0000] {logging_mixin.py:190} INFO - [2024-11-09T18:13:36.890+0000] {dag.py:4180} INFO - Setting next_dagrun for spotify_pipeline to 2024-11-09 00:00:00+00:00, run_after=2024-11-10 00:00:00+00:00
[2024-11-09T18:13:36.912+0000] {processor.py:208} INFO - Processing /opt/airflow/dags/spotify_pipeline.py took 0.095 seconds
[2024-11-09T18:14:07.206+0000] {processor.py:186} INFO - Started process (PID=2243) to work on /opt/airflow/dags/spotify_pipeline.py
[2024-11-09T18:14:07.207+0000] {processor.py:914} INFO - Processing file /opt/airflow/dags/spotify_pipeline.py for tasks to queue
[2024-11-09T18:14:07.208+0000] {logging_mixin.py:190} INFO - [2024-11-09T18:14:07.208+0000] {dagbag.py:588} INFO - Filling up the DagBag from /opt/airflow/dags/spotify_pipeline.py
[2024-11-09T18:14:07.229+0000] {processor.py:925} INFO - DAG(s) 'spotify_pipeline' retrieved from /opt/airflow/dags/spotify_pipeline.py
[2024-11-09T18:14:07.255+0000] {logging_mixin.py:190} INFO - [2024-11-09T18:14:07.255+0000] {dag.py:3239} INFO - Sync 1 DAGs
[2024-11-09T18:14:07.279+0000] {logging_mixin.py:190} INFO - [2024-11-09T18:14:07.279+0000] {dag.py:4180} INFO - Setting next_dagrun for spotify_pipeline to 2024-11-09 00:00:00+00:00, run_after=2024-11-10 00:00:00+00:00
[2024-11-09T18:14:07.298+0000] {processor.py:208} INFO - Processing /opt/airflow/dags/spotify_pipeline.py took 0.096 seconds
[2024-11-09T18:14:37.548+0000] {processor.py:186} INFO - Started process (PID=2270) to work on /opt/airflow/dags/spotify_pipeline.py
[2024-11-09T18:14:37.550+0000] {processor.py:914} INFO - Processing file /opt/airflow/dags/spotify_pipeline.py for tasks to queue
[2024-11-09T18:14:37.551+0000] {logging_mixin.py:190} INFO - [2024-11-09T18:14:37.551+0000] {dagbag.py:588} INFO - Filling up the DagBag from /opt/airflow/dags/spotify_pipeline.py
[2024-11-09T18:14:37.575+0000] {processor.py:925} INFO - DAG(s) 'spotify_pipeline' retrieved from /opt/airflow/dags/spotify_pipeline.py
[2024-11-09T18:14:37.608+0000] {logging_mixin.py:190} INFO - [2024-11-09T18:14:37.608+0000] {dag.py:3239} INFO - Sync 1 DAGs
[2024-11-09T18:14:37.634+0000] {logging_mixin.py:190} INFO - [2024-11-09T18:14:37.634+0000] {dag.py:4180} INFO - Setting next_dagrun for spotify_pipeline to 2024-11-09 00:00:00+00:00, run_after=2024-11-10 00:00:00+00:00
[2024-11-09T18:14:37.655+0000] {processor.py:208} INFO - Processing /opt/airflow/dags/spotify_pipeline.py took 0.112 seconds
[2024-11-09T18:15:07.920+0000] {processor.py:186} INFO - Started process (PID=2280) to work on /opt/airflow/dags/spotify_pipeline.py
[2024-11-09T18:15:07.921+0000] {processor.py:914} INFO - Processing file /opt/airflow/dags/spotify_pipeline.py for tasks to queue
[2024-11-09T18:15:07.922+0000] {logging_mixin.py:190} INFO - [2024-11-09T18:15:07.922+0000] {dagbag.py:588} INFO - Filling up the DagBag from /opt/airflow/dags/spotify_pipeline.py
[2024-11-09T18:15:07.945+0000] {processor.py:925} INFO - DAG(s) 'spotify_pipeline' retrieved from /opt/airflow/dags/spotify_pipeline.py
[2024-11-09T18:15:07.972+0000] {logging_mixin.py:190} INFO - [2024-11-09T18:15:07.971+0000] {dag.py:3239} INFO - Sync 1 DAGs
[2024-11-09T18:15:07.997+0000] {logging_mixin.py:190} INFO - [2024-11-09T18:15:07.997+0000] {dag.py:4180} INFO - Setting next_dagrun for spotify_pipeline to 2024-11-09 00:00:00+00:00, run_after=2024-11-10 00:00:00+00:00
[2024-11-09T18:15:08.019+0000] {processor.py:208} INFO - Processing /opt/airflow/dags/spotify_pipeline.py took 0.104 seconds
[2024-11-09T18:15:38.263+0000] {processor.py:186} INFO - Started process (PID=2290) to work on /opt/airflow/dags/spotify_pipeline.py
[2024-11-09T18:15:38.264+0000] {processor.py:914} INFO - Processing file /opt/airflow/dags/spotify_pipeline.py for tasks to queue
[2024-11-09T18:15:38.265+0000] {logging_mixin.py:190} INFO - [2024-11-09T18:15:38.265+0000] {dagbag.py:588} INFO - Filling up the DagBag from /opt/airflow/dags/spotify_pipeline.py
[2024-11-09T18:15:38.287+0000] {processor.py:925} INFO - DAG(s) 'spotify_pipeline' retrieved from /opt/airflow/dags/spotify_pipeline.py
[2024-11-09T18:15:38.313+0000] {logging_mixin.py:190} INFO - [2024-11-09T18:15:38.313+0000] {dag.py:3239} INFO - Sync 1 DAGs
[2024-11-09T18:15:38.337+0000] {logging_mixin.py:190} INFO - [2024-11-09T18:15:38.337+0000] {dag.py:4180} INFO - Setting next_dagrun for spotify_pipeline to 2024-11-09 00:00:00+00:00, run_after=2024-11-10 00:00:00+00:00
[2024-11-09T18:15:38.357+0000] {processor.py:208} INFO - Processing /opt/airflow/dags/spotify_pipeline.py took 0.098 seconds
[2024-11-09T18:16:08.615+0000] {processor.py:186} INFO - Started process (PID=2300) to work on /opt/airflow/dags/spotify_pipeline.py
[2024-11-09T18:16:08.616+0000] {processor.py:914} INFO - Processing file /opt/airflow/dags/spotify_pipeline.py for tasks to queue
[2024-11-09T18:16:08.617+0000] {logging_mixin.py:190} INFO - [2024-11-09T18:16:08.617+0000] {dagbag.py:588} INFO - Filling up the DagBag from /opt/airflow/dags/spotify_pipeline.py
[2024-11-09T18:16:08.642+0000] {processor.py:925} INFO - DAG(s) 'spotify_pipeline' retrieved from /opt/airflow/dags/spotify_pipeline.py
[2024-11-09T18:16:08.676+0000] {logging_mixin.py:190} INFO - [2024-11-09T18:16:08.675+0000] {dag.py:3239} INFO - Sync 1 DAGs
[2024-11-09T18:16:08.699+0000] {logging_mixin.py:190} INFO - [2024-11-09T18:16:08.699+0000] {dag.py:4180} INFO - Setting next_dagrun for spotify_pipeline to 2024-11-09 00:00:00+00:00, run_after=2024-11-10 00:00:00+00:00
[2024-11-09T18:16:08.719+0000] {processor.py:208} INFO - Processing /opt/airflow/dags/spotify_pipeline.py took 0.109 seconds
[2024-11-09T18:16:38.960+0000] {processor.py:186} INFO - Started process (PID=2310) to work on /opt/airflow/dags/spotify_pipeline.py
[2024-11-09T18:16:38.961+0000] {processor.py:914} INFO - Processing file /opt/airflow/dags/spotify_pipeline.py for tasks to queue
[2024-11-09T18:16:38.962+0000] {logging_mixin.py:190} INFO - [2024-11-09T18:16:38.962+0000] {dagbag.py:588} INFO - Filling up the DagBag from /opt/airflow/dags/spotify_pipeline.py
[2024-11-09T18:16:38.988+0000] {processor.py:925} INFO - DAG(s) 'spotify_pipeline' retrieved from /opt/airflow/dags/spotify_pipeline.py
[2024-11-09T18:16:39.015+0000] {logging_mixin.py:190} INFO - [2024-11-09T18:16:39.014+0000] {dag.py:3239} INFO - Sync 1 DAGs
[2024-11-09T18:16:39.038+0000] {logging_mixin.py:190} INFO - [2024-11-09T18:16:39.038+0000] {dag.py:4180} INFO - Setting next_dagrun for spotify_pipeline to 2024-11-09 00:00:00+00:00, run_after=2024-11-10 00:00:00+00:00
[2024-11-09T18:16:39.059+0000] {processor.py:208} INFO - Processing /opt/airflow/dags/spotify_pipeline.py took 0.103 seconds
[2024-11-09T18:17:09.321+0000] {processor.py:186} INFO - Started process (PID=2320) to work on /opt/airflow/dags/spotify_pipeline.py
[2024-11-09T18:17:09.322+0000] {processor.py:914} INFO - Processing file /opt/airflow/dags/spotify_pipeline.py for tasks to queue
[2024-11-09T18:17:09.323+0000] {logging_mixin.py:190} INFO - [2024-11-09T18:17:09.323+0000] {dagbag.py:588} INFO - Filling up the DagBag from /opt/airflow/dags/spotify_pipeline.py
[2024-11-09T18:17:09.347+0000] {processor.py:925} INFO - DAG(s) 'spotify_pipeline' retrieved from /opt/airflow/dags/spotify_pipeline.py
[2024-11-09T18:17:09.371+0000] {logging_mixin.py:190} INFO - [2024-11-09T18:17:09.371+0000] {dag.py:3239} INFO - Sync 1 DAGs
[2024-11-09T18:17:09.395+0000] {logging_mixin.py:190} INFO - [2024-11-09T18:17:09.395+0000] {dag.py:4180} INFO - Setting next_dagrun for spotify_pipeline to 2024-11-09 00:00:00+00:00, run_after=2024-11-10 00:00:00+00:00
[2024-11-09T18:17:09.413+0000] {processor.py:208} INFO - Processing /opt/airflow/dags/spotify_pipeline.py took 0.098 seconds
[2024-11-09T18:17:39.651+0000] {processor.py:186} INFO - Started process (PID=2330) to work on /opt/airflow/dags/spotify_pipeline.py
[2024-11-09T18:17:39.654+0000] {processor.py:914} INFO - Processing file /opt/airflow/dags/spotify_pipeline.py for tasks to queue
[2024-11-09T18:17:39.656+0000] {logging_mixin.py:190} INFO - [2024-11-09T18:17:39.656+0000] {dagbag.py:588} INFO - Filling up the DagBag from /opt/airflow/dags/spotify_pipeline.py
[2024-11-09T18:17:39.680+0000] {processor.py:925} INFO - DAG(s) 'spotify_pipeline' retrieved from /opt/airflow/dags/spotify_pipeline.py
[2024-11-09T18:17:39.706+0000] {logging_mixin.py:190} INFO - [2024-11-09T18:17:39.705+0000] {dag.py:3239} INFO - Sync 1 DAGs
[2024-11-09T18:17:39.740+0000] {logging_mixin.py:190} INFO - [2024-11-09T18:17:39.739+0000] {dag.py:4180} INFO - Setting next_dagrun for spotify_pipeline to 2024-11-09 00:00:00+00:00, run_after=2024-11-10 00:00:00+00:00
[2024-11-09T18:17:39.760+0000] {processor.py:208} INFO - Processing /opt/airflow/dags/spotify_pipeline.py took 0.114 seconds
[2024-11-09T18:18:09.995+0000] {processor.py:186} INFO - Started process (PID=2340) to work on /opt/airflow/dags/spotify_pipeline.py
[2024-11-09T18:18:09.996+0000] {processor.py:914} INFO - Processing file /opt/airflow/dags/spotify_pipeline.py for tasks to queue
[2024-11-09T18:18:09.997+0000] {logging_mixin.py:190} INFO - [2024-11-09T18:18:09.997+0000] {dagbag.py:588} INFO - Filling up the DagBag from /opt/airflow/dags/spotify_pipeline.py
[2024-11-09T18:18:10.020+0000] {processor.py:925} INFO - DAG(s) 'spotify_pipeline' retrieved from /opt/airflow/dags/spotify_pipeline.py
[2024-11-09T18:18:10.046+0000] {logging_mixin.py:190} INFO - [2024-11-09T18:18:10.046+0000] {dag.py:3239} INFO - Sync 1 DAGs
[2024-11-09T18:18:10.071+0000] {logging_mixin.py:190} INFO - [2024-11-09T18:18:10.071+0000] {dag.py:4180} INFO - Setting next_dagrun for spotify_pipeline to 2024-11-09 00:00:00+00:00, run_after=2024-11-10 00:00:00+00:00
[2024-11-09T18:18:10.092+0000] {processor.py:208} INFO - Processing /opt/airflow/dags/spotify_pipeline.py took 0.101 seconds
[2024-11-09T18:18:40.356+0000] {processor.py:186} INFO - Started process (PID=2395) to work on /opt/airflow/dags/spotify_pipeline.py
[2024-11-09T18:18:40.357+0000] {processor.py:914} INFO - Processing file /opt/airflow/dags/spotify_pipeline.py for tasks to queue
[2024-11-09T18:18:40.358+0000] {logging_mixin.py:190} INFO - [2024-11-09T18:18:40.358+0000] {dagbag.py:588} INFO - Filling up the DagBag from /opt/airflow/dags/spotify_pipeline.py
[2024-11-09T18:18:40.375+0000] {processor.py:925} INFO - DAG(s) 'spotify_pipeline' retrieved from /opt/airflow/dags/spotify_pipeline.py
[2024-11-09T18:18:40.400+0000] {logging_mixin.py:190} INFO - [2024-11-09T18:18:40.399+0000] {dag.py:3239} INFO - Sync 1 DAGs
[2024-11-09T18:18:40.423+0000] {logging_mixin.py:190} INFO - [2024-11-09T18:18:40.423+0000] {dag.py:4180} INFO - Setting next_dagrun for spotify_pipeline to 2024-11-09 00:00:00+00:00, run_after=2024-11-10 00:00:00+00:00
[2024-11-09T18:18:40.440+0000] {processor.py:208} INFO - Processing /opt/airflow/dags/spotify_pipeline.py took 0.088 seconds
[2024-11-09T18:19:10.643+0000] {processor.py:186} INFO - Started process (PID=2405) to work on /opt/airflow/dags/spotify_pipeline.py
[2024-11-09T18:19:10.645+0000] {processor.py:914} INFO - Processing file /opt/airflow/dags/spotify_pipeline.py for tasks to queue
[2024-11-09T18:19:10.646+0000] {logging_mixin.py:190} INFO - [2024-11-09T18:19:10.645+0000] {dagbag.py:588} INFO - Filling up the DagBag from /opt/airflow/dags/spotify_pipeline.py
[2024-11-09T18:19:10.666+0000] {processor.py:925} INFO - DAG(s) 'spotify_pipeline' retrieved from /opt/airflow/dags/spotify_pipeline.py
[2024-11-09T18:19:10.691+0000] {logging_mixin.py:190} INFO - [2024-11-09T18:19:10.691+0000] {dag.py:3239} INFO - Sync 1 DAGs
[2024-11-09T18:19:10.714+0000] {logging_mixin.py:190} INFO - [2024-11-09T18:19:10.714+0000] {dag.py:4180} INFO - Setting next_dagrun for spotify_pipeline to 2024-11-09 00:00:00+00:00, run_after=2024-11-10 00:00:00+00:00
[2024-11-09T18:19:10.734+0000] {processor.py:208} INFO - Processing /opt/airflow/dags/spotify_pipeline.py took 0.096 seconds
[2024-11-09T18:19:40.946+0000] {processor.py:186} INFO - Started process (PID=2415) to work on /opt/airflow/dags/spotify_pipeline.py
[2024-11-09T18:19:40.947+0000] {processor.py:914} INFO - Processing file /opt/airflow/dags/spotify_pipeline.py for tasks to queue
[2024-11-09T18:19:40.948+0000] {logging_mixin.py:190} INFO - [2024-11-09T18:19:40.948+0000] {dagbag.py:588} INFO - Filling up the DagBag from /opt/airflow/dags/spotify_pipeline.py
[2024-11-09T18:19:40.967+0000] {processor.py:925} INFO - DAG(s) 'spotify_pipeline' retrieved from /opt/airflow/dags/spotify_pipeline.py
[2024-11-09T18:19:40.994+0000] {logging_mixin.py:190} INFO - [2024-11-09T18:19:40.994+0000] {dag.py:3239} INFO - Sync 1 DAGs
[2024-11-09T18:19:41.018+0000] {logging_mixin.py:190} INFO - [2024-11-09T18:19:41.018+0000] {dag.py:4180} INFO - Setting next_dagrun for spotify_pipeline to 2024-11-09 00:00:00+00:00, run_after=2024-11-10 00:00:00+00:00
[2024-11-09T18:19:41.038+0000] {processor.py:208} INFO - Processing /opt/airflow/dags/spotify_pipeline.py took 0.098 seconds
[2024-11-09T18:20:11.251+0000] {processor.py:186} INFO - Started process (PID=2425) to work on /opt/airflow/dags/spotify_pipeline.py
[2024-11-09T18:20:11.252+0000] {processor.py:914} INFO - Processing file /opt/airflow/dags/spotify_pipeline.py for tasks to queue
[2024-11-09T18:20:11.254+0000] {logging_mixin.py:190} INFO - [2024-11-09T18:20:11.253+0000] {dagbag.py:588} INFO - Filling up the DagBag from /opt/airflow/dags/spotify_pipeline.py
[2024-11-09T18:20:11.271+0000] {processor.py:925} INFO - DAG(s) 'spotify_pipeline' retrieved from /opt/airflow/dags/spotify_pipeline.py
[2024-11-09T18:20:11.299+0000] {logging_mixin.py:190} INFO - [2024-11-09T18:20:11.298+0000] {dag.py:3239} INFO - Sync 1 DAGs
[2024-11-09T18:20:11.322+0000] {logging_mixin.py:190} INFO - [2024-11-09T18:20:11.322+0000] {dag.py:4180} INFO - Setting next_dagrun for spotify_pipeline to 2024-11-09 00:00:00+00:00, run_after=2024-11-10 00:00:00+00:00
[2024-11-09T18:20:11.339+0000] {processor.py:208} INFO - Processing /opt/airflow/dags/spotify_pipeline.py took 0.093 seconds
[2024-11-09T18:20:41.559+0000] {processor.py:186} INFO - Started process (PID=2435) to work on /opt/airflow/dags/spotify_pipeline.py
[2024-11-09T18:20:41.560+0000] {processor.py:914} INFO - Processing file /opt/airflow/dags/spotify_pipeline.py for tasks to queue
[2024-11-09T18:20:41.562+0000] {logging_mixin.py:190} INFO - [2024-11-09T18:20:41.561+0000] {dagbag.py:588} INFO - Filling up the DagBag from /opt/airflow/dags/spotify_pipeline.py
[2024-11-09T18:20:41.582+0000] {processor.py:925} INFO - DAG(s) 'spotify_pipeline' retrieved from /opt/airflow/dags/spotify_pipeline.py
[2024-11-09T18:20:41.619+0000] {logging_mixin.py:190} INFO - [2024-11-09T18:20:41.619+0000] {dag.py:3239} INFO - Sync 1 DAGs
[2024-11-09T18:20:41.649+0000] {logging_mixin.py:190} INFO - [2024-11-09T18:20:41.649+0000] {dag.py:4180} INFO - Setting next_dagrun for spotify_pipeline to 2024-11-09 00:00:00+00:00, run_after=2024-11-10 00:00:00+00:00
[2024-11-09T18:20:41.671+0000] {processor.py:208} INFO - Processing /opt/airflow/dags/spotify_pipeline.py took 0.116 seconds
[2024-11-09T18:21:11.876+0000] {processor.py:186} INFO - Started process (PID=2445) to work on /opt/airflow/dags/spotify_pipeline.py
[2024-11-09T18:21:11.877+0000] {processor.py:914} INFO - Processing file /opt/airflow/dags/spotify_pipeline.py for tasks to queue
[2024-11-09T18:21:11.879+0000] {logging_mixin.py:190} INFO - [2024-11-09T18:21:11.878+0000] {dagbag.py:588} INFO - Filling up the DagBag from /opt/airflow/dags/spotify_pipeline.py
[2024-11-09T18:21:11.901+0000] {processor.py:925} INFO - DAG(s) 'spotify_pipeline' retrieved from /opt/airflow/dags/spotify_pipeline.py
[2024-11-09T18:21:11.929+0000] {logging_mixin.py:190} INFO - [2024-11-09T18:21:11.928+0000] {dag.py:3239} INFO - Sync 1 DAGs
[2024-11-09T18:21:11.954+0000] {logging_mixin.py:190} INFO - [2024-11-09T18:21:11.954+0000] {dag.py:4180} INFO - Setting next_dagrun for spotify_pipeline to 2024-11-09 00:00:00+00:00, run_after=2024-11-10 00:00:00+00:00
[2024-11-09T18:21:11.971+0000] {processor.py:208} INFO - Processing /opt/airflow/dags/spotify_pipeline.py took 0.101 seconds
[2024-11-09T18:21:42.186+0000] {processor.py:186} INFO - Started process (PID=2455) to work on /opt/airflow/dags/spotify_pipeline.py
[2024-11-09T18:21:42.187+0000] {processor.py:914} INFO - Processing file /opt/airflow/dags/spotify_pipeline.py for tasks to queue
[2024-11-09T18:21:42.188+0000] {logging_mixin.py:190} INFO - [2024-11-09T18:21:42.188+0000] {dagbag.py:588} INFO - Filling up the DagBag from /opt/airflow/dags/spotify_pipeline.py
[2024-11-09T18:21:42.208+0000] {processor.py:925} INFO - DAG(s) 'spotify_pipeline' retrieved from /opt/airflow/dags/spotify_pipeline.py
[2024-11-09T18:21:42.232+0000] {logging_mixin.py:190} INFO - [2024-11-09T18:21:42.232+0000] {dag.py:3239} INFO - Sync 1 DAGs
[2024-11-09T18:21:42.256+0000] {logging_mixin.py:190} INFO - [2024-11-09T18:21:42.256+0000] {dag.py:4180} INFO - Setting next_dagrun for spotify_pipeline to 2024-11-09 00:00:00+00:00, run_after=2024-11-10 00:00:00+00:00
[2024-11-09T18:21:42.274+0000] {processor.py:208} INFO - Processing /opt/airflow/dags/spotify_pipeline.py took 0.094 seconds
[2024-11-09T18:22:12.485+0000] {processor.py:186} INFO - Started process (PID=2465) to work on /opt/airflow/dags/spotify_pipeline.py
[2024-11-09T18:22:12.486+0000] {processor.py:914} INFO - Processing file /opt/airflow/dags/spotify_pipeline.py for tasks to queue
[2024-11-09T18:22:12.487+0000] {logging_mixin.py:190} INFO - [2024-11-09T18:22:12.487+0000] {dagbag.py:588} INFO - Filling up the DagBag from /opt/airflow/dags/spotify_pipeline.py
[2024-11-09T18:22:12.505+0000] {processor.py:925} INFO - DAG(s) 'spotify_pipeline' retrieved from /opt/airflow/dags/spotify_pipeline.py
[2024-11-09T18:22:12.529+0000] {logging_mixin.py:190} INFO - [2024-11-09T18:22:12.529+0000] {dag.py:3239} INFO - Sync 1 DAGs
[2024-11-09T18:22:12.552+0000] {logging_mixin.py:190} INFO - [2024-11-09T18:22:12.552+0000] {dag.py:4180} INFO - Setting next_dagrun for spotify_pipeline to 2024-11-09 00:00:00+00:00, run_after=2024-11-10 00:00:00+00:00
[2024-11-09T18:22:12.569+0000] {processor.py:208} INFO - Processing /opt/airflow/dags/spotify_pipeline.py took 0.088 seconds
[2024-11-09T18:22:42.786+0000] {processor.py:186} INFO - Started process (PID=2475) to work on /opt/airflow/dags/spotify_pipeline.py
[2024-11-09T18:22:42.787+0000] {processor.py:914} INFO - Processing file /opt/airflow/dags/spotify_pipeline.py for tasks to queue
[2024-11-09T18:22:42.788+0000] {logging_mixin.py:190} INFO - [2024-11-09T18:22:42.788+0000] {dagbag.py:588} INFO - Filling up the DagBag from /opt/airflow/dags/spotify_pipeline.py
[2024-11-09T18:22:42.807+0000] {processor.py:925} INFO - DAG(s) 'spotify_pipeline' retrieved from /opt/airflow/dags/spotify_pipeline.py
[2024-11-09T18:22:42.831+0000] {logging_mixin.py:190} INFO - [2024-11-09T18:22:42.831+0000] {dag.py:3239} INFO - Sync 1 DAGs
[2024-11-09T18:22:42.855+0000] {logging_mixin.py:190} INFO - [2024-11-09T18:22:42.854+0000] {dag.py:4180} INFO - Setting next_dagrun for spotify_pipeline to 2024-11-09 00:00:00+00:00, run_after=2024-11-10 00:00:00+00:00
[2024-11-09T18:22:42.872+0000] {processor.py:208} INFO - Processing /opt/airflow/dags/spotify_pipeline.py took 0.090 seconds
[2024-11-09T18:23:13.098+0000] {processor.py:186} INFO - Started process (PID=2485) to work on /opt/airflow/dags/spotify_pipeline.py
[2024-11-09T18:23:13.099+0000] {processor.py:914} INFO - Processing file /opt/airflow/dags/spotify_pipeline.py for tasks to queue
[2024-11-09T18:23:13.100+0000] {logging_mixin.py:190} INFO - [2024-11-09T18:23:13.100+0000] {dagbag.py:588} INFO - Filling up the DagBag from /opt/airflow/dags/spotify_pipeline.py
[2024-11-09T18:23:13.118+0000] {processor.py:925} INFO - DAG(s) 'spotify_pipeline' retrieved from /opt/airflow/dags/spotify_pipeline.py
[2024-11-09T18:23:13.143+0000] {logging_mixin.py:190} INFO - [2024-11-09T18:23:13.143+0000] {dag.py:3239} INFO - Sync 1 DAGs
[2024-11-09T18:23:13.166+0000] {logging_mixin.py:190} INFO - [2024-11-09T18:23:13.166+0000] {dag.py:4180} INFO - Setting next_dagrun for spotify_pipeline to 2024-11-09 00:00:00+00:00, run_after=2024-11-10 00:00:00+00:00
[2024-11-09T18:23:13.187+0000] {processor.py:208} INFO - Processing /opt/airflow/dags/spotify_pipeline.py took 0.093 seconds
[2024-11-09T18:23:43.408+0000] {processor.py:186} INFO - Started process (PID=2495) to work on /opt/airflow/dags/spotify_pipeline.py
[2024-11-09T18:23:43.409+0000] {processor.py:914} INFO - Processing file /opt/airflow/dags/spotify_pipeline.py for tasks to queue
[2024-11-09T18:23:43.411+0000] {logging_mixin.py:190} INFO - [2024-11-09T18:23:43.410+0000] {dagbag.py:588} INFO - Filling up the DagBag from /opt/airflow/dags/spotify_pipeline.py
[2024-11-09T18:23:43.429+0000] {processor.py:925} INFO - DAG(s) 'spotify_pipeline' retrieved from /opt/airflow/dags/spotify_pipeline.py
[2024-11-09T18:23:43.456+0000] {logging_mixin.py:190} INFO - [2024-11-09T18:23:43.456+0000] {dag.py:3239} INFO - Sync 1 DAGs
[2024-11-09T18:23:43.478+0000] {logging_mixin.py:190} INFO - [2024-11-09T18:23:43.478+0000] {dag.py:4180} INFO - Setting next_dagrun for spotify_pipeline to 2024-11-09 00:00:00+00:00, run_after=2024-11-10 00:00:00+00:00
[2024-11-09T18:23:43.495+0000] {processor.py:208} INFO - Processing /opt/airflow/dags/spotify_pipeline.py took 0.094 seconds
[2024-11-09T18:24:13.743+0000] {processor.py:186} INFO - Started process (PID=2505) to work on /opt/airflow/dags/spotify_pipeline.py
[2024-11-09T18:24:13.744+0000] {processor.py:914} INFO - Processing file /opt/airflow/dags/spotify_pipeline.py for tasks to queue
[2024-11-09T18:24:13.745+0000] {logging_mixin.py:190} INFO - [2024-11-09T18:24:13.745+0000] {dagbag.py:588} INFO - Filling up the DagBag from /opt/airflow/dags/spotify_pipeline.py
[2024-11-09T18:24:13.765+0000] {processor.py:925} INFO - DAG(s) 'spotify_pipeline' retrieved from /opt/airflow/dags/spotify_pipeline.py
[2024-11-09T18:24:13.789+0000] {logging_mixin.py:190} INFO - [2024-11-09T18:24:13.789+0000] {dag.py:3239} INFO - Sync 1 DAGs
[2024-11-09T18:24:13.810+0000] {logging_mixin.py:190} INFO - [2024-11-09T18:24:13.809+0000] {dag.py:4180} INFO - Setting next_dagrun for spotify_pipeline to 2024-11-09 00:00:00+00:00, run_after=2024-11-10 00:00:00+00:00
[2024-11-09T18:24:13.827+0000] {processor.py:208} INFO - Processing /opt/airflow/dags/spotify_pipeline.py took 0.090 seconds
[2024-11-09T18:24:44.037+0000] {processor.py:186} INFO - Started process (PID=2515) to work on /opt/airflow/dags/spotify_pipeline.py
[2024-11-09T18:24:44.038+0000] {processor.py:914} INFO - Processing file /opt/airflow/dags/spotify_pipeline.py for tasks to queue
[2024-11-09T18:24:44.039+0000] {logging_mixin.py:190} INFO - [2024-11-09T18:24:44.039+0000] {dagbag.py:588} INFO - Filling up the DagBag from /opt/airflow/dags/spotify_pipeline.py
[2024-11-09T18:24:44.057+0000] {processor.py:925} INFO - DAG(s) 'spotify_pipeline' retrieved from /opt/airflow/dags/spotify_pipeline.py
[2024-11-09T18:24:44.081+0000] {logging_mixin.py:190} INFO - [2024-11-09T18:24:44.081+0000] {dag.py:3239} INFO - Sync 1 DAGs
[2024-11-09T18:24:44.103+0000] {logging_mixin.py:190} INFO - [2024-11-09T18:24:44.102+0000] {dag.py:4180} INFO - Setting next_dagrun for spotify_pipeline to 2024-11-09 00:00:00+00:00, run_after=2024-11-10 00:00:00+00:00
[2024-11-09T18:24:44.120+0000] {processor.py:208} INFO - Processing /opt/airflow/dags/spotify_pipeline.py took 0.089 seconds
[2024-11-09T18:25:14.334+0000] {processor.py:186} INFO - Started process (PID=2525) to work on /opt/airflow/dags/spotify_pipeline.py
[2024-11-09T18:25:14.335+0000] {processor.py:914} INFO - Processing file /opt/airflow/dags/spotify_pipeline.py for tasks to queue
[2024-11-09T18:25:14.336+0000] {logging_mixin.py:190} INFO - [2024-11-09T18:25:14.336+0000] {dagbag.py:588} INFO - Filling up the DagBag from /opt/airflow/dags/spotify_pipeline.py
[2024-11-09T18:25:14.356+0000] {processor.py:925} INFO - DAG(s) 'spotify_pipeline' retrieved from /opt/airflow/dags/spotify_pipeline.py
[2024-11-09T18:25:14.382+0000] {logging_mixin.py:190} INFO - [2024-11-09T18:25:14.381+0000] {dag.py:3239} INFO - Sync 1 DAGs
[2024-11-09T18:25:14.404+0000] {logging_mixin.py:190} INFO - [2024-11-09T18:25:14.403+0000] {dag.py:4180} INFO - Setting next_dagrun for spotify_pipeline to 2024-11-09 00:00:00+00:00, run_after=2024-11-10 00:00:00+00:00
[2024-11-09T18:25:14.424+0000] {processor.py:208} INFO - Processing /opt/airflow/dags/spotify_pipeline.py took 0.095 seconds
[2024-11-09T18:25:44.633+0000] {processor.py:186} INFO - Started process (PID=2535) to work on /opt/airflow/dags/spotify_pipeline.py
[2024-11-09T18:25:44.634+0000] {processor.py:914} INFO - Processing file /opt/airflow/dags/spotify_pipeline.py for tasks to queue
[2024-11-09T18:25:44.635+0000] {logging_mixin.py:190} INFO - [2024-11-09T18:25:44.635+0000] {dagbag.py:588} INFO - Filling up the DagBag from /opt/airflow/dags/spotify_pipeline.py
[2024-11-09T18:25:44.654+0000] {processor.py:925} INFO - DAG(s) 'spotify_pipeline' retrieved from /opt/airflow/dags/spotify_pipeline.py
[2024-11-09T18:25:44.682+0000] {logging_mixin.py:190} INFO - [2024-11-09T18:25:44.681+0000] {dag.py:3239} INFO - Sync 1 DAGs
[2024-11-09T18:25:44.709+0000] {logging_mixin.py:190} INFO - [2024-11-09T18:25:44.708+0000] {dag.py:4180} INFO - Setting next_dagrun for spotify_pipeline to 2024-11-09 00:00:00+00:00, run_after=2024-11-10 00:00:00+00:00
[2024-11-09T18:25:44.728+0000] {processor.py:208} INFO - Processing /opt/airflow/dags/spotify_pipeline.py took 0.098 seconds
[2024-11-09T18:26:14.929+0000] {processor.py:186} INFO - Started process (PID=2545) to work on /opt/airflow/dags/spotify_pipeline.py
[2024-11-09T18:26:14.930+0000] {processor.py:914} INFO - Processing file /opt/airflow/dags/spotify_pipeline.py for tasks to queue
[2024-11-09T18:26:14.931+0000] {logging_mixin.py:190} INFO - [2024-11-09T18:26:14.931+0000] {dagbag.py:588} INFO - Filling up the DagBag from /opt/airflow/dags/spotify_pipeline.py
[2024-11-09T18:26:14.948+0000] {processor.py:925} INFO - DAG(s) 'spotify_pipeline' retrieved from /opt/airflow/dags/spotify_pipeline.py
[2024-11-09T18:26:14.977+0000] {logging_mixin.py:190} INFO - [2024-11-09T18:26:14.977+0000] {dag.py:3239} INFO - Sync 1 DAGs
[2024-11-09T18:26:15.004+0000] {logging_mixin.py:190} INFO - [2024-11-09T18:26:15.004+0000] {dag.py:4180} INFO - Setting next_dagrun for spotify_pipeline to 2024-11-09 00:00:00+00:00, run_after=2024-11-10 00:00:00+00:00
[2024-11-09T18:26:15.021+0000] {processor.py:208} INFO - Processing /opt/airflow/dags/spotify_pipeline.py took 0.096 seconds
[2024-11-09T18:26:45.227+0000] {processor.py:186} INFO - Started process (PID=2555) to work on /opt/airflow/dags/spotify_pipeline.py
[2024-11-09T18:26:45.228+0000] {processor.py:914} INFO - Processing file /opt/airflow/dags/spotify_pipeline.py for tasks to queue
[2024-11-09T18:26:45.229+0000] {logging_mixin.py:190} INFO - [2024-11-09T18:26:45.229+0000] {dagbag.py:588} INFO - Filling up the DagBag from /opt/airflow/dags/spotify_pipeline.py
[2024-11-09T18:26:45.247+0000] {processor.py:925} INFO - DAG(s) 'spotify_pipeline' retrieved from /opt/airflow/dags/spotify_pipeline.py
[2024-11-09T18:26:45.270+0000] {logging_mixin.py:190} INFO - [2024-11-09T18:26:45.270+0000] {dag.py:3239} INFO - Sync 1 DAGs
[2024-11-09T18:26:45.290+0000] {logging_mixin.py:190} INFO - [2024-11-09T18:26:45.290+0000] {dag.py:4180} INFO - Setting next_dagrun for spotify_pipeline to 2024-11-09 00:00:00+00:00, run_after=2024-11-10 00:00:00+00:00
[2024-11-09T18:26:45.307+0000] {processor.py:208} INFO - Processing /opt/airflow/dags/spotify_pipeline.py took 0.085 seconds
[2024-11-09T18:27:15.537+0000] {processor.py:186} INFO - Started process (PID=2565) to work on /opt/airflow/dags/spotify_pipeline.py
[2024-11-09T18:27:15.538+0000] {processor.py:914} INFO - Processing file /opt/airflow/dags/spotify_pipeline.py for tasks to queue
[2024-11-09T18:27:15.539+0000] {logging_mixin.py:190} INFO - [2024-11-09T18:27:15.539+0000] {dagbag.py:588} INFO - Filling up the DagBag from /opt/airflow/dags/spotify_pipeline.py
[2024-11-09T18:27:15.556+0000] {processor.py:925} INFO - DAG(s) 'spotify_pipeline' retrieved from /opt/airflow/dags/spotify_pipeline.py
[2024-11-09T18:27:15.579+0000] {logging_mixin.py:190} INFO - [2024-11-09T18:27:15.579+0000] {dag.py:3239} INFO - Sync 1 DAGs
[2024-11-09T18:27:15.600+0000] {logging_mixin.py:190} INFO - [2024-11-09T18:27:15.600+0000] {dag.py:4180} INFO - Setting next_dagrun for spotify_pipeline to 2024-11-09 00:00:00+00:00, run_after=2024-11-10 00:00:00+00:00
[2024-11-09T18:27:15.616+0000] {processor.py:208} INFO - Processing /opt/airflow/dags/spotify_pipeline.py took 0.083 seconds
[2024-11-09T18:27:45.835+0000] {processor.py:186} INFO - Started process (PID=2575) to work on /opt/airflow/dags/spotify_pipeline.py
[2024-11-09T18:27:45.836+0000] {processor.py:914} INFO - Processing file /opt/airflow/dags/spotify_pipeline.py for tasks to queue
[2024-11-09T18:27:45.838+0000] {logging_mixin.py:190} INFO - [2024-11-09T18:27:45.837+0000] {dagbag.py:588} INFO - Filling up the DagBag from /opt/airflow/dags/spotify_pipeline.py
[2024-11-09T18:27:45.856+0000] {processor.py:925} INFO - DAG(s) 'spotify_pipeline' retrieved from /opt/airflow/dags/spotify_pipeline.py
[2024-11-09T18:27:45.880+0000] {logging_mixin.py:190} INFO - [2024-11-09T18:27:45.880+0000] {dag.py:3239} INFO - Sync 1 DAGs
[2024-11-09T18:27:45.901+0000] {logging_mixin.py:190} INFO - [2024-11-09T18:27:45.901+0000] {dag.py:4180} INFO - Setting next_dagrun for spotify_pipeline to 2024-11-09 00:00:00+00:00, run_after=2024-11-10 00:00:00+00:00
[2024-11-09T18:27:45.919+0000] {processor.py:208} INFO - Processing /opt/airflow/dags/spotify_pipeline.py took 0.089 seconds
[2024-11-09T18:28:16.140+0000] {processor.py:186} INFO - Started process (PID=2585) to work on /opt/airflow/dags/spotify_pipeline.py
[2024-11-09T18:28:16.141+0000] {processor.py:914} INFO - Processing file /opt/airflow/dags/spotify_pipeline.py for tasks to queue
[2024-11-09T18:28:16.143+0000] {logging_mixin.py:190} INFO - [2024-11-09T18:28:16.143+0000] {dagbag.py:588} INFO - Filling up the DagBag from /opt/airflow/dags/spotify_pipeline.py
[2024-11-09T18:28:16.166+0000] {processor.py:925} INFO - DAG(s) 'spotify_pipeline' retrieved from /opt/airflow/dags/spotify_pipeline.py
[2024-11-09T18:28:16.192+0000] {logging_mixin.py:190} INFO - [2024-11-09T18:28:16.192+0000] {dag.py:3239} INFO - Sync 1 DAGs
[2024-11-09T18:28:16.213+0000] {logging_mixin.py:190} INFO - [2024-11-09T18:28:16.213+0000] {dag.py:4180} INFO - Setting next_dagrun for spotify_pipeline to 2024-11-09 00:00:00+00:00, run_after=2024-11-10 00:00:00+00:00
[2024-11-09T18:28:16.232+0000] {processor.py:208} INFO - Processing /opt/airflow/dags/spotify_pipeline.py took 0.097 seconds
[2024-11-09T18:28:46.439+0000] {processor.py:186} INFO - Started process (PID=2595) to work on /opt/airflow/dags/spotify_pipeline.py
[2024-11-09T18:28:46.439+0000] {processor.py:914} INFO - Processing file /opt/airflow/dags/spotify_pipeline.py for tasks to queue
[2024-11-09T18:28:46.440+0000] {logging_mixin.py:190} INFO - [2024-11-09T18:28:46.440+0000] {dagbag.py:588} INFO - Filling up the DagBag from /opt/airflow/dags/spotify_pipeline.py
[2024-11-09T18:28:46.458+0000] {processor.py:925} INFO - DAG(s) 'spotify_pipeline' retrieved from /opt/airflow/dags/spotify_pipeline.py
[2024-11-09T18:28:46.480+0000] {logging_mixin.py:190} INFO - [2024-11-09T18:28:46.480+0000] {dag.py:3239} INFO - Sync 1 DAGs
[2024-11-09T18:28:46.500+0000] {logging_mixin.py:190} INFO - [2024-11-09T18:28:46.500+0000] {dag.py:4180} INFO - Setting next_dagrun for spotify_pipeline to 2024-11-09 00:00:00+00:00, run_after=2024-11-10 00:00:00+00:00
[2024-11-09T18:28:46.516+0000] {processor.py:208} INFO - Processing /opt/airflow/dags/spotify_pipeline.py took 0.081 seconds
[2024-11-09T18:29:16.792+0000] {processor.py:186} INFO - Started process (PID=2605) to work on /opt/airflow/dags/spotify_pipeline.py
[2024-11-09T18:29:16.793+0000] {processor.py:914} INFO - Processing file /opt/airflow/dags/spotify_pipeline.py for tasks to queue
[2024-11-09T18:29:16.795+0000] {logging_mixin.py:190} INFO - [2024-11-09T18:29:16.794+0000] {dagbag.py:588} INFO - Filling up the DagBag from /opt/airflow/dags/spotify_pipeline.py
[2024-11-09T18:29:16.814+0000] {processor.py:925} INFO - DAG(s) 'spotify_pipeline' retrieved from /opt/airflow/dags/spotify_pipeline.py
[2024-11-09T18:29:16.837+0000] {logging_mixin.py:190} INFO - [2024-11-09T18:29:16.837+0000] {dag.py:3239} INFO - Sync 1 DAGs
[2024-11-09T18:29:16.858+0000] {logging_mixin.py:190} INFO - [2024-11-09T18:29:16.858+0000] {dag.py:4180} INFO - Setting next_dagrun for spotify_pipeline to 2024-11-09 00:00:00+00:00, run_after=2024-11-10 00:00:00+00:00
[2024-11-09T18:29:16.874+0000] {processor.py:208} INFO - Processing /opt/airflow/dags/spotify_pipeline.py took 0.087 seconds
[2024-11-09T18:29:47.082+0000] {processor.py:186} INFO - Started process (PID=2615) to work on /opt/airflow/dags/spotify_pipeline.py
[2024-11-09T18:29:47.083+0000] {processor.py:914} INFO - Processing file /opt/airflow/dags/spotify_pipeline.py for tasks to queue
[2024-11-09T18:29:47.084+0000] {logging_mixin.py:190} INFO - [2024-11-09T18:29:47.084+0000] {dagbag.py:588} INFO - Filling up the DagBag from /opt/airflow/dags/spotify_pipeline.py
[2024-11-09T18:29:47.101+0000] {processor.py:925} INFO - DAG(s) 'spotify_pipeline' retrieved from /opt/airflow/dags/spotify_pipeline.py
[2024-11-09T18:29:47.125+0000] {logging_mixin.py:190} INFO - [2024-11-09T18:29:47.125+0000] {dag.py:3239} INFO - Sync 1 DAGs
[2024-11-09T18:29:47.147+0000] {logging_mixin.py:190} INFO - [2024-11-09T18:29:47.147+0000] {dag.py:4180} INFO - Setting next_dagrun for spotify_pipeline to 2024-11-09 00:00:00+00:00, run_after=2024-11-10 00:00:00+00:00
[2024-11-09T18:29:47.164+0000] {processor.py:208} INFO - Processing /opt/airflow/dags/spotify_pipeline.py took 0.086 seconds
[2024-11-09T18:30:17.363+0000] {processor.py:186} INFO - Started process (PID=2625) to work on /opt/airflow/dags/spotify_pipeline.py
[2024-11-09T18:30:17.364+0000] {processor.py:914} INFO - Processing file /opt/airflow/dags/spotify_pipeline.py for tasks to queue
[2024-11-09T18:30:17.365+0000] {logging_mixin.py:190} INFO - [2024-11-09T18:30:17.365+0000] {dagbag.py:588} INFO - Filling up the DagBag from /opt/airflow/dags/spotify_pipeline.py
[2024-11-09T18:30:17.384+0000] {processor.py:925} INFO - DAG(s) 'spotify_pipeline' retrieved from /opt/airflow/dags/spotify_pipeline.py
[2024-11-09T18:30:17.408+0000] {logging_mixin.py:190} INFO - [2024-11-09T18:30:17.408+0000] {dag.py:3239} INFO - Sync 1 DAGs
[2024-11-09T18:30:17.430+0000] {logging_mixin.py:190} INFO - [2024-11-09T18:30:17.430+0000] {dag.py:4180} INFO - Setting next_dagrun for spotify_pipeline to 2024-11-09 00:00:00+00:00, run_after=2024-11-10 00:00:00+00:00
[2024-11-09T18:30:17.448+0000] {processor.py:208} INFO - Processing /opt/airflow/dags/spotify_pipeline.py took 0.090 seconds
[2024-11-09T18:30:47.649+0000] {processor.py:186} INFO - Started process (PID=2635) to work on /opt/airflow/dags/spotify_pipeline.py
[2024-11-09T18:30:47.650+0000] {processor.py:914} INFO - Processing file /opt/airflow/dags/spotify_pipeline.py for tasks to queue
[2024-11-09T18:30:47.652+0000] {logging_mixin.py:190} INFO - [2024-11-09T18:30:47.651+0000] {dagbag.py:588} INFO - Filling up the DagBag from /opt/airflow/dags/spotify_pipeline.py
[2024-11-09T18:30:47.674+0000] {processor.py:925} INFO - DAG(s) 'spotify_pipeline' retrieved from /opt/airflow/dags/spotify_pipeline.py
[2024-11-09T18:30:47.703+0000] {logging_mixin.py:190} INFO - [2024-11-09T18:30:47.702+0000] {dag.py:3239} INFO - Sync 1 DAGs
[2024-11-09T18:30:47.724+0000] {logging_mixin.py:190} INFO - [2024-11-09T18:30:47.724+0000] {dag.py:4180} INFO - Setting next_dagrun for spotify_pipeline to 2024-11-09 00:00:00+00:00, run_after=2024-11-10 00:00:00+00:00
[2024-11-09T18:30:47.741+0000] {processor.py:208} INFO - Processing /opt/airflow/dags/spotify_pipeline.py took 0.097 seconds
[2024-11-09T18:31:17.938+0000] {processor.py:186} INFO - Started process (PID=2645) to work on /opt/airflow/dags/spotify_pipeline.py
[2024-11-09T18:31:17.939+0000] {processor.py:914} INFO - Processing file /opt/airflow/dags/spotify_pipeline.py for tasks to queue
[2024-11-09T18:31:17.941+0000] {logging_mixin.py:190} INFO - [2024-11-09T18:31:17.940+0000] {dagbag.py:588} INFO - Filling up the DagBag from /opt/airflow/dags/spotify_pipeline.py
[2024-11-09T18:31:17.959+0000] {processor.py:925} INFO - DAG(s) 'spotify_pipeline' retrieved from /opt/airflow/dags/spotify_pipeline.py
[2024-11-09T18:31:17.985+0000] {logging_mixin.py:190} INFO - [2024-11-09T18:31:17.984+0000] {dag.py:3239} INFO - Sync 1 DAGs
[2024-11-09T18:31:18.010+0000] {logging_mixin.py:190} INFO - [2024-11-09T18:31:18.009+0000] {dag.py:4180} INFO - Setting next_dagrun for spotify_pipeline to 2024-11-09 00:00:00+00:00, run_after=2024-11-10 00:00:00+00:00
[2024-11-09T18:31:18.026+0000] {processor.py:208} INFO - Processing /opt/airflow/dags/spotify_pipeline.py took 0.093 seconds
[2024-11-09T18:31:48.230+0000] {processor.py:186} INFO - Started process (PID=2655) to work on /opt/airflow/dags/spotify_pipeline.py
[2024-11-09T18:31:48.231+0000] {processor.py:914} INFO - Processing file /opt/airflow/dags/spotify_pipeline.py for tasks to queue
[2024-11-09T18:31:48.232+0000] {logging_mixin.py:190} INFO - [2024-11-09T18:31:48.232+0000] {dagbag.py:588} INFO - Filling up the DagBag from /opt/airflow/dags/spotify_pipeline.py
[2024-11-09T18:31:48.251+0000] {processor.py:925} INFO - DAG(s) 'spotify_pipeline' retrieved from /opt/airflow/dags/spotify_pipeline.py
[2024-11-09T18:31:48.275+0000] {logging_mixin.py:190} INFO - [2024-11-09T18:31:48.275+0000] {dag.py:3239} INFO - Sync 1 DAGs
[2024-11-09T18:31:48.297+0000] {logging_mixin.py:190} INFO - [2024-11-09T18:31:48.297+0000] {dag.py:4180} INFO - Setting next_dagrun for spotify_pipeline to 2024-11-09 00:00:00+00:00, run_after=2024-11-10 00:00:00+00:00
[2024-11-09T18:31:48.313+0000] {processor.py:208} INFO - Processing /opt/airflow/dags/spotify_pipeline.py took 0.089 seconds
[2024-11-09T18:32:18.511+0000] {processor.py:186} INFO - Started process (PID=2665) to work on /opt/airflow/dags/spotify_pipeline.py
[2024-11-09T18:32:18.512+0000] {processor.py:914} INFO - Processing file /opt/airflow/dags/spotify_pipeline.py for tasks to queue
[2024-11-09T18:32:18.513+0000] {logging_mixin.py:190} INFO - [2024-11-09T18:32:18.513+0000] {dagbag.py:588} INFO - Filling up the DagBag from /opt/airflow/dags/spotify_pipeline.py
[2024-11-09T18:32:18.530+0000] {processor.py:925} INFO - DAG(s) 'spotify_pipeline' retrieved from /opt/airflow/dags/spotify_pipeline.py
[2024-11-09T18:32:18.551+0000] {logging_mixin.py:190} INFO - [2024-11-09T18:32:18.551+0000] {dag.py:3239} INFO - Sync 1 DAGs
[2024-11-09T18:32:18.571+0000] {logging_mixin.py:190} INFO - [2024-11-09T18:32:18.571+0000] {dag.py:4180} INFO - Setting next_dagrun for spotify_pipeline to 2024-11-09 00:00:00+00:00, run_after=2024-11-10 00:00:00+00:00
[2024-11-09T18:32:18.588+0000] {processor.py:208} INFO - Processing /opt/airflow/dags/spotify_pipeline.py took 0.081 seconds
[2024-11-09T18:32:48.792+0000] {processor.py:186} INFO - Started process (PID=2675) to work on /opt/airflow/dags/spotify_pipeline.py
[2024-11-09T18:32:48.793+0000] {processor.py:914} INFO - Processing file /opt/airflow/dags/spotify_pipeline.py for tasks to queue
[2024-11-09T18:32:48.794+0000] {logging_mixin.py:190} INFO - [2024-11-09T18:32:48.794+0000] {dagbag.py:588} INFO - Filling up the DagBag from /opt/airflow/dags/spotify_pipeline.py
[2024-11-09T18:32:48.814+0000] {processor.py:925} INFO - DAG(s) 'spotify_pipeline' retrieved from /opt/airflow/dags/spotify_pipeline.py
[2024-11-09T18:32:48.844+0000] {logging_mixin.py:190} INFO - [2024-11-09T18:32:48.844+0000] {dag.py:3239} INFO - Sync 1 DAGs
[2024-11-09T18:32:48.868+0000] {logging_mixin.py:190} INFO - [2024-11-09T18:32:48.868+0000] {dag.py:4180} INFO - Setting next_dagrun for spotify_pipeline to 2024-11-09 00:00:00+00:00, run_after=2024-11-10 00:00:00+00:00
[2024-11-09T18:32:48.885+0000] {processor.py:208} INFO - Processing /opt/airflow/dags/spotify_pipeline.py took 0.099 seconds
[2024-11-09T18:33:19.103+0000] {processor.py:186} INFO - Started process (PID=2685) to work on /opt/airflow/dags/spotify_pipeline.py
[2024-11-09T18:33:19.104+0000] {processor.py:914} INFO - Processing file /opt/airflow/dags/spotify_pipeline.py for tasks to queue
[2024-11-09T18:33:19.105+0000] {logging_mixin.py:190} INFO - [2024-11-09T18:33:19.105+0000] {dagbag.py:588} INFO - Filling up the DagBag from /opt/airflow/dags/spotify_pipeline.py
[2024-11-09T18:33:19.128+0000] {processor.py:925} INFO - DAG(s) 'spotify_pipeline' retrieved from /opt/airflow/dags/spotify_pipeline.py
[2024-11-09T18:33:19.152+0000] {logging_mixin.py:190} INFO - [2024-11-09T18:33:19.151+0000] {dag.py:3239} INFO - Sync 1 DAGs
[2024-11-09T18:33:19.173+0000] {logging_mixin.py:190} INFO - [2024-11-09T18:33:19.172+0000] {dag.py:4180} INFO - Setting next_dagrun for spotify_pipeline to 2024-11-09 00:00:00+00:00, run_after=2024-11-10 00:00:00+00:00
[2024-11-09T18:33:19.189+0000] {processor.py:208} INFO - Processing /opt/airflow/dags/spotify_pipeline.py took 0.093 seconds
[2024-11-09T18:33:49.434+0000] {processor.py:186} INFO - Started process (PID=2695) to work on /opt/airflow/dags/spotify_pipeline.py
[2024-11-09T18:33:49.435+0000] {processor.py:914} INFO - Processing file /opt/airflow/dags/spotify_pipeline.py for tasks to queue
[2024-11-09T18:33:49.436+0000] {logging_mixin.py:190} INFO - [2024-11-09T18:33:49.436+0000] {dagbag.py:588} INFO - Filling up the DagBag from /opt/airflow/dags/spotify_pipeline.py
[2024-11-09T18:33:49.454+0000] {processor.py:925} INFO - DAG(s) 'spotify_pipeline' retrieved from /opt/airflow/dags/spotify_pipeline.py
[2024-11-09T18:33:49.478+0000] {logging_mixin.py:190} INFO - [2024-11-09T18:33:49.478+0000] {dag.py:3239} INFO - Sync 1 DAGs
[2024-11-09T18:33:49.500+0000] {logging_mixin.py:190} INFO - [2024-11-09T18:33:49.499+0000] {dag.py:4180} INFO - Setting next_dagrun for spotify_pipeline to 2024-11-09 00:00:00+00:00, run_after=2024-11-10 00:00:00+00:00
[2024-11-09T18:33:49.518+0000] {processor.py:208} INFO - Processing /opt/airflow/dags/spotify_pipeline.py took 0.090 seconds
[2024-11-09T18:34:19.706+0000] {processor.py:186} INFO - Started process (PID=2705) to work on /opt/airflow/dags/spotify_pipeline.py
[2024-11-09T18:34:19.707+0000] {processor.py:914} INFO - Processing file /opt/airflow/dags/spotify_pipeline.py for tasks to queue
[2024-11-09T18:34:19.708+0000] {logging_mixin.py:190} INFO - [2024-11-09T18:34:19.708+0000] {dagbag.py:588} INFO - Filling up the DagBag from /opt/airflow/dags/spotify_pipeline.py
[2024-11-09T18:34:19.725+0000] {processor.py:925} INFO - DAG(s) 'spotify_pipeline' retrieved from /opt/airflow/dags/spotify_pipeline.py
[2024-11-09T18:34:19.748+0000] {logging_mixin.py:190} INFO - [2024-11-09T18:34:19.748+0000] {dag.py:3239} INFO - Sync 1 DAGs
[2024-11-09T18:34:19.771+0000] {logging_mixin.py:190} INFO - [2024-11-09T18:34:19.771+0000] {dag.py:4180} INFO - Setting next_dagrun for spotify_pipeline to 2024-11-09 00:00:00+00:00, run_after=2024-11-10 00:00:00+00:00
[2024-11-09T18:34:19.791+0000] {processor.py:208} INFO - Processing /opt/airflow/dags/spotify_pipeline.py took 0.089 seconds
[2024-11-09T18:34:49.977+0000] {processor.py:186} INFO - Started process (PID=2715) to work on /opt/airflow/dags/spotify_pipeline.py
[2024-11-09T18:34:49.978+0000] {processor.py:914} INFO - Processing file /opt/airflow/dags/spotify_pipeline.py for tasks to queue
[2024-11-09T18:34:49.979+0000] {logging_mixin.py:190} INFO - [2024-11-09T18:34:49.979+0000] {dagbag.py:588} INFO - Filling up the DagBag from /opt/airflow/dags/spotify_pipeline.py
[2024-11-09T18:34:49.996+0000] {processor.py:925} INFO - DAG(s) 'spotify_pipeline' retrieved from /opt/airflow/dags/spotify_pipeline.py
[2024-11-09T18:34:50.020+0000] {logging_mixin.py:190} INFO - [2024-11-09T18:34:50.020+0000] {dag.py:3239} INFO - Sync 1 DAGs
[2024-11-09T18:34:50.042+0000] {logging_mixin.py:190} INFO - [2024-11-09T18:34:50.041+0000] {dag.py:4180} INFO - Setting next_dagrun for spotify_pipeline to 2024-11-09 00:00:00+00:00, run_after=2024-11-10 00:00:00+00:00
[2024-11-09T18:34:50.057+0000] {processor.py:208} INFO - Processing /opt/airflow/dags/spotify_pipeline.py took 0.083 seconds
[2024-11-09T18:35:20.269+0000] {processor.py:186} INFO - Started process (PID=2725) to work on /opt/airflow/dags/spotify_pipeline.py
[2024-11-09T18:35:20.269+0000] {processor.py:914} INFO - Processing file /opt/airflow/dags/spotify_pipeline.py for tasks to queue
[2024-11-09T18:35:20.271+0000] {logging_mixin.py:190} INFO - [2024-11-09T18:35:20.270+0000] {dagbag.py:588} INFO - Filling up the DagBag from /opt/airflow/dags/spotify_pipeline.py
[2024-11-09T18:35:20.287+0000] {processor.py:925} INFO - DAG(s) 'spotify_pipeline' retrieved from /opt/airflow/dags/spotify_pipeline.py
[2024-11-09T18:35:20.312+0000] {logging_mixin.py:190} INFO - [2024-11-09T18:35:20.312+0000] {dag.py:3239} INFO - Sync 1 DAGs
[2024-11-09T18:35:20.334+0000] {logging_mixin.py:190} INFO - [2024-11-09T18:35:20.334+0000] {dag.py:4180} INFO - Setting next_dagrun for spotify_pipeline to 2024-11-09 00:00:00+00:00, run_after=2024-11-10 00:00:00+00:00
[2024-11-09T18:35:20.350+0000] {processor.py:208} INFO - Processing /opt/airflow/dags/spotify_pipeline.py took 0.087 seconds
[2024-11-09T18:35:50.553+0000] {processor.py:186} INFO - Started process (PID=2735) to work on /opt/airflow/dags/spotify_pipeline.py
[2024-11-09T18:35:50.554+0000] {processor.py:914} INFO - Processing file /opt/airflow/dags/spotify_pipeline.py for tasks to queue
[2024-11-09T18:35:50.555+0000] {logging_mixin.py:190} INFO - [2024-11-09T18:35:50.555+0000] {dagbag.py:588} INFO - Filling up the DagBag from /opt/airflow/dags/spotify_pipeline.py
[2024-11-09T18:35:50.574+0000] {processor.py:925} INFO - DAG(s) 'spotify_pipeline' retrieved from /opt/airflow/dags/spotify_pipeline.py
[2024-11-09T18:35:50.598+0000] {logging_mixin.py:190} INFO - [2024-11-09T18:35:50.597+0000] {dag.py:3239} INFO - Sync 1 DAGs
[2024-11-09T18:35:50.618+0000] {logging_mixin.py:190} INFO - [2024-11-09T18:35:50.618+0000] {dag.py:4180} INFO - Setting next_dagrun for spotify_pipeline to 2024-11-09 00:00:00+00:00, run_after=2024-11-10 00:00:00+00:00
[2024-11-09T18:35:50.633+0000] {processor.py:208} INFO - Processing /opt/airflow/dags/spotify_pipeline.py took 0.086 seconds
[2024-11-09T18:36:20.865+0000] {processor.py:186} INFO - Started process (PID=2745) to work on /opt/airflow/dags/spotify_pipeline.py
[2024-11-09T18:36:20.867+0000] {processor.py:914} INFO - Processing file /opt/airflow/dags/spotify_pipeline.py for tasks to queue
[2024-11-09T18:36:20.869+0000] {logging_mixin.py:190} INFO - [2024-11-09T18:36:20.868+0000] {dagbag.py:588} INFO - Filling up the DagBag from /opt/airflow/dags/spotify_pipeline.py
[2024-11-09T18:36:20.898+0000] {processor.py:925} INFO - DAG(s) 'spotify_pipeline' retrieved from /opt/airflow/dags/spotify_pipeline.py
[2024-11-09T18:36:20.937+0000] {logging_mixin.py:190} INFO - [2024-11-09T18:36:20.937+0000] {dag.py:3239} INFO - Sync 1 DAGs
[2024-11-09T18:36:20.969+0000] {logging_mixin.py:190} INFO - [2024-11-09T18:36:20.969+0000] {dag.py:4180} INFO - Setting next_dagrun for spotify_pipeline to 2024-11-09 00:00:00+00:00, run_after=2024-11-10 00:00:00+00:00
[2024-11-09T18:36:20.997+0000] {processor.py:208} INFO - Processing /opt/airflow/dags/spotify_pipeline.py took 0.142 seconds
[2024-11-09T18:36:51.209+0000] {processor.py:186} INFO - Started process (PID=2755) to work on /opt/airflow/dags/spotify_pipeline.py
[2024-11-09T18:36:51.210+0000] {processor.py:914} INFO - Processing file /opt/airflow/dags/spotify_pipeline.py for tasks to queue
[2024-11-09T18:36:51.211+0000] {logging_mixin.py:190} INFO - [2024-11-09T18:36:51.211+0000] {dagbag.py:588} INFO - Filling up the DagBag from /opt/airflow/dags/spotify_pipeline.py
[2024-11-09T18:36:51.229+0000] {processor.py:925} INFO - DAG(s) 'spotify_pipeline' retrieved from /opt/airflow/dags/spotify_pipeline.py
[2024-11-09T18:36:51.253+0000] {logging_mixin.py:190} INFO - [2024-11-09T18:36:51.253+0000] {dag.py:3239} INFO - Sync 1 DAGs
[2024-11-09T18:36:51.275+0000] {logging_mixin.py:190} INFO - [2024-11-09T18:36:51.275+0000] {dag.py:4180} INFO - Setting next_dagrun for spotify_pipeline to 2024-11-09 00:00:00+00:00, run_after=2024-11-10 00:00:00+00:00
[2024-11-09T18:36:51.291+0000] {processor.py:208} INFO - Processing /opt/airflow/dags/spotify_pipeline.py took 0.087 seconds
[2024-11-09T18:37:21.509+0000] {processor.py:186} INFO - Started process (PID=2765) to work on /opt/airflow/dags/spotify_pipeline.py
[2024-11-09T18:37:21.510+0000] {processor.py:914} INFO - Processing file /opt/airflow/dags/spotify_pipeline.py for tasks to queue
[2024-11-09T18:37:21.511+0000] {logging_mixin.py:190} INFO - [2024-11-09T18:37:21.511+0000] {dagbag.py:588} INFO - Filling up the DagBag from /opt/airflow/dags/spotify_pipeline.py
[2024-11-09T18:37:21.527+0000] {processor.py:925} INFO - DAG(s) 'spotify_pipeline' retrieved from /opt/airflow/dags/spotify_pipeline.py
[2024-11-09T18:37:21.551+0000] {logging_mixin.py:190} INFO - [2024-11-09T18:37:21.551+0000] {dag.py:3239} INFO - Sync 1 DAGs
[2024-11-09T18:37:21.574+0000] {logging_mixin.py:190} INFO - [2024-11-09T18:37:21.574+0000] {dag.py:4180} INFO - Setting next_dagrun for spotify_pipeline to 2024-11-09 00:00:00+00:00, run_after=2024-11-10 00:00:00+00:00
[2024-11-09T18:37:21.589+0000] {processor.py:208} INFO - Processing /opt/airflow/dags/spotify_pipeline.py took 0.084 seconds
[2024-11-09T18:37:51.790+0000] {processor.py:186} INFO - Started process (PID=2775) to work on /opt/airflow/dags/spotify_pipeline.py
[2024-11-09T18:37:51.791+0000] {processor.py:914} INFO - Processing file /opt/airflow/dags/spotify_pipeline.py for tasks to queue
[2024-11-09T18:37:51.792+0000] {logging_mixin.py:190} INFO - [2024-11-09T18:37:51.792+0000] {dagbag.py:588} INFO - Filling up the DagBag from /opt/airflow/dags/spotify_pipeline.py
[2024-11-09T18:37:51.812+0000] {processor.py:925} INFO - DAG(s) 'spotify_pipeline' retrieved from /opt/airflow/dags/spotify_pipeline.py
[2024-11-09T18:37:51.836+0000] {logging_mixin.py:190} INFO - [2024-11-09T18:37:51.836+0000] {dag.py:3239} INFO - Sync 1 DAGs
[2024-11-09T18:37:51.858+0000] {logging_mixin.py:190} INFO - [2024-11-09T18:37:51.858+0000] {dag.py:4180} INFO - Setting next_dagrun for spotify_pipeline to 2024-11-09 00:00:00+00:00, run_after=2024-11-10 00:00:00+00:00
[2024-11-09T18:37:51.874+0000] {processor.py:208} INFO - Processing /opt/airflow/dags/spotify_pipeline.py took 0.089 seconds
[2024-11-09T18:38:22.060+0000] {processor.py:186} INFO - Started process (PID=2785) to work on /opt/airflow/dags/spotify_pipeline.py
[2024-11-09T18:38:22.061+0000] {processor.py:914} INFO - Processing file /opt/airflow/dags/spotify_pipeline.py for tasks to queue
[2024-11-09T18:38:22.062+0000] {logging_mixin.py:190} INFO - [2024-11-09T18:38:22.062+0000] {dagbag.py:588} INFO - Filling up the DagBag from /opt/airflow/dags/spotify_pipeline.py
[2024-11-09T18:38:22.083+0000] {processor.py:925} INFO - DAG(s) 'spotify_pipeline' retrieved from /opt/airflow/dags/spotify_pipeline.py
[2024-11-09T18:38:22.110+0000] {logging_mixin.py:190} INFO - [2024-11-09T18:38:22.109+0000] {dag.py:3239} INFO - Sync 1 DAGs
[2024-11-09T18:38:22.130+0000] {logging_mixin.py:190} INFO - [2024-11-09T18:38:22.129+0000] {dag.py:4180} INFO - Setting next_dagrun for spotify_pipeline to 2024-11-09 00:00:00+00:00, run_after=2024-11-10 00:00:00+00:00
[2024-11-09T18:38:22.147+0000] {processor.py:208} INFO - Processing /opt/airflow/dags/spotify_pipeline.py took 0.091 seconds
[2024-11-09T18:38:52.342+0000] {processor.py:186} INFO - Started process (PID=2795) to work on /opt/airflow/dags/spotify_pipeline.py
[2024-11-09T18:38:52.342+0000] {processor.py:914} INFO - Processing file /opt/airflow/dags/spotify_pipeline.py for tasks to queue
[2024-11-09T18:38:52.344+0000] {logging_mixin.py:190} INFO - [2024-11-09T18:38:52.344+0000] {dagbag.py:588} INFO - Filling up the DagBag from /opt/airflow/dags/spotify_pipeline.py
[2024-11-09T18:38:52.361+0000] {processor.py:925} INFO - DAG(s) 'spotify_pipeline' retrieved from /opt/airflow/dags/spotify_pipeline.py
[2024-11-09T18:38:52.386+0000] {logging_mixin.py:190} INFO - [2024-11-09T18:38:52.385+0000] {dag.py:3239} INFO - Sync 1 DAGs
[2024-11-09T18:38:52.408+0000] {logging_mixin.py:190} INFO - [2024-11-09T18:38:52.408+0000] {dag.py:4180} INFO - Setting next_dagrun for spotify_pipeline to 2024-11-09 00:00:00+00:00, run_after=2024-11-10 00:00:00+00:00
[2024-11-09T18:38:52.426+0000] {processor.py:208} INFO - Processing /opt/airflow/dags/spotify_pipeline.py took 0.089 seconds
[2024-11-09T18:39:22.619+0000] {processor.py:186} INFO - Started process (PID=2805) to work on /opt/airflow/dags/spotify_pipeline.py
[2024-11-09T18:39:22.620+0000] {processor.py:914} INFO - Processing file /opt/airflow/dags/spotify_pipeline.py for tasks to queue
[2024-11-09T18:39:22.621+0000] {logging_mixin.py:190} INFO - [2024-11-09T18:39:22.621+0000] {dagbag.py:588} INFO - Filling up the DagBag from /opt/airflow/dags/spotify_pipeline.py
[2024-11-09T18:39:22.639+0000] {processor.py:925} INFO - DAG(s) 'spotify_pipeline' retrieved from /opt/airflow/dags/spotify_pipeline.py
[2024-11-09T18:39:22.663+0000] {logging_mixin.py:190} INFO - [2024-11-09T18:39:22.662+0000] {dag.py:3239} INFO - Sync 1 DAGs
[2024-11-09T18:39:22.684+0000] {logging_mixin.py:190} INFO - [2024-11-09T18:39:22.684+0000] {dag.py:4180} INFO - Setting next_dagrun for spotify_pipeline to 2024-11-09 00:00:00+00:00, run_after=2024-11-10 00:00:00+00:00
[2024-11-09T18:39:22.702+0000] {processor.py:208} INFO - Processing /opt/airflow/dags/spotify_pipeline.py took 0.087 seconds
[2024-11-09T18:39:52.894+0000] {processor.py:186} INFO - Started process (PID=2815) to work on /opt/airflow/dags/spotify_pipeline.py
[2024-11-09T18:39:52.895+0000] {processor.py:914} INFO - Processing file /opt/airflow/dags/spotify_pipeline.py for tasks to queue
[2024-11-09T18:39:52.896+0000] {logging_mixin.py:190} INFO - [2024-11-09T18:39:52.896+0000] {dagbag.py:588} INFO - Filling up the DagBag from /opt/airflow/dags/spotify_pipeline.py
[2024-11-09T18:39:52.915+0000] {processor.py:925} INFO - DAG(s) 'spotify_pipeline' retrieved from /opt/airflow/dags/spotify_pipeline.py
[2024-11-09T18:39:52.938+0000] {logging_mixin.py:190} INFO - [2024-11-09T18:39:52.938+0000] {dag.py:3239} INFO - Sync 1 DAGs
[2024-11-09T18:39:52.960+0000] {logging_mixin.py:190} INFO - [2024-11-09T18:39:52.959+0000] {dag.py:4180} INFO - Setting next_dagrun for spotify_pipeline to 2024-11-09 00:00:00+00:00, run_after=2024-11-10 00:00:00+00:00
[2024-11-09T18:39:52.980+0000] {processor.py:208} INFO - Processing /opt/airflow/dags/spotify_pipeline.py took 0.090 seconds
[2024-11-09T18:40:23.165+0000] {processor.py:186} INFO - Started process (PID=2825) to work on /opt/airflow/dags/spotify_pipeline.py
[2024-11-09T18:40:23.166+0000] {processor.py:914} INFO - Processing file /opt/airflow/dags/spotify_pipeline.py for tasks to queue
[2024-11-09T18:40:23.167+0000] {logging_mixin.py:190} INFO - [2024-11-09T18:40:23.167+0000] {dagbag.py:588} INFO - Filling up the DagBag from /opt/airflow/dags/spotify_pipeline.py
[2024-11-09T18:40:23.186+0000] {processor.py:925} INFO - DAG(s) 'spotify_pipeline' retrieved from /opt/airflow/dags/spotify_pipeline.py
[2024-11-09T18:40:23.208+0000] {logging_mixin.py:190} INFO - [2024-11-09T18:40:23.207+0000] {dag.py:3239} INFO - Sync 1 DAGs
[2024-11-09T18:40:23.228+0000] {logging_mixin.py:190} INFO - [2024-11-09T18:40:23.227+0000] {dag.py:4180} INFO - Setting next_dagrun for spotify_pipeline to 2024-11-09 00:00:00+00:00, run_after=2024-11-10 00:00:00+00:00
[2024-11-09T18:40:23.243+0000] {processor.py:208} INFO - Processing /opt/airflow/dags/spotify_pipeline.py took 0.083 seconds
[2024-11-09T18:40:53.432+0000] {processor.py:186} INFO - Started process (PID=2835) to work on /opt/airflow/dags/spotify_pipeline.py
[2024-11-09T18:40:53.433+0000] {processor.py:914} INFO - Processing file /opt/airflow/dags/spotify_pipeline.py for tasks to queue
[2024-11-09T18:40:53.434+0000] {logging_mixin.py:190} INFO - [2024-11-09T18:40:53.434+0000] {dagbag.py:588} INFO - Filling up the DagBag from /opt/airflow/dags/spotify_pipeline.py
[2024-11-09T18:40:53.452+0000] {processor.py:925} INFO - DAG(s) 'spotify_pipeline' retrieved from /opt/airflow/dags/spotify_pipeline.py
[2024-11-09T18:40:53.476+0000] {logging_mixin.py:190} INFO - [2024-11-09T18:40:53.476+0000] {dag.py:3239} INFO - Sync 1 DAGs
[2024-11-09T18:40:53.495+0000] {logging_mixin.py:190} INFO - [2024-11-09T18:40:53.495+0000] {dag.py:4180} INFO - Setting next_dagrun for spotify_pipeline to 2024-11-09 00:00:00+00:00, run_after=2024-11-10 00:00:00+00:00
[2024-11-09T18:40:53.510+0000] {processor.py:208} INFO - Processing /opt/airflow/dags/spotify_pipeline.py took 0.083 seconds
[2024-11-09T18:41:23.696+0000] {processor.py:186} INFO - Started process (PID=2845) to work on /opt/airflow/dags/spotify_pipeline.py
[2024-11-09T18:41:23.697+0000] {processor.py:914} INFO - Processing file /opt/airflow/dags/spotify_pipeline.py for tasks to queue
[2024-11-09T18:41:23.699+0000] {logging_mixin.py:190} INFO - [2024-11-09T18:41:23.698+0000] {dagbag.py:588} INFO - Filling up the DagBag from /opt/airflow/dags/spotify_pipeline.py
[2024-11-09T18:41:23.718+0000] {processor.py:925} INFO - DAG(s) 'spotify_pipeline' retrieved from /opt/airflow/dags/spotify_pipeline.py
[2024-11-09T18:41:23.741+0000] {logging_mixin.py:190} INFO - [2024-11-09T18:41:23.740+0000] {dag.py:3239} INFO - Sync 1 DAGs
[2024-11-09T18:41:23.760+0000] {logging_mixin.py:190} INFO - [2024-11-09T18:41:23.760+0000] {dag.py:4180} INFO - Setting next_dagrun for spotify_pipeline to 2024-11-09 00:00:00+00:00, run_after=2024-11-10 00:00:00+00:00
[2024-11-09T18:41:23.778+0000] {processor.py:208} INFO - Processing /opt/airflow/dags/spotify_pipeline.py took 0.087 seconds
[2024-11-09T18:41:53.968+0000] {processor.py:186} INFO - Started process (PID=2855) to work on /opt/airflow/dags/spotify_pipeline.py
[2024-11-09T18:41:53.969+0000] {processor.py:914} INFO - Processing file /opt/airflow/dags/spotify_pipeline.py for tasks to queue
[2024-11-09T18:41:53.970+0000] {logging_mixin.py:190} INFO - [2024-11-09T18:41:53.970+0000] {dagbag.py:588} INFO - Filling up the DagBag from /opt/airflow/dags/spotify_pipeline.py
[2024-11-09T18:41:53.989+0000] {processor.py:925} INFO - DAG(s) 'spotify_pipeline' retrieved from /opt/airflow/dags/spotify_pipeline.py
[2024-11-09T18:41:54.013+0000] {logging_mixin.py:190} INFO - [2024-11-09T18:41:54.013+0000] {dag.py:3239} INFO - Sync 1 DAGs
[2024-11-09T18:41:54.034+0000] {logging_mixin.py:190} INFO - [2024-11-09T18:41:54.034+0000] {dag.py:4180} INFO - Setting next_dagrun for spotify_pipeline to 2024-11-09 00:00:00+00:00, run_after=2024-11-10 00:00:00+00:00
[2024-11-09T18:41:54.051+0000] {processor.py:208} INFO - Processing /opt/airflow/dags/spotify_pipeline.py took 0.088 seconds
[2024-11-09T18:42:24.246+0000] {processor.py:186} INFO - Started process (PID=2865) to work on /opt/airflow/dags/spotify_pipeline.py
[2024-11-09T18:42:24.247+0000] {processor.py:914} INFO - Processing file /opt/airflow/dags/spotify_pipeline.py for tasks to queue
[2024-11-09T18:42:24.248+0000] {logging_mixin.py:190} INFO - [2024-11-09T18:42:24.248+0000] {dagbag.py:588} INFO - Filling up the DagBag from /opt/airflow/dags/spotify_pipeline.py
[2024-11-09T18:42:24.268+0000] {processor.py:925} INFO - DAG(s) 'spotify_pipeline' retrieved from /opt/airflow/dags/spotify_pipeline.py
[2024-11-09T18:42:24.291+0000] {logging_mixin.py:190} INFO - [2024-11-09T18:42:24.291+0000] {dag.py:3239} INFO - Sync 1 DAGs
[2024-11-09T18:42:24.312+0000] {logging_mixin.py:190} INFO - [2024-11-09T18:42:24.312+0000] {dag.py:4180} INFO - Setting next_dagrun for spotify_pipeline to 2024-11-09 00:00:00+00:00, run_after=2024-11-10 00:00:00+00:00
[2024-11-09T18:42:24.330+0000] {processor.py:208} INFO - Processing /opt/airflow/dags/spotify_pipeline.py took 0.090 seconds
[2024-11-09T18:42:54.541+0000] {processor.py:186} INFO - Started process (PID=2875) to work on /opt/airflow/dags/spotify_pipeline.py
[2024-11-09T18:42:54.542+0000] {processor.py:914} INFO - Processing file /opt/airflow/dags/spotify_pipeline.py for tasks to queue
[2024-11-09T18:42:54.543+0000] {logging_mixin.py:190} INFO - [2024-11-09T18:42:54.543+0000] {dagbag.py:588} INFO - Filling up the DagBag from /opt/airflow/dags/spotify_pipeline.py
[2024-11-09T18:42:54.562+0000] {processor.py:925} INFO - DAG(s) 'spotify_pipeline' retrieved from /opt/airflow/dags/spotify_pipeline.py
[2024-11-09T18:42:54.588+0000] {logging_mixin.py:190} INFO - [2024-11-09T18:42:54.588+0000] {dag.py:3239} INFO - Sync 1 DAGs
[2024-11-09T18:42:54.611+0000] {logging_mixin.py:190} INFO - [2024-11-09T18:42:54.611+0000] {dag.py:4180} INFO - Setting next_dagrun for spotify_pipeline to 2024-11-09 00:00:00+00:00, run_after=2024-11-10 00:00:00+00:00
[2024-11-09T18:42:54.628+0000] {processor.py:208} INFO - Processing /opt/airflow/dags/spotify_pipeline.py took 0.093 seconds
[2024-11-09T18:43:24.835+0000] {processor.py:186} INFO - Started process (PID=2885) to work on /opt/airflow/dags/spotify_pipeline.py
[2024-11-09T18:43:24.835+0000] {processor.py:914} INFO - Processing file /opt/airflow/dags/spotify_pipeline.py for tasks to queue
[2024-11-09T18:43:24.836+0000] {logging_mixin.py:190} INFO - [2024-11-09T18:43:24.836+0000] {dagbag.py:588} INFO - Filling up the DagBag from /opt/airflow/dags/spotify_pipeline.py
[2024-11-09T18:43:24.854+0000] {processor.py:925} INFO - DAG(s) 'spotify_pipeline' retrieved from /opt/airflow/dags/spotify_pipeline.py
[2024-11-09T18:43:24.878+0000] {logging_mixin.py:190} INFO - [2024-11-09T18:43:24.878+0000] {dag.py:3239} INFO - Sync 1 DAGs
[2024-11-09T18:43:24.900+0000] {logging_mixin.py:190} INFO - [2024-11-09T18:43:24.900+0000] {dag.py:4180} INFO - Setting next_dagrun for spotify_pipeline to 2024-11-09 00:00:00+00:00, run_after=2024-11-10 00:00:00+00:00
[2024-11-09T18:43:24.918+0000] {processor.py:208} INFO - Processing /opt/airflow/dags/spotify_pipeline.py took 0.088 seconds
[2024-11-09T18:43:55.158+0000] {processor.py:186} INFO - Started process (PID=2895) to work on /opt/airflow/dags/spotify_pipeline.py
[2024-11-09T18:43:55.159+0000] {processor.py:914} INFO - Processing file /opt/airflow/dags/spotify_pipeline.py for tasks to queue
[2024-11-09T18:43:55.161+0000] {logging_mixin.py:190} INFO - [2024-11-09T18:43:55.160+0000] {dagbag.py:588} INFO - Filling up the DagBag from /opt/airflow/dags/spotify_pipeline.py
[2024-11-09T18:43:55.180+0000] {processor.py:925} INFO - DAG(s) 'spotify_pipeline' retrieved from /opt/airflow/dags/spotify_pipeline.py
[2024-11-09T18:43:55.205+0000] {logging_mixin.py:190} INFO - [2024-11-09T18:43:55.205+0000] {dag.py:3239} INFO - Sync 1 DAGs
[2024-11-09T18:43:55.227+0000] {logging_mixin.py:190} INFO - [2024-11-09T18:43:55.227+0000] {dag.py:4180} INFO - Setting next_dagrun for spotify_pipeline to 2024-11-09 00:00:00+00:00, run_after=2024-11-10 00:00:00+00:00
[2024-11-09T18:43:55.244+0000] {processor.py:208} INFO - Processing /opt/airflow/dags/spotify_pipeline.py took 0.091 seconds
[2024-11-09T18:44:25.429+0000] {processor.py:186} INFO - Started process (PID=2905) to work on /opt/airflow/dags/spotify_pipeline.py
[2024-11-09T18:44:25.430+0000] {processor.py:914} INFO - Processing file /opt/airflow/dags/spotify_pipeline.py for tasks to queue
[2024-11-09T18:44:25.432+0000] {logging_mixin.py:190} INFO - [2024-11-09T18:44:25.431+0000] {dagbag.py:588} INFO - Filling up the DagBag from /opt/airflow/dags/spotify_pipeline.py
[2024-11-09T18:44:25.448+0000] {processor.py:925} INFO - DAG(s) 'spotify_pipeline' retrieved from /opt/airflow/dags/spotify_pipeline.py
[2024-11-09T18:44:25.473+0000] {logging_mixin.py:190} INFO - [2024-11-09T18:44:25.473+0000] {dag.py:3239} INFO - Sync 1 DAGs
[2024-11-09T18:44:25.497+0000] {logging_mixin.py:190} INFO - [2024-11-09T18:44:25.496+0000] {dag.py:4180} INFO - Setting next_dagrun for spotify_pipeline to 2024-11-09 00:00:00+00:00, run_after=2024-11-10 00:00:00+00:00
[2024-11-09T18:44:25.517+0000] {processor.py:208} INFO - Processing /opt/airflow/dags/spotify_pipeline.py took 0.092 seconds
[2024-11-09T18:44:55.706+0000] {processor.py:186} INFO - Started process (PID=2915) to work on /opt/airflow/dags/spotify_pipeline.py
[2024-11-09T18:44:55.707+0000] {processor.py:914} INFO - Processing file /opt/airflow/dags/spotify_pipeline.py for tasks to queue
[2024-11-09T18:44:55.708+0000] {logging_mixin.py:190} INFO - [2024-11-09T18:44:55.708+0000] {dagbag.py:588} INFO - Filling up the DagBag from /opt/airflow/dags/spotify_pipeline.py
[2024-11-09T18:44:55.727+0000] {processor.py:925} INFO - DAG(s) 'spotify_pipeline' retrieved from /opt/airflow/dags/spotify_pipeline.py
[2024-11-09T18:44:55.752+0000] {logging_mixin.py:190} INFO - [2024-11-09T18:44:55.752+0000] {dag.py:3239} INFO - Sync 1 DAGs
[2024-11-09T18:44:55.775+0000] {logging_mixin.py:190} INFO - [2024-11-09T18:44:55.774+0000] {dag.py:4180} INFO - Setting next_dagrun for spotify_pipeline to 2024-11-09 00:00:00+00:00, run_after=2024-11-10 00:00:00+00:00
[2024-11-09T18:44:55.792+0000] {processor.py:208} INFO - Processing /opt/airflow/dags/spotify_pipeline.py took 0.091 seconds
[2024-11-09T18:45:25.979+0000] {processor.py:186} INFO - Started process (PID=2925) to work on /opt/airflow/dags/spotify_pipeline.py
[2024-11-09T18:45:25.980+0000] {processor.py:914} INFO - Processing file /opt/airflow/dags/spotify_pipeline.py for tasks to queue
[2024-11-09T18:45:25.981+0000] {logging_mixin.py:190} INFO - [2024-11-09T18:45:25.981+0000] {dagbag.py:588} INFO - Filling up the DagBag from /opt/airflow/dags/spotify_pipeline.py
[2024-11-09T18:45:26.000+0000] {processor.py:925} INFO - DAG(s) 'spotify_pipeline' retrieved from /opt/airflow/dags/spotify_pipeline.py
[2024-11-09T18:45:26.025+0000] {logging_mixin.py:190} INFO - [2024-11-09T18:45:26.025+0000] {dag.py:3239} INFO - Sync 1 DAGs
[2024-11-09T18:45:26.049+0000] {logging_mixin.py:190} INFO - [2024-11-09T18:45:26.048+0000] {dag.py:4180} INFO - Setting next_dagrun for spotify_pipeline to 2024-11-09 00:00:00+00:00, run_after=2024-11-10 00:00:00+00:00
[2024-11-09T18:45:26.065+0000] {processor.py:208} INFO - Processing /opt/airflow/dags/spotify_pipeline.py took 0.091 seconds
[2024-11-09T18:45:56.267+0000] {processor.py:186} INFO - Started process (PID=2935) to work on /opt/airflow/dags/spotify_pipeline.py
[2024-11-09T18:45:56.267+0000] {processor.py:914} INFO - Processing file /opt/airflow/dags/spotify_pipeline.py for tasks to queue
[2024-11-09T18:45:56.269+0000] {logging_mixin.py:190} INFO - [2024-11-09T18:45:56.268+0000] {dagbag.py:588} INFO - Filling up the DagBag from /opt/airflow/dags/spotify_pipeline.py
[2024-11-09T18:45:56.287+0000] {processor.py:925} INFO - DAG(s) 'spotify_pipeline' retrieved from /opt/airflow/dags/spotify_pipeline.py
[2024-11-09T18:45:56.312+0000] {logging_mixin.py:190} INFO - [2024-11-09T18:45:56.312+0000] {dag.py:3239} INFO - Sync 1 DAGs
[2024-11-09T18:45:56.333+0000] {logging_mixin.py:190} INFO - [2024-11-09T18:45:56.333+0000] {dag.py:4180} INFO - Setting next_dagrun for spotify_pipeline to 2024-11-09 00:00:00+00:00, run_after=2024-11-10 00:00:00+00:00
[2024-11-09T18:45:56.350+0000] {processor.py:208} INFO - Processing /opt/airflow/dags/spotify_pipeline.py took 0.087 seconds
[2024-11-09T18:46:26.559+0000] {processor.py:186} INFO - Started process (PID=2945) to work on /opt/airflow/dags/spotify_pipeline.py
[2024-11-09T18:46:26.560+0000] {processor.py:914} INFO - Processing file /opt/airflow/dags/spotify_pipeline.py for tasks to queue
[2024-11-09T18:46:26.561+0000] {logging_mixin.py:190} INFO - [2024-11-09T18:46:26.561+0000] {dagbag.py:588} INFO - Filling up the DagBag from /opt/airflow/dags/spotify_pipeline.py
[2024-11-09T18:46:26.579+0000] {processor.py:925} INFO - DAG(s) 'spotify_pipeline' retrieved from /opt/airflow/dags/spotify_pipeline.py
[2024-11-09T18:46:26.603+0000] {logging_mixin.py:190} INFO - [2024-11-09T18:46:26.602+0000] {dag.py:3239} INFO - Sync 1 DAGs
[2024-11-09T18:46:26.623+0000] {logging_mixin.py:190} INFO - [2024-11-09T18:46:26.623+0000] {dag.py:4180} INFO - Setting next_dagrun for spotify_pipeline to 2024-11-09 00:00:00+00:00, run_after=2024-11-10 00:00:00+00:00
[2024-11-09T18:46:26.641+0000] {processor.py:208} INFO - Processing /opt/airflow/dags/spotify_pipeline.py took 0.087 seconds
[2024-11-09T18:46:56.850+0000] {processor.py:186} INFO - Started process (PID=2955) to work on /opt/airflow/dags/spotify_pipeline.py
[2024-11-09T18:46:56.851+0000] {processor.py:914} INFO - Processing file /opt/airflow/dags/spotify_pipeline.py for tasks to queue
[2024-11-09T18:46:56.852+0000] {logging_mixin.py:190} INFO - [2024-11-09T18:46:56.852+0000] {dagbag.py:588} INFO - Filling up the DagBag from /opt/airflow/dags/spotify_pipeline.py
[2024-11-09T18:46:56.870+0000] {processor.py:925} INFO - DAG(s) 'spotify_pipeline' retrieved from /opt/airflow/dags/spotify_pipeline.py
[2024-11-09T18:46:56.895+0000] {logging_mixin.py:190} INFO - [2024-11-09T18:46:56.894+0000] {dag.py:3239} INFO - Sync 1 DAGs
[2024-11-09T18:46:56.917+0000] {logging_mixin.py:190} INFO - [2024-11-09T18:46:56.916+0000] {dag.py:4180} INFO - Setting next_dagrun for spotify_pipeline to 2024-11-09 00:00:00+00:00, run_after=2024-11-10 00:00:00+00:00
[2024-11-09T18:46:56.934+0000] {processor.py:208} INFO - Processing /opt/airflow/dags/spotify_pipeline.py took 0.087 seconds
[2024-11-09T18:47:27.142+0000] {processor.py:186} INFO - Started process (PID=2965) to work on /opt/airflow/dags/spotify_pipeline.py
[2024-11-09T18:47:27.143+0000] {processor.py:914} INFO - Processing file /opt/airflow/dags/spotify_pipeline.py for tasks to queue
[2024-11-09T18:47:27.144+0000] {logging_mixin.py:190} INFO - [2024-11-09T18:47:27.144+0000] {dagbag.py:588} INFO - Filling up the DagBag from /opt/airflow/dags/spotify_pipeline.py
[2024-11-09T18:47:27.162+0000] {processor.py:925} INFO - DAG(s) 'spotify_pipeline' retrieved from /opt/airflow/dags/spotify_pipeline.py
[2024-11-09T18:47:27.193+0000] {logging_mixin.py:190} INFO - [2024-11-09T18:47:27.192+0000] {dag.py:3239} INFO - Sync 1 DAGs
[2024-11-09T18:47:27.215+0000] {logging_mixin.py:190} INFO - [2024-11-09T18:47:27.214+0000] {dag.py:4180} INFO - Setting next_dagrun for spotify_pipeline to 2024-11-09 00:00:00+00:00, run_after=2024-11-10 00:00:00+00:00
[2024-11-09T18:47:27.231+0000] {processor.py:208} INFO - Processing /opt/airflow/dags/spotify_pipeline.py took 0.093 seconds
[2024-11-09T18:47:57.424+0000] {processor.py:186} INFO - Started process (PID=2975) to work on /opt/airflow/dags/spotify_pipeline.py
[2024-11-09T18:47:57.425+0000] {processor.py:914} INFO - Processing file /opt/airflow/dags/spotify_pipeline.py for tasks to queue
[2024-11-09T18:47:57.426+0000] {logging_mixin.py:190} INFO - [2024-11-09T18:47:57.426+0000] {dagbag.py:588} INFO - Filling up the DagBag from /opt/airflow/dags/spotify_pipeline.py
[2024-11-09T18:47:57.443+0000] {processor.py:925} INFO - DAG(s) 'spotify_pipeline' retrieved from /opt/airflow/dags/spotify_pipeline.py
[2024-11-09T18:47:57.471+0000] {logging_mixin.py:190} INFO - [2024-11-09T18:47:57.471+0000] {dag.py:3239} INFO - Sync 1 DAGs
[2024-11-09T18:47:57.492+0000] {logging_mixin.py:190} INFO - [2024-11-09T18:47:57.492+0000] {dag.py:4180} INFO - Setting next_dagrun for spotify_pipeline to 2024-11-09 00:00:00+00:00, run_after=2024-11-10 00:00:00+00:00
[2024-11-09T18:47:57.508+0000] {processor.py:208} INFO - Processing /opt/airflow/dags/spotify_pipeline.py took 0.088 seconds
[2024-11-09T18:48:27.721+0000] {processor.py:186} INFO - Started process (PID=2985) to work on /opt/airflow/dags/spotify_pipeline.py
[2024-11-09T18:48:27.722+0000] {processor.py:914} INFO - Processing file /opt/airflow/dags/spotify_pipeline.py for tasks to queue
[2024-11-09T18:48:27.723+0000] {logging_mixin.py:190} INFO - [2024-11-09T18:48:27.723+0000] {dagbag.py:588} INFO - Filling up the DagBag from /opt/airflow/dags/spotify_pipeline.py
[2024-11-09T18:48:27.740+0000] {processor.py:925} INFO - DAG(s) 'spotify_pipeline' retrieved from /opt/airflow/dags/spotify_pipeline.py
[2024-11-09T18:48:27.770+0000] {logging_mixin.py:190} INFO - [2024-11-09T18:48:27.770+0000] {dag.py:3239} INFO - Sync 1 DAGs
[2024-11-09T18:48:27.792+0000] {logging_mixin.py:190} INFO - [2024-11-09T18:48:27.791+0000] {dag.py:4180} INFO - Setting next_dagrun for spotify_pipeline to 2024-11-09 00:00:00+00:00, run_after=2024-11-10 00:00:00+00:00
[2024-11-09T18:48:27.809+0000] {processor.py:208} INFO - Processing /opt/airflow/dags/spotify_pipeline.py took 0.092 seconds
[2024-11-09T18:48:58.052+0000] {processor.py:186} INFO - Started process (PID=2995) to work on /opt/airflow/dags/spotify_pipeline.py
[2024-11-09T18:48:58.053+0000] {processor.py:914} INFO - Processing file /opt/airflow/dags/spotify_pipeline.py for tasks to queue
[2024-11-09T18:48:58.054+0000] {logging_mixin.py:190} INFO - [2024-11-09T18:48:58.054+0000] {dagbag.py:588} INFO - Filling up the DagBag from /opt/airflow/dags/spotify_pipeline.py
[2024-11-09T18:48:58.073+0000] {processor.py:925} INFO - DAG(s) 'spotify_pipeline' retrieved from /opt/airflow/dags/spotify_pipeline.py
[2024-11-09T18:48:58.105+0000] {logging_mixin.py:190} INFO - [2024-11-09T18:48:58.105+0000] {dag.py:3239} INFO - Sync 1 DAGs
[2024-11-09T18:48:58.127+0000] {logging_mixin.py:190} INFO - [2024-11-09T18:48:58.127+0000] {dag.py:4180} INFO - Setting next_dagrun for spotify_pipeline to 2024-11-09 00:00:00+00:00, run_after=2024-11-10 00:00:00+00:00
[2024-11-09T18:48:58.144+0000] {processor.py:208} INFO - Processing /opt/airflow/dags/spotify_pipeline.py took 0.098 seconds
[2024-11-09T18:49:28.353+0000] {processor.py:186} INFO - Started process (PID=3005) to work on /opt/airflow/dags/spotify_pipeline.py
[2024-11-09T18:49:28.354+0000] {processor.py:914} INFO - Processing file /opt/airflow/dags/spotify_pipeline.py for tasks to queue
[2024-11-09T18:49:28.356+0000] {logging_mixin.py:190} INFO - [2024-11-09T18:49:28.355+0000] {dagbag.py:588} INFO - Filling up the DagBag from /opt/airflow/dags/spotify_pipeline.py
[2024-11-09T18:49:28.374+0000] {processor.py:925} INFO - DAG(s) 'spotify_pipeline' retrieved from /opt/airflow/dags/spotify_pipeline.py
[2024-11-09T18:49:28.405+0000] {logging_mixin.py:190} INFO - [2024-11-09T18:49:28.404+0000] {dag.py:3239} INFO - Sync 1 DAGs
[2024-11-09T18:49:28.427+0000] {logging_mixin.py:190} INFO - [2024-11-09T18:49:28.426+0000] {dag.py:4180} INFO - Setting next_dagrun for spotify_pipeline to 2024-11-09 00:00:00+00:00, run_after=2024-11-10 00:00:00+00:00
[2024-11-09T18:49:28.443+0000] {processor.py:208} INFO - Processing /opt/airflow/dags/spotify_pipeline.py took 0.095 seconds
[2024-11-09T18:49:58.649+0000] {processor.py:186} INFO - Started process (PID=3015) to work on /opt/airflow/dags/spotify_pipeline.py
[2024-11-09T18:49:58.650+0000] {processor.py:914} INFO - Processing file /opt/airflow/dags/spotify_pipeline.py for tasks to queue
[2024-11-09T18:49:58.651+0000] {logging_mixin.py:190} INFO - [2024-11-09T18:49:58.651+0000] {dagbag.py:588} INFO - Filling up the DagBag from /opt/airflow/dags/spotify_pipeline.py
[2024-11-09T18:49:58.669+0000] {processor.py:925} INFO - DAG(s) 'spotify_pipeline' retrieved from /opt/airflow/dags/spotify_pipeline.py
[2024-11-09T18:49:58.698+0000] {logging_mixin.py:190} INFO - [2024-11-09T18:49:58.698+0000] {dag.py:3239} INFO - Sync 1 DAGs
[2024-11-09T18:49:58.720+0000] {logging_mixin.py:190} INFO - [2024-11-09T18:49:58.720+0000] {dag.py:4180} INFO - Setting next_dagrun for spotify_pipeline to 2024-11-09 00:00:00+00:00, run_after=2024-11-10 00:00:00+00:00
[2024-11-09T18:49:58.739+0000] {processor.py:208} INFO - Processing /opt/airflow/dags/spotify_pipeline.py took 0.094 seconds
[2024-11-09T18:50:28.942+0000] {processor.py:186} INFO - Started process (PID=3025) to work on /opt/airflow/dags/spotify_pipeline.py
[2024-11-09T18:50:28.943+0000] {processor.py:914} INFO - Processing file /opt/airflow/dags/spotify_pipeline.py for tasks to queue
[2024-11-09T18:50:28.944+0000] {logging_mixin.py:190} INFO - [2024-11-09T18:50:28.944+0000] {dagbag.py:588} INFO - Filling up the DagBag from /opt/airflow/dags/spotify_pipeline.py
[2024-11-09T18:50:28.968+0000] {processor.py:925} INFO - DAG(s) 'spotify_pipeline' retrieved from /opt/airflow/dags/spotify_pipeline.py
[2024-11-09T18:50:28.991+0000] {logging_mixin.py:190} INFO - [2024-11-09T18:50:28.991+0000] {dag.py:3239} INFO - Sync 1 DAGs
[2024-11-09T18:50:29.012+0000] {logging_mixin.py:190} INFO - [2024-11-09T18:50:29.012+0000] {dag.py:4180} INFO - Setting next_dagrun for spotify_pipeline to 2024-11-09 00:00:00+00:00, run_after=2024-11-10 00:00:00+00:00
[2024-11-09T18:50:29.030+0000] {processor.py:208} INFO - Processing /opt/airflow/dags/spotify_pipeline.py took 0.093 seconds
[2024-11-09T18:50:59.223+0000] {processor.py:186} INFO - Started process (PID=3035) to work on /opt/airflow/dags/spotify_pipeline.py
[2024-11-09T18:50:59.224+0000] {processor.py:914} INFO - Processing file /opt/airflow/dags/spotify_pipeline.py for tasks to queue
[2024-11-09T18:50:59.225+0000] {logging_mixin.py:190} INFO - [2024-11-09T18:50:59.225+0000] {dagbag.py:588} INFO - Filling up the DagBag from /opt/airflow/dags/spotify_pipeline.py
[2024-11-09T18:50:59.248+0000] {processor.py:925} INFO - DAG(s) 'spotify_pipeline' retrieved from /opt/airflow/dags/spotify_pipeline.py
[2024-11-09T18:50:59.271+0000] {logging_mixin.py:190} INFO - [2024-11-09T18:50:59.270+0000] {dag.py:3239} INFO - Sync 1 DAGs
[2024-11-09T18:50:59.291+0000] {logging_mixin.py:190} INFO - [2024-11-09T18:50:59.291+0000] {dag.py:4180} INFO - Setting next_dagrun for spotify_pipeline to 2024-11-09 00:00:00+00:00, run_after=2024-11-10 00:00:00+00:00
[2024-11-09T18:50:59.307+0000] {processor.py:208} INFO - Processing /opt/airflow/dags/spotify_pipeline.py took 0.089 seconds
[2024-11-09T18:51:29.522+0000] {processor.py:186} INFO - Started process (PID=3045) to work on /opt/airflow/dags/spotify_pipeline.py
[2024-11-09T18:51:29.523+0000] {processor.py:914} INFO - Processing file /opt/airflow/dags/spotify_pipeline.py for tasks to queue
[2024-11-09T18:51:29.524+0000] {logging_mixin.py:190} INFO - [2024-11-09T18:51:29.523+0000] {dagbag.py:588} INFO - Filling up the DagBag from /opt/airflow/dags/spotify_pipeline.py
[2024-11-09T18:51:29.546+0000] {processor.py:925} INFO - DAG(s) 'spotify_pipeline' retrieved from /opt/airflow/dags/spotify_pipeline.py
[2024-11-09T18:51:29.571+0000] {logging_mixin.py:190} INFO - [2024-11-09T18:51:29.571+0000] {dag.py:3239} INFO - Sync 1 DAGs
[2024-11-09T18:51:29.594+0000] {logging_mixin.py:190} INFO - [2024-11-09T18:51:29.594+0000] {dag.py:4180} INFO - Setting next_dagrun for spotify_pipeline to 2024-11-09 00:00:00+00:00, run_after=2024-11-10 00:00:00+00:00
[2024-11-09T18:51:29.610+0000] {processor.py:208} INFO - Processing /opt/airflow/dags/spotify_pipeline.py took 0.093 seconds
[2024-11-09T18:51:59.812+0000] {processor.py:186} INFO - Started process (PID=3055) to work on /opt/airflow/dags/spotify_pipeline.py
[2024-11-09T18:51:59.815+0000] {processor.py:914} INFO - Processing file /opt/airflow/dags/spotify_pipeline.py for tasks to queue
[2024-11-09T18:51:59.816+0000] {logging_mixin.py:190} INFO - [2024-11-09T18:51:59.816+0000] {dagbag.py:588} INFO - Filling up the DagBag from /opt/airflow/dags/spotify_pipeline.py
[2024-11-09T18:51:59.839+0000] {processor.py:925} INFO - DAG(s) 'spotify_pipeline' retrieved from /opt/airflow/dags/spotify_pipeline.py
[2024-11-09T18:51:59.864+0000] {logging_mixin.py:190} INFO - [2024-11-09T18:51:59.864+0000] {dag.py:3239} INFO - Sync 1 DAGs
[2024-11-09T18:51:59.886+0000] {logging_mixin.py:190} INFO - [2024-11-09T18:51:59.886+0000] {dag.py:4180} INFO - Setting next_dagrun for spotify_pipeline to 2024-11-09 00:00:00+00:00, run_after=2024-11-10 00:00:00+00:00
[2024-11-09T18:51:59.903+0000] {processor.py:208} INFO - Processing /opt/airflow/dags/spotify_pipeline.py took 0.095 seconds
[2024-11-09T18:52:30.115+0000] {processor.py:186} INFO - Started process (PID=3065) to work on /opt/airflow/dags/spotify_pipeline.py
[2024-11-09T18:52:30.116+0000] {processor.py:914} INFO - Processing file /opt/airflow/dags/spotify_pipeline.py for tasks to queue
[2024-11-09T18:52:30.118+0000] {logging_mixin.py:190} INFO - [2024-11-09T18:52:30.117+0000] {dagbag.py:588} INFO - Filling up the DagBag from /opt/airflow/dags/spotify_pipeline.py
[2024-11-09T18:52:30.137+0000] {processor.py:925} INFO - DAG(s) 'spotify_pipeline' retrieved from /opt/airflow/dags/spotify_pipeline.py
[2024-11-09T18:52:30.161+0000] {logging_mixin.py:190} INFO - [2024-11-09T18:52:30.161+0000] {dag.py:3239} INFO - Sync 1 DAGs
[2024-11-09T18:52:30.183+0000] {logging_mixin.py:190} INFO - [2024-11-09T18:52:30.183+0000] {dag.py:4180} INFO - Setting next_dagrun for spotify_pipeline to 2024-11-09 00:00:00+00:00, run_after=2024-11-10 00:00:00+00:00
[2024-11-09T18:52:30.202+0000] {processor.py:208} INFO - Processing /opt/airflow/dags/spotify_pipeline.py took 0.092 seconds
[2024-11-09T18:53:00.407+0000] {processor.py:186} INFO - Started process (PID=3075) to work on /opt/airflow/dags/spotify_pipeline.py
[2024-11-09T18:53:00.408+0000] {processor.py:914} INFO - Processing file /opt/airflow/dags/spotify_pipeline.py for tasks to queue
[2024-11-09T18:53:00.409+0000] {logging_mixin.py:190} INFO - [2024-11-09T18:53:00.409+0000] {dagbag.py:588} INFO - Filling up the DagBag from /opt/airflow/dags/spotify_pipeline.py
[2024-11-09T18:53:00.426+0000] {processor.py:925} INFO - DAG(s) 'spotify_pipeline' retrieved from /opt/airflow/dags/spotify_pipeline.py
[2024-11-09T18:53:00.450+0000] {logging_mixin.py:190} INFO - [2024-11-09T18:53:00.450+0000] {dag.py:3239} INFO - Sync 1 DAGs
[2024-11-09T18:53:00.470+0000] {logging_mixin.py:190} INFO - [2024-11-09T18:53:00.470+0000] {dag.py:4180} INFO - Setting next_dagrun for spotify_pipeline to 2024-11-09 00:00:00+00:00, run_after=2024-11-10 00:00:00+00:00
[2024-11-09T18:53:00.486+0000] {processor.py:208} INFO - Processing /opt/airflow/dags/spotify_pipeline.py took 0.083 seconds
[2024-11-09T18:53:30.695+0000] {processor.py:186} INFO - Started process (PID=3085) to work on /opt/airflow/dags/spotify_pipeline.py
[2024-11-09T18:53:30.696+0000] {processor.py:914} INFO - Processing file /opt/airflow/dags/spotify_pipeline.py for tasks to queue
[2024-11-09T18:53:30.698+0000] {logging_mixin.py:190} INFO - [2024-11-09T18:53:30.697+0000] {dagbag.py:588} INFO - Filling up the DagBag from /opt/airflow/dags/spotify_pipeline.py
[2024-11-09T18:53:30.716+0000] {processor.py:925} INFO - DAG(s) 'spotify_pipeline' retrieved from /opt/airflow/dags/spotify_pipeline.py
[2024-11-09T18:53:30.739+0000] {logging_mixin.py:190} INFO - [2024-11-09T18:53:30.738+0000] {dag.py:3239} INFO - Sync 1 DAGs
[2024-11-09T18:53:30.759+0000] {logging_mixin.py:190} INFO - [2024-11-09T18:53:30.758+0000] {dag.py:4180} INFO - Setting next_dagrun for spotify_pipeline to 2024-11-09 00:00:00+00:00, run_after=2024-11-10 00:00:00+00:00
[2024-11-09T18:53:30.777+0000] {processor.py:208} INFO - Processing /opt/airflow/dags/spotify_pipeline.py took 0.085 seconds
[2024-11-09T18:54:01.035+0000] {processor.py:186} INFO - Started process (PID=3095) to work on /opt/airflow/dags/spotify_pipeline.py
[2024-11-09T18:54:01.035+0000] {processor.py:914} INFO - Processing file /opt/airflow/dags/spotify_pipeline.py for tasks to queue
[2024-11-09T18:54:01.037+0000] {logging_mixin.py:190} INFO - [2024-11-09T18:54:01.037+0000] {dagbag.py:588} INFO - Filling up the DagBag from /opt/airflow/dags/spotify_pipeline.py
[2024-11-09T18:54:01.053+0000] {processor.py:925} INFO - DAG(s) 'spotify_pipeline' retrieved from /opt/airflow/dags/spotify_pipeline.py
[2024-11-09T18:54:01.077+0000] {logging_mixin.py:190} INFO - [2024-11-09T18:54:01.077+0000] {dag.py:3239} INFO - Sync 1 DAGs
[2024-11-09T18:54:01.100+0000] {logging_mixin.py:190} INFO - [2024-11-09T18:54:01.099+0000] {dag.py:4180} INFO - Setting next_dagrun for spotify_pipeline to 2024-11-09 00:00:00+00:00, run_after=2024-11-10 00:00:00+00:00
[2024-11-09T18:54:01.116+0000] {processor.py:208} INFO - Processing /opt/airflow/dags/spotify_pipeline.py took 0.087 seconds
[2024-11-09T18:54:31.334+0000] {processor.py:186} INFO - Started process (PID=3105) to work on /opt/airflow/dags/spotify_pipeline.py
[2024-11-09T18:54:31.335+0000] {processor.py:914} INFO - Processing file /opt/airflow/dags/spotify_pipeline.py for tasks to queue
[2024-11-09T18:54:31.336+0000] {logging_mixin.py:190} INFO - [2024-11-09T18:54:31.336+0000] {dagbag.py:588} INFO - Filling up the DagBag from /opt/airflow/dags/spotify_pipeline.py
[2024-11-09T18:54:31.354+0000] {processor.py:925} INFO - DAG(s) 'spotify_pipeline' retrieved from /opt/airflow/dags/spotify_pipeline.py
[2024-11-09T18:54:31.379+0000] {logging_mixin.py:190} INFO - [2024-11-09T18:54:31.379+0000] {dag.py:3239} INFO - Sync 1 DAGs
[2024-11-09T18:54:31.400+0000] {logging_mixin.py:190} INFO - [2024-11-09T18:54:31.400+0000] {dag.py:4180} INFO - Setting next_dagrun for spotify_pipeline to 2024-11-09 00:00:00+00:00, run_after=2024-11-10 00:00:00+00:00
[2024-11-09T18:54:31.418+0000] {processor.py:208} INFO - Processing /opt/airflow/dags/spotify_pipeline.py took 0.090 seconds
[2024-11-09T18:55:01.622+0000] {processor.py:186} INFO - Started process (PID=3115) to work on /opt/airflow/dags/spotify_pipeline.py
[2024-11-09T18:55:01.623+0000] {processor.py:914} INFO - Processing file /opt/airflow/dags/spotify_pipeline.py for tasks to queue
[2024-11-09T18:55:01.624+0000] {logging_mixin.py:190} INFO - [2024-11-09T18:55:01.623+0000] {dagbag.py:588} INFO - Filling up the DagBag from /opt/airflow/dags/spotify_pipeline.py
[2024-11-09T18:55:01.638+0000] {processor.py:925} INFO - DAG(s) 'spotify_pipeline' retrieved from /opt/airflow/dags/spotify_pipeline.py
[2024-11-09T18:55:01.664+0000] {logging_mixin.py:190} INFO - [2024-11-09T18:55:01.663+0000] {dag.py:3239} INFO - Sync 1 DAGs
[2024-11-09T18:55:01.686+0000] {logging_mixin.py:190} INFO - [2024-11-09T18:55:01.685+0000] {dag.py:4180} INFO - Setting next_dagrun for spotify_pipeline to 2024-11-09 00:00:00+00:00, run_after=2024-11-10 00:00:00+00:00
[2024-11-09T18:55:01.702+0000] {processor.py:208} INFO - Processing /opt/airflow/dags/spotify_pipeline.py took 0.084 seconds
[2024-11-09T18:55:31.928+0000] {processor.py:186} INFO - Started process (PID=3125) to work on /opt/airflow/dags/spotify_pipeline.py
[2024-11-09T18:55:31.929+0000] {processor.py:914} INFO - Processing file /opt/airflow/dags/spotify_pipeline.py for tasks to queue
[2024-11-09T18:55:31.930+0000] {logging_mixin.py:190} INFO - [2024-11-09T18:55:31.930+0000] {dagbag.py:588} INFO - Filling up the DagBag from /opt/airflow/dags/spotify_pipeline.py
[2024-11-09T18:55:31.949+0000] {processor.py:925} INFO - DAG(s) 'spotify_pipeline' retrieved from /opt/airflow/dags/spotify_pipeline.py
[2024-11-09T18:55:31.973+0000] {logging_mixin.py:190} INFO - [2024-11-09T18:55:31.973+0000] {dag.py:3239} INFO - Sync 1 DAGs
[2024-11-09T18:55:31.993+0000] {logging_mixin.py:190} INFO - [2024-11-09T18:55:31.993+0000] {dag.py:4180} INFO - Setting next_dagrun for spotify_pipeline to 2024-11-09 00:00:00+00:00, run_after=2024-11-10 00:00:00+00:00
[2024-11-09T18:55:32.009+0000] {processor.py:208} INFO - Processing /opt/airflow/dags/spotify_pipeline.py took 0.087 seconds
[2024-11-09T18:56:02.231+0000] {processor.py:186} INFO - Started process (PID=3135) to work on /opt/airflow/dags/spotify_pipeline.py
[2024-11-09T18:56:02.232+0000] {processor.py:914} INFO - Processing file /opt/airflow/dags/spotify_pipeline.py for tasks to queue
[2024-11-09T18:56:02.233+0000] {logging_mixin.py:190} INFO - [2024-11-09T18:56:02.233+0000] {dagbag.py:588} INFO - Filling up the DagBag from /opt/airflow/dags/spotify_pipeline.py
[2024-11-09T18:56:02.251+0000] {processor.py:925} INFO - DAG(s) 'spotify_pipeline' retrieved from /opt/airflow/dags/spotify_pipeline.py
[2024-11-09T18:56:02.276+0000] {logging_mixin.py:190} INFO - [2024-11-09T18:56:02.276+0000] {dag.py:3239} INFO - Sync 1 DAGs
[2024-11-09T18:56:02.299+0000] {logging_mixin.py:190} INFO - [2024-11-09T18:56:02.299+0000] {dag.py:4180} INFO - Setting next_dagrun for spotify_pipeline to 2024-11-09 00:00:00+00:00, run_after=2024-11-10 00:00:00+00:00
[2024-11-09T18:56:02.318+0000] {processor.py:208} INFO - Processing /opt/airflow/dags/spotify_pipeline.py took 0.092 seconds
[2024-11-09T18:56:32.531+0000] {processor.py:186} INFO - Started process (PID=3145) to work on /opt/airflow/dags/spotify_pipeline.py
[2024-11-09T18:56:32.532+0000] {processor.py:914} INFO - Processing file /opt/airflow/dags/spotify_pipeline.py for tasks to queue
[2024-11-09T18:56:32.533+0000] {logging_mixin.py:190} INFO - [2024-11-09T18:56:32.533+0000] {dagbag.py:588} INFO - Filling up the DagBag from /opt/airflow/dags/spotify_pipeline.py
[2024-11-09T18:56:32.553+0000] {processor.py:925} INFO - DAG(s) 'spotify_pipeline' retrieved from /opt/airflow/dags/spotify_pipeline.py
[2024-11-09T18:56:32.579+0000] {logging_mixin.py:190} INFO - [2024-11-09T18:56:32.579+0000] {dag.py:3239} INFO - Sync 1 DAGs
[2024-11-09T18:56:32.603+0000] {logging_mixin.py:190} INFO - [2024-11-09T18:56:32.603+0000] {dag.py:4180} INFO - Setting next_dagrun for spotify_pipeline to 2024-11-09 00:00:00+00:00, run_after=2024-11-10 00:00:00+00:00
[2024-11-09T18:56:32.621+0000] {processor.py:208} INFO - Processing /opt/airflow/dags/spotify_pipeline.py took 0.094 seconds
[2024-11-09T18:57:02.841+0000] {processor.py:186} INFO - Started process (PID=3155) to work on /opt/airflow/dags/spotify_pipeline.py
[2024-11-09T18:57:02.842+0000] {processor.py:914} INFO - Processing file /opt/airflow/dags/spotify_pipeline.py for tasks to queue
[2024-11-09T18:57:02.843+0000] {logging_mixin.py:190} INFO - [2024-11-09T18:57:02.842+0000] {dagbag.py:588} INFO - Filling up the DagBag from /opt/airflow/dags/spotify_pipeline.py
[2024-11-09T18:57:02.862+0000] {processor.py:925} INFO - DAG(s) 'spotify_pipeline' retrieved from /opt/airflow/dags/spotify_pipeline.py
[2024-11-09T18:57:02.887+0000] {logging_mixin.py:190} INFO - [2024-11-09T18:57:02.887+0000] {dag.py:3239} INFO - Sync 1 DAGs
[2024-11-09T18:57:02.911+0000] {logging_mixin.py:190} INFO - [2024-11-09T18:57:02.911+0000] {dag.py:4180} INFO - Setting next_dagrun for spotify_pipeline to 2024-11-09 00:00:00+00:00, run_after=2024-11-10 00:00:00+00:00
[2024-11-09T18:57:02.927+0000] {processor.py:208} INFO - Processing /opt/airflow/dags/spotify_pipeline.py took 0.092 seconds
[2024-11-09T18:57:33.144+0000] {processor.py:186} INFO - Started process (PID=3165) to work on /opt/airflow/dags/spotify_pipeline.py
[2024-11-09T18:57:33.145+0000] {processor.py:914} INFO - Processing file /opt/airflow/dags/spotify_pipeline.py for tasks to queue
[2024-11-09T18:57:33.146+0000] {logging_mixin.py:190} INFO - [2024-11-09T18:57:33.146+0000] {dagbag.py:588} INFO - Filling up the DagBag from /opt/airflow/dags/spotify_pipeline.py
[2024-11-09T18:57:33.165+0000] {processor.py:925} INFO - DAG(s) 'spotify_pipeline' retrieved from /opt/airflow/dags/spotify_pipeline.py
[2024-11-09T18:57:33.192+0000] {logging_mixin.py:190} INFO - [2024-11-09T18:57:33.192+0000] {dag.py:3239} INFO - Sync 1 DAGs
[2024-11-09T18:57:33.213+0000] {logging_mixin.py:190} INFO - [2024-11-09T18:57:33.213+0000] {dag.py:4180} INFO - Setting next_dagrun for spotify_pipeline to 2024-11-09 00:00:00+00:00, run_after=2024-11-10 00:00:00+00:00
[2024-11-09T18:57:33.229+0000] {processor.py:208} INFO - Processing /opt/airflow/dags/spotify_pipeline.py took 0.090 seconds
[2024-11-09T18:58:03.433+0000] {processor.py:186} INFO - Started process (PID=3175) to work on /opt/airflow/dags/spotify_pipeline.py
[2024-11-09T18:58:03.433+0000] {processor.py:914} INFO - Processing file /opt/airflow/dags/spotify_pipeline.py for tasks to queue
[2024-11-09T18:58:03.434+0000] {logging_mixin.py:190} INFO - [2024-11-09T18:58:03.434+0000] {dagbag.py:588} INFO - Filling up the DagBag from /opt/airflow/dags/spotify_pipeline.py
[2024-11-09T18:58:03.450+0000] {processor.py:925} INFO - DAG(s) 'spotify_pipeline' retrieved from /opt/airflow/dags/spotify_pipeline.py
[2024-11-09T18:58:03.472+0000] {logging_mixin.py:190} INFO - [2024-11-09T18:58:03.472+0000] {dag.py:3239} INFO - Sync 1 DAGs
[2024-11-09T18:58:03.492+0000] {logging_mixin.py:190} INFO - [2024-11-09T18:58:03.492+0000] {dag.py:4180} INFO - Setting next_dagrun for spotify_pipeline to 2024-11-09 00:00:00+00:00, run_after=2024-11-10 00:00:00+00:00
[2024-11-09T18:58:03.509+0000] {processor.py:208} INFO - Processing /opt/airflow/dags/spotify_pipeline.py took 0.081 seconds
[2024-11-09T18:58:33.731+0000] {processor.py:186} INFO - Started process (PID=3185) to work on /opt/airflow/dags/spotify_pipeline.py
[2024-11-09T18:58:33.732+0000] {processor.py:914} INFO - Processing file /opt/airflow/dags/spotify_pipeline.py for tasks to queue
[2024-11-09T18:58:33.733+0000] {logging_mixin.py:190} INFO - [2024-11-09T18:58:33.733+0000] {dagbag.py:588} INFO - Filling up the DagBag from /opt/airflow/dags/spotify_pipeline.py
[2024-11-09T18:58:33.750+0000] {processor.py:925} INFO - DAG(s) 'spotify_pipeline' retrieved from /opt/airflow/dags/spotify_pipeline.py
[2024-11-09T18:58:33.773+0000] {logging_mixin.py:190} INFO - [2024-11-09T18:58:33.773+0000] {dag.py:3239} INFO - Sync 1 DAGs
[2024-11-09T18:58:33.794+0000] {logging_mixin.py:190} INFO - [2024-11-09T18:58:33.794+0000] {dag.py:4180} INFO - Setting next_dagrun for spotify_pipeline to 2024-11-09 00:00:00+00:00, run_after=2024-11-10 00:00:00+00:00
[2024-11-09T18:58:33.810+0000] {processor.py:208} INFO - Processing /opt/airflow/dags/spotify_pipeline.py took 0.084 seconds
[2024-11-09T18:59:04.064+0000] {processor.py:186} INFO - Started process (PID=3195) to work on /opt/airflow/dags/spotify_pipeline.py
[2024-11-09T18:59:04.065+0000] {processor.py:914} INFO - Processing file /opt/airflow/dags/spotify_pipeline.py for tasks to queue
[2024-11-09T18:59:04.066+0000] {logging_mixin.py:190} INFO - [2024-11-09T18:59:04.066+0000] {dagbag.py:588} INFO - Filling up the DagBag from /opt/airflow/dags/spotify_pipeline.py
[2024-11-09T18:59:04.085+0000] {processor.py:925} INFO - DAG(s) 'spotify_pipeline' retrieved from /opt/airflow/dags/spotify_pipeline.py
[2024-11-09T18:59:04.110+0000] {logging_mixin.py:190} INFO - [2024-11-09T18:59:04.110+0000] {dag.py:3239} INFO - Sync 1 DAGs
[2024-11-09T18:59:04.132+0000] {logging_mixin.py:190} INFO - [2024-11-09T18:59:04.132+0000] {dag.py:4180} INFO - Setting next_dagrun for spotify_pipeline to 2024-11-09 00:00:00+00:00, run_after=2024-11-10 00:00:00+00:00
[2024-11-09T18:59:04.149+0000] {processor.py:208} INFO - Processing /opt/airflow/dags/spotify_pipeline.py took 0.091 seconds
[2024-11-09T18:59:34.357+0000] {processor.py:186} INFO - Started process (PID=3205) to work on /opt/airflow/dags/spotify_pipeline.py
[2024-11-09T18:59:34.357+0000] {processor.py:914} INFO - Processing file /opt/airflow/dags/spotify_pipeline.py for tasks to queue
[2024-11-09T18:59:34.358+0000] {logging_mixin.py:190} INFO - [2024-11-09T18:59:34.358+0000] {dagbag.py:588} INFO - Filling up the DagBag from /opt/airflow/dags/spotify_pipeline.py
[2024-11-09T18:59:34.375+0000] {processor.py:925} INFO - DAG(s) 'spotify_pipeline' retrieved from /opt/airflow/dags/spotify_pipeline.py
[2024-11-09T18:59:34.398+0000] {logging_mixin.py:190} INFO - [2024-11-09T18:59:34.397+0000] {dag.py:3239} INFO - Sync 1 DAGs
[2024-11-09T18:59:34.418+0000] {logging_mixin.py:190} INFO - [2024-11-09T18:59:34.418+0000] {dag.py:4180} INFO - Setting next_dagrun for spotify_pipeline to 2024-11-09 00:00:00+00:00, run_after=2024-11-10 00:00:00+00:00
[2024-11-09T18:59:34.449+0000] {processor.py:208} INFO - Processing /opt/airflow/dags/spotify_pipeline.py took 0.096 seconds
[2024-11-09T19:00:04.641+0000] {processor.py:186} INFO - Started process (PID=3215) to work on /opt/airflow/dags/spotify_pipeline.py
[2024-11-09T19:00:04.642+0000] {processor.py:914} INFO - Processing file /opt/airflow/dags/spotify_pipeline.py for tasks to queue
[2024-11-09T19:00:04.643+0000] {logging_mixin.py:190} INFO - [2024-11-09T19:00:04.643+0000] {dagbag.py:588} INFO - Filling up the DagBag from /opt/airflow/dags/spotify_pipeline.py
[2024-11-09T19:00:04.661+0000] {processor.py:925} INFO - DAG(s) 'spotify_pipeline' retrieved from /opt/airflow/dags/spotify_pipeline.py
[2024-11-09T19:00:04.684+0000] {logging_mixin.py:190} INFO - [2024-11-09T19:00:04.684+0000] {dag.py:3239} INFO - Sync 1 DAGs
[2024-11-09T19:00:04.706+0000] {logging_mixin.py:190} INFO - [2024-11-09T19:00:04.705+0000] {dag.py:4180} INFO - Setting next_dagrun for spotify_pipeline to 2024-11-09 00:00:00+00:00, run_after=2024-11-10 00:00:00+00:00
[2024-11-09T19:00:04.736+0000] {processor.py:208} INFO - Processing /opt/airflow/dags/spotify_pipeline.py took 0.101 seconds
[2024-11-09T19:00:34.924+0000] {processor.py:186} INFO - Started process (PID=3225) to work on /opt/airflow/dags/spotify_pipeline.py
[2024-11-09T19:00:34.925+0000] {processor.py:914} INFO - Processing file /opt/airflow/dags/spotify_pipeline.py for tasks to queue
[2024-11-09T19:00:34.926+0000] {logging_mixin.py:190} INFO - [2024-11-09T19:00:34.926+0000] {dagbag.py:588} INFO - Filling up the DagBag from /opt/airflow/dags/spotify_pipeline.py
[2024-11-09T19:00:34.940+0000] {processor.py:925} INFO - DAG(s) 'spotify_pipeline' retrieved from /opt/airflow/dags/spotify_pipeline.py
[2024-11-09T19:00:34.962+0000] {logging_mixin.py:190} INFO - [2024-11-09T19:00:34.962+0000] {dag.py:3239} INFO - Sync 1 DAGs
[2024-11-09T19:00:34.982+0000] {logging_mixin.py:190} INFO - [2024-11-09T19:00:34.982+0000] {dag.py:4180} INFO - Setting next_dagrun for spotify_pipeline to 2024-11-09 00:00:00+00:00, run_after=2024-11-10 00:00:00+00:00
[2024-11-09T19:00:34.999+0000] {processor.py:208} INFO - Processing /opt/airflow/dags/spotify_pipeline.py took 0.079 seconds
[2024-11-09T19:01:05.203+0000] {processor.py:186} INFO - Started process (PID=3235) to work on /opt/airflow/dags/spotify_pipeline.py
[2024-11-09T19:01:05.204+0000] {processor.py:914} INFO - Processing file /opt/airflow/dags/spotify_pipeline.py for tasks to queue
[2024-11-09T19:01:05.205+0000] {logging_mixin.py:190} INFO - [2024-11-09T19:01:05.204+0000] {dagbag.py:588} INFO - Filling up the DagBag from /opt/airflow/dags/spotify_pipeline.py
[2024-11-09T19:01:05.220+0000] {processor.py:925} INFO - DAG(s) 'spotify_pipeline' retrieved from /opt/airflow/dags/spotify_pipeline.py
[2024-11-09T19:01:05.242+0000] {logging_mixin.py:190} INFO - [2024-11-09T19:01:05.242+0000] {dag.py:3239} INFO - Sync 1 DAGs
[2024-11-09T19:01:05.261+0000] {logging_mixin.py:190} INFO - [2024-11-09T19:01:05.261+0000] {dag.py:4180} INFO - Setting next_dagrun for spotify_pipeline to 2024-11-09 00:00:00+00:00, run_after=2024-11-10 00:00:00+00:00
[2024-11-09T19:01:05.291+0000] {processor.py:208} INFO - Processing /opt/airflow/dags/spotify_pipeline.py took 0.092 seconds
[2024-11-09T19:01:35.487+0000] {processor.py:186} INFO - Started process (PID=3245) to work on /opt/airflow/dags/spotify_pipeline.py
[2024-11-09T19:01:35.488+0000] {processor.py:914} INFO - Processing file /opt/airflow/dags/spotify_pipeline.py for tasks to queue
[2024-11-09T19:01:35.490+0000] {logging_mixin.py:190} INFO - [2024-11-09T19:01:35.489+0000] {dagbag.py:588} INFO - Filling up the DagBag from /opt/airflow/dags/spotify_pipeline.py
[2024-11-09T19:01:35.508+0000] {processor.py:925} INFO - DAG(s) 'spotify_pipeline' retrieved from /opt/airflow/dags/spotify_pipeline.py
[2024-11-09T19:01:35.532+0000] {logging_mixin.py:190} INFO - [2024-11-09T19:01:35.531+0000] {dag.py:3239} INFO - Sync 1 DAGs
[2024-11-09T19:01:35.551+0000] {logging_mixin.py:190} INFO - [2024-11-09T19:01:35.551+0000] {dag.py:4180} INFO - Setting next_dagrun for spotify_pipeline to 2024-11-09 00:00:00+00:00, run_after=2024-11-10 00:00:00+00:00
[2024-11-09T19:01:35.567+0000] {processor.py:208} INFO - Processing /opt/airflow/dags/spotify_pipeline.py took 0.085 seconds
[2024-11-09T19:02:05.776+0000] {processor.py:186} INFO - Started process (PID=3255) to work on /opt/airflow/dags/spotify_pipeline.py
[2024-11-09T19:02:05.777+0000] {processor.py:914} INFO - Processing file /opt/airflow/dags/spotify_pipeline.py for tasks to queue
[2024-11-09T19:02:05.779+0000] {logging_mixin.py:190} INFO - [2024-11-09T19:02:05.779+0000] {dagbag.py:588} INFO - Filling up the DagBag from /opt/airflow/dags/spotify_pipeline.py
[2024-11-09T19:02:05.798+0000] {processor.py:925} INFO - DAG(s) 'spotify_pipeline' retrieved from /opt/airflow/dags/spotify_pipeline.py
[2024-11-09T19:02:05.821+0000] {logging_mixin.py:190} INFO - [2024-11-09T19:02:05.821+0000] {dag.py:3239} INFO - Sync 1 DAGs
[2024-11-09T19:02:05.844+0000] {logging_mixin.py:190} INFO - [2024-11-09T19:02:05.844+0000] {dag.py:4180} INFO - Setting next_dagrun for spotify_pipeline to 2024-11-09 00:00:00+00:00, run_after=2024-11-10 00:00:00+00:00
[2024-11-09T19:02:05.859+0000] {processor.py:208} INFO - Processing /opt/airflow/dags/spotify_pipeline.py took 0.088 seconds
[2024-11-09T19:02:36.052+0000] {processor.py:186} INFO - Started process (PID=3265) to work on /opt/airflow/dags/spotify_pipeline.py
[2024-11-09T19:02:36.053+0000] {processor.py:914} INFO - Processing file /opt/airflow/dags/spotify_pipeline.py for tasks to queue
[2024-11-09T19:02:36.054+0000] {logging_mixin.py:190} INFO - [2024-11-09T19:02:36.054+0000] {dagbag.py:588} INFO - Filling up the DagBag from /opt/airflow/dags/spotify_pipeline.py
[2024-11-09T19:02:36.072+0000] {processor.py:925} INFO - DAG(s) 'spotify_pipeline' retrieved from /opt/airflow/dags/spotify_pipeline.py
[2024-11-09T19:02:36.096+0000] {logging_mixin.py:190} INFO - [2024-11-09T19:02:36.096+0000] {dag.py:3239} INFO - Sync 1 DAGs
[2024-11-09T19:02:36.118+0000] {logging_mixin.py:190} INFO - [2024-11-09T19:02:36.118+0000] {dag.py:4180} INFO - Setting next_dagrun for spotify_pipeline to 2024-11-09 00:00:00+00:00, run_after=2024-11-10 00:00:00+00:00
[2024-11-09T19:02:36.136+0000] {processor.py:208} INFO - Processing /opt/airflow/dags/spotify_pipeline.py took 0.088 seconds
[2024-11-09T19:03:06.340+0000] {processor.py:186} INFO - Started process (PID=3275) to work on /opt/airflow/dags/spotify_pipeline.py
[2024-11-09T19:03:06.341+0000] {processor.py:914} INFO - Processing file /opt/airflow/dags/spotify_pipeline.py for tasks to queue
[2024-11-09T19:03:06.341+0000] {logging_mixin.py:190} INFO - [2024-11-09T19:03:06.341+0000] {dagbag.py:588} INFO - Filling up the DagBag from /opt/airflow/dags/spotify_pipeline.py
[2024-11-09T19:03:06.356+0000] {processor.py:925} INFO - DAG(s) 'spotify_pipeline' retrieved from /opt/airflow/dags/spotify_pipeline.py
[2024-11-09T19:03:06.378+0000] {logging_mixin.py:190} INFO - [2024-11-09T19:03:06.378+0000] {dag.py:3239} INFO - Sync 1 DAGs
[2024-11-09T19:03:06.398+0000] {logging_mixin.py:190} INFO - [2024-11-09T19:03:06.398+0000] {dag.py:4180} INFO - Setting next_dagrun for spotify_pipeline to 2024-11-09 00:00:00+00:00, run_after=2024-11-10 00:00:00+00:00
[2024-11-09T19:03:06.414+0000] {processor.py:208} INFO - Processing /opt/airflow/dags/spotify_pipeline.py took 0.078 seconds
[2024-11-09T19:03:36.642+0000] {processor.py:186} INFO - Started process (PID=3285) to work on /opt/airflow/dags/spotify_pipeline.py
[2024-11-09T19:03:36.643+0000] {processor.py:914} INFO - Processing file /opt/airflow/dags/spotify_pipeline.py for tasks to queue
[2024-11-09T19:03:36.644+0000] {logging_mixin.py:190} INFO - [2024-11-09T19:03:36.644+0000] {dagbag.py:588} INFO - Filling up the DagBag from /opt/airflow/dags/spotify_pipeline.py
[2024-11-09T19:03:36.663+0000] {processor.py:925} INFO - DAG(s) 'spotify_pipeline' retrieved from /opt/airflow/dags/spotify_pipeline.py
[2024-11-09T19:03:36.686+0000] {logging_mixin.py:190} INFO - [2024-11-09T19:03:36.686+0000] {dag.py:3239} INFO - Sync 1 DAGs
[2024-11-09T19:03:36.705+0000] {logging_mixin.py:190} INFO - [2024-11-09T19:03:36.705+0000] {dag.py:4180} INFO - Setting next_dagrun for spotify_pipeline to 2024-11-09 00:00:00+00:00, run_after=2024-11-10 00:00:00+00:00
[2024-11-09T19:03:36.724+0000] {processor.py:208} INFO - Processing /opt/airflow/dags/spotify_pipeline.py took 0.087 seconds
[2024-11-09T19:04:06.959+0000] {processor.py:186} INFO - Started process (PID=3295) to work on /opt/airflow/dags/spotify_pipeline.py
[2024-11-09T19:04:06.960+0000] {processor.py:914} INFO - Processing file /opt/airflow/dags/spotify_pipeline.py for tasks to queue
[2024-11-09T19:04:06.961+0000] {logging_mixin.py:190} INFO - [2024-11-09T19:04:06.961+0000] {dagbag.py:588} INFO - Filling up the DagBag from /opt/airflow/dags/spotify_pipeline.py
[2024-11-09T19:04:06.981+0000] {processor.py:925} INFO - DAG(s) 'spotify_pipeline' retrieved from /opt/airflow/dags/spotify_pipeline.py
[2024-11-09T19:04:07.005+0000] {logging_mixin.py:190} INFO - [2024-11-09T19:04:07.005+0000] {dag.py:3239} INFO - Sync 1 DAGs
[2024-11-09T19:04:07.027+0000] {logging_mixin.py:190} INFO - [2024-11-09T19:04:07.027+0000] {dag.py:4180} INFO - Setting next_dagrun for spotify_pipeline to 2024-11-09 00:00:00+00:00, run_after=2024-11-10 00:00:00+00:00
[2024-11-09T19:04:07.044+0000] {processor.py:208} INFO - Processing /opt/airflow/dags/spotify_pipeline.py took 0.091 seconds
[2024-11-09T19:04:37.242+0000] {processor.py:186} INFO - Started process (PID=3305) to work on /opt/airflow/dags/spotify_pipeline.py
[2024-11-09T19:04:37.242+0000] {processor.py:914} INFO - Processing file /opt/airflow/dags/spotify_pipeline.py for tasks to queue
[2024-11-09T19:04:37.244+0000] {logging_mixin.py:190} INFO - [2024-11-09T19:04:37.243+0000] {dagbag.py:588} INFO - Filling up the DagBag from /opt/airflow/dags/spotify_pipeline.py
[2024-11-09T19:04:37.260+0000] {processor.py:925} INFO - DAG(s) 'spotify_pipeline' retrieved from /opt/airflow/dags/spotify_pipeline.py
[2024-11-09T19:04:37.283+0000] {logging_mixin.py:190} INFO - [2024-11-09T19:04:37.283+0000] {dag.py:3239} INFO - Sync 1 DAGs
[2024-11-09T19:04:37.304+0000] {logging_mixin.py:190} INFO - [2024-11-09T19:04:37.304+0000] {dag.py:4180} INFO - Setting next_dagrun for spotify_pipeline to 2024-11-09 00:00:00+00:00, run_after=2024-11-10 00:00:00+00:00
[2024-11-09T19:04:37.330+0000] {processor.py:208} INFO - Processing /opt/airflow/dags/spotify_pipeline.py took 0.092 seconds
[2024-11-09T19:05:07.516+0000] {processor.py:186} INFO - Started process (PID=3315) to work on /opt/airflow/dags/spotify_pipeline.py
[2024-11-09T19:05:07.517+0000] {processor.py:914} INFO - Processing file /opt/airflow/dags/spotify_pipeline.py for tasks to queue
[2024-11-09T19:05:07.518+0000] {logging_mixin.py:190} INFO - [2024-11-09T19:05:07.518+0000] {dagbag.py:588} INFO - Filling up the DagBag from /opt/airflow/dags/spotify_pipeline.py
[2024-11-09T19:05:07.533+0000] {processor.py:925} INFO - DAG(s) 'spotify_pipeline' retrieved from /opt/airflow/dags/spotify_pipeline.py
[2024-11-09T19:05:07.558+0000] {logging_mixin.py:190} INFO - [2024-11-09T19:05:07.558+0000] {dag.py:3239} INFO - Sync 1 DAGs
[2024-11-09T19:05:07.579+0000] {logging_mixin.py:190} INFO - [2024-11-09T19:05:07.579+0000] {dag.py:4180} INFO - Setting next_dagrun for spotify_pipeline to 2024-11-09 00:00:00+00:00, run_after=2024-11-10 00:00:00+00:00
[2024-11-09T19:05:07.595+0000] {processor.py:208} INFO - Processing /opt/airflow/dags/spotify_pipeline.py took 0.083 seconds
[2024-11-09T19:05:37.806+0000] {processor.py:186} INFO - Started process (PID=3325) to work on /opt/airflow/dags/spotify_pipeline.py
[2024-11-09T19:05:37.808+0000] {processor.py:914} INFO - Processing file /opt/airflow/dags/spotify_pipeline.py for tasks to queue
[2024-11-09T19:05:37.809+0000] {logging_mixin.py:190} INFO - [2024-11-09T19:05:37.809+0000] {dagbag.py:588} INFO - Filling up the DagBag from /opt/airflow/dags/spotify_pipeline.py
[2024-11-09T19:05:37.828+0000] {processor.py:925} INFO - DAG(s) 'spotify_pipeline' retrieved from /opt/airflow/dags/spotify_pipeline.py
[2024-11-09T19:05:37.853+0000] {logging_mixin.py:190} INFO - [2024-11-09T19:05:37.852+0000] {dag.py:3239} INFO - Sync 1 DAGs
[2024-11-09T19:05:37.874+0000] {logging_mixin.py:190} INFO - [2024-11-09T19:05:37.873+0000] {dag.py:4180} INFO - Setting next_dagrun for spotify_pipeline to 2024-11-09 00:00:00+00:00, run_after=2024-11-10 00:00:00+00:00
[2024-11-09T19:05:37.889+0000] {processor.py:208} INFO - Processing /opt/airflow/dags/spotify_pipeline.py took 0.088 seconds
[2024-11-09T19:06:08.097+0000] {processor.py:186} INFO - Started process (PID=3335) to work on /opt/airflow/dags/spotify_pipeline.py
[2024-11-09T19:06:08.098+0000] {processor.py:914} INFO - Processing file /opt/airflow/dags/spotify_pipeline.py for tasks to queue
[2024-11-09T19:06:08.099+0000] {logging_mixin.py:190} INFO - [2024-11-09T19:06:08.099+0000] {dagbag.py:588} INFO - Filling up the DagBag from /opt/airflow/dags/spotify_pipeline.py
[2024-11-09T19:06:08.119+0000] {processor.py:925} INFO - DAG(s) 'spotify_pipeline' retrieved from /opt/airflow/dags/spotify_pipeline.py
[2024-11-09T19:06:08.147+0000] {logging_mixin.py:190} INFO - [2024-11-09T19:06:08.146+0000] {dag.py:3239} INFO - Sync 1 DAGs
[2024-11-09T19:06:08.169+0000] {logging_mixin.py:190} INFO - [2024-11-09T19:06:08.169+0000] {dag.py:4180} INFO - Setting next_dagrun for spotify_pipeline to 2024-11-09 00:00:00+00:00, run_after=2024-11-10 00:00:00+00:00
[2024-11-09T19:06:08.186+0000] {processor.py:208} INFO - Processing /opt/airflow/dags/spotify_pipeline.py took 0.094 seconds
[2024-11-09T19:06:38.388+0000] {processor.py:186} INFO - Started process (PID=3345) to work on /opt/airflow/dags/spotify_pipeline.py
[2024-11-09T19:06:38.388+0000] {processor.py:914} INFO - Processing file /opt/airflow/dags/spotify_pipeline.py for tasks to queue
[2024-11-09T19:06:38.389+0000] {logging_mixin.py:190} INFO - [2024-11-09T19:06:38.389+0000] {dagbag.py:588} INFO - Filling up the DagBag from /opt/airflow/dags/spotify_pipeline.py
[2024-11-09T19:06:38.406+0000] {processor.py:925} INFO - DAG(s) 'spotify_pipeline' retrieved from /opt/airflow/dags/spotify_pipeline.py
[2024-11-09T19:06:38.428+0000] {logging_mixin.py:190} INFO - [2024-11-09T19:06:38.428+0000] {dag.py:3239} INFO - Sync 1 DAGs
[2024-11-09T19:06:38.450+0000] {logging_mixin.py:190} INFO - [2024-11-09T19:06:38.449+0000] {dag.py:4180} INFO - Setting next_dagrun for spotify_pipeline to 2024-11-09 00:00:00+00:00, run_after=2024-11-10 00:00:00+00:00
[2024-11-09T19:06:38.467+0000] {processor.py:208} INFO - Processing /opt/airflow/dags/spotify_pipeline.py took 0.083 seconds
[2024-11-09T19:07:08.680+0000] {processor.py:186} INFO - Started process (PID=3355) to work on /opt/airflow/dags/spotify_pipeline.py
[2024-11-09T19:07:08.681+0000] {processor.py:914} INFO - Processing file /opt/airflow/dags/spotify_pipeline.py for tasks to queue
[2024-11-09T19:07:08.683+0000] {logging_mixin.py:190} INFO - [2024-11-09T19:07:08.682+0000] {dagbag.py:588} INFO - Filling up the DagBag from /opt/airflow/dags/spotify_pipeline.py
[2024-11-09T19:07:08.700+0000] {processor.py:925} INFO - DAG(s) 'spotify_pipeline' retrieved from /opt/airflow/dags/spotify_pipeline.py
[2024-11-09T19:07:08.722+0000] {logging_mixin.py:190} INFO - [2024-11-09T19:07:08.722+0000] {dag.py:3239} INFO - Sync 1 DAGs
[2024-11-09T19:07:08.741+0000] {logging_mixin.py:190} INFO - [2024-11-09T19:07:08.741+0000] {dag.py:4180} INFO - Setting next_dagrun for spotify_pipeline to 2024-11-09 00:00:00+00:00, run_after=2024-11-10 00:00:00+00:00
[2024-11-09T19:07:08.757+0000] {processor.py:208} INFO - Processing /opt/airflow/dags/spotify_pipeline.py took 0.082 seconds
[2024-11-09T19:07:38.962+0000] {processor.py:186} INFO - Started process (PID=3365) to work on /opt/airflow/dags/spotify_pipeline.py
[2024-11-09T19:07:38.963+0000] {processor.py:914} INFO - Processing file /opt/airflow/dags/spotify_pipeline.py for tasks to queue
[2024-11-09T19:07:38.964+0000] {logging_mixin.py:190} INFO - [2024-11-09T19:07:38.964+0000] {dagbag.py:588} INFO - Filling up the DagBag from /opt/airflow/dags/spotify_pipeline.py
[2024-11-09T19:07:38.979+0000] {processor.py:925} INFO - DAG(s) 'spotify_pipeline' retrieved from /opt/airflow/dags/spotify_pipeline.py
[2024-11-09T19:07:39.001+0000] {logging_mixin.py:190} INFO - [2024-11-09T19:07:39.001+0000] {dag.py:3239} INFO - Sync 1 DAGs
[2024-11-09T19:07:39.021+0000] {logging_mixin.py:190} INFO - [2024-11-09T19:07:39.021+0000] {dag.py:4180} INFO - Setting next_dagrun for spotify_pipeline to 2024-11-09 00:00:00+00:00, run_after=2024-11-10 00:00:00+00:00
[2024-11-09T19:07:39.038+0000] {processor.py:208} INFO - Processing /opt/airflow/dags/spotify_pipeline.py took 0.079 seconds
[2024-11-09T19:08:09.257+0000] {processor.py:186} INFO - Started process (PID=3375) to work on /opt/airflow/dags/spotify_pipeline.py
[2024-11-09T19:08:09.259+0000] {processor.py:914} INFO - Processing file /opt/airflow/dags/spotify_pipeline.py for tasks to queue
[2024-11-09T19:08:09.260+0000] {logging_mixin.py:190} INFO - [2024-11-09T19:08:09.260+0000] {dagbag.py:588} INFO - Filling up the DagBag from /opt/airflow/dags/spotify_pipeline.py
[2024-11-09T19:08:09.279+0000] {processor.py:925} INFO - DAG(s) 'spotify_pipeline' retrieved from /opt/airflow/dags/spotify_pipeline.py
[2024-11-09T19:08:09.301+0000] {logging_mixin.py:190} INFO - [2024-11-09T19:08:09.301+0000] {dag.py:3239} INFO - Sync 1 DAGs
[2024-11-09T19:08:09.321+0000] {logging_mixin.py:190} INFO - [2024-11-09T19:08:09.320+0000] {dag.py:4180} INFO - Setting next_dagrun for spotify_pipeline to 2024-11-09 00:00:00+00:00, run_after=2024-11-10 00:00:00+00:00
[2024-11-09T19:08:09.336+0000] {processor.py:208} INFO - Processing /opt/airflow/dags/spotify_pipeline.py took 0.084 seconds
[2024-11-09T19:08:39.553+0000] {processor.py:186} INFO - Started process (PID=3385) to work on /opt/airflow/dags/spotify_pipeline.py
[2024-11-09T19:08:39.554+0000] {processor.py:914} INFO - Processing file /opt/airflow/dags/spotify_pipeline.py for tasks to queue
[2024-11-09T19:08:39.555+0000] {logging_mixin.py:190} INFO - [2024-11-09T19:08:39.554+0000] {dagbag.py:588} INFO - Filling up the DagBag from /opt/airflow/dags/spotify_pipeline.py
[2024-11-09T19:08:39.572+0000] {processor.py:925} INFO - DAG(s) 'spotify_pipeline' retrieved from /opt/airflow/dags/spotify_pipeline.py
[2024-11-09T19:08:39.596+0000] {logging_mixin.py:190} INFO - [2024-11-09T19:08:39.595+0000] {dag.py:3239} INFO - Sync 1 DAGs
[2024-11-09T19:08:39.617+0000] {logging_mixin.py:190} INFO - [2024-11-09T19:08:39.617+0000] {dag.py:4180} INFO - Setting next_dagrun for spotify_pipeline to 2024-11-09 00:00:00+00:00, run_after=2024-11-10 00:00:00+00:00
[2024-11-09T19:08:39.647+0000] {processor.py:208} INFO - Processing /opt/airflow/dags/spotify_pipeline.py took 0.100 seconds
[2024-11-09T19:09:09.878+0000] {processor.py:186} INFO - Started process (PID=3395) to work on /opt/airflow/dags/spotify_pipeline.py
[2024-11-09T19:09:09.879+0000] {processor.py:914} INFO - Processing file /opt/airflow/dags/spotify_pipeline.py for tasks to queue
[2024-11-09T19:09:09.880+0000] {logging_mixin.py:190} INFO - [2024-11-09T19:09:09.880+0000] {dagbag.py:588} INFO - Filling up the DagBag from /opt/airflow/dags/spotify_pipeline.py
[2024-11-09T19:09:09.898+0000] {processor.py:925} INFO - DAG(s) 'spotify_pipeline' retrieved from /opt/airflow/dags/spotify_pipeline.py
[2024-11-09T19:09:09.922+0000] {logging_mixin.py:190} INFO - [2024-11-09T19:09:09.922+0000] {dag.py:3239} INFO - Sync 1 DAGs
[2024-11-09T19:09:09.944+0000] {logging_mixin.py:190} INFO - [2024-11-09T19:09:09.944+0000] {dag.py:4180} INFO - Setting next_dagrun for spotify_pipeline to 2024-11-09 00:00:00+00:00, run_after=2024-11-10 00:00:00+00:00
[2024-11-09T19:09:09.961+0000] {processor.py:208} INFO - Processing /opt/airflow/dags/spotify_pipeline.py took 0.088 seconds
[2024-11-09T19:09:40.155+0000] {processor.py:186} INFO - Started process (PID=3405) to work on /opt/airflow/dags/spotify_pipeline.py
[2024-11-09T19:09:40.156+0000] {processor.py:914} INFO - Processing file /opt/airflow/dags/spotify_pipeline.py for tasks to queue
[2024-11-09T19:09:40.157+0000] {logging_mixin.py:190} INFO - [2024-11-09T19:09:40.157+0000] {dagbag.py:588} INFO - Filling up the DagBag from /opt/airflow/dags/spotify_pipeline.py
[2024-11-09T19:09:40.176+0000] {processor.py:925} INFO - DAG(s) 'spotify_pipeline' retrieved from /opt/airflow/dags/spotify_pipeline.py
[2024-11-09T19:09:40.198+0000] {logging_mixin.py:190} INFO - [2024-11-09T19:09:40.198+0000] {dag.py:3239} INFO - Sync 1 DAGs
[2024-11-09T19:09:40.218+0000] {logging_mixin.py:190} INFO - [2024-11-09T19:09:40.217+0000] {dag.py:4180} INFO - Setting next_dagrun for spotify_pipeline to 2024-11-09 00:00:00+00:00, run_after=2024-11-10 00:00:00+00:00
[2024-11-09T19:09:40.233+0000] {processor.py:208} INFO - Processing /opt/airflow/dags/spotify_pipeline.py took 0.084 seconds
[2024-11-09T19:10:10.441+0000] {processor.py:186} INFO - Started process (PID=3415) to work on /opt/airflow/dags/spotify_pipeline.py
[2024-11-09T19:10:10.442+0000] {processor.py:914} INFO - Processing file /opt/airflow/dags/spotify_pipeline.py for tasks to queue
[2024-11-09T19:10:10.443+0000] {logging_mixin.py:190} INFO - [2024-11-09T19:10:10.443+0000] {dagbag.py:588} INFO - Filling up the DagBag from /opt/airflow/dags/spotify_pipeline.py
[2024-11-09T19:10:10.462+0000] {processor.py:925} INFO - DAG(s) 'spotify_pipeline' retrieved from /opt/airflow/dags/spotify_pipeline.py
[2024-11-09T19:10:10.486+0000] {logging_mixin.py:190} INFO - [2024-11-09T19:10:10.486+0000] {dag.py:3239} INFO - Sync 1 DAGs
[2024-11-09T19:10:10.509+0000] {logging_mixin.py:190} INFO - [2024-11-09T19:10:10.509+0000] {dag.py:4180} INFO - Setting next_dagrun for spotify_pipeline to 2024-11-09 00:00:00+00:00, run_after=2024-11-10 00:00:00+00:00
[2024-11-09T19:10:10.539+0000] {processor.py:208} INFO - Processing /opt/airflow/dags/spotify_pipeline.py took 0.103 seconds
[2024-11-09T19:10:40.736+0000] {processor.py:186} INFO - Started process (PID=3425) to work on /opt/airflow/dags/spotify_pipeline.py
[2024-11-09T19:10:40.737+0000] {processor.py:914} INFO - Processing file /opt/airflow/dags/spotify_pipeline.py for tasks to queue
[2024-11-09T19:10:40.738+0000] {logging_mixin.py:190} INFO - [2024-11-09T19:10:40.738+0000] {dagbag.py:588} INFO - Filling up the DagBag from /opt/airflow/dags/spotify_pipeline.py
[2024-11-09T19:10:40.753+0000] {processor.py:925} INFO - DAG(s) 'spotify_pipeline' retrieved from /opt/airflow/dags/spotify_pipeline.py
[2024-11-09T19:10:40.776+0000] {logging_mixin.py:190} INFO - [2024-11-09T19:10:40.776+0000] {dag.py:3239} INFO - Sync 1 DAGs
[2024-11-09T19:10:40.798+0000] {logging_mixin.py:190} INFO - [2024-11-09T19:10:40.798+0000] {dag.py:4180} INFO - Setting next_dagrun for spotify_pipeline to 2024-11-09 00:00:00+00:00, run_after=2024-11-10 00:00:00+00:00
[2024-11-09T19:10:40.815+0000] {processor.py:208} INFO - Processing /opt/airflow/dags/spotify_pipeline.py took 0.084 seconds
[2024-11-09T19:11:11.020+0000] {processor.py:186} INFO - Started process (PID=3435) to work on /opt/airflow/dags/spotify_pipeline.py
[2024-11-09T19:11:11.021+0000] {processor.py:914} INFO - Processing file /opt/airflow/dags/spotify_pipeline.py for tasks to queue
[2024-11-09T19:11:11.022+0000] {logging_mixin.py:190} INFO - [2024-11-09T19:11:11.022+0000] {dagbag.py:588} INFO - Filling up the DagBag from /opt/airflow/dags/spotify_pipeline.py
[2024-11-09T19:11:11.038+0000] {processor.py:925} INFO - DAG(s) 'spotify_pipeline' retrieved from /opt/airflow/dags/spotify_pipeline.py
[2024-11-09T19:11:11.061+0000] {logging_mixin.py:190} INFO - [2024-11-09T19:11:11.060+0000] {dag.py:3239} INFO - Sync 1 DAGs
[2024-11-09T19:11:11.081+0000] {logging_mixin.py:190} INFO - [2024-11-09T19:11:11.081+0000] {dag.py:4180} INFO - Setting next_dagrun for spotify_pipeline to 2024-11-09 00:00:00+00:00, run_after=2024-11-10 00:00:00+00:00
[2024-11-09T19:11:11.098+0000] {processor.py:208} INFO - Processing /opt/airflow/dags/spotify_pipeline.py took 0.081 seconds
[2024-11-09T19:11:41.327+0000] {processor.py:186} INFO - Started process (PID=3445) to work on /opt/airflow/dags/spotify_pipeline.py
[2024-11-09T19:11:41.327+0000] {processor.py:914} INFO - Processing file /opt/airflow/dags/spotify_pipeline.py for tasks to queue
[2024-11-09T19:11:41.328+0000] {logging_mixin.py:190} INFO - [2024-11-09T19:11:41.328+0000] {dagbag.py:588} INFO - Filling up the DagBag from /opt/airflow/dags/spotify_pipeline.py
[2024-11-09T19:11:41.345+0000] {processor.py:925} INFO - DAG(s) 'spotify_pipeline' retrieved from /opt/airflow/dags/spotify_pipeline.py
[2024-11-09T19:11:41.366+0000] {logging_mixin.py:190} INFO - [2024-11-09T19:11:41.366+0000] {dag.py:3239} INFO - Sync 1 DAGs
[2024-11-09T19:11:41.387+0000] {logging_mixin.py:190} INFO - [2024-11-09T19:11:41.387+0000] {dag.py:4180} INFO - Setting next_dagrun for spotify_pipeline to 2024-11-09 00:00:00+00:00, run_after=2024-11-10 00:00:00+00:00
[2024-11-09T19:11:41.418+0000] {processor.py:208} INFO - Processing /opt/airflow/dags/spotify_pipeline.py took 0.096 seconds
[2024-11-09T19:12:11.622+0000] {processor.py:186} INFO - Started process (PID=3455) to work on /opt/airflow/dags/spotify_pipeline.py
[2024-11-09T19:12:11.623+0000] {processor.py:914} INFO - Processing file /opt/airflow/dags/spotify_pipeline.py for tasks to queue
[2024-11-09T19:12:11.624+0000] {logging_mixin.py:190} INFO - [2024-11-09T19:12:11.623+0000] {dagbag.py:588} INFO - Filling up the DagBag from /opt/airflow/dags/spotify_pipeline.py
[2024-11-09T19:12:11.644+0000] {processor.py:925} INFO - DAG(s) 'spotify_pipeline' retrieved from /opt/airflow/dags/spotify_pipeline.py
[2024-11-09T19:12:11.668+0000] {logging_mixin.py:190} INFO - [2024-11-09T19:12:11.667+0000] {dag.py:3239} INFO - Sync 1 DAGs
[2024-11-09T19:12:11.689+0000] {logging_mixin.py:190} INFO - [2024-11-09T19:12:11.688+0000] {dag.py:4180} INFO - Setting next_dagrun for spotify_pipeline to 2024-11-09 00:00:00+00:00, run_after=2024-11-10 00:00:00+00:00
[2024-11-09T19:12:11.718+0000] {processor.py:208} INFO - Processing /opt/airflow/dags/spotify_pipeline.py took 0.101 seconds
[2024-11-09T19:12:41.911+0000] {processor.py:186} INFO - Started process (PID=3465) to work on /opt/airflow/dags/spotify_pipeline.py
[2024-11-09T19:12:41.912+0000] {processor.py:914} INFO - Processing file /opt/airflow/dags/spotify_pipeline.py for tasks to queue
[2024-11-09T19:12:41.913+0000] {logging_mixin.py:190} INFO - [2024-11-09T19:12:41.913+0000] {dagbag.py:588} INFO - Filling up the DagBag from /opt/airflow/dags/spotify_pipeline.py
[2024-11-09T19:12:41.929+0000] {processor.py:925} INFO - DAG(s) 'spotify_pipeline' retrieved from /opt/airflow/dags/spotify_pipeline.py
[2024-11-09T19:12:41.953+0000] {logging_mixin.py:190} INFO - [2024-11-09T19:12:41.952+0000] {dag.py:3239} INFO - Sync 1 DAGs
[2024-11-09T19:12:41.972+0000] {logging_mixin.py:190} INFO - [2024-11-09T19:12:41.972+0000] {dag.py:4180} INFO - Setting next_dagrun for spotify_pipeline to 2024-11-09 00:00:00+00:00, run_after=2024-11-10 00:00:00+00:00
[2024-11-09T19:12:41.987+0000] {processor.py:208} INFO - Processing /opt/airflow/dags/spotify_pipeline.py took 0.080 seconds
[2024-11-09T19:13:12.197+0000] {processor.py:186} INFO - Started process (PID=3475) to work on /opt/airflow/dags/spotify_pipeline.py
[2024-11-09T19:13:12.198+0000] {processor.py:914} INFO - Processing file /opt/airflow/dags/spotify_pipeline.py for tasks to queue
[2024-11-09T19:13:12.199+0000] {logging_mixin.py:190} INFO - [2024-11-09T19:13:12.199+0000] {dagbag.py:588} INFO - Filling up the DagBag from /opt/airflow/dags/spotify_pipeline.py
[2024-11-09T19:13:12.215+0000] {processor.py:925} INFO - DAG(s) 'spotify_pipeline' retrieved from /opt/airflow/dags/spotify_pipeline.py
[2024-11-09T19:13:12.237+0000] {logging_mixin.py:190} INFO - [2024-11-09T19:13:12.237+0000] {dag.py:3239} INFO - Sync 1 DAGs
[2024-11-09T19:13:12.258+0000] {logging_mixin.py:190} INFO - [2024-11-09T19:13:12.258+0000] {dag.py:4180} INFO - Setting next_dagrun for spotify_pipeline to 2024-11-09 00:00:00+00:00, run_after=2024-11-10 00:00:00+00:00
[2024-11-09T19:13:12.273+0000] {processor.py:208} INFO - Processing /opt/airflow/dags/spotify_pipeline.py took 0.080 seconds
[2024-11-09T19:13:42.480+0000] {processor.py:186} INFO - Started process (PID=3485) to work on /opt/airflow/dags/spotify_pipeline.py
[2024-11-09T19:13:42.481+0000] {processor.py:914} INFO - Processing file /opt/airflow/dags/spotify_pipeline.py for tasks to queue
[2024-11-09T19:13:42.482+0000] {logging_mixin.py:190} INFO - [2024-11-09T19:13:42.481+0000] {dagbag.py:588} INFO - Filling up the DagBag from /opt/airflow/dags/spotify_pipeline.py
[2024-11-09T19:13:42.496+0000] {processor.py:925} INFO - DAG(s) 'spotify_pipeline' retrieved from /opt/airflow/dags/spotify_pipeline.py
[2024-11-09T19:13:42.520+0000] {logging_mixin.py:190} INFO - [2024-11-09T19:13:42.519+0000] {dag.py:3239} INFO - Sync 1 DAGs
[2024-11-09T19:13:42.542+0000] {logging_mixin.py:190} INFO - [2024-11-09T19:13:42.542+0000] {dag.py:4180} INFO - Setting next_dagrun for spotify_pipeline to 2024-11-09 00:00:00+00:00, run_after=2024-11-10 00:00:00+00:00
[2024-11-09T19:13:42.561+0000] {processor.py:208} INFO - Processing /opt/airflow/dags/spotify_pipeline.py took 0.084 seconds
[2024-11-09T19:14:12.795+0000] {processor.py:186} INFO - Started process (PID=3495) to work on /opt/airflow/dags/spotify_pipeline.py
[2024-11-09T19:14:12.796+0000] {processor.py:914} INFO - Processing file /opt/airflow/dags/spotify_pipeline.py for tasks to queue
[2024-11-09T19:14:12.798+0000] {logging_mixin.py:190} INFO - [2024-11-09T19:14:12.798+0000] {dagbag.py:588} INFO - Filling up the DagBag from /opt/airflow/dags/spotify_pipeline.py
[2024-11-09T19:14:12.817+0000] {processor.py:925} INFO - DAG(s) 'spotify_pipeline' retrieved from /opt/airflow/dags/spotify_pipeline.py
[2024-11-09T19:14:12.842+0000] {logging_mixin.py:190} INFO - [2024-11-09T19:14:12.841+0000] {dag.py:3239} INFO - Sync 1 DAGs
[2024-11-09T19:14:12.862+0000] {logging_mixin.py:190} INFO - [2024-11-09T19:14:12.862+0000] {dag.py:4180} INFO - Setting next_dagrun for spotify_pipeline to 2024-11-09 00:00:00+00:00, run_after=2024-11-10 00:00:00+00:00
[2024-11-09T19:14:12.879+0000] {processor.py:208} INFO - Processing /opt/airflow/dags/spotify_pipeline.py took 0.088 seconds
[2024-11-09T19:14:43.081+0000] {processor.py:186} INFO - Started process (PID=3505) to work on /opt/airflow/dags/spotify_pipeline.py
[2024-11-09T19:14:43.082+0000] {processor.py:914} INFO - Processing file /opt/airflow/dags/spotify_pipeline.py for tasks to queue
[2024-11-09T19:14:43.083+0000] {logging_mixin.py:190} INFO - [2024-11-09T19:14:43.083+0000] {dagbag.py:588} INFO - Filling up the DagBag from /opt/airflow/dags/spotify_pipeline.py
[2024-11-09T19:14:43.102+0000] {processor.py:925} INFO - DAG(s) 'spotify_pipeline' retrieved from /opt/airflow/dags/spotify_pipeline.py
[2024-11-09T19:14:43.126+0000] {logging_mixin.py:190} INFO - [2024-11-09T19:14:43.126+0000] {dag.py:3239} INFO - Sync 1 DAGs
[2024-11-09T19:14:43.148+0000] {logging_mixin.py:190} INFO - [2024-11-09T19:14:43.148+0000] {dag.py:4180} INFO - Setting next_dagrun for spotify_pipeline to 2024-11-09 00:00:00+00:00, run_after=2024-11-10 00:00:00+00:00
[2024-11-09T19:14:43.164+0000] {processor.py:208} INFO - Processing /opt/airflow/dags/spotify_pipeline.py took 0.088 seconds
[2024-11-09T19:15:13.370+0000] {processor.py:186} INFO - Started process (PID=3515) to work on /opt/airflow/dags/spotify_pipeline.py
[2024-11-09T19:15:13.370+0000] {processor.py:914} INFO - Processing file /opt/airflow/dags/spotify_pipeline.py for tasks to queue
[2024-11-09T19:15:13.372+0000] {logging_mixin.py:190} INFO - [2024-11-09T19:15:13.372+0000] {dagbag.py:588} INFO - Filling up the DagBag from /opt/airflow/dags/spotify_pipeline.py
[2024-11-09T19:15:13.388+0000] {processor.py:925} INFO - DAG(s) 'spotify_pipeline' retrieved from /opt/airflow/dags/spotify_pipeline.py
[2024-11-09T19:15:13.412+0000] {logging_mixin.py:190} INFO - [2024-11-09T19:15:13.412+0000] {dag.py:3239} INFO - Sync 1 DAGs
[2024-11-09T19:15:13.433+0000] {logging_mixin.py:190} INFO - [2024-11-09T19:15:13.433+0000] {dag.py:4180} INFO - Setting next_dagrun for spotify_pipeline to 2024-11-09 00:00:00+00:00, run_after=2024-11-10 00:00:00+00:00
[2024-11-09T19:15:13.451+0000] {processor.py:208} INFO - Processing /opt/airflow/dags/spotify_pipeline.py took 0.086 seconds
[2024-11-09T19:15:43.662+0000] {processor.py:186} INFO - Started process (PID=3525) to work on /opt/airflow/dags/spotify_pipeline.py
[2024-11-09T19:15:43.662+0000] {processor.py:914} INFO - Processing file /opt/airflow/dags/spotify_pipeline.py for tasks to queue
[2024-11-09T19:15:43.663+0000] {logging_mixin.py:190} INFO - [2024-11-09T19:15:43.663+0000] {dagbag.py:588} INFO - Filling up the DagBag from /opt/airflow/dags/spotify_pipeline.py
[2024-11-09T19:15:43.678+0000] {processor.py:925} INFO - DAG(s) 'spotify_pipeline' retrieved from /opt/airflow/dags/spotify_pipeline.py
[2024-11-09T19:15:43.700+0000] {logging_mixin.py:190} INFO - [2024-11-09T19:15:43.700+0000] {dag.py:3239} INFO - Sync 1 DAGs
[2024-11-09T19:15:43.719+0000] {logging_mixin.py:190} INFO - [2024-11-09T19:15:43.719+0000] {dag.py:4180} INFO - Setting next_dagrun for spotify_pipeline to 2024-11-09 00:00:00+00:00, run_after=2024-11-10 00:00:00+00:00
[2024-11-09T19:15:43.749+0000] {processor.py:208} INFO - Processing /opt/airflow/dags/spotify_pipeline.py took 0.092 seconds
[2024-11-09T19:16:13.954+0000] {processor.py:186} INFO - Started process (PID=3535) to work on /opt/airflow/dags/spotify_pipeline.py
[2024-11-09T19:16:13.955+0000] {processor.py:914} INFO - Processing file /opt/airflow/dags/spotify_pipeline.py for tasks to queue
[2024-11-09T19:16:13.956+0000] {logging_mixin.py:190} INFO - [2024-11-09T19:16:13.956+0000] {dagbag.py:588} INFO - Filling up the DagBag from /opt/airflow/dags/spotify_pipeline.py
[2024-11-09T19:16:13.976+0000] {processor.py:925} INFO - DAG(s) 'spotify_pipeline' retrieved from /opt/airflow/dags/spotify_pipeline.py
[2024-11-09T19:16:14.001+0000] {logging_mixin.py:190} INFO - [2024-11-09T19:16:14.001+0000] {dag.py:3239} INFO - Sync 1 DAGs
[2024-11-09T19:16:14.025+0000] {logging_mixin.py:190} INFO - [2024-11-09T19:16:14.025+0000] {dag.py:4180} INFO - Setting next_dagrun for spotify_pipeline to 2024-11-09 00:00:00+00:00, run_after=2024-11-10 00:00:00+00:00
[2024-11-09T19:16:14.055+0000] {processor.py:208} INFO - Processing /opt/airflow/dags/spotify_pipeline.py took 0.106 seconds
[2024-11-09T19:16:44.250+0000] {processor.py:186} INFO - Started process (PID=3545) to work on /opt/airflow/dags/spotify_pipeline.py
[2024-11-09T19:16:44.251+0000] {processor.py:914} INFO - Processing file /opt/airflow/dags/spotify_pipeline.py for tasks to queue
[2024-11-09T19:16:44.252+0000] {logging_mixin.py:190} INFO - [2024-11-09T19:16:44.252+0000] {dagbag.py:588} INFO - Filling up the DagBag from /opt/airflow/dags/spotify_pipeline.py
[2024-11-09T19:16:44.268+0000] {processor.py:925} INFO - DAG(s) 'spotify_pipeline' retrieved from /opt/airflow/dags/spotify_pipeline.py
[2024-11-09T19:16:44.292+0000] {logging_mixin.py:190} INFO - [2024-11-09T19:16:44.292+0000] {dag.py:3239} INFO - Sync 1 DAGs
[2024-11-09T19:16:44.314+0000] {logging_mixin.py:190} INFO - [2024-11-09T19:16:44.314+0000] {dag.py:4180} INFO - Setting next_dagrun for spotify_pipeline to 2024-11-09 00:00:00+00:00, run_after=2024-11-10 00:00:00+00:00
[2024-11-09T19:16:44.331+0000] {processor.py:208} INFO - Processing /opt/airflow/dags/spotify_pipeline.py took 0.085 seconds
[2024-11-09T19:17:14.524+0000] {processor.py:186} INFO - Started process (PID=3555) to work on /opt/airflow/dags/spotify_pipeline.py
[2024-11-09T19:17:14.524+0000] {processor.py:914} INFO - Processing file /opt/airflow/dags/spotify_pipeline.py for tasks to queue
[2024-11-09T19:17:14.525+0000] {logging_mixin.py:190} INFO - [2024-11-09T19:17:14.525+0000] {dagbag.py:588} INFO - Filling up the DagBag from /opt/airflow/dags/spotify_pipeline.py
[2024-11-09T19:17:14.543+0000] {processor.py:925} INFO - DAG(s) 'spotify_pipeline' retrieved from /opt/airflow/dags/spotify_pipeline.py
[2024-11-09T19:17:14.564+0000] {logging_mixin.py:190} INFO - [2024-11-09T19:17:14.564+0000] {dag.py:3239} INFO - Sync 1 DAGs
[2024-11-09T19:17:14.584+0000] {logging_mixin.py:190} INFO - [2024-11-09T19:17:14.583+0000] {dag.py:4180} INFO - Setting next_dagrun for spotify_pipeline to 2024-11-09 00:00:00+00:00, run_after=2024-11-10 00:00:00+00:00
[2024-11-09T19:17:14.602+0000] {processor.py:208} INFO - Processing /opt/airflow/dags/spotify_pipeline.py took 0.082 seconds
[2024-11-09T19:17:44.787+0000] {processor.py:186} INFO - Started process (PID=3565) to work on /opt/airflow/dags/spotify_pipeline.py
[2024-11-09T19:17:44.788+0000] {processor.py:914} INFO - Processing file /opt/airflow/dags/spotify_pipeline.py for tasks to queue
[2024-11-09T19:17:44.789+0000] {logging_mixin.py:190} INFO - [2024-11-09T19:17:44.789+0000] {dagbag.py:588} INFO - Filling up the DagBag from /opt/airflow/dags/spotify_pipeline.py
[2024-11-09T19:17:44.805+0000] {processor.py:925} INFO - DAG(s) 'spotify_pipeline' retrieved from /opt/airflow/dags/spotify_pipeline.py
[2024-11-09T19:17:44.828+0000] {logging_mixin.py:190} INFO - [2024-11-09T19:17:44.828+0000] {dag.py:3239} INFO - Sync 1 DAGs
[2024-11-09T19:17:44.850+0000] {logging_mixin.py:190} INFO - [2024-11-09T19:17:44.850+0000] {dag.py:4180} INFO - Setting next_dagrun for spotify_pipeline to 2024-11-09 00:00:00+00:00, run_after=2024-11-10 00:00:00+00:00
[2024-11-09T19:17:44.868+0000] {processor.py:208} INFO - Processing /opt/airflow/dags/spotify_pipeline.py took 0.086 seconds
[2024-11-09T19:18:15.061+0000] {processor.py:186} INFO - Started process (PID=3575) to work on /opt/airflow/dags/spotify_pipeline.py
[2024-11-09T19:18:15.062+0000] {processor.py:914} INFO - Processing file /opt/airflow/dags/spotify_pipeline.py for tasks to queue
[2024-11-09T19:18:15.063+0000] {logging_mixin.py:190} INFO - [2024-11-09T19:18:15.063+0000] {dagbag.py:588} INFO - Filling up the DagBag from /opt/airflow/dags/spotify_pipeline.py
[2024-11-09T19:18:15.082+0000] {processor.py:925} INFO - DAG(s) 'spotify_pipeline' retrieved from /opt/airflow/dags/spotify_pipeline.py
[2024-11-09T19:18:15.104+0000] {logging_mixin.py:190} INFO - [2024-11-09T19:18:15.103+0000] {dag.py:3239} INFO - Sync 1 DAGs
[2024-11-09T19:18:15.123+0000] {logging_mixin.py:190} INFO - [2024-11-09T19:18:15.123+0000] {dag.py:4180} INFO - Setting next_dagrun for spotify_pipeline to 2024-11-09 00:00:00+00:00, run_after=2024-11-10 00:00:00+00:00
[2024-11-09T19:18:15.152+0000] {processor.py:208} INFO - Processing /opt/airflow/dags/spotify_pipeline.py took 0.095 seconds
[2024-11-09T19:18:45.341+0000] {processor.py:186} INFO - Started process (PID=3585) to work on /opt/airflow/dags/spotify_pipeline.py
[2024-11-09T19:18:45.342+0000] {processor.py:914} INFO - Processing file /opt/airflow/dags/spotify_pipeline.py for tasks to queue
[2024-11-09T19:18:45.343+0000] {logging_mixin.py:190} INFO - [2024-11-09T19:18:45.343+0000] {dagbag.py:588} INFO - Filling up the DagBag from /opt/airflow/dags/spotify_pipeline.py
[2024-11-09T19:18:45.362+0000] {processor.py:925} INFO - DAG(s) 'spotify_pipeline' retrieved from /opt/airflow/dags/spotify_pipeline.py
[2024-11-09T19:18:45.384+0000] {logging_mixin.py:190} INFO - [2024-11-09T19:18:45.384+0000] {dag.py:3239} INFO - Sync 1 DAGs
[2024-11-09T19:18:45.404+0000] {logging_mixin.py:190} INFO - [2024-11-09T19:18:45.404+0000] {dag.py:4180} INFO - Setting next_dagrun for spotify_pipeline to 2024-11-09 00:00:00+00:00, run_after=2024-11-10 00:00:00+00:00
[2024-11-09T19:18:45.419+0000] {processor.py:208} INFO - Processing /opt/airflow/dags/spotify_pipeline.py took 0.084 seconds
[2024-11-09T19:19:15.611+0000] {processor.py:186} INFO - Started process (PID=3595) to work on /opt/airflow/dags/spotify_pipeline.py
[2024-11-09T19:19:15.612+0000] {processor.py:914} INFO - Processing file /opt/airflow/dags/spotify_pipeline.py for tasks to queue
[2024-11-09T19:19:15.613+0000] {logging_mixin.py:190} INFO - [2024-11-09T19:19:15.613+0000] {dagbag.py:588} INFO - Filling up the DagBag from /opt/airflow/dags/spotify_pipeline.py
[2024-11-09T19:19:15.631+0000] {processor.py:925} INFO - DAG(s) 'spotify_pipeline' retrieved from /opt/airflow/dags/spotify_pipeline.py
[2024-11-09T19:19:15.653+0000] {logging_mixin.py:190} INFO - [2024-11-09T19:19:15.653+0000] {dag.py:3239} INFO - Sync 1 DAGs
[2024-11-09T19:19:15.674+0000] {logging_mixin.py:190} INFO - [2024-11-09T19:19:15.674+0000] {dag.py:4180} INFO - Setting next_dagrun for spotify_pipeline to 2024-11-09 00:00:00+00:00, run_after=2024-11-10 00:00:00+00:00
[2024-11-09T19:19:15.690+0000] {processor.py:208} INFO - Processing /opt/airflow/dags/spotify_pipeline.py took 0.085 seconds
[2024-11-09T19:19:45.882+0000] {processor.py:186} INFO - Started process (PID=3605) to work on /opt/airflow/dags/spotify_pipeline.py
[2024-11-09T19:19:45.883+0000] {processor.py:914} INFO - Processing file /opt/airflow/dags/spotify_pipeline.py for tasks to queue
[2024-11-09T19:19:45.884+0000] {logging_mixin.py:190} INFO - [2024-11-09T19:19:45.884+0000] {dagbag.py:588} INFO - Filling up the DagBag from /opt/airflow/dags/spotify_pipeline.py
[2024-11-09T19:19:45.900+0000] {processor.py:925} INFO - DAG(s) 'spotify_pipeline' retrieved from /opt/airflow/dags/spotify_pipeline.py
[2024-11-09T19:19:45.923+0000] {logging_mixin.py:190} INFO - [2024-11-09T19:19:45.923+0000] {dag.py:3239} INFO - Sync 1 DAGs
[2024-11-09T19:19:45.944+0000] {logging_mixin.py:190} INFO - [2024-11-09T19:19:45.944+0000] {dag.py:4180} INFO - Setting next_dagrun for spotify_pipeline to 2024-11-09 00:00:00+00:00, run_after=2024-11-10 00:00:00+00:00
[2024-11-09T19:19:45.960+0000] {processor.py:208} INFO - Processing /opt/airflow/dags/spotify_pipeline.py took 0.083 seconds
[2024-11-09T19:20:16.162+0000] {processor.py:186} INFO - Started process (PID=3615) to work on /opt/airflow/dags/spotify_pipeline.py
[2024-11-09T19:20:16.163+0000] {processor.py:914} INFO - Processing file /opt/airflow/dags/spotify_pipeline.py for tasks to queue
[2024-11-09T19:20:16.164+0000] {logging_mixin.py:190} INFO - [2024-11-09T19:20:16.164+0000] {dagbag.py:588} INFO - Filling up the DagBag from /opt/airflow/dags/spotify_pipeline.py
[2024-11-09T19:20:16.183+0000] {processor.py:925} INFO - DAG(s) 'spotify_pipeline' retrieved from /opt/airflow/dags/spotify_pipeline.py
[2024-11-09T19:20:16.205+0000] {logging_mixin.py:190} INFO - [2024-11-09T19:20:16.205+0000] {dag.py:3239} INFO - Sync 1 DAGs
[2024-11-09T19:20:16.225+0000] {logging_mixin.py:190} INFO - [2024-11-09T19:20:16.225+0000] {dag.py:4180} INFO - Setting next_dagrun for spotify_pipeline to 2024-11-09 00:00:00+00:00, run_after=2024-11-10 00:00:00+00:00
[2024-11-09T19:20:16.240+0000] {processor.py:208} INFO - Processing /opt/airflow/dags/spotify_pipeline.py took 0.083 seconds
[2024-11-09T19:20:46.445+0000] {processor.py:186} INFO - Started process (PID=3625) to work on /opt/airflow/dags/spotify_pipeline.py
[2024-11-09T19:20:46.446+0000] {processor.py:914} INFO - Processing file /opt/airflow/dags/spotify_pipeline.py for tasks to queue
[2024-11-09T19:20:46.447+0000] {logging_mixin.py:190} INFO - [2024-11-09T19:20:46.447+0000] {dagbag.py:588} INFO - Filling up the DagBag from /opt/airflow/dags/spotify_pipeline.py
[2024-11-09T19:20:46.467+0000] {processor.py:925} INFO - DAG(s) 'spotify_pipeline' retrieved from /opt/airflow/dags/spotify_pipeline.py
[2024-11-09T19:20:46.491+0000] {logging_mixin.py:190} INFO - [2024-11-09T19:20:46.491+0000] {dag.py:3239} INFO - Sync 1 DAGs
[2024-11-09T19:20:46.511+0000] {logging_mixin.py:190} INFO - [2024-11-09T19:20:46.511+0000] {dag.py:4180} INFO - Setting next_dagrun for spotify_pipeline to 2024-11-09 00:00:00+00:00, run_after=2024-11-10 00:00:00+00:00
[2024-11-09T19:20:46.526+0000] {processor.py:208} INFO - Processing /opt/airflow/dags/spotify_pipeline.py took 0.087 seconds
[2024-11-09T19:21:16.735+0000] {processor.py:186} INFO - Started process (PID=3635) to work on /opt/airflow/dags/spotify_pipeline.py
[2024-11-09T19:21:16.736+0000] {processor.py:914} INFO - Processing file /opt/airflow/dags/spotify_pipeline.py for tasks to queue
[2024-11-09T19:21:16.737+0000] {logging_mixin.py:190} INFO - [2024-11-09T19:21:16.737+0000] {dagbag.py:588} INFO - Filling up the DagBag from /opt/airflow/dags/spotify_pipeline.py
[2024-11-09T19:21:16.754+0000] {processor.py:925} INFO - DAG(s) 'spotify_pipeline' retrieved from /opt/airflow/dags/spotify_pipeline.py
[2024-11-09T19:21:16.776+0000] {logging_mixin.py:190} INFO - [2024-11-09T19:21:16.776+0000] {dag.py:3239} INFO - Sync 1 DAGs
[2024-11-09T19:21:16.797+0000] {logging_mixin.py:190} INFO - [2024-11-09T19:21:16.797+0000] {dag.py:4180} INFO - Setting next_dagrun for spotify_pipeline to 2024-11-09 00:00:00+00:00, run_after=2024-11-10 00:00:00+00:00
[2024-11-09T19:21:16.814+0000] {processor.py:208} INFO - Processing /opt/airflow/dags/spotify_pipeline.py took 0.083 seconds
[2024-11-09T19:21:47.027+0000] {processor.py:186} INFO - Started process (PID=3645) to work on /opt/airflow/dags/spotify_pipeline.py
[2024-11-09T19:21:47.028+0000] {processor.py:914} INFO - Processing file /opt/airflow/dags/spotify_pipeline.py for tasks to queue
[2024-11-09T19:21:47.030+0000] {logging_mixin.py:190} INFO - [2024-11-09T19:21:47.030+0000] {dagbag.py:588} INFO - Filling up the DagBag from /opt/airflow/dags/spotify_pipeline.py
[2024-11-09T19:21:47.047+0000] {processor.py:925} INFO - DAG(s) 'spotify_pipeline' retrieved from /opt/airflow/dags/spotify_pipeline.py
[2024-11-09T19:21:47.072+0000] {logging_mixin.py:190} INFO - [2024-11-09T19:21:47.071+0000] {dag.py:3239} INFO - Sync 1 DAGs
[2024-11-09T19:21:47.094+0000] {logging_mixin.py:190} INFO - [2024-11-09T19:21:47.094+0000] {dag.py:4180} INFO - Setting next_dagrun for spotify_pipeline to 2024-11-09 00:00:00+00:00, run_after=2024-11-10 00:00:00+00:00
[2024-11-09T19:21:47.108+0000] {processor.py:208} INFO - Processing /opt/airflow/dags/spotify_pipeline.py took 0.086 seconds
[2024-11-09T19:22:17.303+0000] {processor.py:186} INFO - Started process (PID=3655) to work on /opt/airflow/dags/spotify_pipeline.py
[2024-11-09T19:22:17.304+0000] {processor.py:914} INFO - Processing file /opt/airflow/dags/spotify_pipeline.py for tasks to queue
[2024-11-09T19:22:17.305+0000] {logging_mixin.py:190} INFO - [2024-11-09T19:22:17.304+0000] {dagbag.py:588} INFO - Filling up the DagBag from /opt/airflow/dags/spotify_pipeline.py
[2024-11-09T19:22:17.321+0000] {processor.py:925} INFO - DAG(s) 'spotify_pipeline' retrieved from /opt/airflow/dags/spotify_pipeline.py
[2024-11-09T19:22:17.342+0000] {logging_mixin.py:190} INFO - [2024-11-09T19:22:17.342+0000] {dag.py:3239} INFO - Sync 1 DAGs
[2024-11-09T19:22:17.362+0000] {logging_mixin.py:190} INFO - [2024-11-09T19:22:17.362+0000] {dag.py:4180} INFO - Setting next_dagrun for spotify_pipeline to 2024-11-09 00:00:00+00:00, run_after=2024-11-10 00:00:00+00:00
[2024-11-09T19:22:17.379+0000] {processor.py:208} INFO - Processing /opt/airflow/dags/spotify_pipeline.py took 0.080 seconds
[2024-11-09T19:22:47.586+0000] {processor.py:186} INFO - Started process (PID=3665) to work on /opt/airflow/dags/spotify_pipeline.py
[2024-11-09T19:22:47.587+0000] {processor.py:914} INFO - Processing file /opt/airflow/dags/spotify_pipeline.py for tasks to queue
[2024-11-09T19:22:47.588+0000] {logging_mixin.py:190} INFO - [2024-11-09T19:22:47.588+0000] {dagbag.py:588} INFO - Filling up the DagBag from /opt/airflow/dags/spotify_pipeline.py
[2024-11-09T19:22:47.604+0000] {processor.py:925} INFO - DAG(s) 'spotify_pipeline' retrieved from /opt/airflow/dags/spotify_pipeline.py
[2024-11-09T19:22:47.627+0000] {logging_mixin.py:190} INFO - [2024-11-09T19:22:47.626+0000] {dag.py:3239} INFO - Sync 1 DAGs
[2024-11-09T19:22:47.646+0000] {logging_mixin.py:190} INFO - [2024-11-09T19:22:47.646+0000] {dag.py:4180} INFO - Setting next_dagrun for spotify_pipeline to 2024-11-09 00:00:00+00:00, run_after=2024-11-10 00:00:00+00:00
[2024-11-09T19:22:47.663+0000] {processor.py:208} INFO - Processing /opt/airflow/dags/spotify_pipeline.py took 0.083 seconds
[2024-11-09T19:23:17.873+0000] {processor.py:186} INFO - Started process (PID=3675) to work on /opt/airflow/dags/spotify_pipeline.py
[2024-11-09T19:23:17.874+0000] {processor.py:914} INFO - Processing file /opt/airflow/dags/spotify_pipeline.py for tasks to queue
[2024-11-09T19:23:17.875+0000] {logging_mixin.py:190} INFO - [2024-11-09T19:23:17.875+0000] {dagbag.py:588} INFO - Filling up the DagBag from /opt/airflow/dags/spotify_pipeline.py
[2024-11-09T19:23:17.893+0000] {processor.py:925} INFO - DAG(s) 'spotify_pipeline' retrieved from /opt/airflow/dags/spotify_pipeline.py
[2024-11-09T19:23:17.916+0000] {logging_mixin.py:190} INFO - [2024-11-09T19:23:17.916+0000] {dag.py:3239} INFO - Sync 1 DAGs
[2024-11-09T19:23:17.938+0000] {logging_mixin.py:190} INFO - [2024-11-09T19:23:17.937+0000] {dag.py:4180} INFO - Setting next_dagrun for spotify_pipeline to 2024-11-09 00:00:00+00:00, run_after=2024-11-10 00:00:00+00:00
[2024-11-09T19:23:17.955+0000] {processor.py:208} INFO - Processing /opt/airflow/dags/spotify_pipeline.py took 0.087 seconds
[2024-11-09T19:23:48.158+0000] {processor.py:186} INFO - Started process (PID=3685) to work on /opt/airflow/dags/spotify_pipeline.py
[2024-11-09T19:23:48.159+0000] {processor.py:914} INFO - Processing file /opt/airflow/dags/spotify_pipeline.py for tasks to queue
[2024-11-09T19:23:48.160+0000] {logging_mixin.py:190} INFO - [2024-11-09T19:23:48.160+0000] {dagbag.py:588} INFO - Filling up the DagBag from /opt/airflow/dags/spotify_pipeline.py
[2024-11-09T19:23:48.178+0000] {processor.py:925} INFO - DAG(s) 'spotify_pipeline' retrieved from /opt/airflow/dags/spotify_pipeline.py
[2024-11-09T19:23:48.202+0000] {logging_mixin.py:190} INFO - [2024-11-09T19:23:48.201+0000] {dag.py:3239} INFO - Sync 1 DAGs
[2024-11-09T19:23:48.223+0000] {logging_mixin.py:190} INFO - [2024-11-09T19:23:48.223+0000] {dag.py:4180} INFO - Setting next_dagrun for spotify_pipeline to 2024-11-09 00:00:00+00:00, run_after=2024-11-10 00:00:00+00:00
[2024-11-09T19:23:48.239+0000] {processor.py:208} INFO - Processing /opt/airflow/dags/spotify_pipeline.py took 0.085 seconds
[2024-11-09T19:24:18.480+0000] {processor.py:186} INFO - Started process (PID=3695) to work on /opt/airflow/dags/spotify_pipeline.py
[2024-11-09T19:24:18.481+0000] {processor.py:914} INFO - Processing file /opt/airflow/dags/spotify_pipeline.py for tasks to queue
[2024-11-09T19:24:18.483+0000] {logging_mixin.py:190} INFO - [2024-11-09T19:24:18.482+0000] {dagbag.py:588} INFO - Filling up the DagBag from /opt/airflow/dags/spotify_pipeline.py
[2024-11-09T19:24:18.499+0000] {processor.py:925} INFO - DAG(s) 'spotify_pipeline' retrieved from /opt/airflow/dags/spotify_pipeline.py
[2024-11-09T19:24:18.523+0000] {logging_mixin.py:190} INFO - [2024-11-09T19:24:18.523+0000] {dag.py:3239} INFO - Sync 1 DAGs
[2024-11-09T19:24:18.543+0000] {logging_mixin.py:190} INFO - [2024-11-09T19:24:18.543+0000] {dag.py:4180} INFO - Setting next_dagrun for spotify_pipeline to 2024-11-09 00:00:00+00:00, run_after=2024-11-10 00:00:00+00:00
[2024-11-09T19:24:18.560+0000] {processor.py:208} INFO - Processing /opt/airflow/dags/spotify_pipeline.py took 0.083 seconds
[2024-11-09T19:24:48.777+0000] {processor.py:186} INFO - Started process (PID=3705) to work on /opt/airflow/dags/spotify_pipeline.py
[2024-11-09T19:24:48.778+0000] {processor.py:914} INFO - Processing file /opt/airflow/dags/spotify_pipeline.py for tasks to queue
[2024-11-09T19:24:48.779+0000] {logging_mixin.py:190} INFO - [2024-11-09T19:24:48.779+0000] {dagbag.py:588} INFO - Filling up the DagBag from /opt/airflow/dags/spotify_pipeline.py
[2024-11-09T19:24:48.797+0000] {processor.py:925} INFO - DAG(s) 'spotify_pipeline' retrieved from /opt/airflow/dags/spotify_pipeline.py
[2024-11-09T19:24:48.821+0000] {logging_mixin.py:190} INFO - [2024-11-09T19:24:48.821+0000] {dag.py:3239} INFO - Sync 1 DAGs
[2024-11-09T19:24:48.843+0000] {logging_mixin.py:190} INFO - [2024-11-09T19:24:48.843+0000] {dag.py:4180} INFO - Setting next_dagrun for spotify_pipeline to 2024-11-09 00:00:00+00:00, run_after=2024-11-10 00:00:00+00:00
[2024-11-09T19:24:48.873+0000] {processor.py:208} INFO - Processing /opt/airflow/dags/spotify_pipeline.py took 0.101 seconds
[2024-11-09T19:25:19.060+0000] {processor.py:186} INFO - Started process (PID=3715) to work on /opt/airflow/dags/spotify_pipeline.py
[2024-11-09T19:25:19.061+0000] {processor.py:914} INFO - Processing file /opt/airflow/dags/spotify_pipeline.py for tasks to queue
[2024-11-09T19:25:19.062+0000] {logging_mixin.py:190} INFO - [2024-11-09T19:25:19.062+0000] {dagbag.py:588} INFO - Filling up the DagBag from /opt/airflow/dags/spotify_pipeline.py
[2024-11-09T19:25:19.081+0000] {processor.py:925} INFO - DAG(s) 'spotify_pipeline' retrieved from /opt/airflow/dags/spotify_pipeline.py
[2024-11-09T19:25:19.106+0000] {logging_mixin.py:190} INFO - [2024-11-09T19:25:19.106+0000] {dag.py:3239} INFO - Sync 1 DAGs
[2024-11-09T19:25:19.128+0000] {logging_mixin.py:190} INFO - [2024-11-09T19:25:19.127+0000] {dag.py:4180} INFO - Setting next_dagrun for spotify_pipeline to 2024-11-09 00:00:00+00:00, run_after=2024-11-10 00:00:00+00:00
[2024-11-09T19:25:19.145+0000] {processor.py:208} INFO - Processing /opt/airflow/dags/spotify_pipeline.py took 0.091 seconds
[2024-11-09T19:25:49.348+0000] {processor.py:186} INFO - Started process (PID=3725) to work on /opt/airflow/dags/spotify_pipeline.py
[2024-11-09T19:25:49.349+0000] {processor.py:914} INFO - Processing file /opt/airflow/dags/spotify_pipeline.py for tasks to queue
[2024-11-09T19:25:49.350+0000] {logging_mixin.py:190} INFO - [2024-11-09T19:25:49.350+0000] {dagbag.py:588} INFO - Filling up the DagBag from /opt/airflow/dags/spotify_pipeline.py
[2024-11-09T19:25:49.368+0000] {processor.py:925} INFO - DAG(s) 'spotify_pipeline' retrieved from /opt/airflow/dags/spotify_pipeline.py
[2024-11-09T19:25:49.391+0000] {logging_mixin.py:190} INFO - [2024-11-09T19:25:49.391+0000] {dag.py:3239} INFO - Sync 1 DAGs
[2024-11-09T19:25:49.413+0000] {logging_mixin.py:190} INFO - [2024-11-09T19:25:49.413+0000] {dag.py:4180} INFO - Setting next_dagrun for spotify_pipeline to 2024-11-09 00:00:00+00:00, run_after=2024-11-10 00:00:00+00:00
[2024-11-09T19:25:49.444+0000] {processor.py:208} INFO - Processing /opt/airflow/dags/spotify_pipeline.py took 0.099 seconds
[2024-11-09T19:26:19.647+0000] {processor.py:186} INFO - Started process (PID=3735) to work on /opt/airflow/dags/spotify_pipeline.py
[2024-11-09T19:26:19.648+0000] {processor.py:914} INFO - Processing file /opt/airflow/dags/spotify_pipeline.py for tasks to queue
[2024-11-09T19:26:19.649+0000] {logging_mixin.py:190} INFO - [2024-11-09T19:26:19.649+0000] {dagbag.py:588} INFO - Filling up the DagBag from /opt/airflow/dags/spotify_pipeline.py
[2024-11-09T19:26:19.666+0000] {processor.py:925} INFO - DAG(s) 'spotify_pipeline' retrieved from /opt/airflow/dags/spotify_pipeline.py
[2024-11-09T19:26:19.688+0000] {logging_mixin.py:190} INFO - [2024-11-09T19:26:19.687+0000] {dag.py:3239} INFO - Sync 1 DAGs
[2024-11-09T19:26:19.707+0000] {logging_mixin.py:190} INFO - [2024-11-09T19:26:19.707+0000] {dag.py:4180} INFO - Setting next_dagrun for spotify_pipeline to 2024-11-09 00:00:00+00:00, run_after=2024-11-10 00:00:00+00:00
[2024-11-09T19:26:19.724+0000] {processor.py:208} INFO - Processing /opt/airflow/dags/spotify_pipeline.py took 0.080 seconds
[2024-11-09T19:26:49.939+0000] {processor.py:186} INFO - Started process (PID=3745) to work on /opt/airflow/dags/spotify_pipeline.py
[2024-11-09T19:26:49.940+0000] {processor.py:914} INFO - Processing file /opt/airflow/dags/spotify_pipeline.py for tasks to queue
[2024-11-09T19:26:49.941+0000] {logging_mixin.py:190} INFO - [2024-11-09T19:26:49.941+0000] {dagbag.py:588} INFO - Filling up the DagBag from /opt/airflow/dags/spotify_pipeline.py
[2024-11-09T19:26:49.961+0000] {processor.py:925} INFO - DAG(s) 'spotify_pipeline' retrieved from /opt/airflow/dags/spotify_pipeline.py
[2024-11-09T19:26:49.984+0000] {logging_mixin.py:190} INFO - [2024-11-09T19:26:49.984+0000] {dag.py:3239} INFO - Sync 1 DAGs
[2024-11-09T19:26:50.003+0000] {logging_mixin.py:190} INFO - [2024-11-09T19:26:50.003+0000] {dag.py:4180} INFO - Setting next_dagrun for spotify_pipeline to 2024-11-09 00:00:00+00:00, run_after=2024-11-10 00:00:00+00:00
[2024-11-09T19:26:50.020+0000] {processor.py:208} INFO - Processing /opt/airflow/dags/spotify_pipeline.py took 0.086 seconds
[2024-11-09T19:27:20.218+0000] {processor.py:186} INFO - Started process (PID=3755) to work on /opt/airflow/dags/spotify_pipeline.py
[2024-11-09T19:27:20.220+0000] {processor.py:914} INFO - Processing file /opt/airflow/dags/spotify_pipeline.py for tasks to queue
[2024-11-09T19:27:20.221+0000] {logging_mixin.py:190} INFO - [2024-11-09T19:27:20.220+0000] {dagbag.py:588} INFO - Filling up the DagBag from /opt/airflow/dags/spotify_pipeline.py
[2024-11-09T19:27:20.241+0000] {processor.py:925} INFO - DAG(s) 'spotify_pipeline' retrieved from /opt/airflow/dags/spotify_pipeline.py
[2024-11-09T19:27:20.265+0000] {logging_mixin.py:190} INFO - [2024-11-09T19:27:20.265+0000] {dag.py:3239} INFO - Sync 1 DAGs
[2024-11-09T19:27:20.287+0000] {logging_mixin.py:190} INFO - [2024-11-09T19:27:20.287+0000] {dag.py:4180} INFO - Setting next_dagrun for spotify_pipeline to 2024-11-09 00:00:00+00:00, run_after=2024-11-10 00:00:00+00:00
[2024-11-09T19:27:20.303+0000] {processor.py:208} INFO - Processing /opt/airflow/dags/spotify_pipeline.py took 0.089 seconds
[2024-11-09T19:27:50.516+0000] {processor.py:186} INFO - Started process (PID=3765) to work on /opt/airflow/dags/spotify_pipeline.py
[2024-11-09T19:27:50.517+0000] {processor.py:914} INFO - Processing file /opt/airflow/dags/spotify_pipeline.py for tasks to queue
[2024-11-09T19:27:50.518+0000] {logging_mixin.py:190} INFO - [2024-11-09T19:27:50.518+0000] {dagbag.py:588} INFO - Filling up the DagBag from /opt/airflow/dags/spotify_pipeline.py
[2024-11-09T19:27:50.537+0000] {processor.py:925} INFO - DAG(s) 'spotify_pipeline' retrieved from /opt/airflow/dags/spotify_pipeline.py
[2024-11-09T19:27:50.559+0000] {logging_mixin.py:190} INFO - [2024-11-09T19:27:50.559+0000] {dag.py:3239} INFO - Sync 1 DAGs
[2024-11-09T19:27:50.581+0000] {logging_mixin.py:190} INFO - [2024-11-09T19:27:50.581+0000] {dag.py:4180} INFO - Setting next_dagrun for spotify_pipeline to 2024-11-09 00:00:00+00:00, run_after=2024-11-10 00:00:00+00:00
[2024-11-09T19:27:50.597+0000] {processor.py:208} INFO - Processing /opt/airflow/dags/spotify_pipeline.py took 0.086 seconds
[2024-11-09T19:28:20.806+0000] {processor.py:186} INFO - Started process (PID=3775) to work on /opt/airflow/dags/spotify_pipeline.py
[2024-11-09T19:28:20.808+0000] {processor.py:914} INFO - Processing file /opt/airflow/dags/spotify_pipeline.py for tasks to queue
[2024-11-09T19:28:20.809+0000] {logging_mixin.py:190} INFO - [2024-11-09T19:28:20.809+0000] {dagbag.py:588} INFO - Filling up the DagBag from /opt/airflow/dags/spotify_pipeline.py
[2024-11-09T19:28:20.828+0000] {processor.py:925} INFO - DAG(s) 'spotify_pipeline' retrieved from /opt/airflow/dags/spotify_pipeline.py
[2024-11-09T19:28:20.853+0000] {logging_mixin.py:190} INFO - [2024-11-09T19:28:20.853+0000] {dag.py:3239} INFO - Sync 1 DAGs
[2024-11-09T19:28:20.875+0000] {logging_mixin.py:190} INFO - [2024-11-09T19:28:20.874+0000] {dag.py:4180} INFO - Setting next_dagrun for spotify_pipeline to 2024-11-09 00:00:00+00:00, run_after=2024-11-10 00:00:00+00:00
[2024-11-09T19:28:20.889+0000] {processor.py:208} INFO - Processing /opt/airflow/dags/spotify_pipeline.py took 0.089 seconds
[2024-11-09T19:28:51.097+0000] {processor.py:186} INFO - Started process (PID=3785) to work on /opt/airflow/dags/spotify_pipeline.py
[2024-11-09T19:28:51.098+0000] {processor.py:914} INFO - Processing file /opt/airflow/dags/spotify_pipeline.py for tasks to queue
[2024-11-09T19:28:51.099+0000] {logging_mixin.py:190} INFO - [2024-11-09T19:28:51.099+0000] {dagbag.py:588} INFO - Filling up the DagBag from /opt/airflow/dags/spotify_pipeline.py
[2024-11-09T19:28:51.118+0000] {processor.py:925} INFO - DAG(s) 'spotify_pipeline' retrieved from /opt/airflow/dags/spotify_pipeline.py
[2024-11-09T19:28:51.140+0000] {logging_mixin.py:190} INFO - [2024-11-09T19:28:51.140+0000] {dag.py:3239} INFO - Sync 1 DAGs
[2024-11-09T19:28:51.159+0000] {logging_mixin.py:190} INFO - [2024-11-09T19:28:51.159+0000] {dag.py:4180} INFO - Setting next_dagrun for spotify_pipeline to 2024-11-09 00:00:00+00:00, run_after=2024-11-10 00:00:00+00:00
[2024-11-09T19:28:51.174+0000] {processor.py:208} INFO - Processing /opt/airflow/dags/spotify_pipeline.py took 0.083 seconds
[2024-11-09T19:29:21.414+0000] {processor.py:186} INFO - Started process (PID=3795) to work on /opt/airflow/dags/spotify_pipeline.py
[2024-11-09T19:29:21.415+0000] {processor.py:914} INFO - Processing file /opt/airflow/dags/spotify_pipeline.py for tasks to queue
[2024-11-09T19:29:21.416+0000] {logging_mixin.py:190} INFO - [2024-11-09T19:29:21.416+0000] {dagbag.py:588} INFO - Filling up the DagBag from /opt/airflow/dags/spotify_pipeline.py
[2024-11-09T19:29:21.434+0000] {processor.py:925} INFO - DAG(s) 'spotify_pipeline' retrieved from /opt/airflow/dags/spotify_pipeline.py
[2024-11-09T19:29:21.459+0000] {logging_mixin.py:190} INFO - [2024-11-09T19:29:21.459+0000] {dag.py:3239} INFO - Sync 1 DAGs
[2024-11-09T19:29:21.481+0000] {logging_mixin.py:190} INFO - [2024-11-09T19:29:21.481+0000] {dag.py:4180} INFO - Setting next_dagrun for spotify_pipeline to 2024-11-09 00:00:00+00:00, run_after=2024-11-10 00:00:00+00:00
[2024-11-09T19:29:21.497+0000] {processor.py:208} INFO - Processing /opt/airflow/dags/spotify_pipeline.py took 0.088 seconds
[2024-11-09T19:29:51.698+0000] {processor.py:186} INFO - Started process (PID=3805) to work on /opt/airflow/dags/spotify_pipeline.py
[2024-11-09T19:29:51.699+0000] {processor.py:914} INFO - Processing file /opt/airflow/dags/spotify_pipeline.py for tasks to queue
[2024-11-09T19:29:51.700+0000] {logging_mixin.py:190} INFO - [2024-11-09T19:29:51.700+0000] {dagbag.py:588} INFO - Filling up the DagBag from /opt/airflow/dags/spotify_pipeline.py
[2024-11-09T19:29:51.717+0000] {processor.py:925} INFO - DAG(s) 'spotify_pipeline' retrieved from /opt/airflow/dags/spotify_pipeline.py
[2024-11-09T19:29:51.741+0000] {logging_mixin.py:190} INFO - [2024-11-09T19:29:51.741+0000] {dag.py:3239} INFO - Sync 1 DAGs
[2024-11-09T19:29:51.763+0000] {logging_mixin.py:190} INFO - [2024-11-09T19:29:51.763+0000] {dag.py:4180} INFO - Setting next_dagrun for spotify_pipeline to 2024-11-09 00:00:00+00:00, run_after=2024-11-10 00:00:00+00:00
[2024-11-09T19:29:51.782+0000] {processor.py:208} INFO - Processing /opt/airflow/dags/spotify_pipeline.py took 0.089 seconds
[2024-11-09T19:30:21.991+0000] {processor.py:186} INFO - Started process (PID=3815) to work on /opt/airflow/dags/spotify_pipeline.py
[2024-11-09T19:30:21.992+0000] {processor.py:914} INFO - Processing file /opt/airflow/dags/spotify_pipeline.py for tasks to queue
[2024-11-09T19:30:21.994+0000] {logging_mixin.py:190} INFO - [2024-11-09T19:30:21.993+0000] {dagbag.py:588} INFO - Filling up the DagBag from /opt/airflow/dags/spotify_pipeline.py
[2024-11-09T19:30:22.013+0000] {processor.py:925} INFO - DAG(s) 'spotify_pipeline' retrieved from /opt/airflow/dags/spotify_pipeline.py
[2024-11-09T19:30:22.039+0000] {logging_mixin.py:190} INFO - [2024-11-09T19:30:22.038+0000] {dag.py:3239} INFO - Sync 1 DAGs
[2024-11-09T19:30:22.064+0000] {logging_mixin.py:190} INFO - [2024-11-09T19:30:22.064+0000] {dag.py:4180} INFO - Setting next_dagrun for spotify_pipeline to 2024-11-09 00:00:00+00:00, run_after=2024-11-10 00:00:00+00:00
[2024-11-09T19:30:22.080+0000] {processor.py:208} INFO - Processing /opt/airflow/dags/spotify_pipeline.py took 0.094 seconds
[2024-11-09T19:30:52.277+0000] {processor.py:186} INFO - Started process (PID=3825) to work on /opt/airflow/dags/spotify_pipeline.py
[2024-11-09T19:30:52.278+0000] {processor.py:914} INFO - Processing file /opt/airflow/dags/spotify_pipeline.py for tasks to queue
[2024-11-09T19:30:52.279+0000] {logging_mixin.py:190} INFO - [2024-11-09T19:30:52.279+0000] {dagbag.py:588} INFO - Filling up the DagBag from /opt/airflow/dags/spotify_pipeline.py
[2024-11-09T19:30:52.298+0000] {processor.py:925} INFO - DAG(s) 'spotify_pipeline' retrieved from /opt/airflow/dags/spotify_pipeline.py
[2024-11-09T19:30:52.322+0000] {logging_mixin.py:190} INFO - [2024-11-09T19:30:52.322+0000] {dag.py:3239} INFO - Sync 1 DAGs
[2024-11-09T19:30:52.343+0000] {logging_mixin.py:190} INFO - [2024-11-09T19:30:52.343+0000] {dag.py:4180} INFO - Setting next_dagrun for spotify_pipeline to 2024-11-09 00:00:00+00:00, run_after=2024-11-10 00:00:00+00:00
[2024-11-09T19:30:52.359+0000] {processor.py:208} INFO - Processing /opt/airflow/dags/spotify_pipeline.py took 0.088 seconds
[2024-11-09T19:31:22.579+0000] {processor.py:186} INFO - Started process (PID=3835) to work on /opt/airflow/dags/spotify_pipeline.py
[2024-11-09T19:31:22.580+0000] {processor.py:914} INFO - Processing file /opt/airflow/dags/spotify_pipeline.py for tasks to queue
[2024-11-09T19:31:22.581+0000] {logging_mixin.py:190} INFO - [2024-11-09T19:31:22.581+0000] {dagbag.py:588} INFO - Filling up the DagBag from /opt/airflow/dags/spotify_pipeline.py
[2024-11-09T19:31:22.598+0000] {processor.py:925} INFO - DAG(s) 'spotify_pipeline' retrieved from /opt/airflow/dags/spotify_pipeline.py
[2024-11-09T19:31:22.621+0000] {logging_mixin.py:190} INFO - [2024-11-09T19:31:22.621+0000] {dag.py:3239} INFO - Sync 1 DAGs
[2024-11-09T19:31:22.642+0000] {logging_mixin.py:190} INFO - [2024-11-09T19:31:22.642+0000] {dag.py:4180} INFO - Setting next_dagrun for spotify_pipeline to 2024-11-09 00:00:00+00:00, run_after=2024-11-10 00:00:00+00:00
[2024-11-09T19:31:22.658+0000] {processor.py:208} INFO - Processing /opt/airflow/dags/spotify_pipeline.py took 0.085 seconds
[2024-11-09T19:31:52.873+0000] {processor.py:186} INFO - Started process (PID=3845) to work on /opt/airflow/dags/spotify_pipeline.py
[2024-11-09T19:31:52.874+0000] {processor.py:914} INFO - Processing file /opt/airflow/dags/spotify_pipeline.py for tasks to queue
[2024-11-09T19:31:52.876+0000] {logging_mixin.py:190} INFO - [2024-11-09T19:31:52.875+0000] {dagbag.py:588} INFO - Filling up the DagBag from /opt/airflow/dags/spotify_pipeline.py
[2024-11-09T19:31:52.895+0000] {processor.py:925} INFO - DAG(s) 'spotify_pipeline' retrieved from /opt/airflow/dags/spotify_pipeline.py
[2024-11-09T19:31:52.920+0000] {logging_mixin.py:190} INFO - [2024-11-09T19:31:52.919+0000] {dag.py:3239} INFO - Sync 1 DAGs
[2024-11-09T19:31:52.941+0000] {logging_mixin.py:190} INFO - [2024-11-09T19:31:52.941+0000] {dag.py:4180} INFO - Setting next_dagrun for spotify_pipeline to 2024-11-09 00:00:00+00:00, run_after=2024-11-10 00:00:00+00:00
[2024-11-09T19:31:52.958+0000] {processor.py:208} INFO - Processing /opt/airflow/dags/spotify_pipeline.py took 0.090 seconds
[2024-11-09T19:32:23.171+0000] {processor.py:186} INFO - Started process (PID=3855) to work on /opt/airflow/dags/spotify_pipeline.py
[2024-11-09T19:32:23.172+0000] {processor.py:914} INFO - Processing file /opt/airflow/dags/spotify_pipeline.py for tasks to queue
[2024-11-09T19:32:23.173+0000] {logging_mixin.py:190} INFO - [2024-11-09T19:32:23.173+0000] {dagbag.py:588} INFO - Filling up the DagBag from /opt/airflow/dags/spotify_pipeline.py
[2024-11-09T19:32:23.191+0000] {processor.py:925} INFO - DAG(s) 'spotify_pipeline' retrieved from /opt/airflow/dags/spotify_pipeline.py
[2024-11-09T19:32:23.214+0000] {logging_mixin.py:190} INFO - [2024-11-09T19:32:23.214+0000] {dag.py:3239} INFO - Sync 1 DAGs
[2024-11-09T19:32:23.236+0000] {logging_mixin.py:190} INFO - [2024-11-09T19:32:23.235+0000] {dag.py:4180} INFO - Setting next_dagrun for spotify_pipeline to 2024-11-09 00:00:00+00:00, run_after=2024-11-10 00:00:00+00:00
[2024-11-09T19:32:23.252+0000] {processor.py:208} INFO - Processing /opt/airflow/dags/spotify_pipeline.py took 0.087 seconds
[2024-11-09T19:32:53.449+0000] {processor.py:186} INFO - Started process (PID=3865) to work on /opt/airflow/dags/spotify_pipeline.py
[2024-11-09T19:32:53.450+0000] {processor.py:914} INFO - Processing file /opt/airflow/dags/spotify_pipeline.py for tasks to queue
[2024-11-09T19:32:53.451+0000] {logging_mixin.py:190} INFO - [2024-11-09T19:32:53.451+0000] {dagbag.py:588} INFO - Filling up the DagBag from /opt/airflow/dags/spotify_pipeline.py
[2024-11-09T19:32:53.469+0000] {processor.py:925} INFO - DAG(s) 'spotify_pipeline' retrieved from /opt/airflow/dags/spotify_pipeline.py
[2024-11-09T19:32:53.492+0000] {logging_mixin.py:190} INFO - [2024-11-09T19:32:53.492+0000] {dag.py:3239} INFO - Sync 1 DAGs
[2024-11-09T19:32:53.513+0000] {logging_mixin.py:190} INFO - [2024-11-09T19:32:53.512+0000] {dag.py:4180} INFO - Setting next_dagrun for spotify_pipeline to 2024-11-09 00:00:00+00:00, run_after=2024-11-10 00:00:00+00:00
[2024-11-09T19:32:53.542+0000] {processor.py:208} INFO - Processing /opt/airflow/dags/spotify_pipeline.py took 0.097 seconds
[2024-11-09T19:33:23.761+0000] {processor.py:186} INFO - Started process (PID=3875) to work on /opt/airflow/dags/spotify_pipeline.py
[2024-11-09T19:33:23.762+0000] {processor.py:914} INFO - Processing file /opt/airflow/dags/spotify_pipeline.py for tasks to queue
[2024-11-09T19:33:23.763+0000] {logging_mixin.py:190} INFO - [2024-11-09T19:33:23.763+0000] {dagbag.py:588} INFO - Filling up the DagBag from /opt/airflow/dags/spotify_pipeline.py
[2024-11-09T19:33:23.780+0000] {processor.py:925} INFO - DAG(s) 'spotify_pipeline' retrieved from /opt/airflow/dags/spotify_pipeline.py
[2024-11-09T19:33:23.802+0000] {logging_mixin.py:190} INFO - [2024-11-09T19:33:23.802+0000] {dag.py:3239} INFO - Sync 1 DAGs
[2024-11-09T19:33:23.823+0000] {logging_mixin.py:190} INFO - [2024-11-09T19:33:23.823+0000] {dag.py:4180} INFO - Setting next_dagrun for spotify_pipeline to 2024-11-09 00:00:00+00:00, run_after=2024-11-10 00:00:00+00:00
[2024-11-09T19:33:23.838+0000] {processor.py:208} INFO - Processing /opt/airflow/dags/spotify_pipeline.py took 0.081 seconds
[2024-11-09T19:33:54.045+0000] {processor.py:186} INFO - Started process (PID=3885) to work on /opt/airflow/dags/spotify_pipeline.py
[2024-11-09T19:33:54.046+0000] {processor.py:914} INFO - Processing file /opt/airflow/dags/spotify_pipeline.py for tasks to queue
[2024-11-09T19:33:54.047+0000] {logging_mixin.py:190} INFO - [2024-11-09T19:33:54.046+0000] {dagbag.py:588} INFO - Filling up the DagBag from /opt/airflow/dags/spotify_pipeline.py
[2024-11-09T19:33:54.062+0000] {processor.py:925} INFO - DAG(s) 'spotify_pipeline' retrieved from /opt/airflow/dags/spotify_pipeline.py
[2024-11-09T19:33:54.086+0000] {logging_mixin.py:190} INFO - [2024-11-09T19:33:54.086+0000] {dag.py:3239} INFO - Sync 1 DAGs
[2024-11-09T19:33:54.108+0000] {logging_mixin.py:190} INFO - [2024-11-09T19:33:54.108+0000] {dag.py:4180} INFO - Setting next_dagrun for spotify_pipeline to 2024-11-09 00:00:00+00:00, run_after=2024-11-10 00:00:00+00:00
[2024-11-09T19:33:54.126+0000] {processor.py:208} INFO - Processing /opt/airflow/dags/spotify_pipeline.py took 0.084 seconds
[2024-11-09T19:34:24.370+0000] {processor.py:186} INFO - Started process (PID=3895) to work on /opt/airflow/dags/spotify_pipeline.py
[2024-11-09T19:34:24.371+0000] {processor.py:914} INFO - Processing file /opt/airflow/dags/spotify_pipeline.py for tasks to queue
[2024-11-09T19:34:24.372+0000] {logging_mixin.py:190} INFO - [2024-11-09T19:34:24.372+0000] {dagbag.py:588} INFO - Filling up the DagBag from /opt/airflow/dags/spotify_pipeline.py
[2024-11-09T19:34:24.389+0000] {processor.py:925} INFO - DAG(s) 'spotify_pipeline' retrieved from /opt/airflow/dags/spotify_pipeline.py
[2024-11-09T19:34:24.413+0000] {logging_mixin.py:190} INFO - [2024-11-09T19:34:24.413+0000] {dag.py:3239} INFO - Sync 1 DAGs
[2024-11-09T19:34:24.434+0000] {logging_mixin.py:190} INFO - [2024-11-09T19:34:24.434+0000] {dag.py:4180} INFO - Setting next_dagrun for spotify_pipeline to 2024-11-09 00:00:00+00:00, run_after=2024-11-10 00:00:00+00:00
[2024-11-09T19:34:24.464+0000] {processor.py:208} INFO - Processing /opt/airflow/dags/spotify_pipeline.py took 0.097 seconds
[2024-11-09T19:34:54.656+0000] {processor.py:186} INFO - Started process (PID=3905) to work on /opt/airflow/dags/spotify_pipeline.py
[2024-11-09T19:34:54.657+0000] {processor.py:914} INFO - Processing file /opt/airflow/dags/spotify_pipeline.py for tasks to queue
[2024-11-09T19:34:54.658+0000] {logging_mixin.py:190} INFO - [2024-11-09T19:34:54.657+0000] {dagbag.py:588} INFO - Filling up the DagBag from /opt/airflow/dags/spotify_pipeline.py
[2024-11-09T19:34:54.676+0000] {processor.py:925} INFO - DAG(s) 'spotify_pipeline' retrieved from /opt/airflow/dags/spotify_pipeline.py
[2024-11-09T19:34:54.701+0000] {logging_mixin.py:190} INFO - [2024-11-09T19:34:54.700+0000] {dag.py:3239} INFO - Sync 1 DAGs
[2024-11-09T19:34:54.722+0000] {logging_mixin.py:190} INFO - [2024-11-09T19:34:54.722+0000] {dag.py:4180} INFO - Setting next_dagrun for spotify_pipeline to 2024-11-09 00:00:00+00:00, run_after=2024-11-10 00:00:00+00:00
[2024-11-09T19:34:54.751+0000] {processor.py:208} INFO - Processing /opt/airflow/dags/spotify_pipeline.py took 0.099 seconds
[2024-11-09T19:35:24.949+0000] {processor.py:186} INFO - Started process (PID=3915) to work on /opt/airflow/dags/spotify_pipeline.py
[2024-11-09T19:35:24.950+0000] {processor.py:914} INFO - Processing file /opt/airflow/dags/spotify_pipeline.py for tasks to queue
[2024-11-09T19:35:24.951+0000] {logging_mixin.py:190} INFO - [2024-11-09T19:35:24.951+0000] {dagbag.py:588} INFO - Filling up the DagBag from /opt/airflow/dags/spotify_pipeline.py
[2024-11-09T19:35:24.966+0000] {processor.py:925} INFO - DAG(s) 'spotify_pipeline' retrieved from /opt/airflow/dags/spotify_pipeline.py
[2024-11-09T19:35:24.993+0000] {logging_mixin.py:190} INFO - [2024-11-09T19:35:24.992+0000] {dag.py:3239} INFO - Sync 1 DAGs
[2024-11-09T19:35:25.016+0000] {logging_mixin.py:190} INFO - [2024-11-09T19:35:25.015+0000] {dag.py:4180} INFO - Setting next_dagrun for spotify_pipeline to 2024-11-09 00:00:00+00:00, run_after=2024-11-10 00:00:00+00:00
[2024-11-09T19:35:25.036+0000] {processor.py:208} INFO - Processing /opt/airflow/dags/spotify_pipeline.py took 0.090 seconds
[2024-11-09T19:35:55.281+0000] {processor.py:186} INFO - Started process (PID=3925) to work on /opt/airflow/dags/spotify_pipeline.py
[2024-11-09T19:35:55.281+0000] {processor.py:914} INFO - Processing file /opt/airflow/dags/spotify_pipeline.py for tasks to queue
[2024-11-09T19:35:55.282+0000] {logging_mixin.py:190} INFO - [2024-11-09T19:35:55.282+0000] {dagbag.py:588} INFO - Filling up the DagBag from /opt/airflow/dags/spotify_pipeline.py
[2024-11-09T19:35:55.300+0000] {processor.py:925} INFO - DAG(s) 'spotify_pipeline' retrieved from /opt/airflow/dags/spotify_pipeline.py
[2024-11-09T19:35:55.329+0000] {logging_mixin.py:190} INFO - [2024-11-09T19:35:55.328+0000] {dag.py:3239} INFO - Sync 1 DAGs
[2024-11-09T19:35:55.355+0000] {logging_mixin.py:190} INFO - [2024-11-09T19:35:55.355+0000] {dag.py:4180} INFO - Setting next_dagrun for spotify_pipeline to 2024-11-09 00:00:00+00:00, run_after=2024-11-10 00:00:00+00:00
[2024-11-09T19:35:55.374+0000] {processor.py:208} INFO - Processing /opt/airflow/dags/spotify_pipeline.py took 0.097 seconds
[2024-11-09T19:36:25.621+0000] {processor.py:186} INFO - Started process (PID=3935) to work on /opt/airflow/dags/spotify_pipeline.py
[2024-11-09T19:36:25.622+0000] {processor.py:914} INFO - Processing file /opt/airflow/dags/spotify_pipeline.py for tasks to queue
[2024-11-09T19:36:25.623+0000] {logging_mixin.py:190} INFO - [2024-11-09T19:36:25.623+0000] {dagbag.py:588} INFO - Filling up the DagBag from /opt/airflow/dags/spotify_pipeline.py
[2024-11-09T19:36:25.644+0000] {processor.py:925} INFO - DAG(s) 'spotify_pipeline' retrieved from /opt/airflow/dags/spotify_pipeline.py
[2024-11-09T19:36:25.672+0000] {logging_mixin.py:190} INFO - [2024-11-09T19:36:25.671+0000] {dag.py:3239} INFO - Sync 1 DAGs
[2024-11-09T19:36:25.699+0000] {logging_mixin.py:190} INFO - [2024-11-09T19:36:25.698+0000] {dag.py:4180} INFO - Setting next_dagrun for spotify_pipeline to 2024-11-09 00:00:00+00:00, run_after=2024-11-10 00:00:00+00:00
[2024-11-09T19:36:25.727+0000] {processor.py:208} INFO - Processing /opt/airflow/dags/spotify_pipeline.py took 0.111 seconds
[2024-11-09T19:36:55.946+0000] {processor.py:186} INFO - Started process (PID=3945) to work on /opt/airflow/dags/spotify_pipeline.py
[2024-11-09T19:36:55.947+0000] {processor.py:914} INFO - Processing file /opt/airflow/dags/spotify_pipeline.py for tasks to queue
[2024-11-09T19:36:55.948+0000] {logging_mixin.py:190} INFO - [2024-11-09T19:36:55.948+0000] {dagbag.py:588} INFO - Filling up the DagBag from /opt/airflow/dags/spotify_pipeline.py
[2024-11-09T19:36:55.967+0000] {processor.py:925} INFO - DAG(s) 'spotify_pipeline' retrieved from /opt/airflow/dags/spotify_pipeline.py
[2024-11-09T19:36:55.992+0000] {logging_mixin.py:190} INFO - [2024-11-09T19:36:55.992+0000] {dag.py:3239} INFO - Sync 1 DAGs
[2024-11-09T19:36:56.022+0000] {logging_mixin.py:190} INFO - [2024-11-09T19:36:56.022+0000] {dag.py:4180} INFO - Setting next_dagrun for spotify_pipeline to 2024-11-09 00:00:00+00:00, run_after=2024-11-10 00:00:00+00:00
[2024-11-09T19:36:56.039+0000] {processor.py:208} INFO - Processing /opt/airflow/dags/spotify_pipeline.py took 0.098 seconds
[2024-11-09T19:37:26.233+0000] {processor.py:186} INFO - Started process (PID=3955) to work on /opt/airflow/dags/spotify_pipeline.py
[2024-11-09T19:37:26.235+0000] {processor.py:914} INFO - Processing file /opt/airflow/dags/spotify_pipeline.py for tasks to queue
[2024-11-09T19:37:26.236+0000] {logging_mixin.py:190} INFO - [2024-11-09T19:37:26.236+0000] {dagbag.py:588} INFO - Filling up the DagBag from /opt/airflow/dags/spotify_pipeline.py
[2024-11-09T19:37:26.255+0000] {processor.py:925} INFO - DAG(s) 'spotify_pipeline' retrieved from /opt/airflow/dags/spotify_pipeline.py
[2024-11-09T19:37:26.279+0000] {logging_mixin.py:190} INFO - [2024-11-09T19:37:26.279+0000] {dag.py:3239} INFO - Sync 1 DAGs
[2024-11-09T19:37:26.300+0000] {logging_mixin.py:190} INFO - [2024-11-09T19:37:26.300+0000] {dag.py:4180} INFO - Setting next_dagrun for spotify_pipeline to 2024-11-09 00:00:00+00:00, run_after=2024-11-10 00:00:00+00:00
[2024-11-09T19:37:26.316+0000] {processor.py:208} INFO - Processing /opt/airflow/dags/spotify_pipeline.py took 0.088 seconds
[2024-11-09T19:37:56.525+0000] {processor.py:186} INFO - Started process (PID=3965) to work on /opt/airflow/dags/spotify_pipeline.py
[2024-11-09T19:37:56.526+0000] {processor.py:914} INFO - Processing file /opt/airflow/dags/spotify_pipeline.py for tasks to queue
[2024-11-09T19:37:56.527+0000] {logging_mixin.py:190} INFO - [2024-11-09T19:37:56.527+0000] {dagbag.py:588} INFO - Filling up the DagBag from /opt/airflow/dags/spotify_pipeline.py
[2024-11-09T19:37:56.549+0000] {processor.py:925} INFO - DAG(s) 'spotify_pipeline' retrieved from /opt/airflow/dags/spotify_pipeline.py
[2024-11-09T19:37:56.575+0000] {logging_mixin.py:190} INFO - [2024-11-09T19:37:56.574+0000] {dag.py:3239} INFO - Sync 1 DAGs
[2024-11-09T19:37:56.595+0000] {logging_mixin.py:190} INFO - [2024-11-09T19:37:56.595+0000] {dag.py:4180} INFO - Setting next_dagrun for spotify_pipeline to 2024-11-09 00:00:00+00:00, run_after=2024-11-10 00:00:00+00:00
[2024-11-09T19:37:56.613+0000] {processor.py:208} INFO - Processing /opt/airflow/dags/spotify_pipeline.py took 0.093 seconds
[2024-11-09T19:38:26.833+0000] {processor.py:186} INFO - Started process (PID=3975) to work on /opt/airflow/dags/spotify_pipeline.py
[2024-11-09T19:38:26.834+0000] {processor.py:914} INFO - Processing file /opt/airflow/dags/spotify_pipeline.py for tasks to queue
[2024-11-09T19:38:26.835+0000] {logging_mixin.py:190} INFO - [2024-11-09T19:38:26.835+0000] {dagbag.py:588} INFO - Filling up the DagBag from /opt/airflow/dags/spotify_pipeline.py
[2024-11-09T19:38:26.853+0000] {processor.py:925} INFO - DAG(s) 'spotify_pipeline' retrieved from /opt/airflow/dags/spotify_pipeline.py
[2024-11-09T19:38:26.877+0000] {logging_mixin.py:190} INFO - [2024-11-09T19:38:26.877+0000] {dag.py:3239} INFO - Sync 1 DAGs
[2024-11-09T19:38:26.900+0000] {logging_mixin.py:190} INFO - [2024-11-09T19:38:26.900+0000] {dag.py:4180} INFO - Setting next_dagrun for spotify_pipeline to 2024-11-09 00:00:00+00:00, run_after=2024-11-10 00:00:00+00:00
[2024-11-09T19:38:26.921+0000] {processor.py:208} INFO - Processing /opt/airflow/dags/spotify_pipeline.py took 0.092 seconds
[2024-11-09T19:38:57.120+0000] {processor.py:186} INFO - Started process (PID=3985) to work on /opt/airflow/dags/spotify_pipeline.py
[2024-11-09T19:38:57.121+0000] {processor.py:914} INFO - Processing file /opt/airflow/dags/spotify_pipeline.py for tasks to queue
[2024-11-09T19:38:57.122+0000] {logging_mixin.py:190} INFO - [2024-11-09T19:38:57.122+0000] {dagbag.py:588} INFO - Filling up the DagBag from /opt/airflow/dags/spotify_pipeline.py
[2024-11-09T19:38:57.141+0000] {processor.py:925} INFO - DAG(s) 'spotify_pipeline' retrieved from /opt/airflow/dags/spotify_pipeline.py
[2024-11-09T19:38:57.165+0000] {logging_mixin.py:190} INFO - [2024-11-09T19:38:57.165+0000] {dag.py:3239} INFO - Sync 1 DAGs
[2024-11-09T19:38:57.188+0000] {logging_mixin.py:190} INFO - [2024-11-09T19:38:57.188+0000] {dag.py:4180} INFO - Setting next_dagrun for spotify_pipeline to 2024-11-09 00:00:00+00:00, run_after=2024-11-10 00:00:00+00:00
[2024-11-09T19:38:57.209+0000] {processor.py:208} INFO - Processing /opt/airflow/dags/spotify_pipeline.py took 0.095 seconds
[2024-11-09T19:39:27.430+0000] {processor.py:186} INFO - Started process (PID=3995) to work on /opt/airflow/dags/spotify_pipeline.py
[2024-11-09T19:39:27.431+0000] {processor.py:914} INFO - Processing file /opt/airflow/dags/spotify_pipeline.py for tasks to queue
[2024-11-09T19:39:27.432+0000] {logging_mixin.py:190} INFO - [2024-11-09T19:39:27.432+0000] {dagbag.py:588} INFO - Filling up the DagBag from /opt/airflow/dags/spotify_pipeline.py
[2024-11-09T19:39:27.449+0000] {processor.py:925} INFO - DAG(s) 'spotify_pipeline' retrieved from /opt/airflow/dags/spotify_pipeline.py
[2024-11-09T19:39:27.476+0000] {logging_mixin.py:190} INFO - [2024-11-09T19:39:27.476+0000] {dag.py:3239} INFO - Sync 1 DAGs
[2024-11-09T19:39:27.499+0000] {logging_mixin.py:190} INFO - [2024-11-09T19:39:27.499+0000] {dag.py:4180} INFO - Setting next_dagrun for spotify_pipeline to 2024-11-09 00:00:00+00:00, run_after=2024-11-10 00:00:00+00:00
[2024-11-09T19:39:27.519+0000] {processor.py:208} INFO - Processing /opt/airflow/dags/spotify_pipeline.py took 0.093 seconds
[2024-11-09T19:39:57.726+0000] {processor.py:186} INFO - Started process (PID=4005) to work on /opt/airflow/dags/spotify_pipeline.py
[2024-11-09T19:39:57.727+0000] {processor.py:914} INFO - Processing file /opt/airflow/dags/spotify_pipeline.py for tasks to queue
[2024-11-09T19:39:57.729+0000] {logging_mixin.py:190} INFO - [2024-11-09T19:39:57.728+0000] {dagbag.py:588} INFO - Filling up the DagBag from /opt/airflow/dags/spotify_pipeline.py
[2024-11-09T19:39:57.746+0000] {processor.py:925} INFO - DAG(s) 'spotify_pipeline' retrieved from /opt/airflow/dags/spotify_pipeline.py
[2024-11-09T19:39:57.768+0000] {logging_mixin.py:190} INFO - [2024-11-09T19:39:57.767+0000] {dag.py:3239} INFO - Sync 1 DAGs
[2024-11-09T19:39:57.787+0000] {logging_mixin.py:190} INFO - [2024-11-09T19:39:57.787+0000] {dag.py:4180} INFO - Setting next_dagrun for spotify_pipeline to 2024-11-09 00:00:00+00:00, run_after=2024-11-10 00:00:00+00:00
[2024-11-09T19:39:57.806+0000] {processor.py:208} INFO - Processing /opt/airflow/dags/spotify_pipeline.py took 0.084 seconds
[2024-11-09T19:40:28.017+0000] {processor.py:186} INFO - Started process (PID=4015) to work on /opt/airflow/dags/spotify_pipeline.py
[2024-11-09T19:40:28.018+0000] {processor.py:914} INFO - Processing file /opt/airflow/dags/spotify_pipeline.py for tasks to queue
[2024-11-09T19:40:28.019+0000] {logging_mixin.py:190} INFO - [2024-11-09T19:40:28.019+0000] {dagbag.py:588} INFO - Filling up the DagBag from /opt/airflow/dags/spotify_pipeline.py
[2024-11-09T19:40:28.038+0000] {processor.py:925} INFO - DAG(s) 'spotify_pipeline' retrieved from /opt/airflow/dags/spotify_pipeline.py
[2024-11-09T19:40:28.063+0000] {logging_mixin.py:190} INFO - [2024-11-09T19:40:28.063+0000] {dag.py:3239} INFO - Sync 1 DAGs
[2024-11-09T19:40:28.085+0000] {logging_mixin.py:190} INFO - [2024-11-09T19:40:28.085+0000] {dag.py:4180} INFO - Setting next_dagrun for spotify_pipeline to 2024-11-09 00:00:00+00:00, run_after=2024-11-10 00:00:00+00:00
[2024-11-09T19:40:28.103+0000] {processor.py:208} INFO - Processing /opt/airflow/dags/spotify_pipeline.py took 0.092 seconds
[2024-11-09T19:40:58.308+0000] {processor.py:186} INFO - Started process (PID=4025) to work on /opt/airflow/dags/spotify_pipeline.py
[2024-11-09T19:40:58.309+0000] {processor.py:914} INFO - Processing file /opt/airflow/dags/spotify_pipeline.py for tasks to queue
[2024-11-09T19:40:58.311+0000] {logging_mixin.py:190} INFO - [2024-11-09T19:40:58.310+0000] {dagbag.py:588} INFO - Filling up the DagBag from /opt/airflow/dags/spotify_pipeline.py
[2024-11-09T19:40:58.336+0000] {processor.py:925} INFO - DAG(s) 'spotify_pipeline' retrieved from /opt/airflow/dags/spotify_pipeline.py
[2024-11-09T19:40:58.362+0000] {logging_mixin.py:190} INFO - [2024-11-09T19:40:58.362+0000] {dag.py:3239} INFO - Sync 1 DAGs
[2024-11-09T19:40:58.384+0000] {logging_mixin.py:190} INFO - [2024-11-09T19:40:58.384+0000] {dag.py:4180} INFO - Setting next_dagrun for spotify_pipeline to 2024-11-09 00:00:00+00:00, run_after=2024-11-10 00:00:00+00:00
[2024-11-09T19:40:58.402+0000] {processor.py:208} INFO - Processing /opt/airflow/dags/spotify_pipeline.py took 0.099 seconds
[2024-11-09T19:41:28.599+0000] {processor.py:186} INFO - Started process (PID=4035) to work on /opt/airflow/dags/spotify_pipeline.py
[2024-11-09T19:41:28.600+0000] {processor.py:914} INFO - Processing file /opt/airflow/dags/spotify_pipeline.py for tasks to queue
[2024-11-09T19:41:28.601+0000] {logging_mixin.py:190} INFO - [2024-11-09T19:41:28.601+0000] {dagbag.py:588} INFO - Filling up the DagBag from /opt/airflow/dags/spotify_pipeline.py
[2024-11-09T19:41:28.618+0000] {processor.py:925} INFO - DAG(s) 'spotify_pipeline' retrieved from /opt/airflow/dags/spotify_pipeline.py
[2024-11-09T19:41:28.643+0000] {logging_mixin.py:190} INFO - [2024-11-09T19:41:28.643+0000] {dag.py:3239} INFO - Sync 1 DAGs
[2024-11-09T19:41:28.665+0000] {logging_mixin.py:190} INFO - [2024-11-09T19:41:28.665+0000] {dag.py:4180} INFO - Setting next_dagrun for spotify_pipeline to 2024-11-09 00:00:00+00:00, run_after=2024-11-10 00:00:00+00:00
[2024-11-09T19:41:28.695+0000] {processor.py:208} INFO - Processing /opt/airflow/dags/spotify_pipeline.py took 0.101 seconds
[2024-11-09T19:41:58.882+0000] {processor.py:186} INFO - Started process (PID=4045) to work on /opt/airflow/dags/spotify_pipeline.py
[2024-11-09T19:41:58.883+0000] {processor.py:914} INFO - Processing file /opt/airflow/dags/spotify_pipeline.py for tasks to queue
[2024-11-09T19:41:58.885+0000] {logging_mixin.py:190} INFO - [2024-11-09T19:41:58.884+0000] {dagbag.py:588} INFO - Filling up the DagBag from /opt/airflow/dags/spotify_pipeline.py
[2024-11-09T19:41:58.902+0000] {processor.py:925} INFO - DAG(s) 'spotify_pipeline' retrieved from /opt/airflow/dags/spotify_pipeline.py
[2024-11-09T19:41:58.925+0000] {logging_mixin.py:190} INFO - [2024-11-09T19:41:58.924+0000] {dag.py:3239} INFO - Sync 1 DAGs
[2024-11-09T19:41:58.944+0000] {logging_mixin.py:190} INFO - [2024-11-09T19:41:58.944+0000] {dag.py:4180} INFO - Setting next_dagrun for spotify_pipeline to 2024-11-09 00:00:00+00:00, run_after=2024-11-10 00:00:00+00:00
[2024-11-09T19:41:58.960+0000] {processor.py:208} INFO - Processing /opt/airflow/dags/spotify_pipeline.py took 0.081 seconds
[2024-11-09T19:42:29.182+0000] {processor.py:186} INFO - Started process (PID=4055) to work on /opt/airflow/dags/spotify_pipeline.py
[2024-11-09T19:42:29.183+0000] {processor.py:914} INFO - Processing file /opt/airflow/dags/spotify_pipeline.py for tasks to queue
[2024-11-09T19:42:29.184+0000] {logging_mixin.py:190} INFO - [2024-11-09T19:42:29.184+0000] {dagbag.py:588} INFO - Filling up the DagBag from /opt/airflow/dags/spotify_pipeline.py
[2024-11-09T19:42:29.203+0000] {processor.py:925} INFO - DAG(s) 'spotify_pipeline' retrieved from /opt/airflow/dags/spotify_pipeline.py
[2024-11-09T19:42:29.227+0000] {logging_mixin.py:190} INFO - [2024-11-09T19:42:29.227+0000] {dag.py:3239} INFO - Sync 1 DAGs
[2024-11-09T19:42:29.248+0000] {logging_mixin.py:190} INFO - [2024-11-09T19:42:29.247+0000] {dag.py:4180} INFO - Setting next_dagrun for spotify_pipeline to 2024-11-09 00:00:00+00:00, run_after=2024-11-10 00:00:00+00:00
[2024-11-09T19:42:29.264+0000] {processor.py:208} INFO - Processing /opt/airflow/dags/spotify_pipeline.py took 0.087 seconds
[2024-11-09T19:42:59.477+0000] {processor.py:186} INFO - Started process (PID=4065) to work on /opt/airflow/dags/spotify_pipeline.py
[2024-11-09T19:42:59.478+0000] {processor.py:914} INFO - Processing file /opt/airflow/dags/spotify_pipeline.py for tasks to queue
[2024-11-09T19:42:59.480+0000] {logging_mixin.py:190} INFO - [2024-11-09T19:42:59.479+0000] {dagbag.py:588} INFO - Filling up the DagBag from /opt/airflow/dags/spotify_pipeline.py
[2024-11-09T19:42:59.500+0000] {processor.py:925} INFO - DAG(s) 'spotify_pipeline' retrieved from /opt/airflow/dags/spotify_pipeline.py
[2024-11-09T19:42:59.527+0000] {logging_mixin.py:190} INFO - [2024-11-09T19:42:59.526+0000] {dag.py:3239} INFO - Sync 1 DAGs
[2024-11-09T19:42:59.551+0000] {logging_mixin.py:190} INFO - [2024-11-09T19:42:59.551+0000] {dag.py:4180} INFO - Setting next_dagrun for spotify_pipeline to 2024-11-09 00:00:00+00:00, run_after=2024-11-10 00:00:00+00:00
[2024-11-09T19:42:59.570+0000] {processor.py:208} INFO - Processing /opt/airflow/dags/spotify_pipeline.py took 0.098 seconds
[2024-11-09T19:43:29.777+0000] {processor.py:186} INFO - Started process (PID=4075) to work on /opt/airflow/dags/spotify_pipeline.py
[2024-11-09T19:43:29.778+0000] {processor.py:914} INFO - Processing file /opt/airflow/dags/spotify_pipeline.py for tasks to queue
[2024-11-09T19:43:29.779+0000] {logging_mixin.py:190} INFO - [2024-11-09T19:43:29.779+0000] {dagbag.py:588} INFO - Filling up the DagBag from /opt/airflow/dags/spotify_pipeline.py
[2024-11-09T19:43:29.795+0000] {processor.py:925} INFO - DAG(s) 'spotify_pipeline' retrieved from /opt/airflow/dags/spotify_pipeline.py
[2024-11-09T19:43:29.819+0000] {logging_mixin.py:190} INFO - [2024-11-09T19:43:29.818+0000] {dag.py:3239} INFO - Sync 1 DAGs
[2024-11-09T19:43:29.841+0000] {logging_mixin.py:190} INFO - [2024-11-09T19:43:29.840+0000] {dag.py:4180} INFO - Setting next_dagrun for spotify_pipeline to 2024-11-09 00:00:00+00:00, run_after=2024-11-10 00:00:00+00:00
[2024-11-09T19:43:29.857+0000] {processor.py:208} INFO - Processing /opt/airflow/dags/spotify_pipeline.py took 0.084 seconds
[2024-11-09T19:44:00.123+0000] {processor.py:186} INFO - Started process (PID=4085) to work on /opt/airflow/dags/spotify_pipeline.py
[2024-11-09T19:44:00.124+0000] {processor.py:914} INFO - Processing file /opt/airflow/dags/spotify_pipeline.py for tasks to queue
[2024-11-09T19:44:00.126+0000] {logging_mixin.py:190} INFO - [2024-11-09T19:44:00.125+0000] {dagbag.py:588} INFO - Filling up the DagBag from /opt/airflow/dags/spotify_pipeline.py
[2024-11-09T19:44:00.145+0000] {processor.py:925} INFO - DAG(s) 'spotify_pipeline' retrieved from /opt/airflow/dags/spotify_pipeline.py
[2024-11-09T19:44:00.172+0000] {logging_mixin.py:190} INFO - [2024-11-09T19:44:00.172+0000] {dag.py:3239} INFO - Sync 1 DAGs
[2024-11-09T19:44:00.197+0000] {logging_mixin.py:190} INFO - [2024-11-09T19:44:00.197+0000] {dag.py:4180} INFO - Setting next_dagrun for spotify_pipeline to 2024-11-09 00:00:00+00:00, run_after=2024-11-10 00:00:00+00:00
[2024-11-09T19:44:00.219+0000] {processor.py:208} INFO - Processing /opt/airflow/dags/spotify_pipeline.py took 0.102 seconds
[2024-11-09T19:44:30.422+0000] {processor.py:186} INFO - Started process (PID=4095) to work on /opt/airflow/dags/spotify_pipeline.py
[2024-11-09T19:44:30.422+0000] {processor.py:914} INFO - Processing file /opt/airflow/dags/spotify_pipeline.py for tasks to queue
[2024-11-09T19:44:30.423+0000] {logging_mixin.py:190} INFO - [2024-11-09T19:44:30.423+0000] {dagbag.py:588} INFO - Filling up the DagBag from /opt/airflow/dags/spotify_pipeline.py
[2024-11-09T19:44:30.441+0000] {processor.py:925} INFO - DAG(s) 'spotify_pipeline' retrieved from /opt/airflow/dags/spotify_pipeline.py
[2024-11-09T19:44:30.464+0000] {logging_mixin.py:190} INFO - [2024-11-09T19:44:30.463+0000] {dag.py:3239} INFO - Sync 1 DAGs
[2024-11-09T19:44:30.484+0000] {logging_mixin.py:190} INFO - [2024-11-09T19:44:30.484+0000] {dag.py:4180} INFO - Setting next_dagrun for spotify_pipeline to 2024-11-09 00:00:00+00:00, run_after=2024-11-10 00:00:00+00:00
[2024-11-09T19:44:30.501+0000] {processor.py:208} INFO - Processing /opt/airflow/dags/spotify_pipeline.py took 0.084 seconds
[2024-11-09T19:45:00.694+0000] {processor.py:186} INFO - Started process (PID=4105) to work on /opt/airflow/dags/spotify_pipeline.py
[2024-11-09T19:45:00.695+0000] {processor.py:914} INFO - Processing file /opt/airflow/dags/spotify_pipeline.py for tasks to queue
[2024-11-09T19:45:00.697+0000] {logging_mixin.py:190} INFO - [2024-11-09T19:45:00.696+0000] {dagbag.py:588} INFO - Filling up the DagBag from /opt/airflow/dags/spotify_pipeline.py
[2024-11-09T19:45:00.719+0000] {processor.py:925} INFO - DAG(s) 'spotify_pipeline' retrieved from /opt/airflow/dags/spotify_pipeline.py
[2024-11-09T19:45:00.747+0000] {logging_mixin.py:190} INFO - [2024-11-09T19:45:00.746+0000] {dag.py:3239} INFO - Sync 1 DAGs
[2024-11-09T19:45:00.769+0000] {logging_mixin.py:190} INFO - [2024-11-09T19:45:00.769+0000] {dag.py:4180} INFO - Setting next_dagrun for spotify_pipeline to 2024-11-09 00:00:00+00:00, run_after=2024-11-10 00:00:00+00:00
[2024-11-09T19:45:00.801+0000] {processor.py:208} INFO - Processing /opt/airflow/dags/spotify_pipeline.py took 0.112 seconds
[2024-11-09T19:45:30.991+0000] {processor.py:186} INFO - Started process (PID=4115) to work on /opt/airflow/dags/spotify_pipeline.py
[2024-11-09T19:45:30.991+0000] {processor.py:914} INFO - Processing file /opt/airflow/dags/spotify_pipeline.py for tasks to queue
[2024-11-09T19:45:30.993+0000] {logging_mixin.py:190} INFO - [2024-11-09T19:45:30.992+0000] {dagbag.py:588} INFO - Filling up the DagBag from /opt/airflow/dags/spotify_pipeline.py
[2024-11-09T19:45:31.009+0000] {processor.py:925} INFO - DAG(s) 'spotify_pipeline' retrieved from /opt/airflow/dags/spotify_pipeline.py
[2024-11-09T19:45:31.033+0000] {logging_mixin.py:190} INFO - [2024-11-09T19:45:31.033+0000] {dag.py:3239} INFO - Sync 1 DAGs
[2024-11-09T19:45:31.056+0000] {logging_mixin.py:190} INFO - [2024-11-09T19:45:31.056+0000] {dag.py:4180} INFO - Setting next_dagrun for spotify_pipeline to 2024-11-09 00:00:00+00:00, run_after=2024-11-10 00:00:00+00:00
[2024-11-09T19:45:31.086+0000] {processor.py:208} INFO - Processing /opt/airflow/dags/spotify_pipeline.py took 0.100 seconds
[2024-11-09T19:46:01.281+0000] {processor.py:186} INFO - Started process (PID=4125) to work on /opt/airflow/dags/spotify_pipeline.py
[2024-11-09T19:46:01.282+0000] {processor.py:914} INFO - Processing file /opt/airflow/dags/spotify_pipeline.py for tasks to queue
[2024-11-09T19:46:01.283+0000] {logging_mixin.py:190} INFO - [2024-11-09T19:46:01.283+0000] {dagbag.py:588} INFO - Filling up the DagBag from /opt/airflow/dags/spotify_pipeline.py
[2024-11-09T19:46:01.300+0000] {processor.py:925} INFO - DAG(s) 'spotify_pipeline' retrieved from /opt/airflow/dags/spotify_pipeline.py
[2024-11-09T19:46:01.325+0000] {logging_mixin.py:190} INFO - [2024-11-09T19:46:01.324+0000] {dag.py:3239} INFO - Sync 1 DAGs
[2024-11-09T19:46:01.346+0000] {logging_mixin.py:190} INFO - [2024-11-09T19:46:01.346+0000] {dag.py:4180} INFO - Setting next_dagrun for spotify_pipeline to 2024-11-09 00:00:00+00:00, run_after=2024-11-10 00:00:00+00:00
[2024-11-09T19:46:01.362+0000] {processor.py:208} INFO - Processing /opt/airflow/dags/spotify_pipeline.py took 0.086 seconds
[2024-11-09T19:46:31.591+0000] {processor.py:186} INFO - Started process (PID=4135) to work on /opt/airflow/dags/spotify_pipeline.py
[2024-11-09T19:46:31.592+0000] {processor.py:914} INFO - Processing file /opt/airflow/dags/spotify_pipeline.py for tasks to queue
[2024-11-09T19:46:31.593+0000] {logging_mixin.py:190} INFO - [2024-11-09T19:46:31.593+0000] {dagbag.py:588} INFO - Filling up the DagBag from /opt/airflow/dags/spotify_pipeline.py
[2024-11-09T19:46:31.613+0000] {processor.py:925} INFO - DAG(s) 'spotify_pipeline' retrieved from /opt/airflow/dags/spotify_pipeline.py
[2024-11-09T19:46:31.641+0000] {logging_mixin.py:190} INFO - [2024-11-09T19:46:31.641+0000] {dag.py:3239} INFO - Sync 1 DAGs
[2024-11-09T19:46:31.663+0000] {logging_mixin.py:190} INFO - [2024-11-09T19:46:31.663+0000] {dag.py:4180} INFO - Setting next_dagrun for spotify_pipeline to 2024-11-09 00:00:00+00:00, run_after=2024-11-10 00:00:00+00:00
[2024-11-09T19:46:31.682+0000] {processor.py:208} INFO - Processing /opt/airflow/dags/spotify_pipeline.py took 0.096 seconds
[2024-11-09T19:47:01.882+0000] {processor.py:186} INFO - Started process (PID=4145) to work on /opt/airflow/dags/spotify_pipeline.py
[2024-11-09T19:47:01.883+0000] {processor.py:914} INFO - Processing file /opt/airflow/dags/spotify_pipeline.py for tasks to queue
[2024-11-09T19:47:01.884+0000] {logging_mixin.py:190} INFO - [2024-11-09T19:47:01.884+0000] {dagbag.py:588} INFO - Filling up the DagBag from /opt/airflow/dags/spotify_pipeline.py
[2024-11-09T19:47:01.902+0000] {processor.py:925} INFO - DAG(s) 'spotify_pipeline' retrieved from /opt/airflow/dags/spotify_pipeline.py
[2024-11-09T19:47:01.927+0000] {logging_mixin.py:190} INFO - [2024-11-09T19:47:01.927+0000] {dag.py:3239} INFO - Sync 1 DAGs
[2024-11-09T19:47:01.950+0000] {logging_mixin.py:190} INFO - [2024-11-09T19:47:01.950+0000] {dag.py:4180} INFO - Setting next_dagrun for spotify_pipeline to 2024-11-09 00:00:00+00:00, run_after=2024-11-10 00:00:00+00:00
[2024-11-09T19:47:01.968+0000] {processor.py:208} INFO - Processing /opt/airflow/dags/spotify_pipeline.py took 0.092 seconds
[2024-11-09T19:47:32.170+0000] {processor.py:186} INFO - Started process (PID=4155) to work on /opt/airflow/dags/spotify_pipeline.py
[2024-11-09T19:47:32.171+0000] {processor.py:914} INFO - Processing file /opt/airflow/dags/spotify_pipeline.py for tasks to queue
[2024-11-09T19:47:32.173+0000] {logging_mixin.py:190} INFO - [2024-11-09T19:47:32.172+0000] {dagbag.py:588} INFO - Filling up the DagBag from /opt/airflow/dags/spotify_pipeline.py
[2024-11-09T19:47:32.191+0000] {processor.py:925} INFO - DAG(s) 'spotify_pipeline' retrieved from /opt/airflow/dags/spotify_pipeline.py
[2024-11-09T19:47:32.215+0000] {logging_mixin.py:190} INFO - [2024-11-09T19:47:32.215+0000] {dag.py:3239} INFO - Sync 1 DAGs
[2024-11-09T19:47:32.237+0000] {logging_mixin.py:190} INFO - [2024-11-09T19:47:32.237+0000] {dag.py:4180} INFO - Setting next_dagrun for spotify_pipeline to 2024-11-09 00:00:00+00:00, run_after=2024-11-10 00:00:00+00:00
[2024-11-09T19:47:32.254+0000] {processor.py:208} INFO - Processing /opt/airflow/dags/spotify_pipeline.py took 0.089 seconds
[2024-11-09T19:48:02.448+0000] {processor.py:186} INFO - Started process (PID=4165) to work on /opt/airflow/dags/spotify_pipeline.py
[2024-11-09T19:48:02.449+0000] {processor.py:914} INFO - Processing file /opt/airflow/dags/spotify_pipeline.py for tasks to queue
[2024-11-09T19:48:02.451+0000] {logging_mixin.py:190} INFO - [2024-11-09T19:48:02.450+0000] {dagbag.py:588} INFO - Filling up the DagBag from /opt/airflow/dags/spotify_pipeline.py
[2024-11-09T19:48:02.469+0000] {processor.py:925} INFO - DAG(s) 'spotify_pipeline' retrieved from /opt/airflow/dags/spotify_pipeline.py
[2024-11-09T19:48:02.492+0000] {logging_mixin.py:190} INFO - [2024-11-09T19:48:02.491+0000] {dag.py:3239} INFO - Sync 1 DAGs
[2024-11-09T19:48:02.511+0000] {logging_mixin.py:190} INFO - [2024-11-09T19:48:02.511+0000] {dag.py:4180} INFO - Setting next_dagrun for spotify_pipeline to 2024-11-09 00:00:00+00:00, run_after=2024-11-10 00:00:00+00:00
[2024-11-09T19:48:02.527+0000] {processor.py:208} INFO - Processing /opt/airflow/dags/spotify_pipeline.py took 0.084 seconds
[2024-11-09T19:48:32.735+0000] {processor.py:186} INFO - Started process (PID=4175) to work on /opt/airflow/dags/spotify_pipeline.py
[2024-11-09T19:48:32.736+0000] {processor.py:914} INFO - Processing file /opt/airflow/dags/spotify_pipeline.py for tasks to queue
[2024-11-09T19:48:32.737+0000] {logging_mixin.py:190} INFO - [2024-11-09T19:48:32.737+0000] {dagbag.py:588} INFO - Filling up the DagBag from /opt/airflow/dags/spotify_pipeline.py
[2024-11-09T19:48:32.755+0000] {processor.py:925} INFO - DAG(s) 'spotify_pipeline' retrieved from /opt/airflow/dags/spotify_pipeline.py
[2024-11-09T19:48:32.779+0000] {logging_mixin.py:190} INFO - [2024-11-09T19:48:32.779+0000] {dag.py:3239} INFO - Sync 1 DAGs
[2024-11-09T19:48:32.801+0000] {logging_mixin.py:190} INFO - [2024-11-09T19:48:32.801+0000] {dag.py:4180} INFO - Setting next_dagrun for spotify_pipeline to 2024-11-09 00:00:00+00:00, run_after=2024-11-10 00:00:00+00:00
[2024-11-09T19:48:32.817+0000] {processor.py:208} INFO - Processing /opt/airflow/dags/spotify_pipeline.py took 0.088 seconds
[2024-11-09T19:49:03.034+0000] {processor.py:186} INFO - Started process (PID=4185) to work on /opt/airflow/dags/spotify_pipeline.py
[2024-11-09T19:49:03.035+0000] {processor.py:914} INFO - Processing file /opt/airflow/dags/spotify_pipeline.py for tasks to queue
[2024-11-09T19:49:03.037+0000] {logging_mixin.py:190} INFO - [2024-11-09T19:49:03.037+0000] {dagbag.py:588} INFO - Filling up the DagBag from /opt/airflow/dags/spotify_pipeline.py
[2024-11-09T19:49:03.058+0000] {processor.py:925} INFO - DAG(s) 'spotify_pipeline' retrieved from /opt/airflow/dags/spotify_pipeline.py
[2024-11-09T19:49:03.084+0000] {logging_mixin.py:190} INFO - [2024-11-09T19:49:03.084+0000] {dag.py:3239} INFO - Sync 1 DAGs
[2024-11-09T19:49:03.108+0000] {logging_mixin.py:190} INFO - [2024-11-09T19:49:03.108+0000] {dag.py:4180} INFO - Setting next_dagrun for spotify_pipeline to 2024-11-09 00:00:00+00:00, run_after=2024-11-10 00:00:00+00:00
[2024-11-09T19:49:03.125+0000] {processor.py:208} INFO - Processing /opt/airflow/dags/spotify_pipeline.py took 0.095 seconds
[2024-11-09T19:49:33.320+0000] {processor.py:186} INFO - Started process (PID=4195) to work on /opt/airflow/dags/spotify_pipeline.py
[2024-11-09T19:49:33.321+0000] {processor.py:914} INFO - Processing file /opt/airflow/dags/spotify_pipeline.py for tasks to queue
[2024-11-09T19:49:33.322+0000] {logging_mixin.py:190} INFO - [2024-11-09T19:49:33.322+0000] {dagbag.py:588} INFO - Filling up the DagBag from /opt/airflow/dags/spotify_pipeline.py
[2024-11-09T19:49:33.339+0000] {processor.py:925} INFO - DAG(s) 'spotify_pipeline' retrieved from /opt/airflow/dags/spotify_pipeline.py
[2024-11-09T19:49:33.363+0000] {logging_mixin.py:190} INFO - [2024-11-09T19:49:33.362+0000] {dag.py:3239} INFO - Sync 1 DAGs
[2024-11-09T19:49:33.386+0000] {logging_mixin.py:190} INFO - [2024-11-09T19:49:33.386+0000] {dag.py:4180} INFO - Setting next_dagrun for spotify_pipeline to 2024-11-09 00:00:00+00:00, run_after=2024-11-10 00:00:00+00:00
[2024-11-09T19:49:33.404+0000] {processor.py:208} INFO - Processing /opt/airflow/dags/spotify_pipeline.py took 0.090 seconds
[2024-11-09T19:50:03.606+0000] {processor.py:186} INFO - Started process (PID=4205) to work on /opt/airflow/dags/spotify_pipeline.py
[2024-11-09T19:50:03.607+0000] {processor.py:914} INFO - Processing file /opt/airflow/dags/spotify_pipeline.py for tasks to queue
[2024-11-09T19:50:03.608+0000] {logging_mixin.py:190} INFO - [2024-11-09T19:50:03.608+0000] {dagbag.py:588} INFO - Filling up the DagBag from /opt/airflow/dags/spotify_pipeline.py
[2024-11-09T19:50:03.626+0000] {processor.py:925} INFO - DAG(s) 'spotify_pipeline' retrieved from /opt/airflow/dags/spotify_pipeline.py
[2024-11-09T19:50:03.648+0000] {logging_mixin.py:190} INFO - [2024-11-09T19:50:03.648+0000] {dag.py:3239} INFO - Sync 1 DAGs
[2024-11-09T19:50:03.668+0000] {logging_mixin.py:190} INFO - [2024-11-09T19:50:03.668+0000] {dag.py:4180} INFO - Setting next_dagrun for spotify_pipeline to 2024-11-09 00:00:00+00:00, run_after=2024-11-10 00:00:00+00:00
[2024-11-09T19:50:03.697+0000] {processor.py:208} INFO - Processing /opt/airflow/dags/spotify_pipeline.py took 0.096 seconds
[2024-11-09T19:50:33.890+0000] {processor.py:186} INFO - Started process (PID=4215) to work on /opt/airflow/dags/spotify_pipeline.py
[2024-11-09T19:50:33.891+0000] {processor.py:914} INFO - Processing file /opt/airflow/dags/spotify_pipeline.py for tasks to queue
[2024-11-09T19:50:33.893+0000] {logging_mixin.py:190} INFO - [2024-11-09T19:50:33.893+0000] {dagbag.py:588} INFO - Filling up the DagBag from /opt/airflow/dags/spotify_pipeline.py
[2024-11-09T19:50:33.913+0000] {processor.py:925} INFO - DAG(s) 'spotify_pipeline' retrieved from /opt/airflow/dags/spotify_pipeline.py
[2024-11-09T19:50:33.936+0000] {logging_mixin.py:190} INFO - [2024-11-09T19:50:33.936+0000] {dag.py:3239} INFO - Sync 1 DAGs
[2024-11-09T19:50:33.956+0000] {logging_mixin.py:190} INFO - [2024-11-09T19:50:33.956+0000] {dag.py:4180} INFO - Setting next_dagrun for spotify_pipeline to 2024-11-09 00:00:00+00:00, run_after=2024-11-10 00:00:00+00:00
[2024-11-09T19:50:33.975+0000] {processor.py:208} INFO - Processing /opt/airflow/dags/spotify_pipeline.py took 0.090 seconds
[2024-11-09T19:51:04.165+0000] {processor.py:186} INFO - Started process (PID=4225) to work on /opt/airflow/dags/spotify_pipeline.py
[2024-11-09T19:51:04.166+0000] {processor.py:914} INFO - Processing file /opt/airflow/dags/spotify_pipeline.py for tasks to queue
[2024-11-09T19:51:04.168+0000] {logging_mixin.py:190} INFO - [2024-11-09T19:51:04.167+0000] {dagbag.py:588} INFO - Filling up the DagBag from /opt/airflow/dags/spotify_pipeline.py
[2024-11-09T19:51:04.185+0000] {processor.py:925} INFO - DAG(s) 'spotify_pipeline' retrieved from /opt/airflow/dags/spotify_pipeline.py
[2024-11-09T19:51:04.206+0000] {logging_mixin.py:190} INFO - [2024-11-09T19:51:04.206+0000] {dag.py:3239} INFO - Sync 1 DAGs
[2024-11-09T19:51:04.227+0000] {logging_mixin.py:190} INFO - [2024-11-09T19:51:04.226+0000] {dag.py:4180} INFO - Setting next_dagrun for spotify_pipeline to 2024-11-09 00:00:00+00:00, run_after=2024-11-10 00:00:00+00:00
[2024-11-09T19:51:04.242+0000] {processor.py:208} INFO - Processing /opt/airflow/dags/spotify_pipeline.py took 0.082 seconds
[2024-11-09T19:51:34.429+0000] {processor.py:186} INFO - Started process (PID=4235) to work on /opt/airflow/dags/spotify_pipeline.py
[2024-11-09T19:51:34.430+0000] {processor.py:914} INFO - Processing file /opt/airflow/dags/spotify_pipeline.py for tasks to queue
[2024-11-09T19:51:34.432+0000] {logging_mixin.py:190} INFO - [2024-11-09T19:51:34.431+0000] {dagbag.py:588} INFO - Filling up the DagBag from /opt/airflow/dags/spotify_pipeline.py
[2024-11-09T19:51:34.450+0000] {processor.py:925} INFO - DAG(s) 'spotify_pipeline' retrieved from /opt/airflow/dags/spotify_pipeline.py
[2024-11-09T19:51:34.474+0000] {logging_mixin.py:190} INFO - [2024-11-09T19:51:34.473+0000] {dag.py:3239} INFO - Sync 1 DAGs
[2024-11-09T19:51:34.494+0000] {logging_mixin.py:190} INFO - [2024-11-09T19:51:34.493+0000] {dag.py:4180} INFO - Setting next_dagrun for spotify_pipeline to 2024-11-09 00:00:00+00:00, run_after=2024-11-10 00:00:00+00:00
[2024-11-09T19:51:34.510+0000] {processor.py:208} INFO - Processing /opt/airflow/dags/spotify_pipeline.py took 0.086 seconds
[2024-11-09T19:52:04.692+0000] {processor.py:186} INFO - Started process (PID=4245) to work on /opt/airflow/dags/spotify_pipeline.py
[2024-11-09T19:52:04.693+0000] {processor.py:914} INFO - Processing file /opt/airflow/dags/spotify_pipeline.py for tasks to queue
[2024-11-09T19:52:04.694+0000] {logging_mixin.py:190} INFO - [2024-11-09T19:52:04.693+0000] {dagbag.py:588} INFO - Filling up the DagBag from /opt/airflow/dags/spotify_pipeline.py
[2024-11-09T19:52:04.711+0000] {processor.py:925} INFO - DAG(s) 'spotify_pipeline' retrieved from /opt/airflow/dags/spotify_pipeline.py
[2024-11-09T19:52:04.733+0000] {logging_mixin.py:190} INFO - [2024-11-09T19:52:04.733+0000] {dag.py:3239} INFO - Sync 1 DAGs
[2024-11-09T19:52:04.753+0000] {logging_mixin.py:190} INFO - [2024-11-09T19:52:04.753+0000] {dag.py:4180} INFO - Setting next_dagrun for spotify_pipeline to 2024-11-09 00:00:00+00:00, run_after=2024-11-10 00:00:00+00:00
[2024-11-09T19:52:04.770+0000] {processor.py:208} INFO - Processing /opt/airflow/dags/spotify_pipeline.py took 0.084 seconds
[2024-11-09T19:52:34.979+0000] {processor.py:186} INFO - Started process (PID=4255) to work on /opt/airflow/dags/spotify_pipeline.py
[2024-11-09T19:52:34.980+0000] {processor.py:914} INFO - Processing file /opt/airflow/dags/spotify_pipeline.py for tasks to queue
[2024-11-09T19:52:34.981+0000] {logging_mixin.py:190} INFO - [2024-11-09T19:52:34.980+0000] {dagbag.py:588} INFO - Filling up the DagBag from /opt/airflow/dags/spotify_pipeline.py
[2024-11-09T19:52:34.999+0000] {processor.py:925} INFO - DAG(s) 'spotify_pipeline' retrieved from /opt/airflow/dags/spotify_pipeline.py
[2024-11-09T19:52:35.024+0000] {logging_mixin.py:190} INFO - [2024-11-09T19:52:35.024+0000] {dag.py:3239} INFO - Sync 1 DAGs
[2024-11-09T19:52:35.048+0000] {logging_mixin.py:190} INFO - [2024-11-09T19:52:35.047+0000] {dag.py:4180} INFO - Setting next_dagrun for spotify_pipeline to 2024-11-09 00:00:00+00:00, run_after=2024-11-10 00:00:00+00:00
[2024-11-09T19:52:35.062+0000] {processor.py:208} INFO - Processing /opt/airflow/dags/spotify_pipeline.py took 0.089 seconds
[2024-11-09T19:53:05.273+0000] {processor.py:186} INFO - Started process (PID=4265) to work on /opt/airflow/dags/spotify_pipeline.py
[2024-11-09T19:53:05.274+0000] {processor.py:914} INFO - Processing file /opt/airflow/dags/spotify_pipeline.py for tasks to queue
[2024-11-09T19:53:05.276+0000] {logging_mixin.py:190} INFO - [2024-11-09T19:53:05.275+0000] {dagbag.py:588} INFO - Filling up the DagBag from /opt/airflow/dags/spotify_pipeline.py
[2024-11-09T19:53:05.294+0000] {processor.py:925} INFO - DAG(s) 'spotify_pipeline' retrieved from /opt/airflow/dags/spotify_pipeline.py
[2024-11-09T19:53:05.319+0000] {logging_mixin.py:190} INFO - [2024-11-09T19:53:05.319+0000] {dag.py:3239} INFO - Sync 1 DAGs
[2024-11-09T19:53:05.341+0000] {logging_mixin.py:190} INFO - [2024-11-09T19:53:05.341+0000] {dag.py:4180} INFO - Setting next_dagrun for spotify_pipeline to 2024-11-09 00:00:00+00:00, run_after=2024-11-10 00:00:00+00:00
[2024-11-09T19:53:05.356+0000] {processor.py:208} INFO - Processing /opt/airflow/dags/spotify_pipeline.py took 0.089 seconds
[2024-11-09T19:53:35.564+0000] {processor.py:186} INFO - Started process (PID=4275) to work on /opt/airflow/dags/spotify_pipeline.py
[2024-11-09T19:53:35.565+0000] {processor.py:914} INFO - Processing file /opt/airflow/dags/spotify_pipeline.py for tasks to queue
[2024-11-09T19:53:35.566+0000] {logging_mixin.py:190} INFO - [2024-11-09T19:53:35.566+0000] {dagbag.py:588} INFO - Filling up the DagBag from /opt/airflow/dags/spotify_pipeline.py
[2024-11-09T19:53:35.585+0000] {processor.py:925} INFO - DAG(s) 'spotify_pipeline' retrieved from /opt/airflow/dags/spotify_pipeline.py
[2024-11-09T19:53:35.609+0000] {logging_mixin.py:190} INFO - [2024-11-09T19:53:35.609+0000] {dag.py:3239} INFO - Sync 1 DAGs
[2024-11-09T19:53:35.631+0000] {logging_mixin.py:190} INFO - [2024-11-09T19:53:35.631+0000] {dag.py:4180} INFO - Setting next_dagrun for spotify_pipeline to 2024-11-09 00:00:00+00:00, run_after=2024-11-10 00:00:00+00:00
[2024-11-09T19:53:35.646+0000] {processor.py:208} INFO - Processing /opt/airflow/dags/spotify_pipeline.py took 0.087 seconds
[2024-11-09T19:54:05.901+0000] {processor.py:186} INFO - Started process (PID=4285) to work on /opt/airflow/dags/spotify_pipeline.py
[2024-11-09T19:54:05.902+0000] {processor.py:914} INFO - Processing file /opt/airflow/dags/spotify_pipeline.py for tasks to queue
[2024-11-09T19:54:05.903+0000] {logging_mixin.py:190} INFO - [2024-11-09T19:54:05.903+0000] {dagbag.py:588} INFO - Filling up the DagBag from /opt/airflow/dags/spotify_pipeline.py
[2024-11-09T19:54:05.921+0000] {processor.py:925} INFO - DAG(s) 'spotify_pipeline' retrieved from /opt/airflow/dags/spotify_pipeline.py
[2024-11-09T19:54:05.943+0000] {logging_mixin.py:190} INFO - [2024-11-09T19:54:05.942+0000] {dag.py:3239} INFO - Sync 1 DAGs
[2024-11-09T19:54:05.963+0000] {logging_mixin.py:190} INFO - [2024-11-09T19:54:05.963+0000] {dag.py:4180} INFO - Setting next_dagrun for spotify_pipeline to 2024-11-09 00:00:00+00:00, run_after=2024-11-10 00:00:00+00:00
[2024-11-09T19:54:05.979+0000] {processor.py:208} INFO - Processing /opt/airflow/dags/spotify_pipeline.py took 0.083 seconds
[2024-11-09T19:54:36.167+0000] {processor.py:186} INFO - Started process (PID=4295) to work on /opt/airflow/dags/spotify_pipeline.py
[2024-11-09T19:54:36.168+0000] {processor.py:914} INFO - Processing file /opt/airflow/dags/spotify_pipeline.py for tasks to queue
[2024-11-09T19:54:36.169+0000] {logging_mixin.py:190} INFO - [2024-11-09T19:54:36.169+0000] {dagbag.py:588} INFO - Filling up the DagBag from /opt/airflow/dags/spotify_pipeline.py
[2024-11-09T19:54:36.188+0000] {processor.py:925} INFO - DAG(s) 'spotify_pipeline' retrieved from /opt/airflow/dags/spotify_pipeline.py
[2024-11-09T19:54:36.213+0000] {logging_mixin.py:190} INFO - [2024-11-09T19:54:36.212+0000] {dag.py:3239} INFO - Sync 1 DAGs
[2024-11-09T19:54:36.234+0000] {logging_mixin.py:190} INFO - [2024-11-09T19:54:36.234+0000] {dag.py:4180} INFO - Setting next_dagrun for spotify_pipeline to 2024-11-09 00:00:00+00:00, run_after=2024-11-10 00:00:00+00:00
[2024-11-09T19:54:36.249+0000] {processor.py:208} INFO - Processing /opt/airflow/dags/spotify_pipeline.py took 0.088 seconds
[2024-11-09T19:55:06.434+0000] {processor.py:186} INFO - Started process (PID=4305) to work on /opt/airflow/dags/spotify_pipeline.py
[2024-11-09T19:55:06.435+0000] {processor.py:914} INFO - Processing file /opt/airflow/dags/spotify_pipeline.py for tasks to queue
[2024-11-09T19:55:06.436+0000] {logging_mixin.py:190} INFO - [2024-11-09T19:55:06.436+0000] {dagbag.py:588} INFO - Filling up the DagBag from /opt/airflow/dags/spotify_pipeline.py
[2024-11-09T19:55:06.453+0000] {processor.py:925} INFO - DAG(s) 'spotify_pipeline' retrieved from /opt/airflow/dags/spotify_pipeline.py
[2024-11-09T19:55:06.477+0000] {logging_mixin.py:190} INFO - [2024-11-09T19:55:06.477+0000] {dag.py:3239} INFO - Sync 1 DAGs
[2024-11-09T19:55:06.499+0000] {logging_mixin.py:190} INFO - [2024-11-09T19:55:06.498+0000] {dag.py:4180} INFO - Setting next_dagrun for spotify_pipeline to 2024-11-09 00:00:00+00:00, run_after=2024-11-10 00:00:00+00:00
[2024-11-09T19:55:06.514+0000] {processor.py:208} INFO - Processing /opt/airflow/dags/spotify_pipeline.py took 0.084 seconds
[2024-11-09T19:55:36.714+0000] {processor.py:186} INFO - Started process (PID=4315) to work on /opt/airflow/dags/spotify_pipeline.py
[2024-11-09T19:55:36.715+0000] {processor.py:914} INFO - Processing file /opt/airflow/dags/spotify_pipeline.py for tasks to queue
[2024-11-09T19:55:36.716+0000] {logging_mixin.py:190} INFO - [2024-11-09T19:55:36.716+0000] {dagbag.py:588} INFO - Filling up the DagBag from /opt/airflow/dags/spotify_pipeline.py
[2024-11-09T19:55:36.734+0000] {processor.py:925} INFO - DAG(s) 'spotify_pipeline' retrieved from /opt/airflow/dags/spotify_pipeline.py
[2024-11-09T19:55:36.757+0000] {logging_mixin.py:190} INFO - [2024-11-09T19:55:36.756+0000] {dag.py:3239} INFO - Sync 1 DAGs
[2024-11-09T19:55:36.776+0000] {logging_mixin.py:190} INFO - [2024-11-09T19:55:36.776+0000] {dag.py:4180} INFO - Setting next_dagrun for spotify_pipeline to 2024-11-09 00:00:00+00:00, run_after=2024-11-10 00:00:00+00:00
[2024-11-09T19:55:36.792+0000] {processor.py:208} INFO - Processing /opt/airflow/dags/spotify_pipeline.py took 0.084 seconds
[2024-11-09T19:56:06.993+0000] {processor.py:186} INFO - Started process (PID=4325) to work on /opt/airflow/dags/spotify_pipeline.py
[2024-11-09T19:56:06.994+0000] {processor.py:914} INFO - Processing file /opt/airflow/dags/spotify_pipeline.py for tasks to queue
[2024-11-09T19:56:06.995+0000] {logging_mixin.py:190} INFO - [2024-11-09T19:56:06.995+0000] {dagbag.py:588} INFO - Filling up the DagBag from /opt/airflow/dags/spotify_pipeline.py
[2024-11-09T19:56:07.011+0000] {processor.py:925} INFO - DAG(s) 'spotify_pipeline' retrieved from /opt/airflow/dags/spotify_pipeline.py
[2024-11-09T19:56:07.036+0000] {logging_mixin.py:190} INFO - [2024-11-09T19:56:07.036+0000] {dag.py:3239} INFO - Sync 1 DAGs
[2024-11-09T19:56:07.058+0000] {logging_mixin.py:190} INFO - [2024-11-09T19:56:07.058+0000] {dag.py:4180} INFO - Setting next_dagrun for spotify_pipeline to 2024-11-09 00:00:00+00:00, run_after=2024-11-10 00:00:00+00:00
[2024-11-09T19:56:07.075+0000] {processor.py:208} INFO - Processing /opt/airflow/dags/spotify_pipeline.py took 0.086 seconds
[2024-11-09T19:56:37.271+0000] {processor.py:186} INFO - Started process (PID=4335) to work on /opt/airflow/dags/spotify_pipeline.py
[2024-11-09T19:56:37.272+0000] {processor.py:914} INFO - Processing file /opt/airflow/dags/spotify_pipeline.py for tasks to queue
[2024-11-09T19:56:37.273+0000] {logging_mixin.py:190} INFO - [2024-11-09T19:56:37.272+0000] {dagbag.py:588} INFO - Filling up the DagBag from /opt/airflow/dags/spotify_pipeline.py
[2024-11-09T19:56:37.287+0000] {processor.py:925} INFO - DAG(s) 'spotify_pipeline' retrieved from /opt/airflow/dags/spotify_pipeline.py
[2024-11-09T19:56:37.311+0000] {logging_mixin.py:190} INFO - [2024-11-09T19:56:37.311+0000] {dag.py:3239} INFO - Sync 1 DAGs
[2024-11-09T19:56:37.333+0000] {logging_mixin.py:190} INFO - [2024-11-09T19:56:37.332+0000] {dag.py:4180} INFO - Setting next_dagrun for spotify_pipeline to 2024-11-09 00:00:00+00:00, run_after=2024-11-10 00:00:00+00:00
[2024-11-09T19:56:37.350+0000] {processor.py:208} INFO - Processing /opt/airflow/dags/spotify_pipeline.py took 0.083 seconds
[2024-11-09T19:57:07.548+0000] {processor.py:186} INFO - Started process (PID=4345) to work on /opt/airflow/dags/spotify_pipeline.py
[2024-11-09T19:57:07.549+0000] {processor.py:914} INFO - Processing file /opt/airflow/dags/spotify_pipeline.py for tasks to queue
[2024-11-09T19:57:07.550+0000] {logging_mixin.py:190} INFO - [2024-11-09T19:57:07.550+0000] {dagbag.py:588} INFO - Filling up the DagBag from /opt/airflow/dags/spotify_pipeline.py
[2024-11-09T19:57:07.566+0000] {processor.py:925} INFO - DAG(s) 'spotify_pipeline' retrieved from /opt/airflow/dags/spotify_pipeline.py
[2024-11-09T19:57:07.590+0000] {logging_mixin.py:190} INFO - [2024-11-09T19:57:07.589+0000] {dag.py:3239} INFO - Sync 1 DAGs
[2024-11-09T19:57:07.612+0000] {logging_mixin.py:190} INFO - [2024-11-09T19:57:07.611+0000] {dag.py:4180} INFO - Setting next_dagrun for spotify_pipeline to 2024-11-09 00:00:00+00:00, run_after=2024-11-10 00:00:00+00:00
[2024-11-09T19:57:07.641+0000] {processor.py:208} INFO - Processing /opt/airflow/dags/spotify_pipeline.py took 0.099 seconds
[2024-11-09T19:57:37.824+0000] {processor.py:186} INFO - Started process (PID=4355) to work on /opt/airflow/dags/spotify_pipeline.py
[2024-11-09T19:57:37.825+0000] {processor.py:914} INFO - Processing file /opt/airflow/dags/spotify_pipeline.py for tasks to queue
[2024-11-09T19:57:37.826+0000] {logging_mixin.py:190} INFO - [2024-11-09T19:57:37.826+0000] {dagbag.py:588} INFO - Filling up the DagBag from /opt/airflow/dags/spotify_pipeline.py
[2024-11-09T19:57:37.842+0000] {processor.py:925} INFO - DAG(s) 'spotify_pipeline' retrieved from /opt/airflow/dags/spotify_pipeline.py
[2024-11-09T19:57:37.866+0000] {logging_mixin.py:190} INFO - [2024-11-09T19:57:37.866+0000] {dag.py:3239} INFO - Sync 1 DAGs
[2024-11-09T19:57:37.886+0000] {logging_mixin.py:190} INFO - [2024-11-09T19:57:37.886+0000] {dag.py:4180} INFO - Setting next_dagrun for spotify_pipeline to 2024-11-09 00:00:00+00:00, run_after=2024-11-10 00:00:00+00:00
[2024-11-09T19:57:37.902+0000] {processor.py:208} INFO - Processing /opt/airflow/dags/spotify_pipeline.py took 0.083 seconds
[2024-11-09T19:58:08.115+0000] {processor.py:186} INFO - Started process (PID=4365) to work on /opt/airflow/dags/spotify_pipeline.py
[2024-11-09T19:58:08.115+0000] {processor.py:914} INFO - Processing file /opt/airflow/dags/spotify_pipeline.py for tasks to queue
[2024-11-09T19:58:08.116+0000] {logging_mixin.py:190} INFO - [2024-11-09T19:58:08.116+0000] {dagbag.py:588} INFO - Filling up the DagBag from /opt/airflow/dags/spotify_pipeline.py
[2024-11-09T19:58:08.133+0000] {processor.py:925} INFO - DAG(s) 'spotify_pipeline' retrieved from /opt/airflow/dags/spotify_pipeline.py
[2024-11-09T19:58:08.156+0000] {logging_mixin.py:190} INFO - [2024-11-09T19:58:08.155+0000] {dag.py:3239} INFO - Sync 1 DAGs
[2024-11-09T19:58:08.178+0000] {logging_mixin.py:190} INFO - [2024-11-09T19:58:08.178+0000] {dag.py:4180} INFO - Setting next_dagrun for spotify_pipeline to 2024-11-09 00:00:00+00:00, run_after=2024-11-10 00:00:00+00:00
[2024-11-09T19:58:08.194+0000] {processor.py:208} INFO - Processing /opt/airflow/dags/spotify_pipeline.py took 0.083 seconds
[2024-11-09T19:58:38.391+0000] {processor.py:186} INFO - Started process (PID=4375) to work on /opt/airflow/dags/spotify_pipeline.py
[2024-11-09T19:58:38.392+0000] {processor.py:914} INFO - Processing file /opt/airflow/dags/spotify_pipeline.py for tasks to queue
[2024-11-09T19:58:38.393+0000] {logging_mixin.py:190} INFO - [2024-11-09T19:58:38.393+0000] {dagbag.py:588} INFO - Filling up the DagBag from /opt/airflow/dags/spotify_pipeline.py
[2024-11-09T19:58:38.412+0000] {processor.py:925} INFO - DAG(s) 'spotify_pipeline' retrieved from /opt/airflow/dags/spotify_pipeline.py
[2024-11-09T19:58:38.437+0000] {logging_mixin.py:190} INFO - [2024-11-09T19:58:38.437+0000] {dag.py:3239} INFO - Sync 1 DAGs
[2024-11-09T19:58:38.459+0000] {logging_mixin.py:190} INFO - [2024-11-09T19:58:38.459+0000] {dag.py:4180} INFO - Setting next_dagrun for spotify_pipeline to 2024-11-09 00:00:00+00:00, run_after=2024-11-10 00:00:00+00:00
[2024-11-09T19:58:38.475+0000] {processor.py:208} INFO - Processing /opt/airflow/dags/spotify_pipeline.py took 0.089 seconds
[2024-11-09T19:59:08.695+0000] {processor.py:186} INFO - Started process (PID=4385) to work on /opt/airflow/dags/spotify_pipeline.py
[2024-11-09T19:59:08.696+0000] {processor.py:914} INFO - Processing file /opt/airflow/dags/spotify_pipeline.py for tasks to queue
[2024-11-09T19:59:08.698+0000] {logging_mixin.py:190} INFO - [2024-11-09T19:59:08.697+0000] {dagbag.py:588} INFO - Filling up the DagBag from /opt/airflow/dags/spotify_pipeline.py
[2024-11-09T19:59:08.716+0000] {processor.py:925} INFO - DAG(s) 'spotify_pipeline' retrieved from /opt/airflow/dags/spotify_pipeline.py
[2024-11-09T19:59:08.741+0000] {logging_mixin.py:190} INFO - [2024-11-09T19:59:08.740+0000] {dag.py:3239} INFO - Sync 1 DAGs
[2024-11-09T19:59:08.763+0000] {logging_mixin.py:190} INFO - [2024-11-09T19:59:08.762+0000] {dag.py:4180} INFO - Setting next_dagrun for spotify_pipeline to 2024-11-09 00:00:00+00:00, run_after=2024-11-10 00:00:00+00:00
[2024-11-09T19:59:08.779+0000] {processor.py:208} INFO - Processing /opt/airflow/dags/spotify_pipeline.py took 0.089 seconds
[2024-11-09T19:59:38.968+0000] {processor.py:186} INFO - Started process (PID=4395) to work on /opt/airflow/dags/spotify_pipeline.py
[2024-11-09T19:59:38.969+0000] {processor.py:914} INFO - Processing file /opt/airflow/dags/spotify_pipeline.py for tasks to queue
[2024-11-09T19:59:38.971+0000] {logging_mixin.py:190} INFO - [2024-11-09T19:59:38.970+0000] {dagbag.py:588} INFO - Filling up the DagBag from /opt/airflow/dags/spotify_pipeline.py
[2024-11-09T19:59:38.988+0000] {processor.py:925} INFO - DAG(s) 'spotify_pipeline' retrieved from /opt/airflow/dags/spotify_pipeline.py
[2024-11-09T19:59:39.013+0000] {logging_mixin.py:190} INFO - [2024-11-09T19:59:39.013+0000] {dag.py:3239} INFO - Sync 1 DAGs
[2024-11-09T19:59:39.036+0000] {logging_mixin.py:190} INFO - [2024-11-09T19:59:39.035+0000] {dag.py:4180} INFO - Setting next_dagrun for spotify_pipeline to 2024-11-09 00:00:00+00:00, run_after=2024-11-10 00:00:00+00:00
[2024-11-09T19:59:39.051+0000] {processor.py:208} INFO - Processing /opt/airflow/dags/spotify_pipeline.py took 0.088 seconds
[2024-11-09T20:00:09.257+0000] {processor.py:186} INFO - Started process (PID=4405) to work on /opt/airflow/dags/spotify_pipeline.py
[2024-11-09T20:00:09.258+0000] {processor.py:914} INFO - Processing file /opt/airflow/dags/spotify_pipeline.py for tasks to queue
[2024-11-09T20:00:09.259+0000] {logging_mixin.py:190} INFO - [2024-11-09T20:00:09.259+0000] {dagbag.py:588} INFO - Filling up the DagBag from /opt/airflow/dags/spotify_pipeline.py
[2024-11-09T20:00:09.278+0000] {processor.py:925} INFO - DAG(s) 'spotify_pipeline' retrieved from /opt/airflow/dags/spotify_pipeline.py
[2024-11-09T20:00:09.303+0000] {logging_mixin.py:190} INFO - [2024-11-09T20:00:09.302+0000] {dag.py:3239} INFO - Sync 1 DAGs
[2024-11-09T20:00:09.324+0000] {logging_mixin.py:190} INFO - [2024-11-09T20:00:09.324+0000] {dag.py:4180} INFO - Setting next_dagrun for spotify_pipeline to 2024-11-09 00:00:00+00:00, run_after=2024-11-10 00:00:00+00:00
[2024-11-09T20:00:09.355+0000] {processor.py:208} INFO - Processing /opt/airflow/dags/spotify_pipeline.py took 0.103 seconds
[2024-11-09T20:00:39.536+0000] {processor.py:186} INFO - Started process (PID=4415) to work on /opt/airflow/dags/spotify_pipeline.py
[2024-11-09T20:00:39.537+0000] {processor.py:914} INFO - Processing file /opt/airflow/dags/spotify_pipeline.py for tasks to queue
[2024-11-09T20:00:39.538+0000] {logging_mixin.py:190} INFO - [2024-11-09T20:00:39.538+0000] {dagbag.py:588} INFO - Filling up the DagBag from /opt/airflow/dags/spotify_pipeline.py
[2024-11-09T20:00:39.555+0000] {processor.py:925} INFO - DAG(s) 'spotify_pipeline' retrieved from /opt/airflow/dags/spotify_pipeline.py
[2024-11-09T20:00:39.578+0000] {logging_mixin.py:190} INFO - [2024-11-09T20:00:39.578+0000] {dag.py:3239} INFO - Sync 1 DAGs
[2024-11-09T20:00:39.599+0000] {logging_mixin.py:190} INFO - [2024-11-09T20:00:39.599+0000] {dag.py:4180} INFO - Setting next_dagrun for spotify_pipeline to 2024-11-09 00:00:00+00:00, run_after=2024-11-10 00:00:00+00:00
[2024-11-09T20:00:39.616+0000] {processor.py:208} INFO - Processing /opt/airflow/dags/spotify_pipeline.py took 0.085 seconds
[2024-11-09T20:01:09.798+0000] {processor.py:186} INFO - Started process (PID=4425) to work on /opt/airflow/dags/spotify_pipeline.py
[2024-11-09T20:01:09.799+0000] {processor.py:914} INFO - Processing file /opt/airflow/dags/spotify_pipeline.py for tasks to queue
[2024-11-09T20:01:09.799+0000] {logging_mixin.py:190} INFO - [2024-11-09T20:01:09.799+0000] {dagbag.py:588} INFO - Filling up the DagBag from /opt/airflow/dags/spotify_pipeline.py
[2024-11-09T20:01:09.815+0000] {processor.py:925} INFO - DAG(s) 'spotify_pipeline' retrieved from /opt/airflow/dags/spotify_pipeline.py
[2024-11-09T20:01:09.839+0000] {logging_mixin.py:190} INFO - [2024-11-09T20:01:09.838+0000] {dag.py:3239} INFO - Sync 1 DAGs
[2024-11-09T20:01:09.861+0000] {logging_mixin.py:190} INFO - [2024-11-09T20:01:09.861+0000] {dag.py:4180} INFO - Setting next_dagrun for spotify_pipeline to 2024-11-09 00:00:00+00:00, run_after=2024-11-10 00:00:00+00:00
[2024-11-09T20:01:09.878+0000] {processor.py:208} INFO - Processing /opt/airflow/dags/spotify_pipeline.py took 0.084 seconds
[2024-11-09T20:01:40.080+0000] {processor.py:186} INFO - Started process (PID=4435) to work on /opt/airflow/dags/spotify_pipeline.py
[2024-11-09T20:01:40.081+0000] {processor.py:914} INFO - Processing file /opt/airflow/dags/spotify_pipeline.py for tasks to queue
[2024-11-09T20:01:40.082+0000] {logging_mixin.py:190} INFO - [2024-11-09T20:01:40.082+0000] {dagbag.py:588} INFO - Filling up the DagBag from /opt/airflow/dags/spotify_pipeline.py
[2024-11-09T20:01:40.099+0000] {processor.py:925} INFO - DAG(s) 'spotify_pipeline' retrieved from /opt/airflow/dags/spotify_pipeline.py
[2024-11-09T20:01:40.124+0000] {logging_mixin.py:190} INFO - [2024-11-09T20:01:40.124+0000] {dag.py:3239} INFO - Sync 1 DAGs
[2024-11-09T20:01:40.146+0000] {logging_mixin.py:190} INFO - [2024-11-09T20:01:40.145+0000] {dag.py:4180} INFO - Setting next_dagrun for spotify_pipeline to 2024-11-09 00:00:00+00:00, run_after=2024-11-10 00:00:00+00:00
[2024-11-09T20:01:40.176+0000] {processor.py:208} INFO - Processing /opt/airflow/dags/spotify_pipeline.py took 0.099 seconds
[2024-11-09T20:02:10.356+0000] {processor.py:186} INFO - Started process (PID=4445) to work on /opt/airflow/dags/spotify_pipeline.py
[2024-11-09T20:02:10.357+0000] {processor.py:914} INFO - Processing file /opt/airflow/dags/spotify_pipeline.py for tasks to queue
[2024-11-09T20:02:10.358+0000] {logging_mixin.py:190} INFO - [2024-11-09T20:02:10.358+0000] {dagbag.py:588} INFO - Filling up the DagBag from /opt/airflow/dags/spotify_pipeline.py
[2024-11-09T20:02:10.374+0000] {processor.py:925} INFO - DAG(s) 'spotify_pipeline' retrieved from /opt/airflow/dags/spotify_pipeline.py
[2024-11-09T20:02:10.399+0000] {logging_mixin.py:190} INFO - [2024-11-09T20:02:10.399+0000] {dag.py:3239} INFO - Sync 1 DAGs
[2024-11-09T20:02:10.420+0000] {logging_mixin.py:190} INFO - [2024-11-09T20:02:10.420+0000] {dag.py:4180} INFO - Setting next_dagrun for spotify_pipeline to 2024-11-09 00:00:00+00:00, run_after=2024-11-10 00:00:00+00:00
[2024-11-09T20:02:10.434+0000] {processor.py:208} INFO - Processing /opt/airflow/dags/spotify_pipeline.py took 0.083 seconds
[2024-11-09T20:02:40.648+0000] {processor.py:186} INFO - Started process (PID=4455) to work on /opt/airflow/dags/spotify_pipeline.py
[2024-11-09T20:02:40.649+0000] {processor.py:914} INFO - Processing file /opt/airflow/dags/spotify_pipeline.py for tasks to queue
[2024-11-09T20:02:40.650+0000] {logging_mixin.py:190} INFO - [2024-11-09T20:02:40.650+0000] {dagbag.py:588} INFO - Filling up the DagBag from /opt/airflow/dags/spotify_pipeline.py
[2024-11-09T20:02:40.666+0000] {processor.py:925} INFO - DAG(s) 'spotify_pipeline' retrieved from /opt/airflow/dags/spotify_pipeline.py
[2024-11-09T20:02:40.692+0000] {logging_mixin.py:190} INFO - [2024-11-09T20:02:40.691+0000] {dag.py:3239} INFO - Sync 1 DAGs
[2024-11-09T20:02:40.715+0000] {logging_mixin.py:190} INFO - [2024-11-09T20:02:40.715+0000] {dag.py:4180} INFO - Setting next_dagrun for spotify_pipeline to 2024-11-09 00:00:00+00:00, run_after=2024-11-10 00:00:00+00:00
[2024-11-09T20:02:40.730+0000] {processor.py:208} INFO - Processing /opt/airflow/dags/spotify_pipeline.py took 0.086 seconds
[2024-11-09T20:03:10.947+0000] {processor.py:186} INFO - Started process (PID=4465) to work on /opt/airflow/dags/spotify_pipeline.py
[2024-11-09T20:03:10.947+0000] {processor.py:914} INFO - Processing file /opt/airflow/dags/spotify_pipeline.py for tasks to queue
[2024-11-09T20:03:10.948+0000] {logging_mixin.py:190} INFO - [2024-11-09T20:03:10.948+0000] {dagbag.py:588} INFO - Filling up the DagBag from /opt/airflow/dags/spotify_pipeline.py
[2024-11-09T20:03:10.966+0000] {processor.py:925} INFO - DAG(s) 'spotify_pipeline' retrieved from /opt/airflow/dags/spotify_pipeline.py
[2024-11-09T20:03:10.992+0000] {logging_mixin.py:190} INFO - [2024-11-09T20:03:10.992+0000] {dag.py:3239} INFO - Sync 1 DAGs
[2024-11-09T20:03:11.015+0000] {logging_mixin.py:190} INFO - [2024-11-09T20:03:11.014+0000] {dag.py:4180} INFO - Setting next_dagrun for spotify_pipeline to 2024-11-09 00:00:00+00:00, run_after=2024-11-10 00:00:00+00:00
[2024-11-09T20:03:11.032+0000] {processor.py:208} INFO - Processing /opt/airflow/dags/spotify_pipeline.py took 0.090 seconds
[2024-11-09T20:03:41.273+0000] {processor.py:186} INFO - Started process (PID=4475) to work on /opt/airflow/dags/spotify_pipeline.py
[2024-11-09T20:03:41.274+0000] {processor.py:914} INFO - Processing file /opt/airflow/dags/spotify_pipeline.py for tasks to queue
[2024-11-09T20:03:41.275+0000] {logging_mixin.py:190} INFO - [2024-11-09T20:03:41.275+0000] {dagbag.py:588} INFO - Filling up the DagBag from /opt/airflow/dags/spotify_pipeline.py
[2024-11-09T20:03:41.294+0000] {processor.py:925} INFO - DAG(s) 'spotify_pipeline' retrieved from /opt/airflow/dags/spotify_pipeline.py
[2024-11-09T20:03:41.318+0000] {logging_mixin.py:190} INFO - [2024-11-09T20:03:41.318+0000] {dag.py:3239} INFO - Sync 1 DAGs
[2024-11-09T20:03:41.340+0000] {logging_mixin.py:190} INFO - [2024-11-09T20:03:41.340+0000] {dag.py:4180} INFO - Setting next_dagrun for spotify_pipeline to 2024-11-09 00:00:00+00:00, run_after=2024-11-10 00:00:00+00:00
[2024-11-09T20:03:41.356+0000] {processor.py:208} INFO - Processing /opt/airflow/dags/spotify_pipeline.py took 0.089 seconds
[2024-11-09T20:04:11.638+0000] {processor.py:186} INFO - Started process (PID=4485) to work on /opt/airflow/dags/spotify_pipeline.py
[2024-11-09T20:04:11.639+0000] {processor.py:914} INFO - Processing file /opt/airflow/dags/spotify_pipeline.py for tasks to queue
[2024-11-09T20:04:11.640+0000] {logging_mixin.py:190} INFO - [2024-11-09T20:04:11.640+0000] {dagbag.py:588} INFO - Filling up the DagBag from /opt/airflow/dags/spotify_pipeline.py
[2024-11-09T20:04:11.657+0000] {processor.py:925} INFO - DAG(s) 'spotify_pipeline' retrieved from /opt/airflow/dags/spotify_pipeline.py
[2024-11-09T20:04:11.679+0000] {logging_mixin.py:190} INFO - [2024-11-09T20:04:11.679+0000] {dag.py:3239} INFO - Sync 1 DAGs
[2024-11-09T20:04:11.700+0000] {logging_mixin.py:190} INFO - [2024-11-09T20:04:11.700+0000] {dag.py:4180} INFO - Setting next_dagrun for spotify_pipeline to 2024-11-09 00:00:00+00:00, run_after=2024-11-10 00:00:00+00:00
[2024-11-09T20:04:11.718+0000] {processor.py:208} INFO - Processing /opt/airflow/dags/spotify_pipeline.py took 0.084 seconds
[2024-11-09T20:04:41.947+0000] {processor.py:186} INFO - Started process (PID=4495) to work on /opt/airflow/dags/spotify_pipeline.py
[2024-11-09T20:04:41.948+0000] {processor.py:914} INFO - Processing file /opt/airflow/dags/spotify_pipeline.py for tasks to queue
[2024-11-09T20:04:41.949+0000] {logging_mixin.py:190} INFO - [2024-11-09T20:04:41.949+0000] {dagbag.py:588} INFO - Filling up the DagBag from /opt/airflow/dags/spotify_pipeline.py
[2024-11-09T20:04:41.970+0000] {processor.py:925} INFO - DAG(s) 'spotify_pipeline' retrieved from /opt/airflow/dags/spotify_pipeline.py
[2024-11-09T20:04:42.002+0000] {logging_mixin.py:190} INFO - [2024-11-09T20:04:42.002+0000] {dag.py:3239} INFO - Sync 1 DAGs
[2024-11-09T20:04:42.030+0000] {logging_mixin.py:190} INFO - [2024-11-09T20:04:42.029+0000] {dag.py:4180} INFO - Setting next_dagrun for spotify_pipeline to 2024-11-09 00:00:00+00:00, run_after=2024-11-10 00:00:00+00:00
[2024-11-09T20:04:42.049+0000] {processor.py:208} INFO - Processing /opt/airflow/dags/spotify_pipeline.py took 0.107 seconds
[2024-11-09T20:05:12.251+0000] {processor.py:186} INFO - Started process (PID=4505) to work on /opt/airflow/dags/spotify_pipeline.py
[2024-11-09T20:05:12.252+0000] {processor.py:914} INFO - Processing file /opt/airflow/dags/spotify_pipeline.py for tasks to queue
[2024-11-09T20:05:12.253+0000] {logging_mixin.py:190} INFO - [2024-11-09T20:05:12.253+0000] {dagbag.py:588} INFO - Filling up the DagBag from /opt/airflow/dags/spotify_pipeline.py
[2024-11-09T20:05:12.267+0000] {processor.py:925} INFO - DAG(s) 'spotify_pipeline' retrieved from /opt/airflow/dags/spotify_pipeline.py
[2024-11-09T20:05:12.292+0000] {logging_mixin.py:190} INFO - [2024-11-09T20:05:12.291+0000] {dag.py:3239} INFO - Sync 1 DAGs
[2024-11-09T20:05:12.315+0000] {logging_mixin.py:190} INFO - [2024-11-09T20:05:12.314+0000] {dag.py:4180} INFO - Setting next_dagrun for spotify_pipeline to 2024-11-09 00:00:00+00:00, run_after=2024-11-10 00:00:00+00:00
[2024-11-09T20:05:12.332+0000] {processor.py:208} INFO - Processing /opt/airflow/dags/spotify_pipeline.py took 0.084 seconds
[2024-11-09T20:05:42.534+0000] {processor.py:186} INFO - Started process (PID=4515) to work on /opt/airflow/dags/spotify_pipeline.py
[2024-11-09T20:05:42.535+0000] {processor.py:914} INFO - Processing file /opt/airflow/dags/spotify_pipeline.py for tasks to queue
[2024-11-09T20:05:42.537+0000] {logging_mixin.py:190} INFO - [2024-11-09T20:05:42.536+0000] {dagbag.py:588} INFO - Filling up the DagBag from /opt/airflow/dags/spotify_pipeline.py
[2024-11-09T20:05:42.557+0000] {processor.py:925} INFO - DAG(s) 'spotify_pipeline' retrieved from /opt/airflow/dags/spotify_pipeline.py
[2024-11-09T20:05:42.586+0000] {logging_mixin.py:190} INFO - [2024-11-09T20:05:42.586+0000] {dag.py:3239} INFO - Sync 1 DAGs
[2024-11-09T20:05:42.608+0000] {logging_mixin.py:190} INFO - [2024-11-09T20:05:42.608+0000] {dag.py:4180} INFO - Setting next_dagrun for spotify_pipeline to 2024-11-09 00:00:00+00:00, run_after=2024-11-10 00:00:00+00:00
[2024-11-09T20:05:42.629+0000] {processor.py:208} INFO - Processing /opt/airflow/dags/spotify_pipeline.py took 0.099 seconds
[2024-11-09T20:06:12.837+0000] {processor.py:186} INFO - Started process (PID=4525) to work on /opt/airflow/dags/spotify_pipeline.py
[2024-11-09T20:06:12.838+0000] {processor.py:914} INFO - Processing file /opt/airflow/dags/spotify_pipeline.py for tasks to queue
[2024-11-09T20:06:12.839+0000] {logging_mixin.py:190} INFO - [2024-11-09T20:06:12.839+0000] {dagbag.py:588} INFO - Filling up the DagBag from /opt/airflow/dags/spotify_pipeline.py
[2024-11-09T20:06:12.856+0000] {processor.py:925} INFO - DAG(s) 'spotify_pipeline' retrieved from /opt/airflow/dags/spotify_pipeline.py
[2024-11-09T20:06:12.880+0000] {logging_mixin.py:190} INFO - [2024-11-09T20:06:12.880+0000] {dag.py:3239} INFO - Sync 1 DAGs
[2024-11-09T20:06:12.902+0000] {logging_mixin.py:190} INFO - [2024-11-09T20:06:12.901+0000] {dag.py:4180} INFO - Setting next_dagrun for spotify_pipeline to 2024-11-09 00:00:00+00:00, run_after=2024-11-10 00:00:00+00:00
[2024-11-09T20:06:12.919+0000] {processor.py:208} INFO - Processing /opt/airflow/dags/spotify_pipeline.py took 0.086 seconds
[2024-11-09T20:06:43.129+0000] {processor.py:186} INFO - Started process (PID=4535) to work on /opt/airflow/dags/spotify_pipeline.py
[2024-11-09T20:06:43.130+0000] {processor.py:914} INFO - Processing file /opt/airflow/dags/spotify_pipeline.py for tasks to queue
[2024-11-09T20:06:43.131+0000] {logging_mixin.py:190} INFO - [2024-11-09T20:06:43.131+0000] {dagbag.py:588} INFO - Filling up the DagBag from /opt/airflow/dags/spotify_pipeline.py
[2024-11-09T20:06:43.151+0000] {processor.py:925} INFO - DAG(s) 'spotify_pipeline' retrieved from /opt/airflow/dags/spotify_pipeline.py
[2024-11-09T20:06:43.178+0000] {logging_mixin.py:190} INFO - [2024-11-09T20:06:43.178+0000] {dag.py:3239} INFO - Sync 1 DAGs
[2024-11-09T20:06:43.201+0000] {logging_mixin.py:190} INFO - [2024-11-09T20:06:43.201+0000] {dag.py:4180} INFO - Setting next_dagrun for spotify_pipeline to 2024-11-09 00:00:00+00:00, run_after=2024-11-10 00:00:00+00:00
[2024-11-09T20:06:43.220+0000] {processor.py:208} INFO - Processing /opt/airflow/dags/spotify_pipeline.py took 0.097 seconds
[2024-11-09T20:07:13.420+0000] {processor.py:186} INFO - Started process (PID=4545) to work on /opt/airflow/dags/spotify_pipeline.py
[2024-11-09T20:07:13.421+0000] {processor.py:914} INFO - Processing file /opt/airflow/dags/spotify_pipeline.py for tasks to queue
[2024-11-09T20:07:13.422+0000] {logging_mixin.py:190} INFO - [2024-11-09T20:07:13.422+0000] {dagbag.py:588} INFO - Filling up the DagBag from /opt/airflow/dags/spotify_pipeline.py
[2024-11-09T20:07:13.440+0000] {processor.py:925} INFO - DAG(s) 'spotify_pipeline' retrieved from /opt/airflow/dags/spotify_pipeline.py
[2024-11-09T20:07:13.465+0000] {logging_mixin.py:190} INFO - [2024-11-09T20:07:13.465+0000] {dag.py:3239} INFO - Sync 1 DAGs
[2024-11-09T20:07:13.488+0000] {logging_mixin.py:190} INFO - [2024-11-09T20:07:13.487+0000] {dag.py:4180} INFO - Setting next_dagrun for spotify_pipeline to 2024-11-09 00:00:00+00:00, run_after=2024-11-10 00:00:00+00:00
[2024-11-09T20:07:13.507+0000] {processor.py:208} INFO - Processing /opt/airflow/dags/spotify_pipeline.py took 0.090 seconds
[2024-11-09T20:07:43.747+0000] {processor.py:186} INFO - Started process (PID=4555) to work on /opt/airflow/dags/spotify_pipeline.py
[2024-11-09T20:07:43.748+0000] {processor.py:914} INFO - Processing file /opt/airflow/dags/spotify_pipeline.py for tasks to queue
[2024-11-09T20:07:43.749+0000] {logging_mixin.py:190} INFO - [2024-11-09T20:07:43.749+0000] {dagbag.py:588} INFO - Filling up the DagBag from /opt/airflow/dags/spotify_pipeline.py
[2024-11-09T20:07:43.767+0000] {processor.py:925} INFO - DAG(s) 'spotify_pipeline' retrieved from /opt/airflow/dags/spotify_pipeline.py
[2024-11-09T20:07:43.791+0000] {logging_mixin.py:190} INFO - [2024-11-09T20:07:43.791+0000] {dag.py:3239} INFO - Sync 1 DAGs
[2024-11-09T20:07:43.814+0000] {logging_mixin.py:190} INFO - [2024-11-09T20:07:43.814+0000] {dag.py:4180} INFO - Setting next_dagrun for spotify_pipeline to 2024-11-09 00:00:00+00:00, run_after=2024-11-10 00:00:00+00:00
[2024-11-09T20:07:43.831+0000] {processor.py:208} INFO - Processing /opt/airflow/dags/spotify_pipeline.py took 0.089 seconds
[2024-11-09T20:08:14.075+0000] {processor.py:186} INFO - Started process (PID=4565) to work on /opt/airflow/dags/spotify_pipeline.py
[2024-11-09T20:08:14.076+0000] {processor.py:914} INFO - Processing file /opt/airflow/dags/spotify_pipeline.py for tasks to queue
[2024-11-09T20:08:14.077+0000] {logging_mixin.py:190} INFO - [2024-11-09T20:08:14.077+0000] {dagbag.py:588} INFO - Filling up the DagBag from /opt/airflow/dags/spotify_pipeline.py
[2024-11-09T20:08:14.097+0000] {processor.py:925} INFO - DAG(s) 'spotify_pipeline' retrieved from /opt/airflow/dags/spotify_pipeline.py
[2024-11-09T20:08:14.122+0000] {logging_mixin.py:190} INFO - [2024-11-09T20:08:14.122+0000] {dag.py:3239} INFO - Sync 1 DAGs
[2024-11-09T20:08:14.143+0000] {logging_mixin.py:190} INFO - [2024-11-09T20:08:14.143+0000] {dag.py:4180} INFO - Setting next_dagrun for spotify_pipeline to 2024-11-09 00:00:00+00:00, run_after=2024-11-10 00:00:00+00:00
[2024-11-09T20:08:14.161+0000] {processor.py:208} INFO - Processing /opt/airflow/dags/spotify_pipeline.py took 0.091 seconds
[2024-11-09T20:08:44.387+0000] {processor.py:186} INFO - Started process (PID=4575) to work on /opt/airflow/dags/spotify_pipeline.py
[2024-11-09T20:08:44.388+0000] {processor.py:914} INFO - Processing file /opt/airflow/dags/spotify_pipeline.py for tasks to queue
[2024-11-09T20:08:44.390+0000] {logging_mixin.py:190} INFO - [2024-11-09T20:08:44.389+0000] {dagbag.py:588} INFO - Filling up the DagBag from /opt/airflow/dags/spotify_pipeline.py
[2024-11-09T20:08:44.406+0000] {processor.py:925} INFO - DAG(s) 'spotify_pipeline' retrieved from /opt/airflow/dags/spotify_pipeline.py
[2024-11-09T20:08:44.431+0000] {logging_mixin.py:190} INFO - [2024-11-09T20:08:44.431+0000] {dag.py:3239} INFO - Sync 1 DAGs
[2024-11-09T20:08:44.453+0000] {logging_mixin.py:190} INFO - [2024-11-09T20:08:44.453+0000] {dag.py:4180} INFO - Setting next_dagrun for spotify_pipeline to 2024-11-09 00:00:00+00:00, run_after=2024-11-10 00:00:00+00:00
[2024-11-09T20:08:44.469+0000] {processor.py:208} INFO - Processing /opt/airflow/dags/spotify_pipeline.py took 0.087 seconds
[2024-11-09T20:09:14.727+0000] {processor.py:186} INFO - Started process (PID=4585) to work on /opt/airflow/dags/spotify_pipeline.py
[2024-11-09T20:09:14.728+0000] {processor.py:914} INFO - Processing file /opt/airflow/dags/spotify_pipeline.py for tasks to queue
[2024-11-09T20:09:14.730+0000] {logging_mixin.py:190} INFO - [2024-11-09T20:09:14.729+0000] {dagbag.py:588} INFO - Filling up the DagBag from /opt/airflow/dags/spotify_pipeline.py
[2024-11-09T20:09:14.747+0000] {processor.py:925} INFO - DAG(s) 'spotify_pipeline' retrieved from /opt/airflow/dags/spotify_pipeline.py
[2024-11-09T20:09:14.770+0000] {logging_mixin.py:190} INFO - [2024-11-09T20:09:14.769+0000] {dag.py:3239} INFO - Sync 1 DAGs
[2024-11-09T20:09:14.790+0000] {logging_mixin.py:190} INFO - [2024-11-09T20:09:14.790+0000] {dag.py:4180} INFO - Setting next_dagrun for spotify_pipeline to 2024-11-09 00:00:00+00:00, run_after=2024-11-10 00:00:00+00:00
[2024-11-09T20:09:14.807+0000] {processor.py:208} INFO - Processing /opt/airflow/dags/spotify_pipeline.py took 0.085 seconds
[2024-11-09T20:09:45.051+0000] {processor.py:186} INFO - Started process (PID=4595) to work on /opt/airflow/dags/spotify_pipeline.py
[2024-11-09T20:09:45.052+0000] {processor.py:914} INFO - Processing file /opt/airflow/dags/spotify_pipeline.py for tasks to queue
[2024-11-09T20:09:45.054+0000] {logging_mixin.py:190} INFO - [2024-11-09T20:09:45.053+0000] {dagbag.py:588} INFO - Filling up the DagBag from /opt/airflow/dags/spotify_pipeline.py
[2024-11-09T20:09:45.071+0000] {processor.py:925} INFO - DAG(s) 'spotify_pipeline' retrieved from /opt/airflow/dags/spotify_pipeline.py
[2024-11-09T20:09:45.096+0000] {logging_mixin.py:190} INFO - [2024-11-09T20:09:45.095+0000] {dag.py:3239} INFO - Sync 1 DAGs
[2024-11-09T20:09:45.119+0000] {logging_mixin.py:190} INFO - [2024-11-09T20:09:45.119+0000] {dag.py:4180} INFO - Setting next_dagrun for spotify_pipeline to 2024-11-09 00:00:00+00:00, run_after=2024-11-10 00:00:00+00:00
[2024-11-09T20:09:45.138+0000] {processor.py:208} INFO - Processing /opt/airflow/dags/spotify_pipeline.py took 0.093 seconds
[2024-11-09T20:10:15.348+0000] {processor.py:186} INFO - Started process (PID=4605) to work on /opt/airflow/dags/spotify_pipeline.py
[2024-11-09T20:10:15.349+0000] {processor.py:914} INFO - Processing file /opt/airflow/dags/spotify_pipeline.py for tasks to queue
[2024-11-09T20:10:15.351+0000] {logging_mixin.py:190} INFO - [2024-11-09T20:10:15.350+0000] {dagbag.py:588} INFO - Filling up the DagBag from /opt/airflow/dags/spotify_pipeline.py
[2024-11-09T20:10:15.370+0000] {processor.py:925} INFO - DAG(s) 'spotify_pipeline' retrieved from /opt/airflow/dags/spotify_pipeline.py
[2024-11-09T20:10:15.396+0000] {logging_mixin.py:190} INFO - [2024-11-09T20:10:15.396+0000] {dag.py:3239} INFO - Sync 1 DAGs
[2024-11-09T20:10:15.419+0000] {logging_mixin.py:190} INFO - [2024-11-09T20:10:15.419+0000] {dag.py:4180} INFO - Setting next_dagrun for spotify_pipeline to 2024-11-09 00:00:00+00:00, run_after=2024-11-10 00:00:00+00:00
[2024-11-09T20:10:15.441+0000] {processor.py:208} INFO - Processing /opt/airflow/dags/spotify_pipeline.py took 0.099 seconds
[2024-11-09T20:10:45.643+0000] {processor.py:186} INFO - Started process (PID=4615) to work on /opt/airflow/dags/spotify_pipeline.py
[2024-11-09T20:10:45.644+0000] {processor.py:914} INFO - Processing file /opt/airflow/dags/spotify_pipeline.py for tasks to queue
[2024-11-09T20:10:45.645+0000] {logging_mixin.py:190} INFO - [2024-11-09T20:10:45.645+0000] {dagbag.py:588} INFO - Filling up the DagBag from /opt/airflow/dags/spotify_pipeline.py
[2024-11-09T20:10:45.665+0000] {processor.py:925} INFO - DAG(s) 'spotify_pipeline' retrieved from /opt/airflow/dags/spotify_pipeline.py
[2024-11-09T20:10:45.691+0000] {logging_mixin.py:190} INFO - [2024-11-09T20:10:45.690+0000] {dag.py:3239} INFO - Sync 1 DAGs
[2024-11-09T20:10:45.712+0000] {logging_mixin.py:190} INFO - [2024-11-09T20:10:45.712+0000] {dag.py:4180} INFO - Setting next_dagrun for spotify_pipeline to 2024-11-09 00:00:00+00:00, run_after=2024-11-10 00:00:00+00:00
[2024-11-09T20:10:45.729+0000] {processor.py:208} INFO - Processing /opt/airflow/dags/spotify_pipeline.py took 0.093 seconds
[2024-11-09T20:11:15.929+0000] {processor.py:186} INFO - Started process (PID=4625) to work on /opt/airflow/dags/spotify_pipeline.py
[2024-11-09T20:11:15.930+0000] {processor.py:914} INFO - Processing file /opt/airflow/dags/spotify_pipeline.py for tasks to queue
[2024-11-09T20:11:15.931+0000] {logging_mixin.py:190} INFO - [2024-11-09T20:11:15.931+0000] {dagbag.py:588} INFO - Filling up the DagBag from /opt/airflow/dags/spotify_pipeline.py
[2024-11-09T20:11:15.949+0000] {processor.py:925} INFO - DAG(s) 'spotify_pipeline' retrieved from /opt/airflow/dags/spotify_pipeline.py
[2024-11-09T20:11:15.973+0000] {logging_mixin.py:190} INFO - [2024-11-09T20:11:15.973+0000] {dag.py:3239} INFO - Sync 1 DAGs
[2024-11-09T20:11:15.995+0000] {logging_mixin.py:190} INFO - [2024-11-09T20:11:15.995+0000] {dag.py:4180} INFO - Setting next_dagrun for spotify_pipeline to 2024-11-09 00:00:00+00:00, run_after=2024-11-10 00:00:00+00:00
[2024-11-09T20:11:16.013+0000] {processor.py:208} INFO - Processing /opt/airflow/dags/spotify_pipeline.py took 0.089 seconds
[2024-11-09T20:11:46.241+0000] {processor.py:186} INFO - Started process (PID=4635) to work on /opt/airflow/dags/spotify_pipeline.py
[2024-11-09T20:11:46.242+0000] {processor.py:914} INFO - Processing file /opt/airflow/dags/spotify_pipeline.py for tasks to queue
[2024-11-09T20:11:46.244+0000] {logging_mixin.py:190} INFO - [2024-11-09T20:11:46.243+0000] {dagbag.py:588} INFO - Filling up the DagBag from /opt/airflow/dags/spotify_pipeline.py
[2024-11-09T20:11:46.265+0000] {processor.py:925} INFO - DAG(s) 'spotify_pipeline' retrieved from /opt/airflow/dags/spotify_pipeline.py
[2024-11-09T20:11:46.293+0000] {logging_mixin.py:190} INFO - [2024-11-09T20:11:46.293+0000] {dag.py:3239} INFO - Sync 1 DAGs
[2024-11-09T20:11:46.317+0000] {logging_mixin.py:190} INFO - [2024-11-09T20:11:46.316+0000] {dag.py:4180} INFO - Setting next_dagrun for spotify_pipeline to 2024-11-09 00:00:00+00:00, run_after=2024-11-10 00:00:00+00:00
[2024-11-09T20:11:46.334+0000] {processor.py:208} INFO - Processing /opt/airflow/dags/spotify_pipeline.py took 0.098 seconds
[2024-11-09T20:12:16.552+0000] {processor.py:186} INFO - Started process (PID=4645) to work on /opt/airflow/dags/spotify_pipeline.py
[2024-11-09T20:12:16.553+0000] {processor.py:914} INFO - Processing file /opt/airflow/dags/spotify_pipeline.py for tasks to queue
[2024-11-09T20:12:16.554+0000] {logging_mixin.py:190} INFO - [2024-11-09T20:12:16.554+0000] {dagbag.py:588} INFO - Filling up the DagBag from /opt/airflow/dags/spotify_pipeline.py
[2024-11-09T20:12:16.571+0000] {processor.py:925} INFO - DAG(s) 'spotify_pipeline' retrieved from /opt/airflow/dags/spotify_pipeline.py
[2024-11-09T20:12:16.597+0000] {logging_mixin.py:190} INFO - [2024-11-09T20:12:16.597+0000] {dag.py:3239} INFO - Sync 1 DAGs
[2024-11-09T20:12:16.621+0000] {logging_mixin.py:190} INFO - [2024-11-09T20:12:16.621+0000] {dag.py:4180} INFO - Setting next_dagrun for spotify_pipeline to 2024-11-09 00:00:00+00:00, run_after=2024-11-10 00:00:00+00:00
[2024-11-09T20:12:16.643+0000] {processor.py:208} INFO - Processing /opt/airflow/dags/spotify_pipeline.py took 0.096 seconds
[2024-11-09T20:12:46.856+0000] {processor.py:186} INFO - Started process (PID=4655) to work on /opt/airflow/dags/spotify_pipeline.py
[2024-11-09T20:12:46.856+0000] {processor.py:914} INFO - Processing file /opt/airflow/dags/spotify_pipeline.py for tasks to queue
[2024-11-09T20:12:46.857+0000] {logging_mixin.py:190} INFO - [2024-11-09T20:12:46.857+0000] {dagbag.py:588} INFO - Filling up the DagBag from /opt/airflow/dags/spotify_pipeline.py
[2024-11-09T20:12:46.875+0000] {processor.py:925} INFO - DAG(s) 'spotify_pipeline' retrieved from /opt/airflow/dags/spotify_pipeline.py
[2024-11-09T20:12:46.899+0000] {logging_mixin.py:190} INFO - [2024-11-09T20:12:46.899+0000] {dag.py:3239} INFO - Sync 1 DAGs
[2024-11-09T20:12:46.922+0000] {logging_mixin.py:190} INFO - [2024-11-09T20:12:46.922+0000] {dag.py:4180} INFO - Setting next_dagrun for spotify_pipeline to 2024-11-09 00:00:00+00:00, run_after=2024-11-10 00:00:00+00:00
[2024-11-09T20:12:46.939+0000] {processor.py:208} INFO - Processing /opt/airflow/dags/spotify_pipeline.py took 0.087 seconds
[2024-11-09T20:13:17.168+0000] {processor.py:186} INFO - Started process (PID=4665) to work on /opt/airflow/dags/spotify_pipeline.py
[2024-11-09T20:13:17.169+0000] {processor.py:914} INFO - Processing file /opt/airflow/dags/spotify_pipeline.py for tasks to queue
[2024-11-09T20:13:17.170+0000] {logging_mixin.py:190} INFO - [2024-11-09T20:13:17.169+0000] {dagbag.py:588} INFO - Filling up the DagBag from /opt/airflow/dags/spotify_pipeline.py
[2024-11-09T20:13:17.184+0000] {processor.py:925} INFO - DAG(s) 'spotify_pipeline' retrieved from /opt/airflow/dags/spotify_pipeline.py
[2024-11-09T20:13:17.207+0000] {logging_mixin.py:190} INFO - [2024-11-09T20:13:17.206+0000] {dag.py:3239} INFO - Sync 1 DAGs
[2024-11-09T20:13:17.227+0000] {logging_mixin.py:190} INFO - [2024-11-09T20:13:17.227+0000] {dag.py:4180} INFO - Setting next_dagrun for spotify_pipeline to 2024-11-09 00:00:00+00:00, run_after=2024-11-10 00:00:00+00:00
[2024-11-09T20:13:17.244+0000] {processor.py:208} INFO - Processing /opt/airflow/dags/spotify_pipeline.py took 0.080 seconds
[2024-11-09T20:13:47.464+0000] {processor.py:186} INFO - Started process (PID=4675) to work on /opt/airflow/dags/spotify_pipeline.py
[2024-11-09T20:13:47.465+0000] {processor.py:914} INFO - Processing file /opt/airflow/dags/spotify_pipeline.py for tasks to queue
[2024-11-09T20:13:47.466+0000] {logging_mixin.py:190} INFO - [2024-11-09T20:13:47.466+0000] {dagbag.py:588} INFO - Filling up the DagBag from /opt/airflow/dags/spotify_pipeline.py
[2024-11-09T20:13:47.482+0000] {processor.py:925} INFO - DAG(s) 'spotify_pipeline' retrieved from /opt/airflow/dags/spotify_pipeline.py
[2024-11-09T20:13:47.505+0000] {logging_mixin.py:190} INFO - [2024-11-09T20:13:47.504+0000] {dag.py:3239} INFO - Sync 1 DAGs
[2024-11-09T20:13:47.524+0000] {logging_mixin.py:190} INFO - [2024-11-09T20:13:47.524+0000] {dag.py:4180} INFO - Setting next_dagrun for spotify_pipeline to 2024-11-09 00:00:00+00:00, run_after=2024-11-10 00:00:00+00:00
[2024-11-09T20:13:47.540+0000] {processor.py:208} INFO - Processing /opt/airflow/dags/spotify_pipeline.py took 0.080 seconds
[2024-11-09T20:14:17.831+0000] {processor.py:186} INFO - Started process (PID=4685) to work on /opt/airflow/dags/spotify_pipeline.py
[2024-11-09T20:14:17.832+0000] {processor.py:914} INFO - Processing file /opt/airflow/dags/spotify_pipeline.py for tasks to queue
[2024-11-09T20:14:17.834+0000] {logging_mixin.py:190} INFO - [2024-11-09T20:14:17.833+0000] {dagbag.py:588} INFO - Filling up the DagBag from /opt/airflow/dags/spotify_pipeline.py
[2024-11-09T20:14:17.856+0000] {processor.py:925} INFO - DAG(s) 'spotify_pipeline' retrieved from /opt/airflow/dags/spotify_pipeline.py
[2024-11-09T20:14:17.884+0000] {logging_mixin.py:190} INFO - [2024-11-09T20:14:17.884+0000] {dag.py:3239} INFO - Sync 1 DAGs
[2024-11-09T20:14:17.907+0000] {logging_mixin.py:190} INFO - [2024-11-09T20:14:17.907+0000] {dag.py:4180} INFO - Setting next_dagrun for spotify_pipeline to 2024-11-09 00:00:00+00:00, run_after=2024-11-10 00:00:00+00:00
[2024-11-09T20:14:17.924+0000] {processor.py:208} INFO - Processing /opt/airflow/dags/spotify_pipeline.py took 0.102 seconds
[2024-11-09T20:14:48.130+0000] {processor.py:186} INFO - Started process (PID=4695) to work on /opt/airflow/dags/spotify_pipeline.py
[2024-11-09T20:14:48.131+0000] {processor.py:914} INFO - Processing file /opt/airflow/dags/spotify_pipeline.py for tasks to queue
[2024-11-09T20:14:48.133+0000] {logging_mixin.py:190} INFO - [2024-11-09T20:14:48.132+0000] {dagbag.py:588} INFO - Filling up the DagBag from /opt/airflow/dags/spotify_pipeline.py
[2024-11-09T20:14:48.151+0000] {processor.py:925} INFO - DAG(s) 'spotify_pipeline' retrieved from /opt/airflow/dags/spotify_pipeline.py
[2024-11-09T20:14:48.176+0000] {logging_mixin.py:190} INFO - [2024-11-09T20:14:48.176+0000] {dag.py:3239} INFO - Sync 1 DAGs
[2024-11-09T20:14:48.199+0000] {logging_mixin.py:190} INFO - [2024-11-09T20:14:48.198+0000] {dag.py:4180} INFO - Setting next_dagrun for spotify_pipeline to 2024-11-09 00:00:00+00:00, run_after=2024-11-10 00:00:00+00:00
[2024-11-09T20:14:48.215+0000] {processor.py:208} INFO - Processing /opt/airflow/dags/spotify_pipeline.py took 0.090 seconds
[2024-11-09T20:15:18.418+0000] {processor.py:186} INFO - Started process (PID=4705) to work on /opt/airflow/dags/spotify_pipeline.py
[2024-11-09T20:15:18.419+0000] {processor.py:914} INFO - Processing file /opt/airflow/dags/spotify_pipeline.py for tasks to queue
[2024-11-09T20:15:18.420+0000] {logging_mixin.py:190} INFO - [2024-11-09T20:15:18.420+0000] {dagbag.py:588} INFO - Filling up the DagBag from /opt/airflow/dags/spotify_pipeline.py
[2024-11-09T20:15:18.438+0000] {processor.py:925} INFO - DAG(s) 'spotify_pipeline' retrieved from /opt/airflow/dags/spotify_pipeline.py
[2024-11-09T20:15:18.463+0000] {logging_mixin.py:190} INFO - [2024-11-09T20:15:18.463+0000] {dag.py:3239} INFO - Sync 1 DAGs
[2024-11-09T20:15:18.486+0000] {logging_mixin.py:190} INFO - [2024-11-09T20:15:18.486+0000] {dag.py:4180} INFO - Setting next_dagrun for spotify_pipeline to 2024-11-09 00:00:00+00:00, run_after=2024-11-10 00:00:00+00:00
[2024-11-09T20:15:18.502+0000] {processor.py:208} INFO - Processing /opt/airflow/dags/spotify_pipeline.py took 0.088 seconds
[2024-11-09T20:15:48.708+0000] {processor.py:186} INFO - Started process (PID=4715) to work on /opt/airflow/dags/spotify_pipeline.py
[2024-11-09T20:15:48.709+0000] {processor.py:914} INFO - Processing file /opt/airflow/dags/spotify_pipeline.py for tasks to queue
[2024-11-09T20:15:48.710+0000] {logging_mixin.py:190} INFO - [2024-11-09T20:15:48.710+0000] {dagbag.py:588} INFO - Filling up the DagBag from /opt/airflow/dags/spotify_pipeline.py
[2024-11-09T20:15:48.728+0000] {processor.py:925} INFO - DAG(s) 'spotify_pipeline' retrieved from /opt/airflow/dags/spotify_pipeline.py
[2024-11-09T20:15:48.751+0000] {logging_mixin.py:190} INFO - [2024-11-09T20:15:48.750+0000] {dag.py:3239} INFO - Sync 1 DAGs
[2024-11-09T20:15:48.771+0000] {logging_mixin.py:190} INFO - [2024-11-09T20:15:48.771+0000] {dag.py:4180} INFO - Setting next_dagrun for spotify_pipeline to 2024-11-09 00:00:00+00:00, run_after=2024-11-10 00:00:00+00:00
[2024-11-09T20:15:48.786+0000] {processor.py:208} INFO - Processing /opt/airflow/dags/spotify_pipeline.py took 0.081 seconds
[2024-11-09T20:16:19.006+0000] {processor.py:186} INFO - Started process (PID=4725) to work on /opt/airflow/dags/spotify_pipeline.py
[2024-11-09T20:16:19.007+0000] {processor.py:914} INFO - Processing file /opt/airflow/dags/spotify_pipeline.py for tasks to queue
[2024-11-09T20:16:19.009+0000] {logging_mixin.py:190} INFO - [2024-11-09T20:16:19.008+0000] {dagbag.py:588} INFO - Filling up the DagBag from /opt/airflow/dags/spotify_pipeline.py
[2024-11-09T20:16:19.026+0000] {processor.py:925} INFO - DAG(s) 'spotify_pipeline' retrieved from /opt/airflow/dags/spotify_pipeline.py
[2024-11-09T20:16:19.048+0000] {logging_mixin.py:190} INFO - [2024-11-09T20:16:19.048+0000] {dag.py:3239} INFO - Sync 1 DAGs
[2024-11-09T20:16:19.069+0000] {logging_mixin.py:190} INFO - [2024-11-09T20:16:19.068+0000] {dag.py:4180} INFO - Setting next_dagrun for spotify_pipeline to 2024-11-09 00:00:00+00:00, run_after=2024-11-10 00:00:00+00:00
[2024-11-09T20:16:19.085+0000] {processor.py:208} INFO - Processing /opt/airflow/dags/spotify_pipeline.py took 0.083 seconds
[2024-11-09T20:16:49.326+0000] {processor.py:186} INFO - Started process (PID=4735) to work on /opt/airflow/dags/spotify_pipeline.py
[2024-11-09T20:16:49.327+0000] {processor.py:914} INFO - Processing file /opt/airflow/dags/spotify_pipeline.py for tasks to queue
[2024-11-09T20:16:49.328+0000] {logging_mixin.py:190} INFO - [2024-11-09T20:16:49.327+0000] {dagbag.py:588} INFO - Filling up the DagBag from /opt/airflow/dags/spotify_pipeline.py
[2024-11-09T20:16:49.345+0000] {processor.py:925} INFO - DAG(s) 'spotify_pipeline' retrieved from /opt/airflow/dags/spotify_pipeline.py
[2024-11-09T20:16:49.368+0000] {logging_mixin.py:190} INFO - [2024-11-09T20:16:49.367+0000] {dag.py:3239} INFO - Sync 1 DAGs
[2024-11-09T20:16:49.387+0000] {logging_mixin.py:190} INFO - [2024-11-09T20:16:49.387+0000] {dag.py:4180} INFO - Setting next_dagrun for spotify_pipeline to 2024-11-09 00:00:00+00:00, run_after=2024-11-10 00:00:00+00:00
[2024-11-09T20:16:49.411+0000] {processor.py:208} INFO - Processing /opt/airflow/dags/spotify_pipeline.py took 0.089 seconds
[2024-11-09T20:17:19.618+0000] {processor.py:186} INFO - Started process (PID=4745) to work on /opt/airflow/dags/spotify_pipeline.py
[2024-11-09T20:17:19.618+0000] {processor.py:914} INFO - Processing file /opt/airflow/dags/spotify_pipeline.py for tasks to queue
[2024-11-09T20:17:19.619+0000] {logging_mixin.py:190} INFO - [2024-11-09T20:17:19.619+0000] {dagbag.py:588} INFO - Filling up the DagBag from /opt/airflow/dags/spotify_pipeline.py
[2024-11-09T20:17:19.634+0000] {processor.py:925} INFO - DAG(s) 'spotify_pipeline' retrieved from /opt/airflow/dags/spotify_pipeline.py
[2024-11-09T20:17:19.658+0000] {logging_mixin.py:190} INFO - [2024-11-09T20:17:19.658+0000] {dag.py:3239} INFO - Sync 1 DAGs
[2024-11-09T20:17:19.681+0000] {logging_mixin.py:190} INFO - [2024-11-09T20:17:19.680+0000] {dag.py:4180} INFO - Setting next_dagrun for spotify_pipeline to 2024-11-09 00:00:00+00:00, run_after=2024-11-10 00:00:00+00:00
[2024-11-09T20:17:19.713+0000] {processor.py:208} INFO - Processing /opt/airflow/dags/spotify_pipeline.py took 0.099 seconds
[2024-11-09T20:17:49.930+0000] {processor.py:186} INFO - Started process (PID=4755) to work on /opt/airflow/dags/spotify_pipeline.py
[2024-11-09T20:17:49.931+0000] {processor.py:914} INFO - Processing file /opt/airflow/dags/spotify_pipeline.py for tasks to queue
[2024-11-09T20:17:49.932+0000] {logging_mixin.py:190} INFO - [2024-11-09T20:17:49.932+0000] {dagbag.py:588} INFO - Filling up the DagBag from /opt/airflow/dags/spotify_pipeline.py
[2024-11-09T20:17:49.949+0000] {processor.py:925} INFO - DAG(s) 'spotify_pipeline' retrieved from /opt/airflow/dags/spotify_pipeline.py
[2024-11-09T20:17:49.975+0000] {logging_mixin.py:190} INFO - [2024-11-09T20:17:49.975+0000] {dag.py:3239} INFO - Sync 1 DAGs
[2024-11-09T20:17:49.997+0000] {logging_mixin.py:190} INFO - [2024-11-09T20:17:49.996+0000] {dag.py:4180} INFO - Setting next_dagrun for spotify_pipeline to 2024-11-09 00:00:00+00:00, run_after=2024-11-10 00:00:00+00:00
[2024-11-09T20:17:50.013+0000] {processor.py:208} INFO - Processing /opt/airflow/dags/spotify_pipeline.py took 0.088 seconds
[2024-11-09T20:18:20.225+0000] {processor.py:186} INFO - Started process (PID=4765) to work on /opt/airflow/dags/spotify_pipeline.py
[2024-11-09T20:18:20.227+0000] {processor.py:914} INFO - Processing file /opt/airflow/dags/spotify_pipeline.py for tasks to queue
[2024-11-09T20:18:20.228+0000] {logging_mixin.py:190} INFO - [2024-11-09T20:18:20.228+0000] {dagbag.py:588} INFO - Filling up the DagBag from /opt/airflow/dags/spotify_pipeline.py
[2024-11-09T20:18:20.246+0000] {processor.py:925} INFO - DAG(s) 'spotify_pipeline' retrieved from /opt/airflow/dags/spotify_pipeline.py
[2024-11-09T20:18:20.271+0000] {logging_mixin.py:190} INFO - [2024-11-09T20:18:20.271+0000] {dag.py:3239} INFO - Sync 1 DAGs
[2024-11-09T20:18:20.294+0000] {logging_mixin.py:190} INFO - [2024-11-09T20:18:20.294+0000] {dag.py:4180} INFO - Setting next_dagrun for spotify_pipeline to 2024-11-09 00:00:00+00:00, run_after=2024-11-10 00:00:00+00:00
[2024-11-09T20:18:20.312+0000] {processor.py:208} INFO - Processing /opt/airflow/dags/spotify_pipeline.py took 0.091 seconds
[2024-11-09T20:18:50.531+0000] {processor.py:186} INFO - Started process (PID=4775) to work on /opt/airflow/dags/spotify_pipeline.py
[2024-11-09T20:18:50.532+0000] {processor.py:914} INFO - Processing file /opt/airflow/dags/spotify_pipeline.py for tasks to queue
[2024-11-09T20:18:50.534+0000] {logging_mixin.py:190} INFO - [2024-11-09T20:18:50.533+0000] {dagbag.py:588} INFO - Filling up the DagBag from /opt/airflow/dags/spotify_pipeline.py
[2024-11-09T20:18:50.552+0000] {processor.py:925} INFO - DAG(s) 'spotify_pipeline' retrieved from /opt/airflow/dags/spotify_pipeline.py
[2024-11-09T20:18:50.577+0000] {logging_mixin.py:190} INFO - [2024-11-09T20:18:50.577+0000] {dag.py:3239} INFO - Sync 1 DAGs
[2024-11-09T20:18:50.599+0000] {logging_mixin.py:190} INFO - [2024-11-09T20:18:50.599+0000] {dag.py:4180} INFO - Setting next_dagrun for spotify_pipeline to 2024-11-09 00:00:00+00:00, run_after=2024-11-10 00:00:00+00:00
[2024-11-09T20:18:50.629+0000] {processor.py:208} INFO - Processing /opt/airflow/dags/spotify_pipeline.py took 0.103 seconds
[2024-11-09T20:19:20.860+0000] {processor.py:186} INFO - Started process (PID=4785) to work on /opt/airflow/dags/spotify_pipeline.py
[2024-11-09T20:19:20.861+0000] {processor.py:914} INFO - Processing file /opt/airflow/dags/spotify_pipeline.py for tasks to queue
[2024-11-09T20:19:20.862+0000] {logging_mixin.py:190} INFO - [2024-11-09T20:19:20.862+0000] {dagbag.py:588} INFO - Filling up the DagBag from /opt/airflow/dags/spotify_pipeline.py
[2024-11-09T20:19:20.880+0000] {processor.py:925} INFO - DAG(s) 'spotify_pipeline' retrieved from /opt/airflow/dags/spotify_pipeline.py
[2024-11-09T20:19:20.904+0000] {logging_mixin.py:190} INFO - [2024-11-09T20:19:20.904+0000] {dag.py:3239} INFO - Sync 1 DAGs
[2024-11-09T20:19:20.926+0000] {logging_mixin.py:190} INFO - [2024-11-09T20:19:20.926+0000] {dag.py:4180} INFO - Setting next_dagrun for spotify_pipeline to 2024-11-09 00:00:00+00:00, run_after=2024-11-10 00:00:00+00:00
[2024-11-09T20:19:20.956+0000] {processor.py:208} INFO - Processing /opt/airflow/dags/spotify_pipeline.py took 0.102 seconds
[2024-11-09T20:19:51.166+0000] {processor.py:186} INFO - Started process (PID=4795) to work on /opt/airflow/dags/spotify_pipeline.py
[2024-11-09T20:19:51.167+0000] {processor.py:914} INFO - Processing file /opt/airflow/dags/spotify_pipeline.py for tasks to queue
[2024-11-09T20:19:51.168+0000] {logging_mixin.py:190} INFO - [2024-11-09T20:19:51.168+0000] {dagbag.py:588} INFO - Filling up the DagBag from /opt/airflow/dags/spotify_pipeline.py
[2024-11-09T20:19:51.187+0000] {processor.py:925} INFO - DAG(s) 'spotify_pipeline' retrieved from /opt/airflow/dags/spotify_pipeline.py
[2024-11-09T20:19:51.210+0000] {logging_mixin.py:190} INFO - [2024-11-09T20:19:51.210+0000] {dag.py:3239} INFO - Sync 1 DAGs
[2024-11-09T20:19:51.231+0000] {logging_mixin.py:190} INFO - [2024-11-09T20:19:51.231+0000] {dag.py:4180} INFO - Setting next_dagrun for spotify_pipeline to 2024-11-09 00:00:00+00:00, run_after=2024-11-10 00:00:00+00:00
[2024-11-09T20:19:51.250+0000] {processor.py:208} INFO - Processing /opt/airflow/dags/spotify_pipeline.py took 0.089 seconds
[2024-11-09T20:20:21.457+0000] {processor.py:186} INFO - Started process (PID=4805) to work on /opt/airflow/dags/spotify_pipeline.py
[2024-11-09T20:20:21.458+0000] {processor.py:914} INFO - Processing file /opt/airflow/dags/spotify_pipeline.py for tasks to queue
[2024-11-09T20:20:21.460+0000] {logging_mixin.py:190} INFO - [2024-11-09T20:20:21.460+0000] {dagbag.py:588} INFO - Filling up the DagBag from /opt/airflow/dags/spotify_pipeline.py
[2024-11-09T20:20:21.480+0000] {processor.py:925} INFO - DAG(s) 'spotify_pipeline' retrieved from /opt/airflow/dags/spotify_pipeline.py
[2024-11-09T20:20:21.507+0000] {logging_mixin.py:190} INFO - [2024-11-09T20:20:21.507+0000] {dag.py:3239} INFO - Sync 1 DAGs
[2024-11-09T20:20:21.533+0000] {logging_mixin.py:190} INFO - [2024-11-09T20:20:21.532+0000] {dag.py:4180} INFO - Setting next_dagrun for spotify_pipeline to 2024-11-09 00:00:00+00:00, run_after=2024-11-10 00:00:00+00:00
[2024-11-09T20:20:21.553+0000] {processor.py:208} INFO - Processing /opt/airflow/dags/spotify_pipeline.py took 0.101 seconds
[2024-11-09T20:20:51.755+0000] {processor.py:186} INFO - Started process (PID=4815) to work on /opt/airflow/dags/spotify_pipeline.py
[2024-11-09T20:20:51.756+0000] {processor.py:914} INFO - Processing file /opt/airflow/dags/spotify_pipeline.py for tasks to queue
[2024-11-09T20:20:51.758+0000] {logging_mixin.py:190} INFO - [2024-11-09T20:20:51.758+0000] {dagbag.py:588} INFO - Filling up the DagBag from /opt/airflow/dags/spotify_pipeline.py
[2024-11-09T20:20:51.776+0000] {processor.py:925} INFO - DAG(s) 'spotify_pipeline' retrieved from /opt/airflow/dags/spotify_pipeline.py
[2024-11-09T20:20:51.801+0000] {logging_mixin.py:190} INFO - [2024-11-09T20:20:51.801+0000] {dag.py:3239} INFO - Sync 1 DAGs
[2024-11-09T20:20:51.823+0000] {logging_mixin.py:190} INFO - [2024-11-09T20:20:51.822+0000] {dag.py:4180} INFO - Setting next_dagrun for spotify_pipeline to 2024-11-09 00:00:00+00:00, run_after=2024-11-10 00:00:00+00:00
[2024-11-09T20:20:51.839+0000] {processor.py:208} INFO - Processing /opt/airflow/dags/spotify_pipeline.py took 0.089 seconds
[2024-11-09T20:21:22.060+0000] {processor.py:186} INFO - Started process (PID=4825) to work on /opt/airflow/dags/spotify_pipeline.py
[2024-11-09T20:21:22.062+0000] {processor.py:914} INFO - Processing file /opt/airflow/dags/spotify_pipeline.py for tasks to queue
[2024-11-09T20:21:22.063+0000] {logging_mixin.py:190} INFO - [2024-11-09T20:21:22.063+0000] {dagbag.py:588} INFO - Filling up the DagBag from /opt/airflow/dags/spotify_pipeline.py
[2024-11-09T20:21:22.084+0000] {processor.py:925} INFO - DAG(s) 'spotify_pipeline' retrieved from /opt/airflow/dags/spotify_pipeline.py
[2024-11-09T20:21:22.113+0000] {logging_mixin.py:190} INFO - [2024-11-09T20:21:22.112+0000] {dag.py:3239} INFO - Sync 1 DAGs
[2024-11-09T20:21:22.137+0000] {logging_mixin.py:190} INFO - [2024-11-09T20:21:22.137+0000] {dag.py:4180} INFO - Setting next_dagrun for spotify_pipeline to 2024-11-09 00:00:00+00:00, run_after=2024-11-10 00:00:00+00:00
[2024-11-09T20:21:22.157+0000] {processor.py:208} INFO - Processing /opt/airflow/dags/spotify_pipeline.py took 0.103 seconds
[2024-11-09T20:21:52.343+0000] {processor.py:186} INFO - Started process (PID=4835) to work on /opt/airflow/dags/spotify_pipeline.py
[2024-11-09T20:21:52.344+0000] {processor.py:914} INFO - Processing file /opt/airflow/dags/spotify_pipeline.py for tasks to queue
[2024-11-09T20:21:52.346+0000] {logging_mixin.py:190} INFO - [2024-11-09T20:21:52.345+0000] {dagbag.py:588} INFO - Filling up the DagBag from /opt/airflow/dags/spotify_pipeline.py
[2024-11-09T20:21:52.364+0000] {processor.py:925} INFO - DAG(s) 'spotify_pipeline' retrieved from /opt/airflow/dags/spotify_pipeline.py
[2024-11-09T20:21:52.389+0000] {logging_mixin.py:190} INFO - [2024-11-09T20:21:52.388+0000] {dag.py:3239} INFO - Sync 1 DAGs
[2024-11-09T20:21:52.411+0000] {logging_mixin.py:190} INFO - [2024-11-09T20:21:52.410+0000] {dag.py:4180} INFO - Setting next_dagrun for spotify_pipeline to 2024-11-09 00:00:00+00:00, run_after=2024-11-10 00:00:00+00:00
[2024-11-09T20:21:52.428+0000] {processor.py:208} INFO - Processing /opt/airflow/dags/spotify_pipeline.py took 0.090 seconds
[2024-11-09T20:22:22.630+0000] {processor.py:186} INFO - Started process (PID=4845) to work on /opt/airflow/dags/spotify_pipeline.py
[2024-11-09T20:22:22.631+0000] {processor.py:914} INFO - Processing file /opt/airflow/dags/spotify_pipeline.py for tasks to queue
[2024-11-09T20:22:22.633+0000] {logging_mixin.py:190} INFO - [2024-11-09T20:22:22.633+0000] {dagbag.py:588} INFO - Filling up the DagBag from /opt/airflow/dags/spotify_pipeline.py
[2024-11-09T20:22:22.654+0000] {processor.py:925} INFO - DAG(s) 'spotify_pipeline' retrieved from /opt/airflow/dags/spotify_pipeline.py
[2024-11-09T20:22:22.679+0000] {logging_mixin.py:190} INFO - [2024-11-09T20:22:22.679+0000] {dag.py:3239} INFO - Sync 1 DAGs
[2024-11-09T20:22:22.703+0000] {logging_mixin.py:190} INFO - [2024-11-09T20:22:22.703+0000] {dag.py:4180} INFO - Setting next_dagrun for spotify_pipeline to 2024-11-09 00:00:00+00:00, run_after=2024-11-10 00:00:00+00:00
[2024-11-09T20:22:22.724+0000] {processor.py:208} INFO - Processing /opt/airflow/dags/spotify_pipeline.py took 0.099 seconds
[2024-11-09T20:22:52.928+0000] {processor.py:186} INFO - Started process (PID=4855) to work on /opt/airflow/dags/spotify_pipeline.py
[2024-11-09T20:22:52.929+0000] {processor.py:914} INFO - Processing file /opt/airflow/dags/spotify_pipeline.py for tasks to queue
[2024-11-09T20:22:52.931+0000] {logging_mixin.py:190} INFO - [2024-11-09T20:22:52.931+0000] {dagbag.py:588} INFO - Filling up the DagBag from /opt/airflow/dags/spotify_pipeline.py
[2024-11-09T20:22:52.950+0000] {processor.py:925} INFO - DAG(s) 'spotify_pipeline' retrieved from /opt/airflow/dags/spotify_pipeline.py
[2024-11-09T20:22:52.981+0000] {logging_mixin.py:190} INFO - [2024-11-09T20:22:52.980+0000] {dag.py:3239} INFO - Sync 1 DAGs
[2024-11-09T20:22:53.008+0000] {logging_mixin.py:190} INFO - [2024-11-09T20:22:53.007+0000] {dag.py:4180} INFO - Setting next_dagrun for spotify_pipeline to 2024-11-09 00:00:00+00:00, run_after=2024-11-10 00:00:00+00:00
[2024-11-09T20:22:53.031+0000] {processor.py:208} INFO - Processing /opt/airflow/dags/spotify_pipeline.py took 0.108 seconds
[2024-11-09T20:23:23.236+0000] {processor.py:186} INFO - Started process (PID=4865) to work on /opt/airflow/dags/spotify_pipeline.py
[2024-11-09T20:23:23.238+0000] {processor.py:914} INFO - Processing file /opt/airflow/dags/spotify_pipeline.py for tasks to queue
[2024-11-09T20:23:23.239+0000] {logging_mixin.py:190} INFO - [2024-11-09T20:23:23.239+0000] {dagbag.py:588} INFO - Filling up the DagBag from /opt/airflow/dags/spotify_pipeline.py
[2024-11-09T20:23:23.257+0000] {processor.py:925} INFO - DAG(s) 'spotify_pipeline' retrieved from /opt/airflow/dags/spotify_pipeline.py
[2024-11-09T20:23:23.280+0000] {logging_mixin.py:190} INFO - [2024-11-09T20:23:23.279+0000] {dag.py:3239} INFO - Sync 1 DAGs
[2024-11-09T20:23:23.302+0000] {logging_mixin.py:190} INFO - [2024-11-09T20:23:23.302+0000] {dag.py:4180} INFO - Setting next_dagrun for spotify_pipeline to 2024-11-09 00:00:00+00:00, run_after=2024-11-10 00:00:00+00:00
[2024-11-09T20:23:23.321+0000] {processor.py:208} INFO - Processing /opt/airflow/dags/spotify_pipeline.py took 0.092 seconds
[2024-11-09T20:23:53.540+0000] {processor.py:186} INFO - Started process (PID=4875) to work on /opt/airflow/dags/spotify_pipeline.py
[2024-11-09T20:23:53.541+0000] {processor.py:914} INFO - Processing file /opt/airflow/dags/spotify_pipeline.py for tasks to queue
[2024-11-09T20:23:53.541+0000] {logging_mixin.py:190} INFO - [2024-11-09T20:23:53.541+0000] {dagbag.py:588} INFO - Filling up the DagBag from /opt/airflow/dags/spotify_pipeline.py
[2024-11-09T20:23:53.558+0000] {processor.py:925} INFO - DAG(s) 'spotify_pipeline' retrieved from /opt/airflow/dags/spotify_pipeline.py
[2024-11-09T20:23:53.579+0000] {logging_mixin.py:190} INFO - [2024-11-09T20:23:53.579+0000] {dag.py:3239} INFO - Sync 1 DAGs
[2024-11-09T20:23:53.600+0000] {logging_mixin.py:190} INFO - [2024-11-09T20:23:53.599+0000] {dag.py:4180} INFO - Setting next_dagrun for spotify_pipeline to 2024-11-09 00:00:00+00:00, run_after=2024-11-10 00:00:00+00:00
[2024-11-09T20:23:53.620+0000] {processor.py:208} INFO - Processing /opt/airflow/dags/spotify_pipeline.py took 0.084 seconds
[2024-11-09T20:24:23.865+0000] {processor.py:186} INFO - Started process (PID=4885) to work on /opt/airflow/dags/spotify_pipeline.py
[2024-11-09T20:24:23.866+0000] {processor.py:914} INFO - Processing file /opt/airflow/dags/spotify_pipeline.py for tasks to queue
[2024-11-09T20:24:23.867+0000] {logging_mixin.py:190} INFO - [2024-11-09T20:24:23.866+0000] {dagbag.py:588} INFO - Filling up the DagBag from /opt/airflow/dags/spotify_pipeline.py
[2024-11-09T20:24:23.883+0000] {processor.py:925} INFO - DAG(s) 'spotify_pipeline' retrieved from /opt/airflow/dags/spotify_pipeline.py
[2024-11-09T20:24:23.906+0000] {logging_mixin.py:190} INFO - [2024-11-09T20:24:23.906+0000] {dag.py:3239} INFO - Sync 1 DAGs
[2024-11-09T20:24:23.927+0000] {logging_mixin.py:190} INFO - [2024-11-09T20:24:23.926+0000] {dag.py:4180} INFO - Setting next_dagrun for spotify_pipeline to 2024-11-09 00:00:00+00:00, run_after=2024-11-10 00:00:00+00:00
[2024-11-09T20:24:23.942+0000] {processor.py:208} INFO - Processing /opt/airflow/dags/spotify_pipeline.py took 0.082 seconds
[2024-11-09T20:24:54.159+0000] {processor.py:186} INFO - Started process (PID=4895) to work on /opt/airflow/dags/spotify_pipeline.py
[2024-11-09T20:24:54.160+0000] {processor.py:914} INFO - Processing file /opt/airflow/dags/spotify_pipeline.py for tasks to queue
[2024-11-09T20:24:54.162+0000] {logging_mixin.py:190} INFO - [2024-11-09T20:24:54.161+0000] {dagbag.py:588} INFO - Filling up the DagBag from /opt/airflow/dags/spotify_pipeline.py
[2024-11-09T20:24:54.180+0000] {processor.py:925} INFO - DAG(s) 'spotify_pipeline' retrieved from /opt/airflow/dags/spotify_pipeline.py
[2024-11-09T20:24:54.205+0000] {logging_mixin.py:190} INFO - [2024-11-09T20:24:54.205+0000] {dag.py:3239} INFO - Sync 1 DAGs
[2024-11-09T20:24:54.227+0000] {logging_mixin.py:190} INFO - [2024-11-09T20:24:54.227+0000] {dag.py:4180} INFO - Setting next_dagrun for spotify_pipeline to 2024-11-09 00:00:00+00:00, run_after=2024-11-10 00:00:00+00:00
[2024-11-09T20:24:54.246+0000] {processor.py:208} INFO - Processing /opt/airflow/dags/spotify_pipeline.py took 0.092 seconds
[2024-11-09T20:25:24.454+0000] {processor.py:186} INFO - Started process (PID=4905) to work on /opt/airflow/dags/spotify_pipeline.py
[2024-11-09T20:25:24.455+0000] {processor.py:914} INFO - Processing file /opt/airflow/dags/spotify_pipeline.py for tasks to queue
[2024-11-09T20:25:24.456+0000] {logging_mixin.py:190} INFO - [2024-11-09T20:25:24.456+0000] {dagbag.py:588} INFO - Filling up the DagBag from /opt/airflow/dags/spotify_pipeline.py
[2024-11-09T20:25:24.473+0000] {processor.py:925} INFO - DAG(s) 'spotify_pipeline' retrieved from /opt/airflow/dags/spotify_pipeline.py
[2024-11-09T20:25:24.498+0000] {logging_mixin.py:190} INFO - [2024-11-09T20:25:24.497+0000] {dag.py:3239} INFO - Sync 1 DAGs
[2024-11-09T20:25:24.520+0000] {logging_mixin.py:190} INFO - [2024-11-09T20:25:24.519+0000] {dag.py:4180} INFO - Setting next_dagrun for spotify_pipeline to 2024-11-09 00:00:00+00:00, run_after=2024-11-10 00:00:00+00:00
[2024-11-09T20:25:24.535+0000] {processor.py:208} INFO - Processing /opt/airflow/dags/spotify_pipeline.py took 0.087 seconds
[2024-11-09T20:25:54.758+0000] {processor.py:186} INFO - Started process (PID=4915) to work on /opt/airflow/dags/spotify_pipeline.py
[2024-11-09T20:25:54.759+0000] {processor.py:914} INFO - Processing file /opt/airflow/dags/spotify_pipeline.py for tasks to queue
[2024-11-09T20:25:54.760+0000] {logging_mixin.py:190} INFO - [2024-11-09T20:25:54.760+0000] {dagbag.py:588} INFO - Filling up the DagBag from /opt/airflow/dags/spotify_pipeline.py
[2024-11-09T20:25:54.778+0000] {processor.py:925} INFO - DAG(s) 'spotify_pipeline' retrieved from /opt/airflow/dags/spotify_pipeline.py
[2024-11-09T20:25:54.801+0000] {logging_mixin.py:190} INFO - [2024-11-09T20:25:54.801+0000] {dag.py:3239} INFO - Sync 1 DAGs
[2024-11-09T20:25:54.821+0000] {logging_mixin.py:190} INFO - [2024-11-09T20:25:54.821+0000] {dag.py:4180} INFO - Setting next_dagrun for spotify_pipeline to 2024-11-09 00:00:00+00:00, run_after=2024-11-10 00:00:00+00:00
[2024-11-09T20:25:54.838+0000] {processor.py:208} INFO - Processing /opt/airflow/dags/spotify_pipeline.py took 0.085 seconds
[2024-11-09T20:26:25.041+0000] {processor.py:186} INFO - Started process (PID=4925) to work on /opt/airflow/dags/spotify_pipeline.py
[2024-11-09T20:26:25.042+0000] {processor.py:914} INFO - Processing file /opt/airflow/dags/spotify_pipeline.py for tasks to queue
[2024-11-09T20:26:25.043+0000] {logging_mixin.py:190} INFO - [2024-11-09T20:26:25.043+0000] {dagbag.py:588} INFO - Filling up the DagBag from /opt/airflow/dags/spotify_pipeline.py
[2024-11-09T20:26:25.060+0000] {processor.py:925} INFO - DAG(s) 'spotify_pipeline' retrieved from /opt/airflow/dags/spotify_pipeline.py
[2024-11-09T20:26:25.085+0000] {logging_mixin.py:190} INFO - [2024-11-09T20:26:25.084+0000] {dag.py:3239} INFO - Sync 1 DAGs
[2024-11-09T20:26:25.107+0000] {logging_mixin.py:190} INFO - [2024-11-09T20:26:25.106+0000] {dag.py:4180} INFO - Setting next_dagrun for spotify_pipeline to 2024-11-09 00:00:00+00:00, run_after=2024-11-10 00:00:00+00:00
[2024-11-09T20:26:25.122+0000] {processor.py:208} INFO - Processing /opt/airflow/dags/spotify_pipeline.py took 0.085 seconds
[2024-11-09T20:26:55.321+0000] {processor.py:186} INFO - Started process (PID=4935) to work on /opt/airflow/dags/spotify_pipeline.py
[2024-11-09T20:26:55.322+0000] {processor.py:914} INFO - Processing file /opt/airflow/dags/spotify_pipeline.py for tasks to queue
[2024-11-09T20:26:55.323+0000] {logging_mixin.py:190} INFO - [2024-11-09T20:26:55.322+0000] {dagbag.py:588} INFO - Filling up the DagBag from /opt/airflow/dags/spotify_pipeline.py
[2024-11-09T20:26:55.339+0000] {processor.py:925} INFO - DAG(s) 'spotify_pipeline' retrieved from /opt/airflow/dags/spotify_pipeline.py
[2024-11-09T20:26:55.361+0000] {logging_mixin.py:190} INFO - [2024-11-09T20:26:55.361+0000] {dag.py:3239} INFO - Sync 1 DAGs
[2024-11-09T20:26:55.381+0000] {logging_mixin.py:190} INFO - [2024-11-09T20:26:55.381+0000] {dag.py:4180} INFO - Setting next_dagrun for spotify_pipeline to 2024-11-09 00:00:00+00:00, run_after=2024-11-10 00:00:00+00:00
[2024-11-09T20:26:55.397+0000] {processor.py:208} INFO - Processing /opt/airflow/dags/spotify_pipeline.py took 0.080 seconds
[2024-11-09T20:27:25.601+0000] {processor.py:186} INFO - Started process (PID=4945) to work on /opt/airflow/dags/spotify_pipeline.py
[2024-11-09T20:27:25.602+0000] {processor.py:914} INFO - Processing file /opt/airflow/dags/spotify_pipeline.py for tasks to queue
[2024-11-09T20:27:25.603+0000] {logging_mixin.py:190} INFO - [2024-11-09T20:27:25.603+0000] {dagbag.py:588} INFO - Filling up the DagBag from /opt/airflow/dags/spotify_pipeline.py
[2024-11-09T20:27:25.621+0000] {processor.py:925} INFO - DAG(s) 'spotify_pipeline' retrieved from /opt/airflow/dags/spotify_pipeline.py
[2024-11-09T20:27:25.645+0000] {logging_mixin.py:190} INFO - [2024-11-09T20:27:25.645+0000] {dag.py:3239} INFO - Sync 1 DAGs
[2024-11-09T20:27:25.667+0000] {logging_mixin.py:190} INFO - [2024-11-09T20:27:25.667+0000] {dag.py:4180} INFO - Setting next_dagrun for spotify_pipeline to 2024-11-09 00:00:00+00:00, run_after=2024-11-10 00:00:00+00:00
[2024-11-09T20:27:25.683+0000] {processor.py:208} INFO - Processing /opt/airflow/dags/spotify_pipeline.py took 0.086 seconds
[2024-11-09T20:27:55.902+0000] {processor.py:186} INFO - Started process (PID=4955) to work on /opt/airflow/dags/spotify_pipeline.py
[2024-11-09T20:27:55.903+0000] {processor.py:914} INFO - Processing file /opt/airflow/dags/spotify_pipeline.py for tasks to queue
[2024-11-09T20:27:55.904+0000] {logging_mixin.py:190} INFO - [2024-11-09T20:27:55.904+0000] {dagbag.py:588} INFO - Filling up the DagBag from /opt/airflow/dags/spotify_pipeline.py
[2024-11-09T20:27:55.919+0000] {processor.py:925} INFO - DAG(s) 'spotify_pipeline' retrieved from /opt/airflow/dags/spotify_pipeline.py
[2024-11-09T20:27:55.944+0000] {logging_mixin.py:190} INFO - [2024-11-09T20:27:55.944+0000] {dag.py:3239} INFO - Sync 1 DAGs
[2024-11-09T20:27:55.965+0000] {logging_mixin.py:190} INFO - [2024-11-09T20:27:55.965+0000] {dag.py:4180} INFO - Setting next_dagrun for spotify_pipeline to 2024-11-09 00:00:00+00:00, run_after=2024-11-10 00:00:00+00:00
[2024-11-09T20:27:55.982+0000] {processor.py:208} INFO - Processing /opt/airflow/dags/spotify_pipeline.py took 0.085 seconds
[2024-11-09T20:28:26.201+0000] {processor.py:186} INFO - Started process (PID=4965) to work on /opt/airflow/dags/spotify_pipeline.py
[2024-11-09T20:28:26.202+0000] {processor.py:914} INFO - Processing file /opt/airflow/dags/spotify_pipeline.py for tasks to queue
[2024-11-09T20:28:26.203+0000] {logging_mixin.py:190} INFO - [2024-11-09T20:28:26.203+0000] {dagbag.py:588} INFO - Filling up the DagBag from /opt/airflow/dags/spotify_pipeline.py
[2024-11-09T20:28:26.220+0000] {processor.py:925} INFO - DAG(s) 'spotify_pipeline' retrieved from /opt/airflow/dags/spotify_pipeline.py
[2024-11-09T20:28:26.242+0000] {logging_mixin.py:190} INFO - [2024-11-09T20:28:26.242+0000] {dag.py:3239} INFO - Sync 1 DAGs
[2024-11-09T20:28:26.262+0000] {logging_mixin.py:190} INFO - [2024-11-09T20:28:26.262+0000] {dag.py:4180} INFO - Setting next_dagrun for spotify_pipeline to 2024-11-09 00:00:00+00:00, run_after=2024-11-10 00:00:00+00:00
[2024-11-09T20:28:26.280+0000] {processor.py:208} INFO - Processing /opt/airflow/dags/spotify_pipeline.py took 0.083 seconds
[2024-11-09T20:28:56.516+0000] {processor.py:186} INFO - Started process (PID=4975) to work on /opt/airflow/dags/spotify_pipeline.py
[2024-11-09T20:28:56.517+0000] {processor.py:914} INFO - Processing file /opt/airflow/dags/spotify_pipeline.py for tasks to queue
[2024-11-09T20:28:56.518+0000] {logging_mixin.py:190} INFO - [2024-11-09T20:28:56.518+0000] {dagbag.py:588} INFO - Filling up the DagBag from /opt/airflow/dags/spotify_pipeline.py
[2024-11-09T20:28:56.537+0000] {processor.py:925} INFO - DAG(s) 'spotify_pipeline' retrieved from /opt/airflow/dags/spotify_pipeline.py
[2024-11-09T20:28:56.561+0000] {logging_mixin.py:190} INFO - [2024-11-09T20:28:56.561+0000] {dag.py:3239} INFO - Sync 1 DAGs
[2024-11-09T20:28:56.586+0000] {logging_mixin.py:190} INFO - [2024-11-09T20:28:56.586+0000] {dag.py:4180} INFO - Setting next_dagrun for spotify_pipeline to 2024-11-09 00:00:00+00:00, run_after=2024-11-10 00:00:00+00:00
[2024-11-09T20:28:56.617+0000] {processor.py:208} INFO - Processing /opt/airflow/dags/spotify_pipeline.py took 0.106 seconds
[2024-11-09T20:29:26.858+0000] {processor.py:186} INFO - Started process (PID=4985) to work on /opt/airflow/dags/spotify_pipeline.py
[2024-11-09T20:29:26.859+0000] {processor.py:914} INFO - Processing file /opt/airflow/dags/spotify_pipeline.py for tasks to queue
[2024-11-09T20:29:26.860+0000] {logging_mixin.py:190} INFO - [2024-11-09T20:29:26.860+0000] {dagbag.py:588} INFO - Filling up the DagBag from /opt/airflow/dags/spotify_pipeline.py
[2024-11-09T20:29:26.877+0000] {processor.py:925} INFO - DAG(s) 'spotify_pipeline' retrieved from /opt/airflow/dags/spotify_pipeline.py
[2024-11-09T20:29:26.901+0000] {logging_mixin.py:190} INFO - [2024-11-09T20:29:26.900+0000] {dag.py:3239} INFO - Sync 1 DAGs
[2024-11-09T20:29:26.923+0000] {logging_mixin.py:190} INFO - [2024-11-09T20:29:26.923+0000] {dag.py:4180} INFO - Setting next_dagrun for spotify_pipeline to 2024-11-09 00:00:00+00:00, run_after=2024-11-10 00:00:00+00:00
[2024-11-09T20:29:26.940+0000] {processor.py:208} INFO - Processing /opt/airflow/dags/spotify_pipeline.py took 0.087 seconds
[2024-11-09T20:29:57.159+0000] {processor.py:186} INFO - Started process (PID=4995) to work on /opt/airflow/dags/spotify_pipeline.py
[2024-11-09T20:29:57.160+0000] {processor.py:914} INFO - Processing file /opt/airflow/dags/spotify_pipeline.py for tasks to queue
[2024-11-09T20:29:57.161+0000] {logging_mixin.py:190} INFO - [2024-11-09T20:29:57.161+0000] {dagbag.py:588} INFO - Filling up the DagBag from /opt/airflow/dags/spotify_pipeline.py
[2024-11-09T20:29:57.182+0000] {processor.py:925} INFO - DAG(s) 'spotify_pipeline' retrieved from /opt/airflow/dags/spotify_pipeline.py
[2024-11-09T20:29:57.211+0000] {logging_mixin.py:190} INFO - [2024-11-09T20:29:57.211+0000] {dag.py:3239} INFO - Sync 1 DAGs
[2024-11-09T20:29:57.236+0000] {logging_mixin.py:190} INFO - [2024-11-09T20:29:57.236+0000] {dag.py:4180} INFO - Setting next_dagrun for spotify_pipeline to 2024-11-09 00:00:00+00:00, run_after=2024-11-10 00:00:00+00:00
[2024-11-09T20:29:57.255+0000] {processor.py:208} INFO - Processing /opt/airflow/dags/spotify_pipeline.py took 0.102 seconds
[2024-11-09T20:30:27.469+0000] {processor.py:186} INFO - Started process (PID=5005) to work on /opt/airflow/dags/spotify_pipeline.py
[2024-11-09T20:30:27.470+0000] {processor.py:914} INFO - Processing file /opt/airflow/dags/spotify_pipeline.py for tasks to queue
[2024-11-09T20:30:27.471+0000] {logging_mixin.py:190} INFO - [2024-11-09T20:30:27.471+0000] {dagbag.py:588} INFO - Filling up the DagBag from /opt/airflow/dags/spotify_pipeline.py
[2024-11-09T20:30:27.493+0000] {processor.py:925} INFO - DAG(s) 'spotify_pipeline' retrieved from /opt/airflow/dags/spotify_pipeline.py
[2024-11-09T20:30:27.520+0000] {logging_mixin.py:190} INFO - [2024-11-09T20:30:27.520+0000] {dag.py:3239} INFO - Sync 1 DAGs
[2024-11-09T20:30:27.543+0000] {logging_mixin.py:190} INFO - [2024-11-09T20:30:27.543+0000] {dag.py:4180} INFO - Setting next_dagrun for spotify_pipeline to 2024-11-09 00:00:00+00:00, run_after=2024-11-10 00:00:00+00:00
[2024-11-09T20:30:27.560+0000] {processor.py:208} INFO - Processing /opt/airflow/dags/spotify_pipeline.py took 0.098 seconds
[2024-11-09T20:30:57.758+0000] {processor.py:186} INFO - Started process (PID=5015) to work on /opt/airflow/dags/spotify_pipeline.py
[2024-11-09T20:30:57.759+0000] {processor.py:914} INFO - Processing file /opt/airflow/dags/spotify_pipeline.py for tasks to queue
[2024-11-09T20:30:57.760+0000] {logging_mixin.py:190} INFO - [2024-11-09T20:30:57.760+0000] {dagbag.py:588} INFO - Filling up the DagBag from /opt/airflow/dags/spotify_pipeline.py
[2024-11-09T20:30:57.777+0000] {processor.py:925} INFO - DAG(s) 'spotify_pipeline' retrieved from /opt/airflow/dags/spotify_pipeline.py
[2024-11-09T20:30:57.800+0000] {logging_mixin.py:190} INFO - [2024-11-09T20:30:57.799+0000] {dag.py:3239} INFO - Sync 1 DAGs
[2024-11-09T20:30:57.821+0000] {logging_mixin.py:190} INFO - [2024-11-09T20:30:57.821+0000] {dag.py:4180} INFO - Setting next_dagrun for spotify_pipeline to 2024-11-09 00:00:00+00:00, run_after=2024-11-10 00:00:00+00:00
[2024-11-09T20:30:57.839+0000] {processor.py:208} INFO - Processing /opt/airflow/dags/spotify_pipeline.py took 0.085 seconds
[2024-11-09T20:31:28.067+0000] {processor.py:186} INFO - Started process (PID=5025) to work on /opt/airflow/dags/spotify_pipeline.py
[2024-11-09T20:31:28.068+0000] {processor.py:914} INFO - Processing file /opt/airflow/dags/spotify_pipeline.py for tasks to queue
[2024-11-09T20:31:28.069+0000] {logging_mixin.py:190} INFO - [2024-11-09T20:31:28.068+0000] {dagbag.py:588} INFO - Filling up the DagBag from /opt/airflow/dags/spotify_pipeline.py
[2024-11-09T20:31:28.084+0000] {processor.py:925} INFO - DAG(s) 'spotify_pipeline' retrieved from /opt/airflow/dags/spotify_pipeline.py
[2024-11-09T20:31:28.106+0000] {logging_mixin.py:190} INFO - [2024-11-09T20:31:28.105+0000] {dag.py:3239} INFO - Sync 1 DAGs
[2024-11-09T20:31:28.126+0000] {logging_mixin.py:190} INFO - [2024-11-09T20:31:28.126+0000] {dag.py:4180} INFO - Setting next_dagrun for spotify_pipeline to 2024-11-09 00:00:00+00:00, run_after=2024-11-10 00:00:00+00:00
[2024-11-09T20:31:28.158+0000] {processor.py:208} INFO - Processing /opt/airflow/dags/spotify_pipeline.py took 0.095 seconds
[2024-11-09T20:31:58.365+0000] {processor.py:186} INFO - Started process (PID=5035) to work on /opt/airflow/dags/spotify_pipeline.py
[2024-11-09T20:31:58.366+0000] {processor.py:914} INFO - Processing file /opt/airflow/dags/spotify_pipeline.py for tasks to queue
[2024-11-09T20:31:58.368+0000] {logging_mixin.py:190} INFO - [2024-11-09T20:31:58.367+0000] {dagbag.py:588} INFO - Filling up the DagBag from /opt/airflow/dags/spotify_pipeline.py
[2024-11-09T20:31:58.385+0000] {processor.py:925} INFO - DAG(s) 'spotify_pipeline' retrieved from /opt/airflow/dags/spotify_pipeline.py
[2024-11-09T20:31:58.407+0000] {logging_mixin.py:190} INFO - [2024-11-09T20:31:58.407+0000] {dag.py:3239} INFO - Sync 1 DAGs
[2024-11-09T20:31:58.428+0000] {logging_mixin.py:190} INFO - [2024-11-09T20:31:58.428+0000] {dag.py:4180} INFO - Setting next_dagrun for spotify_pipeline to 2024-11-09 00:00:00+00:00, run_after=2024-11-10 00:00:00+00:00
[2024-11-09T20:31:58.450+0000] {processor.py:208} INFO - Processing /opt/airflow/dags/spotify_pipeline.py took 0.090 seconds
[2024-11-09T20:32:28.686+0000] {processor.py:186} INFO - Started process (PID=5045) to work on /opt/airflow/dags/spotify_pipeline.py
[2024-11-09T20:32:28.688+0000] {processor.py:914} INFO - Processing file /opt/airflow/dags/spotify_pipeline.py for tasks to queue
[2024-11-09T20:32:28.689+0000] {logging_mixin.py:190} INFO - [2024-11-09T20:32:28.689+0000] {dagbag.py:588} INFO - Filling up the DagBag from /opt/airflow/dags/spotify_pipeline.py
[2024-11-09T20:32:28.711+0000] {processor.py:925} INFO - DAG(s) 'spotify_pipeline' retrieved from /opt/airflow/dags/spotify_pipeline.py
[2024-11-09T20:32:28.734+0000] {logging_mixin.py:190} INFO - [2024-11-09T20:32:28.734+0000] {dag.py:3239} INFO - Sync 1 DAGs
[2024-11-09T20:32:28.755+0000] {logging_mixin.py:190} INFO - [2024-11-09T20:32:28.755+0000] {dag.py:4180} INFO - Setting next_dagrun for spotify_pipeline to 2024-11-09 00:00:00+00:00, run_after=2024-11-10 00:00:00+00:00
[2024-11-09T20:32:28.773+0000] {processor.py:208} INFO - Processing /opt/airflow/dags/spotify_pipeline.py took 0.092 seconds
[2024-11-09T20:32:58.990+0000] {processor.py:186} INFO - Started process (PID=5055) to work on /opt/airflow/dags/spotify_pipeline.py
[2024-11-09T20:32:58.991+0000] {processor.py:914} INFO - Processing file /opt/airflow/dags/spotify_pipeline.py for tasks to queue
[2024-11-09T20:32:58.992+0000] {logging_mixin.py:190} INFO - [2024-11-09T20:32:58.992+0000] {dagbag.py:588} INFO - Filling up the DagBag from /opt/airflow/dags/spotify_pipeline.py
[2024-11-09T20:32:59.011+0000] {processor.py:925} INFO - DAG(s) 'spotify_pipeline' retrieved from /opt/airflow/dags/spotify_pipeline.py
[2024-11-09T20:32:59.039+0000] {logging_mixin.py:190} INFO - [2024-11-09T20:32:59.038+0000] {dag.py:3239} INFO - Sync 1 DAGs
[2024-11-09T20:32:59.061+0000] {logging_mixin.py:190} INFO - [2024-11-09T20:32:59.060+0000] {dag.py:4180} INFO - Setting next_dagrun for spotify_pipeline to 2024-11-09 00:00:00+00:00, run_after=2024-11-10 00:00:00+00:00
[2024-11-09T20:32:59.094+0000] {processor.py:208} INFO - Processing /opt/airflow/dags/spotify_pipeline.py took 0.108 seconds
[2024-11-09T20:33:29.306+0000] {processor.py:186} INFO - Started process (PID=5065) to work on /opt/airflow/dags/spotify_pipeline.py
[2024-11-09T20:33:29.307+0000] {processor.py:914} INFO - Processing file /opt/airflow/dags/spotify_pipeline.py for tasks to queue
[2024-11-09T20:33:29.308+0000] {logging_mixin.py:190} INFO - [2024-11-09T20:33:29.308+0000] {dagbag.py:588} INFO - Filling up the DagBag from /opt/airflow/dags/spotify_pipeline.py
[2024-11-09T20:33:29.330+0000] {processor.py:925} INFO - DAG(s) 'spotify_pipeline' retrieved from /opt/airflow/dags/spotify_pipeline.py
[2024-11-09T20:33:29.356+0000] {logging_mixin.py:190} INFO - [2024-11-09T20:33:29.356+0000] {dag.py:3239} INFO - Sync 1 DAGs
[2024-11-09T20:33:29.378+0000] {logging_mixin.py:190} INFO - [2024-11-09T20:33:29.377+0000] {dag.py:4180} INFO - Setting next_dagrun for spotify_pipeline to 2024-11-09 00:00:00+00:00, run_after=2024-11-10 00:00:00+00:00
[2024-11-09T20:33:29.396+0000] {processor.py:208} INFO - Processing /opt/airflow/dags/spotify_pipeline.py took 0.096 seconds
[2024-11-09T20:33:59.614+0000] {processor.py:186} INFO - Started process (PID=5075) to work on /opt/airflow/dags/spotify_pipeline.py
[2024-11-09T20:33:59.615+0000] {processor.py:914} INFO - Processing file /opt/airflow/dags/spotify_pipeline.py for tasks to queue
[2024-11-09T20:33:59.616+0000] {logging_mixin.py:190} INFO - [2024-11-09T20:33:59.616+0000] {dagbag.py:588} INFO - Filling up the DagBag from /opt/airflow/dags/spotify_pipeline.py
[2024-11-09T20:33:59.633+0000] {processor.py:925} INFO - DAG(s) 'spotify_pipeline' retrieved from /opt/airflow/dags/spotify_pipeline.py
[2024-11-09T20:33:59.656+0000] {logging_mixin.py:190} INFO - [2024-11-09T20:33:59.656+0000] {dag.py:3239} INFO - Sync 1 DAGs
[2024-11-09T20:33:59.677+0000] {logging_mixin.py:190} INFO - [2024-11-09T20:33:59.677+0000] {dag.py:4180} INFO - Setting next_dagrun for spotify_pipeline to 2024-11-09 00:00:00+00:00, run_after=2024-11-10 00:00:00+00:00
[2024-11-09T20:33:59.694+0000] {processor.py:208} INFO - Processing /opt/airflow/dags/spotify_pipeline.py took 0.084 seconds
[2024-11-09T20:34:29.942+0000] {processor.py:186} INFO - Started process (PID=5085) to work on /opt/airflow/dags/spotify_pipeline.py
[2024-11-09T20:34:29.943+0000] {processor.py:914} INFO - Processing file /opt/airflow/dags/spotify_pipeline.py for tasks to queue
[2024-11-09T20:34:29.945+0000] {logging_mixin.py:190} INFO - [2024-11-09T20:34:29.945+0000] {dagbag.py:588} INFO - Filling up the DagBag from /opt/airflow/dags/spotify_pipeline.py
[2024-11-09T20:34:29.962+0000] {processor.py:925} INFO - DAG(s) 'spotify_pipeline' retrieved from /opt/airflow/dags/spotify_pipeline.py
[2024-11-09T20:34:29.984+0000] {logging_mixin.py:190} INFO - [2024-11-09T20:34:29.984+0000] {dag.py:3239} INFO - Sync 1 DAGs
[2024-11-09T20:34:30.005+0000] {logging_mixin.py:190} INFO - [2024-11-09T20:34:30.005+0000] {dag.py:4180} INFO - Setting next_dagrun for spotify_pipeline to 2024-11-09 00:00:00+00:00, run_after=2024-11-10 00:00:00+00:00
[2024-11-09T20:34:30.024+0000] {processor.py:208} INFO - Processing /opt/airflow/dags/spotify_pipeline.py took 0.087 seconds
[2024-11-09T20:35:00.239+0000] {processor.py:186} INFO - Started process (PID=5095) to work on /opt/airflow/dags/spotify_pipeline.py
[2024-11-09T20:35:00.240+0000] {processor.py:914} INFO - Processing file /opt/airflow/dags/spotify_pipeline.py for tasks to queue
[2024-11-09T20:35:00.242+0000] {logging_mixin.py:190} INFO - [2024-11-09T20:35:00.241+0000] {dagbag.py:588} INFO - Filling up the DagBag from /opt/airflow/dags/spotify_pipeline.py
[2024-11-09T20:35:00.261+0000] {processor.py:925} INFO - DAG(s) 'spotify_pipeline' retrieved from /opt/airflow/dags/spotify_pipeline.py
[2024-11-09T20:35:00.287+0000] {logging_mixin.py:190} INFO - [2024-11-09T20:35:00.287+0000] {dag.py:3239} INFO - Sync 1 DAGs
[2024-11-09T20:35:00.310+0000] {logging_mixin.py:190} INFO - [2024-11-09T20:35:00.310+0000] {dag.py:4180} INFO - Setting next_dagrun for spotify_pipeline to 2024-11-09 00:00:00+00:00, run_after=2024-11-10 00:00:00+00:00
[2024-11-09T20:35:00.331+0000] {processor.py:208} INFO - Processing /opt/airflow/dags/spotify_pipeline.py took 0.097 seconds
[2024-11-09T20:35:30.545+0000] {processor.py:186} INFO - Started process (PID=5105) to work on /opt/airflow/dags/spotify_pipeline.py
[2024-11-09T20:35:30.546+0000] {processor.py:914} INFO - Processing file /opt/airflow/dags/spotify_pipeline.py for tasks to queue
[2024-11-09T20:35:30.547+0000] {logging_mixin.py:190} INFO - [2024-11-09T20:35:30.547+0000] {dagbag.py:588} INFO - Filling up the DagBag from /opt/airflow/dags/spotify_pipeline.py
[2024-11-09T20:35:30.568+0000] {processor.py:925} INFO - DAG(s) 'spotify_pipeline' retrieved from /opt/airflow/dags/spotify_pipeline.py
[2024-11-09T20:35:30.594+0000] {logging_mixin.py:190} INFO - [2024-11-09T20:35:30.594+0000] {dag.py:3239} INFO - Sync 1 DAGs
[2024-11-09T20:35:30.615+0000] {logging_mixin.py:190} INFO - [2024-11-09T20:35:30.615+0000] {dag.py:4180} INFO - Setting next_dagrun for spotify_pipeline to 2024-11-09 00:00:00+00:00, run_after=2024-11-10 00:00:00+00:00
[2024-11-09T20:35:30.632+0000] {processor.py:208} INFO - Processing /opt/airflow/dags/spotify_pipeline.py took 0.092 seconds
[2024-11-09T20:36:00.855+0000] {processor.py:186} INFO - Started process (PID=5115) to work on /opt/airflow/dags/spotify_pipeline.py
[2024-11-09T20:36:00.856+0000] {processor.py:914} INFO - Processing file /opt/airflow/dags/spotify_pipeline.py for tasks to queue
[2024-11-09T20:36:00.857+0000] {logging_mixin.py:190} INFO - [2024-11-09T20:36:00.857+0000] {dagbag.py:588} INFO - Filling up the DagBag from /opt/airflow/dags/spotify_pipeline.py
[2024-11-09T20:36:00.874+0000] {processor.py:925} INFO - DAG(s) 'spotify_pipeline' retrieved from /opt/airflow/dags/spotify_pipeline.py
[2024-11-09T20:36:00.900+0000] {logging_mixin.py:190} INFO - [2024-11-09T20:36:00.900+0000] {dag.py:3239} INFO - Sync 1 DAGs
[2024-11-09T20:36:00.923+0000] {logging_mixin.py:190} INFO - [2024-11-09T20:36:00.923+0000] {dag.py:4180} INFO - Setting next_dagrun for spotify_pipeline to 2024-11-09 00:00:00+00:00, run_after=2024-11-10 00:00:00+00:00
[2024-11-09T20:36:00.942+0000] {processor.py:208} INFO - Processing /opt/airflow/dags/spotify_pipeline.py took 0.090 seconds
[2024-11-09T20:36:31.190+0000] {processor.py:186} INFO - Started process (PID=5125) to work on /opt/airflow/dags/spotify_pipeline.py
[2024-11-09T20:36:31.190+0000] {processor.py:914} INFO - Processing file /opt/airflow/dags/spotify_pipeline.py for tasks to queue
[2024-11-09T20:36:31.192+0000] {logging_mixin.py:190} INFO - [2024-11-09T20:36:31.191+0000] {dagbag.py:588} INFO - Filling up the DagBag from /opt/airflow/dags/spotify_pipeline.py
[2024-11-09T20:36:31.209+0000] {processor.py:925} INFO - DAG(s) 'spotify_pipeline' retrieved from /opt/airflow/dags/spotify_pipeline.py
[2024-11-09T20:36:31.234+0000] {logging_mixin.py:190} INFO - [2024-11-09T20:36:31.234+0000] {dag.py:3239} INFO - Sync 1 DAGs
[2024-11-09T20:36:31.257+0000] {logging_mixin.py:190} INFO - [2024-11-09T20:36:31.256+0000] {dag.py:4180} INFO - Setting next_dagrun for spotify_pipeline to 2024-11-09 00:00:00+00:00, run_after=2024-11-10 00:00:00+00:00
[2024-11-09T20:36:31.275+0000] {processor.py:208} INFO - Processing /opt/airflow/dags/spotify_pipeline.py took 0.090 seconds
[2024-11-09T20:37:01.515+0000] {processor.py:186} INFO - Started process (PID=5135) to work on /opt/airflow/dags/spotify_pipeline.py
[2024-11-09T20:37:01.517+0000] {processor.py:914} INFO - Processing file /opt/airflow/dags/spotify_pipeline.py for tasks to queue
[2024-11-09T20:37:01.518+0000] {logging_mixin.py:190} INFO - [2024-11-09T20:37:01.518+0000] {dagbag.py:588} INFO - Filling up the DagBag from /opt/airflow/dags/spotify_pipeline.py
[2024-11-09T20:37:01.536+0000] {processor.py:925} INFO - DAG(s) 'spotify_pipeline' retrieved from /opt/airflow/dags/spotify_pipeline.py
[2024-11-09T20:37:01.559+0000] {logging_mixin.py:190} INFO - [2024-11-09T20:37:01.558+0000] {dag.py:3239} INFO - Sync 1 DAGs
[2024-11-09T20:37:01.578+0000] {logging_mixin.py:190} INFO - [2024-11-09T20:37:01.578+0000] {dag.py:4180} INFO - Setting next_dagrun for spotify_pipeline to 2024-11-09 00:00:00+00:00, run_after=2024-11-10 00:00:00+00:00
[2024-11-09T20:37:01.594+0000] {processor.py:208} INFO - Processing /opt/airflow/dags/spotify_pipeline.py took 0.084 seconds
[2024-11-09T20:37:31.812+0000] {processor.py:186} INFO - Started process (PID=5145) to work on /opt/airflow/dags/spotify_pipeline.py
[2024-11-09T20:37:31.813+0000] {processor.py:914} INFO - Processing file /opt/airflow/dags/spotify_pipeline.py for tasks to queue
[2024-11-09T20:37:31.814+0000] {logging_mixin.py:190} INFO - [2024-11-09T20:37:31.814+0000] {dagbag.py:588} INFO - Filling up the DagBag from /opt/airflow/dags/spotify_pipeline.py
[2024-11-09T20:37:31.832+0000] {processor.py:925} INFO - DAG(s) 'spotify_pipeline' retrieved from /opt/airflow/dags/spotify_pipeline.py
[2024-11-09T20:37:31.856+0000] {logging_mixin.py:190} INFO - [2024-11-09T20:37:31.856+0000] {dag.py:3239} INFO - Sync 1 DAGs
[2024-11-09T20:37:31.878+0000] {logging_mixin.py:190} INFO - [2024-11-09T20:37:31.878+0000] {dag.py:4180} INFO - Setting next_dagrun for spotify_pipeline to 2024-11-09 00:00:00+00:00, run_after=2024-11-10 00:00:00+00:00
[2024-11-09T20:37:31.893+0000] {processor.py:208} INFO - Processing /opt/airflow/dags/spotify_pipeline.py took 0.086 seconds
[2024-11-09T20:38:02.101+0000] {processor.py:186} INFO - Started process (PID=5155) to work on /opt/airflow/dags/spotify_pipeline.py
[2024-11-09T20:38:02.102+0000] {processor.py:914} INFO - Processing file /opt/airflow/dags/spotify_pipeline.py for tasks to queue
[2024-11-09T20:38:02.103+0000] {logging_mixin.py:190} INFO - [2024-11-09T20:38:02.103+0000] {dagbag.py:588} INFO - Filling up the DagBag from /opt/airflow/dags/spotify_pipeline.py
[2024-11-09T20:38:02.122+0000] {processor.py:925} INFO - DAG(s) 'spotify_pipeline' retrieved from /opt/airflow/dags/spotify_pipeline.py
[2024-11-09T20:38:02.144+0000] {logging_mixin.py:190} INFO - [2024-11-09T20:38:02.143+0000] {dag.py:3239} INFO - Sync 1 DAGs
[2024-11-09T20:38:02.164+0000] {logging_mixin.py:190} INFO - [2024-11-09T20:38:02.164+0000] {dag.py:4180} INFO - Setting next_dagrun for spotify_pipeline to 2024-11-09 00:00:00+00:00, run_after=2024-11-10 00:00:00+00:00
[2024-11-09T20:38:02.180+0000] {processor.py:208} INFO - Processing /opt/airflow/dags/spotify_pipeline.py took 0.084 seconds
[2024-11-09T20:38:32.418+0000] {processor.py:186} INFO - Started process (PID=5165) to work on /opt/airflow/dags/spotify_pipeline.py
[2024-11-09T20:38:32.419+0000] {processor.py:914} INFO - Processing file /opt/airflow/dags/spotify_pipeline.py for tasks to queue
[2024-11-09T20:38:32.420+0000] {logging_mixin.py:190} INFO - [2024-11-09T20:38:32.420+0000] {dagbag.py:588} INFO - Filling up the DagBag from /opt/airflow/dags/spotify_pipeline.py
[2024-11-09T20:38:32.436+0000] {processor.py:925} INFO - DAG(s) 'spotify_pipeline' retrieved from /opt/airflow/dags/spotify_pipeline.py
[2024-11-09T20:38:32.461+0000] {logging_mixin.py:190} INFO - [2024-11-09T20:38:32.461+0000] {dag.py:3239} INFO - Sync 1 DAGs
[2024-11-09T20:38:32.482+0000] {logging_mixin.py:190} INFO - [2024-11-09T20:38:32.482+0000] {dag.py:4180} INFO - Setting next_dagrun for spotify_pipeline to 2024-11-09 00:00:00+00:00, run_after=2024-11-10 00:00:00+00:00
[2024-11-09T20:38:32.502+0000] {processor.py:208} INFO - Processing /opt/airflow/dags/spotify_pipeline.py took 0.088 seconds
[2024-11-09T20:39:02.718+0000] {processor.py:186} INFO - Started process (PID=5175) to work on /opt/airflow/dags/spotify_pipeline.py
[2024-11-09T20:39:02.719+0000] {processor.py:914} INFO - Processing file /opt/airflow/dags/spotify_pipeline.py for tasks to queue
[2024-11-09T20:39:02.720+0000] {logging_mixin.py:190} INFO - [2024-11-09T20:39:02.720+0000] {dagbag.py:588} INFO - Filling up the DagBag from /opt/airflow/dags/spotify_pipeline.py
[2024-11-09T20:39:02.740+0000] {processor.py:925} INFO - DAG(s) 'spotify_pipeline' retrieved from /opt/airflow/dags/spotify_pipeline.py
[2024-11-09T20:39:02.769+0000] {logging_mixin.py:190} INFO - [2024-11-09T20:39:02.768+0000] {dag.py:3239} INFO - Sync 1 DAGs
[2024-11-09T20:39:02.793+0000] {logging_mixin.py:190} INFO - [2024-11-09T20:39:02.793+0000] {dag.py:4180} INFO - Setting next_dagrun for spotify_pipeline to 2024-11-09 00:00:00+00:00, run_after=2024-11-10 00:00:00+00:00
[2024-11-09T20:39:02.814+0000] {processor.py:208} INFO - Processing /opt/airflow/dags/spotify_pipeline.py took 0.102 seconds
[2024-11-09T20:39:32.916+0000] {processor.py:186} INFO - Started process (PID=5185) to work on /opt/airflow/dags/spotify_pipeline.py
[2024-11-09T20:39:32.917+0000] {processor.py:914} INFO - Processing file /opt/airflow/dags/spotify_pipeline.py for tasks to queue
[2024-11-09T20:39:32.919+0000] {logging_mixin.py:190} INFO - [2024-11-09T20:39:32.918+0000] {dagbag.py:588} INFO - Filling up the DagBag from /opt/airflow/dags/spotify_pipeline.py
[2024-11-09T20:39:32.933+0000] {processor.py:925} INFO - DAG(s) 'spotify_pipeline' retrieved from /opt/airflow/dags/spotify_pipeline.py
[2024-11-09T20:39:32.957+0000] {logging_mixin.py:190} INFO - [2024-11-09T20:39:32.957+0000] {dag.py:3239} INFO - Sync 1 DAGs
[2024-11-09T20:39:32.979+0000] {logging_mixin.py:190} INFO - [2024-11-09T20:39:32.979+0000] {dag.py:4180} INFO - Setting next_dagrun for spotify_pipeline to 2024-11-09 00:00:00+00:00, run_after=2024-11-10 00:00:00+00:00
[2024-11-09T20:39:32.995+0000] {processor.py:208} INFO - Processing /opt/airflow/dags/spotify_pipeline.py took 0.082 seconds
[2024-11-09T20:40:03.222+0000] {processor.py:186} INFO - Started process (PID=5195) to work on /opt/airflow/dags/spotify_pipeline.py
[2024-11-09T20:40:03.223+0000] {processor.py:914} INFO - Processing file /opt/airflow/dags/spotify_pipeline.py for tasks to queue
[2024-11-09T20:40:03.225+0000] {logging_mixin.py:190} INFO - [2024-11-09T20:40:03.224+0000] {dagbag.py:588} INFO - Filling up the DagBag from /opt/airflow/dags/spotify_pipeline.py
[2024-11-09T20:40:03.244+0000] {processor.py:925} INFO - DAG(s) 'spotify_pipeline' retrieved from /opt/airflow/dags/spotify_pipeline.py
[2024-11-09T20:40:03.269+0000] {logging_mixin.py:190} INFO - [2024-11-09T20:40:03.269+0000] {dag.py:3239} INFO - Sync 1 DAGs
[2024-11-09T20:40:03.292+0000] {logging_mixin.py:190} INFO - [2024-11-09T20:40:03.292+0000] {dag.py:4180} INFO - Setting next_dagrun for spotify_pipeline to 2024-11-09 00:00:00+00:00, run_after=2024-11-10 00:00:00+00:00
[2024-11-09T20:40:03.309+0000] {processor.py:208} INFO - Processing /opt/airflow/dags/spotify_pipeline.py took 0.092 seconds
[2024-11-09T20:40:33.529+0000] {processor.py:186} INFO - Started process (PID=5205) to work on /opt/airflow/dags/spotify_pipeline.py
[2024-11-09T20:40:33.530+0000] {processor.py:914} INFO - Processing file /opt/airflow/dags/spotify_pipeline.py for tasks to queue
[2024-11-09T20:40:33.531+0000] {logging_mixin.py:190} INFO - [2024-11-09T20:40:33.531+0000] {dagbag.py:588} INFO - Filling up the DagBag from /opt/airflow/dags/spotify_pipeline.py
[2024-11-09T20:40:33.553+0000] {processor.py:925} INFO - DAG(s) 'spotify_pipeline' retrieved from /opt/airflow/dags/spotify_pipeline.py
[2024-11-09T20:40:33.578+0000] {logging_mixin.py:190} INFO - [2024-11-09T20:40:33.578+0000] {dag.py:3239} INFO - Sync 1 DAGs
[2024-11-09T20:40:33.602+0000] {logging_mixin.py:190} INFO - [2024-11-09T20:40:33.602+0000] {dag.py:4180} INFO - Setting next_dagrun for spotify_pipeline to 2024-11-09 00:00:00+00:00, run_after=2024-11-10 00:00:00+00:00
[2024-11-09T20:40:33.620+0000] {processor.py:208} INFO - Processing /opt/airflow/dags/spotify_pipeline.py took 0.096 seconds
[2024-11-09T20:41:03.832+0000] {processor.py:186} INFO - Started process (PID=5215) to work on /opt/airflow/dags/spotify_pipeline.py
[2024-11-09T20:41:03.833+0000] {processor.py:914} INFO - Processing file /opt/airflow/dags/spotify_pipeline.py for tasks to queue
[2024-11-09T20:41:03.834+0000] {logging_mixin.py:190} INFO - [2024-11-09T20:41:03.834+0000] {dagbag.py:588} INFO - Filling up the DagBag from /opt/airflow/dags/spotify_pipeline.py
[2024-11-09T20:41:03.856+0000] {processor.py:925} INFO - DAG(s) 'spotify_pipeline' retrieved from /opt/airflow/dags/spotify_pipeline.py
[2024-11-09T20:41:03.884+0000] {logging_mixin.py:190} INFO - [2024-11-09T20:41:03.884+0000] {dag.py:3239} INFO - Sync 1 DAGs
[2024-11-09T20:41:03.908+0000] {logging_mixin.py:190} INFO - [2024-11-09T20:41:03.908+0000] {dag.py:4180} INFO - Setting next_dagrun for spotify_pipeline to 2024-11-09 00:00:00+00:00, run_after=2024-11-10 00:00:00+00:00
[2024-11-09T20:41:03.931+0000] {processor.py:208} INFO - Processing /opt/airflow/dags/spotify_pipeline.py took 0.104 seconds
[2024-11-09T20:41:34.261+0000] {processor.py:186} INFO - Started process (PID=5225) to work on /opt/airflow/dags/spotify_pipeline.py
[2024-11-09T20:41:34.262+0000] {processor.py:914} INFO - Processing file /opt/airflow/dags/spotify_pipeline.py for tasks to queue
[2024-11-09T20:41:34.264+0000] {logging_mixin.py:190} INFO - [2024-11-09T20:41:34.263+0000] {dagbag.py:588} INFO - Filling up the DagBag from /opt/airflow/dags/spotify_pipeline.py
[2024-11-09T20:41:34.282+0000] {processor.py:925} INFO - DAG(s) 'spotify_pipeline' retrieved from /opt/airflow/dags/spotify_pipeline.py
[2024-11-09T20:41:34.306+0000] {logging_mixin.py:190} INFO - [2024-11-09T20:41:34.306+0000] {dag.py:3239} INFO - Sync 1 DAGs
[2024-11-09T20:41:34.327+0000] {logging_mixin.py:190} INFO - [2024-11-09T20:41:34.327+0000] {dag.py:4180} INFO - Setting next_dagrun for spotify_pipeline to 2024-11-09 00:00:00+00:00, run_after=2024-11-10 00:00:00+00:00
[2024-11-09T20:41:34.347+0000] {processor.py:208} INFO - Processing /opt/airflow/dags/spotify_pipeline.py took 0.090 seconds
[2024-11-09T20:42:04.549+0000] {processor.py:186} INFO - Started process (PID=5235) to work on /opt/airflow/dags/spotify_pipeline.py
[2024-11-09T20:42:04.550+0000] {processor.py:914} INFO - Processing file /opt/airflow/dags/spotify_pipeline.py for tasks to queue
[2024-11-09T20:42:04.551+0000] {logging_mixin.py:190} INFO - [2024-11-09T20:42:04.551+0000] {dagbag.py:588} INFO - Filling up the DagBag from /opt/airflow/dags/spotify_pipeline.py
[2024-11-09T20:42:04.568+0000] {processor.py:925} INFO - DAG(s) 'spotify_pipeline' retrieved from /opt/airflow/dags/spotify_pipeline.py
[2024-11-09T20:42:04.594+0000] {logging_mixin.py:190} INFO - [2024-11-09T20:42:04.593+0000] {dag.py:3239} INFO - Sync 1 DAGs
[2024-11-09T20:42:04.617+0000] {logging_mixin.py:190} INFO - [2024-11-09T20:42:04.617+0000] {dag.py:4180} INFO - Setting next_dagrun for spotify_pipeline to 2024-11-09 00:00:00+00:00, run_after=2024-11-10 00:00:00+00:00
[2024-11-09T20:42:04.633+0000] {processor.py:208} INFO - Processing /opt/airflow/dags/spotify_pipeline.py took 0.089 seconds
[2024-11-09T20:42:34.840+0000] {processor.py:186} INFO - Started process (PID=5245) to work on /opt/airflow/dags/spotify_pipeline.py
[2024-11-09T20:42:34.841+0000] {processor.py:914} INFO - Processing file /opt/airflow/dags/spotify_pipeline.py for tasks to queue
[2024-11-09T20:42:34.843+0000] {logging_mixin.py:190} INFO - [2024-11-09T20:42:34.842+0000] {dagbag.py:588} INFO - Filling up the DagBag from /opt/airflow/dags/spotify_pipeline.py
[2024-11-09T20:42:34.863+0000] {processor.py:925} INFO - DAG(s) 'spotify_pipeline' retrieved from /opt/airflow/dags/spotify_pipeline.py
[2024-11-09T20:42:34.890+0000] {logging_mixin.py:190} INFO - [2024-11-09T20:42:34.890+0000] {dag.py:3239} INFO - Sync 1 DAGs
[2024-11-09T20:42:34.915+0000] {logging_mixin.py:190} INFO - [2024-11-09T20:42:34.914+0000] {dag.py:4180} INFO - Setting next_dagrun for spotify_pipeline to 2024-11-09 00:00:00+00:00, run_after=2024-11-10 00:00:00+00:00
[2024-11-09T20:42:34.949+0000] {processor.py:208} INFO - Processing /opt/airflow/dags/spotify_pipeline.py took 0.116 seconds
[2024-11-09T20:43:05.155+0000] {processor.py:186} INFO - Started process (PID=5255) to work on /opt/airflow/dags/spotify_pipeline.py
[2024-11-09T20:43:05.156+0000] {processor.py:914} INFO - Processing file /opt/airflow/dags/spotify_pipeline.py for tasks to queue
[2024-11-09T20:43:05.158+0000] {logging_mixin.py:190} INFO - [2024-11-09T20:43:05.157+0000] {dagbag.py:588} INFO - Filling up the DagBag from /opt/airflow/dags/spotify_pipeline.py
[2024-11-09T20:43:05.178+0000] {processor.py:925} INFO - DAG(s) 'spotify_pipeline' retrieved from /opt/airflow/dags/spotify_pipeline.py
[2024-11-09T20:43:05.201+0000] {logging_mixin.py:190} INFO - [2024-11-09T20:43:05.201+0000] {dag.py:3239} INFO - Sync 1 DAGs
[2024-11-09T20:43:05.224+0000] {logging_mixin.py:190} INFO - [2024-11-09T20:43:05.224+0000] {dag.py:4180} INFO - Setting next_dagrun for spotify_pipeline to 2024-11-09 00:00:00+00:00, run_after=2024-11-10 00:00:00+00:00
[2024-11-09T20:43:05.244+0000] {processor.py:208} INFO - Processing /opt/airflow/dags/spotify_pipeline.py took 0.094 seconds
[2024-11-09T20:43:35.444+0000] {processor.py:186} INFO - Started process (PID=5265) to work on /opt/airflow/dags/spotify_pipeline.py
[2024-11-09T20:43:35.445+0000] {processor.py:914} INFO - Processing file /opt/airflow/dags/spotify_pipeline.py for tasks to queue
[2024-11-09T20:43:35.447+0000] {logging_mixin.py:190} INFO - [2024-11-09T20:43:35.446+0000] {dagbag.py:588} INFO - Filling up the DagBag from /opt/airflow/dags/spotify_pipeline.py
[2024-11-09T20:43:35.465+0000] {processor.py:925} INFO - DAG(s) 'spotify_pipeline' retrieved from /opt/airflow/dags/spotify_pipeline.py
[2024-11-09T20:43:35.488+0000] {logging_mixin.py:190} INFO - [2024-11-09T20:43:35.487+0000] {dag.py:3239} INFO - Sync 1 DAGs
[2024-11-09T20:43:35.508+0000] {logging_mixin.py:190} INFO - [2024-11-09T20:43:35.508+0000] {dag.py:4180} INFO - Setting next_dagrun for spotify_pipeline to 2024-11-09 00:00:00+00:00, run_after=2024-11-10 00:00:00+00:00
[2024-11-09T20:43:35.524+0000] {processor.py:208} INFO - Processing /opt/airflow/dags/spotify_pipeline.py took 0.086 seconds
[2024-11-09T20:44:05.764+0000] {processor.py:186} INFO - Started process (PID=5275) to work on /opt/airflow/dags/spotify_pipeline.py
[2024-11-09T20:44:05.765+0000] {processor.py:914} INFO - Processing file /opt/airflow/dags/spotify_pipeline.py for tasks to queue
[2024-11-09T20:44:05.766+0000] {logging_mixin.py:190} INFO - [2024-11-09T20:44:05.766+0000] {dagbag.py:588} INFO - Filling up the DagBag from /opt/airflow/dags/spotify_pipeline.py
[2024-11-09T20:44:05.784+0000] {processor.py:925} INFO - DAG(s) 'spotify_pipeline' retrieved from /opt/airflow/dags/spotify_pipeline.py
[2024-11-09T20:44:05.807+0000] {logging_mixin.py:190} INFO - [2024-11-09T20:44:05.807+0000] {dag.py:3239} INFO - Sync 1 DAGs
[2024-11-09T20:44:05.828+0000] {logging_mixin.py:190} INFO - [2024-11-09T20:44:05.828+0000] {dag.py:4180} INFO - Setting next_dagrun for spotify_pipeline to 2024-11-09 00:00:00+00:00, run_after=2024-11-10 00:00:00+00:00
[2024-11-09T20:44:05.961+0000] {processor.py:208} INFO - Processing /opt/airflow/dags/spotify_pipeline.py took 0.201 seconds
[2024-11-09T20:44:36.181+0000] {processor.py:186} INFO - Started process (PID=5285) to work on /opt/airflow/dags/spotify_pipeline.py
[2024-11-09T20:44:36.182+0000] {processor.py:914} INFO - Processing file /opt/airflow/dags/spotify_pipeline.py for tasks to queue
[2024-11-09T20:44:36.183+0000] {logging_mixin.py:190} INFO - [2024-11-09T20:44:36.183+0000] {dagbag.py:588} INFO - Filling up the DagBag from /opt/airflow/dags/spotify_pipeline.py
[2024-11-09T20:44:36.204+0000] {processor.py:925} INFO - DAG(s) 'spotify_pipeline' retrieved from /opt/airflow/dags/spotify_pipeline.py
[2024-11-09T20:44:36.231+0000] {logging_mixin.py:190} INFO - [2024-11-09T20:44:36.230+0000] {dag.py:3239} INFO - Sync 1 DAGs
[2024-11-09T20:44:36.253+0000] {logging_mixin.py:190} INFO - [2024-11-09T20:44:36.252+0000] {dag.py:4180} INFO - Setting next_dagrun for spotify_pipeline to 2024-11-09 00:00:00+00:00, run_after=2024-11-10 00:00:00+00:00
[2024-11-09T20:44:36.271+0000] {processor.py:208} INFO - Processing /opt/airflow/dags/spotify_pipeline.py took 0.095 seconds
[2024-11-09T20:45:06.481+0000] {processor.py:186} INFO - Started process (PID=5295) to work on /opt/airflow/dags/spotify_pipeline.py
[2024-11-09T20:45:06.481+0000] {processor.py:914} INFO - Processing file /opt/airflow/dags/spotify_pipeline.py for tasks to queue
[2024-11-09T20:45:06.482+0000] {logging_mixin.py:190} INFO - [2024-11-09T20:45:06.482+0000] {dagbag.py:588} INFO - Filling up the DagBag from /opt/airflow/dags/spotify_pipeline.py
[2024-11-09T20:45:06.499+0000] {processor.py:925} INFO - DAG(s) 'spotify_pipeline' retrieved from /opt/airflow/dags/spotify_pipeline.py
[2024-11-09T20:45:06.522+0000] {logging_mixin.py:190} INFO - [2024-11-09T20:45:06.522+0000] {dag.py:3239} INFO - Sync 1 DAGs
[2024-11-09T20:45:06.543+0000] {logging_mixin.py:190} INFO - [2024-11-09T20:45:06.542+0000] {dag.py:4180} INFO - Setting next_dagrun for spotify_pipeline to 2024-11-09 00:00:00+00:00, run_after=2024-11-10 00:00:00+00:00
[2024-11-09T20:45:06.560+0000] {processor.py:208} INFO - Processing /opt/airflow/dags/spotify_pipeline.py took 0.083 seconds
[2024-11-09T20:45:36.766+0000] {processor.py:186} INFO - Started process (PID=5305) to work on /opt/airflow/dags/spotify_pipeline.py
[2024-11-09T20:45:36.768+0000] {processor.py:914} INFO - Processing file /opt/airflow/dags/spotify_pipeline.py for tasks to queue
[2024-11-09T20:45:36.769+0000] {logging_mixin.py:190} INFO - [2024-11-09T20:45:36.769+0000] {dagbag.py:588} INFO - Filling up the DagBag from /opt/airflow/dags/spotify_pipeline.py
[2024-11-09T20:45:36.791+0000] {processor.py:925} INFO - DAG(s) 'spotify_pipeline' retrieved from /opt/airflow/dags/spotify_pipeline.py
[2024-11-09T20:45:36.818+0000] {logging_mixin.py:190} INFO - [2024-11-09T20:45:36.818+0000] {dag.py:3239} INFO - Sync 1 DAGs
[2024-11-09T20:45:36.842+0000] {logging_mixin.py:190} INFO - [2024-11-09T20:45:36.842+0000] {dag.py:4180} INFO - Setting next_dagrun for spotify_pipeline to 2024-11-09 00:00:00+00:00, run_after=2024-11-10 00:00:00+00:00
[2024-11-09T20:45:36.862+0000] {processor.py:208} INFO - Processing /opt/airflow/dags/spotify_pipeline.py took 0.101 seconds
[2024-11-09T20:46:07.059+0000] {processor.py:186} INFO - Started process (PID=5315) to work on /opt/airflow/dags/spotify_pipeline.py
[2024-11-09T20:46:07.060+0000] {processor.py:914} INFO - Processing file /opt/airflow/dags/spotify_pipeline.py for tasks to queue
[2024-11-09T20:46:07.061+0000] {logging_mixin.py:190} INFO - [2024-11-09T20:46:07.061+0000] {dagbag.py:588} INFO - Filling up the DagBag from /opt/airflow/dags/spotify_pipeline.py
[2024-11-09T20:46:07.079+0000] {processor.py:925} INFO - DAG(s) 'spotify_pipeline' retrieved from /opt/airflow/dags/spotify_pipeline.py
[2024-11-09T20:46:07.102+0000] {logging_mixin.py:190} INFO - [2024-11-09T20:46:07.102+0000] {dag.py:3239} INFO - Sync 1 DAGs
[2024-11-09T20:46:07.123+0000] {logging_mixin.py:190} INFO - [2024-11-09T20:46:07.123+0000] {dag.py:4180} INFO - Setting next_dagrun for spotify_pipeline to 2024-11-09 00:00:00+00:00, run_after=2024-11-10 00:00:00+00:00
[2024-11-09T20:46:07.139+0000] {processor.py:208} INFO - Processing /opt/airflow/dags/spotify_pipeline.py took 0.085 seconds
[2024-11-09T20:46:37.365+0000] {processor.py:186} INFO - Started process (PID=5325) to work on /opt/airflow/dags/spotify_pipeline.py
[2024-11-09T20:46:37.366+0000] {processor.py:914} INFO - Processing file /opt/airflow/dags/spotify_pipeline.py for tasks to queue
[2024-11-09T20:46:37.367+0000] {logging_mixin.py:190} INFO - [2024-11-09T20:46:37.366+0000] {dagbag.py:588} INFO - Filling up the DagBag from /opt/airflow/dags/spotify_pipeline.py
[2024-11-09T20:46:37.385+0000] {processor.py:925} INFO - DAG(s) 'spotify_pipeline' retrieved from /opt/airflow/dags/spotify_pipeline.py
[2024-11-09T20:46:37.410+0000] {logging_mixin.py:190} INFO - [2024-11-09T20:46:37.410+0000] {dag.py:3239} INFO - Sync 1 DAGs
[2024-11-09T20:46:37.430+0000] {logging_mixin.py:190} INFO - [2024-11-09T20:46:37.430+0000] {dag.py:4180} INFO - Setting next_dagrun for spotify_pipeline to 2024-11-09 00:00:00+00:00, run_after=2024-11-10 00:00:00+00:00
[2024-11-09T20:46:37.447+0000] {processor.py:208} INFO - Processing /opt/airflow/dags/spotify_pipeline.py took 0.088 seconds
[2024-11-09T20:47:07.660+0000] {processor.py:186} INFO - Started process (PID=5335) to work on /opt/airflow/dags/spotify_pipeline.py
[2024-11-09T20:47:07.660+0000] {processor.py:914} INFO - Processing file /opt/airflow/dags/spotify_pipeline.py for tasks to queue
[2024-11-09T20:47:07.662+0000] {logging_mixin.py:190} INFO - [2024-11-09T20:47:07.661+0000] {dagbag.py:588} INFO - Filling up the DagBag from /opt/airflow/dags/spotify_pipeline.py
[2024-11-09T20:47:07.678+0000] {processor.py:925} INFO - DAG(s) 'spotify_pipeline' retrieved from /opt/airflow/dags/spotify_pipeline.py
[2024-11-09T20:47:07.703+0000] {logging_mixin.py:190} INFO - [2024-11-09T20:47:07.703+0000] {dag.py:3239} INFO - Sync 1 DAGs
[2024-11-09T20:47:07.726+0000] {logging_mixin.py:190} INFO - [2024-11-09T20:47:07.726+0000] {dag.py:4180} INFO - Setting next_dagrun for spotify_pipeline to 2024-11-09 00:00:00+00:00, run_after=2024-11-10 00:00:00+00:00
[2024-11-09T20:47:07.746+0000] {processor.py:208} INFO - Processing /opt/airflow/dags/spotify_pipeline.py took 0.092 seconds
[2024-11-09T20:47:37.962+0000] {processor.py:186} INFO - Started process (PID=5345) to work on /opt/airflow/dags/spotify_pipeline.py
[2024-11-09T20:47:37.963+0000] {processor.py:914} INFO - Processing file /opt/airflow/dags/spotify_pipeline.py for tasks to queue
[2024-11-09T20:47:37.965+0000] {logging_mixin.py:190} INFO - [2024-11-09T20:47:37.964+0000] {dagbag.py:588} INFO - Filling up the DagBag from /opt/airflow/dags/spotify_pipeline.py
[2024-11-09T20:47:37.986+0000] {processor.py:925} INFO - DAG(s) 'spotify_pipeline' retrieved from /opt/airflow/dags/spotify_pipeline.py
[2024-11-09T20:47:38.012+0000] {logging_mixin.py:190} INFO - [2024-11-09T20:47:38.012+0000] {dag.py:3239} INFO - Sync 1 DAGs
[2024-11-09T20:47:38.035+0000] {logging_mixin.py:190} INFO - [2024-11-09T20:47:38.035+0000] {dag.py:4180} INFO - Setting next_dagrun for spotify_pipeline to 2024-11-09 00:00:00+00:00, run_after=2024-11-10 00:00:00+00:00
[2024-11-09T20:47:38.056+0000] {processor.py:208} INFO - Processing /opt/airflow/dags/spotify_pipeline.py took 0.101 seconds
[2024-11-09T20:48:08.292+0000] {processor.py:186} INFO - Started process (PID=5355) to work on /opt/airflow/dags/spotify_pipeline.py
[2024-11-09T20:48:08.293+0000] {processor.py:914} INFO - Processing file /opt/airflow/dags/spotify_pipeline.py for tasks to queue
[2024-11-09T20:48:08.295+0000] {logging_mixin.py:190} INFO - [2024-11-09T20:48:08.294+0000] {dagbag.py:588} INFO - Filling up the DagBag from /opt/airflow/dags/spotify_pipeline.py
[2024-11-09T20:48:08.318+0000] {processor.py:925} INFO - DAG(s) 'spotify_pipeline' retrieved from /opt/airflow/dags/spotify_pipeline.py
[2024-11-09T20:48:08.347+0000] {logging_mixin.py:190} INFO - [2024-11-09T20:48:08.346+0000] {dag.py:3239} INFO - Sync 1 DAGs
[2024-11-09T20:48:08.371+0000] {logging_mixin.py:190} INFO - [2024-11-09T20:48:08.371+0000] {dag.py:4180} INFO - Setting next_dagrun for spotify_pipeline to 2024-11-09 00:00:00+00:00, run_after=2024-11-10 00:00:00+00:00
[2024-11-09T20:48:08.393+0000] {processor.py:208} INFO - Processing /opt/airflow/dags/spotify_pipeline.py took 0.106 seconds
[2024-11-09T20:48:38.596+0000] {processor.py:186} INFO - Started process (PID=5365) to work on /opt/airflow/dags/spotify_pipeline.py
[2024-11-09T20:48:38.597+0000] {processor.py:914} INFO - Processing file /opt/airflow/dags/spotify_pipeline.py for tasks to queue
[2024-11-09T20:48:38.598+0000] {logging_mixin.py:190} INFO - [2024-11-09T20:48:38.597+0000] {dagbag.py:588} INFO - Filling up the DagBag from /opt/airflow/dags/spotify_pipeline.py
[2024-11-09T20:48:38.616+0000] {processor.py:925} INFO - DAG(s) 'spotify_pipeline' retrieved from /opt/airflow/dags/spotify_pipeline.py
[2024-11-09T20:48:38.639+0000] {logging_mixin.py:190} INFO - [2024-11-09T20:48:38.639+0000] {dag.py:3239} INFO - Sync 1 DAGs
[2024-11-09T20:48:38.660+0000] {logging_mixin.py:190} INFO - [2024-11-09T20:48:38.660+0000] {dag.py:4180} INFO - Setting next_dagrun for spotify_pipeline to 2024-11-09 00:00:00+00:00, run_after=2024-11-10 00:00:00+00:00
[2024-11-09T20:48:38.677+0000] {processor.py:208} INFO - Processing /opt/airflow/dags/spotify_pipeline.py took 0.085 seconds
[2024-11-09T20:49:08.887+0000] {processor.py:186} INFO - Started process (PID=5375) to work on /opt/airflow/dags/spotify_pipeline.py
[2024-11-09T20:49:08.889+0000] {processor.py:914} INFO - Processing file /opt/airflow/dags/spotify_pipeline.py for tasks to queue
[2024-11-09T20:49:08.890+0000] {logging_mixin.py:190} INFO - [2024-11-09T20:49:08.890+0000] {dagbag.py:588} INFO - Filling up the DagBag from /opt/airflow/dags/spotify_pipeline.py
[2024-11-09T20:49:08.909+0000] {processor.py:925} INFO - DAG(s) 'spotify_pipeline' retrieved from /opt/airflow/dags/spotify_pipeline.py
[2024-11-09T20:49:08.932+0000] {logging_mixin.py:190} INFO - [2024-11-09T20:49:08.932+0000] {dag.py:3239} INFO - Sync 1 DAGs
[2024-11-09T20:49:08.954+0000] {logging_mixin.py:190} INFO - [2024-11-09T20:49:08.954+0000] {dag.py:4180} INFO - Setting next_dagrun for spotify_pipeline to 2024-11-09 00:00:00+00:00, run_after=2024-11-10 00:00:00+00:00
[2024-11-09T20:49:08.984+0000] {processor.py:208} INFO - Processing /opt/airflow/dags/spotify_pipeline.py took 0.102 seconds
[2024-11-09T20:49:39.187+0000] {processor.py:186} INFO - Started process (PID=5385) to work on /opt/airflow/dags/spotify_pipeline.py
[2024-11-09T20:49:39.188+0000] {processor.py:914} INFO - Processing file /opt/airflow/dags/spotify_pipeline.py for tasks to queue
[2024-11-09T20:49:39.189+0000] {logging_mixin.py:190} INFO - [2024-11-09T20:49:39.188+0000] {dagbag.py:588} INFO - Filling up the DagBag from /opt/airflow/dags/spotify_pipeline.py
[2024-11-09T20:49:39.206+0000] {processor.py:925} INFO - DAG(s) 'spotify_pipeline' retrieved from /opt/airflow/dags/spotify_pipeline.py
[2024-11-09T20:49:39.235+0000] {logging_mixin.py:190} INFO - [2024-11-09T20:49:39.235+0000] {dag.py:3239} INFO - Sync 1 DAGs
[2024-11-09T20:49:39.255+0000] {logging_mixin.py:190} INFO - [2024-11-09T20:49:39.254+0000] {dag.py:4180} INFO - Setting next_dagrun for spotify_pipeline to 2024-11-09 00:00:00+00:00, run_after=2024-11-10 00:00:00+00:00
[2024-11-09T20:49:39.270+0000] {processor.py:208} INFO - Processing /opt/airflow/dags/spotify_pipeline.py took 0.087 seconds
[2024-11-09T20:50:09.469+0000] {processor.py:186} INFO - Started process (PID=5395) to work on /opt/airflow/dags/spotify_pipeline.py
[2024-11-09T20:50:09.470+0000] {processor.py:914} INFO - Processing file /opt/airflow/dags/spotify_pipeline.py for tasks to queue
[2024-11-09T20:50:09.471+0000] {logging_mixin.py:190} INFO - [2024-11-09T20:50:09.471+0000] {dagbag.py:588} INFO - Filling up the DagBag from /opt/airflow/dags/spotify_pipeline.py
[2024-11-09T20:50:09.489+0000] {processor.py:925} INFO - DAG(s) 'spotify_pipeline' retrieved from /opt/airflow/dags/spotify_pipeline.py
[2024-11-09T20:50:09.516+0000] {logging_mixin.py:190} INFO - [2024-11-09T20:50:09.515+0000] {dag.py:3239} INFO - Sync 1 DAGs
[2024-11-09T20:50:09.540+0000] {logging_mixin.py:190} INFO - [2024-11-09T20:50:09.539+0000] {dag.py:4180} INFO - Setting next_dagrun for spotify_pipeline to 2024-11-09 00:00:00+00:00, run_after=2024-11-10 00:00:00+00:00
[2024-11-09T20:50:09.563+0000] {processor.py:208} INFO - Processing /opt/airflow/dags/spotify_pipeline.py took 0.100 seconds
[2024-11-09T20:50:39.762+0000] {processor.py:186} INFO - Started process (PID=5405) to work on /opt/airflow/dags/spotify_pipeline.py
[2024-11-09T20:50:39.763+0000] {processor.py:914} INFO - Processing file /opt/airflow/dags/spotify_pipeline.py for tasks to queue
[2024-11-09T20:50:39.764+0000] {logging_mixin.py:190} INFO - [2024-11-09T20:50:39.764+0000] {dagbag.py:588} INFO - Filling up the DagBag from /opt/airflow/dags/spotify_pipeline.py
[2024-11-09T20:50:39.784+0000] {processor.py:925} INFO - DAG(s) 'spotify_pipeline' retrieved from /opt/airflow/dags/spotify_pipeline.py
[2024-11-09T20:50:39.813+0000] {logging_mixin.py:190} INFO - [2024-11-09T20:50:39.813+0000] {dag.py:3239} INFO - Sync 1 DAGs
[2024-11-09T20:50:39.836+0000] {logging_mixin.py:190} INFO - [2024-11-09T20:50:39.836+0000] {dag.py:4180} INFO - Setting next_dagrun for spotify_pipeline to 2024-11-09 00:00:00+00:00, run_after=2024-11-10 00:00:00+00:00
[2024-11-09T20:50:39.867+0000] {processor.py:208} INFO - Processing /opt/airflow/dags/spotify_pipeline.py took 0.108 seconds
[2024-11-09T20:51:09.971+0000] {processor.py:186} INFO - Started process (PID=5415) to work on /opt/airflow/dags/spotify_pipeline.py
[2024-11-09T20:51:09.972+0000] {processor.py:914} INFO - Processing file /opt/airflow/dags/spotify_pipeline.py for tasks to queue
[2024-11-09T20:51:09.973+0000] {logging_mixin.py:190} INFO - [2024-11-09T20:51:09.973+0000] {dagbag.py:588} INFO - Filling up the DagBag from /opt/airflow/dags/spotify_pipeline.py
[2024-11-09T20:51:09.989+0000] {processor.py:925} INFO - DAG(s) 'spotify_pipeline' retrieved from /opt/airflow/dags/spotify_pipeline.py
[2024-11-09T20:51:10.013+0000] {logging_mixin.py:190} INFO - [2024-11-09T20:51:10.013+0000] {dag.py:3239} INFO - Sync 1 DAGs
[2024-11-09T20:51:10.033+0000] {logging_mixin.py:190} INFO - [2024-11-09T20:51:10.033+0000] {dag.py:4180} INFO - Setting next_dagrun for spotify_pipeline to 2024-11-09 00:00:00+00:00, run_after=2024-11-10 00:00:00+00:00
[2024-11-09T20:51:10.050+0000] {processor.py:208} INFO - Processing /opt/airflow/dags/spotify_pipeline.py took 0.083 seconds
[2024-11-09T20:51:40.266+0000] {processor.py:186} INFO - Started process (PID=5425) to work on /opt/airflow/dags/spotify_pipeline.py
[2024-11-09T20:51:40.266+0000] {processor.py:914} INFO - Processing file /opt/airflow/dags/spotify_pipeline.py for tasks to queue
[2024-11-09T20:51:40.267+0000] {logging_mixin.py:190} INFO - [2024-11-09T20:51:40.267+0000] {dagbag.py:588} INFO - Filling up the DagBag from /opt/airflow/dags/spotify_pipeline.py
[2024-11-09T20:51:40.288+0000] {processor.py:925} INFO - DAG(s) 'spotify_pipeline' retrieved from /opt/airflow/dags/spotify_pipeline.py
[2024-11-09T20:51:40.313+0000] {logging_mixin.py:190} INFO - [2024-11-09T20:51:40.313+0000] {dag.py:3239} INFO - Sync 1 DAGs
[2024-11-09T20:51:40.336+0000] {logging_mixin.py:190} INFO - [2024-11-09T20:51:40.335+0000] {dag.py:4180} INFO - Setting next_dagrun for spotify_pipeline to 2024-11-09 00:00:00+00:00, run_after=2024-11-10 00:00:00+00:00
[2024-11-09T20:51:40.355+0000] {processor.py:208} INFO - Processing /opt/airflow/dags/spotify_pipeline.py took 0.094 seconds
[2024-11-09T20:52:10.588+0000] {processor.py:186} INFO - Started process (PID=5435) to work on /opt/airflow/dags/spotify_pipeline.py
[2024-11-09T20:52:10.589+0000] {processor.py:914} INFO - Processing file /opt/airflow/dags/spotify_pipeline.py for tasks to queue
[2024-11-09T20:52:10.590+0000] {logging_mixin.py:190} INFO - [2024-11-09T20:52:10.590+0000] {dagbag.py:588} INFO - Filling up the DagBag from /opt/airflow/dags/spotify_pipeline.py
[2024-11-09T20:52:10.610+0000] {processor.py:925} INFO - DAG(s) 'spotify_pipeline' retrieved from /opt/airflow/dags/spotify_pipeline.py
[2024-11-09T20:52:10.636+0000] {logging_mixin.py:190} INFO - [2024-11-09T20:52:10.636+0000] {dag.py:3239} INFO - Sync 1 DAGs
[2024-11-09T20:52:10.660+0000] {logging_mixin.py:190} INFO - [2024-11-09T20:52:10.659+0000] {dag.py:4180} INFO - Setting next_dagrun for spotify_pipeline to 2024-11-09 00:00:00+00:00, run_after=2024-11-10 00:00:00+00:00
[2024-11-09T20:52:10.676+0000] {processor.py:208} INFO - Processing /opt/airflow/dags/spotify_pipeline.py took 0.094 seconds
[2024-11-09T20:52:40.914+0000] {processor.py:186} INFO - Started process (PID=5445) to work on /opt/airflow/dags/spotify_pipeline.py
[2024-11-09T20:52:40.915+0000] {processor.py:914} INFO - Processing file /opt/airflow/dags/spotify_pipeline.py for tasks to queue
[2024-11-09T20:52:40.916+0000] {logging_mixin.py:190} INFO - [2024-11-09T20:52:40.916+0000] {dagbag.py:588} INFO - Filling up the DagBag from /opt/airflow/dags/spotify_pipeline.py
[2024-11-09T20:52:40.936+0000] {processor.py:925} INFO - DAG(s) 'spotify_pipeline' retrieved from /opt/airflow/dags/spotify_pipeline.py
[2024-11-09T20:52:40.962+0000] {logging_mixin.py:190} INFO - [2024-11-09T20:52:40.962+0000] {dag.py:3239} INFO - Sync 1 DAGs
[2024-11-09T20:52:40.987+0000] {logging_mixin.py:190} INFO - [2024-11-09T20:52:40.987+0000] {dag.py:4180} INFO - Setting next_dagrun for spotify_pipeline to 2024-11-09 00:00:00+00:00, run_after=2024-11-10 00:00:00+00:00
[2024-11-09T20:52:41.005+0000] {processor.py:208} INFO - Processing /opt/airflow/dags/spotify_pipeline.py took 0.097 seconds
[2024-11-09T20:53:11.271+0000] {processor.py:186} INFO - Started process (PID=5455) to work on /opt/airflow/dags/spotify_pipeline.py
[2024-11-09T20:53:11.272+0000] {processor.py:914} INFO - Processing file /opt/airflow/dags/spotify_pipeline.py for tasks to queue
[2024-11-09T20:53:11.274+0000] {logging_mixin.py:190} INFO - [2024-11-09T20:53:11.273+0000] {dagbag.py:588} INFO - Filling up the DagBag from /opt/airflow/dags/spotify_pipeline.py
[2024-11-09T20:53:11.292+0000] {processor.py:925} INFO - DAG(s) 'spotify_pipeline' retrieved from /opt/airflow/dags/spotify_pipeline.py
[2024-11-09T20:53:11.317+0000] {logging_mixin.py:190} INFO - [2024-11-09T20:53:11.317+0000] {dag.py:3239} INFO - Sync 1 DAGs
[2024-11-09T20:53:11.341+0000] {logging_mixin.py:190} INFO - [2024-11-09T20:53:11.341+0000] {dag.py:4180} INFO - Setting next_dagrun for spotify_pipeline to 2024-11-09 00:00:00+00:00, run_after=2024-11-10 00:00:00+00:00
[2024-11-09T20:53:11.360+0000] {processor.py:208} INFO - Processing /opt/airflow/dags/spotify_pipeline.py took 0.095 seconds
[2024-11-09T20:53:41.564+0000] {processor.py:186} INFO - Started process (PID=5465) to work on /opt/airflow/dags/spotify_pipeline.py
[2024-11-09T20:53:41.565+0000] {processor.py:914} INFO - Processing file /opt/airflow/dags/spotify_pipeline.py for tasks to queue
[2024-11-09T20:53:41.566+0000] {logging_mixin.py:190} INFO - [2024-11-09T20:53:41.566+0000] {dagbag.py:588} INFO - Filling up the DagBag from /opt/airflow/dags/spotify_pipeline.py
[2024-11-09T20:53:41.582+0000] {processor.py:925} INFO - DAG(s) 'spotify_pipeline' retrieved from /opt/airflow/dags/spotify_pipeline.py
[2024-11-09T20:53:41.606+0000] {logging_mixin.py:190} INFO - [2024-11-09T20:53:41.606+0000] {dag.py:3239} INFO - Sync 1 DAGs
[2024-11-09T20:53:41.629+0000] {logging_mixin.py:190} INFO - [2024-11-09T20:53:41.629+0000] {dag.py:4180} INFO - Setting next_dagrun for spotify_pipeline to 2024-11-09 00:00:00+00:00, run_after=2024-11-10 00:00:00+00:00
[2024-11-09T20:53:41.647+0000] {processor.py:208} INFO - Processing /opt/airflow/dags/spotify_pipeline.py took 0.087 seconds
[2024-11-09T20:54:11.850+0000] {processor.py:186} INFO - Started process (PID=5475) to work on /opt/airflow/dags/spotify_pipeline.py
[2024-11-09T20:54:11.851+0000] {processor.py:914} INFO - Processing file /opt/airflow/dags/spotify_pipeline.py for tasks to queue
[2024-11-09T20:54:11.852+0000] {logging_mixin.py:190} INFO - [2024-11-09T20:54:11.852+0000] {dagbag.py:588} INFO - Filling up the DagBag from /opt/airflow/dags/spotify_pipeline.py
[2024-11-09T20:54:11.869+0000] {processor.py:925} INFO - DAG(s) 'spotify_pipeline' retrieved from /opt/airflow/dags/spotify_pipeline.py
[2024-11-09T20:54:11.892+0000] {logging_mixin.py:190} INFO - [2024-11-09T20:54:11.892+0000] {dag.py:3239} INFO - Sync 1 DAGs
[2024-11-09T20:54:11.915+0000] {logging_mixin.py:190} INFO - [2024-11-09T20:54:11.914+0000] {dag.py:4180} INFO - Setting next_dagrun for spotify_pipeline to 2024-11-09 00:00:00+00:00, run_after=2024-11-10 00:00:00+00:00
[2024-11-09T20:54:11.931+0000] {processor.py:208} INFO - Processing /opt/airflow/dags/spotify_pipeline.py took 0.085 seconds
[2024-11-09T20:54:42.138+0000] {processor.py:186} INFO - Started process (PID=5485) to work on /opt/airflow/dags/spotify_pipeline.py
[2024-11-09T20:54:42.138+0000] {processor.py:914} INFO - Processing file /opt/airflow/dags/spotify_pipeline.py for tasks to queue
[2024-11-09T20:54:42.140+0000] {logging_mixin.py:190} INFO - [2024-11-09T20:54:42.139+0000] {dagbag.py:588} INFO - Filling up the DagBag from /opt/airflow/dags/spotify_pipeline.py
[2024-11-09T20:54:42.160+0000] {processor.py:925} INFO - DAG(s) 'spotify_pipeline' retrieved from /opt/airflow/dags/spotify_pipeline.py
[2024-11-09T20:54:42.186+0000] {logging_mixin.py:190} INFO - [2024-11-09T20:54:42.185+0000] {dag.py:3239} INFO - Sync 1 DAGs
[2024-11-09T20:54:42.209+0000] {logging_mixin.py:190} INFO - [2024-11-09T20:54:42.209+0000] {dag.py:4180} INFO - Setting next_dagrun for spotify_pipeline to 2024-11-09 00:00:00+00:00, run_after=2024-11-10 00:00:00+00:00
[2024-11-09T20:54:42.228+0000] {processor.py:208} INFO - Processing /opt/airflow/dags/spotify_pipeline.py took 0.095 seconds
[2024-11-09T20:55:12.424+0000] {processor.py:186} INFO - Started process (PID=5495) to work on /opt/airflow/dags/spotify_pipeline.py
[2024-11-09T20:55:12.425+0000] {processor.py:914} INFO - Processing file /opt/airflow/dags/spotify_pipeline.py for tasks to queue
[2024-11-09T20:55:12.427+0000] {logging_mixin.py:190} INFO - [2024-11-09T20:55:12.426+0000] {dagbag.py:588} INFO - Filling up the DagBag from /opt/airflow/dags/spotify_pipeline.py
[2024-11-09T20:55:12.445+0000] {processor.py:925} INFO - DAG(s) 'spotify_pipeline' retrieved from /opt/airflow/dags/spotify_pipeline.py
[2024-11-09T20:55:12.472+0000] {logging_mixin.py:190} INFO - [2024-11-09T20:55:12.472+0000] {dag.py:3239} INFO - Sync 1 DAGs
[2024-11-09T20:55:12.495+0000] {logging_mixin.py:190} INFO - [2024-11-09T20:55:12.495+0000] {dag.py:4180} INFO - Setting next_dagrun for spotify_pipeline to 2024-11-09 00:00:00+00:00, run_after=2024-11-10 00:00:00+00:00
[2024-11-09T20:55:12.513+0000] {processor.py:208} INFO - Processing /opt/airflow/dags/spotify_pipeline.py took 0.092 seconds
[2024-11-09T20:55:42.719+0000] {processor.py:186} INFO - Started process (PID=5505) to work on /opt/airflow/dags/spotify_pipeline.py
[2024-11-09T20:55:42.720+0000] {processor.py:914} INFO - Processing file /opt/airflow/dags/spotify_pipeline.py for tasks to queue
[2024-11-09T20:55:42.721+0000] {logging_mixin.py:190} INFO - [2024-11-09T20:55:42.721+0000] {dagbag.py:588} INFO - Filling up the DagBag from /opt/airflow/dags/spotify_pipeline.py
[2024-11-09T20:55:42.735+0000] {processor.py:925} INFO - DAG(s) 'spotify_pipeline' retrieved from /opt/airflow/dags/spotify_pipeline.py
[2024-11-09T20:55:42.757+0000] {logging_mixin.py:190} INFO - [2024-11-09T20:55:42.757+0000] {dag.py:3239} INFO - Sync 1 DAGs
[2024-11-09T20:55:42.776+0000] {logging_mixin.py:190} INFO - [2024-11-09T20:55:42.776+0000] {dag.py:4180} INFO - Setting next_dagrun for spotify_pipeline to 2024-11-09 00:00:00+00:00, run_after=2024-11-10 00:00:00+00:00
[2024-11-09T20:55:42.793+0000] {processor.py:208} INFO - Processing /opt/airflow/dags/spotify_pipeline.py took 0.079 seconds
[2024-11-09T20:56:13.012+0000] {processor.py:186} INFO - Started process (PID=5515) to work on /opt/airflow/dags/spotify_pipeline.py
[2024-11-09T20:56:13.013+0000] {processor.py:914} INFO - Processing file /opt/airflow/dags/spotify_pipeline.py for tasks to queue
[2024-11-09T20:56:13.014+0000] {logging_mixin.py:190} INFO - [2024-11-09T20:56:13.014+0000] {dagbag.py:588} INFO - Filling up the DagBag from /opt/airflow/dags/spotify_pipeline.py
[2024-11-09T20:56:13.028+0000] {processor.py:925} INFO - DAG(s) 'spotify_pipeline' retrieved from /opt/airflow/dags/spotify_pipeline.py
[2024-11-09T20:56:13.050+0000] {logging_mixin.py:190} INFO - [2024-11-09T20:56:13.050+0000] {dag.py:3239} INFO - Sync 1 DAGs
[2024-11-09T20:56:13.070+0000] {logging_mixin.py:190} INFO - [2024-11-09T20:56:13.070+0000] {dag.py:4180} INFO - Setting next_dagrun for spotify_pipeline to 2024-11-09 00:00:00+00:00, run_after=2024-11-10 00:00:00+00:00
[2024-11-09T20:56:13.100+0000] {processor.py:208} INFO - Processing /opt/airflow/dags/spotify_pipeline.py took 0.092 seconds
[2024-11-09T20:56:43.331+0000] {processor.py:186} INFO - Started process (PID=5525) to work on /opt/airflow/dags/spotify_pipeline.py
[2024-11-09T20:56:43.332+0000] {processor.py:914} INFO - Processing file /opt/airflow/dags/spotify_pipeline.py for tasks to queue
[2024-11-09T20:56:43.333+0000] {logging_mixin.py:190} INFO - [2024-11-09T20:56:43.333+0000] {dagbag.py:588} INFO - Filling up the DagBag from /opt/airflow/dags/spotify_pipeline.py
[2024-11-09T20:56:43.354+0000] {processor.py:925} INFO - DAG(s) 'spotify_pipeline' retrieved from /opt/airflow/dags/spotify_pipeline.py
[2024-11-09T20:56:43.378+0000] {logging_mixin.py:190} INFO - [2024-11-09T20:56:43.378+0000] {dag.py:3239} INFO - Sync 1 DAGs
[2024-11-09T20:56:43.398+0000] {logging_mixin.py:190} INFO - [2024-11-09T20:56:43.398+0000] {dag.py:4180} INFO - Setting next_dagrun for spotify_pipeline to 2024-11-09 00:00:00+00:00, run_after=2024-11-10 00:00:00+00:00
[2024-11-09T20:56:43.431+0000] {processor.py:208} INFO - Processing /opt/airflow/dags/spotify_pipeline.py took 0.106 seconds
[2024-11-09T20:57:13.634+0000] {processor.py:186} INFO - Started process (PID=5535) to work on /opt/airflow/dags/spotify_pipeline.py
[2024-11-09T20:57:13.635+0000] {processor.py:914} INFO - Processing file /opt/airflow/dags/spotify_pipeline.py for tasks to queue
[2024-11-09T20:57:13.636+0000] {logging_mixin.py:190} INFO - [2024-11-09T20:57:13.636+0000] {dagbag.py:588} INFO - Filling up the DagBag from /opt/airflow/dags/spotify_pipeline.py
[2024-11-09T20:57:13.657+0000] {processor.py:925} INFO - DAG(s) 'spotify_pipeline' retrieved from /opt/airflow/dags/spotify_pipeline.py
[2024-11-09T20:57:13.679+0000] {logging_mixin.py:190} INFO - [2024-11-09T20:57:13.679+0000] {dag.py:3239} INFO - Sync 1 DAGs
[2024-11-09T20:57:13.701+0000] {logging_mixin.py:190} INFO - [2024-11-09T20:57:13.701+0000] {dag.py:4180} INFO - Setting next_dagrun for spotify_pipeline to 2024-11-09 00:00:00+00:00, run_after=2024-11-10 00:00:00+00:00
[2024-11-09T20:57:13.716+0000] {processor.py:208} INFO - Processing /opt/airflow/dags/spotify_pipeline.py took 0.087 seconds
[2024-11-09T20:57:43.917+0000] {processor.py:186} INFO - Started process (PID=5545) to work on /opt/airflow/dags/spotify_pipeline.py
[2024-11-09T20:57:43.918+0000] {processor.py:914} INFO - Processing file /opt/airflow/dags/spotify_pipeline.py for tasks to queue
[2024-11-09T20:57:43.919+0000] {logging_mixin.py:190} INFO - [2024-11-09T20:57:43.918+0000] {dagbag.py:588} INFO - Filling up the DagBag from /opt/airflow/dags/spotify_pipeline.py
[2024-11-09T20:57:43.937+0000] {processor.py:925} INFO - DAG(s) 'spotify_pipeline' retrieved from /opt/airflow/dags/spotify_pipeline.py
[2024-11-09T20:57:43.963+0000] {logging_mixin.py:190} INFO - [2024-11-09T20:57:43.963+0000] {dag.py:3239} INFO - Sync 1 DAGs
[2024-11-09T20:57:43.987+0000] {logging_mixin.py:190} INFO - [2024-11-09T20:57:43.987+0000] {dag.py:4180} INFO - Setting next_dagrun for spotify_pipeline to 2024-11-09 00:00:00+00:00, run_after=2024-11-10 00:00:00+00:00
[2024-11-09T20:57:44.006+0000] {processor.py:208} INFO - Processing /opt/airflow/dags/spotify_pipeline.py took 0.094 seconds
[2024-11-09T20:58:14.213+0000] {processor.py:186} INFO - Started process (PID=5555) to work on /opt/airflow/dags/spotify_pipeline.py
[2024-11-09T20:58:14.214+0000] {processor.py:914} INFO - Processing file /opt/airflow/dags/spotify_pipeline.py for tasks to queue
[2024-11-09T20:58:14.215+0000] {logging_mixin.py:190} INFO - [2024-11-09T20:58:14.215+0000] {dagbag.py:588} INFO - Filling up the DagBag from /opt/airflow/dags/spotify_pipeline.py
[2024-11-09T20:58:14.229+0000] {processor.py:925} INFO - DAG(s) 'spotify_pipeline' retrieved from /opt/airflow/dags/spotify_pipeline.py
[2024-11-09T20:58:14.252+0000] {logging_mixin.py:190} INFO - [2024-11-09T20:58:14.252+0000] {dag.py:3239} INFO - Sync 1 DAGs
[2024-11-09T20:58:14.273+0000] {logging_mixin.py:190} INFO - [2024-11-09T20:58:14.273+0000] {dag.py:4180} INFO - Setting next_dagrun for spotify_pipeline to 2024-11-09 00:00:00+00:00, run_after=2024-11-10 00:00:00+00:00
[2024-11-09T20:58:14.291+0000] {processor.py:208} INFO - Processing /opt/airflow/dags/spotify_pipeline.py took 0.082 seconds
[2024-11-09T20:58:44.506+0000] {processor.py:186} INFO - Started process (PID=5565) to work on /opt/airflow/dags/spotify_pipeline.py
[2024-11-09T20:58:44.507+0000] {processor.py:914} INFO - Processing file /opt/airflow/dags/spotify_pipeline.py for tasks to queue
[2024-11-09T20:58:44.509+0000] {logging_mixin.py:190} INFO - [2024-11-09T20:58:44.508+0000] {dagbag.py:588} INFO - Filling up the DagBag from /opt/airflow/dags/spotify_pipeline.py
[2024-11-09T20:58:44.533+0000] {processor.py:925} INFO - DAG(s) 'spotify_pipeline' retrieved from /opt/airflow/dags/spotify_pipeline.py
[2024-11-09T20:58:44.571+0000] {logging_mixin.py:190} INFO - [2024-11-09T20:58:44.571+0000] {dag.py:3239} INFO - Sync 1 DAGs
[2024-11-09T20:58:44.606+0000] {logging_mixin.py:190} INFO - [2024-11-09T20:58:44.606+0000] {dag.py:4180} INFO - Setting next_dagrun for spotify_pipeline to 2024-11-09 00:00:00+00:00, run_after=2024-11-10 00:00:00+00:00
[2024-11-09T20:58:44.629+0000] {processor.py:208} INFO - Processing /opt/airflow/dags/spotify_pipeline.py took 0.131 seconds
[2024-11-09T20:59:14.725+0000] {processor.py:186} INFO - Started process (PID=5575) to work on /opt/airflow/dags/spotify_pipeline.py
[2024-11-09T20:59:14.726+0000] {processor.py:914} INFO - Processing file /opt/airflow/dags/spotify_pipeline.py for tasks to queue
[2024-11-09T20:59:14.727+0000] {logging_mixin.py:190} INFO - [2024-11-09T20:59:14.726+0000] {dagbag.py:588} INFO - Filling up the DagBag from /opt/airflow/dags/spotify_pipeline.py
[2024-11-09T20:59:14.744+0000] {processor.py:925} INFO - DAG(s) 'spotify_pipeline' retrieved from /opt/airflow/dags/spotify_pipeline.py
[2024-11-09T20:59:14.768+0000] {logging_mixin.py:190} INFO - [2024-11-09T20:59:14.768+0000] {dag.py:3239} INFO - Sync 1 DAGs
[2024-11-09T20:59:14.790+0000] {logging_mixin.py:190} INFO - [2024-11-09T20:59:14.789+0000] {dag.py:4180} INFO - Setting next_dagrun for spotify_pipeline to 2024-11-09 00:00:00+00:00, run_after=2024-11-10 00:00:00+00:00
[2024-11-09T20:59:14.805+0000] {processor.py:208} INFO - Processing /opt/airflow/dags/spotify_pipeline.py took 0.086 seconds
[2024-11-09T20:59:45.029+0000] {processor.py:186} INFO - Started process (PID=5585) to work on /opt/airflow/dags/spotify_pipeline.py
[2024-11-09T20:59:45.029+0000] {processor.py:914} INFO - Processing file /opt/airflow/dags/spotify_pipeline.py for tasks to queue
[2024-11-09T20:59:45.031+0000] {logging_mixin.py:190} INFO - [2024-11-09T20:59:45.030+0000] {dagbag.py:588} INFO - Filling up the DagBag from /opt/airflow/dags/spotify_pipeline.py
[2024-11-09T20:59:45.050+0000] {processor.py:925} INFO - DAG(s) 'spotify_pipeline' retrieved from /opt/airflow/dags/spotify_pipeline.py
[2024-11-09T20:59:45.074+0000] {logging_mixin.py:190} INFO - [2024-11-09T20:59:45.074+0000] {dag.py:3239} INFO - Sync 1 DAGs
[2024-11-09T20:59:45.099+0000] {logging_mixin.py:190} INFO - [2024-11-09T20:59:45.099+0000] {dag.py:4180} INFO - Setting next_dagrun for spotify_pipeline to 2024-11-09 00:00:00+00:00, run_after=2024-11-10 00:00:00+00:00
[2024-11-09T20:59:45.117+0000] {processor.py:208} INFO - Processing /opt/airflow/dags/spotify_pipeline.py took 0.092 seconds
[2024-11-09T21:00:15.328+0000] {processor.py:186} INFO - Started process (PID=5595) to work on /opt/airflow/dags/spotify_pipeline.py
[2024-11-09T21:00:15.329+0000] {processor.py:914} INFO - Processing file /opt/airflow/dags/spotify_pipeline.py for tasks to queue
[2024-11-09T21:00:15.331+0000] {logging_mixin.py:190} INFO - [2024-11-09T21:00:15.330+0000] {dagbag.py:588} INFO - Filling up the DagBag from /opt/airflow/dags/spotify_pipeline.py
[2024-11-09T21:00:15.349+0000] {processor.py:925} INFO - DAG(s) 'spotify_pipeline' retrieved from /opt/airflow/dags/spotify_pipeline.py
[2024-11-09T21:00:15.373+0000] {logging_mixin.py:190} INFO - [2024-11-09T21:00:15.373+0000] {dag.py:3239} INFO - Sync 1 DAGs
[2024-11-09T21:00:15.394+0000] {logging_mixin.py:190} INFO - [2024-11-09T21:00:15.394+0000] {dag.py:4180} INFO - Setting next_dagrun for spotify_pipeline to 2024-11-09 00:00:00+00:00, run_after=2024-11-10 00:00:00+00:00
[2024-11-09T21:00:15.410+0000] {processor.py:208} INFO - Processing /opt/airflow/dags/spotify_pipeline.py took 0.088 seconds
[2024-11-09T21:00:45.617+0000] {processor.py:186} INFO - Started process (PID=5605) to work on /opt/airflow/dags/spotify_pipeline.py
[2024-11-09T21:00:45.617+0000] {processor.py:914} INFO - Processing file /opt/airflow/dags/spotify_pipeline.py for tasks to queue
[2024-11-09T21:00:45.618+0000] {logging_mixin.py:190} INFO - [2024-11-09T21:00:45.618+0000] {dagbag.py:588} INFO - Filling up the DagBag from /opt/airflow/dags/spotify_pipeline.py
[2024-11-09T21:00:45.634+0000] {processor.py:925} INFO - DAG(s) 'spotify_pipeline' retrieved from /opt/airflow/dags/spotify_pipeline.py
[2024-11-09T21:00:45.660+0000] {logging_mixin.py:190} INFO - [2024-11-09T21:00:45.660+0000] {dag.py:3239} INFO - Sync 1 DAGs
[2024-11-09T21:00:45.684+0000] {logging_mixin.py:190} INFO - [2024-11-09T21:00:45.684+0000] {dag.py:4180} INFO - Setting next_dagrun for spotify_pipeline to 2024-11-09 00:00:00+00:00, run_after=2024-11-10 00:00:00+00:00
[2024-11-09T21:00:45.704+0000] {processor.py:208} INFO - Processing /opt/airflow/dags/spotify_pipeline.py took 0.091 seconds
[2024-11-09T21:01:15.922+0000] {processor.py:186} INFO - Started process (PID=5615) to work on /opt/airflow/dags/spotify_pipeline.py
[2024-11-09T21:01:15.923+0000] {processor.py:914} INFO - Processing file /opt/airflow/dags/spotify_pipeline.py for tasks to queue
[2024-11-09T21:01:15.924+0000] {logging_mixin.py:190} INFO - [2024-11-09T21:01:15.924+0000] {dagbag.py:588} INFO - Filling up the DagBag from /opt/airflow/dags/spotify_pipeline.py
[2024-11-09T21:01:15.940+0000] {processor.py:925} INFO - DAG(s) 'spotify_pipeline' retrieved from /opt/airflow/dags/spotify_pipeline.py
[2024-11-09T21:01:15.965+0000] {logging_mixin.py:190} INFO - [2024-11-09T21:01:15.964+0000] {dag.py:3239} INFO - Sync 1 DAGs
[2024-11-09T21:01:15.986+0000] {logging_mixin.py:190} INFO - [2024-11-09T21:01:15.986+0000] {dag.py:4180} INFO - Setting next_dagrun for spotify_pipeline to 2024-11-09 00:00:00+00:00, run_after=2024-11-10 00:00:00+00:00
[2024-11-09T21:01:16.004+0000] {processor.py:208} INFO - Processing /opt/airflow/dags/spotify_pipeline.py took 0.087 seconds
[2024-11-09T21:01:46.244+0000] {processor.py:186} INFO - Started process (PID=5625) to work on /opt/airflow/dags/spotify_pipeline.py
[2024-11-09T21:01:46.244+0000] {processor.py:914} INFO - Processing file /opt/airflow/dags/spotify_pipeline.py for tasks to queue
[2024-11-09T21:01:46.246+0000] {logging_mixin.py:190} INFO - [2024-11-09T21:01:46.245+0000] {dagbag.py:588} INFO - Filling up the DagBag from /opt/airflow/dags/spotify_pipeline.py
[2024-11-09T21:01:46.265+0000] {processor.py:925} INFO - DAG(s) 'spotify_pipeline' retrieved from /opt/airflow/dags/spotify_pipeline.py
[2024-11-09T21:01:46.291+0000] {logging_mixin.py:190} INFO - [2024-11-09T21:01:46.291+0000] {dag.py:3239} INFO - Sync 1 DAGs
[2024-11-09T21:01:46.313+0000] {logging_mixin.py:190} INFO - [2024-11-09T21:01:46.313+0000] {dag.py:4180} INFO - Setting next_dagrun for spotify_pipeline to 2024-11-09 00:00:00+00:00, run_after=2024-11-10 00:00:00+00:00
[2024-11-09T21:01:46.331+0000] {processor.py:208} INFO - Processing /opt/airflow/dags/spotify_pipeline.py took 0.092 seconds
[2024-11-09T21:02:16.561+0000] {processor.py:186} INFO - Started process (PID=5635) to work on /opt/airflow/dags/spotify_pipeline.py
[2024-11-09T21:02:16.562+0000] {processor.py:914} INFO - Processing file /opt/airflow/dags/spotify_pipeline.py for tasks to queue
[2024-11-09T21:02:16.564+0000] {logging_mixin.py:190} INFO - [2024-11-09T21:02:16.563+0000] {dagbag.py:588} INFO - Filling up the DagBag from /opt/airflow/dags/spotify_pipeline.py
[2024-11-09T21:02:16.585+0000] {processor.py:925} INFO - DAG(s) 'spotify_pipeline' retrieved from /opt/airflow/dags/spotify_pipeline.py
[2024-11-09T21:02:16.615+0000] {logging_mixin.py:190} INFO - [2024-11-09T21:02:16.615+0000] {dag.py:3239} INFO - Sync 1 DAGs
[2024-11-09T21:02:16.644+0000] {logging_mixin.py:190} INFO - [2024-11-09T21:02:16.644+0000] {dag.py:4180} INFO - Setting next_dagrun for spotify_pipeline to 2024-11-09 00:00:00+00:00, run_after=2024-11-10 00:00:00+00:00
[2024-11-09T21:02:16.674+0000] {processor.py:208} INFO - Processing /opt/airflow/dags/spotify_pipeline.py took 0.118 seconds
[2024-11-09T21:02:46.877+0000] {processor.py:186} INFO - Started process (PID=5645) to work on /opt/airflow/dags/spotify_pipeline.py
[2024-11-09T21:02:46.878+0000] {processor.py:914} INFO - Processing file /opt/airflow/dags/spotify_pipeline.py for tasks to queue
[2024-11-09T21:02:46.880+0000] {logging_mixin.py:190} INFO - [2024-11-09T21:02:46.879+0000] {dagbag.py:588} INFO - Filling up the DagBag from /opt/airflow/dags/spotify_pipeline.py
[2024-11-09T21:02:46.898+0000] {processor.py:925} INFO - DAG(s) 'spotify_pipeline' retrieved from /opt/airflow/dags/spotify_pipeline.py
[2024-11-09T21:02:46.925+0000] {logging_mixin.py:190} INFO - [2024-11-09T21:02:46.925+0000] {dag.py:3239} INFO - Sync 1 DAGs
[2024-11-09T21:02:46.948+0000] {logging_mixin.py:190} INFO - [2024-11-09T21:02:46.948+0000] {dag.py:4180} INFO - Setting next_dagrun for spotify_pipeline to 2024-11-09 00:00:00+00:00, run_after=2024-11-10 00:00:00+00:00
[2024-11-09T21:02:46.967+0000] {processor.py:208} INFO - Processing /opt/airflow/dags/spotify_pipeline.py took 0.095 seconds
[2024-11-09T21:03:17.166+0000] {processor.py:186} INFO - Started process (PID=5655) to work on /opt/airflow/dags/spotify_pipeline.py
[2024-11-09T21:03:17.167+0000] {processor.py:914} INFO - Processing file /opt/airflow/dags/spotify_pipeline.py for tasks to queue
[2024-11-09T21:03:17.168+0000] {logging_mixin.py:190} INFO - [2024-11-09T21:03:17.168+0000] {dagbag.py:588} INFO - Filling up the DagBag from /opt/airflow/dags/spotify_pipeline.py
[2024-11-09T21:03:17.184+0000] {processor.py:925} INFO - DAG(s) 'spotify_pipeline' retrieved from /opt/airflow/dags/spotify_pipeline.py
[2024-11-09T21:03:17.206+0000] {logging_mixin.py:190} INFO - [2024-11-09T21:03:17.205+0000] {dag.py:3239} INFO - Sync 1 DAGs
[2024-11-09T21:03:17.226+0000] {logging_mixin.py:190} INFO - [2024-11-09T21:03:17.226+0000] {dag.py:4180} INFO - Setting next_dagrun for spotify_pipeline to 2024-11-09 00:00:00+00:00, run_after=2024-11-10 00:00:00+00:00
[2024-11-09T21:03:17.256+0000] {processor.py:208} INFO - Processing /opt/airflow/dags/spotify_pipeline.py took 0.094 seconds
[2024-11-09T21:03:47.483+0000] {processor.py:186} INFO - Started process (PID=5665) to work on /opt/airflow/dags/spotify_pipeline.py
[2024-11-09T21:03:47.484+0000] {processor.py:914} INFO - Processing file /opt/airflow/dags/spotify_pipeline.py for tasks to queue
[2024-11-09T21:03:47.485+0000] {logging_mixin.py:190} INFO - [2024-11-09T21:03:47.484+0000] {dagbag.py:588} INFO - Filling up the DagBag from /opt/airflow/dags/spotify_pipeline.py
[2024-11-09T21:03:47.502+0000] {processor.py:925} INFO - DAG(s) 'spotify_pipeline' retrieved from /opt/airflow/dags/spotify_pipeline.py
[2024-11-09T21:03:47.526+0000] {logging_mixin.py:190} INFO - [2024-11-09T21:03:47.526+0000] {dag.py:3239} INFO - Sync 1 DAGs
[2024-11-09T21:03:47.548+0000] {logging_mixin.py:190} INFO - [2024-11-09T21:03:47.548+0000] {dag.py:4180} INFO - Setting next_dagrun for spotify_pipeline to 2024-11-09 00:00:00+00:00, run_after=2024-11-10 00:00:00+00:00
[2024-11-09T21:03:47.580+0000] {processor.py:208} INFO - Processing /opt/airflow/dags/spotify_pipeline.py took 0.101 seconds
[2024-11-09T21:04:17.846+0000] {processor.py:186} INFO - Started process (PID=5675) to work on /opt/airflow/dags/spotify_pipeline.py
[2024-11-09T21:04:17.846+0000] {processor.py:914} INFO - Processing file /opt/airflow/dags/spotify_pipeline.py for tasks to queue
[2024-11-09T21:04:17.847+0000] {logging_mixin.py:190} INFO - [2024-11-09T21:04:17.847+0000] {dagbag.py:588} INFO - Filling up the DagBag from /opt/airflow/dags/spotify_pipeline.py
[2024-11-09T21:04:17.863+0000] {processor.py:925} INFO - DAG(s) 'spotify_pipeline' retrieved from /opt/airflow/dags/spotify_pipeline.py
[2024-11-09T21:04:17.887+0000] {logging_mixin.py:190} INFO - [2024-11-09T21:04:17.887+0000] {dag.py:3239} INFO - Sync 1 DAGs
[2024-11-09T21:04:17.906+0000] {logging_mixin.py:190} INFO - [2024-11-09T21:04:17.906+0000] {dag.py:4180} INFO - Setting next_dagrun for spotify_pipeline to 2024-11-09 00:00:00+00:00, run_after=2024-11-10 00:00:00+00:00
[2024-11-09T21:04:17.924+0000] {processor.py:208} INFO - Processing /opt/airflow/dags/spotify_pipeline.py took 0.083 seconds
[2024-11-09T21:04:48.144+0000] {processor.py:186} INFO - Started process (PID=5685) to work on /opt/airflow/dags/spotify_pipeline.py
[2024-11-09T21:04:48.145+0000] {processor.py:914} INFO - Processing file /opt/airflow/dags/spotify_pipeline.py for tasks to queue
[2024-11-09T21:04:48.146+0000] {logging_mixin.py:190} INFO - [2024-11-09T21:04:48.146+0000] {dagbag.py:588} INFO - Filling up the DagBag from /opt/airflow/dags/spotify_pipeline.py
[2024-11-09T21:04:48.163+0000] {processor.py:925} INFO - DAG(s) 'spotify_pipeline' retrieved from /opt/airflow/dags/spotify_pipeline.py
[2024-11-09T21:04:48.187+0000] {logging_mixin.py:190} INFO - [2024-11-09T21:04:48.187+0000] {dag.py:3239} INFO - Sync 1 DAGs
[2024-11-09T21:04:48.207+0000] {logging_mixin.py:190} INFO - [2024-11-09T21:04:48.207+0000] {dag.py:4180} INFO - Setting next_dagrun for spotify_pipeline to 2024-11-09 00:00:00+00:00, run_after=2024-11-10 00:00:00+00:00
[2024-11-09T21:04:48.223+0000] {processor.py:208} INFO - Processing /opt/airflow/dags/spotify_pipeline.py took 0.084 seconds
[2024-11-09T21:05:18.444+0000] {processor.py:186} INFO - Started process (PID=5695) to work on /opt/airflow/dags/spotify_pipeline.py
[2024-11-09T21:05:18.445+0000] {processor.py:914} INFO - Processing file /opt/airflow/dags/spotify_pipeline.py for tasks to queue
[2024-11-09T21:05:18.445+0000] {logging_mixin.py:190} INFO - [2024-11-09T21:05:18.445+0000] {dagbag.py:588} INFO - Filling up the DagBag from /opt/airflow/dags/spotify_pipeline.py
[2024-11-09T21:05:18.460+0000] {processor.py:925} INFO - DAG(s) 'spotify_pipeline' retrieved from /opt/airflow/dags/spotify_pipeline.py
[2024-11-09T21:05:18.484+0000] {logging_mixin.py:190} INFO - [2024-11-09T21:05:18.484+0000] {dag.py:3239} INFO - Sync 1 DAGs
[2024-11-09T21:05:18.504+0000] {logging_mixin.py:190} INFO - [2024-11-09T21:05:18.504+0000] {dag.py:4180} INFO - Setting next_dagrun for spotify_pipeline to 2024-11-09 00:00:00+00:00, run_after=2024-11-10 00:00:00+00:00
[2024-11-09T21:05:18.520+0000] {processor.py:208} INFO - Processing /opt/airflow/dags/spotify_pipeline.py took 0.081 seconds
[2024-11-09T21:05:48.723+0000] {processor.py:186} INFO - Started process (PID=5705) to work on /opt/airflow/dags/spotify_pipeline.py
[2024-11-09T21:05:48.724+0000] {processor.py:914} INFO - Processing file /opt/airflow/dags/spotify_pipeline.py for tasks to queue
[2024-11-09T21:05:48.725+0000] {logging_mixin.py:190} INFO - [2024-11-09T21:05:48.725+0000] {dagbag.py:588} INFO - Filling up the DagBag from /opt/airflow/dags/spotify_pipeline.py
[2024-11-09T21:05:48.742+0000] {processor.py:925} INFO - DAG(s) 'spotify_pipeline' retrieved from /opt/airflow/dags/spotify_pipeline.py
[2024-11-09T21:05:48.766+0000] {logging_mixin.py:190} INFO - [2024-11-09T21:05:48.765+0000] {dag.py:3239} INFO - Sync 1 DAGs
[2024-11-09T21:05:48.788+0000] {logging_mixin.py:190} INFO - [2024-11-09T21:05:48.788+0000] {dag.py:4180} INFO - Setting next_dagrun for spotify_pipeline to 2024-11-09 00:00:00+00:00, run_after=2024-11-10 00:00:00+00:00
[2024-11-09T21:05:48.819+0000] {processor.py:208} INFO - Processing /opt/airflow/dags/spotify_pipeline.py took 0.105 seconds
[2024-11-09T21:06:19.021+0000] {processor.py:186} INFO - Started process (PID=5715) to work on /opt/airflow/dags/spotify_pipeline.py
[2024-11-09T21:06:19.021+0000] {processor.py:914} INFO - Processing file /opt/airflow/dags/spotify_pipeline.py for tasks to queue
[2024-11-09T21:06:19.023+0000] {logging_mixin.py:190} INFO - [2024-11-09T21:06:19.022+0000] {dagbag.py:588} INFO - Filling up the DagBag from /opt/airflow/dags/spotify_pipeline.py
[2024-11-09T21:06:19.043+0000] {processor.py:925} INFO - DAG(s) 'spotify_pipeline' retrieved from /opt/airflow/dags/spotify_pipeline.py
[2024-11-09T21:06:19.067+0000] {logging_mixin.py:190} INFO - [2024-11-09T21:06:19.066+0000] {dag.py:3239} INFO - Sync 1 DAGs
[2024-11-09T21:06:19.089+0000] {logging_mixin.py:190} INFO - [2024-11-09T21:06:19.089+0000] {dag.py:4180} INFO - Setting next_dagrun for spotify_pipeline to 2024-11-09 00:00:00+00:00, run_after=2024-11-10 00:00:00+00:00
[2024-11-09T21:06:19.109+0000] {processor.py:208} INFO - Processing /opt/airflow/dags/spotify_pipeline.py took 0.093 seconds
[2024-11-09T21:06:49.311+0000] {processor.py:186} INFO - Started process (PID=5725) to work on /opt/airflow/dags/spotify_pipeline.py
[2024-11-09T21:06:49.313+0000] {processor.py:914} INFO - Processing file /opt/airflow/dags/spotify_pipeline.py for tasks to queue
[2024-11-09T21:06:49.314+0000] {logging_mixin.py:190} INFO - [2024-11-09T21:06:49.314+0000] {dagbag.py:588} INFO - Filling up the DagBag from /opt/airflow/dags/spotify_pipeline.py
[2024-11-09T21:06:49.338+0000] {processor.py:925} INFO - DAG(s) 'spotify_pipeline' retrieved from /opt/airflow/dags/spotify_pipeline.py
[2024-11-09T21:06:49.362+0000] {logging_mixin.py:190} INFO - [2024-11-09T21:06:49.362+0000] {dag.py:3239} INFO - Sync 1 DAGs
[2024-11-09T21:06:49.385+0000] {logging_mixin.py:190} INFO - [2024-11-09T21:06:49.385+0000] {dag.py:4180} INFO - Setting next_dagrun for spotify_pipeline to 2024-11-09 00:00:00+00:00, run_after=2024-11-10 00:00:00+00:00
[2024-11-09T21:06:49.405+0000] {processor.py:208} INFO - Processing /opt/airflow/dags/spotify_pipeline.py took 0.098 seconds
[2024-11-09T21:07:19.608+0000] {processor.py:186} INFO - Started process (PID=5735) to work on /opt/airflow/dags/spotify_pipeline.py
[2024-11-09T21:07:19.609+0000] {processor.py:914} INFO - Processing file /opt/airflow/dags/spotify_pipeline.py for tasks to queue
[2024-11-09T21:07:19.611+0000] {logging_mixin.py:190} INFO - [2024-11-09T21:07:19.610+0000] {dagbag.py:588} INFO - Filling up the DagBag from /opt/airflow/dags/spotify_pipeline.py
[2024-11-09T21:07:19.631+0000] {processor.py:925} INFO - DAG(s) 'spotify_pipeline' retrieved from /opt/airflow/dags/spotify_pipeline.py
[2024-11-09T21:07:19.656+0000] {logging_mixin.py:190} INFO - [2024-11-09T21:07:19.656+0000] {dag.py:3239} INFO - Sync 1 DAGs
[2024-11-09T21:07:19.677+0000] {logging_mixin.py:190} INFO - [2024-11-09T21:07:19.677+0000] {dag.py:4180} INFO - Setting next_dagrun for spotify_pipeline to 2024-11-09 00:00:00+00:00, run_after=2024-11-10 00:00:00+00:00
[2024-11-09T21:07:19.708+0000] {processor.py:208} INFO - Processing /opt/airflow/dags/spotify_pipeline.py took 0.106 seconds
[2024-11-09T21:07:49.907+0000] {processor.py:186} INFO - Started process (PID=5745) to work on /opt/airflow/dags/spotify_pipeline.py
[2024-11-09T21:07:49.908+0000] {processor.py:914} INFO - Processing file /opt/airflow/dags/spotify_pipeline.py for tasks to queue
[2024-11-09T21:07:49.909+0000] {logging_mixin.py:190} INFO - [2024-11-09T21:07:49.909+0000] {dagbag.py:588} INFO - Filling up the DagBag from /opt/airflow/dags/spotify_pipeline.py
[2024-11-09T21:07:49.927+0000] {processor.py:925} INFO - DAG(s) 'spotify_pipeline' retrieved from /opt/airflow/dags/spotify_pipeline.py
[2024-11-09T21:07:49.949+0000] {logging_mixin.py:190} INFO - [2024-11-09T21:07:49.948+0000] {dag.py:3239} INFO - Sync 1 DAGs
[2024-11-09T21:07:49.968+0000] {logging_mixin.py:190} INFO - [2024-11-09T21:07:49.968+0000] {dag.py:4180} INFO - Setting next_dagrun for spotify_pipeline to 2024-11-09 00:00:00+00:00, run_after=2024-11-10 00:00:00+00:00
[2024-11-09T21:07:49.999+0000] {processor.py:208} INFO - Processing /opt/airflow/dags/spotify_pipeline.py took 0.096 seconds
[2024-11-09T21:08:20.188+0000] {processor.py:186} INFO - Started process (PID=5755) to work on /opt/airflow/dags/spotify_pipeline.py
[2024-11-09T21:08:20.189+0000] {processor.py:914} INFO - Processing file /opt/airflow/dags/spotify_pipeline.py for tasks to queue
[2024-11-09T21:08:20.190+0000] {logging_mixin.py:190} INFO - [2024-11-09T21:08:20.190+0000] {dagbag.py:588} INFO - Filling up the DagBag from /opt/airflow/dags/spotify_pipeline.py
[2024-11-09T21:08:20.204+0000] {processor.py:925} INFO - DAG(s) 'spotify_pipeline' retrieved from /opt/airflow/dags/spotify_pipeline.py
[2024-11-09T21:08:20.226+0000] {logging_mixin.py:190} INFO - [2024-11-09T21:08:20.226+0000] {dag.py:3239} INFO - Sync 1 DAGs
[2024-11-09T21:08:20.247+0000] {logging_mixin.py:190} INFO - [2024-11-09T21:08:20.247+0000] {dag.py:4180} INFO - Setting next_dagrun for spotify_pipeline to 2024-11-09 00:00:00+00:00, run_after=2024-11-10 00:00:00+00:00
[2024-11-09T21:08:20.261+0000] {processor.py:208} INFO - Processing /opt/airflow/dags/spotify_pipeline.py took 0.076 seconds
[2024-11-09T21:08:50.459+0000] {processor.py:186} INFO - Started process (PID=5765) to work on /opt/airflow/dags/spotify_pipeline.py
[2024-11-09T21:08:50.460+0000] {processor.py:914} INFO - Processing file /opt/airflow/dags/spotify_pipeline.py for tasks to queue
[2024-11-09T21:08:50.461+0000] {logging_mixin.py:190} INFO - [2024-11-09T21:08:50.461+0000] {dagbag.py:588} INFO - Filling up the DagBag from /opt/airflow/dags/spotify_pipeline.py
[2024-11-09T21:08:50.478+0000] {processor.py:925} INFO - DAG(s) 'spotify_pipeline' retrieved from /opt/airflow/dags/spotify_pipeline.py
[2024-11-09T21:08:50.502+0000] {logging_mixin.py:190} INFO - [2024-11-09T21:08:50.502+0000] {dag.py:3239} INFO - Sync 1 DAGs
[2024-11-09T21:08:50.525+0000] {logging_mixin.py:190} INFO - [2024-11-09T21:08:50.525+0000] {dag.py:4180} INFO - Setting next_dagrun for spotify_pipeline to 2024-11-09 00:00:00+00:00, run_after=2024-11-10 00:00:00+00:00
[2024-11-09T21:08:50.542+0000] {processor.py:208} INFO - Processing /opt/airflow/dags/spotify_pipeline.py took 0.088 seconds
[2024-11-09T21:09:20.750+0000] {processor.py:186} INFO - Started process (PID=5775) to work on /opt/airflow/dags/spotify_pipeline.py
[2024-11-09T21:09:20.751+0000] {processor.py:914} INFO - Processing file /opt/airflow/dags/spotify_pipeline.py for tasks to queue
[2024-11-09T21:09:20.753+0000] {logging_mixin.py:190} INFO - [2024-11-09T21:09:20.752+0000] {dagbag.py:588} INFO - Filling up the DagBag from /opt/airflow/dags/spotify_pipeline.py
[2024-11-09T21:09:20.771+0000] {processor.py:925} INFO - DAG(s) 'spotify_pipeline' retrieved from /opt/airflow/dags/spotify_pipeline.py
[2024-11-09T21:09:20.796+0000] {logging_mixin.py:190} INFO - [2024-11-09T21:09:20.796+0000] {dag.py:3239} INFO - Sync 1 DAGs
[2024-11-09T21:09:20.819+0000] {logging_mixin.py:190} INFO - [2024-11-09T21:09:20.819+0000] {dag.py:4180} INFO - Setting next_dagrun for spotify_pipeline to 2024-11-09 00:00:00+00:00, run_after=2024-11-10 00:00:00+00:00
[2024-11-09T21:09:20.841+0000] {processor.py:208} INFO - Processing /opt/airflow/dags/spotify_pipeline.py took 0.096 seconds
[2024-11-09T21:09:51.051+0000] {processor.py:186} INFO - Started process (PID=5785) to work on /opt/airflow/dags/spotify_pipeline.py
[2024-11-09T21:09:51.052+0000] {processor.py:914} INFO - Processing file /opt/airflow/dags/spotify_pipeline.py for tasks to queue
[2024-11-09T21:09:51.053+0000] {logging_mixin.py:190} INFO - [2024-11-09T21:09:51.052+0000] {dagbag.py:588} INFO - Filling up the DagBag from /opt/airflow/dags/spotify_pipeline.py
[2024-11-09T21:09:51.069+0000] {processor.py:925} INFO - DAG(s) 'spotify_pipeline' retrieved from /opt/airflow/dags/spotify_pipeline.py
[2024-11-09T21:09:51.093+0000] {logging_mixin.py:190} INFO - [2024-11-09T21:09:51.093+0000] {dag.py:3239} INFO - Sync 1 DAGs
[2024-11-09T21:09:51.115+0000] {logging_mixin.py:190} INFO - [2024-11-09T21:09:51.115+0000] {dag.py:4180} INFO - Setting next_dagrun for spotify_pipeline to 2024-11-09 00:00:00+00:00, run_after=2024-11-10 00:00:00+00:00
[2024-11-09T21:09:51.134+0000] {processor.py:208} INFO - Processing /opt/airflow/dags/spotify_pipeline.py took 0.088 seconds
[2024-11-09T21:10:21.339+0000] {processor.py:186} INFO - Started process (PID=5795) to work on /opt/airflow/dags/spotify_pipeline.py
[2024-11-09T21:10:21.340+0000] {processor.py:914} INFO - Processing file /opt/airflow/dags/spotify_pipeline.py for tasks to queue
[2024-11-09T21:10:21.342+0000] {logging_mixin.py:190} INFO - [2024-11-09T21:10:21.341+0000] {dagbag.py:588} INFO - Filling up the DagBag from /opt/airflow/dags/spotify_pipeline.py
[2024-11-09T21:10:21.365+0000] {processor.py:925} INFO - DAG(s) 'spotify_pipeline' retrieved from /opt/airflow/dags/spotify_pipeline.py
[2024-11-09T21:10:21.389+0000] {logging_mixin.py:190} INFO - [2024-11-09T21:10:21.389+0000] {dag.py:3239} INFO - Sync 1 DAGs
[2024-11-09T21:10:21.411+0000] {logging_mixin.py:190} INFO - [2024-11-09T21:10:21.411+0000] {dag.py:4180} INFO - Setting next_dagrun for spotify_pipeline to 2024-11-09 00:00:00+00:00, run_after=2024-11-10 00:00:00+00:00
[2024-11-09T21:10:21.432+0000] {processor.py:208} INFO - Processing /opt/airflow/dags/spotify_pipeline.py took 0.099 seconds
[2024-11-09T21:10:51.642+0000] {processor.py:186} INFO - Started process (PID=5805) to work on /opt/airflow/dags/spotify_pipeline.py
[2024-11-09T21:10:51.643+0000] {processor.py:914} INFO - Processing file /opt/airflow/dags/spotify_pipeline.py for tasks to queue
[2024-11-09T21:10:51.644+0000] {logging_mixin.py:190} INFO - [2024-11-09T21:10:51.644+0000] {dagbag.py:588} INFO - Filling up the DagBag from /opt/airflow/dags/spotify_pipeline.py
[2024-11-09T21:10:51.662+0000] {processor.py:925} INFO - DAG(s) 'spotify_pipeline' retrieved from /opt/airflow/dags/spotify_pipeline.py
[2024-11-09T21:10:51.685+0000] {logging_mixin.py:190} INFO - [2024-11-09T21:10:51.685+0000] {dag.py:3239} INFO - Sync 1 DAGs
[2024-11-09T21:10:51.705+0000] {logging_mixin.py:190} INFO - [2024-11-09T21:10:51.705+0000] {dag.py:4180} INFO - Setting next_dagrun for spotify_pipeline to 2024-11-09 00:00:00+00:00, run_after=2024-11-10 00:00:00+00:00
[2024-11-09T21:10:51.720+0000] {processor.py:208} INFO - Processing /opt/airflow/dags/spotify_pipeline.py took 0.081 seconds
[2024-11-09T21:11:21.922+0000] {processor.py:186} INFO - Started process (PID=5815) to work on /opt/airflow/dags/spotify_pipeline.py
[2024-11-09T21:11:21.923+0000] {processor.py:914} INFO - Processing file /opt/airflow/dags/spotify_pipeline.py for tasks to queue
[2024-11-09T21:11:21.925+0000] {logging_mixin.py:190} INFO - [2024-11-09T21:11:21.925+0000] {dagbag.py:588} INFO - Filling up the DagBag from /opt/airflow/dags/spotify_pipeline.py
[2024-11-09T21:11:21.945+0000] {processor.py:925} INFO - DAG(s) 'spotify_pipeline' retrieved from /opt/airflow/dags/spotify_pipeline.py
[2024-11-09T21:11:21.972+0000] {logging_mixin.py:190} INFO - [2024-11-09T21:11:21.971+0000] {dag.py:3239} INFO - Sync 1 DAGs
[2024-11-09T21:11:21.996+0000] {logging_mixin.py:190} INFO - [2024-11-09T21:11:21.996+0000] {dag.py:4180} INFO - Setting next_dagrun for spotify_pipeline to 2024-11-09 00:00:00+00:00, run_after=2024-11-10 00:00:00+00:00
[2024-11-09T21:11:22.013+0000] {processor.py:208} INFO - Processing /opt/airflow/dags/spotify_pipeline.py took 0.097 seconds
[2024-11-09T21:11:52.218+0000] {processor.py:186} INFO - Started process (PID=5825) to work on /opt/airflow/dags/spotify_pipeline.py
[2024-11-09T21:11:52.219+0000] {processor.py:914} INFO - Processing file /opt/airflow/dags/spotify_pipeline.py for tasks to queue
[2024-11-09T21:11:52.220+0000] {logging_mixin.py:190} INFO - [2024-11-09T21:11:52.220+0000] {dagbag.py:588} INFO - Filling up the DagBag from /opt/airflow/dags/spotify_pipeline.py
[2024-11-09T21:11:52.238+0000] {processor.py:925} INFO - DAG(s) 'spotify_pipeline' retrieved from /opt/airflow/dags/spotify_pipeline.py
[2024-11-09T21:11:52.260+0000] {logging_mixin.py:190} INFO - [2024-11-09T21:11:52.260+0000] {dag.py:3239} INFO - Sync 1 DAGs
[2024-11-09T21:11:52.280+0000] {logging_mixin.py:190} INFO - [2024-11-09T21:11:52.280+0000] {dag.py:4180} INFO - Setting next_dagrun for spotify_pipeline to 2024-11-09 00:00:00+00:00, run_after=2024-11-10 00:00:00+00:00
[2024-11-09T21:11:52.299+0000] {processor.py:208} INFO - Processing /opt/airflow/dags/spotify_pipeline.py took 0.086 seconds
[2024-11-09T21:12:22.518+0000] {processor.py:186} INFO - Started process (PID=5835) to work on /opt/airflow/dags/spotify_pipeline.py
[2024-11-09T21:12:22.519+0000] {processor.py:914} INFO - Processing file /opt/airflow/dags/spotify_pipeline.py for tasks to queue
[2024-11-09T21:12:22.520+0000] {logging_mixin.py:190} INFO - [2024-11-09T21:12:22.519+0000] {dagbag.py:588} INFO - Filling up the DagBag from /opt/airflow/dags/spotify_pipeline.py
[2024-11-09T21:12:22.539+0000] {processor.py:925} INFO - DAG(s) 'spotify_pipeline' retrieved from /opt/airflow/dags/spotify_pipeline.py
[2024-11-09T21:12:22.563+0000] {logging_mixin.py:190} INFO - [2024-11-09T21:12:22.563+0000] {dag.py:3239} INFO - Sync 1 DAGs
[2024-11-09T21:12:22.583+0000] {logging_mixin.py:190} INFO - [2024-11-09T21:12:22.583+0000] {dag.py:4180} INFO - Setting next_dagrun for spotify_pipeline to 2024-11-09 00:00:00+00:00, run_after=2024-11-10 00:00:00+00:00
[2024-11-09T21:12:22.599+0000] {processor.py:208} INFO - Processing /opt/airflow/dags/spotify_pipeline.py took 0.087 seconds
[2024-11-09T21:12:52.827+0000] {processor.py:186} INFO - Started process (PID=5845) to work on /opt/airflow/dags/spotify_pipeline.py
[2024-11-09T21:12:52.828+0000] {processor.py:914} INFO - Processing file /opt/airflow/dags/spotify_pipeline.py for tasks to queue
[2024-11-09T21:12:52.829+0000] {logging_mixin.py:190} INFO - [2024-11-09T21:12:52.829+0000] {dagbag.py:588} INFO - Filling up the DagBag from /opt/airflow/dags/spotify_pipeline.py
[2024-11-09T21:12:52.844+0000] {processor.py:925} INFO - DAG(s) 'spotify_pipeline' retrieved from /opt/airflow/dags/spotify_pipeline.py
[2024-11-09T21:12:52.867+0000] {logging_mixin.py:190} INFO - [2024-11-09T21:12:52.867+0000] {dag.py:3239} INFO - Sync 1 DAGs
[2024-11-09T21:12:52.890+0000] {logging_mixin.py:190} INFO - [2024-11-09T21:12:52.890+0000] {dag.py:4180} INFO - Setting next_dagrun for spotify_pipeline to 2024-11-09 00:00:00+00:00, run_after=2024-11-10 00:00:00+00:00
[2024-11-09T21:12:52.908+0000] {processor.py:208} INFO - Processing /opt/airflow/dags/spotify_pipeline.py took 0.086 seconds
[2024-11-09T21:13:23.133+0000] {processor.py:186} INFO - Started process (PID=5855) to work on /opt/airflow/dags/spotify_pipeline.py
[2024-11-09T21:13:23.134+0000] {processor.py:914} INFO - Processing file /opt/airflow/dags/spotify_pipeline.py for tasks to queue
[2024-11-09T21:13:23.135+0000] {logging_mixin.py:190} INFO - [2024-11-09T21:13:23.135+0000] {dagbag.py:588} INFO - Filling up the DagBag from /opt/airflow/dags/spotify_pipeline.py
[2024-11-09T21:13:23.154+0000] {processor.py:925} INFO - DAG(s) 'spotify_pipeline' retrieved from /opt/airflow/dags/spotify_pipeline.py
[2024-11-09T21:13:23.178+0000] {logging_mixin.py:190} INFO - [2024-11-09T21:13:23.178+0000] {dag.py:3239} INFO - Sync 1 DAGs
[2024-11-09T21:13:23.201+0000] {logging_mixin.py:190} INFO - [2024-11-09T21:13:23.200+0000] {dag.py:4180} INFO - Setting next_dagrun for spotify_pipeline to 2024-11-09 00:00:00+00:00, run_after=2024-11-10 00:00:00+00:00
[2024-11-09T21:13:23.220+0000] {processor.py:208} INFO - Processing /opt/airflow/dags/spotify_pipeline.py took 0.092 seconds
[2024-11-09T21:13:53.438+0000] {processor.py:186} INFO - Started process (PID=5865) to work on /opt/airflow/dags/spotify_pipeline.py
[2024-11-09T21:13:53.439+0000] {processor.py:914} INFO - Processing file /opt/airflow/dags/spotify_pipeline.py for tasks to queue
[2024-11-09T21:13:53.441+0000] {logging_mixin.py:190} INFO - [2024-11-09T21:13:53.441+0000] {dagbag.py:588} INFO - Filling up the DagBag from /opt/airflow/dags/spotify_pipeline.py
[2024-11-09T21:13:53.459+0000] {processor.py:925} INFO - DAG(s) 'spotify_pipeline' retrieved from /opt/airflow/dags/spotify_pipeline.py
[2024-11-09T21:13:53.485+0000] {logging_mixin.py:190} INFO - [2024-11-09T21:13:53.484+0000] {dag.py:3239} INFO - Sync 1 DAGs
[2024-11-09T21:13:53.508+0000] {logging_mixin.py:190} INFO - [2024-11-09T21:13:53.507+0000] {dag.py:4180} INFO - Setting next_dagrun for spotify_pipeline to 2024-11-09 00:00:00+00:00, run_after=2024-11-10 00:00:00+00:00
[2024-11-09T21:13:53.527+0000] {processor.py:208} INFO - Processing /opt/airflow/dags/spotify_pipeline.py took 0.094 seconds
[2024-11-09T21:14:23.770+0000] {processor.py:186} INFO - Started process (PID=5875) to work on /opt/airflow/dags/spotify_pipeline.py
[2024-11-09T21:14:23.771+0000] {processor.py:914} INFO - Processing file /opt/airflow/dags/spotify_pipeline.py for tasks to queue
[2024-11-09T21:14:23.773+0000] {logging_mixin.py:190} INFO - [2024-11-09T21:14:23.773+0000] {dagbag.py:588} INFO - Filling up the DagBag from /opt/airflow/dags/spotify_pipeline.py
[2024-11-09T21:14:23.791+0000] {processor.py:925} INFO - DAG(s) 'spotify_pipeline' retrieved from /opt/airflow/dags/spotify_pipeline.py
[2024-11-09T21:14:23.817+0000] {logging_mixin.py:190} INFO - [2024-11-09T21:14:23.817+0000] {dag.py:3239} INFO - Sync 1 DAGs
[2024-11-09T21:14:23.839+0000] {logging_mixin.py:190} INFO - [2024-11-09T21:14:23.839+0000] {dag.py:4180} INFO - Setting next_dagrun for spotify_pipeline to 2024-11-09 00:00:00+00:00, run_after=2024-11-10 00:00:00+00:00
[2024-11-09T21:14:23.857+0000] {processor.py:208} INFO - Processing /opt/airflow/dags/spotify_pipeline.py took 0.092 seconds
[2024-11-09T21:14:54.071+0000] {processor.py:186} INFO - Started process (PID=5885) to work on /opt/airflow/dags/spotify_pipeline.py
[2024-11-09T21:14:54.072+0000] {processor.py:914} INFO - Processing file /opt/airflow/dags/spotify_pipeline.py for tasks to queue
[2024-11-09T21:14:54.073+0000] {logging_mixin.py:190} INFO - [2024-11-09T21:14:54.073+0000] {dagbag.py:588} INFO - Filling up the DagBag from /opt/airflow/dags/spotify_pipeline.py
[2024-11-09T21:14:54.095+0000] {processor.py:925} INFO - DAG(s) 'spotify_pipeline' retrieved from /opt/airflow/dags/spotify_pipeline.py
[2024-11-09T21:14:54.122+0000] {logging_mixin.py:190} INFO - [2024-11-09T21:14:54.121+0000] {dag.py:3239} INFO - Sync 1 DAGs
[2024-11-09T21:14:54.146+0000] {logging_mixin.py:190} INFO - [2024-11-09T21:14:54.146+0000] {dag.py:4180} INFO - Setting next_dagrun for spotify_pipeline to 2024-11-09 00:00:00+00:00, run_after=2024-11-10 00:00:00+00:00
[2024-11-09T21:14:54.168+0000] {processor.py:208} INFO - Processing /opt/airflow/dags/spotify_pipeline.py took 0.103 seconds
[2024-11-09T21:15:24.374+0000] {processor.py:186} INFO - Started process (PID=5895) to work on /opt/airflow/dags/spotify_pipeline.py
[2024-11-09T21:15:24.375+0000] {processor.py:914} INFO - Processing file /opt/airflow/dags/spotify_pipeline.py for tasks to queue
[2024-11-09T21:15:24.376+0000] {logging_mixin.py:190} INFO - [2024-11-09T21:15:24.376+0000] {dagbag.py:588} INFO - Filling up the DagBag from /opt/airflow/dags/spotify_pipeline.py
[2024-11-09T21:15:24.397+0000] {processor.py:925} INFO - DAG(s) 'spotify_pipeline' retrieved from /opt/airflow/dags/spotify_pipeline.py
[2024-11-09T21:15:24.423+0000] {logging_mixin.py:190} INFO - [2024-11-09T21:15:24.423+0000] {dag.py:3239} INFO - Sync 1 DAGs
[2024-11-09T21:15:24.446+0000] {logging_mixin.py:190} INFO - [2024-11-09T21:15:24.446+0000] {dag.py:4180} INFO - Setting next_dagrun for spotify_pipeline to 2024-11-09 00:00:00+00:00, run_after=2024-11-10 00:00:00+00:00
[2024-11-09T21:15:24.466+0000] {processor.py:208} INFO - Processing /opt/airflow/dags/spotify_pipeline.py took 0.098 seconds
[2024-11-09T21:15:54.691+0000] {processor.py:186} INFO - Started process (PID=5905) to work on /opt/airflow/dags/spotify_pipeline.py
[2024-11-09T21:15:54.692+0000] {processor.py:914} INFO - Processing file /opt/airflow/dags/spotify_pipeline.py for tasks to queue
[2024-11-09T21:15:54.694+0000] {logging_mixin.py:190} INFO - [2024-11-09T21:15:54.693+0000] {dagbag.py:588} INFO - Filling up the DagBag from /opt/airflow/dags/spotify_pipeline.py
[2024-11-09T21:15:54.713+0000] {processor.py:925} INFO - DAG(s) 'spotify_pipeline' retrieved from /opt/airflow/dags/spotify_pipeline.py
[2024-11-09T21:15:54.738+0000] {logging_mixin.py:190} INFO - [2024-11-09T21:15:54.738+0000] {dag.py:3239} INFO - Sync 1 DAGs
[2024-11-09T21:15:54.759+0000] {logging_mixin.py:190} INFO - [2024-11-09T21:15:54.759+0000] {dag.py:4180} INFO - Setting next_dagrun for spotify_pipeline to 2024-11-09 00:00:00+00:00, run_after=2024-11-10 00:00:00+00:00
[2024-11-09T21:15:54.777+0000] {processor.py:208} INFO - Processing /opt/airflow/dags/spotify_pipeline.py took 0.091 seconds
[2024-11-09T21:16:24.991+0000] {processor.py:186} INFO - Started process (PID=5915) to work on /opt/airflow/dags/spotify_pipeline.py
[2024-11-09T21:16:24.992+0000] {processor.py:914} INFO - Processing file /opt/airflow/dags/spotify_pipeline.py for tasks to queue
[2024-11-09T21:16:24.993+0000] {logging_mixin.py:190} INFO - [2024-11-09T21:16:24.993+0000] {dagbag.py:588} INFO - Filling up the DagBag from /opt/airflow/dags/spotify_pipeline.py
[2024-11-09T21:16:25.010+0000] {processor.py:925} INFO - DAG(s) 'spotify_pipeline' retrieved from /opt/airflow/dags/spotify_pipeline.py
[2024-11-09T21:16:25.034+0000] {logging_mixin.py:190} INFO - [2024-11-09T21:16:25.034+0000] {dag.py:3239} INFO - Sync 1 DAGs
[2024-11-09T21:16:25.055+0000] {logging_mixin.py:190} INFO - [2024-11-09T21:16:25.055+0000] {dag.py:4180} INFO - Setting next_dagrun for spotify_pipeline to 2024-11-09 00:00:00+00:00, run_after=2024-11-10 00:00:00+00:00
[2024-11-09T21:16:25.072+0000] {processor.py:208} INFO - Processing /opt/airflow/dags/spotify_pipeline.py took 0.085 seconds
[2024-11-09T21:16:55.320+0000] {processor.py:186} INFO - Started process (PID=5925) to work on /opt/airflow/dags/spotify_pipeline.py
[2024-11-09T21:16:55.321+0000] {processor.py:914} INFO - Processing file /opt/airflow/dags/spotify_pipeline.py for tasks to queue
[2024-11-09T21:16:55.322+0000] {logging_mixin.py:190} INFO - [2024-11-09T21:16:55.321+0000] {dagbag.py:588} INFO - Filling up the DagBag from /opt/airflow/dags/spotify_pipeline.py
[2024-11-09T21:16:55.338+0000] {processor.py:925} INFO - DAG(s) 'spotify_pipeline' retrieved from /opt/airflow/dags/spotify_pipeline.py
[2024-11-09T21:16:55.363+0000] {logging_mixin.py:190} INFO - [2024-11-09T21:16:55.363+0000] {dag.py:3239} INFO - Sync 1 DAGs
[2024-11-09T21:16:55.385+0000] {logging_mixin.py:190} INFO - [2024-11-09T21:16:55.385+0000] {dag.py:4180} INFO - Setting next_dagrun for spotify_pipeline to 2024-11-09 00:00:00+00:00, run_after=2024-11-10 00:00:00+00:00
[2024-11-09T21:16:55.401+0000] {processor.py:208} INFO - Processing /opt/airflow/dags/spotify_pipeline.py took 0.087 seconds
[2024-11-09T21:17:25.628+0000] {processor.py:186} INFO - Started process (PID=5935) to work on /opt/airflow/dags/spotify_pipeline.py
[2024-11-09T21:17:25.630+0000] {processor.py:914} INFO - Processing file /opt/airflow/dags/spotify_pipeline.py for tasks to queue
[2024-11-09T21:17:25.632+0000] {logging_mixin.py:190} INFO - [2024-11-09T21:17:25.631+0000] {dagbag.py:588} INFO - Filling up the DagBag from /opt/airflow/dags/spotify_pipeline.py
[2024-11-09T21:17:25.653+0000] {processor.py:925} INFO - DAG(s) 'spotify_pipeline' retrieved from /opt/airflow/dags/spotify_pipeline.py
[2024-11-09T21:17:25.678+0000] {logging_mixin.py:190} INFO - [2024-11-09T21:17:25.678+0000] {dag.py:3239} INFO - Sync 1 DAGs
[2024-11-09T21:17:25.700+0000] {logging_mixin.py:190} INFO - [2024-11-09T21:17:25.700+0000] {dag.py:4180} INFO - Setting next_dagrun for spotify_pipeline to 2024-11-09 00:00:00+00:00, run_after=2024-11-10 00:00:00+00:00
[2024-11-09T21:17:25.717+0000] {processor.py:208} INFO - Processing /opt/airflow/dags/spotify_pipeline.py took 0.094 seconds
[2024-11-09T21:17:55.942+0000] {processor.py:186} INFO - Started process (PID=5945) to work on /opt/airflow/dags/spotify_pipeline.py
[2024-11-09T21:17:55.943+0000] {processor.py:914} INFO - Processing file /opt/airflow/dags/spotify_pipeline.py for tasks to queue
[2024-11-09T21:17:55.944+0000] {logging_mixin.py:190} INFO - [2024-11-09T21:17:55.944+0000] {dagbag.py:588} INFO - Filling up the DagBag from /opt/airflow/dags/spotify_pipeline.py
[2024-11-09T21:17:55.963+0000] {processor.py:925} INFO - DAG(s) 'spotify_pipeline' retrieved from /opt/airflow/dags/spotify_pipeline.py
[2024-11-09T21:17:55.988+0000] {logging_mixin.py:190} INFO - [2024-11-09T21:17:55.988+0000] {dag.py:3239} INFO - Sync 1 DAGs
[2024-11-09T21:17:56.010+0000] {logging_mixin.py:190} INFO - [2024-11-09T21:17:56.010+0000] {dag.py:4180} INFO - Setting next_dagrun for spotify_pipeline to 2024-11-09 00:00:00+00:00, run_after=2024-11-10 00:00:00+00:00
[2024-11-09T21:17:56.028+0000] {processor.py:208} INFO - Processing /opt/airflow/dags/spotify_pipeline.py took 0.091 seconds
[2024-11-09T21:18:26.246+0000] {processor.py:186} INFO - Started process (PID=5955) to work on /opt/airflow/dags/spotify_pipeline.py
[2024-11-09T21:18:26.247+0000] {processor.py:914} INFO - Processing file /opt/airflow/dags/spotify_pipeline.py for tasks to queue
[2024-11-09T21:18:26.248+0000] {logging_mixin.py:190} INFO - [2024-11-09T21:18:26.248+0000] {dagbag.py:588} INFO - Filling up the DagBag from /opt/airflow/dags/spotify_pipeline.py
[2024-11-09T21:18:26.269+0000] {processor.py:925} INFO - DAG(s) 'spotify_pipeline' retrieved from /opt/airflow/dags/spotify_pipeline.py
[2024-11-09T21:18:26.293+0000] {logging_mixin.py:190} INFO - [2024-11-09T21:18:26.293+0000] {dag.py:3239} INFO - Sync 1 DAGs
[2024-11-09T21:18:26.315+0000] {logging_mixin.py:190} INFO - [2024-11-09T21:18:26.315+0000] {dag.py:4180} INFO - Setting next_dagrun for spotify_pipeline to 2024-11-09 00:00:00+00:00, run_after=2024-11-10 00:00:00+00:00
[2024-11-09T21:18:26.330+0000] {processor.py:208} INFO - Processing /opt/airflow/dags/spotify_pipeline.py took 0.089 seconds
[2024-11-09T21:18:56.546+0000] {processor.py:186} INFO - Started process (PID=5965) to work on /opt/airflow/dags/spotify_pipeline.py
[2024-11-09T21:18:56.547+0000] {processor.py:914} INFO - Processing file /opt/airflow/dags/spotify_pipeline.py for tasks to queue
[2024-11-09T21:18:56.548+0000] {logging_mixin.py:190} INFO - [2024-11-09T21:18:56.548+0000] {dagbag.py:588} INFO - Filling up the DagBag from /opt/airflow/dags/spotify_pipeline.py
[2024-11-09T21:18:56.565+0000] {processor.py:925} INFO - DAG(s) 'spotify_pipeline' retrieved from /opt/airflow/dags/spotify_pipeline.py
[2024-11-09T21:18:56.589+0000] {logging_mixin.py:190} INFO - [2024-11-09T21:18:56.588+0000] {dag.py:3239} INFO - Sync 1 DAGs
[2024-11-09T21:18:56.608+0000] {logging_mixin.py:190} INFO - [2024-11-09T21:18:56.607+0000] {dag.py:4180} INFO - Setting next_dagrun for spotify_pipeline to 2024-11-09 00:00:00+00:00, run_after=2024-11-10 00:00:00+00:00
[2024-11-09T21:18:56.626+0000] {processor.py:208} INFO - Processing /opt/airflow/dags/spotify_pipeline.py took 0.083 seconds
[2024-11-09T21:19:26.880+0000] {processor.py:186} INFO - Started process (PID=5975) to work on /opt/airflow/dags/spotify_pipeline.py
[2024-11-09T21:19:26.881+0000] {processor.py:914} INFO - Processing file /opt/airflow/dags/spotify_pipeline.py for tasks to queue
[2024-11-09T21:19:26.883+0000] {logging_mixin.py:190} INFO - [2024-11-09T21:19:26.882+0000] {dagbag.py:588} INFO - Filling up the DagBag from /opt/airflow/dags/spotify_pipeline.py
[2024-11-09T21:19:26.907+0000] {processor.py:925} INFO - DAG(s) 'spotify_pipeline' retrieved from /opt/airflow/dags/spotify_pipeline.py
[2024-11-09T21:19:26.934+0000] {logging_mixin.py:190} INFO - [2024-11-09T21:19:26.934+0000] {dag.py:3239} INFO - Sync 1 DAGs
[2024-11-09T21:19:26.956+0000] {logging_mixin.py:190} INFO - [2024-11-09T21:19:26.956+0000] {dag.py:4180} INFO - Setting next_dagrun for spotify_pipeline to 2024-11-09 00:00:00+00:00, run_after=2024-11-10 00:00:00+00:00
[2024-11-09T21:19:26.975+0000] {processor.py:208} INFO - Processing /opt/airflow/dags/spotify_pipeline.py took 0.101 seconds
[2024-11-09T21:19:57.179+0000] {processor.py:186} INFO - Started process (PID=5985) to work on /opt/airflow/dags/spotify_pipeline.py
[2024-11-09T21:19:57.180+0000] {processor.py:914} INFO - Processing file /opt/airflow/dags/spotify_pipeline.py for tasks to queue
[2024-11-09T21:19:57.181+0000] {logging_mixin.py:190} INFO - [2024-11-09T21:19:57.181+0000] {dagbag.py:588} INFO - Filling up the DagBag from /opt/airflow/dags/spotify_pipeline.py
[2024-11-09T21:19:57.200+0000] {processor.py:925} INFO - DAG(s) 'spotify_pipeline' retrieved from /opt/airflow/dags/spotify_pipeline.py
[2024-11-09T21:19:57.223+0000] {logging_mixin.py:190} INFO - [2024-11-09T21:19:57.223+0000] {dag.py:3239} INFO - Sync 1 DAGs
[2024-11-09T21:19:57.248+0000] {logging_mixin.py:190} INFO - [2024-11-09T21:19:57.248+0000] {dag.py:4180} INFO - Setting next_dagrun for spotify_pipeline to 2024-11-09 00:00:00+00:00, run_after=2024-11-10 00:00:00+00:00
[2024-11-09T21:19:57.266+0000] {processor.py:208} INFO - Processing /opt/airflow/dags/spotify_pipeline.py took 0.091 seconds
[2024-11-09T21:20:27.473+0000] {processor.py:186} INFO - Started process (PID=5995) to work on /opt/airflow/dags/spotify_pipeline.py
[2024-11-09T21:20:27.474+0000] {processor.py:914} INFO - Processing file /opt/airflow/dags/spotify_pipeline.py for tasks to queue
[2024-11-09T21:20:27.476+0000] {logging_mixin.py:190} INFO - [2024-11-09T21:20:27.476+0000] {dagbag.py:588} INFO - Filling up the DagBag from /opt/airflow/dags/spotify_pipeline.py
[2024-11-09T21:20:27.496+0000] {processor.py:925} INFO - DAG(s) 'spotify_pipeline' retrieved from /opt/airflow/dags/spotify_pipeline.py
[2024-11-09T21:20:27.520+0000] {logging_mixin.py:190} INFO - [2024-11-09T21:20:27.520+0000] {dag.py:3239} INFO - Sync 1 DAGs
[2024-11-09T21:20:27.542+0000] {logging_mixin.py:190} INFO - [2024-11-09T21:20:27.542+0000] {dag.py:4180} INFO - Setting next_dagrun for spotify_pipeline to 2024-11-09 00:00:00+00:00, run_after=2024-11-10 00:00:00+00:00
[2024-11-09T21:20:27.558+0000] {processor.py:208} INFO - Processing /opt/airflow/dags/spotify_pipeline.py took 0.090 seconds
[2024-11-09T21:20:57.784+0000] {processor.py:186} INFO - Started process (PID=6005) to work on /opt/airflow/dags/spotify_pipeline.py
[2024-11-09T21:20:57.785+0000] {processor.py:914} INFO - Processing file /opt/airflow/dags/spotify_pipeline.py for tasks to queue
[2024-11-09T21:20:57.786+0000] {logging_mixin.py:190} INFO - [2024-11-09T21:20:57.785+0000] {dagbag.py:588} INFO - Filling up the DagBag from /opt/airflow/dags/spotify_pipeline.py
[2024-11-09T21:20:57.805+0000] {processor.py:925} INFO - DAG(s) 'spotify_pipeline' retrieved from /opt/airflow/dags/spotify_pipeline.py
[2024-11-09T21:20:57.829+0000] {logging_mixin.py:190} INFO - [2024-11-09T21:20:57.829+0000] {dag.py:3239} INFO - Sync 1 DAGs
[2024-11-09T21:20:57.854+0000] {logging_mixin.py:190} INFO - [2024-11-09T21:20:57.853+0000] {dag.py:4180} INFO - Setting next_dagrun for spotify_pipeline to 2024-11-09 00:00:00+00:00, run_after=2024-11-10 00:00:00+00:00
[2024-11-09T21:20:57.874+0000] {processor.py:208} INFO - Processing /opt/airflow/dags/spotify_pipeline.py took 0.096 seconds
[2024-11-09T21:21:28.116+0000] {processor.py:186} INFO - Started process (PID=6015) to work on /opt/airflow/dags/spotify_pipeline.py
[2024-11-09T21:21:28.118+0000] {processor.py:914} INFO - Processing file /opt/airflow/dags/spotify_pipeline.py for tasks to queue
[2024-11-09T21:21:28.120+0000] {logging_mixin.py:190} INFO - [2024-11-09T21:21:28.120+0000] {dagbag.py:588} INFO - Filling up the DagBag from /opt/airflow/dags/spotify_pipeline.py
[2024-11-09T21:21:28.139+0000] {processor.py:925} INFO - DAG(s) 'spotify_pipeline' retrieved from /opt/airflow/dags/spotify_pipeline.py
[2024-11-09T21:21:28.166+0000] {logging_mixin.py:190} INFO - [2024-11-09T21:21:28.166+0000] {dag.py:3239} INFO - Sync 1 DAGs
[2024-11-09T21:21:28.189+0000] {logging_mixin.py:190} INFO - [2024-11-09T21:21:28.189+0000] {dag.py:4180} INFO - Setting next_dagrun for spotify_pipeline to 2024-11-09 00:00:00+00:00, run_after=2024-11-10 00:00:00+00:00
[2024-11-09T21:21:28.208+0000] {processor.py:208} INFO - Processing /opt/airflow/dags/spotify_pipeline.py took 0.098 seconds
[2024-11-09T21:21:58.416+0000] {processor.py:186} INFO - Started process (PID=6025) to work on /opt/airflow/dags/spotify_pipeline.py
[2024-11-09T21:21:58.417+0000] {processor.py:914} INFO - Processing file /opt/airflow/dags/spotify_pipeline.py for tasks to queue
[2024-11-09T21:21:58.418+0000] {logging_mixin.py:190} INFO - [2024-11-09T21:21:58.418+0000] {dagbag.py:588} INFO - Filling up the DagBag from /opt/airflow/dags/spotify_pipeline.py
[2024-11-09T21:21:58.442+0000] {processor.py:925} INFO - DAG(s) 'spotify_pipeline' retrieved from /opt/airflow/dags/spotify_pipeline.py
[2024-11-09T21:21:58.468+0000] {logging_mixin.py:190} INFO - [2024-11-09T21:21:58.468+0000] {dag.py:3239} INFO - Sync 1 DAGs
[2024-11-09T21:21:58.490+0000] {logging_mixin.py:190} INFO - [2024-11-09T21:21:58.490+0000] {dag.py:4180} INFO - Setting next_dagrun for spotify_pipeline to 2024-11-09 00:00:00+00:00, run_after=2024-11-10 00:00:00+00:00
[2024-11-09T21:21:58.517+0000] {processor.py:208} INFO - Processing /opt/airflow/dags/spotify_pipeline.py took 0.106 seconds
[2024-11-09T21:22:28.732+0000] {processor.py:186} INFO - Started process (PID=6035) to work on /opt/airflow/dags/spotify_pipeline.py
[2024-11-09T21:22:28.733+0000] {processor.py:914} INFO - Processing file /opt/airflow/dags/spotify_pipeline.py for tasks to queue
[2024-11-09T21:22:28.734+0000] {logging_mixin.py:190} INFO - [2024-11-09T21:22:28.734+0000] {dagbag.py:588} INFO - Filling up the DagBag from /opt/airflow/dags/spotify_pipeline.py
[2024-11-09T21:22:28.754+0000] {processor.py:925} INFO - DAG(s) 'spotify_pipeline' retrieved from /opt/airflow/dags/spotify_pipeline.py
[2024-11-09T21:22:28.780+0000] {logging_mixin.py:190} INFO - [2024-11-09T21:22:28.779+0000] {dag.py:3239} INFO - Sync 1 DAGs
[2024-11-09T21:22:28.804+0000] {logging_mixin.py:190} INFO - [2024-11-09T21:22:28.803+0000] {dag.py:4180} INFO - Setting next_dagrun for spotify_pipeline to 2024-11-09 00:00:00+00:00, run_after=2024-11-10 00:00:00+00:00
[2024-11-09T21:22:28.838+0000] {processor.py:208} INFO - Processing /opt/airflow/dags/spotify_pipeline.py took 0.112 seconds
[2024-11-09T21:22:59.032+0000] {processor.py:186} INFO - Started process (PID=6045) to work on /opt/airflow/dags/spotify_pipeline.py
[2024-11-09T21:22:59.033+0000] {processor.py:914} INFO - Processing file /opt/airflow/dags/spotify_pipeline.py for tasks to queue
[2024-11-09T21:22:59.034+0000] {logging_mixin.py:190} INFO - [2024-11-09T21:22:59.033+0000] {dagbag.py:588} INFO - Filling up the DagBag from /opt/airflow/dags/spotify_pipeline.py
[2024-11-09T21:22:59.051+0000] {processor.py:925} INFO - DAG(s) 'spotify_pipeline' retrieved from /opt/airflow/dags/spotify_pipeline.py
[2024-11-09T21:22:59.076+0000] {logging_mixin.py:190} INFO - [2024-11-09T21:22:59.076+0000] {dag.py:3239} INFO - Sync 1 DAGs
[2024-11-09T21:22:59.098+0000] {logging_mixin.py:190} INFO - [2024-11-09T21:22:59.098+0000] {dag.py:4180} INFO - Setting next_dagrun for spotify_pipeline to 2024-11-09 00:00:00+00:00, run_after=2024-11-10 00:00:00+00:00
[2024-11-09T21:22:59.114+0000] {processor.py:208} INFO - Processing /opt/airflow/dags/spotify_pipeline.py took 0.087 seconds
[2024-11-09T21:23:29.335+0000] {processor.py:186} INFO - Started process (PID=6055) to work on /opt/airflow/dags/spotify_pipeline.py
[2024-11-09T21:23:29.336+0000] {processor.py:914} INFO - Processing file /opt/airflow/dags/spotify_pipeline.py for tasks to queue
[2024-11-09T21:23:29.337+0000] {logging_mixin.py:190} INFO - [2024-11-09T21:23:29.337+0000] {dagbag.py:588} INFO - Filling up the DagBag from /opt/airflow/dags/spotify_pipeline.py
[2024-11-09T21:23:29.357+0000] {processor.py:925} INFO - DAG(s) 'spotify_pipeline' retrieved from /opt/airflow/dags/spotify_pipeline.py
[2024-11-09T21:23:29.380+0000] {logging_mixin.py:190} INFO - [2024-11-09T21:23:29.380+0000] {dag.py:3239} INFO - Sync 1 DAGs
[2024-11-09T21:23:29.400+0000] {logging_mixin.py:190} INFO - [2024-11-09T21:23:29.400+0000] {dag.py:4180} INFO - Setting next_dagrun for spotify_pipeline to 2024-11-09 00:00:00+00:00, run_after=2024-11-10 00:00:00+00:00
[2024-11-09T21:23:29.415+0000] {processor.py:208} INFO - Processing /opt/airflow/dags/spotify_pipeline.py took 0.085 seconds
[2024-11-09T21:23:59.655+0000] {processor.py:186} INFO - Started process (PID=6065) to work on /opt/airflow/dags/spotify_pipeline.py
[2024-11-09T21:23:59.656+0000] {processor.py:914} INFO - Processing file /opt/airflow/dags/spotify_pipeline.py for tasks to queue
[2024-11-09T21:23:59.658+0000] {logging_mixin.py:190} INFO - [2024-11-09T21:23:59.657+0000] {dagbag.py:588} INFO - Filling up the DagBag from /opt/airflow/dags/spotify_pipeline.py
[2024-11-09T21:23:59.677+0000] {processor.py:925} INFO - DAG(s) 'spotify_pipeline' retrieved from /opt/airflow/dags/spotify_pipeline.py
[2024-11-09T21:23:59.702+0000] {logging_mixin.py:190} INFO - [2024-11-09T21:23:59.702+0000] {dag.py:3239} INFO - Sync 1 DAGs
[2024-11-09T21:23:59.724+0000] {logging_mixin.py:190} INFO - [2024-11-09T21:23:59.723+0000] {dag.py:4180} INFO - Setting next_dagrun for spotify_pipeline to 2024-11-09 00:00:00+00:00, run_after=2024-11-10 00:00:00+00:00
[2024-11-09T21:23:59.739+0000] {processor.py:208} INFO - Processing /opt/airflow/dags/spotify_pipeline.py took 0.090 seconds
[2024-11-09T21:24:29.974+0000] {processor.py:186} INFO - Started process (PID=6075) to work on /opt/airflow/dags/spotify_pipeline.py
[2024-11-09T21:24:29.975+0000] {processor.py:914} INFO - Processing file /opt/airflow/dags/spotify_pipeline.py for tasks to queue
[2024-11-09T21:24:29.976+0000] {logging_mixin.py:190} INFO - [2024-11-09T21:24:29.976+0000] {dagbag.py:588} INFO - Filling up the DagBag from /opt/airflow/dags/spotify_pipeline.py
[2024-11-09T21:24:29.993+0000] {processor.py:925} INFO - DAG(s) 'spotify_pipeline' retrieved from /opt/airflow/dags/spotify_pipeline.py
[2024-11-09T21:24:30.016+0000] {logging_mixin.py:190} INFO - [2024-11-09T21:24:30.016+0000] {dag.py:3239} INFO - Sync 1 DAGs
[2024-11-09T21:24:30.037+0000] {logging_mixin.py:190} INFO - [2024-11-09T21:24:30.037+0000] {dag.py:4180} INFO - Setting next_dagrun for spotify_pipeline to 2024-11-09 00:00:00+00:00, run_after=2024-11-10 00:00:00+00:00
[2024-11-09T21:24:30.070+0000] {processor.py:208} INFO - Processing /opt/airflow/dags/spotify_pipeline.py took 0.099 seconds
[2024-11-09T21:25:00.274+0000] {processor.py:186} INFO - Started process (PID=6085) to work on /opt/airflow/dags/spotify_pipeline.py
[2024-11-09T21:25:00.275+0000] {processor.py:914} INFO - Processing file /opt/airflow/dags/spotify_pipeline.py for tasks to queue
[2024-11-09T21:25:00.276+0000] {logging_mixin.py:190} INFO - [2024-11-09T21:25:00.276+0000] {dagbag.py:588} INFO - Filling up the DagBag from /opt/airflow/dags/spotify_pipeline.py
[2024-11-09T21:25:00.292+0000] {processor.py:925} INFO - DAG(s) 'spotify_pipeline' retrieved from /opt/airflow/dags/spotify_pipeline.py
[2024-11-09T21:25:00.318+0000] {logging_mixin.py:190} INFO - [2024-11-09T21:25:00.317+0000] {dag.py:3239} INFO - Sync 1 DAGs
[2024-11-09T21:25:00.341+0000] {logging_mixin.py:190} INFO - [2024-11-09T21:25:00.341+0000] {dag.py:4180} INFO - Setting next_dagrun for spotify_pipeline to 2024-11-09 00:00:00+00:00, run_after=2024-11-10 00:00:00+00:00
[2024-11-09T21:25:00.360+0000] {processor.py:208} INFO - Processing /opt/airflow/dags/spotify_pipeline.py took 0.091 seconds
[2024-11-09T21:25:30.588+0000] {processor.py:186} INFO - Started process (PID=6095) to work on /opt/airflow/dags/spotify_pipeline.py
[2024-11-09T21:25:30.589+0000] {processor.py:914} INFO - Processing file /opt/airflow/dags/spotify_pipeline.py for tasks to queue
[2024-11-09T21:25:30.590+0000] {logging_mixin.py:190} INFO - [2024-11-09T21:25:30.589+0000] {dagbag.py:588} INFO - Filling up the DagBag from /opt/airflow/dags/spotify_pipeline.py
[2024-11-09T21:25:30.607+0000] {processor.py:925} INFO - DAG(s) 'spotify_pipeline' retrieved from /opt/airflow/dags/spotify_pipeline.py
[2024-11-09T21:25:30.632+0000] {logging_mixin.py:190} INFO - [2024-11-09T21:25:30.631+0000] {dag.py:3239} INFO - Sync 1 DAGs
[2024-11-09T21:25:30.655+0000] {logging_mixin.py:190} INFO - [2024-11-09T21:25:30.654+0000] {dag.py:4180} INFO - Setting next_dagrun for spotify_pipeline to 2024-11-09 00:00:00+00:00, run_after=2024-11-10 00:00:00+00:00
[2024-11-09T21:25:30.671+0000] {processor.py:208} INFO - Processing /opt/airflow/dags/spotify_pipeline.py took 0.088 seconds
[2024-11-09T21:26:00.917+0000] {processor.py:186} INFO - Started process (PID=6105) to work on /opt/airflow/dags/spotify_pipeline.py
[2024-11-09T21:26:00.918+0000] {processor.py:914} INFO - Processing file /opt/airflow/dags/spotify_pipeline.py for tasks to queue
[2024-11-09T21:26:00.919+0000] {logging_mixin.py:190} INFO - [2024-11-09T21:26:00.919+0000] {dagbag.py:588} INFO - Filling up the DagBag from /opt/airflow/dags/spotify_pipeline.py
[2024-11-09T21:26:00.938+0000] {processor.py:925} INFO - DAG(s) 'spotify_pipeline' retrieved from /opt/airflow/dags/spotify_pipeline.py
[2024-11-09T21:26:00.963+0000] {logging_mixin.py:190} INFO - [2024-11-09T21:26:00.962+0000] {dag.py:3239} INFO - Sync 1 DAGs
[2024-11-09T21:26:00.985+0000] {logging_mixin.py:190} INFO - [2024-11-09T21:26:00.984+0000] {dag.py:4180} INFO - Setting next_dagrun for spotify_pipeline to 2024-11-09 00:00:00+00:00, run_after=2024-11-10 00:00:00+00:00
[2024-11-09T21:26:01.004+0000] {processor.py:208} INFO - Processing /opt/airflow/dags/spotify_pipeline.py took 0.091 seconds
[2024-11-09T21:26:31.218+0000] {processor.py:186} INFO - Started process (PID=6115) to work on /opt/airflow/dags/spotify_pipeline.py
[2024-11-09T21:26:31.219+0000] {processor.py:914} INFO - Processing file /opt/airflow/dags/spotify_pipeline.py for tasks to queue
[2024-11-09T21:26:31.220+0000] {logging_mixin.py:190} INFO - [2024-11-09T21:26:31.220+0000] {dagbag.py:588} INFO - Filling up the DagBag from /opt/airflow/dags/spotify_pipeline.py
[2024-11-09T21:26:31.239+0000] {processor.py:925} INFO - DAG(s) 'spotify_pipeline' retrieved from /opt/airflow/dags/spotify_pipeline.py
[2024-11-09T21:26:31.265+0000] {logging_mixin.py:190} INFO - [2024-11-09T21:26:31.265+0000] {dag.py:3239} INFO - Sync 1 DAGs
[2024-11-09T21:26:31.287+0000] {logging_mixin.py:190} INFO - [2024-11-09T21:26:31.287+0000] {dag.py:4180} INFO - Setting next_dagrun for spotify_pipeline to 2024-11-09 00:00:00+00:00, run_after=2024-11-10 00:00:00+00:00
[2024-11-09T21:26:31.317+0000] {processor.py:208} INFO - Processing /opt/airflow/dags/spotify_pipeline.py took 0.103 seconds
[2024-11-09T21:27:01.544+0000] {processor.py:186} INFO - Started process (PID=6125) to work on /opt/airflow/dags/spotify_pipeline.py
[2024-11-09T21:27:01.545+0000] {processor.py:914} INFO - Processing file /opt/airflow/dags/spotify_pipeline.py for tasks to queue
[2024-11-09T21:27:01.546+0000] {logging_mixin.py:190} INFO - [2024-11-09T21:27:01.546+0000] {dagbag.py:588} INFO - Filling up the DagBag from /opt/airflow/dags/spotify_pipeline.py
[2024-11-09T21:27:01.562+0000] {processor.py:925} INFO - DAG(s) 'spotify_pipeline' retrieved from /opt/airflow/dags/spotify_pipeline.py
[2024-11-09T21:27:01.588+0000] {logging_mixin.py:190} INFO - [2024-11-09T21:27:01.588+0000] {dag.py:3239} INFO - Sync 1 DAGs
[2024-11-09T21:27:01.610+0000] {logging_mixin.py:190} INFO - [2024-11-09T21:27:01.610+0000] {dag.py:4180} INFO - Setting next_dagrun for spotify_pipeline to 2024-11-09 00:00:00+00:00, run_after=2024-11-10 00:00:00+00:00
[2024-11-09T21:27:01.629+0000] {processor.py:208} INFO - Processing /opt/airflow/dags/spotify_pipeline.py took 0.089 seconds
[2024-11-09T21:27:31.852+0000] {processor.py:186} INFO - Started process (PID=6135) to work on /opt/airflow/dags/spotify_pipeline.py
[2024-11-09T21:27:31.853+0000] {processor.py:914} INFO - Processing file /opt/airflow/dags/spotify_pipeline.py for tasks to queue
[2024-11-09T21:27:31.855+0000] {logging_mixin.py:190} INFO - [2024-11-09T21:27:31.854+0000] {dagbag.py:588} INFO - Filling up the DagBag from /opt/airflow/dags/spotify_pipeline.py
[2024-11-09T21:27:31.875+0000] {processor.py:925} INFO - DAG(s) 'spotify_pipeline' retrieved from /opt/airflow/dags/spotify_pipeline.py
[2024-11-09T21:27:31.899+0000] {logging_mixin.py:190} INFO - [2024-11-09T21:27:31.899+0000] {dag.py:3239} INFO - Sync 1 DAGs
[2024-11-09T21:27:31.922+0000] {logging_mixin.py:190} INFO - [2024-11-09T21:27:31.922+0000] {dag.py:4180} INFO - Setting next_dagrun for spotify_pipeline to 2024-11-09 00:00:00+00:00, run_after=2024-11-10 00:00:00+00:00
[2024-11-09T21:27:31.955+0000] {processor.py:208} INFO - Processing /opt/airflow/dags/spotify_pipeline.py took 0.110 seconds
[2024-11-09T21:28:02.165+0000] {processor.py:186} INFO - Started process (PID=6145) to work on /opt/airflow/dags/spotify_pipeline.py
[2024-11-09T21:28:02.166+0000] {processor.py:914} INFO - Processing file /opt/airflow/dags/spotify_pipeline.py for tasks to queue
[2024-11-09T21:28:02.168+0000] {logging_mixin.py:190} INFO - [2024-11-09T21:28:02.167+0000] {dagbag.py:588} INFO - Filling up the DagBag from /opt/airflow/dags/spotify_pipeline.py
[2024-11-09T21:28:02.184+0000] {processor.py:925} INFO - DAG(s) 'spotify_pipeline' retrieved from /opt/airflow/dags/spotify_pipeline.py
[2024-11-09T21:28:02.208+0000] {logging_mixin.py:190} INFO - [2024-11-09T21:28:02.208+0000] {dag.py:3239} INFO - Sync 1 DAGs
[2024-11-09T21:28:02.231+0000] {logging_mixin.py:190} INFO - [2024-11-09T21:28:02.230+0000] {dag.py:4180} INFO - Setting next_dagrun for spotify_pipeline to 2024-11-09 00:00:00+00:00, run_after=2024-11-10 00:00:00+00:00
[2024-11-09T21:28:02.248+0000] {processor.py:208} INFO - Processing /opt/airflow/dags/spotify_pipeline.py took 0.088 seconds
[2024-11-09T21:28:32.468+0000] {processor.py:186} INFO - Started process (PID=6155) to work on /opt/airflow/dags/spotify_pipeline.py
[2024-11-09T21:28:32.469+0000] {processor.py:914} INFO - Processing file /opt/airflow/dags/spotify_pipeline.py for tasks to queue
[2024-11-09T21:28:32.470+0000] {logging_mixin.py:190} INFO - [2024-11-09T21:28:32.470+0000] {dagbag.py:588} INFO - Filling up the DagBag from /opt/airflow/dags/spotify_pipeline.py
[2024-11-09T21:28:32.490+0000] {processor.py:925} INFO - DAG(s) 'spotify_pipeline' retrieved from /opt/airflow/dags/spotify_pipeline.py
[2024-11-09T21:28:32.514+0000] {logging_mixin.py:190} INFO - [2024-11-09T21:28:32.513+0000] {dag.py:3239} INFO - Sync 1 DAGs
[2024-11-09T21:28:32.536+0000] {logging_mixin.py:190} INFO - [2024-11-09T21:28:32.536+0000] {dag.py:4180} INFO - Setting next_dagrun for spotify_pipeline to 2024-11-09 00:00:00+00:00, run_after=2024-11-10 00:00:00+00:00
[2024-11-09T21:28:32.554+0000] {processor.py:208} INFO - Processing /opt/airflow/dags/spotify_pipeline.py took 0.091 seconds
[2024-11-09T21:29:02.782+0000] {processor.py:186} INFO - Started process (PID=6165) to work on /opt/airflow/dags/spotify_pipeline.py
[2024-11-09T21:29:02.783+0000] {processor.py:914} INFO - Processing file /opt/airflow/dags/spotify_pipeline.py for tasks to queue
[2024-11-09T21:29:02.785+0000] {logging_mixin.py:190} INFO - [2024-11-09T21:29:02.784+0000] {dagbag.py:588} INFO - Filling up the DagBag from /opt/airflow/dags/spotify_pipeline.py
[2024-11-09T21:29:02.805+0000] {processor.py:925} INFO - DAG(s) 'spotify_pipeline' retrieved from /opt/airflow/dags/spotify_pipeline.py
[2024-11-09T21:29:02.831+0000] {logging_mixin.py:190} INFO - [2024-11-09T21:29:02.831+0000] {dag.py:3239} INFO - Sync 1 DAGs
[2024-11-09T21:29:02.854+0000] {logging_mixin.py:190} INFO - [2024-11-09T21:29:02.854+0000] {dag.py:4180} INFO - Setting next_dagrun for spotify_pipeline to 2024-11-09 00:00:00+00:00, run_after=2024-11-10 00:00:00+00:00
[2024-11-09T21:29:02.873+0000] {processor.py:208} INFO - Processing /opt/airflow/dags/spotify_pipeline.py took 0.096 seconds
[2024-11-09T21:29:33.117+0000] {processor.py:186} INFO - Started process (PID=6175) to work on /opt/airflow/dags/spotify_pipeline.py
[2024-11-09T21:29:33.118+0000] {processor.py:914} INFO - Processing file /opt/airflow/dags/spotify_pipeline.py for tasks to queue
[2024-11-09T21:29:33.119+0000] {logging_mixin.py:190} INFO - [2024-11-09T21:29:33.119+0000] {dagbag.py:588} INFO - Filling up the DagBag from /opt/airflow/dags/spotify_pipeline.py
[2024-11-09T21:29:33.136+0000] {processor.py:925} INFO - DAG(s) 'spotify_pipeline' retrieved from /opt/airflow/dags/spotify_pipeline.py
[2024-11-09T21:29:33.159+0000] {logging_mixin.py:190} INFO - [2024-11-09T21:29:33.159+0000] {dag.py:3239} INFO - Sync 1 DAGs
[2024-11-09T21:29:33.179+0000] {logging_mixin.py:190} INFO - [2024-11-09T21:29:33.178+0000] {dag.py:4180} INFO - Setting next_dagrun for spotify_pipeline to 2024-11-09 00:00:00+00:00, run_after=2024-11-10 00:00:00+00:00
[2024-11-09T21:29:33.193+0000] {processor.py:208} INFO - Processing /opt/airflow/dags/spotify_pipeline.py took 0.080 seconds
[2024-11-09T21:30:03.416+0000] {processor.py:186} INFO - Started process (PID=6185) to work on /opt/airflow/dags/spotify_pipeline.py
[2024-11-09T21:30:03.417+0000] {processor.py:914} INFO - Processing file /opt/airflow/dags/spotify_pipeline.py for tasks to queue
[2024-11-09T21:30:03.418+0000] {logging_mixin.py:190} INFO - [2024-11-09T21:30:03.418+0000] {dagbag.py:588} INFO - Filling up the DagBag from /opt/airflow/dags/spotify_pipeline.py
[2024-11-09T21:30:03.436+0000] {processor.py:925} INFO - DAG(s) 'spotify_pipeline' retrieved from /opt/airflow/dags/spotify_pipeline.py
[2024-11-09T21:30:03.461+0000] {logging_mixin.py:190} INFO - [2024-11-09T21:30:03.461+0000] {dag.py:3239} INFO - Sync 1 DAGs
[2024-11-09T21:30:03.482+0000] {logging_mixin.py:190} INFO - [2024-11-09T21:30:03.482+0000] {dag.py:4180} INFO - Setting next_dagrun for spotify_pipeline to 2024-11-09 00:00:00+00:00, run_after=2024-11-10 00:00:00+00:00
[2024-11-09T21:30:03.498+0000] {processor.py:208} INFO - Processing /opt/airflow/dags/spotify_pipeline.py took 0.087 seconds
[2024-11-09T21:30:33.712+0000] {processor.py:186} INFO - Started process (PID=6195) to work on /opt/airflow/dags/spotify_pipeline.py
[2024-11-09T21:30:33.713+0000] {processor.py:914} INFO - Processing file /opt/airflow/dags/spotify_pipeline.py for tasks to queue
[2024-11-09T21:30:33.714+0000] {logging_mixin.py:190} INFO - [2024-11-09T21:30:33.714+0000] {dagbag.py:588} INFO - Filling up the DagBag from /opt/airflow/dags/spotify_pipeline.py
[2024-11-09T21:30:33.733+0000] {processor.py:925} INFO - DAG(s) 'spotify_pipeline' retrieved from /opt/airflow/dags/spotify_pipeline.py
[2024-11-09T21:30:33.756+0000] {logging_mixin.py:190} INFO - [2024-11-09T21:30:33.755+0000] {dag.py:3239} INFO - Sync 1 DAGs
[2024-11-09T21:30:33.776+0000] {logging_mixin.py:190} INFO - [2024-11-09T21:30:33.776+0000] {dag.py:4180} INFO - Setting next_dagrun for spotify_pipeline to 2024-11-09 00:00:00+00:00, run_after=2024-11-10 00:00:00+00:00
[2024-11-09T21:30:33.794+0000] {processor.py:208} INFO - Processing /opt/airflow/dags/spotify_pipeline.py took 0.087 seconds
[2024-11-09T21:31:04.011+0000] {processor.py:186} INFO - Started process (PID=6205) to work on /opt/airflow/dags/spotify_pipeline.py
[2024-11-09T21:31:04.012+0000] {processor.py:914} INFO - Processing file /opt/airflow/dags/spotify_pipeline.py for tasks to queue
[2024-11-09T21:31:04.012+0000] {logging_mixin.py:190} INFO - [2024-11-09T21:31:04.012+0000] {dagbag.py:588} INFO - Filling up the DagBag from /opt/airflow/dags/spotify_pipeline.py
[2024-11-09T21:31:04.027+0000] {processor.py:925} INFO - DAG(s) 'spotify_pipeline' retrieved from /opt/airflow/dags/spotify_pipeline.py
[2024-11-09T21:31:04.050+0000] {logging_mixin.py:190} INFO - [2024-11-09T21:31:04.050+0000] {dag.py:3239} INFO - Sync 1 DAGs
[2024-11-09T21:31:04.070+0000] {logging_mixin.py:190} INFO - [2024-11-09T21:31:04.070+0000] {dag.py:4180} INFO - Setting next_dagrun for spotify_pipeline to 2024-11-09 00:00:00+00:00, run_after=2024-11-10 00:00:00+00:00
[2024-11-09T21:31:04.087+0000] {processor.py:208} INFO - Processing /opt/airflow/dags/spotify_pipeline.py took 0.080 seconds
[2024-11-09T21:31:34.304+0000] {processor.py:186} INFO - Started process (PID=6215) to work on /opt/airflow/dags/spotify_pipeline.py
[2024-11-09T21:31:34.305+0000] {processor.py:914} INFO - Processing file /opt/airflow/dags/spotify_pipeline.py for tasks to queue
[2024-11-09T21:31:34.306+0000] {logging_mixin.py:190} INFO - [2024-11-09T21:31:34.305+0000] {dagbag.py:588} INFO - Filling up the DagBag from /opt/airflow/dags/spotify_pipeline.py
[2024-11-09T21:31:34.323+0000] {processor.py:925} INFO - DAG(s) 'spotify_pipeline' retrieved from /opt/airflow/dags/spotify_pipeline.py
[2024-11-09T21:31:34.347+0000] {logging_mixin.py:190} INFO - [2024-11-09T21:31:34.347+0000] {dag.py:3239} INFO - Sync 1 DAGs
[2024-11-09T21:31:34.369+0000] {logging_mixin.py:190} INFO - [2024-11-09T21:31:34.369+0000] {dag.py:4180} INFO - Setting next_dagrun for spotify_pipeline to 2024-11-09 00:00:00+00:00, run_after=2024-11-10 00:00:00+00:00
[2024-11-09T21:31:34.387+0000] {processor.py:208} INFO - Processing /opt/airflow/dags/spotify_pipeline.py took 0.087 seconds
[2024-11-09T21:32:04.600+0000] {processor.py:186} INFO - Started process (PID=6225) to work on /opt/airflow/dags/spotify_pipeline.py
[2024-11-09T21:32:04.601+0000] {processor.py:914} INFO - Processing file /opt/airflow/dags/spotify_pipeline.py for tasks to queue
[2024-11-09T21:32:04.602+0000] {logging_mixin.py:190} INFO - [2024-11-09T21:32:04.602+0000] {dagbag.py:588} INFO - Filling up the DagBag from /opt/airflow/dags/spotify_pipeline.py
[2024-11-09T21:32:04.619+0000] {processor.py:925} INFO - DAG(s) 'spotify_pipeline' retrieved from /opt/airflow/dags/spotify_pipeline.py
[2024-11-09T21:32:04.640+0000] {logging_mixin.py:190} INFO - [2024-11-09T21:32:04.640+0000] {dag.py:3239} INFO - Sync 1 DAGs
[2024-11-09T21:32:04.662+0000] {logging_mixin.py:190} INFO - [2024-11-09T21:32:04.662+0000] {dag.py:4180} INFO - Setting next_dagrun for spotify_pipeline to 2024-11-09 00:00:00+00:00, run_after=2024-11-10 00:00:00+00:00
[2024-11-09T21:32:04.680+0000] {processor.py:208} INFO - Processing /opt/airflow/dags/spotify_pipeline.py took 0.084 seconds
[2024-11-09T21:32:34.892+0000] {processor.py:186} INFO - Started process (PID=6235) to work on /opt/airflow/dags/spotify_pipeline.py
[2024-11-09T21:32:34.893+0000] {processor.py:914} INFO - Processing file /opt/airflow/dags/spotify_pipeline.py for tasks to queue
[2024-11-09T21:32:34.894+0000] {logging_mixin.py:190} INFO - [2024-11-09T21:32:34.894+0000] {dagbag.py:588} INFO - Filling up the DagBag from /opt/airflow/dags/spotify_pipeline.py
[2024-11-09T21:32:34.910+0000] {processor.py:925} INFO - DAG(s) 'spotify_pipeline' retrieved from /opt/airflow/dags/spotify_pipeline.py
[2024-11-09T21:32:34.934+0000] {logging_mixin.py:190} INFO - [2024-11-09T21:32:34.934+0000] {dag.py:3239} INFO - Sync 1 DAGs
[2024-11-09T21:32:34.956+0000] {logging_mixin.py:190} INFO - [2024-11-09T21:32:34.955+0000] {dag.py:4180} INFO - Setting next_dagrun for spotify_pipeline to 2024-11-09 00:00:00+00:00, run_after=2024-11-10 00:00:00+00:00
[2024-11-09T21:32:34.972+0000] {processor.py:208} INFO - Processing /opt/airflow/dags/spotify_pipeline.py took 0.084 seconds
[2024-11-09T21:33:05.186+0000] {processor.py:186} INFO - Started process (PID=6245) to work on /opt/airflow/dags/spotify_pipeline.py
[2024-11-09T21:33:05.187+0000] {processor.py:914} INFO - Processing file /opt/airflow/dags/spotify_pipeline.py for tasks to queue
[2024-11-09T21:33:05.189+0000] {logging_mixin.py:190} INFO - [2024-11-09T21:33:05.188+0000] {dagbag.py:588} INFO - Filling up the DagBag from /opt/airflow/dags/spotify_pipeline.py
[2024-11-09T21:33:05.205+0000] {processor.py:925} INFO - DAG(s) 'spotify_pipeline' retrieved from /opt/airflow/dags/spotify_pipeline.py
[2024-11-09T21:33:05.231+0000] {logging_mixin.py:190} INFO - [2024-11-09T21:33:05.231+0000] {dag.py:3239} INFO - Sync 1 DAGs
[2024-11-09T21:33:05.255+0000] {logging_mixin.py:190} INFO - [2024-11-09T21:33:05.255+0000] {dag.py:4180} INFO - Setting next_dagrun for spotify_pipeline to 2024-11-09 00:00:00+00:00, run_after=2024-11-10 00:00:00+00:00
[2024-11-09T21:33:05.288+0000] {processor.py:208} INFO - Processing /opt/airflow/dags/spotify_pipeline.py took 0.106 seconds
[2024-11-09T21:33:35.494+0000] {processor.py:186} INFO - Started process (PID=6255) to work on /opt/airflow/dags/spotify_pipeline.py
[2024-11-09T21:33:35.495+0000] {processor.py:914} INFO - Processing file /opt/airflow/dags/spotify_pipeline.py for tasks to queue
[2024-11-09T21:33:35.497+0000] {logging_mixin.py:190} INFO - [2024-11-09T21:33:35.496+0000] {dagbag.py:588} INFO - Filling up the DagBag from /opt/airflow/dags/spotify_pipeline.py
[2024-11-09T21:33:35.513+0000] {processor.py:925} INFO - DAG(s) 'spotify_pipeline' retrieved from /opt/airflow/dags/spotify_pipeline.py
[2024-11-09T21:33:35.537+0000] {logging_mixin.py:190} INFO - [2024-11-09T21:33:35.537+0000] {dag.py:3239} INFO - Sync 1 DAGs
[2024-11-09T21:33:35.561+0000] {logging_mixin.py:190} INFO - [2024-11-09T21:33:35.561+0000] {dag.py:4180} INFO - Setting next_dagrun for spotify_pipeline to 2024-11-09 00:00:00+00:00, run_after=2024-11-10 00:00:00+00:00
[2024-11-09T21:33:35.578+0000] {processor.py:208} INFO - Processing /opt/airflow/dags/spotify_pipeline.py took 0.088 seconds
[2024-11-09T21:34:05.788+0000] {processor.py:186} INFO - Started process (PID=6265) to work on /opt/airflow/dags/spotify_pipeline.py
[2024-11-09T21:34:05.789+0000] {processor.py:914} INFO - Processing file /opt/airflow/dags/spotify_pipeline.py for tasks to queue
[2024-11-09T21:34:05.790+0000] {logging_mixin.py:190} INFO - [2024-11-09T21:34:05.789+0000] {dagbag.py:588} INFO - Filling up the DagBag from /opt/airflow/dags/spotify_pipeline.py
[2024-11-09T21:34:05.804+0000] {processor.py:925} INFO - DAG(s) 'spotify_pipeline' retrieved from /opt/airflow/dags/spotify_pipeline.py
[2024-11-09T21:34:05.827+0000] {logging_mixin.py:190} INFO - [2024-11-09T21:34:05.827+0000] {dag.py:3239} INFO - Sync 1 DAGs
[2024-11-09T21:34:05.848+0000] {logging_mixin.py:190} INFO - [2024-11-09T21:34:05.848+0000] {dag.py:4180} INFO - Setting next_dagrun for spotify_pipeline to 2024-11-09 00:00:00+00:00, run_after=2024-11-10 00:00:00+00:00
[2024-11-09T21:34:05.877+0000] {processor.py:208} INFO - Processing /opt/airflow/dags/spotify_pipeline.py took 0.093 seconds
[2024-11-09T21:34:35.989+0000] {processor.py:186} INFO - Started process (PID=6275) to work on /opt/airflow/dags/spotify_pipeline.py
[2024-11-09T21:34:35.989+0000] {processor.py:914} INFO - Processing file /opt/airflow/dags/spotify_pipeline.py for tasks to queue
[2024-11-09T21:34:35.990+0000] {logging_mixin.py:190} INFO - [2024-11-09T21:34:35.990+0000] {dagbag.py:588} INFO - Filling up the DagBag from /opt/airflow/dags/spotify_pipeline.py
[2024-11-09T21:34:36.007+0000] {processor.py:925} INFO - DAG(s) 'spotify_pipeline' retrieved from /opt/airflow/dags/spotify_pipeline.py
[2024-11-09T21:34:36.029+0000] {logging_mixin.py:190} INFO - [2024-11-09T21:34:36.029+0000] {dag.py:3239} INFO - Sync 1 DAGs
[2024-11-09T21:34:36.049+0000] {logging_mixin.py:190} INFO - [2024-11-09T21:34:36.049+0000] {dag.py:4180} INFO - Setting next_dagrun for spotify_pipeline to 2024-11-09 00:00:00+00:00, run_after=2024-11-10 00:00:00+00:00
[2024-11-09T21:34:36.065+0000] {processor.py:208} INFO - Processing /opt/airflow/dags/spotify_pipeline.py took 0.081 seconds
[2024-11-09T21:35:06.284+0000] {processor.py:186} INFO - Started process (PID=6285) to work on /opt/airflow/dags/spotify_pipeline.py
[2024-11-09T21:35:06.284+0000] {processor.py:914} INFO - Processing file /opt/airflow/dags/spotify_pipeline.py for tasks to queue
[2024-11-09T21:35:06.285+0000] {logging_mixin.py:190} INFO - [2024-11-09T21:35:06.285+0000] {dagbag.py:588} INFO - Filling up the DagBag from /opt/airflow/dags/spotify_pipeline.py
[2024-11-09T21:35:06.301+0000] {processor.py:925} INFO - DAG(s) 'spotify_pipeline' retrieved from /opt/airflow/dags/spotify_pipeline.py
[2024-11-09T21:35:06.324+0000] {logging_mixin.py:190} INFO - [2024-11-09T21:35:06.324+0000] {dag.py:3239} INFO - Sync 1 DAGs
[2024-11-09T21:35:06.343+0000] {logging_mixin.py:190} INFO - [2024-11-09T21:35:06.343+0000] {dag.py:4180} INFO - Setting next_dagrun for spotify_pipeline to 2024-11-09 00:00:00+00:00, run_after=2024-11-10 00:00:00+00:00
[2024-11-09T21:35:06.362+0000] {processor.py:208} INFO - Processing /opt/airflow/dags/spotify_pipeline.py took 0.082 seconds
[2024-11-09T21:35:36.559+0000] {processor.py:186} INFO - Started process (PID=6295) to work on /opt/airflow/dags/spotify_pipeline.py
[2024-11-09T21:35:36.560+0000] {processor.py:914} INFO - Processing file /opt/airflow/dags/spotify_pipeline.py for tasks to queue
[2024-11-09T21:35:36.561+0000] {logging_mixin.py:190} INFO - [2024-11-09T21:35:36.561+0000] {dagbag.py:588} INFO - Filling up the DagBag from /opt/airflow/dags/spotify_pipeline.py
[2024-11-09T21:35:36.579+0000] {processor.py:925} INFO - DAG(s) 'spotify_pipeline' retrieved from /opt/airflow/dags/spotify_pipeline.py
[2024-11-09T21:35:36.603+0000] {logging_mixin.py:190} INFO - [2024-11-09T21:35:36.602+0000] {dag.py:3239} INFO - Sync 1 DAGs
[2024-11-09T21:35:36.624+0000] {logging_mixin.py:190} INFO - [2024-11-09T21:35:36.624+0000] {dag.py:4180} INFO - Setting next_dagrun for spotify_pipeline to 2024-11-09 00:00:00+00:00, run_after=2024-11-10 00:00:00+00:00
[2024-11-09T21:35:36.654+0000] {processor.py:208} INFO - Processing /opt/airflow/dags/spotify_pipeline.py took 0.099 seconds
[2024-11-09T21:36:06.855+0000] {processor.py:186} INFO - Started process (PID=6305) to work on /opt/airflow/dags/spotify_pipeline.py
[2024-11-09T21:36:06.856+0000] {processor.py:914} INFO - Processing file /opt/airflow/dags/spotify_pipeline.py for tasks to queue
[2024-11-09T21:36:06.857+0000] {logging_mixin.py:190} INFO - [2024-11-09T21:36:06.856+0000] {dagbag.py:588} INFO - Filling up the DagBag from /opt/airflow/dags/spotify_pipeline.py
[2024-11-09T21:36:06.877+0000] {processor.py:925} INFO - DAG(s) 'spotify_pipeline' retrieved from /opt/airflow/dags/spotify_pipeline.py
[2024-11-09T21:36:06.903+0000] {logging_mixin.py:190} INFO - [2024-11-09T21:36:06.903+0000] {dag.py:3239} INFO - Sync 1 DAGs
[2024-11-09T21:36:06.925+0000] {logging_mixin.py:190} INFO - [2024-11-09T21:36:06.925+0000] {dag.py:4180} INFO - Setting next_dagrun for spotify_pipeline to 2024-11-09 00:00:00+00:00, run_after=2024-11-10 00:00:00+00:00
[2024-11-09T21:36:06.951+0000] {processor.py:208} INFO - Processing /opt/airflow/dags/spotify_pipeline.py took 0.101 seconds
[2024-11-09T21:36:37.160+0000] {processor.py:186} INFO - Started process (PID=6315) to work on /opt/airflow/dags/spotify_pipeline.py
[2024-11-09T21:36:37.161+0000] {processor.py:914} INFO - Processing file /opt/airflow/dags/spotify_pipeline.py for tasks to queue
[2024-11-09T21:36:37.162+0000] {logging_mixin.py:190} INFO - [2024-11-09T21:36:37.162+0000] {dagbag.py:588} INFO - Filling up the DagBag from /opt/airflow/dags/spotify_pipeline.py
[2024-11-09T21:36:37.181+0000] {processor.py:925} INFO - DAG(s) 'spotify_pipeline' retrieved from /opt/airflow/dags/spotify_pipeline.py
[2024-11-09T21:36:37.207+0000] {logging_mixin.py:190} INFO - [2024-11-09T21:36:37.207+0000] {dag.py:3239} INFO - Sync 1 DAGs
[2024-11-09T21:36:37.230+0000] {logging_mixin.py:190} INFO - [2024-11-09T21:36:37.230+0000] {dag.py:4180} INFO - Setting next_dagrun for spotify_pipeline to 2024-11-09 00:00:00+00:00, run_after=2024-11-10 00:00:00+00:00
[2024-11-09T21:36:37.246+0000] {processor.py:208} INFO - Processing /opt/airflow/dags/spotify_pipeline.py took 0.092 seconds
[2024-11-09T21:37:07.448+0000] {processor.py:186} INFO - Started process (PID=6325) to work on /opt/airflow/dags/spotify_pipeline.py
[2024-11-09T21:37:07.449+0000] {processor.py:914} INFO - Processing file /opt/airflow/dags/spotify_pipeline.py for tasks to queue
[2024-11-09T21:37:07.450+0000] {logging_mixin.py:190} INFO - [2024-11-09T21:37:07.450+0000] {dagbag.py:588} INFO - Filling up the DagBag from /opt/airflow/dags/spotify_pipeline.py
[2024-11-09T21:37:07.468+0000] {processor.py:925} INFO - DAG(s) 'spotify_pipeline' retrieved from /opt/airflow/dags/spotify_pipeline.py
[2024-11-09T21:37:07.490+0000] {logging_mixin.py:190} INFO - [2024-11-09T21:37:07.490+0000] {dag.py:3239} INFO - Sync 1 DAGs
[2024-11-09T21:37:07.511+0000] {logging_mixin.py:190} INFO - [2024-11-09T21:37:07.510+0000] {dag.py:4180} INFO - Setting next_dagrun for spotify_pipeline to 2024-11-09 00:00:00+00:00, run_after=2024-11-10 00:00:00+00:00
[2024-11-09T21:37:07.526+0000] {processor.py:208} INFO - Processing /opt/airflow/dags/spotify_pipeline.py took 0.084 seconds
[2024-11-09T21:37:37.718+0000] {processor.py:186} INFO - Started process (PID=6335) to work on /opt/airflow/dags/spotify_pipeline.py
[2024-11-09T21:37:37.719+0000] {processor.py:914} INFO - Processing file /opt/airflow/dags/spotify_pipeline.py for tasks to queue
[2024-11-09T21:37:37.721+0000] {logging_mixin.py:190} INFO - [2024-11-09T21:37:37.720+0000] {dagbag.py:588} INFO - Filling up the DagBag from /opt/airflow/dags/spotify_pipeline.py
[2024-11-09T21:37:37.737+0000] {processor.py:925} INFO - DAG(s) 'spotify_pipeline' retrieved from /opt/airflow/dags/spotify_pipeline.py
[2024-11-09T21:37:37.761+0000] {logging_mixin.py:190} INFO - [2024-11-09T21:37:37.761+0000] {dag.py:3239} INFO - Sync 1 DAGs
[2024-11-09T21:37:37.781+0000] {logging_mixin.py:190} INFO - [2024-11-09T21:37:37.781+0000] {dag.py:4180} INFO - Setting next_dagrun for spotify_pipeline to 2024-11-09 00:00:00+00:00, run_after=2024-11-10 00:00:00+00:00
[2024-11-09T21:37:37.796+0000] {processor.py:208} INFO - Processing /opt/airflow/dags/spotify_pipeline.py took 0.082 seconds
[2024-11-09T21:38:08.013+0000] {processor.py:186} INFO - Started process (PID=6345) to work on /opt/airflow/dags/spotify_pipeline.py
[2024-11-09T21:38:08.014+0000] {processor.py:914} INFO - Processing file /opt/airflow/dags/spotify_pipeline.py for tasks to queue
[2024-11-09T21:38:08.015+0000] {logging_mixin.py:190} INFO - [2024-11-09T21:38:08.015+0000] {dagbag.py:588} INFO - Filling up the DagBag from /opt/airflow/dags/spotify_pipeline.py
[2024-11-09T21:38:08.035+0000] {processor.py:925} INFO - DAG(s) 'spotify_pipeline' retrieved from /opt/airflow/dags/spotify_pipeline.py
[2024-11-09T21:38:08.059+0000] {logging_mixin.py:190} INFO - [2024-11-09T21:38:08.058+0000] {dag.py:3239} INFO - Sync 1 DAGs
[2024-11-09T21:38:08.081+0000] {logging_mixin.py:190} INFO - [2024-11-09T21:38:08.080+0000] {dag.py:4180} INFO - Setting next_dagrun for spotify_pipeline to 2024-11-09 00:00:00+00:00, run_after=2024-11-10 00:00:00+00:00
[2024-11-09T21:38:08.100+0000] {processor.py:208} INFO - Processing /opt/airflow/dags/spotify_pipeline.py took 0.092 seconds
[2024-11-09T21:38:38.306+0000] {processor.py:186} INFO - Started process (PID=6355) to work on /opt/airflow/dags/spotify_pipeline.py
[2024-11-09T21:38:38.306+0000] {processor.py:914} INFO - Processing file /opt/airflow/dags/spotify_pipeline.py for tasks to queue
[2024-11-09T21:38:38.307+0000] {logging_mixin.py:190} INFO - [2024-11-09T21:38:38.307+0000] {dagbag.py:588} INFO - Filling up the DagBag from /opt/airflow/dags/spotify_pipeline.py
[2024-11-09T21:38:38.321+0000] {processor.py:925} INFO - DAG(s) 'spotify_pipeline' retrieved from /opt/airflow/dags/spotify_pipeline.py
[2024-11-09T21:38:38.345+0000] {logging_mixin.py:190} INFO - [2024-11-09T21:38:38.345+0000] {dag.py:3239} INFO - Sync 1 DAGs
[2024-11-09T21:38:38.365+0000] {logging_mixin.py:190} INFO - [2024-11-09T21:38:38.365+0000] {dag.py:4180} INFO - Setting next_dagrun for spotify_pipeline to 2024-11-09 00:00:00+00:00, run_after=2024-11-10 00:00:00+00:00
[2024-11-09T21:38:38.385+0000] {processor.py:208} INFO - Processing /opt/airflow/dags/spotify_pipeline.py took 0.083 seconds
[2024-11-09T21:39:08.621+0000] {processor.py:186} INFO - Started process (PID=6365) to work on /opt/airflow/dags/spotify_pipeline.py
[2024-11-09T21:39:08.622+0000] {processor.py:914} INFO - Processing file /opt/airflow/dags/spotify_pipeline.py for tasks to queue
[2024-11-09T21:39:08.623+0000] {logging_mixin.py:190} INFO - [2024-11-09T21:39:08.622+0000] {dagbag.py:588} INFO - Filling up the DagBag from /opt/airflow/dags/spotify_pipeline.py
[2024-11-09T21:39:08.641+0000] {processor.py:925} INFO - DAG(s) 'spotify_pipeline' retrieved from /opt/airflow/dags/spotify_pipeline.py
[2024-11-09T21:39:08.665+0000] {logging_mixin.py:190} INFO - [2024-11-09T21:39:08.665+0000] {dag.py:3239} INFO - Sync 1 DAGs
[2024-11-09T21:39:08.686+0000] {logging_mixin.py:190} INFO - [2024-11-09T21:39:08.686+0000] {dag.py:4180} INFO - Setting next_dagrun for spotify_pipeline to 2024-11-09 00:00:00+00:00, run_after=2024-11-10 00:00:00+00:00
[2024-11-09T21:39:08.701+0000] {processor.py:208} INFO - Processing /opt/airflow/dags/spotify_pipeline.py took 0.086 seconds
[2024-11-09T21:39:38.898+0000] {processor.py:186} INFO - Started process (PID=6375) to work on /opt/airflow/dags/spotify_pipeline.py
[2024-11-09T21:39:38.899+0000] {processor.py:914} INFO - Processing file /opt/airflow/dags/spotify_pipeline.py for tasks to queue
[2024-11-09T21:39:38.900+0000] {logging_mixin.py:190} INFO - [2024-11-09T21:39:38.900+0000] {dagbag.py:588} INFO - Filling up the DagBag from /opt/airflow/dags/spotify_pipeline.py
[2024-11-09T21:39:38.920+0000] {processor.py:925} INFO - DAG(s) 'spotify_pipeline' retrieved from /opt/airflow/dags/spotify_pipeline.py
[2024-11-09T21:39:38.944+0000] {logging_mixin.py:190} INFO - [2024-11-09T21:39:38.944+0000] {dag.py:3239} INFO - Sync 1 DAGs
[2024-11-09T21:39:38.966+0000] {logging_mixin.py:190} INFO - [2024-11-09T21:39:38.966+0000] {dag.py:4180} INFO - Setting next_dagrun for spotify_pipeline to 2024-11-09 00:00:00+00:00, run_after=2024-11-10 00:00:00+00:00
[2024-11-09T21:39:38.984+0000] {processor.py:208} INFO - Processing /opt/airflow/dags/spotify_pipeline.py took 0.091 seconds
[2024-11-09T21:40:09.176+0000] {processor.py:186} INFO - Started process (PID=6385) to work on /opt/airflow/dags/spotify_pipeline.py
[2024-11-09T21:40:09.177+0000] {processor.py:914} INFO - Processing file /opt/airflow/dags/spotify_pipeline.py for tasks to queue
[2024-11-09T21:40:09.178+0000] {logging_mixin.py:190} INFO - [2024-11-09T21:40:09.178+0000] {dagbag.py:588} INFO - Filling up the DagBag from /opt/airflow/dags/spotify_pipeline.py
[2024-11-09T21:40:09.195+0000] {processor.py:925} INFO - DAG(s) 'spotify_pipeline' retrieved from /opt/airflow/dags/spotify_pipeline.py
[2024-11-09T21:40:09.219+0000] {logging_mixin.py:190} INFO - [2024-11-09T21:40:09.219+0000] {dag.py:3239} INFO - Sync 1 DAGs
[2024-11-09T21:40:09.241+0000] {logging_mixin.py:190} INFO - [2024-11-09T21:40:09.241+0000] {dag.py:4180} INFO - Setting next_dagrun for spotify_pipeline to 2024-11-09 00:00:00+00:00, run_after=2024-11-10 00:00:00+00:00
[2024-11-09T21:40:09.271+0000] {processor.py:208} INFO - Processing /opt/airflow/dags/spotify_pipeline.py took 0.099 seconds
[2024-11-09T21:40:39.471+0000] {processor.py:186} INFO - Started process (PID=6395) to work on /opt/airflow/dags/spotify_pipeline.py
[2024-11-09T21:40:39.472+0000] {processor.py:914} INFO - Processing file /opt/airflow/dags/spotify_pipeline.py for tasks to queue
[2024-11-09T21:40:39.473+0000] {logging_mixin.py:190} INFO - [2024-11-09T21:40:39.473+0000] {dagbag.py:588} INFO - Filling up the DagBag from /opt/airflow/dags/spotify_pipeline.py
[2024-11-09T21:40:39.489+0000] {processor.py:925} INFO - DAG(s) 'spotify_pipeline' retrieved from /opt/airflow/dags/spotify_pipeline.py
[2024-11-09T21:40:39.513+0000] {logging_mixin.py:190} INFO - [2024-11-09T21:40:39.513+0000] {dag.py:3239} INFO - Sync 1 DAGs
[2024-11-09T21:40:39.535+0000] {logging_mixin.py:190} INFO - [2024-11-09T21:40:39.535+0000] {dag.py:4180} INFO - Setting next_dagrun for spotify_pipeline to 2024-11-09 00:00:00+00:00, run_after=2024-11-10 00:00:00+00:00
[2024-11-09T21:40:39.553+0000] {processor.py:208} INFO - Processing /opt/airflow/dags/spotify_pipeline.py took 0.086 seconds
[2024-11-09T21:41:09.761+0000] {processor.py:186} INFO - Started process (PID=6405) to work on /opt/airflow/dags/spotify_pipeline.py
[2024-11-09T21:41:09.762+0000] {processor.py:914} INFO - Processing file /opt/airflow/dags/spotify_pipeline.py for tasks to queue
[2024-11-09T21:41:09.764+0000] {logging_mixin.py:190} INFO - [2024-11-09T21:41:09.763+0000] {dagbag.py:588} INFO - Filling up the DagBag from /opt/airflow/dags/spotify_pipeline.py
[2024-11-09T21:41:09.781+0000] {processor.py:925} INFO - DAG(s) 'spotify_pipeline' retrieved from /opt/airflow/dags/spotify_pipeline.py
[2024-11-09T21:41:09.805+0000] {logging_mixin.py:190} INFO - [2024-11-09T21:41:09.805+0000] {dag.py:3239} INFO - Sync 1 DAGs
[2024-11-09T21:41:09.827+0000] {logging_mixin.py:190} INFO - [2024-11-09T21:41:09.827+0000] {dag.py:4180} INFO - Setting next_dagrun for spotify_pipeline to 2024-11-09 00:00:00+00:00, run_after=2024-11-10 00:00:00+00:00
[2024-11-09T21:41:09.857+0000] {processor.py:208} INFO - Processing /opt/airflow/dags/spotify_pipeline.py took 0.101 seconds
[2024-11-09T21:41:40.054+0000] {processor.py:186} INFO - Started process (PID=6415) to work on /opt/airflow/dags/spotify_pipeline.py
[2024-11-09T21:41:40.055+0000] {processor.py:914} INFO - Processing file /opt/airflow/dags/spotify_pipeline.py for tasks to queue
[2024-11-09T21:41:40.057+0000] {logging_mixin.py:190} INFO - [2024-11-09T21:41:40.056+0000] {dagbag.py:588} INFO - Filling up the DagBag from /opt/airflow/dags/spotify_pipeline.py
[2024-11-09T21:41:40.073+0000] {processor.py:925} INFO - DAG(s) 'spotify_pipeline' retrieved from /opt/airflow/dags/spotify_pipeline.py
[2024-11-09T21:41:40.099+0000] {logging_mixin.py:190} INFO - [2024-11-09T21:41:40.099+0000] {dag.py:3239} INFO - Sync 1 DAGs
[2024-11-09T21:41:40.121+0000] {logging_mixin.py:190} INFO - [2024-11-09T21:41:40.121+0000] {dag.py:4180} INFO - Setting next_dagrun for spotify_pipeline to 2024-11-09 00:00:00+00:00, run_after=2024-11-10 00:00:00+00:00
[2024-11-09T21:41:40.140+0000] {processor.py:208} INFO - Processing /opt/airflow/dags/spotify_pipeline.py took 0.089 seconds
[2024-11-09T21:42:10.354+0000] {processor.py:186} INFO - Started process (PID=6425) to work on /opt/airflow/dags/spotify_pipeline.py
[2024-11-09T21:42:10.355+0000] {processor.py:914} INFO - Processing file /opt/airflow/dags/spotify_pipeline.py for tasks to queue
[2024-11-09T21:42:10.356+0000] {logging_mixin.py:190} INFO - [2024-11-09T21:42:10.356+0000] {dagbag.py:588} INFO - Filling up the DagBag from /opt/airflow/dags/spotify_pipeline.py
[2024-11-09T21:42:10.375+0000] {processor.py:925} INFO - DAG(s) 'spotify_pipeline' retrieved from /opt/airflow/dags/spotify_pipeline.py
[2024-11-09T21:42:10.398+0000] {logging_mixin.py:190} INFO - [2024-11-09T21:42:10.398+0000] {dag.py:3239} INFO - Sync 1 DAGs
[2024-11-09T21:42:10.418+0000] {logging_mixin.py:190} INFO - [2024-11-09T21:42:10.418+0000] {dag.py:4180} INFO - Setting next_dagrun for spotify_pipeline to 2024-11-09 00:00:00+00:00, run_after=2024-11-10 00:00:00+00:00
[2024-11-09T21:42:10.449+0000] {processor.py:208} INFO - Processing /opt/airflow/dags/spotify_pipeline.py took 0.100 seconds
[2024-11-09T21:42:40.658+0000] {processor.py:186} INFO - Started process (PID=6435) to work on /opt/airflow/dags/spotify_pipeline.py
[2024-11-09T21:42:40.659+0000] {processor.py:914} INFO - Processing file /opt/airflow/dags/spotify_pipeline.py for tasks to queue
[2024-11-09T21:42:40.659+0000] {logging_mixin.py:190} INFO - [2024-11-09T21:42:40.659+0000] {dagbag.py:588} INFO - Filling up the DagBag from /opt/airflow/dags/spotify_pipeline.py
[2024-11-09T21:42:40.674+0000] {processor.py:925} INFO - DAG(s) 'spotify_pipeline' retrieved from /opt/airflow/dags/spotify_pipeline.py
[2024-11-09T21:42:40.699+0000] {logging_mixin.py:190} INFO - [2024-11-09T21:42:40.699+0000] {dag.py:3239} INFO - Sync 1 DAGs
[2024-11-09T21:42:40.721+0000] {logging_mixin.py:190} INFO - [2024-11-09T21:42:40.721+0000] {dag.py:4180} INFO - Setting next_dagrun for spotify_pipeline to 2024-11-09 00:00:00+00:00, run_after=2024-11-10 00:00:00+00:00
[2024-11-09T21:42:40.753+0000] {processor.py:208} INFO - Processing /opt/airflow/dags/spotify_pipeline.py took 0.098 seconds
[2024-11-09T21:43:10.953+0000] {processor.py:186} INFO - Started process (PID=6445) to work on /opt/airflow/dags/spotify_pipeline.py
[2024-11-09T21:43:10.954+0000] {processor.py:914} INFO - Processing file /opt/airflow/dags/spotify_pipeline.py for tasks to queue
[2024-11-09T21:43:10.955+0000] {logging_mixin.py:190} INFO - [2024-11-09T21:43:10.955+0000] {dagbag.py:588} INFO - Filling up the DagBag from /opt/airflow/dags/spotify_pipeline.py
[2024-11-09T21:43:10.973+0000] {processor.py:925} INFO - DAG(s) 'spotify_pipeline' retrieved from /opt/airflow/dags/spotify_pipeline.py
[2024-11-09T21:43:10.995+0000] {logging_mixin.py:190} INFO - [2024-11-09T21:43:10.994+0000] {dag.py:3239} INFO - Sync 1 DAGs
[2024-11-09T21:43:11.014+0000] {logging_mixin.py:190} INFO - [2024-11-09T21:43:11.014+0000] {dag.py:4180} INFO - Setting next_dagrun for spotify_pipeline to 2024-11-09 00:00:00+00:00, run_after=2024-11-10 00:00:00+00:00
[2024-11-09T21:43:11.044+0000] {processor.py:208} INFO - Processing /opt/airflow/dags/spotify_pipeline.py took 0.094 seconds
[2024-11-09T21:43:41.267+0000] {processor.py:186} INFO - Started process (PID=6455) to work on /opt/airflow/dags/spotify_pipeline.py
[2024-11-09T21:43:41.268+0000] {processor.py:914} INFO - Processing file /opt/airflow/dags/spotify_pipeline.py for tasks to queue
[2024-11-09T21:43:41.269+0000] {logging_mixin.py:190} INFO - [2024-11-09T21:43:41.269+0000] {dagbag.py:588} INFO - Filling up the DagBag from /opt/airflow/dags/spotify_pipeline.py
[2024-11-09T21:43:41.289+0000] {processor.py:925} INFO - DAG(s) 'spotify_pipeline' retrieved from /opt/airflow/dags/spotify_pipeline.py
[2024-11-09T21:43:41.314+0000] {logging_mixin.py:190} INFO - [2024-11-09T21:43:41.314+0000] {dag.py:3239} INFO - Sync 1 DAGs
[2024-11-09T21:43:41.336+0000] {logging_mixin.py:190} INFO - [2024-11-09T21:43:41.336+0000] {dag.py:4180} INFO - Setting next_dagrun for spotify_pipeline to 2024-11-09 00:00:00+00:00, run_after=2024-11-10 00:00:00+00:00
[2024-11-09T21:43:41.354+0000] {processor.py:208} INFO - Processing /opt/airflow/dags/spotify_pipeline.py took 0.092 seconds
[2024-11-09T21:44:11.558+0000] {processor.py:186} INFO - Started process (PID=6465) to work on /opt/airflow/dags/spotify_pipeline.py
[2024-11-09T21:44:11.559+0000] {processor.py:914} INFO - Processing file /opt/airflow/dags/spotify_pipeline.py for tasks to queue
[2024-11-09T21:44:11.560+0000] {logging_mixin.py:190} INFO - [2024-11-09T21:44:11.560+0000] {dagbag.py:588} INFO - Filling up the DagBag from /opt/airflow/dags/spotify_pipeline.py
[2024-11-09T21:44:11.577+0000] {processor.py:925} INFO - DAG(s) 'spotify_pipeline' retrieved from /opt/airflow/dags/spotify_pipeline.py
[2024-11-09T21:44:11.601+0000] {logging_mixin.py:190} INFO - [2024-11-09T21:44:11.601+0000] {dag.py:3239} INFO - Sync 1 DAGs
[2024-11-09T21:44:11.623+0000] {logging_mixin.py:190} INFO - [2024-11-09T21:44:11.623+0000] {dag.py:4180} INFO - Setting next_dagrun for spotify_pipeline to 2024-11-09 00:00:00+00:00, run_after=2024-11-10 00:00:00+00:00
[2024-11-09T21:44:11.641+0000] {processor.py:208} INFO - Processing /opt/airflow/dags/spotify_pipeline.py took 0.087 seconds
[2024-11-09T21:44:41.840+0000] {processor.py:186} INFO - Started process (PID=6475) to work on /opt/airflow/dags/spotify_pipeline.py
[2024-11-09T21:44:41.841+0000] {processor.py:914} INFO - Processing file /opt/airflow/dags/spotify_pipeline.py for tasks to queue
[2024-11-09T21:44:41.842+0000] {logging_mixin.py:190} INFO - [2024-11-09T21:44:41.842+0000] {dagbag.py:588} INFO - Filling up the DagBag from /opt/airflow/dags/spotify_pipeline.py
[2024-11-09T21:44:41.860+0000] {processor.py:925} INFO - DAG(s) 'spotify_pipeline' retrieved from /opt/airflow/dags/spotify_pipeline.py
[2024-11-09T21:44:41.883+0000] {logging_mixin.py:190} INFO - [2024-11-09T21:44:41.882+0000] {dag.py:3239} INFO - Sync 1 DAGs
[2024-11-09T21:44:41.905+0000] {logging_mixin.py:190} INFO - [2024-11-09T21:44:41.905+0000] {dag.py:4180} INFO - Setting next_dagrun for spotify_pipeline to 2024-11-09 00:00:00+00:00, run_after=2024-11-10 00:00:00+00:00
[2024-11-09T21:44:41.921+0000] {processor.py:208} INFO - Processing /opt/airflow/dags/spotify_pipeline.py took 0.084 seconds
[2024-11-09T21:45:12.114+0000] {processor.py:186} INFO - Started process (PID=6485) to work on /opt/airflow/dags/spotify_pipeline.py
[2024-11-09T21:45:12.115+0000] {processor.py:914} INFO - Processing file /opt/airflow/dags/spotify_pipeline.py for tasks to queue
[2024-11-09T21:45:12.116+0000] {logging_mixin.py:190} INFO - [2024-11-09T21:45:12.115+0000] {dagbag.py:588} INFO - Filling up the DagBag from /opt/airflow/dags/spotify_pipeline.py
[2024-11-09T21:45:12.133+0000] {processor.py:925} INFO - DAG(s) 'spotify_pipeline' retrieved from /opt/airflow/dags/spotify_pipeline.py
[2024-11-09T21:45:12.155+0000] {logging_mixin.py:190} INFO - [2024-11-09T21:45:12.155+0000] {dag.py:3239} INFO - Sync 1 DAGs
[2024-11-09T21:45:12.176+0000] {logging_mixin.py:190} INFO - [2024-11-09T21:45:12.175+0000] {dag.py:4180} INFO - Setting next_dagrun for spotify_pipeline to 2024-11-09 00:00:00+00:00, run_after=2024-11-10 00:00:00+00:00
[2024-11-09T21:45:12.191+0000] {processor.py:208} INFO - Processing /opt/airflow/dags/spotify_pipeline.py took 0.083 seconds
[2024-11-09T21:45:42.387+0000] {processor.py:186} INFO - Started process (PID=6495) to work on /opt/airflow/dags/spotify_pipeline.py
[2024-11-09T21:45:42.387+0000] {processor.py:914} INFO - Processing file /opt/airflow/dags/spotify_pipeline.py for tasks to queue
[2024-11-09T21:45:42.388+0000] {logging_mixin.py:190} INFO - [2024-11-09T21:45:42.388+0000] {dagbag.py:588} INFO - Filling up the DagBag from /opt/airflow/dags/spotify_pipeline.py
[2024-11-09T21:45:42.403+0000] {processor.py:925} INFO - DAG(s) 'spotify_pipeline' retrieved from /opt/airflow/dags/spotify_pipeline.py
[2024-11-09T21:45:42.427+0000] {logging_mixin.py:190} INFO - [2024-11-09T21:45:42.426+0000] {dag.py:3239} INFO - Sync 1 DAGs
[2024-11-09T21:45:42.447+0000] {logging_mixin.py:190} INFO - [2024-11-09T21:45:42.446+0000] {dag.py:4180} INFO - Setting next_dagrun for spotify_pipeline to 2024-11-09 00:00:00+00:00, run_after=2024-11-10 00:00:00+00:00
[2024-11-09T21:45:42.462+0000] {processor.py:208} INFO - Processing /opt/airflow/dags/spotify_pipeline.py took 0.079 seconds
[2024-11-09T21:46:12.660+0000] {processor.py:186} INFO - Started process (PID=6505) to work on /opt/airflow/dags/spotify_pipeline.py
[2024-11-09T21:46:12.661+0000] {processor.py:914} INFO - Processing file /opt/airflow/dags/spotify_pipeline.py for tasks to queue
[2024-11-09T21:46:12.663+0000] {logging_mixin.py:190} INFO - [2024-11-09T21:46:12.662+0000] {dagbag.py:588} INFO - Filling up the DagBag from /opt/airflow/dags/spotify_pipeline.py
[2024-11-09T21:46:12.680+0000] {processor.py:925} INFO - DAG(s) 'spotify_pipeline' retrieved from /opt/airflow/dags/spotify_pipeline.py
[2024-11-09T21:46:12.705+0000] {logging_mixin.py:190} INFO - [2024-11-09T21:46:12.705+0000] {dag.py:3239} INFO - Sync 1 DAGs
[2024-11-09T21:46:12.727+0000] {logging_mixin.py:190} INFO - [2024-11-09T21:46:12.727+0000] {dag.py:4180} INFO - Setting next_dagrun for spotify_pipeline to 2024-11-09 00:00:00+00:00, run_after=2024-11-10 00:00:00+00:00
[2024-11-09T21:46:12.744+0000] {processor.py:208} INFO - Processing /opt/airflow/dags/spotify_pipeline.py took 0.087 seconds
[2024-11-09T21:46:42.952+0000] {processor.py:186} INFO - Started process (PID=6515) to work on /opt/airflow/dags/spotify_pipeline.py
[2024-11-09T21:46:42.953+0000] {processor.py:914} INFO - Processing file /opt/airflow/dags/spotify_pipeline.py for tasks to queue
[2024-11-09T21:46:42.954+0000] {logging_mixin.py:190} INFO - [2024-11-09T21:46:42.954+0000] {dagbag.py:588} INFO - Filling up the DagBag from /opt/airflow/dags/spotify_pipeline.py
[2024-11-09T21:46:42.971+0000] {processor.py:925} INFO - DAG(s) 'spotify_pipeline' retrieved from /opt/airflow/dags/spotify_pipeline.py
[2024-11-09T21:46:42.996+0000] {logging_mixin.py:190} INFO - [2024-11-09T21:46:42.995+0000] {dag.py:3239} INFO - Sync 1 DAGs
[2024-11-09T21:46:43.018+0000] {logging_mixin.py:190} INFO - [2024-11-09T21:46:43.018+0000] {dag.py:4180} INFO - Setting next_dagrun for spotify_pipeline to 2024-11-09 00:00:00+00:00, run_after=2024-11-10 00:00:00+00:00
[2024-11-09T21:46:43.035+0000] {processor.py:208} INFO - Processing /opt/airflow/dags/spotify_pipeline.py took 0.087 seconds
[2024-11-09T21:47:13.247+0000] {processor.py:186} INFO - Started process (PID=6525) to work on /opt/airflow/dags/spotify_pipeline.py
[2024-11-09T21:47:13.248+0000] {processor.py:914} INFO - Processing file /opt/airflow/dags/spotify_pipeline.py for tasks to queue
[2024-11-09T21:47:13.250+0000] {logging_mixin.py:190} INFO - [2024-11-09T21:47:13.249+0000] {dagbag.py:588} INFO - Filling up the DagBag from /opt/airflow/dags/spotify_pipeline.py
[2024-11-09T21:47:13.269+0000] {processor.py:925} INFO - DAG(s) 'spotify_pipeline' retrieved from /opt/airflow/dags/spotify_pipeline.py
[2024-11-09T21:47:13.291+0000] {logging_mixin.py:190} INFO - [2024-11-09T21:47:13.291+0000] {dag.py:3239} INFO - Sync 1 DAGs
[2024-11-09T21:47:13.311+0000] {logging_mixin.py:190} INFO - [2024-11-09T21:47:13.311+0000] {dag.py:4180} INFO - Setting next_dagrun for spotify_pipeline to 2024-11-09 00:00:00+00:00, run_after=2024-11-10 00:00:00+00:00
[2024-11-09T21:47:13.341+0000] {processor.py:208} INFO - Processing /opt/airflow/dags/spotify_pipeline.py took 0.099 seconds
[2024-11-09T21:47:43.539+0000] {processor.py:186} INFO - Started process (PID=6535) to work on /opt/airflow/dags/spotify_pipeline.py
[2024-11-09T21:47:43.540+0000] {processor.py:914} INFO - Processing file /opt/airflow/dags/spotify_pipeline.py for tasks to queue
[2024-11-09T21:47:43.541+0000] {logging_mixin.py:190} INFO - [2024-11-09T21:47:43.541+0000] {dagbag.py:588} INFO - Filling up the DagBag from /opt/airflow/dags/spotify_pipeline.py
[2024-11-09T21:47:43.560+0000] {processor.py:925} INFO - DAG(s) 'spotify_pipeline' retrieved from /opt/airflow/dags/spotify_pipeline.py
[2024-11-09T21:47:43.585+0000] {logging_mixin.py:190} INFO - [2024-11-09T21:47:43.585+0000] {dag.py:3239} INFO - Sync 1 DAGs
[2024-11-09T21:47:43.608+0000] {logging_mixin.py:190} INFO - [2024-11-09T21:47:43.608+0000] {dag.py:4180} INFO - Setting next_dagrun for spotify_pipeline to 2024-11-09 00:00:00+00:00, run_after=2024-11-10 00:00:00+00:00
[2024-11-09T21:47:43.639+0000] {processor.py:208} INFO - Processing /opt/airflow/dags/spotify_pipeline.py took 0.104 seconds
[2024-11-09T21:48:13.835+0000] {processor.py:186} INFO - Started process (PID=6545) to work on /opt/airflow/dags/spotify_pipeline.py
[2024-11-09T21:48:13.836+0000] {processor.py:914} INFO - Processing file /opt/airflow/dags/spotify_pipeline.py for tasks to queue
[2024-11-09T21:48:13.837+0000] {logging_mixin.py:190} INFO - [2024-11-09T21:48:13.837+0000] {dagbag.py:588} INFO - Filling up the DagBag from /opt/airflow/dags/spotify_pipeline.py
[2024-11-09T21:48:13.853+0000] {processor.py:925} INFO - DAG(s) 'spotify_pipeline' retrieved from /opt/airflow/dags/spotify_pipeline.py
[2024-11-09T21:48:13.877+0000] {logging_mixin.py:190} INFO - [2024-11-09T21:48:13.877+0000] {dag.py:3239} INFO - Sync 1 DAGs
[2024-11-09T21:48:13.899+0000] {logging_mixin.py:190} INFO - [2024-11-09T21:48:13.899+0000] {dag.py:4180} INFO - Setting next_dagrun for spotify_pipeline to 2024-11-09 00:00:00+00:00, run_after=2024-11-10 00:00:00+00:00
[2024-11-09T21:48:13.918+0000] {processor.py:208} INFO - Processing /opt/airflow/dags/spotify_pipeline.py took 0.087 seconds
[2024-11-09T21:48:44.123+0000] {processor.py:186} INFO - Started process (PID=6555) to work on /opt/airflow/dags/spotify_pipeline.py
[2024-11-09T21:48:44.124+0000] {processor.py:914} INFO - Processing file /opt/airflow/dags/spotify_pipeline.py for tasks to queue
[2024-11-09T21:48:44.125+0000] {logging_mixin.py:190} INFO - [2024-11-09T21:48:44.125+0000] {dagbag.py:588} INFO - Filling up the DagBag from /opt/airflow/dags/spotify_pipeline.py
[2024-11-09T21:48:44.144+0000] {processor.py:925} INFO - DAG(s) 'spotify_pipeline' retrieved from /opt/airflow/dags/spotify_pipeline.py
[2024-11-09T21:48:44.167+0000] {logging_mixin.py:190} INFO - [2024-11-09T21:48:44.167+0000] {dag.py:3239} INFO - Sync 1 DAGs
[2024-11-09T21:48:44.188+0000] {logging_mixin.py:190} INFO - [2024-11-09T21:48:44.187+0000] {dag.py:4180} INFO - Setting next_dagrun for spotify_pipeline to 2024-11-09 00:00:00+00:00, run_after=2024-11-10 00:00:00+00:00
[2024-11-09T21:48:44.217+0000] {processor.py:208} INFO - Processing /opt/airflow/dags/spotify_pipeline.py took 0.099 seconds
[2024-11-09T21:49:14.451+0000] {processor.py:186} INFO - Started process (PID=6565) to work on /opt/airflow/dags/spotify_pipeline.py
[2024-11-09T21:49:14.452+0000] {processor.py:914} INFO - Processing file /opt/airflow/dags/spotify_pipeline.py for tasks to queue
[2024-11-09T21:49:14.453+0000] {logging_mixin.py:190} INFO - [2024-11-09T21:49:14.453+0000] {dagbag.py:588} INFO - Filling up the DagBag from /opt/airflow/dags/spotify_pipeline.py
[2024-11-09T21:49:14.471+0000] {processor.py:925} INFO - DAG(s) 'spotify_pipeline' retrieved from /opt/airflow/dags/spotify_pipeline.py
[2024-11-09T21:49:14.496+0000] {logging_mixin.py:190} INFO - [2024-11-09T21:49:14.496+0000] {dag.py:3239} INFO - Sync 1 DAGs
[2024-11-09T21:49:14.518+0000] {logging_mixin.py:190} INFO - [2024-11-09T21:49:14.518+0000] {dag.py:4180} INFO - Setting next_dagrun for spotify_pipeline to 2024-11-09 00:00:00+00:00, run_after=2024-11-10 00:00:00+00:00
[2024-11-09T21:49:14.535+0000] {processor.py:208} INFO - Processing /opt/airflow/dags/spotify_pipeline.py took 0.089 seconds
[2024-11-09T21:49:44.737+0000] {processor.py:186} INFO - Started process (PID=6575) to work on /opt/airflow/dags/spotify_pipeline.py
[2024-11-09T21:49:44.739+0000] {processor.py:914} INFO - Processing file /opt/airflow/dags/spotify_pipeline.py for tasks to queue
[2024-11-09T21:49:44.740+0000] {logging_mixin.py:190} INFO - [2024-11-09T21:49:44.740+0000] {dagbag.py:588} INFO - Filling up the DagBag from /opt/airflow/dags/spotify_pipeline.py
[2024-11-09T21:49:44.760+0000] {processor.py:925} INFO - DAG(s) 'spotify_pipeline' retrieved from /opt/airflow/dags/spotify_pipeline.py
[2024-11-09T21:49:44.784+0000] {logging_mixin.py:190} INFO - [2024-11-09T21:49:44.784+0000] {dag.py:3239} INFO - Sync 1 DAGs
[2024-11-09T21:49:44.803+0000] {logging_mixin.py:190} INFO - [2024-11-09T21:49:44.803+0000] {dag.py:4180} INFO - Setting next_dagrun for spotify_pipeline to 2024-11-09 00:00:00+00:00, run_after=2024-11-10 00:00:00+00:00
[2024-11-09T21:49:44.820+0000] {processor.py:208} INFO - Processing /opt/airflow/dags/spotify_pipeline.py took 0.088 seconds
[2024-11-09T21:50:15.012+0000] {processor.py:186} INFO - Started process (PID=6585) to work on /opt/airflow/dags/spotify_pipeline.py
[2024-11-09T21:50:15.013+0000] {processor.py:914} INFO - Processing file /opt/airflow/dags/spotify_pipeline.py for tasks to queue
[2024-11-09T21:50:15.014+0000] {logging_mixin.py:190} INFO - [2024-11-09T21:50:15.014+0000] {dagbag.py:588} INFO - Filling up the DagBag from /opt/airflow/dags/spotify_pipeline.py
[2024-11-09T21:50:15.034+0000] {processor.py:925} INFO - DAG(s) 'spotify_pipeline' retrieved from /opt/airflow/dags/spotify_pipeline.py
[2024-11-09T21:50:15.056+0000] {logging_mixin.py:190} INFO - [2024-11-09T21:50:15.056+0000] {dag.py:3239} INFO - Sync 1 DAGs
[2024-11-09T21:50:15.076+0000] {logging_mixin.py:190} INFO - [2024-11-09T21:50:15.076+0000] {dag.py:4180} INFO - Setting next_dagrun for spotify_pipeline to 2024-11-09 00:00:00+00:00, run_after=2024-11-10 00:00:00+00:00
[2024-11-09T21:50:15.106+0000] {processor.py:208} INFO - Processing /opt/airflow/dags/spotify_pipeline.py took 0.099 seconds
[2024-11-09T21:50:45.301+0000] {processor.py:186} INFO - Started process (PID=6595) to work on /opt/airflow/dags/spotify_pipeline.py
[2024-11-09T21:50:45.302+0000] {processor.py:914} INFO - Processing file /opt/airflow/dags/spotify_pipeline.py for tasks to queue
[2024-11-09T21:50:45.303+0000] {logging_mixin.py:190} INFO - [2024-11-09T21:50:45.303+0000] {dagbag.py:588} INFO - Filling up the DagBag from /opt/airflow/dags/spotify_pipeline.py
[2024-11-09T21:50:45.321+0000] {processor.py:925} INFO - DAG(s) 'spotify_pipeline' retrieved from /opt/airflow/dags/spotify_pipeline.py
[2024-11-09T21:50:45.346+0000] {logging_mixin.py:190} INFO - [2024-11-09T21:50:45.346+0000] {dag.py:3239} INFO - Sync 1 DAGs
[2024-11-09T21:50:45.369+0000] {logging_mixin.py:190} INFO - [2024-11-09T21:50:45.368+0000] {dag.py:4180} INFO - Setting next_dagrun for spotify_pipeline to 2024-11-09 00:00:00+00:00, run_after=2024-11-10 00:00:00+00:00
[2024-11-09T21:50:45.385+0000] {processor.py:208} INFO - Processing /opt/airflow/dags/spotify_pipeline.py took 0.089 seconds
[2024-11-09T21:51:15.588+0000] {processor.py:186} INFO - Started process (PID=6605) to work on /opt/airflow/dags/spotify_pipeline.py
[2024-11-09T21:51:15.589+0000] {processor.py:914} INFO - Processing file /opt/airflow/dags/spotify_pipeline.py for tasks to queue
[2024-11-09T21:51:15.590+0000] {logging_mixin.py:190} INFO - [2024-11-09T21:51:15.589+0000] {dagbag.py:588} INFO - Filling up the DagBag from /opt/airflow/dags/spotify_pipeline.py
[2024-11-09T21:51:15.608+0000] {processor.py:925} INFO - DAG(s) 'spotify_pipeline' retrieved from /opt/airflow/dags/spotify_pipeline.py
[2024-11-09T21:51:15.631+0000] {logging_mixin.py:190} INFO - [2024-11-09T21:51:15.630+0000] {dag.py:3239} INFO - Sync 1 DAGs
[2024-11-09T21:51:15.650+0000] {logging_mixin.py:190} INFO - [2024-11-09T21:51:15.650+0000] {dag.py:4180} INFO - Setting next_dagrun for spotify_pipeline to 2024-11-09 00:00:00+00:00, run_after=2024-11-10 00:00:00+00:00
[2024-11-09T21:51:15.680+0000] {processor.py:208} INFO - Processing /opt/airflow/dags/spotify_pipeline.py took 0.097 seconds
[2024-11-09T21:51:45.904+0000] {processor.py:186} INFO - Started process (PID=6615) to work on /opt/airflow/dags/spotify_pipeline.py
[2024-11-09T21:51:45.905+0000] {processor.py:914} INFO - Processing file /opt/airflow/dags/spotify_pipeline.py for tasks to queue
[2024-11-09T21:51:45.906+0000] {logging_mixin.py:190} INFO - [2024-11-09T21:51:45.906+0000] {dagbag.py:588} INFO - Filling up the DagBag from /opt/airflow/dags/spotify_pipeline.py
[2024-11-09T21:51:45.922+0000] {processor.py:925} INFO - DAG(s) 'spotify_pipeline' retrieved from /opt/airflow/dags/spotify_pipeline.py
[2024-11-09T21:51:45.951+0000] {logging_mixin.py:190} INFO - [2024-11-09T21:51:45.951+0000] {dag.py:3239} INFO - Sync 1 DAGs
[2024-11-09T21:51:45.975+0000] {logging_mixin.py:190} INFO - [2024-11-09T21:51:45.974+0000] {dag.py:4180} INFO - Setting next_dagrun for spotify_pipeline to 2024-11-09 00:00:00+00:00, run_after=2024-11-10 00:00:00+00:00
[2024-11-09T21:51:45.992+0000] {processor.py:208} INFO - Processing /opt/airflow/dags/spotify_pipeline.py took 0.092 seconds
[2024-11-09T21:52:16.211+0000] {processor.py:186} INFO - Started process (PID=6625) to work on /opt/airflow/dags/spotify_pipeline.py
[2024-11-09T21:52:16.213+0000] {processor.py:914} INFO - Processing file /opt/airflow/dags/spotify_pipeline.py for tasks to queue
[2024-11-09T21:52:16.214+0000] {logging_mixin.py:190} INFO - [2024-11-09T21:52:16.214+0000] {dagbag.py:588} INFO - Filling up the DagBag from /opt/airflow/dags/spotify_pipeline.py
[2024-11-09T21:52:16.232+0000] {processor.py:925} INFO - DAG(s) 'spotify_pipeline' retrieved from /opt/airflow/dags/spotify_pipeline.py
[2024-11-09T21:52:16.259+0000] {logging_mixin.py:190} INFO - [2024-11-09T21:52:16.259+0000] {dag.py:3239} INFO - Sync 1 DAGs
[2024-11-09T21:52:16.285+0000] {logging_mixin.py:190} INFO - [2024-11-09T21:52:16.284+0000] {dag.py:4180} INFO - Setting next_dagrun for spotify_pipeline to 2024-11-09 00:00:00+00:00, run_after=2024-11-10 00:00:00+00:00
[2024-11-09T21:52:16.304+0000] {processor.py:208} INFO - Processing /opt/airflow/dags/spotify_pipeline.py took 0.098 seconds
[2024-11-09T21:52:46.517+0000] {processor.py:186} INFO - Started process (PID=6635) to work on /opt/airflow/dags/spotify_pipeline.py
[2024-11-09T21:52:46.519+0000] {processor.py:914} INFO - Processing file /opt/airflow/dags/spotify_pipeline.py for tasks to queue
[2024-11-09T21:52:46.520+0000] {logging_mixin.py:190} INFO - [2024-11-09T21:52:46.520+0000] {dagbag.py:588} INFO - Filling up the DagBag from /opt/airflow/dags/spotify_pipeline.py
[2024-11-09T21:52:46.537+0000] {processor.py:925} INFO - DAG(s) 'spotify_pipeline' retrieved from /opt/airflow/dags/spotify_pipeline.py
[2024-11-09T21:52:46.559+0000] {logging_mixin.py:190} INFO - [2024-11-09T21:52:46.559+0000] {dag.py:3239} INFO - Sync 1 DAGs
[2024-11-09T21:52:46.579+0000] {logging_mixin.py:190} INFO - [2024-11-09T21:52:46.579+0000] {dag.py:4180} INFO - Setting next_dagrun for spotify_pipeline to 2024-11-09 00:00:00+00:00, run_after=2024-11-10 00:00:00+00:00
[2024-11-09T21:52:46.595+0000] {processor.py:208} INFO - Processing /opt/airflow/dags/spotify_pipeline.py took 0.083 seconds
[2024-11-09T21:53:16.804+0000] {processor.py:186} INFO - Started process (PID=6645) to work on /opt/airflow/dags/spotify_pipeline.py
[2024-11-09T21:53:16.805+0000] {processor.py:914} INFO - Processing file /opt/airflow/dags/spotify_pipeline.py for tasks to queue
[2024-11-09T21:53:16.806+0000] {logging_mixin.py:190} INFO - [2024-11-09T21:53:16.805+0000] {dagbag.py:588} INFO - Filling up the DagBag from /opt/airflow/dags/spotify_pipeline.py
[2024-11-09T21:53:16.819+0000] {processor.py:925} INFO - DAG(s) 'spotify_pipeline' retrieved from /opt/airflow/dags/spotify_pipeline.py
[2024-11-09T21:53:16.841+0000] {logging_mixin.py:190} INFO - [2024-11-09T21:53:16.840+0000] {dag.py:3239} INFO - Sync 1 DAGs
[2024-11-09T21:53:16.860+0000] {logging_mixin.py:190} INFO - [2024-11-09T21:53:16.860+0000] {dag.py:4180} INFO - Setting next_dagrun for spotify_pipeline to 2024-11-09 00:00:00+00:00, run_after=2024-11-10 00:00:00+00:00
[2024-11-09T21:53:16.875+0000] {processor.py:208} INFO - Processing /opt/airflow/dags/spotify_pipeline.py took 0.075 seconds
[2024-11-09T21:53:47.084+0000] {processor.py:186} INFO - Started process (PID=6655) to work on /opt/airflow/dags/spotify_pipeline.py
[2024-11-09T21:53:47.085+0000] {processor.py:914} INFO - Processing file /opt/airflow/dags/spotify_pipeline.py for tasks to queue
[2024-11-09T21:53:47.086+0000] {logging_mixin.py:190} INFO - [2024-11-09T21:53:47.085+0000] {dagbag.py:588} INFO - Filling up the DagBag from /opt/airflow/dags/spotify_pipeline.py
[2024-11-09T21:53:47.102+0000] {processor.py:925} INFO - DAG(s) 'spotify_pipeline' retrieved from /opt/airflow/dags/spotify_pipeline.py
[2024-11-09T21:53:47.128+0000] {logging_mixin.py:190} INFO - [2024-11-09T21:53:47.128+0000] {dag.py:3239} INFO - Sync 1 DAGs
[2024-11-09T21:53:47.153+0000] {logging_mixin.py:190} INFO - [2024-11-09T21:53:47.153+0000] {dag.py:4180} INFO - Setting next_dagrun for spotify_pipeline to 2024-11-09 00:00:00+00:00, run_after=2024-11-10 00:00:00+00:00
[2024-11-09T21:53:47.174+0000] {processor.py:208} INFO - Processing /opt/airflow/dags/spotify_pipeline.py took 0.094 seconds
[2024-11-09T21:54:17.399+0000] {processor.py:186} INFO - Started process (PID=6665) to work on /opt/airflow/dags/spotify_pipeline.py
[2024-11-09T21:54:17.400+0000] {processor.py:914} INFO - Processing file /opt/airflow/dags/spotify_pipeline.py for tasks to queue
[2024-11-09T21:54:17.401+0000] {logging_mixin.py:190} INFO - [2024-11-09T21:54:17.401+0000] {dagbag.py:588} INFO - Filling up the DagBag from /opt/airflow/dags/spotify_pipeline.py
[2024-11-09T21:54:17.421+0000] {processor.py:925} INFO - DAG(s) 'spotify_pipeline' retrieved from /opt/airflow/dags/spotify_pipeline.py
[2024-11-09T21:54:17.445+0000] {logging_mixin.py:190} INFO - [2024-11-09T21:54:17.445+0000] {dag.py:3239} INFO - Sync 1 DAGs
[2024-11-09T21:54:17.466+0000] {logging_mixin.py:190} INFO - [2024-11-09T21:54:17.466+0000] {dag.py:4180} INFO - Setting next_dagrun for spotify_pipeline to 2024-11-09 00:00:00+00:00, run_after=2024-11-10 00:00:00+00:00
[2024-11-09T21:54:17.484+0000] {processor.py:208} INFO - Processing /opt/airflow/dags/spotify_pipeline.py took 0.093 seconds
[2024-11-09T21:54:47.678+0000] {processor.py:186} INFO - Started process (PID=6675) to work on /opt/airflow/dags/spotify_pipeline.py
[2024-11-09T21:54:47.678+0000] {processor.py:914} INFO - Processing file /opt/airflow/dags/spotify_pipeline.py for tasks to queue
[2024-11-09T21:54:47.680+0000] {logging_mixin.py:190} INFO - [2024-11-09T21:54:47.680+0000] {dagbag.py:588} INFO - Filling up the DagBag from /opt/airflow/dags/spotify_pipeline.py
[2024-11-09T21:54:47.697+0000] {processor.py:925} INFO - DAG(s) 'spotify_pipeline' retrieved from /opt/airflow/dags/spotify_pipeline.py
[2024-11-09T21:54:47.719+0000] {logging_mixin.py:190} INFO - [2024-11-09T21:54:47.719+0000] {dag.py:3239} INFO - Sync 1 DAGs
[2024-11-09T21:54:47.739+0000] {logging_mixin.py:190} INFO - [2024-11-09T21:54:47.738+0000] {dag.py:4180} INFO - Setting next_dagrun for spotify_pipeline to 2024-11-09 00:00:00+00:00, run_after=2024-11-10 00:00:00+00:00
[2024-11-09T21:54:47.752+0000] {processor.py:208} INFO - Processing /opt/airflow/dags/spotify_pipeline.py took 0.079 seconds
[2024-11-09T21:55:17.939+0000] {processor.py:186} INFO - Started process (PID=6685) to work on /opt/airflow/dags/spotify_pipeline.py
[2024-11-09T21:55:17.940+0000] {processor.py:914} INFO - Processing file /opt/airflow/dags/spotify_pipeline.py for tasks to queue
[2024-11-09T21:55:17.941+0000] {logging_mixin.py:190} INFO - [2024-11-09T21:55:17.941+0000] {dagbag.py:588} INFO - Filling up the DagBag from /opt/airflow/dags/spotify_pipeline.py
[2024-11-09T21:55:17.959+0000] {processor.py:925} INFO - DAG(s) 'spotify_pipeline' retrieved from /opt/airflow/dags/spotify_pipeline.py
[2024-11-09T21:55:17.983+0000] {logging_mixin.py:190} INFO - [2024-11-09T21:55:17.983+0000] {dag.py:3239} INFO - Sync 1 DAGs
[2024-11-09T21:55:18.005+0000] {logging_mixin.py:190} INFO - [2024-11-09T21:55:18.004+0000] {dag.py:4180} INFO - Setting next_dagrun for spotify_pipeline to 2024-11-09 00:00:00+00:00, run_after=2024-11-10 00:00:00+00:00
[2024-11-09T21:55:18.021+0000] {processor.py:208} INFO - Processing /opt/airflow/dags/spotify_pipeline.py took 0.087 seconds
[2024-11-09T21:55:48.205+0000] {processor.py:186} INFO - Started process (PID=6695) to work on /opt/airflow/dags/spotify_pipeline.py
[2024-11-09T21:55:48.205+0000] {processor.py:914} INFO - Processing file /opt/airflow/dags/spotify_pipeline.py for tasks to queue
[2024-11-09T21:55:48.206+0000] {logging_mixin.py:190} INFO - [2024-11-09T21:55:48.206+0000] {dagbag.py:588} INFO - Filling up the DagBag from /opt/airflow/dags/spotify_pipeline.py
[2024-11-09T21:55:48.223+0000] {processor.py:925} INFO - DAG(s) 'spotify_pipeline' retrieved from /opt/airflow/dags/spotify_pipeline.py
[2024-11-09T21:55:48.245+0000] {logging_mixin.py:190} INFO - [2024-11-09T21:55:48.244+0000] {dag.py:3239} INFO - Sync 1 DAGs
[2024-11-09T21:55:48.265+0000] {logging_mixin.py:190} INFO - [2024-11-09T21:55:48.264+0000] {dag.py:4180} INFO - Setting next_dagrun for spotify_pipeline to 2024-11-09 00:00:00+00:00, run_after=2024-11-10 00:00:00+00:00
[2024-11-09T21:55:48.294+0000] {processor.py:208} INFO - Processing /opt/airflow/dags/spotify_pipeline.py took 0.094 seconds
[2024-11-09T21:56:18.488+0000] {processor.py:186} INFO - Started process (PID=6705) to work on /opt/airflow/dags/spotify_pipeline.py
[2024-11-09T21:56:18.489+0000] {processor.py:914} INFO - Processing file /opt/airflow/dags/spotify_pipeline.py for tasks to queue
[2024-11-09T21:56:18.490+0000] {logging_mixin.py:190} INFO - [2024-11-09T21:56:18.489+0000] {dagbag.py:588} INFO - Filling up the DagBag from /opt/airflow/dags/spotify_pipeline.py
[2024-11-09T21:56:18.508+0000] {processor.py:925} INFO - DAG(s) 'spotify_pipeline' retrieved from /opt/airflow/dags/spotify_pipeline.py
[2024-11-09T21:56:18.531+0000] {logging_mixin.py:190} INFO - [2024-11-09T21:56:18.531+0000] {dag.py:3239} INFO - Sync 1 DAGs
[2024-11-09T21:56:18.552+0000] {logging_mixin.py:190} INFO - [2024-11-09T21:56:18.552+0000] {dag.py:4180} INFO - Setting next_dagrun for spotify_pipeline to 2024-11-09 00:00:00+00:00, run_after=2024-11-10 00:00:00+00:00
[2024-11-09T21:56:18.567+0000] {processor.py:208} INFO - Processing /opt/airflow/dags/spotify_pipeline.py took 0.085 seconds
[2024-11-09T21:56:48.767+0000] {processor.py:186} INFO - Started process (PID=6715) to work on /opt/airflow/dags/spotify_pipeline.py
[2024-11-09T21:56:48.768+0000] {processor.py:914} INFO - Processing file /opt/airflow/dags/spotify_pipeline.py for tasks to queue
[2024-11-09T21:56:48.769+0000] {logging_mixin.py:190} INFO - [2024-11-09T21:56:48.769+0000] {dagbag.py:588} INFO - Filling up the DagBag from /opt/airflow/dags/spotify_pipeline.py
[2024-11-09T21:56:48.788+0000] {processor.py:925} INFO - DAG(s) 'spotify_pipeline' retrieved from /opt/airflow/dags/spotify_pipeline.py
[2024-11-09T21:56:48.812+0000] {logging_mixin.py:190} INFO - [2024-11-09T21:56:48.812+0000] {dag.py:3239} INFO - Sync 1 DAGs
[2024-11-09T21:56:48.834+0000] {logging_mixin.py:190} INFO - [2024-11-09T21:56:48.833+0000] {dag.py:4180} INFO - Setting next_dagrun for spotify_pipeline to 2024-11-09 00:00:00+00:00, run_after=2024-11-10 00:00:00+00:00
[2024-11-09T21:56:48.851+0000] {processor.py:208} INFO - Processing /opt/airflow/dags/spotify_pipeline.py took 0.090 seconds
[2024-11-09T21:57:19.060+0000] {processor.py:186} INFO - Started process (PID=6725) to work on /opt/airflow/dags/spotify_pipeline.py
[2024-11-09T21:57:19.061+0000] {processor.py:914} INFO - Processing file /opt/airflow/dags/spotify_pipeline.py for tasks to queue
[2024-11-09T21:57:19.062+0000] {logging_mixin.py:190} INFO - [2024-11-09T21:57:19.062+0000] {dagbag.py:588} INFO - Filling up the DagBag from /opt/airflow/dags/spotify_pipeline.py
[2024-11-09T21:57:19.078+0000] {processor.py:925} INFO - DAG(s) 'spotify_pipeline' retrieved from /opt/airflow/dags/spotify_pipeline.py
[2024-11-09T21:57:19.102+0000] {logging_mixin.py:190} INFO - [2024-11-09T21:57:19.101+0000] {dag.py:3239} INFO - Sync 1 DAGs
[2024-11-09T21:57:19.123+0000] {logging_mixin.py:190} INFO - [2024-11-09T21:57:19.123+0000] {dag.py:4180} INFO - Setting next_dagrun for spotify_pipeline to 2024-11-09 00:00:00+00:00, run_after=2024-11-10 00:00:00+00:00
[2024-11-09T21:57:19.138+0000] {processor.py:208} INFO - Processing /opt/airflow/dags/spotify_pipeline.py took 0.082 seconds
[2024-11-09T21:57:49.359+0000] {processor.py:186} INFO - Started process (PID=6735) to work on /opt/airflow/dags/spotify_pipeline.py
[2024-11-09T21:57:49.360+0000] {processor.py:914} INFO - Processing file /opt/airflow/dags/spotify_pipeline.py for tasks to queue
[2024-11-09T21:57:49.361+0000] {logging_mixin.py:190} INFO - [2024-11-09T21:57:49.361+0000] {dagbag.py:588} INFO - Filling up the DagBag from /opt/airflow/dags/spotify_pipeline.py
[2024-11-09T21:57:49.379+0000] {processor.py:925} INFO - DAG(s) 'spotify_pipeline' retrieved from /opt/airflow/dags/spotify_pipeline.py
[2024-11-09T21:57:49.405+0000] {logging_mixin.py:190} INFO - [2024-11-09T21:57:49.405+0000] {dag.py:3239} INFO - Sync 1 DAGs
[2024-11-09T21:57:49.427+0000] {logging_mixin.py:190} INFO - [2024-11-09T21:57:49.427+0000] {dag.py:4180} INFO - Setting next_dagrun for spotify_pipeline to 2024-11-09 00:00:00+00:00, run_after=2024-11-10 00:00:00+00:00
[2024-11-09T21:57:49.444+0000] {processor.py:208} INFO - Processing /opt/airflow/dags/spotify_pipeline.py took 0.088 seconds
[2024-11-09T21:58:19.666+0000] {processor.py:186} INFO - Started process (PID=6745) to work on /opt/airflow/dags/spotify_pipeline.py
[2024-11-09T21:58:19.667+0000] {processor.py:914} INFO - Processing file /opt/airflow/dags/spotify_pipeline.py for tasks to queue
[2024-11-09T21:58:19.669+0000] {logging_mixin.py:190} INFO - [2024-11-09T21:58:19.668+0000] {dagbag.py:588} INFO - Filling up the DagBag from /opt/airflow/dags/spotify_pipeline.py
[2024-11-09T21:58:19.689+0000] {processor.py:925} INFO - DAG(s) 'spotify_pipeline' retrieved from /opt/airflow/dags/spotify_pipeline.py
[2024-11-09T21:58:19.715+0000] {logging_mixin.py:190} INFO - [2024-11-09T21:58:19.715+0000] {dag.py:3239} INFO - Sync 1 DAGs
[2024-11-09T21:58:19.743+0000] {logging_mixin.py:190} INFO - [2024-11-09T21:58:19.743+0000] {dag.py:4180} INFO - Setting next_dagrun for spotify_pipeline to 2024-11-09 00:00:00+00:00, run_after=2024-11-10 00:00:00+00:00
[2024-11-09T21:58:19.767+0000] {processor.py:208} INFO - Processing /opt/airflow/dags/spotify_pipeline.py took 0.108 seconds
[2024-11-09T21:58:49.987+0000] {processor.py:186} INFO - Started process (PID=6755) to work on /opt/airflow/dags/spotify_pipeline.py
[2024-11-09T21:58:49.988+0000] {processor.py:914} INFO - Processing file /opt/airflow/dags/spotify_pipeline.py for tasks to queue
[2024-11-09T21:58:49.989+0000] {logging_mixin.py:190} INFO - [2024-11-09T21:58:49.989+0000] {dagbag.py:588} INFO - Filling up the DagBag from /opt/airflow/dags/spotify_pipeline.py
[2024-11-09T21:58:50.008+0000] {processor.py:925} INFO - DAG(s) 'spotify_pipeline' retrieved from /opt/airflow/dags/spotify_pipeline.py
[2024-11-09T21:58:50.036+0000] {logging_mixin.py:190} INFO - [2024-11-09T21:58:50.036+0000] {dag.py:3239} INFO - Sync 1 DAGs
[2024-11-09T21:58:50.060+0000] {logging_mixin.py:190} INFO - [2024-11-09T21:58:50.059+0000] {dag.py:4180} INFO - Setting next_dagrun for spotify_pipeline to 2024-11-09 00:00:00+00:00, run_after=2024-11-10 00:00:00+00:00
[2024-11-09T21:58:50.079+0000] {processor.py:208} INFO - Processing /opt/airflow/dags/spotify_pipeline.py took 0.097 seconds
[2024-11-09T21:59:20.357+0000] {processor.py:186} INFO - Started process (PID=6765) to work on /opt/airflow/dags/spotify_pipeline.py
[2024-11-09T21:59:20.358+0000] {processor.py:914} INFO - Processing file /opt/airflow/dags/spotify_pipeline.py for tasks to queue
[2024-11-09T21:59:20.359+0000] {logging_mixin.py:190} INFO - [2024-11-09T21:59:20.359+0000] {dagbag.py:588} INFO - Filling up the DagBag from /opt/airflow/dags/spotify_pipeline.py
[2024-11-09T21:59:20.375+0000] {processor.py:925} INFO - DAG(s) 'spotify_pipeline' retrieved from /opt/airflow/dags/spotify_pipeline.py
[2024-11-09T21:59:20.398+0000] {logging_mixin.py:190} INFO - [2024-11-09T21:59:20.398+0000] {dag.py:3239} INFO - Sync 1 DAGs
[2024-11-09T21:59:20.421+0000] {logging_mixin.py:190} INFO - [2024-11-09T21:59:20.421+0000] {dag.py:4180} INFO - Setting next_dagrun for spotify_pipeline to 2024-11-09 00:00:00+00:00, run_after=2024-11-10 00:00:00+00:00
[2024-11-09T21:59:20.437+0000] {processor.py:208} INFO - Processing /opt/airflow/dags/spotify_pipeline.py took 0.083 seconds
[2024-11-09T21:59:50.650+0000] {processor.py:186} INFO - Started process (PID=6775) to work on /opt/airflow/dags/spotify_pipeline.py
[2024-11-09T21:59:50.650+0000] {processor.py:914} INFO - Processing file /opt/airflow/dags/spotify_pipeline.py for tasks to queue
[2024-11-09T21:59:50.652+0000] {logging_mixin.py:190} INFO - [2024-11-09T21:59:50.651+0000] {dagbag.py:588} INFO - Filling up the DagBag from /opt/airflow/dags/spotify_pipeline.py
[2024-11-09T21:59:50.670+0000] {processor.py:925} INFO - DAG(s) 'spotify_pipeline' retrieved from /opt/airflow/dags/spotify_pipeline.py
[2024-11-09T21:59:50.694+0000] {logging_mixin.py:190} INFO - [2024-11-09T21:59:50.693+0000] {dag.py:3239} INFO - Sync 1 DAGs
[2024-11-09T21:59:50.714+0000] {logging_mixin.py:190} INFO - [2024-11-09T21:59:50.714+0000] {dag.py:4180} INFO - Setting next_dagrun for spotify_pipeline to 2024-11-09 00:00:00+00:00, run_after=2024-11-10 00:00:00+00:00
[2024-11-09T21:59:50.731+0000] {processor.py:208} INFO - Processing /opt/airflow/dags/spotify_pipeline.py took 0.085 seconds
[2024-11-09T22:00:20.939+0000] {processor.py:186} INFO - Started process (PID=6785) to work on /opt/airflow/dags/spotify_pipeline.py
[2024-11-09T22:00:20.940+0000] {processor.py:914} INFO - Processing file /opt/airflow/dags/spotify_pipeline.py for tasks to queue
[2024-11-09T22:00:20.941+0000] {logging_mixin.py:190} INFO - [2024-11-09T22:00:20.941+0000] {dagbag.py:588} INFO - Filling up the DagBag from /opt/airflow/dags/spotify_pipeline.py
[2024-11-09T22:00:20.959+0000] {processor.py:925} INFO - DAG(s) 'spotify_pipeline' retrieved from /opt/airflow/dags/spotify_pipeline.py
[2024-11-09T22:00:20.983+0000] {logging_mixin.py:190} INFO - [2024-11-09T22:00:20.983+0000] {dag.py:3239} INFO - Sync 1 DAGs
[2024-11-09T22:00:21.007+0000] {logging_mixin.py:190} INFO - [2024-11-09T22:00:21.007+0000] {dag.py:4180} INFO - Setting next_dagrun for spotify_pipeline to 2024-11-09 00:00:00+00:00, run_after=2024-11-10 00:00:00+00:00
[2024-11-09T22:00:21.027+0000] {processor.py:208} INFO - Processing /opt/airflow/dags/spotify_pipeline.py took 0.093 seconds
[2024-11-09T22:00:51.228+0000] {processor.py:186} INFO - Started process (PID=6795) to work on /opt/airflow/dags/spotify_pipeline.py
[2024-11-09T22:00:51.229+0000] {processor.py:914} INFO - Processing file /opt/airflow/dags/spotify_pipeline.py for tasks to queue
[2024-11-09T22:00:51.230+0000] {logging_mixin.py:190} INFO - [2024-11-09T22:00:51.230+0000] {dagbag.py:588} INFO - Filling up the DagBag from /opt/airflow/dags/spotify_pipeline.py
[2024-11-09T22:00:51.248+0000] {processor.py:925} INFO - DAG(s) 'spotify_pipeline' retrieved from /opt/airflow/dags/spotify_pipeline.py
[2024-11-09T22:00:51.273+0000] {logging_mixin.py:190} INFO - [2024-11-09T22:00:51.273+0000] {dag.py:3239} INFO - Sync 1 DAGs
[2024-11-09T22:00:51.295+0000] {logging_mixin.py:190} INFO - [2024-11-09T22:00:51.295+0000] {dag.py:4180} INFO - Setting next_dagrun for spotify_pipeline to 2024-11-09 00:00:00+00:00, run_after=2024-11-10 00:00:00+00:00
[2024-11-09T22:00:51.313+0000] {processor.py:208} INFO - Processing /opt/airflow/dags/spotify_pipeline.py took 0.091 seconds
[2024-11-09T22:01:21.510+0000] {processor.py:186} INFO - Started process (PID=6805) to work on /opt/airflow/dags/spotify_pipeline.py
[2024-11-09T22:01:21.511+0000] {processor.py:914} INFO - Processing file /opt/airflow/dags/spotify_pipeline.py for tasks to queue
[2024-11-09T22:01:21.513+0000] {logging_mixin.py:190} INFO - [2024-11-09T22:01:21.512+0000] {dagbag.py:588} INFO - Filling up the DagBag from /opt/airflow/dags/spotify_pipeline.py
[2024-11-09T22:01:21.532+0000] {processor.py:925} INFO - DAG(s) 'spotify_pipeline' retrieved from /opt/airflow/dags/spotify_pipeline.py
[2024-11-09T22:01:21.554+0000] {logging_mixin.py:190} INFO - [2024-11-09T22:01:21.554+0000] {dag.py:3239} INFO - Sync 1 DAGs
[2024-11-09T22:01:21.575+0000] {logging_mixin.py:190} INFO - [2024-11-09T22:01:21.575+0000] {dag.py:4180} INFO - Setting next_dagrun for spotify_pipeline to 2024-11-09 00:00:00+00:00, run_after=2024-11-10 00:00:00+00:00
[2024-11-09T22:01:21.611+0000] {processor.py:208} INFO - Processing /opt/airflow/dags/spotify_pipeline.py took 0.107 seconds
[2024-11-09T22:01:51.810+0000] {processor.py:186} INFO - Started process (PID=6815) to work on /opt/airflow/dags/spotify_pipeline.py
[2024-11-09T22:01:51.810+0000] {processor.py:914} INFO - Processing file /opt/airflow/dags/spotify_pipeline.py for tasks to queue
[2024-11-09T22:01:51.811+0000] {logging_mixin.py:190} INFO - [2024-11-09T22:01:51.811+0000] {dagbag.py:588} INFO - Filling up the DagBag from /opt/airflow/dags/spotify_pipeline.py
[2024-11-09T22:01:51.829+0000] {processor.py:925} INFO - DAG(s) 'spotify_pipeline' retrieved from /opt/airflow/dags/spotify_pipeline.py
[2024-11-09T22:01:51.856+0000] {logging_mixin.py:190} INFO - [2024-11-09T22:01:51.855+0000] {dag.py:3239} INFO - Sync 1 DAGs
[2024-11-09T22:01:51.880+0000] {logging_mixin.py:190} INFO - [2024-11-09T22:01:51.879+0000] {dag.py:4180} INFO - Setting next_dagrun for spotify_pipeline to 2024-11-09 00:00:00+00:00, run_after=2024-11-10 00:00:00+00:00
[2024-11-09T22:01:51.896+0000] {processor.py:208} INFO - Processing /opt/airflow/dags/spotify_pipeline.py took 0.091 seconds
[2024-11-09T22:02:22.090+0000] {processor.py:186} INFO - Started process (PID=6825) to work on /opt/airflow/dags/spotify_pipeline.py
[2024-11-09T22:02:22.091+0000] {processor.py:914} INFO - Processing file /opt/airflow/dags/spotify_pipeline.py for tasks to queue
[2024-11-09T22:02:22.092+0000] {logging_mixin.py:190} INFO - [2024-11-09T22:02:22.092+0000] {dagbag.py:588} INFO - Filling up the DagBag from /opt/airflow/dags/spotify_pipeline.py
[2024-11-09T22:02:22.112+0000] {processor.py:925} INFO - DAG(s) 'spotify_pipeline' retrieved from /opt/airflow/dags/spotify_pipeline.py
[2024-11-09T22:02:22.133+0000] {logging_mixin.py:190} INFO - [2024-11-09T22:02:22.133+0000] {dag.py:3239} INFO - Sync 1 DAGs
[2024-11-09T22:02:22.153+0000] {logging_mixin.py:190} INFO - [2024-11-09T22:02:22.153+0000] {dag.py:4180} INFO - Setting next_dagrun for spotify_pipeline to 2024-11-09 00:00:00+00:00, run_after=2024-11-10 00:00:00+00:00
[2024-11-09T22:02:22.172+0000] {processor.py:208} INFO - Processing /opt/airflow/dags/spotify_pipeline.py took 0.086 seconds
[2024-11-09T22:02:52.366+0000] {processor.py:186} INFO - Started process (PID=6835) to work on /opt/airflow/dags/spotify_pipeline.py
[2024-11-09T22:02:52.366+0000] {processor.py:914} INFO - Processing file /opt/airflow/dags/spotify_pipeline.py for tasks to queue
[2024-11-09T22:02:52.367+0000] {logging_mixin.py:190} INFO - [2024-11-09T22:02:52.367+0000] {dagbag.py:588} INFO - Filling up the DagBag from /opt/airflow/dags/spotify_pipeline.py
[2024-11-09T22:02:52.385+0000] {processor.py:925} INFO - DAG(s) 'spotify_pipeline' retrieved from /opt/airflow/dags/spotify_pipeline.py
[2024-11-09T22:02:52.406+0000] {logging_mixin.py:190} INFO - [2024-11-09T22:02:52.406+0000] {dag.py:3239} INFO - Sync 1 DAGs
[2024-11-09T22:02:52.427+0000] {logging_mixin.py:190} INFO - [2024-11-09T22:02:52.427+0000] {dag.py:4180} INFO - Setting next_dagrun for spotify_pipeline to 2024-11-09 00:00:00+00:00, run_after=2024-11-10 00:00:00+00:00
[2024-11-09T22:02:52.445+0000] {processor.py:208} INFO - Processing /opt/airflow/dags/spotify_pipeline.py took 0.084 seconds
[2024-11-09T22:03:22.649+0000] {processor.py:186} INFO - Started process (PID=6845) to work on /opt/airflow/dags/spotify_pipeline.py
[2024-11-09T22:03:22.650+0000] {processor.py:914} INFO - Processing file /opt/airflow/dags/spotify_pipeline.py for tasks to queue
[2024-11-09T22:03:22.651+0000] {logging_mixin.py:190} INFO - [2024-11-09T22:03:22.651+0000] {dagbag.py:588} INFO - Filling up the DagBag from /opt/airflow/dags/spotify_pipeline.py
[2024-11-09T22:03:22.671+0000] {processor.py:925} INFO - DAG(s) 'spotify_pipeline' retrieved from /opt/airflow/dags/spotify_pipeline.py
[2024-11-09T22:03:22.693+0000] {logging_mixin.py:190} INFO - [2024-11-09T22:03:22.693+0000] {dag.py:3239} INFO - Sync 1 DAGs
[2024-11-09T22:03:22.713+0000] {logging_mixin.py:190} INFO - [2024-11-09T22:03:22.713+0000] {dag.py:4180} INFO - Setting next_dagrun for spotify_pipeline to 2024-11-09 00:00:00+00:00, run_after=2024-11-10 00:00:00+00:00
[2024-11-09T22:03:22.729+0000] {processor.py:208} INFO - Processing /opt/airflow/dags/spotify_pipeline.py took 0.087 seconds
[2024-11-09T22:03:52.922+0000] {processor.py:186} INFO - Started process (PID=6855) to work on /opt/airflow/dags/spotify_pipeline.py
[2024-11-09T22:03:52.923+0000] {processor.py:914} INFO - Processing file /opt/airflow/dags/spotify_pipeline.py for tasks to queue
[2024-11-09T22:03:52.924+0000] {logging_mixin.py:190} INFO - [2024-11-09T22:03:52.924+0000] {dagbag.py:588} INFO - Filling up the DagBag from /opt/airflow/dags/spotify_pipeline.py
[2024-11-09T22:03:52.944+0000] {processor.py:925} INFO - DAG(s) 'spotify_pipeline' retrieved from /opt/airflow/dags/spotify_pipeline.py
[2024-11-09T22:03:52.968+0000] {logging_mixin.py:190} INFO - [2024-11-09T22:03:52.968+0000] {dag.py:3239} INFO - Sync 1 DAGs
[2024-11-09T22:03:52.988+0000] {logging_mixin.py:190} INFO - [2024-11-09T22:03:52.987+0000] {dag.py:4180} INFO - Setting next_dagrun for spotify_pipeline to 2024-11-09 00:00:00+00:00, run_after=2024-11-10 00:00:00+00:00
[2024-11-09T22:03:53.005+0000] {processor.py:208} INFO - Processing /opt/airflow/dags/spotify_pipeline.py took 0.089 seconds
[2024-11-09T22:04:23.219+0000] {processor.py:186} INFO - Started process (PID=6865) to work on /opt/airflow/dags/spotify_pipeline.py
[2024-11-09T22:04:23.220+0000] {processor.py:914} INFO - Processing file /opt/airflow/dags/spotify_pipeline.py for tasks to queue
[2024-11-09T22:04:23.221+0000] {logging_mixin.py:190} INFO - [2024-11-09T22:04:23.221+0000] {dagbag.py:588} INFO - Filling up the DagBag from /opt/airflow/dags/spotify_pipeline.py
[2024-11-09T22:04:23.239+0000] {processor.py:925} INFO - DAG(s) 'spotify_pipeline' retrieved from /opt/airflow/dags/spotify_pipeline.py
[2024-11-09T22:04:23.266+0000] {logging_mixin.py:190} INFO - [2024-11-09T22:04:23.266+0000] {dag.py:3239} INFO - Sync 1 DAGs
[2024-11-09T22:04:23.288+0000] {logging_mixin.py:190} INFO - [2024-11-09T22:04:23.288+0000] {dag.py:4180} INFO - Setting next_dagrun for spotify_pipeline to 2024-11-09 00:00:00+00:00, run_after=2024-11-10 00:00:00+00:00
[2024-11-09T22:04:23.305+0000] {processor.py:208} INFO - Processing /opt/airflow/dags/spotify_pipeline.py took 0.091 seconds
[2024-11-09T22:04:53.509+0000] {processor.py:186} INFO - Started process (PID=6875) to work on /opt/airflow/dags/spotify_pipeline.py
[2024-11-09T22:04:53.510+0000] {processor.py:914} INFO - Processing file /opt/airflow/dags/spotify_pipeline.py for tasks to queue
[2024-11-09T22:04:53.511+0000] {logging_mixin.py:190} INFO - [2024-11-09T22:04:53.511+0000] {dagbag.py:588} INFO - Filling up the DagBag from /opt/airflow/dags/spotify_pipeline.py
[2024-11-09T22:04:53.528+0000] {processor.py:925} INFO - DAG(s) 'spotify_pipeline' retrieved from /opt/airflow/dags/spotify_pipeline.py
[2024-11-09T22:04:53.550+0000] {logging_mixin.py:190} INFO - [2024-11-09T22:04:53.550+0000] {dag.py:3239} INFO - Sync 1 DAGs
[2024-11-09T22:04:53.570+0000] {logging_mixin.py:190} INFO - [2024-11-09T22:04:53.570+0000] {dag.py:4180} INFO - Setting next_dagrun for spotify_pipeline to 2024-11-09 00:00:00+00:00, run_after=2024-11-10 00:00:00+00:00
[2024-11-09T22:04:53.587+0000] {processor.py:208} INFO - Processing /opt/airflow/dags/spotify_pipeline.py took 0.082 seconds
[2024-11-09T22:05:23.804+0000] {processor.py:186} INFO - Started process (PID=6885) to work on /opt/airflow/dags/spotify_pipeline.py
[2024-11-09T22:05:23.805+0000] {processor.py:914} INFO - Processing file /opt/airflow/dags/spotify_pipeline.py for tasks to queue
[2024-11-09T22:05:23.806+0000] {logging_mixin.py:190} INFO - [2024-11-09T22:05:23.806+0000] {dagbag.py:588} INFO - Filling up the DagBag from /opt/airflow/dags/spotify_pipeline.py
[2024-11-09T22:05:23.823+0000] {processor.py:925} INFO - DAG(s) 'spotify_pipeline' retrieved from /opt/airflow/dags/spotify_pipeline.py
[2024-11-09T22:05:23.846+0000] {logging_mixin.py:190} INFO - [2024-11-09T22:05:23.846+0000] {dag.py:3239} INFO - Sync 1 DAGs
[2024-11-09T22:05:23.867+0000] {logging_mixin.py:190} INFO - [2024-11-09T22:05:23.867+0000] {dag.py:4180} INFO - Setting next_dagrun for spotify_pipeline to 2024-11-09 00:00:00+00:00, run_after=2024-11-10 00:00:00+00:00
[2024-11-09T22:05:23.884+0000] {processor.py:208} INFO - Processing /opt/airflow/dags/spotify_pipeline.py took 0.083 seconds
[2024-11-09T22:05:54.091+0000] {processor.py:186} INFO - Started process (PID=6895) to work on /opt/airflow/dags/spotify_pipeline.py
[2024-11-09T22:05:54.092+0000] {processor.py:914} INFO - Processing file /opt/airflow/dags/spotify_pipeline.py for tasks to queue
[2024-11-09T22:05:54.094+0000] {logging_mixin.py:190} INFO - [2024-11-09T22:05:54.093+0000] {dagbag.py:588} INFO - Filling up the DagBag from /opt/airflow/dags/spotify_pipeline.py
[2024-11-09T22:05:54.112+0000] {processor.py:925} INFO - DAG(s) 'spotify_pipeline' retrieved from /opt/airflow/dags/spotify_pipeline.py
[2024-11-09T22:05:54.138+0000] {logging_mixin.py:190} INFO - [2024-11-09T22:05:54.138+0000] {dag.py:3239} INFO - Sync 1 DAGs
[2024-11-09T22:05:54.160+0000] {logging_mixin.py:190} INFO - [2024-11-09T22:05:54.160+0000] {dag.py:4180} INFO - Setting next_dagrun for spotify_pipeline to 2024-11-09 00:00:00+00:00, run_after=2024-11-10 00:00:00+00:00
[2024-11-09T22:05:54.178+0000] {processor.py:208} INFO - Processing /opt/airflow/dags/spotify_pipeline.py took 0.093 seconds
[2024-11-09T22:06:24.397+0000] {processor.py:186} INFO - Started process (PID=6905) to work on /opt/airflow/dags/spotify_pipeline.py
[2024-11-09T22:06:24.398+0000] {processor.py:914} INFO - Processing file /opt/airflow/dags/spotify_pipeline.py for tasks to queue
[2024-11-09T22:06:24.400+0000] {logging_mixin.py:190} INFO - [2024-11-09T22:06:24.399+0000] {dagbag.py:588} INFO - Filling up the DagBag from /opt/airflow/dags/spotify_pipeline.py
[2024-11-09T22:06:24.418+0000] {processor.py:925} INFO - DAG(s) 'spotify_pipeline' retrieved from /opt/airflow/dags/spotify_pipeline.py
[2024-11-09T22:06:24.444+0000] {logging_mixin.py:190} INFO - [2024-11-09T22:06:24.443+0000] {dag.py:3239} INFO - Sync 1 DAGs
[2024-11-09T22:06:24.465+0000] {logging_mixin.py:190} INFO - [2024-11-09T22:06:24.465+0000] {dag.py:4180} INFO - Setting next_dagrun for spotify_pipeline to 2024-11-09 00:00:00+00:00, run_after=2024-11-10 00:00:00+00:00
[2024-11-09T22:06:24.482+0000] {processor.py:208} INFO - Processing /opt/airflow/dags/spotify_pipeline.py took 0.090 seconds
[2024-11-09T22:06:54.717+0000] {processor.py:186} INFO - Started process (PID=6915) to work on /opt/airflow/dags/spotify_pipeline.py
[2024-11-09T22:06:54.718+0000] {processor.py:914} INFO - Processing file /opt/airflow/dags/spotify_pipeline.py for tasks to queue
[2024-11-09T22:06:54.720+0000] {logging_mixin.py:190} INFO - [2024-11-09T22:06:54.720+0000] {dagbag.py:588} INFO - Filling up the DagBag from /opt/airflow/dags/spotify_pipeline.py
[2024-11-09T22:06:54.740+0000] {processor.py:925} INFO - DAG(s) 'spotify_pipeline' retrieved from /opt/airflow/dags/spotify_pipeline.py
[2024-11-09T22:06:54.765+0000] {logging_mixin.py:190} INFO - [2024-11-09T22:06:54.764+0000] {dag.py:3239} INFO - Sync 1 DAGs
[2024-11-09T22:06:54.788+0000] {logging_mixin.py:190} INFO - [2024-11-09T22:06:54.788+0000] {dag.py:4180} INFO - Setting next_dagrun for spotify_pipeline to 2024-11-09 00:00:00+00:00, run_after=2024-11-10 00:00:00+00:00
[2024-11-09T22:06:54.811+0000] {processor.py:208} INFO - Processing /opt/airflow/dags/spotify_pipeline.py took 0.100 seconds
[2024-11-09T22:07:25.021+0000] {processor.py:186} INFO - Started process (PID=6925) to work on /opt/airflow/dags/spotify_pipeline.py
[2024-11-09T22:07:25.022+0000] {processor.py:914} INFO - Processing file /opt/airflow/dags/spotify_pipeline.py for tasks to queue
[2024-11-09T22:07:25.023+0000] {logging_mixin.py:190} INFO - [2024-11-09T22:07:25.023+0000] {dagbag.py:588} INFO - Filling up the DagBag from /opt/airflow/dags/spotify_pipeline.py
[2024-11-09T22:07:25.040+0000] {processor.py:925} INFO - DAG(s) 'spotify_pipeline' retrieved from /opt/airflow/dags/spotify_pipeline.py
[2024-11-09T22:07:25.065+0000] {logging_mixin.py:190} INFO - [2024-11-09T22:07:25.064+0000] {dag.py:3239} INFO - Sync 1 DAGs
[2024-11-09T22:07:25.088+0000] {logging_mixin.py:190} INFO - [2024-11-09T22:07:25.087+0000] {dag.py:4180} INFO - Setting next_dagrun for spotify_pipeline to 2024-11-09 00:00:00+00:00, run_after=2024-11-10 00:00:00+00:00
[2024-11-09T22:07:25.104+0000] {processor.py:208} INFO - Processing /opt/airflow/dags/spotify_pipeline.py took 0.087 seconds
[2024-11-09T22:07:55.330+0000] {processor.py:186} INFO - Started process (PID=6935) to work on /opt/airflow/dags/spotify_pipeline.py
[2024-11-09T22:07:55.331+0000] {processor.py:914} INFO - Processing file /opt/airflow/dags/spotify_pipeline.py for tasks to queue
[2024-11-09T22:07:55.333+0000] {logging_mixin.py:190} INFO - [2024-11-09T22:07:55.332+0000] {dagbag.py:588} INFO - Filling up the DagBag from /opt/airflow/dags/spotify_pipeline.py
[2024-11-09T22:07:55.358+0000] {processor.py:925} INFO - DAG(s) 'spotify_pipeline' retrieved from /opt/airflow/dags/spotify_pipeline.py
[2024-11-09T22:07:55.390+0000] {logging_mixin.py:190} INFO - [2024-11-09T22:07:55.390+0000] {dag.py:3239} INFO - Sync 1 DAGs
[2024-11-09T22:07:55.415+0000] {logging_mixin.py:190} INFO - [2024-11-09T22:07:55.415+0000] {dag.py:4180} INFO - Setting next_dagrun for spotify_pipeline to 2024-11-09 00:00:00+00:00, run_after=2024-11-10 00:00:00+00:00
[2024-11-09T22:07:55.432+0000] {processor.py:208} INFO - Processing /opt/airflow/dags/spotify_pipeline.py took 0.107 seconds
[2024-11-09T22:08:25.634+0000] {processor.py:186} INFO - Started process (PID=6945) to work on /opt/airflow/dags/spotify_pipeline.py
[2024-11-09T22:08:25.635+0000] {processor.py:914} INFO - Processing file /opt/airflow/dags/spotify_pipeline.py for tasks to queue
[2024-11-09T22:08:25.637+0000] {logging_mixin.py:190} INFO - [2024-11-09T22:08:25.636+0000] {dagbag.py:588} INFO - Filling up the DagBag from /opt/airflow/dags/spotify_pipeline.py
[2024-11-09T22:08:25.657+0000] {processor.py:925} INFO - DAG(s) 'spotify_pipeline' retrieved from /opt/airflow/dags/spotify_pipeline.py
[2024-11-09T22:08:25.682+0000] {logging_mixin.py:190} INFO - [2024-11-09T22:08:25.682+0000] {dag.py:3239} INFO - Sync 1 DAGs
[2024-11-09T22:08:25.703+0000] {logging_mixin.py:190} INFO - [2024-11-09T22:08:25.703+0000] {dag.py:4180} INFO - Setting next_dagrun for spotify_pipeline to 2024-11-09 00:00:00+00:00, run_after=2024-11-10 00:00:00+00:00
[2024-11-09T22:08:25.726+0000] {processor.py:208} INFO - Processing /opt/airflow/dags/spotify_pipeline.py took 0.098 seconds
[2024-11-09T22:08:55.919+0000] {processor.py:186} INFO - Started process (PID=6955) to work on /opt/airflow/dags/spotify_pipeline.py
[2024-11-09T22:08:55.920+0000] {processor.py:914} INFO - Processing file /opt/airflow/dags/spotify_pipeline.py for tasks to queue
[2024-11-09T22:08:55.922+0000] {logging_mixin.py:190} INFO - [2024-11-09T22:08:55.921+0000] {dagbag.py:588} INFO - Filling up the DagBag from /opt/airflow/dags/spotify_pipeline.py
[2024-11-09T22:08:55.942+0000] {processor.py:925} INFO - DAG(s) 'spotify_pipeline' retrieved from /opt/airflow/dags/spotify_pipeline.py
[2024-11-09T22:08:55.967+0000] {logging_mixin.py:190} INFO - [2024-11-09T22:08:55.967+0000] {dag.py:3239} INFO - Sync 1 DAGs
[2024-11-09T22:08:55.989+0000] {logging_mixin.py:190} INFO - [2024-11-09T22:08:55.989+0000] {dag.py:4180} INFO - Setting next_dagrun for spotify_pipeline to 2024-11-09 00:00:00+00:00, run_after=2024-11-10 00:00:00+00:00
[2024-11-09T22:08:56.008+0000] {processor.py:208} INFO - Processing /opt/airflow/dags/spotify_pipeline.py took 0.095 seconds
[2024-11-09T22:09:26.247+0000] {processor.py:186} INFO - Started process (PID=6965) to work on /opt/airflow/dags/spotify_pipeline.py
[2024-11-09T22:09:26.248+0000] {processor.py:914} INFO - Processing file /opt/airflow/dags/spotify_pipeline.py for tasks to queue
[2024-11-09T22:09:26.249+0000] {logging_mixin.py:190} INFO - [2024-11-09T22:09:26.249+0000] {dagbag.py:588} INFO - Filling up the DagBag from /opt/airflow/dags/spotify_pipeline.py
[2024-11-09T22:09:26.266+0000] {processor.py:925} INFO - DAG(s) 'spotify_pipeline' retrieved from /opt/airflow/dags/spotify_pipeline.py
[2024-11-09T22:09:26.288+0000] {logging_mixin.py:190} INFO - [2024-11-09T22:09:26.288+0000] {dag.py:3239} INFO - Sync 1 DAGs
[2024-11-09T22:09:26.309+0000] {logging_mixin.py:190} INFO - [2024-11-09T22:09:26.309+0000] {dag.py:4180} INFO - Setting next_dagrun for spotify_pipeline to 2024-11-09 00:00:00+00:00, run_after=2024-11-10 00:00:00+00:00
[2024-11-09T22:09:26.327+0000] {processor.py:208} INFO - Processing /opt/airflow/dags/spotify_pipeline.py took 0.083 seconds
[2024-11-09T22:09:56.522+0000] {processor.py:186} INFO - Started process (PID=6975) to work on /opt/airflow/dags/spotify_pipeline.py
[2024-11-09T22:09:56.523+0000] {processor.py:914} INFO - Processing file /opt/airflow/dags/spotify_pipeline.py for tasks to queue
[2024-11-09T22:09:56.524+0000] {logging_mixin.py:190} INFO - [2024-11-09T22:09:56.524+0000] {dagbag.py:588} INFO - Filling up the DagBag from /opt/airflow/dags/spotify_pipeline.py
[2024-11-09T22:09:56.545+0000] {processor.py:925} INFO - DAG(s) 'spotify_pipeline' retrieved from /opt/airflow/dags/spotify_pipeline.py
[2024-11-09T22:09:56.572+0000] {logging_mixin.py:190} INFO - [2024-11-09T22:09:56.572+0000] {dag.py:3239} INFO - Sync 1 DAGs
[2024-11-09T22:09:56.599+0000] {logging_mixin.py:190} INFO - [2024-11-09T22:09:56.599+0000] {dag.py:4180} INFO - Setting next_dagrun for spotify_pipeline to 2024-11-09 00:00:00+00:00, run_after=2024-11-10 00:00:00+00:00
[2024-11-09T22:09:56.620+0000] {processor.py:208} INFO - Processing /opt/airflow/dags/spotify_pipeline.py took 0.104 seconds
[2024-11-09T22:10:26.823+0000] {processor.py:186} INFO - Started process (PID=6985) to work on /opt/airflow/dags/spotify_pipeline.py
[2024-11-09T22:10:26.825+0000] {processor.py:914} INFO - Processing file /opt/airflow/dags/spotify_pipeline.py for tasks to queue
[2024-11-09T22:10:26.827+0000] {logging_mixin.py:190} INFO - [2024-11-09T22:10:26.827+0000] {dagbag.py:588} INFO - Filling up the DagBag from /opt/airflow/dags/spotify_pipeline.py
[2024-11-09T22:10:26.850+0000] {processor.py:925} INFO - DAG(s) 'spotify_pipeline' retrieved from /opt/airflow/dags/spotify_pipeline.py
[2024-11-09T22:10:26.880+0000] {logging_mixin.py:190} INFO - [2024-11-09T22:10:26.879+0000] {dag.py:3239} INFO - Sync 1 DAGs
[2024-11-09T22:10:26.907+0000] {logging_mixin.py:190} INFO - [2024-11-09T22:10:26.907+0000] {dag.py:4180} INFO - Setting next_dagrun for spotify_pipeline to 2024-11-09 00:00:00+00:00, run_after=2024-11-10 00:00:00+00:00
[2024-11-09T22:10:26.929+0000] {processor.py:208} INFO - Processing /opt/airflow/dags/spotify_pipeline.py took 0.111 seconds
[2024-11-09T22:10:57.124+0000] {processor.py:186} INFO - Started process (PID=6995) to work on /opt/airflow/dags/spotify_pipeline.py
[2024-11-09T22:10:57.125+0000] {processor.py:914} INFO - Processing file /opt/airflow/dags/spotify_pipeline.py for tasks to queue
[2024-11-09T22:10:57.126+0000] {logging_mixin.py:190} INFO - [2024-11-09T22:10:57.126+0000] {dagbag.py:588} INFO - Filling up the DagBag from /opt/airflow/dags/spotify_pipeline.py
[2024-11-09T22:10:57.144+0000] {processor.py:925} INFO - DAG(s) 'spotify_pipeline' retrieved from /opt/airflow/dags/spotify_pipeline.py
[2024-11-09T22:10:57.168+0000] {logging_mixin.py:190} INFO - [2024-11-09T22:10:57.167+0000] {dag.py:3239} INFO - Sync 1 DAGs
[2024-11-09T22:10:57.188+0000] {logging_mixin.py:190} INFO - [2024-11-09T22:10:57.187+0000] {dag.py:4180} INFO - Setting next_dagrun for spotify_pipeline to 2024-11-09 00:00:00+00:00, run_after=2024-11-10 00:00:00+00:00
[2024-11-09T22:10:57.202+0000] {processor.py:208} INFO - Processing /opt/airflow/dags/spotify_pipeline.py took 0.083 seconds
[2024-11-09T22:11:27.398+0000] {processor.py:186} INFO - Started process (PID=7005) to work on /opt/airflow/dags/spotify_pipeline.py
[2024-11-09T22:11:27.399+0000] {processor.py:914} INFO - Processing file /opt/airflow/dags/spotify_pipeline.py for tasks to queue
[2024-11-09T22:11:27.400+0000] {logging_mixin.py:190} INFO - [2024-11-09T22:11:27.400+0000] {dagbag.py:588} INFO - Filling up the DagBag from /opt/airflow/dags/spotify_pipeline.py
[2024-11-09T22:11:27.421+0000] {processor.py:925} INFO - DAG(s) 'spotify_pipeline' retrieved from /opt/airflow/dags/spotify_pipeline.py
[2024-11-09T22:11:27.450+0000] {logging_mixin.py:190} INFO - [2024-11-09T22:11:27.449+0000] {dag.py:3239} INFO - Sync 1 DAGs
[2024-11-09T22:11:27.475+0000] {logging_mixin.py:190} INFO - [2024-11-09T22:11:27.475+0000] {dag.py:4180} INFO - Setting next_dagrun for spotify_pipeline to 2024-11-09 00:00:00+00:00, run_after=2024-11-10 00:00:00+00:00
[2024-11-09T22:11:27.498+0000] {processor.py:208} INFO - Processing /opt/airflow/dags/spotify_pipeline.py took 0.107 seconds
[2024-11-09T22:11:57.696+0000] {processor.py:186} INFO - Started process (PID=7015) to work on /opt/airflow/dags/spotify_pipeline.py
[2024-11-09T22:11:57.697+0000] {processor.py:914} INFO - Processing file /opt/airflow/dags/spotify_pipeline.py for tasks to queue
[2024-11-09T22:11:57.698+0000] {logging_mixin.py:190} INFO - [2024-11-09T22:11:57.698+0000] {dagbag.py:588} INFO - Filling up the DagBag from /opt/airflow/dags/spotify_pipeline.py
[2024-11-09T22:11:57.718+0000] {processor.py:925} INFO - DAG(s) 'spotify_pipeline' retrieved from /opt/airflow/dags/spotify_pipeline.py
[2024-11-09T22:11:57.739+0000] {logging_mixin.py:190} INFO - [2024-11-09T22:11:57.739+0000] {dag.py:3239} INFO - Sync 1 DAGs
[2024-11-09T22:11:57.759+0000] {logging_mixin.py:190} INFO - [2024-11-09T22:11:57.759+0000] {dag.py:4180} INFO - Setting next_dagrun for spotify_pipeline to 2024-11-09 00:00:00+00:00, run_after=2024-11-10 00:00:00+00:00
[2024-11-09T22:11:57.774+0000] {processor.py:208} INFO - Processing /opt/airflow/dags/spotify_pipeline.py took 0.083 seconds
[2024-11-09T22:12:27.977+0000] {processor.py:186} INFO - Started process (PID=7025) to work on /opt/airflow/dags/spotify_pipeline.py
[2024-11-09T22:12:27.978+0000] {processor.py:914} INFO - Processing file /opt/airflow/dags/spotify_pipeline.py for tasks to queue
[2024-11-09T22:12:27.979+0000] {logging_mixin.py:190} INFO - [2024-11-09T22:12:27.979+0000] {dagbag.py:588} INFO - Filling up the DagBag from /opt/airflow/dags/spotify_pipeline.py
[2024-11-09T22:12:27.995+0000] {processor.py:925} INFO - DAG(s) 'spotify_pipeline' retrieved from /opt/airflow/dags/spotify_pipeline.py
[2024-11-09T22:12:28.018+0000] {logging_mixin.py:190} INFO - [2024-11-09T22:12:28.018+0000] {dag.py:3239} INFO - Sync 1 DAGs
[2024-11-09T22:12:28.038+0000] {logging_mixin.py:190} INFO - [2024-11-09T22:12:28.038+0000] {dag.py:4180} INFO - Setting next_dagrun for spotify_pipeline to 2024-11-09 00:00:00+00:00, run_after=2024-11-10 00:00:00+00:00
[2024-11-09T22:12:28.056+0000] {processor.py:208} INFO - Processing /opt/airflow/dags/spotify_pipeline.py took 0.083 seconds
[2024-11-09T22:12:58.263+0000] {processor.py:186} INFO - Started process (PID=7035) to work on /opt/airflow/dags/spotify_pipeline.py
[2024-11-09T22:12:58.264+0000] {processor.py:914} INFO - Processing file /opt/airflow/dags/spotify_pipeline.py for tasks to queue
[2024-11-09T22:12:58.265+0000] {logging_mixin.py:190} INFO - [2024-11-09T22:12:58.265+0000] {dagbag.py:588} INFO - Filling up the DagBag from /opt/airflow/dags/spotify_pipeline.py
[2024-11-09T22:12:58.284+0000] {processor.py:925} INFO - DAG(s) 'spotify_pipeline' retrieved from /opt/airflow/dags/spotify_pipeline.py
[2024-11-09T22:12:58.309+0000] {logging_mixin.py:190} INFO - [2024-11-09T22:12:58.309+0000] {dag.py:3239} INFO - Sync 1 DAGs
[2024-11-09T22:12:58.333+0000] {logging_mixin.py:190} INFO - [2024-11-09T22:12:58.333+0000] {dag.py:4180} INFO - Setting next_dagrun for spotify_pipeline to 2024-11-09 00:00:00+00:00, run_after=2024-11-10 00:00:00+00:00
[2024-11-09T22:12:58.355+0000] {processor.py:208} INFO - Processing /opt/airflow/dags/spotify_pipeline.py took 0.097 seconds
[2024-11-09T22:13:28.546+0000] {processor.py:186} INFO - Started process (PID=7045) to work on /opt/airflow/dags/spotify_pipeline.py
[2024-11-09T22:13:28.546+0000] {processor.py:914} INFO - Processing file /opt/airflow/dags/spotify_pipeline.py for tasks to queue
[2024-11-09T22:13:28.547+0000] {logging_mixin.py:190} INFO - [2024-11-09T22:13:28.547+0000] {dagbag.py:588} INFO - Filling up the DagBag from /opt/airflow/dags/spotify_pipeline.py
[2024-11-09T22:13:28.564+0000] {processor.py:925} INFO - DAG(s) 'spotify_pipeline' retrieved from /opt/airflow/dags/spotify_pipeline.py
[2024-11-09T22:13:28.587+0000] {logging_mixin.py:190} INFO - [2024-11-09T22:13:28.587+0000] {dag.py:3239} INFO - Sync 1 DAGs
[2024-11-09T22:13:28.608+0000] {logging_mixin.py:190} INFO - [2024-11-09T22:13:28.608+0000] {dag.py:4180} INFO - Setting next_dagrun for spotify_pipeline to 2024-11-09 00:00:00+00:00, run_after=2024-11-10 00:00:00+00:00
[2024-11-09T22:13:28.626+0000] {processor.py:208} INFO - Processing /opt/airflow/dags/spotify_pipeline.py took 0.084 seconds
[2024-11-09T22:13:58.821+0000] {processor.py:186} INFO - Started process (PID=7055) to work on /opt/airflow/dags/spotify_pipeline.py
[2024-11-09T22:13:58.823+0000] {processor.py:914} INFO - Processing file /opt/airflow/dags/spotify_pipeline.py for tasks to queue
[2024-11-09T22:13:58.824+0000] {logging_mixin.py:190} INFO - [2024-11-09T22:13:58.823+0000] {dagbag.py:588} INFO - Filling up the DagBag from /opt/airflow/dags/spotify_pipeline.py
[2024-11-09T22:13:58.841+0000] {processor.py:925} INFO - DAG(s) 'spotify_pipeline' retrieved from /opt/airflow/dags/spotify_pipeline.py
[2024-11-09T22:13:58.865+0000] {logging_mixin.py:190} INFO - [2024-11-09T22:13:58.865+0000] {dag.py:3239} INFO - Sync 1 DAGs
[2024-11-09T22:13:58.886+0000] {logging_mixin.py:190} INFO - [2024-11-09T22:13:58.886+0000] {dag.py:4180} INFO - Setting next_dagrun for spotify_pipeline to 2024-11-09 00:00:00+00:00, run_after=2024-11-10 00:00:00+00:00
[2024-11-09T22:13:58.903+0000] {processor.py:208} INFO - Processing /opt/airflow/dags/spotify_pipeline.py took 0.087 seconds
[2024-11-09T22:14:29.145+0000] {processor.py:186} INFO - Started process (PID=7065) to work on /opt/airflow/dags/spotify_pipeline.py
[2024-11-09T22:14:29.146+0000] {processor.py:914} INFO - Processing file /opt/airflow/dags/spotify_pipeline.py for tasks to queue
[2024-11-09T22:14:29.147+0000] {logging_mixin.py:190} INFO - [2024-11-09T22:14:29.147+0000] {dagbag.py:588} INFO - Filling up the DagBag from /opt/airflow/dags/spotify_pipeline.py
[2024-11-09T22:14:29.166+0000] {processor.py:925} INFO - DAG(s) 'spotify_pipeline' retrieved from /opt/airflow/dags/spotify_pipeline.py
[2024-11-09T22:14:29.191+0000] {logging_mixin.py:190} INFO - [2024-11-09T22:14:29.190+0000] {dag.py:3239} INFO - Sync 1 DAGs
[2024-11-09T22:14:29.212+0000] {logging_mixin.py:190} INFO - [2024-11-09T22:14:29.212+0000] {dag.py:4180} INFO - Setting next_dagrun for spotify_pipeline to 2024-11-09 00:00:00+00:00, run_after=2024-11-10 00:00:00+00:00
[2024-11-09T22:14:29.228+0000] {processor.py:208} INFO - Processing /opt/airflow/dags/spotify_pipeline.py took 0.088 seconds
[2024-11-09T22:14:59.441+0000] {processor.py:186} INFO - Started process (PID=7075) to work on /opt/airflow/dags/spotify_pipeline.py
[2024-11-09T22:14:59.442+0000] {processor.py:914} INFO - Processing file /opt/airflow/dags/spotify_pipeline.py for tasks to queue
[2024-11-09T22:14:59.443+0000] {logging_mixin.py:190} INFO - [2024-11-09T22:14:59.443+0000] {dagbag.py:588} INFO - Filling up the DagBag from /opt/airflow/dags/spotify_pipeline.py
[2024-11-09T22:14:59.463+0000] {processor.py:925} INFO - DAG(s) 'spotify_pipeline' retrieved from /opt/airflow/dags/spotify_pipeline.py
[2024-11-09T22:14:59.488+0000] {logging_mixin.py:190} INFO - [2024-11-09T22:14:59.488+0000] {dag.py:3239} INFO - Sync 1 DAGs
[2024-11-09T22:14:59.509+0000] {logging_mixin.py:190} INFO - [2024-11-09T22:14:59.509+0000] {dag.py:4180} INFO - Setting next_dagrun for spotify_pipeline to 2024-11-09 00:00:00+00:00, run_after=2024-11-10 00:00:00+00:00
[2024-11-09T22:14:59.528+0000] {processor.py:208} INFO - Processing /opt/airflow/dags/spotify_pipeline.py took 0.095 seconds
[2024-11-09T22:15:29.737+0000] {processor.py:186} INFO - Started process (PID=7085) to work on /opt/airflow/dags/spotify_pipeline.py
[2024-11-09T22:15:29.738+0000] {processor.py:914} INFO - Processing file /opt/airflow/dags/spotify_pipeline.py for tasks to queue
[2024-11-09T22:15:29.740+0000] {logging_mixin.py:190} INFO - [2024-11-09T22:15:29.739+0000] {dagbag.py:588} INFO - Filling up the DagBag from /opt/airflow/dags/spotify_pipeline.py
[2024-11-09T22:15:29.757+0000] {processor.py:925} INFO - DAG(s) 'spotify_pipeline' retrieved from /opt/airflow/dags/spotify_pipeline.py
[2024-11-09T22:15:29.783+0000] {logging_mixin.py:190} INFO - [2024-11-09T22:15:29.783+0000] {dag.py:3239} INFO - Sync 1 DAGs
[2024-11-09T22:15:29.806+0000] {logging_mixin.py:190} INFO - [2024-11-09T22:15:29.805+0000] {dag.py:4180} INFO - Setting next_dagrun for spotify_pipeline to 2024-11-09 00:00:00+00:00, run_after=2024-11-10 00:00:00+00:00
[2024-11-09T22:15:29.823+0000] {processor.py:208} INFO - Processing /opt/airflow/dags/spotify_pipeline.py took 0.091 seconds
[2024-11-09T22:16:00.035+0000] {processor.py:186} INFO - Started process (PID=7095) to work on /opt/airflow/dags/spotify_pipeline.py
[2024-11-09T22:16:00.037+0000] {processor.py:914} INFO - Processing file /opt/airflow/dags/spotify_pipeline.py for tasks to queue
[2024-11-09T22:16:00.038+0000] {logging_mixin.py:190} INFO - [2024-11-09T22:16:00.037+0000] {dagbag.py:588} INFO - Filling up the DagBag from /opt/airflow/dags/spotify_pipeline.py
[2024-11-09T22:16:00.056+0000] {processor.py:925} INFO - DAG(s) 'spotify_pipeline' retrieved from /opt/airflow/dags/spotify_pipeline.py
[2024-11-09T22:16:00.081+0000] {logging_mixin.py:190} INFO - [2024-11-09T22:16:00.081+0000] {dag.py:3239} INFO - Sync 1 DAGs
[2024-11-09T22:16:00.106+0000] {logging_mixin.py:190} INFO - [2024-11-09T22:16:00.106+0000] {dag.py:4180} INFO - Setting next_dagrun for spotify_pipeline to 2024-11-09 00:00:00+00:00, run_after=2024-11-10 00:00:00+00:00
[2024-11-09T22:16:00.123+0000] {processor.py:208} INFO - Processing /opt/airflow/dags/spotify_pipeline.py took 0.094 seconds
[2024-11-09T22:16:30.327+0000] {processor.py:186} INFO - Started process (PID=7105) to work on /opt/airflow/dags/spotify_pipeline.py
[2024-11-09T22:16:30.328+0000] {processor.py:914} INFO - Processing file /opt/airflow/dags/spotify_pipeline.py for tasks to queue
[2024-11-09T22:16:30.329+0000] {logging_mixin.py:190} INFO - [2024-11-09T22:16:30.329+0000] {dagbag.py:588} INFO - Filling up the DagBag from /opt/airflow/dags/spotify_pipeline.py
[2024-11-09T22:16:30.347+0000] {processor.py:925} INFO - DAG(s) 'spotify_pipeline' retrieved from /opt/airflow/dags/spotify_pipeline.py
[2024-11-09T22:16:30.374+0000] {logging_mixin.py:190} INFO - [2024-11-09T22:16:30.374+0000] {dag.py:3239} INFO - Sync 1 DAGs
[2024-11-09T22:16:30.396+0000] {logging_mixin.py:190} INFO - [2024-11-09T22:16:30.395+0000] {dag.py:4180} INFO - Setting next_dagrun for spotify_pipeline to 2024-11-09 00:00:00+00:00, run_after=2024-11-10 00:00:00+00:00
[2024-11-09T22:16:30.415+0000] {processor.py:208} INFO - Processing /opt/airflow/dags/spotify_pipeline.py took 0.092 seconds
[2024-11-09T22:17:00.618+0000] {processor.py:186} INFO - Started process (PID=7115) to work on /opt/airflow/dags/spotify_pipeline.py
[2024-11-09T22:17:00.619+0000] {processor.py:914} INFO - Processing file /opt/airflow/dags/spotify_pipeline.py for tasks to queue
[2024-11-09T22:17:00.620+0000] {logging_mixin.py:190} INFO - [2024-11-09T22:17:00.620+0000] {dagbag.py:588} INFO - Filling up the DagBag from /opt/airflow/dags/spotify_pipeline.py
[2024-11-09T22:17:00.640+0000] {processor.py:925} INFO - DAG(s) 'spotify_pipeline' retrieved from /opt/airflow/dags/spotify_pipeline.py
[2024-11-09T22:17:00.666+0000] {logging_mixin.py:190} INFO - [2024-11-09T22:17:00.666+0000] {dag.py:3239} INFO - Sync 1 DAGs
[2024-11-09T22:17:00.690+0000] {logging_mixin.py:190} INFO - [2024-11-09T22:17:00.689+0000] {dag.py:4180} INFO - Setting next_dagrun for spotify_pipeline to 2024-11-09 00:00:00+00:00, run_after=2024-11-10 00:00:00+00:00
[2024-11-09T22:17:00.709+0000] {processor.py:208} INFO - Processing /opt/airflow/dags/spotify_pipeline.py took 0.096 seconds
[2024-11-09T22:17:30.907+0000] {processor.py:186} INFO - Started process (PID=7125) to work on /opt/airflow/dags/spotify_pipeline.py
[2024-11-09T22:17:30.908+0000] {processor.py:914} INFO - Processing file /opt/airflow/dags/spotify_pipeline.py for tasks to queue
[2024-11-09T22:17:30.909+0000] {logging_mixin.py:190} INFO - [2024-11-09T22:17:30.909+0000] {dagbag.py:588} INFO - Filling up the DagBag from /opt/airflow/dags/spotify_pipeline.py
[2024-11-09T22:17:30.927+0000] {processor.py:925} INFO - DAG(s) 'spotify_pipeline' retrieved from /opt/airflow/dags/spotify_pipeline.py
[2024-11-09T22:17:30.952+0000] {logging_mixin.py:190} INFO - [2024-11-09T22:17:30.951+0000] {dag.py:3239} INFO - Sync 1 DAGs
[2024-11-09T22:17:30.973+0000] {logging_mixin.py:190} INFO - [2024-11-09T22:17:30.973+0000] {dag.py:4180} INFO - Setting next_dagrun for spotify_pipeline to 2024-11-09 00:00:00+00:00, run_after=2024-11-10 00:00:00+00:00
[2024-11-09T22:17:30.991+0000] {processor.py:208} INFO - Processing /opt/airflow/dags/spotify_pipeline.py took 0.088 seconds
[2024-11-09T22:18:01.199+0000] {processor.py:186} INFO - Started process (PID=7135) to work on /opt/airflow/dags/spotify_pipeline.py
[2024-11-09T22:18:01.200+0000] {processor.py:914} INFO - Processing file /opt/airflow/dags/spotify_pipeline.py for tasks to queue
[2024-11-09T22:18:01.201+0000] {logging_mixin.py:190} INFO - [2024-11-09T22:18:01.201+0000] {dagbag.py:588} INFO - Filling up the DagBag from /opt/airflow/dags/spotify_pipeline.py
[2024-11-09T22:18:01.220+0000] {processor.py:925} INFO - DAG(s) 'spotify_pipeline' retrieved from /opt/airflow/dags/spotify_pipeline.py
[2024-11-09T22:18:01.244+0000] {logging_mixin.py:190} INFO - [2024-11-09T22:18:01.244+0000] {dag.py:3239} INFO - Sync 1 DAGs
[2024-11-09T22:18:01.265+0000] {logging_mixin.py:190} INFO - [2024-11-09T22:18:01.265+0000] {dag.py:4180} INFO - Setting next_dagrun for spotify_pipeline to 2024-11-09 00:00:00+00:00, run_after=2024-11-10 00:00:00+00:00
[2024-11-09T22:18:01.283+0000] {processor.py:208} INFO - Processing /opt/airflow/dags/spotify_pipeline.py took 0.089 seconds
[2024-11-09T22:18:31.511+0000] {processor.py:186} INFO - Started process (PID=7145) to work on /opt/airflow/dags/spotify_pipeline.py
[2024-11-09T22:18:31.512+0000] {processor.py:914} INFO - Processing file /opt/airflow/dags/spotify_pipeline.py for tasks to queue
[2024-11-09T22:18:31.513+0000] {logging_mixin.py:190} INFO - [2024-11-09T22:18:31.513+0000] {dagbag.py:588} INFO - Filling up the DagBag from /opt/airflow/dags/spotify_pipeline.py
[2024-11-09T22:18:31.531+0000] {processor.py:925} INFO - DAG(s) 'spotify_pipeline' retrieved from /opt/airflow/dags/spotify_pipeline.py
[2024-11-09T22:18:31.555+0000] {logging_mixin.py:190} INFO - [2024-11-09T22:18:31.555+0000] {dag.py:3239} INFO - Sync 1 DAGs
[2024-11-09T22:18:31.577+0000] {logging_mixin.py:190} INFO - [2024-11-09T22:18:31.577+0000] {dag.py:4180} INFO - Setting next_dagrun for spotify_pipeline to 2024-11-09 00:00:00+00:00, run_after=2024-11-10 00:00:00+00:00
[2024-11-09T22:18:31.594+0000] {processor.py:208} INFO - Processing /opt/airflow/dags/spotify_pipeline.py took 0.088 seconds
[2024-11-09T22:19:01.793+0000] {processor.py:186} INFO - Started process (PID=7155) to work on /opt/airflow/dags/spotify_pipeline.py
[2024-11-09T22:19:01.794+0000] {processor.py:914} INFO - Processing file /opt/airflow/dags/spotify_pipeline.py for tasks to queue
[2024-11-09T22:19:01.796+0000] {logging_mixin.py:190} INFO - [2024-11-09T22:19:01.795+0000] {dagbag.py:588} INFO - Filling up the DagBag from /opt/airflow/dags/spotify_pipeline.py
[2024-11-09T22:19:01.815+0000] {processor.py:925} INFO - DAG(s) 'spotify_pipeline' retrieved from /opt/airflow/dags/spotify_pipeline.py
[2024-11-09T22:19:01.838+0000] {logging_mixin.py:190} INFO - [2024-11-09T22:19:01.838+0000] {dag.py:3239} INFO - Sync 1 DAGs
[2024-11-09T22:19:01.860+0000] {logging_mixin.py:190} INFO - [2024-11-09T22:19:01.860+0000] {dag.py:4180} INFO - Setting next_dagrun for spotify_pipeline to 2024-11-09 00:00:00+00:00, run_after=2024-11-10 00:00:00+00:00
[2024-11-09T22:19:01.877+0000] {processor.py:208} INFO - Processing /opt/airflow/dags/spotify_pipeline.py took 0.090 seconds
[2024-11-09T22:19:32.109+0000] {processor.py:186} INFO - Started process (PID=7165) to work on /opt/airflow/dags/spotify_pipeline.py
[2024-11-09T22:19:32.110+0000] {processor.py:914} INFO - Processing file /opt/airflow/dags/spotify_pipeline.py for tasks to queue
[2024-11-09T22:19:32.111+0000] {logging_mixin.py:190} INFO - [2024-11-09T22:19:32.111+0000] {dagbag.py:588} INFO - Filling up the DagBag from /opt/airflow/dags/spotify_pipeline.py
[2024-11-09T22:19:32.127+0000] {processor.py:925} INFO - DAG(s) 'spotify_pipeline' retrieved from /opt/airflow/dags/spotify_pipeline.py
[2024-11-09T22:19:32.151+0000] {logging_mixin.py:190} INFO - [2024-11-09T22:19:32.151+0000] {dag.py:3239} INFO - Sync 1 DAGs
[2024-11-09T22:19:32.172+0000] {logging_mixin.py:190} INFO - [2024-11-09T22:19:32.172+0000] {dag.py:4180} INFO - Setting next_dagrun for spotify_pipeline to 2024-11-09 00:00:00+00:00, run_after=2024-11-10 00:00:00+00:00
[2024-11-09T22:19:32.187+0000] {processor.py:208} INFO - Processing /opt/airflow/dags/spotify_pipeline.py took 0.082 seconds
[2024-11-09T22:20:02.387+0000] {processor.py:186} INFO - Started process (PID=7175) to work on /opt/airflow/dags/spotify_pipeline.py
[2024-11-09T22:20:02.388+0000] {processor.py:914} INFO - Processing file /opt/airflow/dags/spotify_pipeline.py for tasks to queue
[2024-11-09T22:20:02.389+0000] {logging_mixin.py:190} INFO - [2024-11-09T22:20:02.389+0000] {dagbag.py:588} INFO - Filling up the DagBag from /opt/airflow/dags/spotify_pipeline.py
[2024-11-09T22:20:02.407+0000] {processor.py:925} INFO - DAG(s) 'spotify_pipeline' retrieved from /opt/airflow/dags/spotify_pipeline.py
[2024-11-09T22:20:02.431+0000] {logging_mixin.py:190} INFO - [2024-11-09T22:20:02.430+0000] {dag.py:3239} INFO - Sync 1 DAGs
[2024-11-09T22:20:02.450+0000] {logging_mixin.py:190} INFO - [2024-11-09T22:20:02.450+0000] {dag.py:4180} INFO - Setting next_dagrun for spotify_pipeline to 2024-11-09 00:00:00+00:00, run_after=2024-11-10 00:00:00+00:00
[2024-11-09T22:20:02.464+0000] {processor.py:208} INFO - Processing /opt/airflow/dags/spotify_pipeline.py took 0.083 seconds
[2024-11-09T22:20:32.670+0000] {processor.py:186} INFO - Started process (PID=7185) to work on /opt/airflow/dags/spotify_pipeline.py
[2024-11-09T22:20:32.671+0000] {processor.py:914} INFO - Processing file /opt/airflow/dags/spotify_pipeline.py for tasks to queue
[2024-11-09T22:20:32.672+0000] {logging_mixin.py:190} INFO - [2024-11-09T22:20:32.672+0000] {dagbag.py:588} INFO - Filling up the DagBag from /opt/airflow/dags/spotify_pipeline.py
[2024-11-09T22:20:32.688+0000] {processor.py:925} INFO - DAG(s) 'spotify_pipeline' retrieved from /opt/airflow/dags/spotify_pipeline.py
[2024-11-09T22:20:32.709+0000] {logging_mixin.py:190} INFO - [2024-11-09T22:20:32.709+0000] {dag.py:3239} INFO - Sync 1 DAGs
[2024-11-09T22:20:32.729+0000] {logging_mixin.py:190} INFO - [2024-11-09T22:20:32.729+0000] {dag.py:4180} INFO - Setting next_dagrun for spotify_pipeline to 2024-11-09 00:00:00+00:00, run_after=2024-11-10 00:00:00+00:00
[2024-11-09T22:20:32.759+0000] {processor.py:208} INFO - Processing /opt/airflow/dags/spotify_pipeline.py took 0.092 seconds
[2024-11-09T22:21:02.949+0000] {processor.py:186} INFO - Started process (PID=7195) to work on /opt/airflow/dags/spotify_pipeline.py
[2024-11-09T22:21:02.950+0000] {processor.py:914} INFO - Processing file /opt/airflow/dags/spotify_pipeline.py for tasks to queue
[2024-11-09T22:21:02.951+0000] {logging_mixin.py:190} INFO - [2024-11-09T22:21:02.951+0000] {dagbag.py:588} INFO - Filling up the DagBag from /opt/airflow/dags/spotify_pipeline.py
[2024-11-09T22:21:02.969+0000] {processor.py:925} INFO - DAG(s) 'spotify_pipeline' retrieved from /opt/airflow/dags/spotify_pipeline.py
[2024-11-09T22:21:02.993+0000] {logging_mixin.py:190} INFO - [2024-11-09T22:21:02.993+0000] {dag.py:3239} INFO - Sync 1 DAGs
[2024-11-09T22:21:03.016+0000] {logging_mixin.py:190} INFO - [2024-11-09T22:21:03.015+0000] {dag.py:4180} INFO - Setting next_dagrun for spotify_pipeline to 2024-11-09 00:00:00+00:00, run_after=2024-11-10 00:00:00+00:00
[2024-11-09T22:21:03.045+0000] {processor.py:208} INFO - Processing /opt/airflow/dags/spotify_pipeline.py took 0.101 seconds
[2024-11-09T22:21:33.233+0000] {processor.py:186} INFO - Started process (PID=7205) to work on /opt/airflow/dags/spotify_pipeline.py
[2024-11-09T22:21:33.233+0000] {processor.py:914} INFO - Processing file /opt/airflow/dags/spotify_pipeline.py for tasks to queue
[2024-11-09T22:21:33.235+0000] {logging_mixin.py:190} INFO - [2024-11-09T22:21:33.234+0000] {dagbag.py:588} INFO - Filling up the DagBag from /opt/airflow/dags/spotify_pipeline.py
[2024-11-09T22:21:33.252+0000] {processor.py:925} INFO - DAG(s) 'spotify_pipeline' retrieved from /opt/airflow/dags/spotify_pipeline.py
[2024-11-09T22:21:33.276+0000] {logging_mixin.py:190} INFO - [2024-11-09T22:21:33.276+0000] {dag.py:3239} INFO - Sync 1 DAGs
[2024-11-09T22:21:33.297+0000] {logging_mixin.py:190} INFO - [2024-11-09T22:21:33.297+0000] {dag.py:4180} INFO - Setting next_dagrun for spotify_pipeline to 2024-11-09 00:00:00+00:00, run_after=2024-11-10 00:00:00+00:00
[2024-11-09T22:21:33.327+0000] {processor.py:208} INFO - Processing /opt/airflow/dags/spotify_pipeline.py took 0.099 seconds
[2024-11-09T22:22:03.529+0000] {processor.py:186} INFO - Started process (PID=7215) to work on /opt/airflow/dags/spotify_pipeline.py
[2024-11-09T22:22:03.530+0000] {processor.py:914} INFO - Processing file /opt/airflow/dags/spotify_pipeline.py for tasks to queue
[2024-11-09T22:22:03.532+0000] {logging_mixin.py:190} INFO - [2024-11-09T22:22:03.531+0000] {dagbag.py:588} INFO - Filling up the DagBag from /opt/airflow/dags/spotify_pipeline.py
[2024-11-09T22:22:03.549+0000] {processor.py:925} INFO - DAG(s) 'spotify_pipeline' retrieved from /opt/airflow/dags/spotify_pipeline.py
[2024-11-09T22:22:03.574+0000] {logging_mixin.py:190} INFO - [2024-11-09T22:22:03.574+0000] {dag.py:3239} INFO - Sync 1 DAGs
[2024-11-09T22:22:03.597+0000] {logging_mixin.py:190} INFO - [2024-11-09T22:22:03.597+0000] {dag.py:4180} INFO - Setting next_dagrun for spotify_pipeline to 2024-11-09 00:00:00+00:00, run_after=2024-11-10 00:00:00+00:00
[2024-11-09T22:22:03.627+0000] {processor.py:208} INFO - Processing /opt/airflow/dags/spotify_pipeline.py took 0.102 seconds
[2024-11-09T22:22:33.811+0000] {processor.py:186} INFO - Started process (PID=7225) to work on /opt/airflow/dags/spotify_pipeline.py
[2024-11-09T22:22:33.812+0000] {processor.py:914} INFO - Processing file /opt/airflow/dags/spotify_pipeline.py for tasks to queue
[2024-11-09T22:22:33.813+0000] {logging_mixin.py:190} INFO - [2024-11-09T22:22:33.813+0000] {dagbag.py:588} INFO - Filling up the DagBag from /opt/airflow/dags/spotify_pipeline.py
[2024-11-09T22:22:33.832+0000] {processor.py:925} INFO - DAG(s) 'spotify_pipeline' retrieved from /opt/airflow/dags/spotify_pipeline.py
[2024-11-09T22:22:33.855+0000] {logging_mixin.py:190} INFO - [2024-11-09T22:22:33.855+0000] {dag.py:3239} INFO - Sync 1 DAGs
[2024-11-09T22:22:33.877+0000] {logging_mixin.py:190} INFO - [2024-11-09T22:22:33.877+0000] {dag.py:4180} INFO - Setting next_dagrun for spotify_pipeline to 2024-11-09 00:00:00+00:00, run_after=2024-11-10 00:00:00+00:00
[2024-11-09T22:22:33.892+0000] {processor.py:208} INFO - Processing /opt/airflow/dags/spotify_pipeline.py took 0.086 seconds
[2024-11-09T22:23:04.086+0000] {processor.py:186} INFO - Started process (PID=7235) to work on /opt/airflow/dags/spotify_pipeline.py
[2024-11-09T22:23:04.088+0000] {processor.py:914} INFO - Processing file /opt/airflow/dags/spotify_pipeline.py for tasks to queue
[2024-11-09T22:23:04.089+0000] {logging_mixin.py:190} INFO - [2024-11-09T22:23:04.089+0000] {dagbag.py:588} INFO - Filling up the DagBag from /opt/airflow/dags/spotify_pipeline.py
[2024-11-09T22:23:04.107+0000] {processor.py:925} INFO - DAG(s) 'spotify_pipeline' retrieved from /opt/airflow/dags/spotify_pipeline.py
[2024-11-09T22:23:04.130+0000] {logging_mixin.py:190} INFO - [2024-11-09T22:23:04.130+0000] {dag.py:3239} INFO - Sync 1 DAGs
[2024-11-09T22:23:04.150+0000] {logging_mixin.py:190} INFO - [2024-11-09T22:23:04.150+0000] {dag.py:4180} INFO - Setting next_dagrun for spotify_pipeline to 2024-11-09 00:00:00+00:00, run_after=2024-11-10 00:00:00+00:00
[2024-11-09T22:23:04.164+0000] {processor.py:208} INFO - Processing /opt/airflow/dags/spotify_pipeline.py took 0.083 seconds
[2024-11-09T22:23:34.366+0000] {processor.py:186} INFO - Started process (PID=7245) to work on /opt/airflow/dags/spotify_pipeline.py
[2024-11-09T22:23:34.367+0000] {processor.py:914} INFO - Processing file /opt/airflow/dags/spotify_pipeline.py for tasks to queue
[2024-11-09T22:23:34.368+0000] {logging_mixin.py:190} INFO - [2024-11-09T22:23:34.368+0000] {dagbag.py:588} INFO - Filling up the DagBag from /opt/airflow/dags/spotify_pipeline.py
[2024-11-09T22:23:34.386+0000] {processor.py:925} INFO - DAG(s) 'spotify_pipeline' retrieved from /opt/airflow/dags/spotify_pipeline.py
[2024-11-09T22:23:34.409+0000] {logging_mixin.py:190} INFO - [2024-11-09T22:23:34.409+0000] {dag.py:3239} INFO - Sync 1 DAGs
[2024-11-09T22:23:34.431+0000] {logging_mixin.py:190} INFO - [2024-11-09T22:23:34.430+0000] {dag.py:4180} INFO - Setting next_dagrun for spotify_pipeline to 2024-11-09 00:00:00+00:00, run_after=2024-11-10 00:00:00+00:00
[2024-11-09T22:23:34.447+0000] {processor.py:208} INFO - Processing /opt/airflow/dags/spotify_pipeline.py took 0.086 seconds
[2024-11-09T22:24:04.646+0000] {processor.py:186} INFO - Started process (PID=7255) to work on /opt/airflow/dags/spotify_pipeline.py
[2024-11-09T22:24:04.646+0000] {processor.py:914} INFO - Processing file /opt/airflow/dags/spotify_pipeline.py for tasks to queue
[2024-11-09T22:24:04.648+0000] {logging_mixin.py:190} INFO - [2024-11-09T22:24:04.647+0000] {dagbag.py:588} INFO - Filling up the DagBag from /opt/airflow/dags/spotify_pipeline.py
[2024-11-09T22:24:04.665+0000] {processor.py:925} INFO - DAG(s) 'spotify_pipeline' retrieved from /opt/airflow/dags/spotify_pipeline.py
[2024-11-09T22:24:04.688+0000] {logging_mixin.py:190} INFO - [2024-11-09T22:24:04.688+0000] {dag.py:3239} INFO - Sync 1 DAGs
[2024-11-09T22:24:04.710+0000] {logging_mixin.py:190} INFO - [2024-11-09T22:24:04.709+0000] {dag.py:4180} INFO - Setting next_dagrun for spotify_pipeline to 2024-11-09 00:00:00+00:00, run_after=2024-11-10 00:00:00+00:00
[2024-11-09T22:24:04.725+0000] {processor.py:208} INFO - Processing /opt/airflow/dags/spotify_pipeline.py took 0.085 seconds
[2024-11-09T22:24:34.953+0000] {processor.py:186} INFO - Started process (PID=7265) to work on /opt/airflow/dags/spotify_pipeline.py
[2024-11-09T22:24:34.954+0000] {processor.py:914} INFO - Processing file /opt/airflow/dags/spotify_pipeline.py for tasks to queue
[2024-11-09T22:24:34.955+0000] {logging_mixin.py:190} INFO - [2024-11-09T22:24:34.955+0000] {dagbag.py:588} INFO - Filling up the DagBag from /opt/airflow/dags/spotify_pipeline.py
[2024-11-09T22:24:34.973+0000] {processor.py:925} INFO - DAG(s) 'spotify_pipeline' retrieved from /opt/airflow/dags/spotify_pipeline.py
[2024-11-09T22:24:34.994+0000] {logging_mixin.py:190} INFO - [2024-11-09T22:24:34.994+0000] {dag.py:3239} INFO - Sync 1 DAGs
[2024-11-09T22:24:35.014+0000] {logging_mixin.py:190} INFO - [2024-11-09T22:24:35.014+0000] {dag.py:4180} INFO - Setting next_dagrun for spotify_pipeline to 2024-11-09 00:00:00+00:00, run_after=2024-11-10 00:00:00+00:00
[2024-11-09T22:24:35.029+0000] {processor.py:208} INFO - Processing /opt/airflow/dags/spotify_pipeline.py took 0.080 seconds
[2024-11-09T22:25:05.228+0000] {processor.py:186} INFO - Started process (PID=7275) to work on /opt/airflow/dags/spotify_pipeline.py
[2024-11-09T22:25:05.229+0000] {processor.py:914} INFO - Processing file /opt/airflow/dags/spotify_pipeline.py for tasks to queue
[2024-11-09T22:25:05.230+0000] {logging_mixin.py:190} INFO - [2024-11-09T22:25:05.230+0000] {dagbag.py:588} INFO - Filling up the DagBag from /opt/airflow/dags/spotify_pipeline.py
[2024-11-09T22:25:05.248+0000] {processor.py:925} INFO - DAG(s) 'spotify_pipeline' retrieved from /opt/airflow/dags/spotify_pipeline.py
[2024-11-09T22:25:05.272+0000] {logging_mixin.py:190} INFO - [2024-11-09T22:25:05.272+0000] {dag.py:3239} INFO - Sync 1 DAGs
[2024-11-09T22:25:05.293+0000] {logging_mixin.py:190} INFO - [2024-11-09T22:25:05.293+0000] {dag.py:4180} INFO - Setting next_dagrun for spotify_pipeline to 2024-11-09 00:00:00+00:00, run_after=2024-11-10 00:00:00+00:00
[2024-11-09T22:25:05.310+0000] {processor.py:208} INFO - Processing /opt/airflow/dags/spotify_pipeline.py took 0.087 seconds
[2024-11-09T22:25:35.509+0000] {processor.py:186} INFO - Started process (PID=7285) to work on /opt/airflow/dags/spotify_pipeline.py
[2024-11-09T22:25:35.510+0000] {processor.py:914} INFO - Processing file /opt/airflow/dags/spotify_pipeline.py for tasks to queue
[2024-11-09T22:25:35.511+0000] {logging_mixin.py:190} INFO - [2024-11-09T22:25:35.511+0000] {dagbag.py:588} INFO - Filling up the DagBag from /opt/airflow/dags/spotify_pipeline.py
[2024-11-09T22:25:35.527+0000] {processor.py:925} INFO - DAG(s) 'spotify_pipeline' retrieved from /opt/airflow/dags/spotify_pipeline.py
[2024-11-09T22:25:35.551+0000] {logging_mixin.py:190} INFO - [2024-11-09T22:25:35.550+0000] {dag.py:3239} INFO - Sync 1 DAGs
[2024-11-09T22:25:35.571+0000] {logging_mixin.py:190} INFO - [2024-11-09T22:25:35.571+0000] {dag.py:4180} INFO - Setting next_dagrun for spotify_pipeline to 2024-11-09 00:00:00+00:00, run_after=2024-11-10 00:00:00+00:00
[2024-11-09T22:25:35.587+0000] {processor.py:208} INFO - Processing /opt/airflow/dags/spotify_pipeline.py took 0.081 seconds
[2024-11-09T22:26:05.786+0000] {processor.py:186} INFO - Started process (PID=7295) to work on /opt/airflow/dags/spotify_pipeline.py
[2024-11-09T22:26:05.787+0000] {processor.py:914} INFO - Processing file /opt/airflow/dags/spotify_pipeline.py for tasks to queue
[2024-11-09T22:26:05.788+0000] {logging_mixin.py:190} INFO - [2024-11-09T22:26:05.788+0000] {dagbag.py:588} INFO - Filling up the DagBag from /opt/airflow/dags/spotify_pipeline.py
[2024-11-09T22:26:05.804+0000] {processor.py:925} INFO - DAG(s) 'spotify_pipeline' retrieved from /opt/airflow/dags/spotify_pipeline.py
[2024-11-09T22:26:05.827+0000] {logging_mixin.py:190} INFO - [2024-11-09T22:26:05.827+0000] {dag.py:3239} INFO - Sync 1 DAGs
[2024-11-09T22:26:05.848+0000] {logging_mixin.py:190} INFO - [2024-11-09T22:26:05.848+0000] {dag.py:4180} INFO - Setting next_dagrun for spotify_pipeline to 2024-11-09 00:00:00+00:00, run_after=2024-11-10 00:00:00+00:00
[2024-11-09T22:26:05.864+0000] {processor.py:208} INFO - Processing /opt/airflow/dags/spotify_pipeline.py took 0.081 seconds
[2024-11-09T22:26:36.060+0000] {processor.py:186} INFO - Started process (PID=7305) to work on /opt/airflow/dags/spotify_pipeline.py
[2024-11-09T22:26:36.061+0000] {processor.py:914} INFO - Processing file /opt/airflow/dags/spotify_pipeline.py for tasks to queue
[2024-11-09T22:26:36.062+0000] {logging_mixin.py:190} INFO - [2024-11-09T22:26:36.062+0000] {dagbag.py:588} INFO - Filling up the DagBag from /opt/airflow/dags/spotify_pipeline.py
[2024-11-09T22:26:36.076+0000] {processor.py:925} INFO - DAG(s) 'spotify_pipeline' retrieved from /opt/airflow/dags/spotify_pipeline.py
[2024-11-09T22:26:36.097+0000] {logging_mixin.py:190} INFO - [2024-11-09T22:26:36.097+0000] {dag.py:3239} INFO - Sync 1 DAGs
[2024-11-09T22:26:36.117+0000] {logging_mixin.py:190} INFO - [2024-11-09T22:26:36.117+0000] {dag.py:4180} INFO - Setting next_dagrun for spotify_pipeline to 2024-11-09 00:00:00+00:00, run_after=2024-11-10 00:00:00+00:00
[2024-11-09T22:26:36.146+0000] {processor.py:208} INFO - Processing /opt/airflow/dags/spotify_pipeline.py took 0.089 seconds
[2024-11-09T22:27:06.339+0000] {processor.py:186} INFO - Started process (PID=7315) to work on /opt/airflow/dags/spotify_pipeline.py
[2024-11-09T22:27:06.340+0000] {processor.py:914} INFO - Processing file /opt/airflow/dags/spotify_pipeline.py for tasks to queue
[2024-11-09T22:27:06.341+0000] {logging_mixin.py:190} INFO - [2024-11-09T22:27:06.341+0000] {dagbag.py:588} INFO - Filling up the DagBag from /opt/airflow/dags/spotify_pipeline.py
[2024-11-09T22:27:06.355+0000] {processor.py:925} INFO - DAG(s) 'spotify_pipeline' retrieved from /opt/airflow/dags/spotify_pipeline.py
[2024-11-09T22:27:06.377+0000] {logging_mixin.py:190} INFO - [2024-11-09T22:27:06.377+0000] {dag.py:3239} INFO - Sync 1 DAGs
[2024-11-09T22:27:06.396+0000] {logging_mixin.py:190} INFO - [2024-11-09T22:27:06.396+0000] {dag.py:4180} INFO - Setting next_dagrun for spotify_pipeline to 2024-11-09 00:00:00+00:00, run_after=2024-11-10 00:00:00+00:00
[2024-11-09T22:27:06.415+0000] {processor.py:208} INFO - Processing /opt/airflow/dags/spotify_pipeline.py took 0.079 seconds
[2024-11-09T22:27:36.608+0000] {processor.py:186} INFO - Started process (PID=7325) to work on /opt/airflow/dags/spotify_pipeline.py
[2024-11-09T22:27:36.609+0000] {processor.py:914} INFO - Processing file /opt/airflow/dags/spotify_pipeline.py for tasks to queue
[2024-11-09T22:27:36.610+0000] {logging_mixin.py:190} INFO - [2024-11-09T22:27:36.609+0000] {dagbag.py:588} INFO - Filling up the DagBag from /opt/airflow/dags/spotify_pipeline.py
[2024-11-09T22:27:36.624+0000] {processor.py:925} INFO - DAG(s) 'spotify_pipeline' retrieved from /opt/airflow/dags/spotify_pipeline.py
[2024-11-09T22:27:36.647+0000] {logging_mixin.py:190} INFO - [2024-11-09T22:27:36.647+0000] {dag.py:3239} INFO - Sync 1 DAGs
[2024-11-09T22:27:36.668+0000] {logging_mixin.py:190} INFO - [2024-11-09T22:27:36.668+0000] {dag.py:4180} INFO - Setting next_dagrun for spotify_pipeline to 2024-11-09 00:00:00+00:00, run_after=2024-11-10 00:00:00+00:00
[2024-11-09T22:27:36.698+0000] {processor.py:208} INFO - Processing /opt/airflow/dags/spotify_pipeline.py took 0.093 seconds
[2024-11-09T22:28:06.886+0000] {processor.py:186} INFO - Started process (PID=7335) to work on /opt/airflow/dags/spotify_pipeline.py
[2024-11-09T22:28:06.887+0000] {processor.py:914} INFO - Processing file /opt/airflow/dags/spotify_pipeline.py for tasks to queue
[2024-11-09T22:28:06.888+0000] {logging_mixin.py:190} INFO - [2024-11-09T22:28:06.887+0000] {dagbag.py:588} INFO - Filling up the DagBag from /opt/airflow/dags/spotify_pipeline.py
[2024-11-09T22:28:06.901+0000] {processor.py:925} INFO - DAG(s) 'spotify_pipeline' retrieved from /opt/airflow/dags/spotify_pipeline.py
[2024-11-09T22:28:06.922+0000] {logging_mixin.py:190} INFO - [2024-11-09T22:28:06.922+0000] {dag.py:3239} INFO - Sync 1 DAGs
[2024-11-09T22:28:06.942+0000] {logging_mixin.py:190} INFO - [2024-11-09T22:28:06.941+0000] {dag.py:4180} INFO - Setting next_dagrun for spotify_pipeline to 2024-11-09 00:00:00+00:00, run_after=2024-11-10 00:00:00+00:00
[2024-11-09T22:28:06.957+0000] {processor.py:208} INFO - Processing /opt/airflow/dags/spotify_pipeline.py took 0.074 seconds
[2024-11-09T22:28:37.142+0000] {processor.py:186} INFO - Started process (PID=7345) to work on /opt/airflow/dags/spotify_pipeline.py
[2024-11-09T22:28:37.143+0000] {processor.py:914} INFO - Processing file /opt/airflow/dags/spotify_pipeline.py for tasks to queue
[2024-11-09T22:28:37.144+0000] {logging_mixin.py:190} INFO - [2024-11-09T22:28:37.144+0000] {dagbag.py:588} INFO - Filling up the DagBag from /opt/airflow/dags/spotify_pipeline.py
[2024-11-09T22:28:37.159+0000] {processor.py:925} INFO - DAG(s) 'spotify_pipeline' retrieved from /opt/airflow/dags/spotify_pipeline.py
[2024-11-09T22:28:37.182+0000] {logging_mixin.py:190} INFO - [2024-11-09T22:28:37.182+0000] {dag.py:3239} INFO - Sync 1 DAGs
[2024-11-09T22:28:37.203+0000] {logging_mixin.py:190} INFO - [2024-11-09T22:28:37.203+0000] {dag.py:4180} INFO - Setting next_dagrun for spotify_pipeline to 2024-11-09 00:00:00+00:00, run_after=2024-11-10 00:00:00+00:00
[2024-11-09T22:28:37.220+0000] {processor.py:208} INFO - Processing /opt/airflow/dags/spotify_pipeline.py took 0.083 seconds
[2024-11-09T22:29:07.399+0000] {processor.py:186} INFO - Started process (PID=7355) to work on /opt/airflow/dags/spotify_pipeline.py
[2024-11-09T22:29:07.399+0000] {processor.py:914} INFO - Processing file /opt/airflow/dags/spotify_pipeline.py for tasks to queue
[2024-11-09T22:29:07.401+0000] {logging_mixin.py:190} INFO - [2024-11-09T22:29:07.400+0000] {dagbag.py:588} INFO - Filling up the DagBag from /opt/airflow/dags/spotify_pipeline.py
[2024-11-09T22:29:07.417+0000] {processor.py:925} INFO - DAG(s) 'spotify_pipeline' retrieved from /opt/airflow/dags/spotify_pipeline.py
[2024-11-09T22:29:07.440+0000] {logging_mixin.py:190} INFO - [2024-11-09T22:29:07.439+0000] {dag.py:3239} INFO - Sync 1 DAGs
[2024-11-09T22:29:07.458+0000] {logging_mixin.py:190} INFO - [2024-11-09T22:29:07.458+0000] {dag.py:4180} INFO - Setting next_dagrun for spotify_pipeline to 2024-11-09 00:00:00+00:00, run_after=2024-11-10 00:00:00+00:00
[2024-11-09T22:29:07.475+0000] {processor.py:208} INFO - Processing /opt/airflow/dags/spotify_pipeline.py took 0.081 seconds
[2024-11-09T22:29:37.677+0000] {processor.py:186} INFO - Started process (PID=7365) to work on /opt/airflow/dags/spotify_pipeline.py
[2024-11-09T22:29:37.678+0000] {processor.py:914} INFO - Processing file /opt/airflow/dags/spotify_pipeline.py for tasks to queue
[2024-11-09T22:29:37.679+0000] {logging_mixin.py:190} INFO - [2024-11-09T22:29:37.679+0000] {dagbag.py:588} INFO - Filling up the DagBag from /opt/airflow/dags/spotify_pipeline.py
[2024-11-09T22:29:37.694+0000] {processor.py:925} INFO - DAG(s) 'spotify_pipeline' retrieved from /opt/airflow/dags/spotify_pipeline.py
[2024-11-09T22:29:37.718+0000] {logging_mixin.py:190} INFO - [2024-11-09T22:29:37.718+0000] {dag.py:3239} INFO - Sync 1 DAGs
[2024-11-09T22:29:37.740+0000] {logging_mixin.py:190} INFO - [2024-11-09T22:29:37.740+0000] {dag.py:4180} INFO - Setting next_dagrun for spotify_pipeline to 2024-11-09 00:00:00+00:00, run_after=2024-11-10 00:00:00+00:00
[2024-11-09T22:29:37.756+0000] {processor.py:208} INFO - Processing /opt/airflow/dags/spotify_pipeline.py took 0.084 seconds
[2024-11-09T22:30:07.954+0000] {processor.py:186} INFO - Started process (PID=7375) to work on /opt/airflow/dags/spotify_pipeline.py
[2024-11-09T22:30:07.955+0000] {processor.py:914} INFO - Processing file /opt/airflow/dags/spotify_pipeline.py for tasks to queue
[2024-11-09T22:30:07.956+0000] {logging_mixin.py:190} INFO - [2024-11-09T22:30:07.955+0000] {dagbag.py:588} INFO - Filling up the DagBag from /opt/airflow/dags/spotify_pipeline.py
[2024-11-09T22:30:07.970+0000] {processor.py:925} INFO - DAG(s) 'spotify_pipeline' retrieved from /opt/airflow/dags/spotify_pipeline.py
[2024-11-09T22:30:07.991+0000] {logging_mixin.py:190} INFO - [2024-11-09T22:30:07.990+0000] {dag.py:3239} INFO - Sync 1 DAGs
[2024-11-09T22:30:08.012+0000] {logging_mixin.py:190} INFO - [2024-11-09T22:30:08.011+0000] {dag.py:4180} INFO - Setting next_dagrun for spotify_pipeline to 2024-11-09 00:00:00+00:00, run_after=2024-11-10 00:00:00+00:00
[2024-11-09T22:30:08.042+0000] {processor.py:208} INFO - Processing /opt/airflow/dags/spotify_pipeline.py took 0.092 seconds
[2024-11-09T22:30:38.224+0000] {processor.py:186} INFO - Started process (PID=7385) to work on /opt/airflow/dags/spotify_pipeline.py
[2024-11-09T22:30:38.225+0000] {processor.py:914} INFO - Processing file /opt/airflow/dags/spotify_pipeline.py for tasks to queue
[2024-11-09T22:30:38.226+0000] {logging_mixin.py:190} INFO - [2024-11-09T22:30:38.225+0000] {dagbag.py:588} INFO - Filling up the DagBag from /opt/airflow/dags/spotify_pipeline.py
[2024-11-09T22:30:38.239+0000] {processor.py:925} INFO - DAG(s) 'spotify_pipeline' retrieved from /opt/airflow/dags/spotify_pipeline.py
[2024-11-09T22:30:38.263+0000] {logging_mixin.py:190} INFO - [2024-11-09T22:30:38.263+0000] {dag.py:3239} INFO - Sync 1 DAGs
[2024-11-09T22:30:38.284+0000] {logging_mixin.py:190} INFO - [2024-11-09T22:30:38.284+0000] {dag.py:4180} INFO - Setting next_dagrun for spotify_pipeline to 2024-11-09 00:00:00+00:00, run_after=2024-11-10 00:00:00+00:00
[2024-11-09T22:30:38.299+0000] {processor.py:208} INFO - Processing /opt/airflow/dags/spotify_pipeline.py took 0.079 seconds
[2024-11-09T22:31:08.495+0000] {processor.py:186} INFO - Started process (PID=7395) to work on /opt/airflow/dags/spotify_pipeline.py
[2024-11-09T22:31:08.496+0000] {processor.py:914} INFO - Processing file /opt/airflow/dags/spotify_pipeline.py for tasks to queue
[2024-11-09T22:31:08.496+0000] {logging_mixin.py:190} INFO - [2024-11-09T22:31:08.496+0000] {dagbag.py:588} INFO - Filling up the DagBag from /opt/airflow/dags/spotify_pipeline.py
[2024-11-09T22:31:08.510+0000] {processor.py:925} INFO - DAG(s) 'spotify_pipeline' retrieved from /opt/airflow/dags/spotify_pipeline.py
[2024-11-09T22:31:08.531+0000] {logging_mixin.py:190} INFO - [2024-11-09T22:31:08.531+0000] {dag.py:3239} INFO - Sync 1 DAGs
[2024-11-09T22:31:08.550+0000] {logging_mixin.py:190} INFO - [2024-11-09T22:31:08.550+0000] {dag.py:4180} INFO - Setting next_dagrun for spotify_pipeline to 2024-11-09 00:00:00+00:00, run_after=2024-11-10 00:00:00+00:00
[2024-11-09T22:31:08.566+0000] {processor.py:208} INFO - Processing /opt/airflow/dags/spotify_pipeline.py took 0.075 seconds
[2024-11-09T22:31:38.771+0000] {processor.py:186} INFO - Started process (PID=7405) to work on /opt/airflow/dags/spotify_pipeline.py
[2024-11-09T22:31:38.772+0000] {processor.py:914} INFO - Processing file /opt/airflow/dags/spotify_pipeline.py for tasks to queue
[2024-11-09T22:31:38.773+0000] {logging_mixin.py:190} INFO - [2024-11-09T22:31:38.773+0000] {dagbag.py:588} INFO - Filling up the DagBag from /opt/airflow/dags/spotify_pipeline.py
[2024-11-09T22:31:38.787+0000] {processor.py:925} INFO - DAG(s) 'spotify_pipeline' retrieved from /opt/airflow/dags/spotify_pipeline.py
[2024-11-09T22:31:38.808+0000] {logging_mixin.py:190} INFO - [2024-11-09T22:31:38.807+0000] {dag.py:3239} INFO - Sync 1 DAGs
[2024-11-09T22:31:38.827+0000] {logging_mixin.py:190} INFO - [2024-11-09T22:31:38.827+0000] {dag.py:4180} INFO - Setting next_dagrun for spotify_pipeline to 2024-11-09 00:00:00+00:00, run_after=2024-11-10 00:00:00+00:00
[2024-11-09T22:31:38.855+0000] {processor.py:208} INFO - Processing /opt/airflow/dags/spotify_pipeline.py took 0.088 seconds
[2024-11-09T22:32:09.053+0000] {processor.py:186} INFO - Started process (PID=7415) to work on /opt/airflow/dags/spotify_pipeline.py
[2024-11-09T22:32:09.054+0000] {processor.py:914} INFO - Processing file /opt/airflow/dags/spotify_pipeline.py for tasks to queue
[2024-11-09T22:32:09.055+0000] {logging_mixin.py:190} INFO - [2024-11-09T22:32:09.055+0000] {dagbag.py:588} INFO - Filling up the DagBag from /opt/airflow/dags/spotify_pipeline.py
[2024-11-09T22:32:09.069+0000] {processor.py:925} INFO - DAG(s) 'spotify_pipeline' retrieved from /opt/airflow/dags/spotify_pipeline.py
[2024-11-09T22:32:09.092+0000] {logging_mixin.py:190} INFO - [2024-11-09T22:32:09.091+0000] {dag.py:3239} INFO - Sync 1 DAGs
[2024-11-09T22:32:09.114+0000] {logging_mixin.py:190} INFO - [2024-11-09T22:32:09.114+0000] {dag.py:4180} INFO - Setting next_dagrun for spotify_pipeline to 2024-11-09 00:00:00+00:00, run_after=2024-11-10 00:00:00+00:00
[2024-11-09T22:32:09.130+0000] {processor.py:208} INFO - Processing /opt/airflow/dags/spotify_pipeline.py took 0.081 seconds
[2024-11-09T22:32:39.334+0000] {processor.py:186} INFO - Started process (PID=7425) to work on /opt/airflow/dags/spotify_pipeline.py
[2024-11-09T22:32:39.335+0000] {processor.py:914} INFO - Processing file /opt/airflow/dags/spotify_pipeline.py for tasks to queue
[2024-11-09T22:32:39.335+0000] {logging_mixin.py:190} INFO - [2024-11-09T22:32:39.335+0000] {dagbag.py:588} INFO - Filling up the DagBag from /opt/airflow/dags/spotify_pipeline.py
[2024-11-09T22:32:39.349+0000] {processor.py:925} INFO - DAG(s) 'spotify_pipeline' retrieved from /opt/airflow/dags/spotify_pipeline.py
[2024-11-09T22:32:39.372+0000] {logging_mixin.py:190} INFO - [2024-11-09T22:32:39.371+0000] {dag.py:3239} INFO - Sync 1 DAGs
[2024-11-09T22:32:39.391+0000] {logging_mixin.py:190} INFO - [2024-11-09T22:32:39.391+0000] {dag.py:4180} INFO - Setting next_dagrun for spotify_pipeline to 2024-11-09 00:00:00+00:00, run_after=2024-11-10 00:00:00+00:00
[2024-11-09T22:32:39.409+0000] {processor.py:208} INFO - Processing /opt/airflow/dags/spotify_pipeline.py took 0.079 seconds
[2024-11-09T22:33:09.616+0000] {processor.py:186} INFO - Started process (PID=7435) to work on /opt/airflow/dags/spotify_pipeline.py
[2024-11-09T22:33:09.617+0000] {processor.py:914} INFO - Processing file /opt/airflow/dags/spotify_pipeline.py for tasks to queue
[2024-11-09T22:33:09.618+0000] {logging_mixin.py:190} INFO - [2024-11-09T22:33:09.617+0000] {dagbag.py:588} INFO - Filling up the DagBag from /opt/airflow/dags/spotify_pipeline.py
[2024-11-09T22:33:09.631+0000] {processor.py:925} INFO - DAG(s) 'spotify_pipeline' retrieved from /opt/airflow/dags/spotify_pipeline.py
[2024-11-09T22:33:09.652+0000] {logging_mixin.py:190} INFO - [2024-11-09T22:33:09.652+0000] {dag.py:3239} INFO - Sync 1 DAGs
[2024-11-09T22:33:09.671+0000] {logging_mixin.py:190} INFO - [2024-11-09T22:33:09.671+0000] {dag.py:4180} INFO - Setting next_dagrun for spotify_pipeline to 2024-11-09 00:00:00+00:00, run_after=2024-11-10 00:00:00+00:00
[2024-11-09T22:33:09.687+0000] {processor.py:208} INFO - Processing /opt/airflow/dags/spotify_pipeline.py took 0.075 seconds
[2024-11-09T22:33:39.894+0000] {processor.py:186} INFO - Started process (PID=7445) to work on /opt/airflow/dags/spotify_pipeline.py
[2024-11-09T22:33:39.895+0000] {processor.py:914} INFO - Processing file /opt/airflow/dags/spotify_pipeline.py for tasks to queue
[2024-11-09T22:33:39.896+0000] {logging_mixin.py:190} INFO - [2024-11-09T22:33:39.896+0000] {dagbag.py:588} INFO - Filling up the DagBag from /opt/airflow/dags/spotify_pipeline.py
[2024-11-09T22:33:39.912+0000] {processor.py:925} INFO - DAG(s) 'spotify_pipeline' retrieved from /opt/airflow/dags/spotify_pipeline.py
[2024-11-09T22:33:39.933+0000] {logging_mixin.py:190} INFO - [2024-11-09T22:33:39.933+0000] {dag.py:3239} INFO - Sync 1 DAGs
[2024-11-09T22:33:39.952+0000] {logging_mixin.py:190} INFO - [2024-11-09T22:33:39.952+0000] {dag.py:4180} INFO - Setting next_dagrun for spotify_pipeline to 2024-11-09 00:00:00+00:00, run_after=2024-11-10 00:00:00+00:00
[2024-11-09T22:33:39.981+0000] {processor.py:208} INFO - Processing /opt/airflow/dags/spotify_pipeline.py took 0.091 seconds
[2024-11-09T22:34:10.179+0000] {processor.py:186} INFO - Started process (PID=7455) to work on /opt/airflow/dags/spotify_pipeline.py
[2024-11-09T22:34:10.179+0000] {processor.py:914} INFO - Processing file /opt/airflow/dags/spotify_pipeline.py for tasks to queue
[2024-11-09T22:34:10.180+0000] {logging_mixin.py:190} INFO - [2024-11-09T22:34:10.180+0000] {dagbag.py:588} INFO - Filling up the DagBag from /opt/airflow/dags/spotify_pipeline.py
[2024-11-09T22:34:10.194+0000] {processor.py:925} INFO - DAG(s) 'spotify_pipeline' retrieved from /opt/airflow/dags/spotify_pipeline.py
[2024-11-09T22:34:10.216+0000] {logging_mixin.py:190} INFO - [2024-11-09T22:34:10.216+0000] {dag.py:3239} INFO - Sync 1 DAGs
[2024-11-09T22:34:10.235+0000] {logging_mixin.py:190} INFO - [2024-11-09T22:34:10.235+0000] {dag.py:4180} INFO - Setting next_dagrun for spotify_pipeline to 2024-11-09 00:00:00+00:00, run_after=2024-11-10 00:00:00+00:00
[2024-11-09T22:34:10.252+0000] {processor.py:208} INFO - Processing /opt/airflow/dags/spotify_pipeline.py took 0.077 seconds
[2024-11-09T22:34:40.492+0000] {processor.py:186} INFO - Started process (PID=7465) to work on /opt/airflow/dags/spotify_pipeline.py
[2024-11-09T22:34:40.493+0000] {processor.py:914} INFO - Processing file /opt/airflow/dags/spotify_pipeline.py for tasks to queue
[2024-11-09T22:34:40.494+0000] {logging_mixin.py:190} INFO - [2024-11-09T22:34:40.493+0000] {dagbag.py:588} INFO - Filling up the DagBag from /opt/airflow/dags/spotify_pipeline.py
[2024-11-09T22:34:40.511+0000] {processor.py:925} INFO - DAG(s) 'spotify_pipeline' retrieved from /opt/airflow/dags/spotify_pipeline.py
[2024-11-09T22:34:40.534+0000] {logging_mixin.py:190} INFO - [2024-11-09T22:34:40.534+0000] {dag.py:3239} INFO - Sync 1 DAGs
[2024-11-09T22:34:40.555+0000] {logging_mixin.py:190} INFO - [2024-11-09T22:34:40.555+0000] {dag.py:4180} INFO - Setting next_dagrun for spotify_pipeline to 2024-11-09 00:00:00+00:00, run_after=2024-11-10 00:00:00+00:00
[2024-11-09T22:34:40.576+0000] {processor.py:208} INFO - Processing /opt/airflow/dags/spotify_pipeline.py took 0.088 seconds
[2024-11-09T22:35:10.772+0000] {processor.py:186} INFO - Started process (PID=7475) to work on /opt/airflow/dags/spotify_pipeline.py
[2024-11-09T22:35:10.774+0000] {processor.py:914} INFO - Processing file /opt/airflow/dags/spotify_pipeline.py for tasks to queue
[2024-11-09T22:35:10.775+0000] {logging_mixin.py:190} INFO - [2024-11-09T22:35:10.775+0000] {dagbag.py:588} INFO - Filling up the DagBag from /opt/airflow/dags/spotify_pipeline.py
[2024-11-09T22:35:10.791+0000] {processor.py:925} INFO - DAG(s) 'spotify_pipeline' retrieved from /opt/airflow/dags/spotify_pipeline.py
[2024-11-09T22:35:10.815+0000] {logging_mixin.py:190} INFO - [2024-11-09T22:35:10.815+0000] {dag.py:3239} INFO - Sync 1 DAGs
[2024-11-09T22:35:10.837+0000] {logging_mixin.py:190} INFO - [2024-11-09T22:35:10.837+0000] {dag.py:4180} INFO - Setting next_dagrun for spotify_pipeline to 2024-11-09 00:00:00+00:00, run_after=2024-11-10 00:00:00+00:00
[2024-11-09T22:35:10.853+0000] {processor.py:208} INFO - Processing /opt/airflow/dags/spotify_pipeline.py took 0.085 seconds
[2024-11-09T22:35:41.070+0000] {processor.py:186} INFO - Started process (PID=7485) to work on /opt/airflow/dags/spotify_pipeline.py
[2024-11-09T22:35:41.071+0000] {processor.py:914} INFO - Processing file /opt/airflow/dags/spotify_pipeline.py for tasks to queue
[2024-11-09T22:35:41.072+0000] {logging_mixin.py:190} INFO - [2024-11-09T22:35:41.072+0000] {dagbag.py:588} INFO - Filling up the DagBag from /opt/airflow/dags/spotify_pipeline.py
[2024-11-09T22:35:41.089+0000] {processor.py:925} INFO - DAG(s) 'spotify_pipeline' retrieved from /opt/airflow/dags/spotify_pipeline.py
[2024-11-09T22:35:41.111+0000] {logging_mixin.py:190} INFO - [2024-11-09T22:35:41.111+0000] {dag.py:3239} INFO - Sync 1 DAGs
[2024-11-09T22:35:41.131+0000] {logging_mixin.py:190} INFO - [2024-11-09T22:35:41.131+0000] {dag.py:4180} INFO - Setting next_dagrun for spotify_pipeline to 2024-11-09 00:00:00+00:00, run_after=2024-11-10 00:00:00+00:00
[2024-11-09T22:35:41.146+0000] {processor.py:208} INFO - Processing /opt/airflow/dags/spotify_pipeline.py took 0.081 seconds
[2024-11-09T22:36:11.358+0000] {processor.py:186} INFO - Started process (PID=7495) to work on /opt/airflow/dags/spotify_pipeline.py
[2024-11-09T22:36:11.359+0000] {processor.py:914} INFO - Processing file /opt/airflow/dags/spotify_pipeline.py for tasks to queue
[2024-11-09T22:36:11.360+0000] {logging_mixin.py:190} INFO - [2024-11-09T22:36:11.360+0000] {dagbag.py:588} INFO - Filling up the DagBag from /opt/airflow/dags/spotify_pipeline.py
[2024-11-09T22:36:11.378+0000] {processor.py:925} INFO - DAG(s) 'spotify_pipeline' retrieved from /opt/airflow/dags/spotify_pipeline.py
[2024-11-09T22:36:11.402+0000] {logging_mixin.py:190} INFO - [2024-11-09T22:36:11.402+0000] {dag.py:3239} INFO - Sync 1 DAGs
[2024-11-09T22:36:11.424+0000] {logging_mixin.py:190} INFO - [2024-11-09T22:36:11.424+0000] {dag.py:4180} INFO - Setting next_dagrun for spotify_pipeline to 2024-11-09 00:00:00+00:00, run_after=2024-11-10 00:00:00+00:00
[2024-11-09T22:36:11.441+0000] {processor.py:208} INFO - Processing /opt/airflow/dags/spotify_pipeline.py took 0.087 seconds
[2024-11-09T22:36:41.658+0000] {processor.py:186} INFO - Started process (PID=7505) to work on /opt/airflow/dags/spotify_pipeline.py
[2024-11-09T22:36:41.659+0000] {processor.py:914} INFO - Processing file /opt/airflow/dags/spotify_pipeline.py for tasks to queue
[2024-11-09T22:36:41.661+0000] {logging_mixin.py:190} INFO - [2024-11-09T22:36:41.660+0000] {dagbag.py:588} INFO - Filling up the DagBag from /opt/airflow/dags/spotify_pipeline.py
[2024-11-09T22:36:41.680+0000] {processor.py:925} INFO - DAG(s) 'spotify_pipeline' retrieved from /opt/airflow/dags/spotify_pipeline.py
[2024-11-09T22:36:41.705+0000] {logging_mixin.py:190} INFO - [2024-11-09T22:36:41.705+0000] {dag.py:3239} INFO - Sync 1 DAGs
[2024-11-09T22:36:41.726+0000] {logging_mixin.py:190} INFO - [2024-11-09T22:36:41.725+0000] {dag.py:4180} INFO - Setting next_dagrun for spotify_pipeline to 2024-11-09 00:00:00+00:00, run_after=2024-11-10 00:00:00+00:00
[2024-11-09T22:36:41.743+0000] {processor.py:208} INFO - Processing /opt/airflow/dags/spotify_pipeline.py took 0.090 seconds
[2024-11-09T22:37:11.957+0000] {processor.py:186} INFO - Started process (PID=7515) to work on /opt/airflow/dags/spotify_pipeline.py
[2024-11-09T22:37:11.958+0000] {processor.py:914} INFO - Processing file /opt/airflow/dags/spotify_pipeline.py for tasks to queue
[2024-11-09T22:37:11.959+0000] {logging_mixin.py:190} INFO - [2024-11-09T22:37:11.959+0000] {dagbag.py:588} INFO - Filling up the DagBag from /opt/airflow/dags/spotify_pipeline.py
[2024-11-09T22:37:11.976+0000] {processor.py:925} INFO - DAG(s) 'spotify_pipeline' retrieved from /opt/airflow/dags/spotify_pipeline.py
[2024-11-09T22:37:11.998+0000] {logging_mixin.py:190} INFO - [2024-11-09T22:37:11.998+0000] {dag.py:3239} INFO - Sync 1 DAGs
[2024-11-09T22:37:12.019+0000] {logging_mixin.py:190} INFO - [2024-11-09T22:37:12.019+0000] {dag.py:4180} INFO - Setting next_dagrun for spotify_pipeline to 2024-11-09 00:00:00+00:00, run_after=2024-11-10 00:00:00+00:00
[2024-11-09T22:37:12.037+0000] {processor.py:208} INFO - Processing /opt/airflow/dags/spotify_pipeline.py took 0.084 seconds
[2024-11-09T22:37:42.246+0000] {processor.py:186} INFO - Started process (PID=7525) to work on /opt/airflow/dags/spotify_pipeline.py
[2024-11-09T22:37:42.247+0000] {processor.py:914} INFO - Processing file /opt/airflow/dags/spotify_pipeline.py for tasks to queue
[2024-11-09T22:37:42.248+0000] {logging_mixin.py:190} INFO - [2024-11-09T22:37:42.248+0000] {dagbag.py:588} INFO - Filling up the DagBag from /opt/airflow/dags/spotify_pipeline.py
[2024-11-09T22:37:42.264+0000] {processor.py:925} INFO - DAG(s) 'spotify_pipeline' retrieved from /opt/airflow/dags/spotify_pipeline.py
[2024-11-09T22:37:42.288+0000] {logging_mixin.py:190} INFO - [2024-11-09T22:37:42.287+0000] {dag.py:3239} INFO - Sync 1 DAGs
[2024-11-09T22:37:42.307+0000] {logging_mixin.py:190} INFO - [2024-11-09T22:37:42.307+0000] {dag.py:4180} INFO - Setting next_dagrun for spotify_pipeline to 2024-11-09 00:00:00+00:00, run_after=2024-11-10 00:00:00+00:00
[2024-11-09T22:37:42.324+0000] {processor.py:208} INFO - Processing /opt/airflow/dags/spotify_pipeline.py took 0.082 seconds
[2024-11-09T22:38:12.530+0000] {processor.py:186} INFO - Started process (PID=7535) to work on /opt/airflow/dags/spotify_pipeline.py
[2024-11-09T22:38:12.531+0000] {processor.py:914} INFO - Processing file /opt/airflow/dags/spotify_pipeline.py for tasks to queue
[2024-11-09T22:38:12.532+0000] {logging_mixin.py:190} INFO - [2024-11-09T22:38:12.532+0000] {dagbag.py:588} INFO - Filling up the DagBag from /opt/airflow/dags/spotify_pipeline.py
[2024-11-09T22:38:12.550+0000] {processor.py:925} INFO - DAG(s) 'spotify_pipeline' retrieved from /opt/airflow/dags/spotify_pipeline.py
[2024-11-09T22:38:12.574+0000] {logging_mixin.py:190} INFO - [2024-11-09T22:38:12.574+0000] {dag.py:3239} INFO - Sync 1 DAGs
[2024-11-09T22:38:12.596+0000] {logging_mixin.py:190} INFO - [2024-11-09T22:38:12.596+0000] {dag.py:4180} INFO - Setting next_dagrun for spotify_pipeline to 2024-11-09 00:00:00+00:00, run_after=2024-11-10 00:00:00+00:00
[2024-11-09T22:38:12.612+0000] {processor.py:208} INFO - Processing /opt/airflow/dags/spotify_pipeline.py took 0.086 seconds
[2024-11-09T22:38:42.833+0000] {processor.py:186} INFO - Started process (PID=7545) to work on /opt/airflow/dags/spotify_pipeline.py
[2024-11-09T22:38:42.834+0000] {processor.py:914} INFO - Processing file /opt/airflow/dags/spotify_pipeline.py for tasks to queue
[2024-11-09T22:38:42.835+0000] {logging_mixin.py:190} INFO - [2024-11-09T22:38:42.835+0000] {dagbag.py:588} INFO - Filling up the DagBag from /opt/airflow/dags/spotify_pipeline.py
[2024-11-09T22:38:42.851+0000] {processor.py:925} INFO - DAG(s) 'spotify_pipeline' retrieved from /opt/airflow/dags/spotify_pipeline.py
[2024-11-09T22:38:42.881+0000] {logging_mixin.py:190} INFO - [2024-11-09T22:38:42.881+0000] {dag.py:3239} INFO - Sync 1 DAGs
[2024-11-09T22:38:42.904+0000] {logging_mixin.py:190} INFO - [2024-11-09T22:38:42.904+0000] {dag.py:4180} INFO - Setting next_dagrun for spotify_pipeline to 2024-11-09 00:00:00+00:00, run_after=2024-11-10 00:00:00+00:00
[2024-11-09T22:38:42.922+0000] {processor.py:208} INFO - Processing /opt/airflow/dags/spotify_pipeline.py took 0.095 seconds
[2024-11-09T22:39:13.129+0000] {processor.py:186} INFO - Started process (PID=7555) to work on /opt/airflow/dags/spotify_pipeline.py
[2024-11-09T22:39:13.130+0000] {processor.py:914} INFO - Processing file /opt/airflow/dags/spotify_pipeline.py for tasks to queue
[2024-11-09T22:39:13.131+0000] {logging_mixin.py:190} INFO - [2024-11-09T22:39:13.131+0000] {dagbag.py:588} INFO - Filling up the DagBag from /opt/airflow/dags/spotify_pipeline.py
[2024-11-09T22:39:13.148+0000] {processor.py:925} INFO - DAG(s) 'spotify_pipeline' retrieved from /opt/airflow/dags/spotify_pipeline.py
[2024-11-09T22:39:13.169+0000] {logging_mixin.py:190} INFO - [2024-11-09T22:39:13.169+0000] {dag.py:3239} INFO - Sync 1 DAGs
[2024-11-09T22:39:13.189+0000] {logging_mixin.py:190} INFO - [2024-11-09T22:39:13.189+0000] {dag.py:4180} INFO - Setting next_dagrun for spotify_pipeline to 2024-11-09 00:00:00+00:00, run_after=2024-11-10 00:00:00+00:00
[2024-11-09T22:39:13.205+0000] {processor.py:208} INFO - Processing /opt/airflow/dags/spotify_pipeline.py took 0.081 seconds
[2024-11-09T22:39:43.459+0000] {processor.py:186} INFO - Started process (PID=7565) to work on /opt/airflow/dags/spotify_pipeline.py
[2024-11-09T22:39:43.460+0000] {processor.py:914} INFO - Processing file /opt/airflow/dags/spotify_pipeline.py for tasks to queue
[2024-11-09T22:39:43.461+0000] {logging_mixin.py:190} INFO - [2024-11-09T22:39:43.460+0000] {dagbag.py:588} INFO - Filling up the DagBag from /opt/airflow/dags/spotify_pipeline.py
[2024-11-09T22:39:43.475+0000] {processor.py:925} INFO - DAG(s) 'spotify_pipeline' retrieved from /opt/airflow/dags/spotify_pipeline.py
[2024-11-09T22:39:43.499+0000] {logging_mixin.py:190} INFO - [2024-11-09T22:39:43.498+0000] {dag.py:3239} INFO - Sync 1 DAGs
[2024-11-09T22:39:43.521+0000] {logging_mixin.py:190} INFO - [2024-11-09T22:39:43.520+0000] {dag.py:4180} INFO - Setting next_dagrun for spotify_pipeline to 2024-11-09 00:00:00+00:00, run_after=2024-11-10 00:00:00+00:00
[2024-11-09T22:39:43.537+0000] {processor.py:208} INFO - Processing /opt/airflow/dags/spotify_pipeline.py took 0.083 seconds
[2024-11-09T22:40:13.733+0000] {processor.py:186} INFO - Started process (PID=7575) to work on /opt/airflow/dags/spotify_pipeline.py
[2024-11-09T22:40:13.733+0000] {processor.py:914} INFO - Processing file /opt/airflow/dags/spotify_pipeline.py for tasks to queue
[2024-11-09T22:40:13.734+0000] {logging_mixin.py:190} INFO - [2024-11-09T22:40:13.734+0000] {dagbag.py:588} INFO - Filling up the DagBag from /opt/airflow/dags/spotify_pipeline.py
[2024-11-09T22:40:13.751+0000] {processor.py:925} INFO - DAG(s) 'spotify_pipeline' retrieved from /opt/airflow/dags/spotify_pipeline.py
[2024-11-09T22:40:13.774+0000] {logging_mixin.py:190} INFO - [2024-11-09T22:40:13.773+0000] {dag.py:3239} INFO - Sync 1 DAGs
[2024-11-09T22:40:13.795+0000] {logging_mixin.py:190} INFO - [2024-11-09T22:40:13.795+0000] {dag.py:4180} INFO - Setting next_dagrun for spotify_pipeline to 2024-11-09 00:00:00+00:00, run_after=2024-11-10 00:00:00+00:00
[2024-11-09T22:40:13.813+0000] {processor.py:208} INFO - Processing /opt/airflow/dags/spotify_pipeline.py took 0.084 seconds
[2024-11-09T22:40:44.009+0000] {processor.py:186} INFO - Started process (PID=7585) to work on /opt/airflow/dags/spotify_pipeline.py
[2024-11-09T22:40:44.012+0000] {processor.py:914} INFO - Processing file /opt/airflow/dags/spotify_pipeline.py for tasks to queue
[2024-11-09T22:40:44.014+0000] {logging_mixin.py:190} INFO - [2024-11-09T22:40:44.013+0000] {dagbag.py:588} INFO - Filling up the DagBag from /opt/airflow/dags/spotify_pipeline.py
[2024-11-09T22:40:44.031+0000] {processor.py:925} INFO - DAG(s) 'spotify_pipeline' retrieved from /opt/airflow/dags/spotify_pipeline.py
[2024-11-09T22:40:44.052+0000] {logging_mixin.py:190} INFO - [2024-11-09T22:40:44.052+0000] {dag.py:3239} INFO - Sync 1 DAGs
[2024-11-09T22:40:44.072+0000] {logging_mixin.py:190} INFO - [2024-11-09T22:40:44.072+0000] {dag.py:4180} INFO - Setting next_dagrun for spotify_pipeline to 2024-11-09 00:00:00+00:00, run_after=2024-11-10 00:00:00+00:00
[2024-11-09T22:40:44.087+0000] {processor.py:208} INFO - Processing /opt/airflow/dags/spotify_pipeline.py took 0.082 seconds
[2024-11-09T22:41:14.290+0000] {processor.py:186} INFO - Started process (PID=7595) to work on /opt/airflow/dags/spotify_pipeline.py
[2024-11-09T22:41:14.291+0000] {processor.py:914} INFO - Processing file /opt/airflow/dags/spotify_pipeline.py for tasks to queue
[2024-11-09T22:41:14.293+0000] {logging_mixin.py:190} INFO - [2024-11-09T22:41:14.292+0000] {dagbag.py:588} INFO - Filling up the DagBag from /opt/airflow/dags/spotify_pipeline.py
[2024-11-09T22:41:14.311+0000] {processor.py:925} INFO - DAG(s) 'spotify_pipeline' retrieved from /opt/airflow/dags/spotify_pipeline.py
[2024-11-09T22:41:14.333+0000] {logging_mixin.py:190} INFO - [2024-11-09T22:41:14.333+0000] {dag.py:3239} INFO - Sync 1 DAGs
[2024-11-09T22:41:14.354+0000] {logging_mixin.py:190} INFO - [2024-11-09T22:41:14.354+0000] {dag.py:4180} INFO - Setting next_dagrun for spotify_pipeline to 2024-11-09 00:00:00+00:00, run_after=2024-11-10 00:00:00+00:00
[2024-11-09T22:41:14.369+0000] {processor.py:208} INFO - Processing /opt/airflow/dags/spotify_pipeline.py took 0.085 seconds
[2024-11-09T22:41:44.564+0000] {processor.py:186} INFO - Started process (PID=7605) to work on /opt/airflow/dags/spotify_pipeline.py
[2024-11-09T22:41:44.565+0000] {processor.py:914} INFO - Processing file /opt/airflow/dags/spotify_pipeline.py for tasks to queue
[2024-11-09T22:41:44.566+0000] {logging_mixin.py:190} INFO - [2024-11-09T22:41:44.566+0000] {dagbag.py:588} INFO - Filling up the DagBag from /opt/airflow/dags/spotify_pipeline.py
[2024-11-09T22:41:44.583+0000] {processor.py:925} INFO - DAG(s) 'spotify_pipeline' retrieved from /opt/airflow/dags/spotify_pipeline.py
[2024-11-09T22:41:44.605+0000] {logging_mixin.py:190} INFO - [2024-11-09T22:41:44.605+0000] {dag.py:3239} INFO - Sync 1 DAGs
[2024-11-09T22:41:44.624+0000] {logging_mixin.py:190} INFO - [2024-11-09T22:41:44.624+0000] {dag.py:4180} INFO - Setting next_dagrun for spotify_pipeline to 2024-11-09 00:00:00+00:00, run_after=2024-11-10 00:00:00+00:00
[2024-11-09T22:41:44.640+0000] {processor.py:208} INFO - Processing /opt/airflow/dags/spotify_pipeline.py took 0.082 seconds
[2024-11-09T22:42:14.826+0000] {processor.py:186} INFO - Started process (PID=7615) to work on /opt/airflow/dags/spotify_pipeline.py
[2024-11-09T22:42:14.827+0000] {processor.py:914} INFO - Processing file /opt/airflow/dags/spotify_pipeline.py for tasks to queue
[2024-11-09T22:42:14.828+0000] {logging_mixin.py:190} INFO - [2024-11-09T22:42:14.828+0000] {dagbag.py:588} INFO - Filling up the DagBag from /opt/airflow/dags/spotify_pipeline.py
[2024-11-09T22:42:14.844+0000] {processor.py:925} INFO - DAG(s) 'spotify_pipeline' retrieved from /opt/airflow/dags/spotify_pipeline.py
[2024-11-09T22:42:14.865+0000] {logging_mixin.py:190} INFO - [2024-11-09T22:42:14.865+0000] {dag.py:3239} INFO - Sync 1 DAGs
[2024-11-09T22:42:14.884+0000] {logging_mixin.py:190} INFO - [2024-11-09T22:42:14.884+0000] {dag.py:4180} INFO - Setting next_dagrun for spotify_pipeline to 2024-11-09 00:00:00+00:00, run_after=2024-11-10 00:00:00+00:00
[2024-11-09T22:42:14.900+0000] {processor.py:208} INFO - Processing /opt/airflow/dags/spotify_pipeline.py took 0.078 seconds
[2024-11-09T22:42:45.103+0000] {processor.py:186} INFO - Started process (PID=7625) to work on /opt/airflow/dags/spotify_pipeline.py
[2024-11-09T22:42:45.104+0000] {processor.py:914} INFO - Processing file /opt/airflow/dags/spotify_pipeline.py for tasks to queue
[2024-11-09T22:42:45.105+0000] {logging_mixin.py:190} INFO - [2024-11-09T22:42:45.105+0000] {dagbag.py:588} INFO - Filling up the DagBag from /opt/airflow/dags/spotify_pipeline.py
[2024-11-09T22:42:45.123+0000] {processor.py:925} INFO - DAG(s) 'spotify_pipeline' retrieved from /opt/airflow/dags/spotify_pipeline.py
[2024-11-09T22:42:45.151+0000] {logging_mixin.py:190} INFO - [2024-11-09T22:42:45.151+0000] {dag.py:3239} INFO - Sync 1 DAGs
[2024-11-09T22:42:45.172+0000] {logging_mixin.py:190} INFO - [2024-11-09T22:42:45.172+0000] {dag.py:4180} INFO - Setting next_dagrun for spotify_pipeline to 2024-11-09 00:00:00+00:00, run_after=2024-11-10 00:00:00+00:00
[2024-11-09T22:42:45.192+0000] {processor.py:208} INFO - Processing /opt/airflow/dags/spotify_pipeline.py took 0.094 seconds
[2024-11-09T22:43:15.378+0000] {processor.py:186} INFO - Started process (PID=7635) to work on /opt/airflow/dags/spotify_pipeline.py
[2024-11-09T22:43:15.378+0000] {processor.py:914} INFO - Processing file /opt/airflow/dags/spotify_pipeline.py for tasks to queue
[2024-11-09T22:43:15.379+0000] {logging_mixin.py:190} INFO - [2024-11-09T22:43:15.379+0000] {dagbag.py:588} INFO - Filling up the DagBag from /opt/airflow/dags/spotify_pipeline.py
[2024-11-09T22:43:15.393+0000] {processor.py:925} INFO - DAG(s) 'spotify_pipeline' retrieved from /opt/airflow/dags/spotify_pipeline.py
[2024-11-09T22:43:15.414+0000] {logging_mixin.py:190} INFO - [2024-11-09T22:43:15.414+0000] {dag.py:3239} INFO - Sync 1 DAGs
[2024-11-09T22:43:15.434+0000] {logging_mixin.py:190} INFO - [2024-11-09T22:43:15.434+0000] {dag.py:4180} INFO - Setting next_dagrun for spotify_pipeline to 2024-11-09 00:00:00+00:00, run_after=2024-11-10 00:00:00+00:00
[2024-11-09T22:43:15.450+0000] {processor.py:208} INFO - Processing /opt/airflow/dags/spotify_pipeline.py took 0.076 seconds
[2024-11-09T22:43:45.653+0000] {processor.py:186} INFO - Started process (PID=7645) to work on /opt/airflow/dags/spotify_pipeline.py
[2024-11-09T22:43:45.654+0000] {processor.py:914} INFO - Processing file /opt/airflow/dags/spotify_pipeline.py for tasks to queue
[2024-11-09T22:43:45.656+0000] {logging_mixin.py:190} INFO - [2024-11-09T22:43:45.655+0000] {dagbag.py:588} INFO - Filling up the DagBag from /opt/airflow/dags/spotify_pipeline.py
[2024-11-09T22:43:45.673+0000] {processor.py:925} INFO - DAG(s) 'spotify_pipeline' retrieved from /opt/airflow/dags/spotify_pipeline.py
[2024-11-09T22:43:45.699+0000] {logging_mixin.py:190} INFO - [2024-11-09T22:43:45.699+0000] {dag.py:3239} INFO - Sync 1 DAGs
[2024-11-09T22:43:45.723+0000] {logging_mixin.py:190} INFO - [2024-11-09T22:43:45.723+0000] {dag.py:4180} INFO - Setting next_dagrun for spotify_pipeline to 2024-11-09 00:00:00+00:00, run_after=2024-11-10 00:00:00+00:00
[2024-11-09T22:43:45.739+0000] {processor.py:208} INFO - Processing /opt/airflow/dags/spotify_pipeline.py took 0.091 seconds
[2024-11-09T22:44:15.963+0000] {processor.py:186} INFO - Started process (PID=7655) to work on /opt/airflow/dags/spotify_pipeline.py
[2024-11-09T22:44:15.964+0000] {processor.py:914} INFO - Processing file /opt/airflow/dags/spotify_pipeline.py for tasks to queue
[2024-11-09T22:44:15.965+0000] {logging_mixin.py:190} INFO - [2024-11-09T22:44:15.965+0000] {dagbag.py:588} INFO - Filling up the DagBag from /opt/airflow/dags/spotify_pipeline.py
[2024-11-09T22:44:15.979+0000] {processor.py:925} INFO - DAG(s) 'spotify_pipeline' retrieved from /opt/airflow/dags/spotify_pipeline.py
[2024-11-09T22:44:16.001+0000] {logging_mixin.py:190} INFO - [2024-11-09T22:44:16.001+0000] {dag.py:3239} INFO - Sync 1 DAGs
[2024-11-09T22:44:16.021+0000] {logging_mixin.py:190} INFO - [2024-11-09T22:44:16.020+0000] {dag.py:4180} INFO - Setting next_dagrun for spotify_pipeline to 2024-11-09 00:00:00+00:00, run_after=2024-11-10 00:00:00+00:00
[2024-11-09T22:44:16.035+0000] {processor.py:208} INFO - Processing /opt/airflow/dags/spotify_pipeline.py took 0.075 seconds
[2024-11-09T22:44:46.219+0000] {processor.py:186} INFO - Started process (PID=7665) to work on /opt/airflow/dags/spotify_pipeline.py
[2024-11-09T22:44:46.220+0000] {processor.py:914} INFO - Processing file /opt/airflow/dags/spotify_pipeline.py for tasks to queue
[2024-11-09T22:44:46.221+0000] {logging_mixin.py:190} INFO - [2024-11-09T22:44:46.221+0000] {dagbag.py:588} INFO - Filling up the DagBag from /opt/airflow/dags/spotify_pipeline.py
[2024-11-09T22:44:46.239+0000] {processor.py:925} INFO - DAG(s) 'spotify_pipeline' retrieved from /opt/airflow/dags/spotify_pipeline.py
[2024-11-09T22:44:46.262+0000] {logging_mixin.py:190} INFO - [2024-11-09T22:44:46.262+0000] {dag.py:3239} INFO - Sync 1 DAGs
[2024-11-09T22:44:46.282+0000] {logging_mixin.py:190} INFO - [2024-11-09T22:44:46.282+0000] {dag.py:4180} INFO - Setting next_dagrun for spotify_pipeline to 2024-11-09 00:00:00+00:00, run_after=2024-11-10 00:00:00+00:00
[2024-11-09T22:44:46.299+0000] {processor.py:208} INFO - Processing /opt/airflow/dags/spotify_pipeline.py took 0.084 seconds
[2024-11-09T22:45:16.482+0000] {processor.py:186} INFO - Started process (PID=7675) to work on /opt/airflow/dags/spotify_pipeline.py
[2024-11-09T22:45:16.483+0000] {processor.py:914} INFO - Processing file /opt/airflow/dags/spotify_pipeline.py for tasks to queue
[2024-11-09T22:45:16.484+0000] {logging_mixin.py:190} INFO - [2024-11-09T22:45:16.483+0000] {dagbag.py:588} INFO - Filling up the DagBag from /opt/airflow/dags/spotify_pipeline.py
[2024-11-09T22:45:16.501+0000] {processor.py:925} INFO - DAG(s) 'spotify_pipeline' retrieved from /opt/airflow/dags/spotify_pipeline.py
[2024-11-09T22:45:16.525+0000] {logging_mixin.py:190} INFO - [2024-11-09T22:45:16.524+0000] {dag.py:3239} INFO - Sync 1 DAGs
[2024-11-09T22:45:16.545+0000] {logging_mixin.py:190} INFO - [2024-11-09T22:45:16.545+0000] {dag.py:4180} INFO - Setting next_dagrun for spotify_pipeline to 2024-11-09 00:00:00+00:00, run_after=2024-11-10 00:00:00+00:00
[2024-11-09T22:45:16.564+0000] {processor.py:208} INFO - Processing /opt/airflow/dags/spotify_pipeline.py took 0.087 seconds
[2024-11-09T22:45:46.760+0000] {processor.py:186} INFO - Started process (PID=7685) to work on /opt/airflow/dags/spotify_pipeline.py
[2024-11-09T22:45:46.761+0000] {processor.py:914} INFO - Processing file /opt/airflow/dags/spotify_pipeline.py for tasks to queue
[2024-11-09T22:45:46.762+0000] {logging_mixin.py:190} INFO - [2024-11-09T22:45:46.762+0000] {dagbag.py:588} INFO - Filling up the DagBag from /opt/airflow/dags/spotify_pipeline.py
[2024-11-09T22:45:46.780+0000] {processor.py:925} INFO - DAG(s) 'spotify_pipeline' retrieved from /opt/airflow/dags/spotify_pipeline.py
[2024-11-09T22:45:46.804+0000] {logging_mixin.py:190} INFO - [2024-11-09T22:45:46.803+0000] {dag.py:3239} INFO - Sync 1 DAGs
[2024-11-09T22:45:46.825+0000] {logging_mixin.py:190} INFO - [2024-11-09T22:45:46.825+0000] {dag.py:4180} INFO - Setting next_dagrun for spotify_pipeline to 2024-11-09 00:00:00+00:00, run_after=2024-11-10 00:00:00+00:00
[2024-11-09T22:45:46.840+0000] {processor.py:208} INFO - Processing /opt/airflow/dags/spotify_pipeline.py took 0.084 seconds
[2024-11-09T22:46:17.035+0000] {processor.py:186} INFO - Started process (PID=7695) to work on /opt/airflow/dags/spotify_pipeline.py
[2024-11-09T22:46:17.036+0000] {processor.py:914} INFO - Processing file /opt/airflow/dags/spotify_pipeline.py for tasks to queue
[2024-11-09T22:46:17.036+0000] {logging_mixin.py:190} INFO - [2024-11-09T22:46:17.036+0000] {dagbag.py:588} INFO - Filling up the DagBag from /opt/airflow/dags/spotify_pipeline.py
[2024-11-09T22:46:17.052+0000] {processor.py:925} INFO - DAG(s) 'spotify_pipeline' retrieved from /opt/airflow/dags/spotify_pipeline.py
[2024-11-09T22:46:17.073+0000] {logging_mixin.py:190} INFO - [2024-11-09T22:46:17.073+0000] {dag.py:3239} INFO - Sync 1 DAGs
[2024-11-09T22:46:17.093+0000] {logging_mixin.py:190} INFO - [2024-11-09T22:46:17.093+0000] {dag.py:4180} INFO - Setting next_dagrun for spotify_pipeline to 2024-11-09 00:00:00+00:00, run_after=2024-11-10 00:00:00+00:00
[2024-11-09T22:46:17.109+0000] {processor.py:208} INFO - Processing /opt/airflow/dags/spotify_pipeline.py took 0.078 seconds
[2024-11-09T22:46:47.319+0000] {processor.py:186} INFO - Started process (PID=7705) to work on /opt/airflow/dags/spotify_pipeline.py
[2024-11-09T22:46:47.320+0000] {processor.py:914} INFO - Processing file /opt/airflow/dags/spotify_pipeline.py for tasks to queue
[2024-11-09T22:46:47.322+0000] {logging_mixin.py:190} INFO - [2024-11-09T22:46:47.321+0000] {dagbag.py:588} INFO - Filling up the DagBag from /opt/airflow/dags/spotify_pipeline.py
[2024-11-09T22:46:47.338+0000] {processor.py:925} INFO - DAG(s) 'spotify_pipeline' retrieved from /opt/airflow/dags/spotify_pipeline.py
[2024-11-09T22:46:47.361+0000] {logging_mixin.py:190} INFO - [2024-11-09T22:46:47.361+0000] {dag.py:3239} INFO - Sync 1 DAGs
[2024-11-09T22:46:47.383+0000] {logging_mixin.py:190} INFO - [2024-11-09T22:46:47.383+0000] {dag.py:4180} INFO - Setting next_dagrun for spotify_pipeline to 2024-11-09 00:00:00+00:00, run_after=2024-11-10 00:00:00+00:00
[2024-11-09T22:46:47.403+0000] {processor.py:208} INFO - Processing /opt/airflow/dags/spotify_pipeline.py took 0.088 seconds
[2024-11-09T22:47:17.588+0000] {processor.py:186} INFO - Started process (PID=7715) to work on /opt/airflow/dags/spotify_pipeline.py
[2024-11-09T22:47:17.589+0000] {processor.py:914} INFO - Processing file /opt/airflow/dags/spotify_pipeline.py for tasks to queue
[2024-11-09T22:47:17.590+0000] {logging_mixin.py:190} INFO - [2024-11-09T22:47:17.590+0000] {dagbag.py:588} INFO - Filling up the DagBag from /opt/airflow/dags/spotify_pipeline.py
[2024-11-09T22:47:17.607+0000] {processor.py:925} INFO - DAG(s) 'spotify_pipeline' retrieved from /opt/airflow/dags/spotify_pipeline.py
[2024-11-09T22:47:17.631+0000] {logging_mixin.py:190} INFO - [2024-11-09T22:47:17.631+0000] {dag.py:3239} INFO - Sync 1 DAGs
[2024-11-09T22:47:17.651+0000] {logging_mixin.py:190} INFO - [2024-11-09T22:47:17.651+0000] {dag.py:4180} INFO - Setting next_dagrun for spotify_pipeline to 2024-11-09 00:00:00+00:00, run_after=2024-11-10 00:00:00+00:00
[2024-11-09T22:47:17.680+0000] {processor.py:208} INFO - Processing /opt/airflow/dags/spotify_pipeline.py took 0.097 seconds
[2024-11-09T22:47:47.887+0000] {processor.py:186} INFO - Started process (PID=7725) to work on /opt/airflow/dags/spotify_pipeline.py
[2024-11-09T22:47:47.889+0000] {processor.py:914} INFO - Processing file /opt/airflow/dags/spotify_pipeline.py for tasks to queue
[2024-11-09T22:47:47.890+0000] {logging_mixin.py:190} INFO - [2024-11-09T22:47:47.890+0000] {dagbag.py:588} INFO - Filling up the DagBag from /opt/airflow/dags/spotify_pipeline.py
[2024-11-09T22:47:47.908+0000] {processor.py:925} INFO - DAG(s) 'spotify_pipeline' retrieved from /opt/airflow/dags/spotify_pipeline.py
[2024-11-09T22:47:47.933+0000] {logging_mixin.py:190} INFO - [2024-11-09T22:47:47.932+0000] {dag.py:3239} INFO - Sync 1 DAGs
[2024-11-09T22:47:47.955+0000] {logging_mixin.py:190} INFO - [2024-11-09T22:47:47.954+0000] {dag.py:4180} INFO - Setting next_dagrun for spotify_pipeline to 2024-11-09 00:00:00+00:00, run_after=2024-11-10 00:00:00+00:00
[2024-11-09T22:47:47.974+0000] {processor.py:208} INFO - Processing /opt/airflow/dags/spotify_pipeline.py took 0.092 seconds
[2024-11-09T22:48:18.176+0000] {processor.py:186} INFO - Started process (PID=7735) to work on /opt/airflow/dags/spotify_pipeline.py
[2024-11-09T22:48:18.177+0000] {processor.py:914} INFO - Processing file /opt/airflow/dags/spotify_pipeline.py for tasks to queue
[2024-11-09T22:48:18.178+0000] {logging_mixin.py:190} INFO - [2024-11-09T22:48:18.178+0000] {dagbag.py:588} INFO - Filling up the DagBag from /opt/airflow/dags/spotify_pipeline.py
[2024-11-09T22:48:18.196+0000] {processor.py:925} INFO - DAG(s) 'spotify_pipeline' retrieved from /opt/airflow/dags/spotify_pipeline.py
[2024-11-09T22:48:18.220+0000] {logging_mixin.py:190} INFO - [2024-11-09T22:48:18.220+0000] {dag.py:3239} INFO - Sync 1 DAGs
[2024-11-09T22:48:18.241+0000] {logging_mixin.py:190} INFO - [2024-11-09T22:48:18.241+0000] {dag.py:4180} INFO - Setting next_dagrun for spotify_pipeline to 2024-11-09 00:00:00+00:00, run_after=2024-11-10 00:00:00+00:00
[2024-11-09T22:48:18.257+0000] {processor.py:208} INFO - Processing /opt/airflow/dags/spotify_pipeline.py took 0.086 seconds
[2024-11-09T22:48:48.453+0000] {processor.py:186} INFO - Started process (PID=7745) to work on /opt/airflow/dags/spotify_pipeline.py
[2024-11-09T22:48:48.453+0000] {processor.py:914} INFO - Processing file /opt/airflow/dags/spotify_pipeline.py for tasks to queue
[2024-11-09T22:48:48.455+0000] {logging_mixin.py:190} INFO - [2024-11-09T22:48:48.454+0000] {dagbag.py:588} INFO - Filling up the DagBag from /opt/airflow/dags/spotify_pipeline.py
[2024-11-09T22:48:48.470+0000] {processor.py:925} INFO - DAG(s) 'spotify_pipeline' retrieved from /opt/airflow/dags/spotify_pipeline.py
[2024-11-09T22:48:48.492+0000] {logging_mixin.py:190} INFO - [2024-11-09T22:48:48.492+0000] {dag.py:3239} INFO - Sync 1 DAGs
[2024-11-09T22:48:48.511+0000] {logging_mixin.py:190} INFO - [2024-11-09T22:48:48.511+0000] {dag.py:4180} INFO - Setting next_dagrun for spotify_pipeline to 2024-11-09 00:00:00+00:00, run_after=2024-11-10 00:00:00+00:00
[2024-11-09T22:48:48.541+0000] {processor.py:208} INFO - Processing /opt/airflow/dags/spotify_pipeline.py took 0.093 seconds
[2024-11-09T22:49:18.761+0000] {processor.py:186} INFO - Started process (PID=7755) to work on /opt/airflow/dags/spotify_pipeline.py
[2024-11-09T22:49:18.761+0000] {processor.py:914} INFO - Processing file /opt/airflow/dags/spotify_pipeline.py for tasks to queue
[2024-11-09T22:49:18.763+0000] {logging_mixin.py:190} INFO - [2024-11-09T22:49:18.762+0000] {dagbag.py:588} INFO - Filling up the DagBag from /opt/airflow/dags/spotify_pipeline.py
[2024-11-09T22:49:18.778+0000] {processor.py:925} INFO - DAG(s) 'spotify_pipeline' retrieved from /opt/airflow/dags/spotify_pipeline.py
[2024-11-09T22:49:18.799+0000] {logging_mixin.py:190} INFO - [2024-11-09T22:49:18.799+0000] {dag.py:3239} INFO - Sync 1 DAGs
[2024-11-09T22:49:18.819+0000] {logging_mixin.py:190} INFO - [2024-11-09T22:49:18.819+0000] {dag.py:4180} INFO - Setting next_dagrun for spotify_pipeline to 2024-11-09 00:00:00+00:00, run_after=2024-11-10 00:00:00+00:00
[2024-11-09T22:49:18.850+0000] {processor.py:208} INFO - Processing /opt/airflow/dags/spotify_pipeline.py took 0.093 seconds
[2024-11-09T22:49:49.031+0000] {processor.py:186} INFO - Started process (PID=7765) to work on /opt/airflow/dags/spotify_pipeline.py
[2024-11-09T22:49:49.032+0000] {processor.py:914} INFO - Processing file /opt/airflow/dags/spotify_pipeline.py for tasks to queue
[2024-11-09T22:49:49.033+0000] {logging_mixin.py:190} INFO - [2024-11-09T22:49:49.033+0000] {dagbag.py:588} INFO - Filling up the DagBag from /opt/airflow/dags/spotify_pipeline.py
[2024-11-09T22:49:49.047+0000] {processor.py:925} INFO - DAG(s) 'spotify_pipeline' retrieved from /opt/airflow/dags/spotify_pipeline.py
[2024-11-09T22:49:49.069+0000] {logging_mixin.py:190} INFO - [2024-11-09T22:49:49.069+0000] {dag.py:3239} INFO - Sync 1 DAGs
[2024-11-09T22:49:49.089+0000] {logging_mixin.py:190} INFO - [2024-11-09T22:49:49.089+0000] {dag.py:4180} INFO - Setting next_dagrun for spotify_pipeline to 2024-11-09 00:00:00+00:00, run_after=2024-11-10 00:00:00+00:00
[2024-11-09T22:49:49.119+0000] {processor.py:208} INFO - Processing /opt/airflow/dags/spotify_pipeline.py took 0.091 seconds
[2024-11-09T22:50:19.302+0000] {processor.py:186} INFO - Started process (PID=7775) to work on /opt/airflow/dags/spotify_pipeline.py
[2024-11-09T22:50:19.303+0000] {processor.py:914} INFO - Processing file /opt/airflow/dags/spotify_pipeline.py for tasks to queue
[2024-11-09T22:50:19.304+0000] {logging_mixin.py:190} INFO - [2024-11-09T22:50:19.303+0000] {dagbag.py:588} INFO - Filling up the DagBag from /opt/airflow/dags/spotify_pipeline.py
[2024-11-09T22:50:19.318+0000] {processor.py:925} INFO - DAG(s) 'spotify_pipeline' retrieved from /opt/airflow/dags/spotify_pipeline.py
[2024-11-09T22:50:19.342+0000] {logging_mixin.py:190} INFO - [2024-11-09T22:50:19.341+0000] {dag.py:3239} INFO - Sync 1 DAGs
[2024-11-09T22:50:19.362+0000] {logging_mixin.py:190} INFO - [2024-11-09T22:50:19.362+0000] {dag.py:4180} INFO - Setting next_dagrun for spotify_pipeline to 2024-11-09 00:00:00+00:00, run_after=2024-11-10 00:00:00+00:00
[2024-11-09T22:50:19.378+0000] {processor.py:208} INFO - Processing /opt/airflow/dags/spotify_pipeline.py took 0.081 seconds
[2024-11-09T22:50:49.577+0000] {processor.py:186} INFO - Started process (PID=7785) to work on /opt/airflow/dags/spotify_pipeline.py
[2024-11-09T22:50:49.578+0000] {processor.py:914} INFO - Processing file /opt/airflow/dags/spotify_pipeline.py for tasks to queue
[2024-11-09T22:50:49.579+0000] {logging_mixin.py:190} INFO - [2024-11-09T22:50:49.578+0000] {dagbag.py:588} INFO - Filling up the DagBag from /opt/airflow/dags/spotify_pipeline.py
[2024-11-09T22:50:49.594+0000] {processor.py:925} INFO - DAG(s) 'spotify_pipeline' retrieved from /opt/airflow/dags/spotify_pipeline.py
[2024-11-09T22:50:49.616+0000] {logging_mixin.py:190} INFO - [2024-11-09T22:50:49.616+0000] {dag.py:3239} INFO - Sync 1 DAGs
[2024-11-09T22:50:49.636+0000] {logging_mixin.py:190} INFO - [2024-11-09T22:50:49.636+0000] {dag.py:4180} INFO - Setting next_dagrun for spotify_pipeline to 2024-11-09 00:00:00+00:00, run_after=2024-11-10 00:00:00+00:00
[2024-11-09T22:50:49.666+0000] {processor.py:208} INFO - Processing /opt/airflow/dags/spotify_pipeline.py took 0.093 seconds
[2024-11-09T22:51:19.847+0000] {processor.py:186} INFO - Started process (PID=7795) to work on /opt/airflow/dags/spotify_pipeline.py
[2024-11-09T22:51:19.848+0000] {processor.py:914} INFO - Processing file /opt/airflow/dags/spotify_pipeline.py for tasks to queue
[2024-11-09T22:51:19.849+0000] {logging_mixin.py:190} INFO - [2024-11-09T22:51:19.848+0000] {dagbag.py:588} INFO - Filling up the DagBag from /opt/airflow/dags/spotify_pipeline.py
[2024-11-09T22:51:19.867+0000] {processor.py:925} INFO - DAG(s) 'spotify_pipeline' retrieved from /opt/airflow/dags/spotify_pipeline.py
[2024-11-09T22:51:19.891+0000] {logging_mixin.py:190} INFO - [2024-11-09T22:51:19.890+0000] {dag.py:3239} INFO - Sync 1 DAGs
[2024-11-09T22:51:19.912+0000] {logging_mixin.py:190} INFO - [2024-11-09T22:51:19.911+0000] {dag.py:4180} INFO - Setting next_dagrun for spotify_pipeline to 2024-11-09 00:00:00+00:00, run_after=2024-11-10 00:00:00+00:00
[2024-11-09T22:51:19.941+0000] {processor.py:208} INFO - Processing /opt/airflow/dags/spotify_pipeline.py took 0.099 seconds
[2024-11-09T22:51:50.120+0000] {processor.py:186} INFO - Started process (PID=7805) to work on /opt/airflow/dags/spotify_pipeline.py
[2024-11-09T22:51:50.121+0000] {processor.py:914} INFO - Processing file /opt/airflow/dags/spotify_pipeline.py for tasks to queue
[2024-11-09T22:51:50.122+0000] {logging_mixin.py:190} INFO - [2024-11-09T22:51:50.122+0000] {dagbag.py:588} INFO - Filling up the DagBag from /opt/airflow/dags/spotify_pipeline.py
[2024-11-09T22:51:50.139+0000] {processor.py:925} INFO - DAG(s) 'spotify_pipeline' retrieved from /opt/airflow/dags/spotify_pipeline.py
[2024-11-09T22:51:50.163+0000] {logging_mixin.py:190} INFO - [2024-11-09T22:51:50.162+0000] {dag.py:3239} INFO - Sync 1 DAGs
[2024-11-09T22:51:50.185+0000] {logging_mixin.py:190} INFO - [2024-11-09T22:51:50.185+0000] {dag.py:4180} INFO - Setting next_dagrun for spotify_pipeline to 2024-11-09 00:00:00+00:00, run_after=2024-11-10 00:00:00+00:00
[2024-11-09T22:51:50.202+0000] {processor.py:208} INFO - Processing /opt/airflow/dags/spotify_pipeline.py took 0.086 seconds
[2024-11-09T22:52:20.397+0000] {processor.py:186} INFO - Started process (PID=7815) to work on /opt/airflow/dags/spotify_pipeline.py
[2024-11-09T22:52:20.398+0000] {processor.py:914} INFO - Processing file /opt/airflow/dags/spotify_pipeline.py for tasks to queue
[2024-11-09T22:52:20.399+0000] {logging_mixin.py:190} INFO - [2024-11-09T22:52:20.399+0000] {dagbag.py:588} INFO - Filling up the DagBag from /opt/airflow/dags/spotify_pipeline.py
[2024-11-09T22:52:20.417+0000] {processor.py:925} INFO - DAG(s) 'spotify_pipeline' retrieved from /opt/airflow/dags/spotify_pipeline.py
[2024-11-09T22:52:20.442+0000] {logging_mixin.py:190} INFO - [2024-11-09T22:52:20.442+0000] {dag.py:3239} INFO - Sync 1 DAGs
[2024-11-09T22:52:20.466+0000] {logging_mixin.py:190} INFO - [2024-11-09T22:52:20.466+0000] {dag.py:4180} INFO - Setting next_dagrun for spotify_pipeline to 2024-11-09 00:00:00+00:00, run_after=2024-11-10 00:00:00+00:00
[2024-11-09T22:52:20.482+0000] {processor.py:208} INFO - Processing /opt/airflow/dags/spotify_pipeline.py took 0.089 seconds
[2024-11-09T22:52:50.689+0000] {processor.py:186} INFO - Started process (PID=7825) to work on /opt/airflow/dags/spotify_pipeline.py
[2024-11-09T22:52:50.690+0000] {processor.py:914} INFO - Processing file /opt/airflow/dags/spotify_pipeline.py for tasks to queue
[2024-11-09T22:52:50.691+0000] {logging_mixin.py:190} INFO - [2024-11-09T22:52:50.691+0000] {dagbag.py:588} INFO - Filling up the DagBag from /opt/airflow/dags/spotify_pipeline.py
[2024-11-09T22:52:50.709+0000] {processor.py:925} INFO - DAG(s) 'spotify_pipeline' retrieved from /opt/airflow/dags/spotify_pipeline.py
[2024-11-09T22:52:50.733+0000] {logging_mixin.py:190} INFO - [2024-11-09T22:52:50.732+0000] {dag.py:3239} INFO - Sync 1 DAGs
[2024-11-09T22:52:50.754+0000] {logging_mixin.py:190} INFO - [2024-11-09T22:52:50.753+0000] {dag.py:4180} INFO - Setting next_dagrun for spotify_pipeline to 2024-11-09 00:00:00+00:00, run_after=2024-11-10 00:00:00+00:00
[2024-11-09T22:52:50.769+0000] {processor.py:208} INFO - Processing /opt/airflow/dags/spotify_pipeline.py took 0.085 seconds
[2024-11-09T22:53:20.967+0000] {processor.py:186} INFO - Started process (PID=7835) to work on /opt/airflow/dags/spotify_pipeline.py
[2024-11-09T22:53:20.968+0000] {processor.py:914} INFO - Processing file /opt/airflow/dags/spotify_pipeline.py for tasks to queue
[2024-11-09T22:53:20.969+0000] {logging_mixin.py:190} INFO - [2024-11-09T22:53:20.969+0000] {dagbag.py:588} INFO - Filling up the DagBag from /opt/airflow/dags/spotify_pipeline.py
[2024-11-09T22:53:20.988+0000] {processor.py:925} INFO - DAG(s) 'spotify_pipeline' retrieved from /opt/airflow/dags/spotify_pipeline.py
[2024-11-09T22:53:21.012+0000] {logging_mixin.py:190} INFO - [2024-11-09T22:53:21.012+0000] {dag.py:3239} INFO - Sync 1 DAGs
[2024-11-09T22:53:21.034+0000] {logging_mixin.py:190} INFO - [2024-11-09T22:53:21.034+0000] {dag.py:4180} INFO - Setting next_dagrun for spotify_pipeline to 2024-11-09 00:00:00+00:00, run_after=2024-11-10 00:00:00+00:00
[2024-11-09T22:53:21.051+0000] {processor.py:208} INFO - Processing /opt/airflow/dags/spotify_pipeline.py took 0.089 seconds
[2024-11-09T22:53:51.262+0000] {processor.py:186} INFO - Started process (PID=7845) to work on /opt/airflow/dags/spotify_pipeline.py
[2024-11-09T22:53:51.263+0000] {processor.py:914} INFO - Processing file /opt/airflow/dags/spotify_pipeline.py for tasks to queue
[2024-11-09T22:53:51.264+0000] {logging_mixin.py:190} INFO - [2024-11-09T22:53:51.264+0000] {dagbag.py:588} INFO - Filling up the DagBag from /opt/airflow/dags/spotify_pipeline.py
[2024-11-09T22:53:51.281+0000] {processor.py:925} INFO - DAG(s) 'spotify_pipeline' retrieved from /opt/airflow/dags/spotify_pipeline.py
[2024-11-09T22:53:51.304+0000] {logging_mixin.py:190} INFO - [2024-11-09T22:53:51.304+0000] {dag.py:3239} INFO - Sync 1 DAGs
[2024-11-09T22:53:51.326+0000] {logging_mixin.py:190} INFO - [2024-11-09T22:53:51.326+0000] {dag.py:4180} INFO - Setting next_dagrun for spotify_pipeline to 2024-11-09 00:00:00+00:00, run_after=2024-11-10 00:00:00+00:00
[2024-11-09T22:53:51.342+0000] {processor.py:208} INFO - Processing /opt/airflow/dags/spotify_pipeline.py took 0.085 seconds
[2024-11-09T22:54:21.561+0000] {processor.py:186} INFO - Started process (PID=7855) to work on /opt/airflow/dags/spotify_pipeline.py
[2024-11-09T22:54:21.562+0000] {processor.py:914} INFO - Processing file /opt/airflow/dags/spotify_pipeline.py for tasks to queue
[2024-11-09T22:54:21.563+0000] {logging_mixin.py:190} INFO - [2024-11-09T22:54:21.563+0000] {dagbag.py:588} INFO - Filling up the DagBag from /opt/airflow/dags/spotify_pipeline.py
[2024-11-09T22:54:21.581+0000] {processor.py:925} INFO - DAG(s) 'spotify_pipeline' retrieved from /opt/airflow/dags/spotify_pipeline.py
[2024-11-09T22:54:21.603+0000] {logging_mixin.py:190} INFO - [2024-11-09T22:54:21.603+0000] {dag.py:3239} INFO - Sync 1 DAGs
[2024-11-09T22:54:21.623+0000] {logging_mixin.py:190} INFO - [2024-11-09T22:54:21.622+0000] {dag.py:4180} INFO - Setting next_dagrun for spotify_pipeline to 2024-11-09 00:00:00+00:00, run_after=2024-11-10 00:00:00+00:00
[2024-11-09T22:54:21.653+0000] {processor.py:208} INFO - Processing /opt/airflow/dags/spotify_pipeline.py took 0.096 seconds
[2024-11-09T22:54:51.835+0000] {processor.py:186} INFO - Started process (PID=7865) to work on /opt/airflow/dags/spotify_pipeline.py
[2024-11-09T22:54:51.836+0000] {processor.py:914} INFO - Processing file /opt/airflow/dags/spotify_pipeline.py for tasks to queue
[2024-11-09T22:54:51.837+0000] {logging_mixin.py:190} INFO - [2024-11-09T22:54:51.837+0000] {dagbag.py:588} INFO - Filling up the DagBag from /opt/airflow/dags/spotify_pipeline.py
[2024-11-09T22:54:51.856+0000] {processor.py:925} INFO - DAG(s) 'spotify_pipeline' retrieved from /opt/airflow/dags/spotify_pipeline.py
[2024-11-09T22:54:51.880+0000] {logging_mixin.py:190} INFO - [2024-11-09T22:54:51.880+0000] {dag.py:3239} INFO - Sync 1 DAGs
[2024-11-09T22:54:51.902+0000] {logging_mixin.py:190} INFO - [2024-11-09T22:54:51.902+0000] {dag.py:4180} INFO - Setting next_dagrun for spotify_pipeline to 2024-11-09 00:00:00+00:00, run_after=2024-11-10 00:00:00+00:00
[2024-11-09T22:54:51.932+0000] {processor.py:208} INFO - Processing /opt/airflow/dags/spotify_pipeline.py took 0.102 seconds
[2024-11-09T22:55:22.107+0000] {processor.py:186} INFO - Started process (PID=7875) to work on /opt/airflow/dags/spotify_pipeline.py
[2024-11-09T22:55:22.107+0000] {processor.py:914} INFO - Processing file /opt/airflow/dags/spotify_pipeline.py for tasks to queue
[2024-11-09T22:55:22.109+0000] {logging_mixin.py:190} INFO - [2024-11-09T22:55:22.108+0000] {dagbag.py:588} INFO - Filling up the DagBag from /opt/airflow/dags/spotify_pipeline.py
[2024-11-09T22:55:22.125+0000] {processor.py:925} INFO - DAG(s) 'spotify_pipeline' retrieved from /opt/airflow/dags/spotify_pipeline.py
[2024-11-09T22:55:22.148+0000] {logging_mixin.py:190} INFO - [2024-11-09T22:55:22.148+0000] {dag.py:3239} INFO - Sync 1 DAGs
[2024-11-09T22:55:22.169+0000] {logging_mixin.py:190} INFO - [2024-11-09T22:55:22.169+0000] {dag.py:4180} INFO - Setting next_dagrun for spotify_pipeline to 2024-11-09 00:00:00+00:00, run_after=2024-11-10 00:00:00+00:00
[2024-11-09T22:55:22.185+0000] {processor.py:208} INFO - Processing /opt/airflow/dags/spotify_pipeline.py took 0.082 seconds
[2024-11-09T22:55:52.384+0000] {processor.py:186} INFO - Started process (PID=7885) to work on /opt/airflow/dags/spotify_pipeline.py
[2024-11-09T22:55:52.385+0000] {processor.py:914} INFO - Processing file /opt/airflow/dags/spotify_pipeline.py for tasks to queue
[2024-11-09T22:55:52.386+0000] {logging_mixin.py:190} INFO - [2024-11-09T22:55:52.386+0000] {dagbag.py:588} INFO - Filling up the DagBag from /opt/airflow/dags/spotify_pipeline.py
[2024-11-09T22:55:52.402+0000] {processor.py:925} INFO - DAG(s) 'spotify_pipeline' retrieved from /opt/airflow/dags/spotify_pipeline.py
[2024-11-09T22:55:52.427+0000] {logging_mixin.py:190} INFO - [2024-11-09T22:55:52.427+0000] {dag.py:3239} INFO - Sync 1 DAGs
[2024-11-09T22:55:52.446+0000] {logging_mixin.py:190} INFO - [2024-11-09T22:55:52.446+0000] {dag.py:4180} INFO - Setting next_dagrun for spotify_pipeline to 2024-11-09 00:00:00+00:00, run_after=2024-11-10 00:00:00+00:00
[2024-11-09T22:55:52.464+0000] {processor.py:208} INFO - Processing /opt/airflow/dags/spotify_pipeline.py took 0.083 seconds
[2024-11-09T22:56:22.668+0000] {processor.py:186} INFO - Started process (PID=7895) to work on /opt/airflow/dags/spotify_pipeline.py
[2024-11-09T22:56:22.669+0000] {processor.py:914} INFO - Processing file /opt/airflow/dags/spotify_pipeline.py for tasks to queue
[2024-11-09T22:56:22.670+0000] {logging_mixin.py:190} INFO - [2024-11-09T22:56:22.670+0000] {dagbag.py:588} INFO - Filling up the DagBag from /opt/airflow/dags/spotify_pipeline.py
[2024-11-09T22:56:22.687+0000] {processor.py:925} INFO - DAG(s) 'spotify_pipeline' retrieved from /opt/airflow/dags/spotify_pipeline.py
[2024-11-09T22:56:22.711+0000] {logging_mixin.py:190} INFO - [2024-11-09T22:56:22.711+0000] {dag.py:3239} INFO - Sync 1 DAGs
[2024-11-09T22:56:22.732+0000] {logging_mixin.py:190} INFO - [2024-11-09T22:56:22.732+0000] {dag.py:4180} INFO - Setting next_dagrun for spotify_pipeline to 2024-11-09 00:00:00+00:00, run_after=2024-11-10 00:00:00+00:00
[2024-11-09T22:56:22.762+0000] {processor.py:208} INFO - Processing /opt/airflow/dags/spotify_pipeline.py took 0.097 seconds
[2024-11-09T22:56:52.960+0000] {processor.py:186} INFO - Started process (PID=7905) to work on /opt/airflow/dags/spotify_pipeline.py
[2024-11-09T22:56:52.961+0000] {processor.py:914} INFO - Processing file /opt/airflow/dags/spotify_pipeline.py for tasks to queue
[2024-11-09T22:56:52.963+0000] {logging_mixin.py:190} INFO - [2024-11-09T22:56:52.962+0000] {dagbag.py:588} INFO - Filling up the DagBag from /opt/airflow/dags/spotify_pipeline.py
[2024-11-09T22:56:52.979+0000] {processor.py:925} INFO - DAG(s) 'spotify_pipeline' retrieved from /opt/airflow/dags/spotify_pipeline.py
[2024-11-09T22:56:53.002+0000] {logging_mixin.py:190} INFO - [2024-11-09T22:56:53.002+0000] {dag.py:3239} INFO - Sync 1 DAGs
[2024-11-09T22:56:53.023+0000] {logging_mixin.py:190} INFO - [2024-11-09T22:56:53.023+0000] {dag.py:4180} INFO - Setting next_dagrun for spotify_pipeline to 2024-11-09 00:00:00+00:00, run_after=2024-11-10 00:00:00+00:00
[2024-11-09T22:56:53.053+0000] {processor.py:208} INFO - Processing /opt/airflow/dags/spotify_pipeline.py took 0.097 seconds
[2024-11-09T22:57:23.233+0000] {processor.py:186} INFO - Started process (PID=7915) to work on /opt/airflow/dags/spotify_pipeline.py
[2024-11-09T22:57:23.234+0000] {processor.py:914} INFO - Processing file /opt/airflow/dags/spotify_pipeline.py for tasks to queue
[2024-11-09T22:57:23.235+0000] {logging_mixin.py:190} INFO - [2024-11-09T22:57:23.234+0000] {dagbag.py:588} INFO - Filling up the DagBag from /opt/airflow/dags/spotify_pipeline.py
[2024-11-09T22:57:23.252+0000] {processor.py:925} INFO - DAG(s) 'spotify_pipeline' retrieved from /opt/airflow/dags/spotify_pipeline.py
[2024-11-09T22:57:23.276+0000] {logging_mixin.py:190} INFO - [2024-11-09T22:57:23.276+0000] {dag.py:3239} INFO - Sync 1 DAGs
[2024-11-09T22:57:23.297+0000] {logging_mixin.py:190} INFO - [2024-11-09T22:57:23.297+0000] {dag.py:4180} INFO - Setting next_dagrun for spotify_pipeline to 2024-11-09 00:00:00+00:00, run_after=2024-11-10 00:00:00+00:00
[2024-11-09T22:57:23.313+0000] {processor.py:208} INFO - Processing /opt/airflow/dags/spotify_pipeline.py took 0.086 seconds
[2024-11-09T22:57:53.516+0000] {processor.py:186} INFO - Started process (PID=7925) to work on /opt/airflow/dags/spotify_pipeline.py
[2024-11-09T22:57:53.517+0000] {processor.py:914} INFO - Processing file /opt/airflow/dags/spotify_pipeline.py for tasks to queue
[2024-11-09T22:57:53.518+0000] {logging_mixin.py:190} INFO - [2024-11-09T22:57:53.518+0000] {dagbag.py:588} INFO - Filling up the DagBag from /opt/airflow/dags/spotify_pipeline.py
[2024-11-09T22:57:53.536+0000] {processor.py:925} INFO - DAG(s) 'spotify_pipeline' retrieved from /opt/airflow/dags/spotify_pipeline.py
[2024-11-09T22:57:53.560+0000] {logging_mixin.py:190} INFO - [2024-11-09T22:57:53.560+0000] {dag.py:3239} INFO - Sync 1 DAGs
[2024-11-09T22:57:53.583+0000] {logging_mixin.py:190} INFO - [2024-11-09T22:57:53.583+0000] {dag.py:4180} INFO - Setting next_dagrun for spotify_pipeline to 2024-11-09 00:00:00+00:00, run_after=2024-11-10 00:00:00+00:00
[2024-11-09T22:57:53.600+0000] {processor.py:208} INFO - Processing /opt/airflow/dags/spotify_pipeline.py took 0.090 seconds
[2024-11-09T22:58:23.807+0000] {processor.py:186} INFO - Started process (PID=7935) to work on /opt/airflow/dags/spotify_pipeline.py
[2024-11-09T22:58:23.808+0000] {processor.py:914} INFO - Processing file /opt/airflow/dags/spotify_pipeline.py for tasks to queue
[2024-11-09T22:58:23.810+0000] {logging_mixin.py:190} INFO - [2024-11-09T22:58:23.809+0000] {dagbag.py:588} INFO - Filling up the DagBag from /opt/airflow/dags/spotify_pipeline.py
[2024-11-09T22:58:23.828+0000] {processor.py:925} INFO - DAG(s) 'spotify_pipeline' retrieved from /opt/airflow/dags/spotify_pipeline.py
[2024-11-09T22:58:23.852+0000] {logging_mixin.py:190} INFO - [2024-11-09T22:58:23.851+0000] {dag.py:3239} INFO - Sync 1 DAGs
[2024-11-09T22:58:23.873+0000] {logging_mixin.py:190} INFO - [2024-11-09T22:58:23.873+0000] {dag.py:4180} INFO - Setting next_dagrun for spotify_pipeline to 2024-11-09 00:00:00+00:00, run_after=2024-11-10 00:00:00+00:00
[2024-11-09T22:58:23.889+0000] {processor.py:208} INFO - Processing /opt/airflow/dags/spotify_pipeline.py took 0.087 seconds
[2024-11-09T22:58:54.087+0000] {processor.py:186} INFO - Started process (PID=7945) to work on /opt/airflow/dags/spotify_pipeline.py
[2024-11-09T22:58:54.088+0000] {processor.py:914} INFO - Processing file /opt/airflow/dags/spotify_pipeline.py for tasks to queue
[2024-11-09T22:58:54.090+0000] {logging_mixin.py:190} INFO - [2024-11-09T22:58:54.090+0000] {dagbag.py:588} INFO - Filling up the DagBag from /opt/airflow/dags/spotify_pipeline.py
[2024-11-09T22:58:54.107+0000] {processor.py:925} INFO - DAG(s) 'spotify_pipeline' retrieved from /opt/airflow/dags/spotify_pipeline.py
[2024-11-09T22:58:54.130+0000] {logging_mixin.py:190} INFO - [2024-11-09T22:58:54.130+0000] {dag.py:3239} INFO - Sync 1 DAGs
[2024-11-09T22:58:54.151+0000] {logging_mixin.py:190} INFO - [2024-11-09T22:58:54.151+0000] {dag.py:4180} INFO - Setting next_dagrun for spotify_pipeline to 2024-11-09 00:00:00+00:00, run_after=2024-11-10 00:00:00+00:00
[2024-11-09T22:58:54.169+0000] {processor.py:208} INFO - Processing /opt/airflow/dags/spotify_pipeline.py took 0.086 seconds
[2024-11-09T22:59:24.394+0000] {processor.py:186} INFO - Started process (PID=7955) to work on /opt/airflow/dags/spotify_pipeline.py
[2024-11-09T22:59:24.395+0000] {processor.py:914} INFO - Processing file /opt/airflow/dags/spotify_pipeline.py for tasks to queue
[2024-11-09T22:59:24.396+0000] {logging_mixin.py:190} INFO - [2024-11-09T22:59:24.396+0000] {dagbag.py:588} INFO - Filling up the DagBag from /opt/airflow/dags/spotify_pipeline.py
[2024-11-09T22:59:24.414+0000] {processor.py:925} INFO - DAG(s) 'spotify_pipeline' retrieved from /opt/airflow/dags/spotify_pipeline.py
[2024-11-09T22:59:24.438+0000] {logging_mixin.py:190} INFO - [2024-11-09T22:59:24.438+0000] {dag.py:3239} INFO - Sync 1 DAGs
[2024-11-09T22:59:24.458+0000] {logging_mixin.py:190} INFO - [2024-11-09T22:59:24.458+0000] {dag.py:4180} INFO - Setting next_dagrun for spotify_pipeline to 2024-11-09 00:00:00+00:00, run_after=2024-11-10 00:00:00+00:00
[2024-11-09T22:59:24.473+0000] {processor.py:208} INFO - Processing /opt/airflow/dags/spotify_pipeline.py took 0.084 seconds
[2024-11-09T22:59:54.654+0000] {processor.py:186} INFO - Started process (PID=7965) to work on /opt/airflow/dags/spotify_pipeline.py
[2024-11-09T22:59:54.655+0000] {processor.py:914} INFO - Processing file /opt/airflow/dags/spotify_pipeline.py for tasks to queue
[2024-11-09T22:59:54.656+0000] {logging_mixin.py:190} INFO - [2024-11-09T22:59:54.656+0000] {dagbag.py:588} INFO - Filling up the DagBag from /opt/airflow/dags/spotify_pipeline.py
[2024-11-09T22:59:54.674+0000] {processor.py:925} INFO - DAG(s) 'spotify_pipeline' retrieved from /opt/airflow/dags/spotify_pipeline.py
[2024-11-09T22:59:54.695+0000] {logging_mixin.py:190} INFO - [2024-11-09T22:59:54.695+0000] {dag.py:3239} INFO - Sync 1 DAGs
[2024-11-09T22:59:54.714+0000] {logging_mixin.py:190} INFO - [2024-11-09T22:59:54.714+0000] {dag.py:4180} INFO - Setting next_dagrun for spotify_pipeline to 2024-11-09 00:00:00+00:00, run_after=2024-11-10 00:00:00+00:00
[2024-11-09T22:59:54.730+0000] {processor.py:208} INFO - Processing /opt/airflow/dags/spotify_pipeline.py took 0.081 seconds
[2024-11-09T23:00:24.922+0000] {processor.py:186} INFO - Started process (PID=7975) to work on /opt/airflow/dags/spotify_pipeline.py
[2024-11-09T23:00:24.923+0000] {processor.py:914} INFO - Processing file /opt/airflow/dags/spotify_pipeline.py for tasks to queue
[2024-11-09T23:00:24.924+0000] {logging_mixin.py:190} INFO - [2024-11-09T23:00:24.924+0000] {dagbag.py:588} INFO - Filling up the DagBag from /opt/airflow/dags/spotify_pipeline.py
[2024-11-09T23:00:24.942+0000] {processor.py:925} INFO - DAG(s) 'spotify_pipeline' retrieved from /opt/airflow/dags/spotify_pipeline.py
[2024-11-09T23:00:24.966+0000] {logging_mixin.py:190} INFO - [2024-11-09T23:00:24.965+0000] {dag.py:3239} INFO - Sync 1 DAGs
[2024-11-09T23:00:24.987+0000] {logging_mixin.py:190} INFO - [2024-11-09T23:00:24.987+0000] {dag.py:4180} INFO - Setting next_dagrun for spotify_pipeline to 2024-11-09 00:00:00+00:00, run_after=2024-11-10 00:00:00+00:00
[2024-11-09T23:00:25.004+0000] {processor.py:208} INFO - Processing /opt/airflow/dags/spotify_pipeline.py took 0.087 seconds
[2024-11-09T23:00:55.199+0000] {processor.py:186} INFO - Started process (PID=7985) to work on /opt/airflow/dags/spotify_pipeline.py
[2024-11-09T23:00:55.200+0000] {processor.py:914} INFO - Processing file /opt/airflow/dags/spotify_pipeline.py for tasks to queue
[2024-11-09T23:00:55.201+0000] {logging_mixin.py:190} INFO - [2024-11-09T23:00:55.201+0000] {dagbag.py:588} INFO - Filling up the DagBag from /opt/airflow/dags/spotify_pipeline.py
[2024-11-09T23:00:55.218+0000] {processor.py:925} INFO - DAG(s) 'spotify_pipeline' retrieved from /opt/airflow/dags/spotify_pipeline.py
[2024-11-09T23:00:55.240+0000] {logging_mixin.py:190} INFO - [2024-11-09T23:00:55.239+0000] {dag.py:3239} INFO - Sync 1 DAGs
[2024-11-09T23:00:55.260+0000] {logging_mixin.py:190} INFO - [2024-11-09T23:00:55.259+0000] {dag.py:4180} INFO - Setting next_dagrun for spotify_pipeline to 2024-11-09 00:00:00+00:00, run_after=2024-11-10 00:00:00+00:00
[2024-11-09T23:00:55.275+0000] {processor.py:208} INFO - Processing /opt/airflow/dags/spotify_pipeline.py took 0.082 seconds
[2024-11-09T23:01:25.478+0000] {processor.py:186} INFO - Started process (PID=7995) to work on /opt/airflow/dags/spotify_pipeline.py
[2024-11-09T23:01:25.479+0000] {processor.py:914} INFO - Processing file /opt/airflow/dags/spotify_pipeline.py for tasks to queue
[2024-11-09T23:01:25.480+0000] {logging_mixin.py:190} INFO - [2024-11-09T23:01:25.480+0000] {dagbag.py:588} INFO - Filling up the DagBag from /opt/airflow/dags/spotify_pipeline.py
[2024-11-09T23:01:25.497+0000] {processor.py:925} INFO - DAG(s) 'spotify_pipeline' retrieved from /opt/airflow/dags/spotify_pipeline.py
[2024-11-09T23:01:25.518+0000] {logging_mixin.py:190} INFO - [2024-11-09T23:01:25.518+0000] {dag.py:3239} INFO - Sync 1 DAGs
[2024-11-09T23:01:25.538+0000] {logging_mixin.py:190} INFO - [2024-11-09T23:01:25.538+0000] {dag.py:4180} INFO - Setting next_dagrun for spotify_pipeline to 2024-11-09 00:00:00+00:00, run_after=2024-11-10 00:00:00+00:00
[2024-11-09T23:01:25.555+0000] {processor.py:208} INFO - Processing /opt/airflow/dags/spotify_pipeline.py took 0.082 seconds
[2024-11-09T23:01:55.757+0000] {processor.py:186} INFO - Started process (PID=8005) to work on /opt/airflow/dags/spotify_pipeline.py
[2024-11-09T23:01:55.757+0000] {processor.py:914} INFO - Processing file /opt/airflow/dags/spotify_pipeline.py for tasks to queue
[2024-11-09T23:01:55.758+0000] {logging_mixin.py:190} INFO - [2024-11-09T23:01:55.758+0000] {dagbag.py:588} INFO - Filling up the DagBag from /opt/airflow/dags/spotify_pipeline.py
[2024-11-09T23:01:55.774+0000] {processor.py:925} INFO - DAG(s) 'spotify_pipeline' retrieved from /opt/airflow/dags/spotify_pipeline.py
[2024-11-09T23:01:55.798+0000] {logging_mixin.py:190} INFO - [2024-11-09T23:01:55.797+0000] {dag.py:3239} INFO - Sync 1 DAGs
[2024-11-09T23:01:55.820+0000] {logging_mixin.py:190} INFO - [2024-11-09T23:01:55.820+0000] {dag.py:4180} INFO - Setting next_dagrun for spotify_pipeline to 2024-11-09 00:00:00+00:00, run_after=2024-11-10 00:00:00+00:00
[2024-11-09T23:01:55.837+0000] {processor.py:208} INFO - Processing /opt/airflow/dags/spotify_pipeline.py took 0.085 seconds
[2024-11-09T23:02:26.036+0000] {processor.py:186} INFO - Started process (PID=8015) to work on /opt/airflow/dags/spotify_pipeline.py
[2024-11-09T23:02:26.037+0000] {processor.py:914} INFO - Processing file /opt/airflow/dags/spotify_pipeline.py for tasks to queue
[2024-11-09T23:02:26.038+0000] {logging_mixin.py:190} INFO - [2024-11-09T23:02:26.038+0000] {dagbag.py:588} INFO - Filling up the DagBag from /opt/airflow/dags/spotify_pipeline.py
[2024-11-09T23:02:26.054+0000] {processor.py:925} INFO - DAG(s) 'spotify_pipeline' retrieved from /opt/airflow/dags/spotify_pipeline.py
[2024-11-09T23:02:26.077+0000] {logging_mixin.py:190} INFO - [2024-11-09T23:02:26.077+0000] {dag.py:3239} INFO - Sync 1 DAGs
[2024-11-09T23:02:26.098+0000] {logging_mixin.py:190} INFO - [2024-11-09T23:02:26.098+0000] {dag.py:4180} INFO - Setting next_dagrun for spotify_pipeline to 2024-11-09 00:00:00+00:00, run_after=2024-11-10 00:00:00+00:00
[2024-11-09T23:02:26.114+0000] {processor.py:208} INFO - Processing /opt/airflow/dags/spotify_pipeline.py took 0.083 seconds
[2024-11-09T23:02:56.316+0000] {processor.py:186} INFO - Started process (PID=8025) to work on /opt/airflow/dags/spotify_pipeline.py
[2024-11-09T23:02:56.316+0000] {processor.py:914} INFO - Processing file /opt/airflow/dags/spotify_pipeline.py for tasks to queue
[2024-11-09T23:02:56.318+0000] {logging_mixin.py:190} INFO - [2024-11-09T23:02:56.317+0000] {dagbag.py:588} INFO - Filling up the DagBag from /opt/airflow/dags/spotify_pipeline.py
[2024-11-09T23:02:56.334+0000] {processor.py:925} INFO - DAG(s) 'spotify_pipeline' retrieved from /opt/airflow/dags/spotify_pipeline.py
[2024-11-09T23:02:56.357+0000] {logging_mixin.py:190} INFO - [2024-11-09T23:02:56.357+0000] {dag.py:3239} INFO - Sync 1 DAGs
[2024-11-09T23:02:56.378+0000] {logging_mixin.py:190} INFO - [2024-11-09T23:02:56.378+0000] {dag.py:4180} INFO - Setting next_dagrun for spotify_pipeline to 2024-11-09 00:00:00+00:00, run_after=2024-11-10 00:00:00+00:00
[2024-11-09T23:02:56.394+0000] {processor.py:208} INFO - Processing /opt/airflow/dags/spotify_pipeline.py took 0.084 seconds
[2024-11-09T23:03:26.605+0000] {processor.py:186} INFO - Started process (PID=8035) to work on /opt/airflow/dags/spotify_pipeline.py
[2024-11-09T23:03:26.606+0000] {processor.py:914} INFO - Processing file /opt/airflow/dags/spotify_pipeline.py for tasks to queue
[2024-11-09T23:03:26.607+0000] {logging_mixin.py:190} INFO - [2024-11-09T23:03:26.607+0000] {dagbag.py:588} INFO - Filling up the DagBag from /opt/airflow/dags/spotify_pipeline.py
[2024-11-09T23:03:26.625+0000] {processor.py:925} INFO - DAG(s) 'spotify_pipeline' retrieved from /opt/airflow/dags/spotify_pipeline.py
[2024-11-09T23:03:26.649+0000] {logging_mixin.py:190} INFO - [2024-11-09T23:03:26.649+0000] {dag.py:3239} INFO - Sync 1 DAGs
[2024-11-09T23:03:26.670+0000] {logging_mixin.py:190} INFO - [2024-11-09T23:03:26.670+0000] {dag.py:4180} INFO - Setting next_dagrun for spotify_pipeline to 2024-11-09 00:00:00+00:00, run_after=2024-11-10 00:00:00+00:00
[2024-11-09T23:03:26.701+0000] {processor.py:208} INFO - Processing /opt/airflow/dags/spotify_pipeline.py took 0.101 seconds
[2024-11-09T23:03:56.902+0000] {processor.py:186} INFO - Started process (PID=8045) to work on /opt/airflow/dags/spotify_pipeline.py
[2024-11-09T23:03:56.903+0000] {processor.py:914} INFO - Processing file /opt/airflow/dags/spotify_pipeline.py for tasks to queue
[2024-11-09T23:03:56.904+0000] {logging_mixin.py:190} INFO - [2024-11-09T23:03:56.904+0000] {dagbag.py:588} INFO - Filling up the DagBag from /opt/airflow/dags/spotify_pipeline.py
[2024-11-09T23:03:56.921+0000] {processor.py:925} INFO - DAG(s) 'spotify_pipeline' retrieved from /opt/airflow/dags/spotify_pipeline.py
[2024-11-09T23:03:56.945+0000] {logging_mixin.py:190} INFO - [2024-11-09T23:03:56.945+0000] {dag.py:3239} INFO - Sync 1 DAGs
[2024-11-09T23:03:56.967+0000] {logging_mixin.py:190} INFO - [2024-11-09T23:03:56.966+0000] {dag.py:4180} INFO - Setting next_dagrun for spotify_pipeline to 2024-11-09 00:00:00+00:00, run_after=2024-11-10 00:00:00+00:00
[2024-11-09T23:03:56.983+0000] {processor.py:208} INFO - Processing /opt/airflow/dags/spotify_pipeline.py took 0.086 seconds
[2024-11-09T23:04:27.206+0000] {processor.py:186} INFO - Started process (PID=8055) to work on /opt/airflow/dags/spotify_pipeline.py
[2024-11-09T23:04:27.206+0000] {processor.py:914} INFO - Processing file /opt/airflow/dags/spotify_pipeline.py for tasks to queue
[2024-11-09T23:04:27.207+0000] {logging_mixin.py:190} INFO - [2024-11-09T23:04:27.207+0000] {dagbag.py:588} INFO - Filling up the DagBag from /opt/airflow/dags/spotify_pipeline.py
[2024-11-09T23:04:27.224+0000] {processor.py:925} INFO - DAG(s) 'spotify_pipeline' retrieved from /opt/airflow/dags/spotify_pipeline.py
[2024-11-09T23:04:27.245+0000] {logging_mixin.py:190} INFO - [2024-11-09T23:04:27.245+0000] {dag.py:3239} INFO - Sync 1 DAGs
[2024-11-09T23:04:27.264+0000] {logging_mixin.py:190} INFO - [2024-11-09T23:04:27.264+0000] {dag.py:4180} INFO - Setting next_dagrun for spotify_pipeline to 2024-11-09 00:00:00+00:00, run_after=2024-11-10 00:00:00+00:00
[2024-11-09T23:04:27.279+0000] {processor.py:208} INFO - Processing /opt/airflow/dags/spotify_pipeline.py took 0.077 seconds
[2024-11-09T23:04:57.484+0000] {processor.py:186} INFO - Started process (PID=8065) to work on /opt/airflow/dags/spotify_pipeline.py
[2024-11-09T23:04:57.484+0000] {processor.py:914} INFO - Processing file /opt/airflow/dags/spotify_pipeline.py for tasks to queue
[2024-11-09T23:04:57.485+0000] {logging_mixin.py:190} INFO - [2024-11-09T23:04:57.485+0000] {dagbag.py:588} INFO - Filling up the DagBag from /opt/airflow/dags/spotify_pipeline.py
[2024-11-09T23:04:57.501+0000] {processor.py:925} INFO - DAG(s) 'spotify_pipeline' retrieved from /opt/airflow/dags/spotify_pipeline.py
[2024-11-09T23:04:57.522+0000] {logging_mixin.py:190} INFO - [2024-11-09T23:04:57.522+0000] {dag.py:3239} INFO - Sync 1 DAGs
[2024-11-09T23:04:57.541+0000] {logging_mixin.py:190} INFO - [2024-11-09T23:04:57.541+0000] {dag.py:4180} INFO - Setting next_dagrun for spotify_pipeline to 2024-11-09 00:00:00+00:00, run_after=2024-11-10 00:00:00+00:00
[2024-11-09T23:04:57.557+0000] {processor.py:208} INFO - Processing /opt/airflow/dags/spotify_pipeline.py took 0.078 seconds
[2024-11-09T23:05:27.762+0000] {processor.py:186} INFO - Started process (PID=8075) to work on /opt/airflow/dags/spotify_pipeline.py
[2024-11-09T23:05:27.763+0000] {processor.py:914} INFO - Processing file /opt/airflow/dags/spotify_pipeline.py for tasks to queue
[2024-11-09T23:05:27.764+0000] {logging_mixin.py:190} INFO - [2024-11-09T23:05:27.764+0000] {dagbag.py:588} INFO - Filling up the DagBag from /opt/airflow/dags/spotify_pipeline.py
[2024-11-09T23:05:27.782+0000] {processor.py:925} INFO - DAG(s) 'spotify_pipeline' retrieved from /opt/airflow/dags/spotify_pipeline.py
[2024-11-09T23:05:27.806+0000] {logging_mixin.py:190} INFO - [2024-11-09T23:05:27.806+0000] {dag.py:3239} INFO - Sync 1 DAGs
[2024-11-09T23:05:27.826+0000] {logging_mixin.py:190} INFO - [2024-11-09T23:05:27.826+0000] {dag.py:4180} INFO - Setting next_dagrun for spotify_pipeline to 2024-11-09 00:00:00+00:00, run_after=2024-11-10 00:00:00+00:00
[2024-11-09T23:05:27.842+0000] {processor.py:208} INFO - Processing /opt/airflow/dags/spotify_pipeline.py took 0.085 seconds
[2024-11-09T23:05:58.049+0000] {processor.py:186} INFO - Started process (PID=8085) to work on /opt/airflow/dags/spotify_pipeline.py
[2024-11-09T23:05:58.051+0000] {processor.py:914} INFO - Processing file /opt/airflow/dags/spotify_pipeline.py for tasks to queue
[2024-11-09T23:05:58.052+0000] {logging_mixin.py:190} INFO - [2024-11-09T23:05:58.052+0000] {dagbag.py:588} INFO - Filling up the DagBag from /opt/airflow/dags/spotify_pipeline.py
[2024-11-09T23:05:58.069+0000] {processor.py:925} INFO - DAG(s) 'spotify_pipeline' retrieved from /opt/airflow/dags/spotify_pipeline.py
[2024-11-09T23:05:58.094+0000] {logging_mixin.py:190} INFO - [2024-11-09T23:05:58.094+0000] {dag.py:3239} INFO - Sync 1 DAGs
[2024-11-09T23:05:58.116+0000] {logging_mixin.py:190} INFO - [2024-11-09T23:05:58.116+0000] {dag.py:4180} INFO - Setting next_dagrun for spotify_pipeline to 2024-11-09 00:00:00+00:00, run_after=2024-11-10 00:00:00+00:00
[2024-11-09T23:05:58.132+0000] {processor.py:208} INFO - Processing /opt/airflow/dags/spotify_pipeline.py took 0.087 seconds
[2024-11-09T23:06:28.329+0000] {processor.py:186} INFO - Started process (PID=8095) to work on /opt/airflow/dags/spotify_pipeline.py
[2024-11-09T23:06:28.330+0000] {processor.py:914} INFO - Processing file /opt/airflow/dags/spotify_pipeline.py for tasks to queue
[2024-11-09T23:06:28.332+0000] {logging_mixin.py:190} INFO - [2024-11-09T23:06:28.331+0000] {dagbag.py:588} INFO - Filling up the DagBag from /opt/airflow/dags/spotify_pipeline.py
[2024-11-09T23:06:28.350+0000] {processor.py:925} INFO - DAG(s) 'spotify_pipeline' retrieved from /opt/airflow/dags/spotify_pipeline.py
[2024-11-09T23:06:28.373+0000] {logging_mixin.py:190} INFO - [2024-11-09T23:06:28.372+0000] {dag.py:3239} INFO - Sync 1 DAGs
[2024-11-09T23:06:28.393+0000] {logging_mixin.py:190} INFO - [2024-11-09T23:06:28.393+0000] {dag.py:4180} INFO - Setting next_dagrun for spotify_pipeline to 2024-11-09 00:00:00+00:00, run_after=2024-11-10 00:00:00+00:00
[2024-11-09T23:06:28.408+0000] {processor.py:208} INFO - Processing /opt/airflow/dags/spotify_pipeline.py took 0.084 seconds
[2024-11-09T23:06:58.600+0000] {processor.py:186} INFO - Started process (PID=8105) to work on /opt/airflow/dags/spotify_pipeline.py
[2024-11-09T23:06:58.601+0000] {processor.py:914} INFO - Processing file /opt/airflow/dags/spotify_pipeline.py for tasks to queue
[2024-11-09T23:06:58.602+0000] {logging_mixin.py:190} INFO - [2024-11-09T23:06:58.602+0000] {dagbag.py:588} INFO - Filling up the DagBag from /opt/airflow/dags/spotify_pipeline.py
[2024-11-09T23:06:58.620+0000] {processor.py:925} INFO - DAG(s) 'spotify_pipeline' retrieved from /opt/airflow/dags/spotify_pipeline.py
[2024-11-09T23:06:58.644+0000] {logging_mixin.py:190} INFO - [2024-11-09T23:06:58.644+0000] {dag.py:3239} INFO - Sync 1 DAGs
[2024-11-09T23:06:58.664+0000] {logging_mixin.py:190} INFO - [2024-11-09T23:06:58.664+0000] {dag.py:4180} INFO - Setting next_dagrun for spotify_pipeline to 2024-11-09 00:00:00+00:00, run_after=2024-11-10 00:00:00+00:00
[2024-11-09T23:06:58.680+0000] {processor.py:208} INFO - Processing /opt/airflow/dags/spotify_pipeline.py took 0.085 seconds
[2024-11-09T23:07:28.875+0000] {processor.py:186} INFO - Started process (PID=8115) to work on /opt/airflow/dags/spotify_pipeline.py
[2024-11-09T23:07:28.876+0000] {processor.py:914} INFO - Processing file /opt/airflow/dags/spotify_pipeline.py for tasks to queue
[2024-11-09T23:07:28.877+0000] {logging_mixin.py:190} INFO - [2024-11-09T23:07:28.877+0000] {dagbag.py:588} INFO - Filling up the DagBag from /opt/airflow/dags/spotify_pipeline.py
[2024-11-09T23:07:28.895+0000] {processor.py:925} INFO - DAG(s) 'spotify_pipeline' retrieved from /opt/airflow/dags/spotify_pipeline.py
[2024-11-09T23:07:28.918+0000] {logging_mixin.py:190} INFO - [2024-11-09T23:07:28.918+0000] {dag.py:3239} INFO - Sync 1 DAGs
[2024-11-09T23:07:28.939+0000] {logging_mixin.py:190} INFO - [2024-11-09T23:07:28.939+0000] {dag.py:4180} INFO - Setting next_dagrun for spotify_pipeline to 2024-11-09 00:00:00+00:00, run_after=2024-11-10 00:00:00+00:00
[2024-11-09T23:07:28.955+0000] {processor.py:208} INFO - Processing /opt/airflow/dags/spotify_pipeline.py took 0.086 seconds
[2024-11-09T23:07:59.152+0000] {processor.py:186} INFO - Started process (PID=8125) to work on /opt/airflow/dags/spotify_pipeline.py
[2024-11-09T23:07:59.153+0000] {processor.py:914} INFO - Processing file /opt/airflow/dags/spotify_pipeline.py for tasks to queue
[2024-11-09T23:07:59.154+0000] {logging_mixin.py:190} INFO - [2024-11-09T23:07:59.154+0000] {dagbag.py:588} INFO - Filling up the DagBag from /opt/airflow/dags/spotify_pipeline.py
[2024-11-09T23:07:59.170+0000] {processor.py:925} INFO - DAG(s) 'spotify_pipeline' retrieved from /opt/airflow/dags/spotify_pipeline.py
[2024-11-09T23:07:59.194+0000] {logging_mixin.py:190} INFO - [2024-11-09T23:07:59.194+0000] {dag.py:3239} INFO - Sync 1 DAGs
[2024-11-09T23:07:59.215+0000] {logging_mixin.py:190} INFO - [2024-11-09T23:07:59.215+0000] {dag.py:4180} INFO - Setting next_dagrun for spotify_pipeline to 2024-11-09 00:00:00+00:00, run_after=2024-11-10 00:00:00+00:00
[2024-11-09T23:07:59.230+0000] {processor.py:208} INFO - Processing /opt/airflow/dags/spotify_pipeline.py took 0.082 seconds
[2024-11-09T23:08:29.422+0000] {processor.py:186} INFO - Started process (PID=8135) to work on /opt/airflow/dags/spotify_pipeline.py
[2024-11-09T23:08:29.423+0000] {processor.py:914} INFO - Processing file /opt/airflow/dags/spotify_pipeline.py for tasks to queue
[2024-11-09T23:08:29.424+0000] {logging_mixin.py:190} INFO - [2024-11-09T23:08:29.424+0000] {dagbag.py:588} INFO - Filling up the DagBag from /opt/airflow/dags/spotify_pipeline.py
[2024-11-09T23:08:29.440+0000] {processor.py:925} INFO - DAG(s) 'spotify_pipeline' retrieved from /opt/airflow/dags/spotify_pipeline.py
[2024-11-09T23:08:29.464+0000] {logging_mixin.py:190} INFO - [2024-11-09T23:08:29.463+0000] {dag.py:3239} INFO - Sync 1 DAGs
[2024-11-09T23:08:29.485+0000] {logging_mixin.py:190} INFO - [2024-11-09T23:08:29.485+0000] {dag.py:4180} INFO - Setting next_dagrun for spotify_pipeline to 2024-11-09 00:00:00+00:00, run_after=2024-11-10 00:00:00+00:00
[2024-11-09T23:08:29.502+0000] {processor.py:208} INFO - Processing /opt/airflow/dags/spotify_pipeline.py took 0.085 seconds
[2024-11-09T23:08:59.695+0000] {processor.py:186} INFO - Started process (PID=8145) to work on /opt/airflow/dags/spotify_pipeline.py
[2024-11-09T23:08:59.695+0000] {processor.py:914} INFO - Processing file /opt/airflow/dags/spotify_pipeline.py for tasks to queue
[2024-11-09T23:08:59.696+0000] {logging_mixin.py:190} INFO - [2024-11-09T23:08:59.696+0000] {dagbag.py:588} INFO - Filling up the DagBag from /opt/airflow/dags/spotify_pipeline.py
[2024-11-09T23:08:59.712+0000] {processor.py:925} INFO - DAG(s) 'spotify_pipeline' retrieved from /opt/airflow/dags/spotify_pipeline.py
[2024-11-09T23:08:59.734+0000] {logging_mixin.py:190} INFO - [2024-11-09T23:08:59.733+0000] {dag.py:3239} INFO - Sync 1 DAGs
[2024-11-09T23:08:59.753+0000] {logging_mixin.py:190} INFO - [2024-11-09T23:08:59.753+0000] {dag.py:4180} INFO - Setting next_dagrun for spotify_pipeline to 2024-11-09 00:00:00+00:00, run_after=2024-11-10 00:00:00+00:00
[2024-11-09T23:08:59.768+0000] {processor.py:208} INFO - Processing /opt/airflow/dags/spotify_pipeline.py took 0.077 seconds
[2024-11-09T23:09:29.999+0000] {processor.py:186} INFO - Started process (PID=8155) to work on /opt/airflow/dags/spotify_pipeline.py
[2024-11-09T23:09:30.000+0000] {processor.py:914} INFO - Processing file /opt/airflow/dags/spotify_pipeline.py for tasks to queue
[2024-11-09T23:09:30.001+0000] {logging_mixin.py:190} INFO - [2024-11-09T23:09:30.001+0000] {dagbag.py:588} INFO - Filling up the DagBag from /opt/airflow/dags/spotify_pipeline.py
[2024-11-09T23:09:30.019+0000] {processor.py:925} INFO - DAG(s) 'spotify_pipeline' retrieved from /opt/airflow/dags/spotify_pipeline.py
[2024-11-09T23:09:30.044+0000] {logging_mixin.py:190} INFO - [2024-11-09T23:09:30.043+0000] {dag.py:3239} INFO - Sync 1 DAGs
[2024-11-09T23:09:30.065+0000] {logging_mixin.py:190} INFO - [2024-11-09T23:09:30.065+0000] {dag.py:4180} INFO - Setting next_dagrun for spotify_pipeline to 2024-11-09 00:00:00+00:00, run_after=2024-11-10 00:00:00+00:00
[2024-11-09T23:09:30.080+0000] {processor.py:208} INFO - Processing /opt/airflow/dags/spotify_pipeline.py took 0.086 seconds
[2024-11-09T23:10:00.278+0000] {processor.py:186} INFO - Started process (PID=8165) to work on /opt/airflow/dags/spotify_pipeline.py
[2024-11-09T23:10:00.279+0000] {processor.py:914} INFO - Processing file /opt/airflow/dags/spotify_pipeline.py for tasks to queue
[2024-11-09T23:10:00.280+0000] {logging_mixin.py:190} INFO - [2024-11-09T23:10:00.280+0000] {dagbag.py:588} INFO - Filling up the DagBag from /opt/airflow/dags/spotify_pipeline.py
[2024-11-09T23:10:00.297+0000] {processor.py:925} INFO - DAG(s) 'spotify_pipeline' retrieved from /opt/airflow/dags/spotify_pipeline.py
[2024-11-09T23:10:00.318+0000] {logging_mixin.py:190} INFO - [2024-11-09T23:10:00.318+0000] {dag.py:3239} INFO - Sync 1 DAGs
[2024-11-09T23:10:00.339+0000] {logging_mixin.py:190} INFO - [2024-11-09T23:10:00.338+0000] {dag.py:4180} INFO - Setting next_dagrun for spotify_pipeline to 2024-11-09 00:00:00+00:00, run_after=2024-11-10 00:00:00+00:00
[2024-11-09T23:10:00.356+0000] {processor.py:208} INFO - Processing /opt/airflow/dags/spotify_pipeline.py took 0.083 seconds
[2024-11-09T23:10:30.563+0000] {processor.py:186} INFO - Started process (PID=8175) to work on /opt/airflow/dags/spotify_pipeline.py
[2024-11-09T23:10:30.564+0000] {processor.py:914} INFO - Processing file /opt/airflow/dags/spotify_pipeline.py for tasks to queue
[2024-11-09T23:10:30.565+0000] {logging_mixin.py:190} INFO - [2024-11-09T23:10:30.565+0000] {dagbag.py:588} INFO - Filling up the DagBag from /opt/airflow/dags/spotify_pipeline.py
[2024-11-09T23:10:30.581+0000] {processor.py:925} INFO - DAG(s) 'spotify_pipeline' retrieved from /opt/airflow/dags/spotify_pipeline.py
[2024-11-09T23:10:30.605+0000] {logging_mixin.py:190} INFO - [2024-11-09T23:10:30.604+0000] {dag.py:3239} INFO - Sync 1 DAGs
[2024-11-09T23:10:30.625+0000] {logging_mixin.py:190} INFO - [2024-11-09T23:10:30.625+0000] {dag.py:4180} INFO - Setting next_dagrun for spotify_pipeline to 2024-11-09 00:00:00+00:00, run_after=2024-11-10 00:00:00+00:00
[2024-11-09T23:10:30.654+0000] {processor.py:208} INFO - Processing /opt/airflow/dags/spotify_pipeline.py took 0.096 seconds
[2024-11-09T23:11:00.847+0000] {processor.py:186} INFO - Started process (PID=8185) to work on /opt/airflow/dags/spotify_pipeline.py
[2024-11-09T23:11:00.847+0000] {processor.py:914} INFO - Processing file /opt/airflow/dags/spotify_pipeline.py for tasks to queue
[2024-11-09T23:11:00.848+0000] {logging_mixin.py:190} INFO - [2024-11-09T23:11:00.848+0000] {dagbag.py:588} INFO - Filling up the DagBag from /opt/airflow/dags/spotify_pipeline.py
[2024-11-09T23:11:00.864+0000] {processor.py:925} INFO - DAG(s) 'spotify_pipeline' retrieved from /opt/airflow/dags/spotify_pipeline.py
[2024-11-09T23:11:00.887+0000] {logging_mixin.py:190} INFO - [2024-11-09T23:11:00.887+0000] {dag.py:3239} INFO - Sync 1 DAGs
[2024-11-09T23:11:00.908+0000] {logging_mixin.py:190} INFO - [2024-11-09T23:11:00.908+0000] {dag.py:4180} INFO - Setting next_dagrun for spotify_pipeline to 2024-11-09 00:00:00+00:00, run_after=2024-11-10 00:00:00+00:00
[2024-11-09T23:11:00.925+0000] {processor.py:208} INFO - Processing /opt/airflow/dags/spotify_pipeline.py took 0.082 seconds
[2024-11-09T23:11:31.142+0000] {processor.py:186} INFO - Started process (PID=8195) to work on /opt/airflow/dags/spotify_pipeline.py
[2024-11-09T23:11:31.143+0000] {processor.py:914} INFO - Processing file /opt/airflow/dags/spotify_pipeline.py for tasks to queue
[2024-11-09T23:11:31.144+0000] {logging_mixin.py:190} INFO - [2024-11-09T23:11:31.144+0000] {dagbag.py:588} INFO - Filling up the DagBag from /opt/airflow/dags/spotify_pipeline.py
[2024-11-09T23:11:31.162+0000] {processor.py:925} INFO - DAG(s) 'spotify_pipeline' retrieved from /opt/airflow/dags/spotify_pipeline.py
[2024-11-09T23:11:31.186+0000] {logging_mixin.py:190} INFO - [2024-11-09T23:11:31.186+0000] {dag.py:3239} INFO - Sync 1 DAGs
[2024-11-09T23:11:31.208+0000] {logging_mixin.py:190} INFO - [2024-11-09T23:11:31.208+0000] {dag.py:4180} INFO - Setting next_dagrun for spotify_pipeline to 2024-11-09 00:00:00+00:00, run_after=2024-11-10 00:00:00+00:00
[2024-11-09T23:11:31.224+0000] {processor.py:208} INFO - Processing /opt/airflow/dags/spotify_pipeline.py took 0.087 seconds
[2024-11-09T23:12:01.408+0000] {processor.py:186} INFO - Started process (PID=8205) to work on /opt/airflow/dags/spotify_pipeline.py
[2024-11-09T23:12:01.409+0000] {processor.py:914} INFO - Processing file /opt/airflow/dags/spotify_pipeline.py for tasks to queue
[2024-11-09T23:12:01.410+0000] {logging_mixin.py:190} INFO - [2024-11-09T23:12:01.409+0000] {dagbag.py:588} INFO - Filling up the DagBag from /opt/airflow/dags/spotify_pipeline.py
[2024-11-09T23:12:01.426+0000] {processor.py:925} INFO - DAG(s) 'spotify_pipeline' retrieved from /opt/airflow/dags/spotify_pipeline.py
[2024-11-09T23:12:01.448+0000] {logging_mixin.py:190} INFO - [2024-11-09T23:12:01.447+0000] {dag.py:3239} INFO - Sync 1 DAGs
[2024-11-09T23:12:01.467+0000] {logging_mixin.py:190} INFO - [2024-11-09T23:12:01.467+0000] {dag.py:4180} INFO - Setting next_dagrun for spotify_pipeline to 2024-11-09 00:00:00+00:00, run_after=2024-11-10 00:00:00+00:00
[2024-11-09T23:12:01.483+0000] {processor.py:208} INFO - Processing /opt/airflow/dags/spotify_pipeline.py took 0.080 seconds
[2024-11-09T23:12:31.677+0000] {processor.py:186} INFO - Started process (PID=8215) to work on /opt/airflow/dags/spotify_pipeline.py
[2024-11-09T23:12:31.678+0000] {processor.py:914} INFO - Processing file /opt/airflow/dags/spotify_pipeline.py for tasks to queue
[2024-11-09T23:12:31.679+0000] {logging_mixin.py:190} INFO - [2024-11-09T23:12:31.679+0000] {dagbag.py:588} INFO - Filling up the DagBag from /opt/airflow/dags/spotify_pipeline.py
[2024-11-09T23:12:31.696+0000] {processor.py:925} INFO - DAG(s) 'spotify_pipeline' retrieved from /opt/airflow/dags/spotify_pipeline.py
[2024-11-09T23:12:31.721+0000] {logging_mixin.py:190} INFO - [2024-11-09T23:12:31.721+0000] {dag.py:3239} INFO - Sync 1 DAGs
[2024-11-09T23:12:31.741+0000] {logging_mixin.py:190} INFO - [2024-11-09T23:12:31.741+0000] {dag.py:4180} INFO - Setting next_dagrun for spotify_pipeline to 2024-11-09 00:00:00+00:00, run_after=2024-11-10 00:00:00+00:00
[2024-11-09T23:12:31.756+0000] {processor.py:208} INFO - Processing /opt/airflow/dags/spotify_pipeline.py took 0.084 seconds
[2024-11-09T23:13:01.965+0000] {processor.py:186} INFO - Started process (PID=8225) to work on /opt/airflow/dags/spotify_pipeline.py
[2024-11-09T23:13:01.966+0000] {processor.py:914} INFO - Processing file /opt/airflow/dags/spotify_pipeline.py for tasks to queue
[2024-11-09T23:13:01.967+0000] {logging_mixin.py:190} INFO - [2024-11-09T23:13:01.966+0000] {dagbag.py:588} INFO - Filling up the DagBag from /opt/airflow/dags/spotify_pipeline.py
[2024-11-09T23:13:01.983+0000] {processor.py:925} INFO - DAG(s) 'spotify_pipeline' retrieved from /opt/airflow/dags/spotify_pipeline.py
[2024-11-09T23:13:02.007+0000] {logging_mixin.py:190} INFO - [2024-11-09T23:13:02.007+0000] {dag.py:3239} INFO - Sync 1 DAGs
[2024-11-09T23:13:02.026+0000] {logging_mixin.py:190} INFO - [2024-11-09T23:13:02.026+0000] {dag.py:4180} INFO - Setting next_dagrun for spotify_pipeline to 2024-11-09 00:00:00+00:00, run_after=2024-11-10 00:00:00+00:00
[2024-11-09T23:13:02.042+0000] {processor.py:208} INFO - Processing /opt/airflow/dags/spotify_pipeline.py took 0.081 seconds
[2024-11-09T23:13:32.238+0000] {processor.py:186} INFO - Started process (PID=8235) to work on /opt/airflow/dags/spotify_pipeline.py
[2024-11-09T23:13:32.239+0000] {processor.py:914} INFO - Processing file /opt/airflow/dags/spotify_pipeline.py for tasks to queue
[2024-11-09T23:13:32.240+0000] {logging_mixin.py:190} INFO - [2024-11-09T23:13:32.240+0000] {dagbag.py:588} INFO - Filling up the DagBag from /opt/airflow/dags/spotify_pipeline.py
[2024-11-09T23:13:32.256+0000] {processor.py:925} INFO - DAG(s) 'spotify_pipeline' retrieved from /opt/airflow/dags/spotify_pipeline.py
[2024-11-09T23:13:32.279+0000] {logging_mixin.py:190} INFO - [2024-11-09T23:13:32.279+0000] {dag.py:3239} INFO - Sync 1 DAGs
[2024-11-09T23:13:32.298+0000] {logging_mixin.py:190} INFO - [2024-11-09T23:13:32.298+0000] {dag.py:4180} INFO - Setting next_dagrun for spotify_pipeline to 2024-11-09 00:00:00+00:00, run_after=2024-11-10 00:00:00+00:00
[2024-11-09T23:13:32.328+0000] {processor.py:208} INFO - Processing /opt/airflow/dags/spotify_pipeline.py took 0.093 seconds
[2024-11-09T23:14:02.512+0000] {processor.py:186} INFO - Started process (PID=8245) to work on /opt/airflow/dags/spotify_pipeline.py
[2024-11-09T23:14:02.513+0000] {processor.py:914} INFO - Processing file /opt/airflow/dags/spotify_pipeline.py for tasks to queue
[2024-11-09T23:14:02.514+0000] {logging_mixin.py:190} INFO - [2024-11-09T23:14:02.514+0000] {dagbag.py:588} INFO - Filling up the DagBag from /opt/airflow/dags/spotify_pipeline.py
[2024-11-09T23:14:02.531+0000] {processor.py:925} INFO - DAG(s) 'spotify_pipeline' retrieved from /opt/airflow/dags/spotify_pipeline.py
[2024-11-09T23:14:02.553+0000] {logging_mixin.py:190} INFO - [2024-11-09T23:14:02.552+0000] {dag.py:3239} INFO - Sync 1 DAGs
[2024-11-09T23:14:02.572+0000] {logging_mixin.py:190} INFO - [2024-11-09T23:14:02.572+0000] {dag.py:4180} INFO - Setting next_dagrun for spotify_pipeline to 2024-11-09 00:00:00+00:00, run_after=2024-11-10 00:00:00+00:00
[2024-11-09T23:14:02.588+0000] {processor.py:208} INFO - Processing /opt/airflow/dags/spotify_pipeline.py took 0.079 seconds
[2024-11-09T23:14:32.823+0000] {processor.py:186} INFO - Started process (PID=8255) to work on /opt/airflow/dags/spotify_pipeline.py
[2024-11-09T23:14:32.825+0000] {processor.py:914} INFO - Processing file /opt/airflow/dags/spotify_pipeline.py for tasks to queue
[2024-11-09T23:14:32.826+0000] {logging_mixin.py:190} INFO - [2024-11-09T23:14:32.826+0000] {dagbag.py:588} INFO - Filling up the DagBag from /opt/airflow/dags/spotify_pipeline.py
[2024-11-09T23:14:32.845+0000] {processor.py:925} INFO - DAG(s) 'spotify_pipeline' retrieved from /opt/airflow/dags/spotify_pipeline.py
[2024-11-09T23:14:32.871+0000] {logging_mixin.py:190} INFO - [2024-11-09T23:14:32.871+0000] {dag.py:3239} INFO - Sync 1 DAGs
[2024-11-09T23:14:32.893+0000] {logging_mixin.py:190} INFO - [2024-11-09T23:14:32.893+0000] {dag.py:4180} INFO - Setting next_dagrun for spotify_pipeline to 2024-11-09 00:00:00+00:00, run_after=2024-11-10 00:00:00+00:00
[2024-11-09T23:14:32.911+0000] {processor.py:208} INFO - Processing /opt/airflow/dags/spotify_pipeline.py took 0.093 seconds
[2024-11-09T23:15:03.102+0000] {processor.py:186} INFO - Started process (PID=8265) to work on /opt/airflow/dags/spotify_pipeline.py
[2024-11-09T23:15:03.103+0000] {processor.py:914} INFO - Processing file /opt/airflow/dags/spotify_pipeline.py for tasks to queue
[2024-11-09T23:15:03.104+0000] {logging_mixin.py:190} INFO - [2024-11-09T23:15:03.104+0000] {dagbag.py:588} INFO - Filling up the DagBag from /opt/airflow/dags/spotify_pipeline.py
[2024-11-09T23:15:03.122+0000] {processor.py:925} INFO - DAG(s) 'spotify_pipeline' retrieved from /opt/airflow/dags/spotify_pipeline.py
[2024-11-09T23:15:03.146+0000] {logging_mixin.py:190} INFO - [2024-11-09T23:15:03.146+0000] {dag.py:3239} INFO - Sync 1 DAGs
[2024-11-09T23:15:03.167+0000] {logging_mixin.py:190} INFO - [2024-11-09T23:15:03.166+0000] {dag.py:4180} INFO - Setting next_dagrun for spotify_pipeline to 2024-11-09 00:00:00+00:00, run_after=2024-11-10 00:00:00+00:00
[2024-11-09T23:15:03.183+0000] {processor.py:208} INFO - Processing /opt/airflow/dags/spotify_pipeline.py took 0.086 seconds
[2024-11-09T23:15:33.376+0000] {processor.py:186} INFO - Started process (PID=8275) to work on /opt/airflow/dags/spotify_pipeline.py
[2024-11-09T23:15:33.378+0000] {processor.py:914} INFO - Processing file /opt/airflow/dags/spotify_pipeline.py for tasks to queue
[2024-11-09T23:15:33.379+0000] {logging_mixin.py:190} INFO - [2024-11-09T23:15:33.379+0000] {dagbag.py:588} INFO - Filling up the DagBag from /opt/airflow/dags/spotify_pipeline.py
[2024-11-09T23:15:33.396+0000] {processor.py:925} INFO - DAG(s) 'spotify_pipeline' retrieved from /opt/airflow/dags/spotify_pipeline.py
[2024-11-09T23:15:33.420+0000] {logging_mixin.py:190} INFO - [2024-11-09T23:15:33.420+0000] {dag.py:3239} INFO - Sync 1 DAGs
[2024-11-09T23:15:33.442+0000] {logging_mixin.py:190} INFO - [2024-11-09T23:15:33.442+0000] {dag.py:4180} INFO - Setting next_dagrun for spotify_pipeline to 2024-11-09 00:00:00+00:00, run_after=2024-11-10 00:00:00+00:00
[2024-11-09T23:15:33.458+0000] {processor.py:208} INFO - Processing /opt/airflow/dags/spotify_pipeline.py took 0.087 seconds
[2024-11-09T23:16:03.650+0000] {processor.py:186} INFO - Started process (PID=8285) to work on /opt/airflow/dags/spotify_pipeline.py
[2024-11-09T23:16:03.651+0000] {processor.py:914} INFO - Processing file /opt/airflow/dags/spotify_pipeline.py for tasks to queue
[2024-11-09T23:16:03.652+0000] {logging_mixin.py:190} INFO - [2024-11-09T23:16:03.652+0000] {dagbag.py:588} INFO - Filling up the DagBag from /opt/airflow/dags/spotify_pipeline.py
[2024-11-09T23:16:03.671+0000] {processor.py:925} INFO - DAG(s) 'spotify_pipeline' retrieved from /opt/airflow/dags/spotify_pipeline.py
[2024-11-09T23:16:03.695+0000] {logging_mixin.py:190} INFO - [2024-11-09T23:16:03.695+0000] {dag.py:3239} INFO - Sync 1 DAGs
[2024-11-09T23:16:03.717+0000] {logging_mixin.py:190} INFO - [2024-11-09T23:16:03.717+0000] {dag.py:4180} INFO - Setting next_dagrun for spotify_pipeline to 2024-11-09 00:00:00+00:00, run_after=2024-11-10 00:00:00+00:00
[2024-11-09T23:16:03.735+0000] {processor.py:208} INFO - Processing /opt/airflow/dags/spotify_pipeline.py took 0.090 seconds
[2024-11-09T23:16:33.920+0000] {processor.py:186} INFO - Started process (PID=8295) to work on /opt/airflow/dags/spotify_pipeline.py
[2024-11-09T23:16:33.921+0000] {processor.py:914} INFO - Processing file /opt/airflow/dags/spotify_pipeline.py for tasks to queue
[2024-11-09T23:16:33.922+0000] {logging_mixin.py:190} INFO - [2024-11-09T23:16:33.921+0000] {dagbag.py:588} INFO - Filling up the DagBag from /opt/airflow/dags/spotify_pipeline.py
[2024-11-09T23:16:33.938+0000] {processor.py:925} INFO - DAG(s) 'spotify_pipeline' retrieved from /opt/airflow/dags/spotify_pipeline.py
[2024-11-09T23:16:33.961+0000] {logging_mixin.py:190} INFO - [2024-11-09T23:16:33.961+0000] {dag.py:3239} INFO - Sync 1 DAGs
[2024-11-09T23:16:33.982+0000] {logging_mixin.py:190} INFO - [2024-11-09T23:16:33.982+0000] {dag.py:4180} INFO - Setting next_dagrun for spotify_pipeline to 2024-11-09 00:00:00+00:00, run_after=2024-11-10 00:00:00+00:00
[2024-11-09T23:16:33.998+0000] {processor.py:208} INFO - Processing /opt/airflow/dags/spotify_pipeline.py took 0.082 seconds
[2024-11-09T23:17:04.193+0000] {processor.py:186} INFO - Started process (PID=8305) to work on /opt/airflow/dags/spotify_pipeline.py
[2024-11-09T23:17:04.194+0000] {processor.py:914} INFO - Processing file /opt/airflow/dags/spotify_pipeline.py for tasks to queue
[2024-11-09T23:17:04.195+0000] {logging_mixin.py:190} INFO - [2024-11-09T23:17:04.195+0000] {dagbag.py:588} INFO - Filling up the DagBag from /opt/airflow/dags/spotify_pipeline.py
[2024-11-09T23:17:04.212+0000] {processor.py:925} INFO - DAG(s) 'spotify_pipeline' retrieved from /opt/airflow/dags/spotify_pipeline.py
[2024-11-09T23:17:04.236+0000] {logging_mixin.py:190} INFO - [2024-11-09T23:17:04.236+0000] {dag.py:3239} INFO - Sync 1 DAGs
[2024-11-09T23:17:04.257+0000] {logging_mixin.py:190} INFO - [2024-11-09T23:17:04.257+0000] {dag.py:4180} INFO - Setting next_dagrun for spotify_pipeline to 2024-11-09 00:00:00+00:00, run_after=2024-11-10 00:00:00+00:00
[2024-11-09T23:17:04.274+0000] {processor.py:208} INFO - Processing /opt/airflow/dags/spotify_pipeline.py took 0.085 seconds
[2024-11-09T23:17:34.480+0000] {processor.py:186} INFO - Started process (PID=8315) to work on /opt/airflow/dags/spotify_pipeline.py
[2024-11-09T23:17:34.481+0000] {processor.py:914} INFO - Processing file /opt/airflow/dags/spotify_pipeline.py for tasks to queue
[2024-11-09T23:17:34.482+0000] {logging_mixin.py:190} INFO - [2024-11-09T23:17:34.482+0000] {dagbag.py:588} INFO - Filling up the DagBag from /opt/airflow/dags/spotify_pipeline.py
[2024-11-09T23:17:34.500+0000] {processor.py:925} INFO - DAG(s) 'spotify_pipeline' retrieved from /opt/airflow/dags/spotify_pipeline.py
[2024-11-09T23:17:34.523+0000] {logging_mixin.py:190} INFO - [2024-11-09T23:17:34.523+0000] {dag.py:3239} INFO - Sync 1 DAGs
[2024-11-09T23:17:34.544+0000] {logging_mixin.py:190} INFO - [2024-11-09T23:17:34.543+0000] {dag.py:4180} INFO - Setting next_dagrun for spotify_pipeline to 2024-11-09 00:00:00+00:00, run_after=2024-11-10 00:00:00+00:00
[2024-11-09T23:17:34.561+0000] {processor.py:208} INFO - Processing /opt/airflow/dags/spotify_pipeline.py took 0.086 seconds
[2024-11-09T23:18:04.762+0000] {processor.py:186} INFO - Started process (PID=8325) to work on /opt/airflow/dags/spotify_pipeline.py
[2024-11-09T23:18:04.763+0000] {processor.py:914} INFO - Processing file /opt/airflow/dags/spotify_pipeline.py for tasks to queue
[2024-11-09T23:18:04.766+0000] {logging_mixin.py:190} INFO - [2024-11-09T23:18:04.766+0000] {dagbag.py:588} INFO - Filling up the DagBag from /opt/airflow/dags/spotify_pipeline.py
[2024-11-09T23:18:04.784+0000] {processor.py:925} INFO - DAG(s) 'spotify_pipeline' retrieved from /opt/airflow/dags/spotify_pipeline.py
[2024-11-09T23:18:04.810+0000] {logging_mixin.py:190} INFO - [2024-11-09T23:18:04.810+0000] {dag.py:3239} INFO - Sync 1 DAGs
[2024-11-09T23:18:04.833+0000] {logging_mixin.py:190} INFO - [2024-11-09T23:18:04.833+0000] {dag.py:4180} INFO - Setting next_dagrun for spotify_pipeline to 2024-11-09 00:00:00+00:00, run_after=2024-11-10 00:00:00+00:00
[2024-11-09T23:18:04.864+0000] {processor.py:208} INFO - Processing /opt/airflow/dags/spotify_pipeline.py took 0.106 seconds
[2024-11-09T23:18:35.045+0000] {processor.py:186} INFO - Started process (PID=8335) to work on /opt/airflow/dags/spotify_pipeline.py
[2024-11-09T23:18:35.046+0000] {processor.py:914} INFO - Processing file /opt/airflow/dags/spotify_pipeline.py for tasks to queue
[2024-11-09T23:18:35.047+0000] {logging_mixin.py:190} INFO - [2024-11-09T23:18:35.046+0000] {dagbag.py:588} INFO - Filling up the DagBag from /opt/airflow/dags/spotify_pipeline.py
[2024-11-09T23:18:35.063+0000] {processor.py:925} INFO - DAG(s) 'spotify_pipeline' retrieved from /opt/airflow/dags/spotify_pipeline.py
[2024-11-09T23:18:35.085+0000] {logging_mixin.py:190} INFO - [2024-11-09T23:18:35.085+0000] {dag.py:3239} INFO - Sync 1 DAGs
[2024-11-09T23:18:35.105+0000] {logging_mixin.py:190} INFO - [2024-11-09T23:18:35.104+0000] {dag.py:4180} INFO - Setting next_dagrun for spotify_pipeline to 2024-11-09 00:00:00+00:00, run_after=2024-11-10 00:00:00+00:00
[2024-11-09T23:18:35.121+0000] {processor.py:208} INFO - Processing /opt/airflow/dags/spotify_pipeline.py took 0.080 seconds
[2024-11-09T23:19:05.318+0000] {processor.py:186} INFO - Started process (PID=8345) to work on /opt/airflow/dags/spotify_pipeline.py
[2024-11-09T23:19:05.319+0000] {processor.py:914} INFO - Processing file /opt/airflow/dags/spotify_pipeline.py for tasks to queue
[2024-11-09T23:19:05.320+0000] {logging_mixin.py:190} INFO - [2024-11-09T23:19:05.320+0000] {dagbag.py:588} INFO - Filling up the DagBag from /opt/airflow/dags/spotify_pipeline.py
[2024-11-09T23:19:05.336+0000] {processor.py:925} INFO - DAG(s) 'spotify_pipeline' retrieved from /opt/airflow/dags/spotify_pipeline.py
[2024-11-09T23:19:05.363+0000] {logging_mixin.py:190} INFO - [2024-11-09T23:19:05.363+0000] {dag.py:3239} INFO - Sync 1 DAGs
[2024-11-09T23:19:05.385+0000] {logging_mixin.py:190} INFO - [2024-11-09T23:19:05.384+0000] {dag.py:4180} INFO - Setting next_dagrun for spotify_pipeline to 2024-11-09 00:00:00+00:00, run_after=2024-11-10 00:00:00+00:00
[2024-11-09T23:19:05.402+0000] {processor.py:208} INFO - Processing /opt/airflow/dags/spotify_pipeline.py took 0.088 seconds
[2024-11-09T23:19:35.614+0000] {processor.py:186} INFO - Started process (PID=8355) to work on /opt/airflow/dags/spotify_pipeline.py
[2024-11-09T23:19:35.615+0000] {processor.py:914} INFO - Processing file /opt/airflow/dags/spotify_pipeline.py for tasks to queue
[2024-11-09T23:19:35.617+0000] {logging_mixin.py:190} INFO - [2024-11-09T23:19:35.616+0000] {dagbag.py:588} INFO - Filling up the DagBag from /opt/airflow/dags/spotify_pipeline.py
[2024-11-09T23:19:35.634+0000] {processor.py:925} INFO - DAG(s) 'spotify_pipeline' retrieved from /opt/airflow/dags/spotify_pipeline.py
[2024-11-09T23:19:35.658+0000] {logging_mixin.py:190} INFO - [2024-11-09T23:19:35.658+0000] {dag.py:3239} INFO - Sync 1 DAGs
[2024-11-09T23:19:35.678+0000] {logging_mixin.py:190} INFO - [2024-11-09T23:19:35.678+0000] {dag.py:4180} INFO - Setting next_dagrun for spotify_pipeline to 2024-11-09 00:00:00+00:00, run_after=2024-11-10 00:00:00+00:00
[2024-11-09T23:19:35.710+0000] {processor.py:208} INFO - Processing /opt/airflow/dags/spotify_pipeline.py took 0.101 seconds
[2024-11-09T23:20:05.900+0000] {processor.py:186} INFO - Started process (PID=8365) to work on /opt/airflow/dags/spotify_pipeline.py
[2024-11-09T23:20:05.901+0000] {processor.py:914} INFO - Processing file /opt/airflow/dags/spotify_pipeline.py for tasks to queue
[2024-11-09T23:20:05.903+0000] {logging_mixin.py:190} INFO - [2024-11-09T23:20:05.902+0000] {dagbag.py:588} INFO - Filling up the DagBag from /opt/airflow/dags/spotify_pipeline.py
[2024-11-09T23:20:05.921+0000] {processor.py:925} INFO - DAG(s) 'spotify_pipeline' retrieved from /opt/airflow/dags/spotify_pipeline.py
[2024-11-09T23:20:05.943+0000] {logging_mixin.py:190} INFO - [2024-11-09T23:20:05.943+0000] {dag.py:3239} INFO - Sync 1 DAGs
[2024-11-09T23:20:05.963+0000] {logging_mixin.py:190} INFO - [2024-11-09T23:20:05.963+0000] {dag.py:4180} INFO - Setting next_dagrun for spotify_pipeline to 2024-11-09 00:00:00+00:00, run_after=2024-11-10 00:00:00+00:00
[2024-11-09T23:20:05.977+0000] {processor.py:208} INFO - Processing /opt/airflow/dags/spotify_pipeline.py took 0.082 seconds
[2024-11-09T23:20:36.181+0000] {processor.py:186} INFO - Started process (PID=8375) to work on /opt/airflow/dags/spotify_pipeline.py
[2024-11-09T23:20:36.181+0000] {processor.py:914} INFO - Processing file /opt/airflow/dags/spotify_pipeline.py for tasks to queue
[2024-11-09T23:20:36.182+0000] {logging_mixin.py:190} INFO - [2024-11-09T23:20:36.182+0000] {dagbag.py:588} INFO - Filling up the DagBag from /opt/airflow/dags/spotify_pipeline.py
[2024-11-09T23:20:36.201+0000] {processor.py:925} INFO - DAG(s) 'spotify_pipeline' retrieved from /opt/airflow/dags/spotify_pipeline.py
[2024-11-09T23:20:36.224+0000] {logging_mixin.py:190} INFO - [2024-11-09T23:20:36.224+0000] {dag.py:3239} INFO - Sync 1 DAGs
[2024-11-09T23:20:36.243+0000] {logging_mixin.py:190} INFO - [2024-11-09T23:20:36.243+0000] {dag.py:4180} INFO - Setting next_dagrun for spotify_pipeline to 2024-11-09 00:00:00+00:00, run_after=2024-11-10 00:00:00+00:00
[2024-11-09T23:20:36.259+0000] {processor.py:208} INFO - Processing /opt/airflow/dags/spotify_pipeline.py took 0.083 seconds
[2024-11-09T23:21:06.466+0000] {processor.py:186} INFO - Started process (PID=8385) to work on /opt/airflow/dags/spotify_pipeline.py
[2024-11-09T23:21:06.467+0000] {processor.py:914} INFO - Processing file /opt/airflow/dags/spotify_pipeline.py for tasks to queue
[2024-11-09T23:21:06.469+0000] {logging_mixin.py:190} INFO - [2024-11-09T23:21:06.468+0000] {dagbag.py:588} INFO - Filling up the DagBag from /opt/airflow/dags/spotify_pipeline.py
[2024-11-09T23:21:06.487+0000] {processor.py:925} INFO - DAG(s) 'spotify_pipeline' retrieved from /opt/airflow/dags/spotify_pipeline.py
[2024-11-09T23:21:06.511+0000] {logging_mixin.py:190} INFO - [2024-11-09T23:21:06.511+0000] {dag.py:3239} INFO - Sync 1 DAGs
[2024-11-09T23:21:06.531+0000] {logging_mixin.py:190} INFO - [2024-11-09T23:21:06.531+0000] {dag.py:4180} INFO - Setting next_dagrun for spotify_pipeline to 2024-11-09 00:00:00+00:00, run_after=2024-11-10 00:00:00+00:00
[2024-11-09T23:21:06.546+0000] {processor.py:208} INFO - Processing /opt/airflow/dags/spotify_pipeline.py took 0.085 seconds
[2024-11-09T23:21:36.744+0000] {processor.py:186} INFO - Started process (PID=8395) to work on /opt/airflow/dags/spotify_pipeline.py
[2024-11-09T23:21:36.745+0000] {processor.py:914} INFO - Processing file /opt/airflow/dags/spotify_pipeline.py for tasks to queue
[2024-11-09T23:21:36.747+0000] {logging_mixin.py:190} INFO - [2024-11-09T23:21:36.746+0000] {dagbag.py:588} INFO - Filling up the DagBag from /opt/airflow/dags/spotify_pipeline.py
[2024-11-09T23:21:36.764+0000] {processor.py:925} INFO - DAG(s) 'spotify_pipeline' retrieved from /opt/airflow/dags/spotify_pipeline.py
[2024-11-09T23:21:36.789+0000] {logging_mixin.py:190} INFO - [2024-11-09T23:21:36.788+0000] {dag.py:3239} INFO - Sync 1 DAGs
[2024-11-09T23:21:36.810+0000] {logging_mixin.py:190} INFO - [2024-11-09T23:21:36.810+0000] {dag.py:4180} INFO - Setting next_dagrun for spotify_pipeline to 2024-11-09 00:00:00+00:00, run_after=2024-11-10 00:00:00+00:00
[2024-11-09T23:21:36.830+0000] {processor.py:208} INFO - Processing /opt/airflow/dags/spotify_pipeline.py took 0.092 seconds
[2024-11-09T23:22:07.037+0000] {processor.py:186} INFO - Started process (PID=8405) to work on /opt/airflow/dags/spotify_pipeline.py
[2024-11-09T23:22:07.038+0000] {processor.py:914} INFO - Processing file /opt/airflow/dags/spotify_pipeline.py for tasks to queue
[2024-11-09T23:22:07.039+0000] {logging_mixin.py:190} INFO - [2024-11-09T23:22:07.039+0000] {dagbag.py:588} INFO - Filling up the DagBag from /opt/airflow/dags/spotify_pipeline.py
[2024-11-09T23:22:07.057+0000] {processor.py:925} INFO - DAG(s) 'spotify_pipeline' retrieved from /opt/airflow/dags/spotify_pipeline.py
[2024-11-09T23:22:07.081+0000] {logging_mixin.py:190} INFO - [2024-11-09T23:22:07.081+0000] {dag.py:3239} INFO - Sync 1 DAGs
[2024-11-09T23:22:07.102+0000] {logging_mixin.py:190} INFO - [2024-11-09T23:22:07.102+0000] {dag.py:4180} INFO - Setting next_dagrun for spotify_pipeline to 2024-11-09 00:00:00+00:00, run_after=2024-11-10 00:00:00+00:00
[2024-11-09T23:22:07.118+0000] {processor.py:208} INFO - Processing /opt/airflow/dags/spotify_pipeline.py took 0.086 seconds
[2024-11-09T23:22:37.319+0000] {processor.py:186} INFO - Started process (PID=8415) to work on /opt/airflow/dags/spotify_pipeline.py
[2024-11-09T23:22:37.320+0000] {processor.py:914} INFO - Processing file /opt/airflow/dags/spotify_pipeline.py for tasks to queue
[2024-11-09T23:22:37.321+0000] {logging_mixin.py:190} INFO - [2024-11-09T23:22:37.321+0000] {dagbag.py:588} INFO - Filling up the DagBag from /opt/airflow/dags/spotify_pipeline.py
[2024-11-09T23:22:37.339+0000] {processor.py:925} INFO - DAG(s) 'spotify_pipeline' retrieved from /opt/airflow/dags/spotify_pipeline.py
[2024-11-09T23:22:37.361+0000] {logging_mixin.py:190} INFO - [2024-11-09T23:22:37.361+0000] {dag.py:3239} INFO - Sync 1 DAGs
[2024-11-09T23:22:37.381+0000] {logging_mixin.py:190} INFO - [2024-11-09T23:22:37.381+0000] {dag.py:4180} INFO - Setting next_dagrun for spotify_pipeline to 2024-11-09 00:00:00+00:00, run_after=2024-11-10 00:00:00+00:00
[2024-11-09T23:22:37.395+0000] {processor.py:208} INFO - Processing /opt/airflow/dags/spotify_pipeline.py took 0.082 seconds
[2024-11-09T23:23:07.609+0000] {processor.py:186} INFO - Started process (PID=8425) to work on /opt/airflow/dags/spotify_pipeline.py
[2024-11-09T23:23:07.610+0000] {processor.py:914} INFO - Processing file /opt/airflow/dags/spotify_pipeline.py for tasks to queue
[2024-11-09T23:23:07.611+0000] {logging_mixin.py:190} INFO - [2024-11-09T23:23:07.610+0000] {dagbag.py:588} INFO - Filling up the DagBag from /opt/airflow/dags/spotify_pipeline.py
[2024-11-09T23:23:07.627+0000] {processor.py:925} INFO - DAG(s) 'spotify_pipeline' retrieved from /opt/airflow/dags/spotify_pipeline.py
[2024-11-09T23:23:07.650+0000] {logging_mixin.py:190} INFO - [2024-11-09T23:23:07.650+0000] {dag.py:3239} INFO - Sync 1 DAGs
[2024-11-09T23:23:07.672+0000] {logging_mixin.py:190} INFO - [2024-11-09T23:23:07.672+0000] {dag.py:4180} INFO - Setting next_dagrun for spotify_pipeline to 2024-11-09 00:00:00+00:00, run_after=2024-11-10 00:00:00+00:00
[2024-11-09T23:23:07.687+0000] {processor.py:208} INFO - Processing /opt/airflow/dags/spotify_pipeline.py took 0.083 seconds
[2024-11-09T23:23:37.884+0000] {processor.py:186} INFO - Started process (PID=8435) to work on /opt/airflow/dags/spotify_pipeline.py
[2024-11-09T23:23:37.885+0000] {processor.py:914} INFO - Processing file /opt/airflow/dags/spotify_pipeline.py for tasks to queue
[2024-11-09T23:23:37.886+0000] {logging_mixin.py:190} INFO - [2024-11-09T23:23:37.886+0000] {dagbag.py:588} INFO - Filling up the DagBag from /opt/airflow/dags/spotify_pipeline.py
[2024-11-09T23:23:37.902+0000] {processor.py:925} INFO - DAG(s) 'spotify_pipeline' retrieved from /opt/airflow/dags/spotify_pipeline.py
[2024-11-09T23:23:37.925+0000] {logging_mixin.py:190} INFO - [2024-11-09T23:23:37.925+0000] {dag.py:3239} INFO - Sync 1 DAGs
[2024-11-09T23:23:37.946+0000] {logging_mixin.py:190} INFO - [2024-11-09T23:23:37.945+0000] {dag.py:4180} INFO - Setting next_dagrun for spotify_pipeline to 2024-11-09 00:00:00+00:00, run_after=2024-11-10 00:00:00+00:00
[2024-11-09T23:23:37.960+0000] {processor.py:208} INFO - Processing /opt/airflow/dags/spotify_pipeline.py took 0.080 seconds
[2024-11-09T23:24:08.172+0000] {processor.py:186} INFO - Started process (PID=8445) to work on /opt/airflow/dags/spotify_pipeline.py
[2024-11-09T23:24:08.173+0000] {processor.py:914} INFO - Processing file /opt/airflow/dags/spotify_pipeline.py for tasks to queue
[2024-11-09T23:24:08.174+0000] {logging_mixin.py:190} INFO - [2024-11-09T23:24:08.174+0000] {dagbag.py:588} INFO - Filling up the DagBag from /opt/airflow/dags/spotify_pipeline.py
[2024-11-09T23:24:08.190+0000] {processor.py:925} INFO - DAG(s) 'spotify_pipeline' retrieved from /opt/airflow/dags/spotify_pipeline.py
[2024-11-09T23:24:08.212+0000] {logging_mixin.py:190} INFO - [2024-11-09T23:24:08.212+0000] {dag.py:3239} INFO - Sync 1 DAGs
[2024-11-09T23:24:08.232+0000] {logging_mixin.py:190} INFO - [2024-11-09T23:24:08.231+0000] {dag.py:4180} INFO - Setting next_dagrun for spotify_pipeline to 2024-11-09 00:00:00+00:00, run_after=2024-11-10 00:00:00+00:00
[2024-11-09T23:24:08.249+0000] {processor.py:208} INFO - Processing /opt/airflow/dags/spotify_pipeline.py took 0.082 seconds
[2024-11-09T23:24:38.489+0000] {processor.py:186} INFO - Started process (PID=8455) to work on /opt/airflow/dags/spotify_pipeline.py
[2024-11-09T23:24:38.490+0000] {processor.py:914} INFO - Processing file /opt/airflow/dags/spotify_pipeline.py for tasks to queue
[2024-11-09T23:24:38.491+0000] {logging_mixin.py:190} INFO - [2024-11-09T23:24:38.491+0000] {dagbag.py:588} INFO - Filling up the DagBag from /opt/airflow/dags/spotify_pipeline.py
[2024-11-09T23:24:38.507+0000] {processor.py:925} INFO - DAG(s) 'spotify_pipeline' retrieved from /opt/airflow/dags/spotify_pipeline.py
[2024-11-09T23:24:38.530+0000] {logging_mixin.py:190} INFO - [2024-11-09T23:24:38.530+0000] {dag.py:3239} INFO - Sync 1 DAGs
[2024-11-09T23:24:38.551+0000] {logging_mixin.py:190} INFO - [2024-11-09T23:24:38.551+0000] {dag.py:4180} INFO - Setting next_dagrun for spotify_pipeline to 2024-11-09 00:00:00+00:00, run_after=2024-11-10 00:00:00+00:00
[2024-11-09T23:24:38.581+0000] {processor.py:208} INFO - Processing /opt/airflow/dags/spotify_pipeline.py took 0.095 seconds
[2024-11-09T23:25:08.779+0000] {processor.py:186} INFO - Started process (PID=8465) to work on /opt/airflow/dags/spotify_pipeline.py
[2024-11-09T23:25:08.780+0000] {processor.py:914} INFO - Processing file /opt/airflow/dags/spotify_pipeline.py for tasks to queue
[2024-11-09T23:25:08.781+0000] {logging_mixin.py:190} INFO - [2024-11-09T23:25:08.781+0000] {dagbag.py:588} INFO - Filling up the DagBag from /opt/airflow/dags/spotify_pipeline.py
[2024-11-09T23:25:08.796+0000] {processor.py:925} INFO - DAG(s) 'spotify_pipeline' retrieved from /opt/airflow/dags/spotify_pipeline.py
[2024-11-09T23:25:08.819+0000] {logging_mixin.py:190} INFO - [2024-11-09T23:25:08.819+0000] {dag.py:3239} INFO - Sync 1 DAGs
[2024-11-09T23:25:08.840+0000] {logging_mixin.py:190} INFO - [2024-11-09T23:25:08.840+0000] {dag.py:4180} INFO - Setting next_dagrun for spotify_pipeline to 2024-11-09 00:00:00+00:00, run_after=2024-11-10 00:00:00+00:00
[2024-11-09T23:25:08.871+0000] {processor.py:208} INFO - Processing /opt/airflow/dags/spotify_pipeline.py took 0.097 seconds
[2024-11-09T23:25:39.059+0000] {processor.py:186} INFO - Started process (PID=8475) to work on /opt/airflow/dags/spotify_pipeline.py
[2024-11-09T23:25:39.059+0000] {processor.py:914} INFO - Processing file /opt/airflow/dags/spotify_pipeline.py for tasks to queue
[2024-11-09T23:25:39.060+0000] {logging_mixin.py:190} INFO - [2024-11-09T23:25:39.060+0000] {dagbag.py:588} INFO - Filling up the DagBag from /opt/airflow/dags/spotify_pipeline.py
[2024-11-09T23:25:39.075+0000] {processor.py:925} INFO - DAG(s) 'spotify_pipeline' retrieved from /opt/airflow/dags/spotify_pipeline.py
[2024-11-09T23:25:39.097+0000] {logging_mixin.py:190} INFO - [2024-11-09T23:25:39.097+0000] {dag.py:3239} INFO - Sync 1 DAGs
[2024-11-09T23:25:39.117+0000] {logging_mixin.py:190} INFO - [2024-11-09T23:25:39.117+0000] {dag.py:4180} INFO - Setting next_dagrun for spotify_pipeline to 2024-11-09 00:00:00+00:00, run_after=2024-11-10 00:00:00+00:00
[2024-11-09T23:25:39.134+0000] {processor.py:208} INFO - Processing /opt/airflow/dags/spotify_pipeline.py took 0.079 seconds
[2024-11-09T23:26:09.337+0000] {processor.py:186} INFO - Started process (PID=8485) to work on /opt/airflow/dags/spotify_pipeline.py
[2024-11-09T23:26:09.338+0000] {processor.py:914} INFO - Processing file /opt/airflow/dags/spotify_pipeline.py for tasks to queue
[2024-11-09T23:26:09.339+0000] {logging_mixin.py:190} INFO - [2024-11-09T23:26:09.339+0000] {dagbag.py:588} INFO - Filling up the DagBag from /opt/airflow/dags/spotify_pipeline.py
[2024-11-09T23:26:09.355+0000] {processor.py:925} INFO - DAG(s) 'spotify_pipeline' retrieved from /opt/airflow/dags/spotify_pipeline.py
[2024-11-09T23:26:09.377+0000] {logging_mixin.py:190} INFO - [2024-11-09T23:26:09.377+0000] {dag.py:3239} INFO - Sync 1 DAGs
[2024-11-09T23:26:09.396+0000] {logging_mixin.py:190} INFO - [2024-11-09T23:26:09.396+0000] {dag.py:4180} INFO - Setting next_dagrun for spotify_pipeline to 2024-11-09 00:00:00+00:00, run_after=2024-11-10 00:00:00+00:00
[2024-11-09T23:26:09.425+0000] {processor.py:208} INFO - Processing /opt/airflow/dags/spotify_pipeline.py took 0.092 seconds
[2024-11-09T23:26:39.616+0000] {processor.py:186} INFO - Started process (PID=8495) to work on /opt/airflow/dags/spotify_pipeline.py
[2024-11-09T23:26:39.616+0000] {processor.py:914} INFO - Processing file /opt/airflow/dags/spotify_pipeline.py for tasks to queue
[2024-11-09T23:26:39.617+0000] {logging_mixin.py:190} INFO - [2024-11-09T23:26:39.617+0000] {dagbag.py:588} INFO - Filling up the DagBag from /opt/airflow/dags/spotify_pipeline.py
[2024-11-09T23:26:39.632+0000] {processor.py:925} INFO - DAG(s) 'spotify_pipeline' retrieved from /opt/airflow/dags/spotify_pipeline.py
[2024-11-09T23:26:39.653+0000] {logging_mixin.py:190} INFO - [2024-11-09T23:26:39.653+0000] {dag.py:3239} INFO - Sync 1 DAGs
[2024-11-09T23:26:39.672+0000] {logging_mixin.py:190} INFO - [2024-11-09T23:26:39.671+0000] {dag.py:4180} INFO - Setting next_dagrun for spotify_pipeline to 2024-11-09 00:00:00+00:00, run_after=2024-11-10 00:00:00+00:00
[2024-11-09T23:26:39.703+0000] {processor.py:208} INFO - Processing /opt/airflow/dags/spotify_pipeline.py took 0.091 seconds
[2024-11-09T23:27:09.914+0000] {processor.py:186} INFO - Started process (PID=8505) to work on /opt/airflow/dags/spotify_pipeline.py
[2024-11-09T23:27:09.915+0000] {processor.py:914} INFO - Processing file /opt/airflow/dags/spotify_pipeline.py for tasks to queue
[2024-11-09T23:27:09.916+0000] {logging_mixin.py:190} INFO - [2024-11-09T23:27:09.916+0000] {dagbag.py:588} INFO - Filling up the DagBag from /opt/airflow/dags/spotify_pipeline.py
[2024-11-09T23:27:09.934+0000] {processor.py:925} INFO - DAG(s) 'spotify_pipeline' retrieved from /opt/airflow/dags/spotify_pipeline.py
[2024-11-09T23:27:09.958+0000] {logging_mixin.py:190} INFO - [2024-11-09T23:27:09.958+0000] {dag.py:3239} INFO - Sync 1 DAGs
[2024-11-09T23:27:09.979+0000] {logging_mixin.py:190} INFO - [2024-11-09T23:27:09.979+0000] {dag.py:4180} INFO - Setting next_dagrun for spotify_pipeline to 2024-11-09 00:00:00+00:00, run_after=2024-11-10 00:00:00+00:00
[2024-11-09T23:27:09.996+0000] {processor.py:208} INFO - Processing /opt/airflow/dags/spotify_pipeline.py took 0.087 seconds
[2024-11-09T23:27:40.185+0000] {processor.py:186} INFO - Started process (PID=8515) to work on /opt/airflow/dags/spotify_pipeline.py
[2024-11-09T23:27:40.186+0000] {processor.py:914} INFO - Processing file /opt/airflow/dags/spotify_pipeline.py for tasks to queue
[2024-11-09T23:27:40.187+0000] {logging_mixin.py:190} INFO - [2024-11-09T23:27:40.187+0000] {dagbag.py:588} INFO - Filling up the DagBag from /opt/airflow/dags/spotify_pipeline.py
[2024-11-09T23:27:40.204+0000] {processor.py:925} INFO - DAG(s) 'spotify_pipeline' retrieved from /opt/airflow/dags/spotify_pipeline.py
[2024-11-09T23:27:40.226+0000] {logging_mixin.py:190} INFO - [2024-11-09T23:27:40.225+0000] {dag.py:3239} INFO - Sync 1 DAGs
[2024-11-09T23:27:40.245+0000] {logging_mixin.py:190} INFO - [2024-11-09T23:27:40.245+0000] {dag.py:4180} INFO - Setting next_dagrun for spotify_pipeline to 2024-11-09 00:00:00+00:00, run_after=2024-11-10 00:00:00+00:00
[2024-11-09T23:27:40.260+0000] {processor.py:208} INFO - Processing /opt/airflow/dags/spotify_pipeline.py took 0.080 seconds
[2024-11-09T23:28:10.456+0000] {processor.py:186} INFO - Started process (PID=8525) to work on /opt/airflow/dags/spotify_pipeline.py
[2024-11-09T23:28:10.457+0000] {processor.py:914} INFO - Processing file /opt/airflow/dags/spotify_pipeline.py for tasks to queue
[2024-11-09T23:28:10.458+0000] {logging_mixin.py:190} INFO - [2024-11-09T23:28:10.458+0000] {dagbag.py:588} INFO - Filling up the DagBag from /opt/airflow/dags/spotify_pipeline.py
[2024-11-09T23:28:10.473+0000] {processor.py:925} INFO - DAG(s) 'spotify_pipeline' retrieved from /opt/airflow/dags/spotify_pipeline.py
[2024-11-09T23:28:10.497+0000] {logging_mixin.py:190} INFO - [2024-11-09T23:28:10.497+0000] {dag.py:3239} INFO - Sync 1 DAGs
[2024-11-09T23:28:10.518+0000] {logging_mixin.py:190} INFO - [2024-11-09T23:28:10.517+0000] {dag.py:4180} INFO - Setting next_dagrun for spotify_pipeline to 2024-11-09 00:00:00+00:00, run_after=2024-11-10 00:00:00+00:00
[2024-11-09T23:28:10.532+0000] {processor.py:208} INFO - Processing /opt/airflow/dags/spotify_pipeline.py took 0.081 seconds
[2024-11-09T23:28:40.725+0000] {processor.py:186} INFO - Started process (PID=8535) to work on /opt/airflow/dags/spotify_pipeline.py
[2024-11-09T23:28:40.726+0000] {processor.py:914} INFO - Processing file /opt/airflow/dags/spotify_pipeline.py for tasks to queue
[2024-11-09T23:28:40.728+0000] {logging_mixin.py:190} INFO - [2024-11-09T23:28:40.727+0000] {dagbag.py:588} INFO - Filling up the DagBag from /opt/airflow/dags/spotify_pipeline.py
[2024-11-09T23:28:40.745+0000] {processor.py:925} INFO - DAG(s) 'spotify_pipeline' retrieved from /opt/airflow/dags/spotify_pipeline.py
[2024-11-09T23:28:40.769+0000] {logging_mixin.py:190} INFO - [2024-11-09T23:28:40.769+0000] {dag.py:3239} INFO - Sync 1 DAGs
[2024-11-09T23:28:40.792+0000] {logging_mixin.py:190} INFO - [2024-11-09T23:28:40.791+0000] {dag.py:4180} INFO - Setting next_dagrun for spotify_pipeline to 2024-11-09 00:00:00+00:00, run_after=2024-11-10 00:00:00+00:00
[2024-11-09T23:28:40.822+0000] {processor.py:208} INFO - Processing /opt/airflow/dags/spotify_pipeline.py took 0.102 seconds
[2024-11-09T23:29:11.010+0000] {processor.py:186} INFO - Started process (PID=8545) to work on /opt/airflow/dags/spotify_pipeline.py
[2024-11-09T23:29:11.011+0000] {processor.py:914} INFO - Processing file /opt/airflow/dags/spotify_pipeline.py for tasks to queue
[2024-11-09T23:29:11.012+0000] {logging_mixin.py:190} INFO - [2024-11-09T23:29:11.012+0000] {dagbag.py:588} INFO - Filling up the DagBag from /opt/airflow/dags/spotify_pipeline.py
[2024-11-09T23:29:11.030+0000] {processor.py:925} INFO - DAG(s) 'spotify_pipeline' retrieved from /opt/airflow/dags/spotify_pipeline.py
[2024-11-09T23:29:11.054+0000] {logging_mixin.py:190} INFO - [2024-11-09T23:29:11.054+0000] {dag.py:3239} INFO - Sync 1 DAGs
[2024-11-09T23:29:11.076+0000] {logging_mixin.py:190} INFO - [2024-11-09T23:29:11.075+0000] {dag.py:4180} INFO - Setting next_dagrun for spotify_pipeline to 2024-11-09 00:00:00+00:00, run_after=2024-11-10 00:00:00+00:00
[2024-11-09T23:29:11.092+0000] {processor.py:208} INFO - Processing /opt/airflow/dags/spotify_pipeline.py took 0.087 seconds
[2024-11-09T23:29:41.307+0000] {processor.py:186} INFO - Started process (PID=8555) to work on /opt/airflow/dags/spotify_pipeline.py
[2024-11-09T23:29:41.307+0000] {processor.py:914} INFO - Processing file /opt/airflow/dags/spotify_pipeline.py for tasks to queue
[2024-11-09T23:29:41.308+0000] {logging_mixin.py:190} INFO - [2024-11-09T23:29:41.308+0000] {dagbag.py:588} INFO - Filling up the DagBag from /opt/airflow/dags/spotify_pipeline.py
[2024-11-09T23:29:41.325+0000] {processor.py:925} INFO - DAG(s) 'spotify_pipeline' retrieved from /opt/airflow/dags/spotify_pipeline.py
[2024-11-09T23:29:41.348+0000] {logging_mixin.py:190} INFO - [2024-11-09T23:29:41.348+0000] {dag.py:3239} INFO - Sync 1 DAGs
[2024-11-09T23:29:41.369+0000] {logging_mixin.py:190} INFO - [2024-11-09T23:29:41.369+0000] {dag.py:4180} INFO - Setting next_dagrun for spotify_pipeline to 2024-11-09 00:00:00+00:00, run_after=2024-11-10 00:00:00+00:00
[2024-11-09T23:29:41.384+0000] {processor.py:208} INFO - Processing /opt/airflow/dags/spotify_pipeline.py took 0.083 seconds
[2024-11-09T23:30:11.576+0000] {processor.py:186} INFO - Started process (PID=8565) to work on /opt/airflow/dags/spotify_pipeline.py
[2024-11-09T23:30:11.577+0000] {processor.py:914} INFO - Processing file /opt/airflow/dags/spotify_pipeline.py for tasks to queue
[2024-11-09T23:30:11.577+0000] {logging_mixin.py:190} INFO - [2024-11-09T23:30:11.577+0000] {dagbag.py:588} INFO - Filling up the DagBag from /opt/airflow/dags/spotify_pipeline.py
[2024-11-09T23:30:11.594+0000] {processor.py:925} INFO - DAG(s) 'spotify_pipeline' retrieved from /opt/airflow/dags/spotify_pipeline.py
[2024-11-09T23:30:11.619+0000] {logging_mixin.py:190} INFO - [2024-11-09T23:30:11.618+0000] {dag.py:3239} INFO - Sync 1 DAGs
[2024-11-09T23:30:11.640+0000] {logging_mixin.py:190} INFO - [2024-11-09T23:30:11.640+0000] {dag.py:4180} INFO - Setting next_dagrun for spotify_pipeline to 2024-11-09 00:00:00+00:00, run_after=2024-11-10 00:00:00+00:00
[2024-11-09T23:30:11.658+0000] {processor.py:208} INFO - Processing /opt/airflow/dags/spotify_pipeline.py took 0.086 seconds
[2024-11-09T23:30:41.843+0000] {processor.py:186} INFO - Started process (PID=8575) to work on /opt/airflow/dags/spotify_pipeline.py
[2024-11-09T23:30:41.844+0000] {processor.py:914} INFO - Processing file /opt/airflow/dags/spotify_pipeline.py for tasks to queue
[2024-11-09T23:30:41.845+0000] {logging_mixin.py:190} INFO - [2024-11-09T23:30:41.845+0000] {dagbag.py:588} INFO - Filling up the DagBag from /opt/airflow/dags/spotify_pipeline.py
[2024-11-09T23:30:41.861+0000] {processor.py:925} INFO - DAG(s) 'spotify_pipeline' retrieved from /opt/airflow/dags/spotify_pipeline.py
[2024-11-09T23:30:41.885+0000] {logging_mixin.py:190} INFO - [2024-11-09T23:30:41.885+0000] {dag.py:3239} INFO - Sync 1 DAGs
[2024-11-09T23:30:41.906+0000] {logging_mixin.py:190} INFO - [2024-11-09T23:30:41.906+0000] {dag.py:4180} INFO - Setting next_dagrun for spotify_pipeline to 2024-11-09 00:00:00+00:00, run_after=2024-11-10 00:00:00+00:00
[2024-11-09T23:30:41.923+0000] {processor.py:208} INFO - Processing /opt/airflow/dags/spotify_pipeline.py took 0.083 seconds
[2024-11-09T23:31:12.126+0000] {processor.py:186} INFO - Started process (PID=8585) to work on /opt/airflow/dags/spotify_pipeline.py
[2024-11-09T23:31:12.127+0000] {processor.py:914} INFO - Processing file /opt/airflow/dags/spotify_pipeline.py for tasks to queue
[2024-11-09T23:31:12.127+0000] {logging_mixin.py:190} INFO - [2024-11-09T23:31:12.127+0000] {dagbag.py:588} INFO - Filling up the DagBag from /opt/airflow/dags/spotify_pipeline.py
[2024-11-09T23:31:12.142+0000] {processor.py:925} INFO - DAG(s) 'spotify_pipeline' retrieved from /opt/airflow/dags/spotify_pipeline.py
[2024-11-09T23:31:12.165+0000] {logging_mixin.py:190} INFO - [2024-11-09T23:31:12.164+0000] {dag.py:3239} INFO - Sync 1 DAGs
[2024-11-09T23:31:12.186+0000] {logging_mixin.py:190} INFO - [2024-11-09T23:31:12.186+0000] {dag.py:4180} INFO - Setting next_dagrun for spotify_pipeline to 2024-11-09 00:00:00+00:00, run_after=2024-11-10 00:00:00+00:00
[2024-11-09T23:31:12.203+0000] {processor.py:208} INFO - Processing /opt/airflow/dags/spotify_pipeline.py took 0.082 seconds
[2024-11-09T23:31:42.402+0000] {processor.py:186} INFO - Started process (PID=8595) to work on /opt/airflow/dags/spotify_pipeline.py
[2024-11-09T23:31:42.403+0000] {processor.py:914} INFO - Processing file /opt/airflow/dags/spotify_pipeline.py for tasks to queue
[2024-11-09T23:31:42.404+0000] {logging_mixin.py:190} INFO - [2024-11-09T23:31:42.403+0000] {dagbag.py:588} INFO - Filling up the DagBag from /opt/airflow/dags/spotify_pipeline.py
[2024-11-09T23:31:42.418+0000] {processor.py:925} INFO - DAG(s) 'spotify_pipeline' retrieved from /opt/airflow/dags/spotify_pipeline.py
[2024-11-09T23:31:42.442+0000] {logging_mixin.py:190} INFO - [2024-11-09T23:31:42.441+0000] {dag.py:3239} INFO - Sync 1 DAGs
[2024-11-09T23:31:42.464+0000] {logging_mixin.py:190} INFO - [2024-11-09T23:31:42.464+0000] {dag.py:4180} INFO - Setting next_dagrun for spotify_pipeline to 2024-11-09 00:00:00+00:00, run_after=2024-11-10 00:00:00+00:00
[2024-11-09T23:31:42.483+0000] {processor.py:208} INFO - Processing /opt/airflow/dags/spotify_pipeline.py took 0.085 seconds
[2024-11-09T23:32:12.690+0000] {processor.py:186} INFO - Started process (PID=8605) to work on /opt/airflow/dags/spotify_pipeline.py
[2024-11-09T23:32:12.691+0000] {processor.py:914} INFO - Processing file /opt/airflow/dags/spotify_pipeline.py for tasks to queue
[2024-11-09T23:32:12.691+0000] {logging_mixin.py:190} INFO - [2024-11-09T23:32:12.691+0000] {dagbag.py:588} INFO - Filling up the DagBag from /opt/airflow/dags/spotify_pipeline.py
[2024-11-09T23:32:12.707+0000] {processor.py:925} INFO - DAG(s) 'spotify_pipeline' retrieved from /opt/airflow/dags/spotify_pipeline.py
[2024-11-09T23:32:12.729+0000] {logging_mixin.py:190} INFO - [2024-11-09T23:32:12.729+0000] {dag.py:3239} INFO - Sync 1 DAGs
[2024-11-09T23:32:12.749+0000] {logging_mixin.py:190} INFO - [2024-11-09T23:32:12.749+0000] {dag.py:4180} INFO - Setting next_dagrun for spotify_pipeline to 2024-11-09 00:00:00+00:00, run_after=2024-11-10 00:00:00+00:00
[2024-11-09T23:32:12.764+0000] {processor.py:208} INFO - Processing /opt/airflow/dags/spotify_pipeline.py took 0.078 seconds
[2024-11-09T23:32:42.963+0000] {processor.py:186} INFO - Started process (PID=8615) to work on /opt/airflow/dags/spotify_pipeline.py
[2024-11-09T23:32:42.964+0000] {processor.py:914} INFO - Processing file /opt/airflow/dags/spotify_pipeline.py for tasks to queue
[2024-11-09T23:32:42.965+0000] {logging_mixin.py:190} INFO - [2024-11-09T23:32:42.964+0000] {dagbag.py:588} INFO - Filling up the DagBag from /opt/airflow/dags/spotify_pipeline.py
[2024-11-09T23:32:42.981+0000] {processor.py:925} INFO - DAG(s) 'spotify_pipeline' retrieved from /opt/airflow/dags/spotify_pipeline.py
[2024-11-09T23:32:43.004+0000] {logging_mixin.py:190} INFO - [2024-11-09T23:32:43.004+0000] {dag.py:3239} INFO - Sync 1 DAGs
[2024-11-09T23:32:43.026+0000] {logging_mixin.py:190} INFO - [2024-11-09T23:32:43.025+0000] {dag.py:4180} INFO - Setting next_dagrun for spotify_pipeline to 2024-11-09 00:00:00+00:00, run_after=2024-11-10 00:00:00+00:00
[2024-11-09T23:32:43.041+0000] {processor.py:208} INFO - Processing /opt/airflow/dags/spotify_pipeline.py took 0.083 seconds
[2024-11-09T23:33:13.243+0000] {processor.py:186} INFO - Started process (PID=8625) to work on /opt/airflow/dags/spotify_pipeline.py
[2024-11-09T23:33:13.244+0000] {processor.py:914} INFO - Processing file /opt/airflow/dags/spotify_pipeline.py for tasks to queue
[2024-11-09T23:33:13.245+0000] {logging_mixin.py:190} INFO - [2024-11-09T23:33:13.245+0000] {dagbag.py:588} INFO - Filling up the DagBag from /opt/airflow/dags/spotify_pipeline.py
[2024-11-09T23:33:13.261+0000] {processor.py:925} INFO - DAG(s) 'spotify_pipeline' retrieved from /opt/airflow/dags/spotify_pipeline.py
[2024-11-09T23:33:13.285+0000] {logging_mixin.py:190} INFO - [2024-11-09T23:33:13.284+0000] {dag.py:3239} INFO - Sync 1 DAGs
[2024-11-09T23:33:13.305+0000] {logging_mixin.py:190} INFO - [2024-11-09T23:33:13.305+0000] {dag.py:4180} INFO - Setting next_dagrun for spotify_pipeline to 2024-11-09 00:00:00+00:00, run_after=2024-11-10 00:00:00+00:00
[2024-11-09T23:33:13.320+0000] {processor.py:208} INFO - Processing /opt/airflow/dags/spotify_pipeline.py took 0.083 seconds
[2024-11-09T23:33:43.513+0000] {processor.py:186} INFO - Started process (PID=8635) to work on /opt/airflow/dags/spotify_pipeline.py
[2024-11-09T23:33:43.514+0000] {processor.py:914} INFO - Processing file /opt/airflow/dags/spotify_pipeline.py for tasks to queue
[2024-11-09T23:33:43.515+0000] {logging_mixin.py:190} INFO - [2024-11-09T23:33:43.515+0000] {dagbag.py:588} INFO - Filling up the DagBag from /opt/airflow/dags/spotify_pipeline.py
[2024-11-09T23:33:43.531+0000] {processor.py:925} INFO - DAG(s) 'spotify_pipeline' retrieved from /opt/airflow/dags/spotify_pipeline.py
[2024-11-09T23:33:43.554+0000] {logging_mixin.py:190} INFO - [2024-11-09T23:33:43.554+0000] {dag.py:3239} INFO - Sync 1 DAGs
[2024-11-09T23:33:43.576+0000] {logging_mixin.py:190} INFO - [2024-11-09T23:33:43.576+0000] {dag.py:4180} INFO - Setting next_dagrun for spotify_pipeline to 2024-11-09 00:00:00+00:00, run_after=2024-11-10 00:00:00+00:00
[2024-11-09T23:33:43.606+0000] {processor.py:208} INFO - Processing /opt/airflow/dags/spotify_pipeline.py took 0.098 seconds
[2024-11-09T23:34:13.806+0000] {processor.py:186} INFO - Started process (PID=8645) to work on /opt/airflow/dags/spotify_pipeline.py
[2024-11-09T23:34:13.807+0000] {processor.py:914} INFO - Processing file /opt/airflow/dags/spotify_pipeline.py for tasks to queue
[2024-11-09T23:34:13.808+0000] {logging_mixin.py:190} INFO - [2024-11-09T23:34:13.808+0000] {dagbag.py:588} INFO - Filling up the DagBag from /opt/airflow/dags/spotify_pipeline.py
[2024-11-09T23:34:13.824+0000] {processor.py:925} INFO - DAG(s) 'spotify_pipeline' retrieved from /opt/airflow/dags/spotify_pipeline.py
[2024-11-09T23:34:13.848+0000] {logging_mixin.py:190} INFO - [2024-11-09T23:34:13.848+0000] {dag.py:3239} INFO - Sync 1 DAGs
[2024-11-09T23:34:13.870+0000] {logging_mixin.py:190} INFO - [2024-11-09T23:34:13.869+0000] {dag.py:4180} INFO - Setting next_dagrun for spotify_pipeline to 2024-11-09 00:00:00+00:00, run_after=2024-11-10 00:00:00+00:00
[2024-11-09T23:34:13.885+0000] {processor.py:208} INFO - Processing /opt/airflow/dags/spotify_pipeline.py took 0.083 seconds
[2024-11-09T23:34:44.136+0000] {processor.py:186} INFO - Started process (PID=8655) to work on /opt/airflow/dags/spotify_pipeline.py
[2024-11-09T23:34:44.137+0000] {processor.py:914} INFO - Processing file /opt/airflow/dags/spotify_pipeline.py for tasks to queue
[2024-11-09T23:34:44.138+0000] {logging_mixin.py:190} INFO - [2024-11-09T23:34:44.138+0000] {dagbag.py:588} INFO - Filling up the DagBag from /opt/airflow/dags/spotify_pipeline.py
[2024-11-09T23:34:44.156+0000] {processor.py:925} INFO - DAG(s) 'spotify_pipeline' retrieved from /opt/airflow/dags/spotify_pipeline.py
[2024-11-09T23:34:44.178+0000] {logging_mixin.py:190} INFO - [2024-11-09T23:34:44.178+0000] {dag.py:3239} INFO - Sync 1 DAGs
[2024-11-09T23:34:44.198+0000] {logging_mixin.py:190} INFO - [2024-11-09T23:34:44.198+0000] {dag.py:4180} INFO - Setting next_dagrun for spotify_pipeline to 2024-11-09 00:00:00+00:00, run_after=2024-11-10 00:00:00+00:00
[2024-11-09T23:34:44.214+0000] {processor.py:208} INFO - Processing /opt/airflow/dags/spotify_pipeline.py took 0.084 seconds
[2024-11-09T23:35:14.421+0000] {processor.py:186} INFO - Started process (PID=8665) to work on /opt/airflow/dags/spotify_pipeline.py
[2024-11-09T23:35:14.422+0000] {processor.py:914} INFO - Processing file /opt/airflow/dags/spotify_pipeline.py for tasks to queue
[2024-11-09T23:35:14.424+0000] {logging_mixin.py:190} INFO - [2024-11-09T23:35:14.423+0000] {dagbag.py:588} INFO - Filling up the DagBag from /opt/airflow/dags/spotify_pipeline.py
[2024-11-09T23:35:14.443+0000] {processor.py:925} INFO - DAG(s) 'spotify_pipeline' retrieved from /opt/airflow/dags/spotify_pipeline.py
[2024-11-09T23:35:14.468+0000] {logging_mixin.py:190} INFO - [2024-11-09T23:35:14.468+0000] {dag.py:3239} INFO - Sync 1 DAGs
[2024-11-09T23:35:14.490+0000] {logging_mixin.py:190} INFO - [2024-11-09T23:35:14.490+0000] {dag.py:4180} INFO - Setting next_dagrun for spotify_pipeline to 2024-11-09 00:00:00+00:00, run_after=2024-11-10 00:00:00+00:00
[2024-11-09T23:35:14.506+0000] {processor.py:208} INFO - Processing /opt/airflow/dags/spotify_pipeline.py took 0.090 seconds
[2024-11-09T23:35:44.696+0000] {processor.py:186} INFO - Started process (PID=8675) to work on /opt/airflow/dags/spotify_pipeline.py
[2024-11-09T23:35:44.697+0000] {processor.py:914} INFO - Processing file /opt/airflow/dags/spotify_pipeline.py for tasks to queue
[2024-11-09T23:35:44.698+0000] {logging_mixin.py:190} INFO - [2024-11-09T23:35:44.698+0000] {dagbag.py:588} INFO - Filling up the DagBag from /opt/airflow/dags/spotify_pipeline.py
[2024-11-09T23:35:44.716+0000] {processor.py:925} INFO - DAG(s) 'spotify_pipeline' retrieved from /opt/airflow/dags/spotify_pipeline.py
[2024-11-09T23:35:44.740+0000] {logging_mixin.py:190} INFO - [2024-11-09T23:35:44.740+0000] {dag.py:3239} INFO - Sync 1 DAGs
[2024-11-09T23:35:44.762+0000] {logging_mixin.py:190} INFO - [2024-11-09T23:35:44.761+0000] {dag.py:4180} INFO - Setting next_dagrun for spotify_pipeline to 2024-11-09 00:00:00+00:00, run_after=2024-11-10 00:00:00+00:00
[2024-11-09T23:35:44.791+0000] {processor.py:208} INFO - Processing /opt/airflow/dags/spotify_pipeline.py took 0.100 seconds
[2024-11-09T23:36:14.983+0000] {processor.py:186} INFO - Started process (PID=8685) to work on /opt/airflow/dags/spotify_pipeline.py
[2024-11-09T23:36:14.984+0000] {processor.py:914} INFO - Processing file /opt/airflow/dags/spotify_pipeline.py for tasks to queue
[2024-11-09T23:36:14.986+0000] {logging_mixin.py:190} INFO - [2024-11-09T23:36:14.986+0000] {dagbag.py:588} INFO - Filling up the DagBag from /opt/airflow/dags/spotify_pipeline.py
[2024-11-09T23:36:15.005+0000] {processor.py:925} INFO - DAG(s) 'spotify_pipeline' retrieved from /opt/airflow/dags/spotify_pipeline.py
[2024-11-09T23:36:15.028+0000] {logging_mixin.py:190} INFO - [2024-11-09T23:36:15.028+0000] {dag.py:3239} INFO - Sync 1 DAGs
[2024-11-09T23:36:15.049+0000] {logging_mixin.py:190} INFO - [2024-11-09T23:36:15.049+0000] {dag.py:4180} INFO - Setting next_dagrun for spotify_pipeline to 2024-11-09 00:00:00+00:00, run_after=2024-11-10 00:00:00+00:00
[2024-11-09T23:36:15.081+0000] {processor.py:208} INFO - Processing /opt/airflow/dags/spotify_pipeline.py took 0.103 seconds
[2024-11-09T23:36:45.275+0000] {processor.py:186} INFO - Started process (PID=8695) to work on /opt/airflow/dags/spotify_pipeline.py
[2024-11-09T23:36:45.276+0000] {processor.py:914} INFO - Processing file /opt/airflow/dags/spotify_pipeline.py for tasks to queue
[2024-11-09T23:36:45.277+0000] {logging_mixin.py:190} INFO - [2024-11-09T23:36:45.277+0000] {dagbag.py:588} INFO - Filling up the DagBag from /opt/airflow/dags/spotify_pipeline.py
[2024-11-09T23:36:45.296+0000] {processor.py:925} INFO - DAG(s) 'spotify_pipeline' retrieved from /opt/airflow/dags/spotify_pipeline.py
[2024-11-09T23:36:45.321+0000] {logging_mixin.py:190} INFO - [2024-11-09T23:36:45.321+0000] {dag.py:3239} INFO - Sync 1 DAGs
[2024-11-09T23:36:45.343+0000] {logging_mixin.py:190} INFO - [2024-11-09T23:36:45.343+0000] {dag.py:4180} INFO - Setting next_dagrun for spotify_pipeline to 2024-11-09 00:00:00+00:00, run_after=2024-11-10 00:00:00+00:00
[2024-11-09T23:36:45.358+0000] {processor.py:208} INFO - Processing /opt/airflow/dags/spotify_pipeline.py took 0.088 seconds
[2024-11-09T23:37:15.554+0000] {processor.py:186} INFO - Started process (PID=8705) to work on /opt/airflow/dags/spotify_pipeline.py
[2024-11-09T23:37:15.554+0000] {processor.py:914} INFO - Processing file /opt/airflow/dags/spotify_pipeline.py for tasks to queue
[2024-11-09T23:37:15.555+0000] {logging_mixin.py:190} INFO - [2024-11-09T23:37:15.555+0000] {dagbag.py:588} INFO - Filling up the DagBag from /opt/airflow/dags/spotify_pipeline.py
[2024-11-09T23:37:15.569+0000] {processor.py:925} INFO - DAG(s) 'spotify_pipeline' retrieved from /opt/airflow/dags/spotify_pipeline.py
[2024-11-09T23:37:15.591+0000] {logging_mixin.py:190} INFO - [2024-11-09T23:37:15.590+0000] {dag.py:3239} INFO - Sync 1 DAGs
[2024-11-09T23:37:15.610+0000] {logging_mixin.py:190} INFO - [2024-11-09T23:37:15.610+0000] {dag.py:4180} INFO - Setting next_dagrun for spotify_pipeline to 2024-11-09 00:00:00+00:00, run_after=2024-11-10 00:00:00+00:00
[2024-11-09T23:37:15.627+0000] {processor.py:208} INFO - Processing /opt/airflow/dags/spotify_pipeline.py took 0.077 seconds
[2024-11-09T23:37:45.828+0000] {processor.py:186} INFO - Started process (PID=8715) to work on /opt/airflow/dags/spotify_pipeline.py
[2024-11-09T23:37:45.829+0000] {processor.py:914} INFO - Processing file /opt/airflow/dags/spotify_pipeline.py for tasks to queue
[2024-11-09T23:37:45.830+0000] {logging_mixin.py:190} INFO - [2024-11-09T23:37:45.830+0000] {dagbag.py:588} INFO - Filling up the DagBag from /opt/airflow/dags/spotify_pipeline.py
[2024-11-09T23:37:45.846+0000] {processor.py:925} INFO - DAG(s) 'spotify_pipeline' retrieved from /opt/airflow/dags/spotify_pipeline.py
[2024-11-09T23:37:45.868+0000] {logging_mixin.py:190} INFO - [2024-11-09T23:37:45.868+0000] {dag.py:3239} INFO - Sync 1 DAGs
[2024-11-09T23:37:45.888+0000] {logging_mixin.py:190} INFO - [2024-11-09T23:37:45.888+0000] {dag.py:4180} INFO - Setting next_dagrun for spotify_pipeline to 2024-11-09 00:00:00+00:00, run_after=2024-11-10 00:00:00+00:00
[2024-11-09T23:37:45.918+0000] {processor.py:208} INFO - Processing /opt/airflow/dags/spotify_pipeline.py took 0.094 seconds
[2024-11-09T23:38:16.106+0000] {processor.py:186} INFO - Started process (PID=8725) to work on /opt/airflow/dags/spotify_pipeline.py
[2024-11-09T23:38:16.107+0000] {processor.py:914} INFO - Processing file /opt/airflow/dags/spotify_pipeline.py for tasks to queue
[2024-11-09T23:38:16.108+0000] {logging_mixin.py:190} INFO - [2024-11-09T23:38:16.108+0000] {dagbag.py:588} INFO - Filling up the DagBag from /opt/airflow/dags/spotify_pipeline.py
[2024-11-09T23:38:16.125+0000] {processor.py:925} INFO - DAG(s) 'spotify_pipeline' retrieved from /opt/airflow/dags/spotify_pipeline.py
[2024-11-09T23:38:16.148+0000] {logging_mixin.py:190} INFO - [2024-11-09T23:38:16.148+0000] {dag.py:3239} INFO - Sync 1 DAGs
[2024-11-09T23:38:16.167+0000] {logging_mixin.py:190} INFO - [2024-11-09T23:38:16.167+0000] {dag.py:4180} INFO - Setting next_dagrun for spotify_pipeline to 2024-11-09 00:00:00+00:00, run_after=2024-11-10 00:00:00+00:00
[2024-11-09T23:38:16.197+0000] {processor.py:208} INFO - Processing /opt/airflow/dags/spotify_pipeline.py took 0.094 seconds
[2024-11-09T23:38:46.388+0000] {processor.py:186} INFO - Started process (PID=8735) to work on /opt/airflow/dags/spotify_pipeline.py
[2024-11-09T23:38:46.389+0000] {processor.py:914} INFO - Processing file /opt/airflow/dags/spotify_pipeline.py for tasks to queue
[2024-11-09T23:38:46.390+0000] {logging_mixin.py:190} INFO - [2024-11-09T23:38:46.390+0000] {dagbag.py:588} INFO - Filling up the DagBag from /opt/airflow/dags/spotify_pipeline.py
[2024-11-09T23:38:46.408+0000] {processor.py:925} INFO - DAG(s) 'spotify_pipeline' retrieved from /opt/airflow/dags/spotify_pipeline.py
[2024-11-09T23:38:46.431+0000] {logging_mixin.py:190} INFO - [2024-11-09T23:38:46.431+0000] {dag.py:3239} INFO - Sync 1 DAGs
[2024-11-09T23:38:46.450+0000] {logging_mixin.py:190} INFO - [2024-11-09T23:38:46.450+0000] {dag.py:4180} INFO - Setting next_dagrun for spotify_pipeline to 2024-11-09 00:00:00+00:00, run_after=2024-11-10 00:00:00+00:00
[2024-11-09T23:38:46.465+0000] {processor.py:208} INFO - Processing /opt/airflow/dags/spotify_pipeline.py took 0.081 seconds
[2024-11-09T23:39:16.673+0000] {processor.py:186} INFO - Started process (PID=8745) to work on /opt/airflow/dags/spotify_pipeline.py
[2024-11-09T23:39:16.674+0000] {processor.py:914} INFO - Processing file /opt/airflow/dags/spotify_pipeline.py for tasks to queue
[2024-11-09T23:39:16.675+0000] {logging_mixin.py:190} INFO - [2024-11-09T23:39:16.674+0000] {dagbag.py:588} INFO - Filling up the DagBag from /opt/airflow/dags/spotify_pipeline.py
[2024-11-09T23:39:16.693+0000] {processor.py:925} INFO - DAG(s) 'spotify_pipeline' retrieved from /opt/airflow/dags/spotify_pipeline.py
[2024-11-09T23:39:16.714+0000] {logging_mixin.py:190} INFO - [2024-11-09T23:39:16.714+0000] {dag.py:3239} INFO - Sync 1 DAGs
[2024-11-09T23:39:16.733+0000] {logging_mixin.py:190} INFO - [2024-11-09T23:39:16.733+0000] {dag.py:4180} INFO - Setting next_dagrun for spotify_pipeline to 2024-11-09 00:00:00+00:00, run_after=2024-11-10 00:00:00+00:00
[2024-11-09T23:39:16.749+0000] {processor.py:208} INFO - Processing /opt/airflow/dags/spotify_pipeline.py took 0.081 seconds
[2024-11-09T23:39:46.990+0000] {processor.py:186} INFO - Started process (PID=8755) to work on /opt/airflow/dags/spotify_pipeline.py
[2024-11-09T23:39:46.990+0000] {processor.py:914} INFO - Processing file /opt/airflow/dags/spotify_pipeline.py for tasks to queue
[2024-11-09T23:39:46.992+0000] {logging_mixin.py:190} INFO - [2024-11-09T23:39:46.991+0000] {dagbag.py:588} INFO - Filling up the DagBag from /opt/airflow/dags/spotify_pipeline.py
[2024-11-09T23:39:47.005+0000] {processor.py:925} INFO - DAG(s) 'spotify_pipeline' retrieved from /opt/airflow/dags/spotify_pipeline.py
[2024-11-09T23:39:47.027+0000] {logging_mixin.py:190} INFO - [2024-11-09T23:39:47.027+0000] {dag.py:3239} INFO - Sync 1 DAGs
[2024-11-09T23:39:47.047+0000] {logging_mixin.py:190} INFO - [2024-11-09T23:39:47.047+0000] {dag.py:4180} INFO - Setting next_dagrun for spotify_pipeline to 2024-11-09 00:00:00+00:00, run_after=2024-11-10 00:00:00+00:00
[2024-11-09T23:39:47.062+0000] {processor.py:208} INFO - Processing /opt/airflow/dags/spotify_pipeline.py took 0.076 seconds
[2024-11-09T23:40:17.259+0000] {processor.py:186} INFO - Started process (PID=8765) to work on /opt/airflow/dags/spotify_pipeline.py
[2024-11-09T23:40:17.260+0000] {processor.py:914} INFO - Processing file /opt/airflow/dags/spotify_pipeline.py for tasks to queue
[2024-11-09T23:40:17.260+0000] {logging_mixin.py:190} INFO - [2024-11-09T23:40:17.260+0000] {dagbag.py:588} INFO - Filling up the DagBag from /opt/airflow/dags/spotify_pipeline.py
[2024-11-09T23:40:17.274+0000] {processor.py:925} INFO - DAG(s) 'spotify_pipeline' retrieved from /opt/airflow/dags/spotify_pipeline.py
[2024-11-09T23:40:17.298+0000] {logging_mixin.py:190} INFO - [2024-11-09T23:40:17.298+0000] {dag.py:3239} INFO - Sync 1 DAGs
[2024-11-09T23:40:17.320+0000] {logging_mixin.py:190} INFO - [2024-11-09T23:40:17.319+0000] {dag.py:4180} INFO - Setting next_dagrun for spotify_pipeline to 2024-11-09 00:00:00+00:00, run_after=2024-11-10 00:00:00+00:00
[2024-11-09T23:40:17.336+0000] {processor.py:208} INFO - Processing /opt/airflow/dags/spotify_pipeline.py took 0.081 seconds
[2024-11-09T23:40:47.551+0000] {processor.py:186} INFO - Started process (PID=8775) to work on /opt/airflow/dags/spotify_pipeline.py
[2024-11-09T23:40:47.552+0000] {processor.py:914} INFO - Processing file /opt/airflow/dags/spotify_pipeline.py for tasks to queue
[2024-11-09T23:40:47.553+0000] {logging_mixin.py:190} INFO - [2024-11-09T23:40:47.553+0000] {dagbag.py:588} INFO - Filling up the DagBag from /opt/airflow/dags/spotify_pipeline.py
[2024-11-09T23:40:47.569+0000] {processor.py:925} INFO - DAG(s) 'spotify_pipeline' retrieved from /opt/airflow/dags/spotify_pipeline.py
[2024-11-09T23:40:47.593+0000] {logging_mixin.py:190} INFO - [2024-11-09T23:40:47.593+0000] {dag.py:3239} INFO - Sync 1 DAGs
[2024-11-09T23:40:47.614+0000] {logging_mixin.py:190} INFO - [2024-11-09T23:40:47.614+0000] {dag.py:4180} INFO - Setting next_dagrun for spotify_pipeline to 2024-11-09 00:00:00+00:00, run_after=2024-11-10 00:00:00+00:00
[2024-11-09T23:40:47.631+0000] {processor.py:208} INFO - Processing /opt/airflow/dags/spotify_pipeline.py took 0.085 seconds
[2024-11-09T23:41:17.848+0000] {processor.py:186} INFO - Started process (PID=8785) to work on /opt/airflow/dags/spotify_pipeline.py
[2024-11-09T23:41:17.849+0000] {processor.py:914} INFO - Processing file /opt/airflow/dags/spotify_pipeline.py for tasks to queue
[2024-11-09T23:41:17.850+0000] {logging_mixin.py:190} INFO - [2024-11-09T23:41:17.850+0000] {dagbag.py:588} INFO - Filling up the DagBag from /opt/airflow/dags/spotify_pipeline.py
[2024-11-09T23:41:17.866+0000] {processor.py:925} INFO - DAG(s) 'spotify_pipeline' retrieved from /opt/airflow/dags/spotify_pipeline.py
[2024-11-09T23:41:17.890+0000] {logging_mixin.py:190} INFO - [2024-11-09T23:41:17.889+0000] {dag.py:3239} INFO - Sync 1 DAGs
[2024-11-09T23:41:17.910+0000] {logging_mixin.py:190} INFO - [2024-11-09T23:41:17.910+0000] {dag.py:4180} INFO - Setting next_dagrun for spotify_pipeline to 2024-11-09 00:00:00+00:00, run_after=2024-11-10 00:00:00+00:00
[2024-11-09T23:41:17.926+0000] {processor.py:208} INFO - Processing /opt/airflow/dags/spotify_pipeline.py took 0.083 seconds
[2024-11-09T23:41:48.144+0000] {processor.py:186} INFO - Started process (PID=8795) to work on /opt/airflow/dags/spotify_pipeline.py
[2024-11-09T23:41:48.147+0000] {processor.py:914} INFO - Processing file /opt/airflow/dags/spotify_pipeline.py for tasks to queue
[2024-11-09T23:41:48.148+0000] {logging_mixin.py:190} INFO - [2024-11-09T23:41:48.148+0000] {dagbag.py:588} INFO - Filling up the DagBag from /opt/airflow/dags/spotify_pipeline.py
[2024-11-09T23:41:48.164+0000] {processor.py:925} INFO - DAG(s) 'spotify_pipeline' retrieved from /opt/airflow/dags/spotify_pipeline.py
[2024-11-09T23:41:48.185+0000] {logging_mixin.py:190} INFO - [2024-11-09T23:41:48.185+0000] {dag.py:3239} INFO - Sync 1 DAGs
[2024-11-09T23:41:48.204+0000] {logging_mixin.py:190} INFO - [2024-11-09T23:41:48.204+0000] {dag.py:4180} INFO - Setting next_dagrun for spotify_pipeline to 2024-11-09 00:00:00+00:00, run_after=2024-11-10 00:00:00+00:00
[2024-11-09T23:41:48.220+0000] {processor.py:208} INFO - Processing /opt/airflow/dags/spotify_pipeline.py took 0.080 seconds
[2024-11-09T23:42:18.424+0000] {processor.py:186} INFO - Started process (PID=8805) to work on /opt/airflow/dags/spotify_pipeline.py
[2024-11-09T23:42:18.425+0000] {processor.py:914} INFO - Processing file /opt/airflow/dags/spotify_pipeline.py for tasks to queue
[2024-11-09T23:42:18.426+0000] {logging_mixin.py:190} INFO - [2024-11-09T23:42:18.426+0000] {dagbag.py:588} INFO - Filling up the DagBag from /opt/airflow/dags/spotify_pipeline.py
[2024-11-09T23:42:18.442+0000] {processor.py:925} INFO - DAG(s) 'spotify_pipeline' retrieved from /opt/airflow/dags/spotify_pipeline.py
[2024-11-09T23:42:18.466+0000] {logging_mixin.py:190} INFO - [2024-11-09T23:42:18.466+0000] {dag.py:3239} INFO - Sync 1 DAGs
[2024-11-09T23:42:18.488+0000] {logging_mixin.py:190} INFO - [2024-11-09T23:42:18.488+0000] {dag.py:4180} INFO - Setting next_dagrun for spotify_pipeline to 2024-11-09 00:00:00+00:00, run_after=2024-11-10 00:00:00+00:00
[2024-11-09T23:42:18.506+0000] {processor.py:208} INFO - Processing /opt/airflow/dags/spotify_pipeline.py took 0.086 seconds
[2024-11-09T23:42:48.702+0000] {processor.py:186} INFO - Started process (PID=8815) to work on /opt/airflow/dags/spotify_pipeline.py
[2024-11-09T23:42:48.703+0000] {processor.py:914} INFO - Processing file /opt/airflow/dags/spotify_pipeline.py for tasks to queue
[2024-11-09T23:42:48.704+0000] {logging_mixin.py:190} INFO - [2024-11-09T23:42:48.704+0000] {dagbag.py:588} INFO - Filling up the DagBag from /opt/airflow/dags/spotify_pipeline.py
[2024-11-09T23:42:48.721+0000] {processor.py:925} INFO - DAG(s) 'spotify_pipeline' retrieved from /opt/airflow/dags/spotify_pipeline.py
[2024-11-09T23:42:48.743+0000] {logging_mixin.py:190} INFO - [2024-11-09T23:42:48.743+0000] {dag.py:3239} INFO - Sync 1 DAGs
[2024-11-09T23:42:48.763+0000] {logging_mixin.py:190} INFO - [2024-11-09T23:42:48.763+0000] {dag.py:4180} INFO - Setting next_dagrun for spotify_pipeline to 2024-11-09 00:00:00+00:00, run_after=2024-11-10 00:00:00+00:00
[2024-11-09T23:42:48.792+0000] {processor.py:208} INFO - Processing /opt/airflow/dags/spotify_pipeline.py took 0.095 seconds
[2024-11-09T23:43:18.995+0000] {processor.py:186} INFO - Started process (PID=8825) to work on /opt/airflow/dags/spotify_pipeline.py
[2024-11-09T23:43:18.995+0000] {processor.py:914} INFO - Processing file /opt/airflow/dags/spotify_pipeline.py for tasks to queue
[2024-11-09T23:43:18.996+0000] {logging_mixin.py:190} INFO - [2024-11-09T23:43:18.996+0000] {dagbag.py:588} INFO - Filling up the DagBag from /opt/airflow/dags/spotify_pipeline.py
[2024-11-09T23:43:19.010+0000] {processor.py:925} INFO - DAG(s) 'spotify_pipeline' retrieved from /opt/airflow/dags/spotify_pipeline.py
[2024-11-09T23:43:19.032+0000] {logging_mixin.py:190} INFO - [2024-11-09T23:43:19.032+0000] {dag.py:3239} INFO - Sync 1 DAGs
[2024-11-09T23:43:19.051+0000] {logging_mixin.py:190} INFO - [2024-11-09T23:43:19.051+0000] {dag.py:4180} INFO - Setting next_dagrun for spotify_pipeline to 2024-11-09 00:00:00+00:00, run_after=2024-11-10 00:00:00+00:00
[2024-11-09T23:43:19.068+0000] {processor.py:208} INFO - Processing /opt/airflow/dags/spotify_pipeline.py took 0.077 seconds
[2024-11-09T23:43:49.256+0000] {processor.py:186} INFO - Started process (PID=8835) to work on /opt/airflow/dags/spotify_pipeline.py
[2024-11-09T23:43:49.257+0000] {processor.py:914} INFO - Processing file /opt/airflow/dags/spotify_pipeline.py for tasks to queue
[2024-11-09T23:43:49.259+0000] {logging_mixin.py:190} INFO - [2024-11-09T23:43:49.259+0000] {dagbag.py:588} INFO - Filling up the DagBag from /opt/airflow/dags/spotify_pipeline.py
[2024-11-09T23:43:49.274+0000] {processor.py:925} INFO - DAG(s) 'spotify_pipeline' retrieved from /opt/airflow/dags/spotify_pipeline.py
[2024-11-09T23:43:49.296+0000] {logging_mixin.py:190} INFO - [2024-11-09T23:43:49.296+0000] {dag.py:3239} INFO - Sync 1 DAGs
[2024-11-09T23:43:49.317+0000] {logging_mixin.py:190} INFO - [2024-11-09T23:43:49.317+0000] {dag.py:4180} INFO - Setting next_dagrun for spotify_pipeline to 2024-11-09 00:00:00+00:00, run_after=2024-11-10 00:00:00+00:00
[2024-11-09T23:43:49.334+0000] {processor.py:208} INFO - Processing /opt/airflow/dags/spotify_pipeline.py took 0.084 seconds
[2024-11-09T23:44:19.517+0000] {processor.py:186} INFO - Started process (PID=8845) to work on /opt/airflow/dags/spotify_pipeline.py
[2024-11-09T23:44:19.518+0000] {processor.py:914} INFO - Processing file /opt/airflow/dags/spotify_pipeline.py for tasks to queue
[2024-11-09T23:44:19.519+0000] {logging_mixin.py:190} INFO - [2024-11-09T23:44:19.519+0000] {dagbag.py:588} INFO - Filling up the DagBag from /opt/airflow/dags/spotify_pipeline.py
[2024-11-09T23:44:19.534+0000] {processor.py:925} INFO - DAG(s) 'spotify_pipeline' retrieved from /opt/airflow/dags/spotify_pipeline.py
[2024-11-09T23:44:19.556+0000] {logging_mixin.py:190} INFO - [2024-11-09T23:44:19.555+0000] {dag.py:3239} INFO - Sync 1 DAGs
[2024-11-09T23:44:19.575+0000] {logging_mixin.py:190} INFO - [2024-11-09T23:44:19.575+0000] {dag.py:4180} INFO - Setting next_dagrun for spotify_pipeline to 2024-11-09 00:00:00+00:00, run_after=2024-11-10 00:00:00+00:00
[2024-11-09T23:44:19.605+0000] {processor.py:208} INFO - Processing /opt/airflow/dags/spotify_pipeline.py took 0.093 seconds
[2024-11-09T23:44:49.789+0000] {processor.py:186} INFO - Started process (PID=8855) to work on /opt/airflow/dags/spotify_pipeline.py
[2024-11-09T23:44:49.789+0000] {processor.py:914} INFO - Processing file /opt/airflow/dags/spotify_pipeline.py for tasks to queue
[2024-11-09T23:44:49.791+0000] {logging_mixin.py:190} INFO - [2024-11-09T23:44:49.790+0000] {dagbag.py:588} INFO - Filling up the DagBag from /opt/airflow/dags/spotify_pipeline.py
[2024-11-09T23:44:49.809+0000] {processor.py:925} INFO - DAG(s) 'spotify_pipeline' retrieved from /opt/airflow/dags/spotify_pipeline.py
[2024-11-09T23:44:49.833+0000] {logging_mixin.py:190} INFO - [2024-11-09T23:44:49.833+0000] {dag.py:3239} INFO - Sync 1 DAGs
[2024-11-09T23:44:49.852+0000] {logging_mixin.py:190} INFO - [2024-11-09T23:44:49.852+0000] {dag.py:4180} INFO - Setting next_dagrun for spotify_pipeline to 2024-11-09 00:00:00+00:00, run_after=2024-11-10 00:00:00+00:00
[2024-11-09T23:44:49.882+0000] {processor.py:208} INFO - Processing /opt/airflow/dags/spotify_pipeline.py took 0.099 seconds
[2024-11-09T23:45:20.066+0000] {processor.py:186} INFO - Started process (PID=8865) to work on /opt/airflow/dags/spotify_pipeline.py
[2024-11-09T23:45:20.067+0000] {processor.py:914} INFO - Processing file /opt/airflow/dags/spotify_pipeline.py for tasks to queue
[2024-11-09T23:45:20.068+0000] {logging_mixin.py:190} INFO - [2024-11-09T23:45:20.067+0000] {dagbag.py:588} INFO - Filling up the DagBag from /opt/airflow/dags/spotify_pipeline.py
[2024-11-09T23:45:20.082+0000] {processor.py:925} INFO - DAG(s) 'spotify_pipeline' retrieved from /opt/airflow/dags/spotify_pipeline.py
[2024-11-09T23:45:20.105+0000] {logging_mixin.py:190} INFO - [2024-11-09T23:45:20.105+0000] {dag.py:3239} INFO - Sync 1 DAGs
[2024-11-09T23:45:20.127+0000] {logging_mixin.py:190} INFO - [2024-11-09T23:45:20.126+0000] {dag.py:4180} INFO - Setting next_dagrun for spotify_pipeline to 2024-11-09 00:00:00+00:00, run_after=2024-11-10 00:00:00+00:00
[2024-11-09T23:45:20.144+0000] {processor.py:208} INFO - Processing /opt/airflow/dags/spotify_pipeline.py took 0.082 seconds
[2024-11-09T23:45:50.341+0000] {processor.py:186} INFO - Started process (PID=8875) to work on /opt/airflow/dags/spotify_pipeline.py
[2024-11-09T23:45:50.342+0000] {processor.py:914} INFO - Processing file /opt/airflow/dags/spotify_pipeline.py for tasks to queue
[2024-11-09T23:45:50.343+0000] {logging_mixin.py:190} INFO - [2024-11-09T23:45:50.342+0000] {dagbag.py:588} INFO - Filling up the DagBag from /opt/airflow/dags/spotify_pipeline.py
[2024-11-09T23:45:50.357+0000] {processor.py:925} INFO - DAG(s) 'spotify_pipeline' retrieved from /opt/airflow/dags/spotify_pipeline.py
[2024-11-09T23:45:50.381+0000] {logging_mixin.py:190} INFO - [2024-11-09T23:45:50.380+0000] {dag.py:3239} INFO - Sync 1 DAGs
[2024-11-09T23:45:50.401+0000] {logging_mixin.py:190} INFO - [2024-11-09T23:45:50.401+0000] {dag.py:4180} INFO - Setting next_dagrun for spotify_pipeline to 2024-11-09 00:00:00+00:00, run_after=2024-11-10 00:00:00+00:00
[2024-11-09T23:45:50.416+0000] {processor.py:208} INFO - Processing /opt/airflow/dags/spotify_pipeline.py took 0.079 seconds
[2024-11-09T23:46:20.615+0000] {processor.py:186} INFO - Started process (PID=8885) to work on /opt/airflow/dags/spotify_pipeline.py
[2024-11-09T23:46:20.616+0000] {processor.py:914} INFO - Processing file /opt/airflow/dags/spotify_pipeline.py for tasks to queue
[2024-11-09T23:46:20.617+0000] {logging_mixin.py:190} INFO - [2024-11-09T23:46:20.617+0000] {dagbag.py:588} INFO - Filling up the DagBag from /opt/airflow/dags/spotify_pipeline.py
[2024-11-09T23:46:20.635+0000] {processor.py:925} INFO - DAG(s) 'spotify_pipeline' retrieved from /opt/airflow/dags/spotify_pipeline.py
[2024-11-09T23:46:20.659+0000] {logging_mixin.py:190} INFO - [2024-11-09T23:46:20.659+0000] {dag.py:3239} INFO - Sync 1 DAGs
[2024-11-09T23:46:20.680+0000] {logging_mixin.py:190} INFO - [2024-11-09T23:46:20.680+0000] {dag.py:4180} INFO - Setting next_dagrun for spotify_pipeline to 2024-11-09 00:00:00+00:00, run_after=2024-11-10 00:00:00+00:00
[2024-11-09T23:46:20.694+0000] {processor.py:208} INFO - Processing /opt/airflow/dags/spotify_pipeline.py took 0.084 seconds
[2024-11-09T23:46:50.896+0000] {processor.py:186} INFO - Started process (PID=8895) to work on /opt/airflow/dags/spotify_pipeline.py
[2024-11-09T23:46:50.897+0000] {processor.py:914} INFO - Processing file /opt/airflow/dags/spotify_pipeline.py for tasks to queue
[2024-11-09T23:46:50.898+0000] {logging_mixin.py:190} INFO - [2024-11-09T23:46:50.897+0000] {dagbag.py:588} INFO - Filling up the DagBag from /opt/airflow/dags/spotify_pipeline.py
[2024-11-09T23:46:50.913+0000] {processor.py:925} INFO - DAG(s) 'spotify_pipeline' retrieved from /opt/airflow/dags/spotify_pipeline.py
[2024-11-09T23:46:50.937+0000] {logging_mixin.py:190} INFO - [2024-11-09T23:46:50.937+0000] {dag.py:3239} INFO - Sync 1 DAGs
[2024-11-09T23:46:50.959+0000] {logging_mixin.py:190} INFO - [2024-11-09T23:46:50.959+0000] {dag.py:4180} INFO - Setting next_dagrun for spotify_pipeline to 2024-11-09 00:00:00+00:00, run_after=2024-11-10 00:00:00+00:00
[2024-11-09T23:46:50.974+0000] {processor.py:208} INFO - Processing /opt/airflow/dags/spotify_pipeline.py took 0.084 seconds
[2024-11-09T23:47:21.177+0000] {processor.py:186} INFO - Started process (PID=8905) to work on /opt/airflow/dags/spotify_pipeline.py
[2024-11-09T23:47:21.178+0000] {processor.py:914} INFO - Processing file /opt/airflow/dags/spotify_pipeline.py for tasks to queue
[2024-11-09T23:47:21.179+0000] {logging_mixin.py:190} INFO - [2024-11-09T23:47:21.178+0000] {dagbag.py:588} INFO - Filling up the DagBag from /opt/airflow/dags/spotify_pipeline.py
[2024-11-09T23:47:21.194+0000] {processor.py:925} INFO - DAG(s) 'spotify_pipeline' retrieved from /opt/airflow/dags/spotify_pipeline.py
[2024-11-09T23:47:21.218+0000] {logging_mixin.py:190} INFO - [2024-11-09T23:47:21.218+0000] {dag.py:3239} INFO - Sync 1 DAGs
[2024-11-09T23:47:21.239+0000] {logging_mixin.py:190} INFO - [2024-11-09T23:47:21.239+0000] {dag.py:4180} INFO - Setting next_dagrun for spotify_pipeline to 2024-11-09 00:00:00+00:00, run_after=2024-11-10 00:00:00+00:00
[2024-11-09T23:47:21.257+0000] {processor.py:208} INFO - Processing /opt/airflow/dags/spotify_pipeline.py took 0.086 seconds
[2024-11-09T23:47:51.445+0000] {processor.py:186} INFO - Started process (PID=8915) to work on /opt/airflow/dags/spotify_pipeline.py
[2024-11-09T23:47:51.446+0000] {processor.py:914} INFO - Processing file /opt/airflow/dags/spotify_pipeline.py for tasks to queue
[2024-11-09T23:47:51.447+0000] {logging_mixin.py:190} INFO - [2024-11-09T23:47:51.446+0000] {dagbag.py:588} INFO - Filling up the DagBag from /opt/airflow/dags/spotify_pipeline.py
[2024-11-09T23:47:51.463+0000] {processor.py:925} INFO - DAG(s) 'spotify_pipeline' retrieved from /opt/airflow/dags/spotify_pipeline.py
[2024-11-09T23:47:51.485+0000] {logging_mixin.py:190} INFO - [2024-11-09T23:47:51.485+0000] {dag.py:3239} INFO - Sync 1 DAGs
[2024-11-09T23:47:51.505+0000] {logging_mixin.py:190} INFO - [2024-11-09T23:47:51.505+0000] {dag.py:4180} INFO - Setting next_dagrun for spotify_pipeline to 2024-11-09 00:00:00+00:00, run_after=2024-11-10 00:00:00+00:00
[2024-11-09T23:47:51.534+0000] {processor.py:208} INFO - Processing /opt/airflow/dags/spotify_pipeline.py took 0.094 seconds
[2024-11-09T23:48:21.725+0000] {processor.py:186} INFO - Started process (PID=8925) to work on /opt/airflow/dags/spotify_pipeline.py
[2024-11-09T23:48:21.726+0000] {processor.py:914} INFO - Processing file /opt/airflow/dags/spotify_pipeline.py for tasks to queue
[2024-11-09T23:48:21.727+0000] {logging_mixin.py:190} INFO - [2024-11-09T23:48:21.726+0000] {dagbag.py:588} INFO - Filling up the DagBag from /opt/airflow/dags/spotify_pipeline.py
[2024-11-09T23:48:21.742+0000] {processor.py:925} INFO - DAG(s) 'spotify_pipeline' retrieved from /opt/airflow/dags/spotify_pipeline.py
[2024-11-09T23:48:21.764+0000] {logging_mixin.py:190} INFO - [2024-11-09T23:48:21.764+0000] {dag.py:3239} INFO - Sync 1 DAGs
[2024-11-09T23:48:21.784+0000] {logging_mixin.py:190} INFO - [2024-11-09T23:48:21.783+0000] {dag.py:4180} INFO - Setting next_dagrun for spotify_pipeline to 2024-11-09 00:00:00+00:00, run_after=2024-11-10 00:00:00+00:00
[2024-11-09T23:48:21.800+0000] {processor.py:208} INFO - Processing /opt/airflow/dags/spotify_pipeline.py took 0.081 seconds
[2024-11-09T23:48:52.003+0000] {processor.py:186} INFO - Started process (PID=8935) to work on /opt/airflow/dags/spotify_pipeline.py
[2024-11-09T23:48:52.004+0000] {processor.py:914} INFO - Processing file /opt/airflow/dags/spotify_pipeline.py for tasks to queue
[2024-11-09T23:48:52.005+0000] {logging_mixin.py:190} INFO - [2024-11-09T23:48:52.005+0000] {dagbag.py:588} INFO - Filling up the DagBag from /opt/airflow/dags/spotify_pipeline.py
[2024-11-09T23:48:52.021+0000] {processor.py:925} INFO - DAG(s) 'spotify_pipeline' retrieved from /opt/airflow/dags/spotify_pipeline.py
[2024-11-09T23:48:52.046+0000] {logging_mixin.py:190} INFO - [2024-11-09T23:48:52.046+0000] {dag.py:3239} INFO - Sync 1 DAGs
[2024-11-09T23:48:52.067+0000] {logging_mixin.py:190} INFO - [2024-11-09T23:48:52.067+0000] {dag.py:4180} INFO - Setting next_dagrun for spotify_pipeline to 2024-11-09 00:00:00+00:00, run_after=2024-11-10 00:00:00+00:00
[2024-11-09T23:48:52.085+0000] {processor.py:208} INFO - Processing /opt/airflow/dags/spotify_pipeline.py took 0.085 seconds
[2024-11-09T23:49:22.285+0000] {processor.py:186} INFO - Started process (PID=8945) to work on /opt/airflow/dags/spotify_pipeline.py
[2024-11-09T23:49:22.286+0000] {processor.py:914} INFO - Processing file /opt/airflow/dags/spotify_pipeline.py for tasks to queue
[2024-11-09T23:49:22.287+0000] {logging_mixin.py:190} INFO - [2024-11-09T23:49:22.287+0000] {dagbag.py:588} INFO - Filling up the DagBag from /opt/airflow/dags/spotify_pipeline.py
[2024-11-09T23:49:22.305+0000] {processor.py:925} INFO - DAG(s) 'spotify_pipeline' retrieved from /opt/airflow/dags/spotify_pipeline.py
[2024-11-09T23:49:22.327+0000] {logging_mixin.py:190} INFO - [2024-11-09T23:49:22.327+0000] {dag.py:3239} INFO - Sync 1 DAGs
[2024-11-09T23:49:22.348+0000] {logging_mixin.py:190} INFO - [2024-11-09T23:49:22.348+0000] {dag.py:4180} INFO - Setting next_dagrun for spotify_pipeline to 2024-11-09 00:00:00+00:00, run_after=2024-11-10 00:00:00+00:00
[2024-11-09T23:49:22.363+0000] {processor.py:208} INFO - Processing /opt/airflow/dags/spotify_pipeline.py took 0.083 seconds
[2024-11-09T23:49:52.598+0000] {processor.py:186} INFO - Started process (PID=8955) to work on /opt/airflow/dags/spotify_pipeline.py
[2024-11-09T23:49:52.599+0000] {processor.py:914} INFO - Processing file /opt/airflow/dags/spotify_pipeline.py for tasks to queue
[2024-11-09T23:49:52.600+0000] {logging_mixin.py:190} INFO - [2024-11-09T23:49:52.600+0000] {dagbag.py:588} INFO - Filling up the DagBag from /opt/airflow/dags/spotify_pipeline.py
[2024-11-09T23:49:52.616+0000] {processor.py:925} INFO - DAG(s) 'spotify_pipeline' retrieved from /opt/airflow/dags/spotify_pipeline.py
[2024-11-09T23:49:52.639+0000] {logging_mixin.py:190} INFO - [2024-11-09T23:49:52.639+0000] {dag.py:3239} INFO - Sync 1 DAGs
[2024-11-09T23:49:52.660+0000] {logging_mixin.py:190} INFO - [2024-11-09T23:49:52.660+0000] {dag.py:4180} INFO - Setting next_dagrun for spotify_pipeline to 2024-11-09 00:00:00+00:00, run_after=2024-11-10 00:00:00+00:00
[2024-11-09T23:49:52.689+0000] {processor.py:208} INFO - Processing /opt/airflow/dags/spotify_pipeline.py took 0.095 seconds
[2024-11-09T23:50:22.889+0000] {processor.py:186} INFO - Started process (PID=8965) to work on /opt/airflow/dags/spotify_pipeline.py
[2024-11-09T23:50:22.890+0000] {processor.py:914} INFO - Processing file /opt/airflow/dags/spotify_pipeline.py for tasks to queue
[2024-11-09T23:50:22.891+0000] {logging_mixin.py:190} INFO - [2024-11-09T23:50:22.891+0000] {dagbag.py:588} INFO - Filling up the DagBag from /opt/airflow/dags/spotify_pipeline.py
[2024-11-09T23:50:22.910+0000] {processor.py:925} INFO - DAG(s) 'spotify_pipeline' retrieved from /opt/airflow/dags/spotify_pipeline.py
[2024-11-09T23:50:22.933+0000] {logging_mixin.py:190} INFO - [2024-11-09T23:50:22.933+0000] {dag.py:3239} INFO - Sync 1 DAGs
[2024-11-09T23:50:22.952+0000] {logging_mixin.py:190} INFO - [2024-11-09T23:50:22.952+0000] {dag.py:4180} INFO - Setting next_dagrun for spotify_pipeline to 2024-11-09 00:00:00+00:00, run_after=2024-11-10 00:00:00+00:00
[2024-11-09T23:50:22.971+0000] {processor.py:208} INFO - Processing /opt/airflow/dags/spotify_pipeline.py took 0.087 seconds
[2024-11-09T23:50:53.185+0000] {processor.py:186} INFO - Started process (PID=8975) to work on /opt/airflow/dags/spotify_pipeline.py
[2024-11-09T23:50:53.186+0000] {processor.py:914} INFO - Processing file /opt/airflow/dags/spotify_pipeline.py for tasks to queue
[2024-11-09T23:50:53.187+0000] {logging_mixin.py:190} INFO - [2024-11-09T23:50:53.187+0000] {dagbag.py:588} INFO - Filling up the DagBag from /opt/airflow/dags/spotify_pipeline.py
[2024-11-09T23:50:53.204+0000] {processor.py:925} INFO - DAG(s) 'spotify_pipeline' retrieved from /opt/airflow/dags/spotify_pipeline.py
[2024-11-09T23:50:53.228+0000] {logging_mixin.py:190} INFO - [2024-11-09T23:50:53.228+0000] {dag.py:3239} INFO - Sync 1 DAGs
[2024-11-09T23:50:53.250+0000] {logging_mixin.py:190} INFO - [2024-11-09T23:50:53.250+0000] {dag.py:4180} INFO - Setting next_dagrun for spotify_pipeline to 2024-11-09 00:00:00+00:00, run_after=2024-11-10 00:00:00+00:00
[2024-11-09T23:50:53.279+0000] {processor.py:208} INFO - Processing /opt/airflow/dags/spotify_pipeline.py took 0.099 seconds
[2024-11-09T23:51:23.481+0000] {processor.py:186} INFO - Started process (PID=8985) to work on /opt/airflow/dags/spotify_pipeline.py
[2024-11-09T23:51:23.482+0000] {processor.py:914} INFO - Processing file /opt/airflow/dags/spotify_pipeline.py for tasks to queue
[2024-11-09T23:51:23.483+0000] {logging_mixin.py:190} INFO - [2024-11-09T23:51:23.483+0000] {dagbag.py:588} INFO - Filling up the DagBag from /opt/airflow/dags/spotify_pipeline.py
[2024-11-09T23:51:23.499+0000] {processor.py:925} INFO - DAG(s) 'spotify_pipeline' retrieved from /opt/airflow/dags/spotify_pipeline.py
[2024-11-09T23:51:23.522+0000] {logging_mixin.py:190} INFO - [2024-11-09T23:51:23.522+0000] {dag.py:3239} INFO - Sync 1 DAGs
[2024-11-09T23:51:23.542+0000] {logging_mixin.py:190} INFO - [2024-11-09T23:51:23.542+0000] {dag.py:4180} INFO - Setting next_dagrun for spotify_pipeline to 2024-11-09 00:00:00+00:00, run_after=2024-11-10 00:00:00+00:00
[2024-11-09T23:51:23.565+0000] {processor.py:208} INFO - Processing /opt/airflow/dags/spotify_pipeline.py took 0.087 seconds
[2024-11-09T23:51:53.777+0000] {processor.py:186} INFO - Started process (PID=8995) to work on /opt/airflow/dags/spotify_pipeline.py
[2024-11-09T23:51:53.777+0000] {processor.py:914} INFO - Processing file /opt/airflow/dags/spotify_pipeline.py for tasks to queue
[2024-11-09T23:51:53.778+0000] {logging_mixin.py:190} INFO - [2024-11-09T23:51:53.778+0000] {dagbag.py:588} INFO - Filling up the DagBag from /opt/airflow/dags/spotify_pipeline.py
[2024-11-09T23:51:53.793+0000] {processor.py:925} INFO - DAG(s) 'spotify_pipeline' retrieved from /opt/airflow/dags/spotify_pipeline.py
[2024-11-09T23:51:53.817+0000] {logging_mixin.py:190} INFO - [2024-11-09T23:51:53.817+0000] {dag.py:3239} INFO - Sync 1 DAGs
[2024-11-09T23:51:53.839+0000] {logging_mixin.py:190} INFO - [2024-11-09T23:51:53.839+0000] {dag.py:4180} INFO - Setting next_dagrun for spotify_pipeline to 2024-11-09 00:00:00+00:00, run_after=2024-11-10 00:00:00+00:00
[2024-11-09T23:51:53.870+0000] {processor.py:208} INFO - Processing /opt/airflow/dags/spotify_pipeline.py took 0.098 seconds
[2024-11-09T23:52:24.079+0000] {processor.py:186} INFO - Started process (PID=9005) to work on /opt/airflow/dags/spotify_pipeline.py
[2024-11-09T23:52:24.080+0000] {processor.py:914} INFO - Processing file /opt/airflow/dags/spotify_pipeline.py for tasks to queue
[2024-11-09T23:52:24.081+0000] {logging_mixin.py:190} INFO - [2024-11-09T23:52:24.081+0000] {dagbag.py:588} INFO - Filling up the DagBag from /opt/airflow/dags/spotify_pipeline.py
[2024-11-09T23:52:24.099+0000] {processor.py:925} INFO - DAG(s) 'spotify_pipeline' retrieved from /opt/airflow/dags/spotify_pipeline.py
[2024-11-09T23:52:24.122+0000] {logging_mixin.py:190} INFO - [2024-11-09T23:52:24.122+0000] {dag.py:3239} INFO - Sync 1 DAGs
[2024-11-09T23:52:24.142+0000] {logging_mixin.py:190} INFO - [2024-11-09T23:52:24.142+0000] {dag.py:4180} INFO - Setting next_dagrun for spotify_pipeline to 2024-11-09 00:00:00+00:00, run_after=2024-11-10 00:00:00+00:00
[2024-11-09T23:52:24.171+0000] {processor.py:208} INFO - Processing /opt/airflow/dags/spotify_pipeline.py took 0.097 seconds
[2024-11-09T23:52:54.367+0000] {processor.py:186} INFO - Started process (PID=9015) to work on /opt/airflow/dags/spotify_pipeline.py
[2024-11-09T23:52:54.368+0000] {processor.py:914} INFO - Processing file /opt/airflow/dags/spotify_pipeline.py for tasks to queue
[2024-11-09T23:52:54.369+0000] {logging_mixin.py:190} INFO - [2024-11-09T23:52:54.369+0000] {dagbag.py:588} INFO - Filling up the DagBag from /opt/airflow/dags/spotify_pipeline.py
[2024-11-09T23:52:54.382+0000] {processor.py:925} INFO - DAG(s) 'spotify_pipeline' retrieved from /opt/airflow/dags/spotify_pipeline.py
[2024-11-09T23:52:54.406+0000] {logging_mixin.py:190} INFO - [2024-11-09T23:52:54.406+0000] {dag.py:3239} INFO - Sync 1 DAGs
[2024-11-09T23:52:54.427+0000] {logging_mixin.py:190} INFO - [2024-11-09T23:52:54.427+0000] {dag.py:4180} INFO - Setting next_dagrun for spotify_pipeline to 2024-11-09 00:00:00+00:00, run_after=2024-11-10 00:00:00+00:00
[2024-11-09T23:52:54.442+0000] {processor.py:208} INFO - Processing /opt/airflow/dags/spotify_pipeline.py took 0.079 seconds
[2024-11-09T23:53:24.648+0000] {processor.py:186} INFO - Started process (PID=9025) to work on /opt/airflow/dags/spotify_pipeline.py
[2024-11-09T23:53:24.649+0000] {processor.py:914} INFO - Processing file /opt/airflow/dags/spotify_pipeline.py for tasks to queue
[2024-11-09T23:53:24.650+0000] {logging_mixin.py:190} INFO - [2024-11-09T23:53:24.650+0000] {dagbag.py:588} INFO - Filling up the DagBag from /opt/airflow/dags/spotify_pipeline.py
[2024-11-09T23:53:24.667+0000] {processor.py:925} INFO - DAG(s) 'spotify_pipeline' retrieved from /opt/airflow/dags/spotify_pipeline.py
[2024-11-09T23:53:24.691+0000] {logging_mixin.py:190} INFO - [2024-11-09T23:53:24.690+0000] {dag.py:3239} INFO - Sync 1 DAGs
[2024-11-09T23:53:24.713+0000] {logging_mixin.py:190} INFO - [2024-11-09T23:53:24.712+0000] {dag.py:4180} INFO - Setting next_dagrun for spotify_pipeline to 2024-11-09 00:00:00+00:00, run_after=2024-11-10 00:00:00+00:00
[2024-11-09T23:53:24.727+0000] {processor.py:208} INFO - Processing /opt/airflow/dags/spotify_pipeline.py took 0.084 seconds
[2024-11-09T23:53:54.930+0000] {processor.py:186} INFO - Started process (PID=9035) to work on /opt/airflow/dags/spotify_pipeline.py
[2024-11-09T23:53:54.931+0000] {processor.py:914} INFO - Processing file /opt/airflow/dags/spotify_pipeline.py for tasks to queue
[2024-11-09T23:53:54.932+0000] {logging_mixin.py:190} INFO - [2024-11-09T23:53:54.932+0000] {dagbag.py:588} INFO - Filling up the DagBag from /opt/airflow/dags/spotify_pipeline.py
[2024-11-09T23:53:54.949+0000] {processor.py:925} INFO - DAG(s) 'spotify_pipeline' retrieved from /opt/airflow/dags/spotify_pipeline.py
[2024-11-09T23:53:54.970+0000] {logging_mixin.py:190} INFO - [2024-11-09T23:53:54.969+0000] {dag.py:3239} INFO - Sync 1 DAGs
[2024-11-09T23:53:54.989+0000] {logging_mixin.py:190} INFO - [2024-11-09T23:53:54.989+0000] {dag.py:4180} INFO - Setting next_dagrun for spotify_pipeline to 2024-11-09 00:00:00+00:00, run_after=2024-11-10 00:00:00+00:00
[2024-11-09T23:53:55.004+0000] {processor.py:208} INFO - Processing /opt/airflow/dags/spotify_pipeline.py took 0.078 seconds
[2024-11-09T23:54:25.207+0000] {processor.py:186} INFO - Started process (PID=9045) to work on /opt/airflow/dags/spotify_pipeline.py
[2024-11-09T23:54:25.208+0000] {processor.py:914} INFO - Processing file /opt/airflow/dags/spotify_pipeline.py for tasks to queue
[2024-11-09T23:54:25.209+0000] {logging_mixin.py:190} INFO - [2024-11-09T23:54:25.209+0000] {dagbag.py:588} INFO - Filling up the DagBag from /opt/airflow/dags/spotify_pipeline.py
[2024-11-09T23:54:25.228+0000] {processor.py:925} INFO - DAG(s) 'spotify_pipeline' retrieved from /opt/airflow/dags/spotify_pipeline.py
[2024-11-09T23:54:25.252+0000] {logging_mixin.py:190} INFO - [2024-11-09T23:54:25.252+0000] {dag.py:3239} INFO - Sync 1 DAGs
[2024-11-09T23:54:25.273+0000] {logging_mixin.py:190} INFO - [2024-11-09T23:54:25.273+0000] {dag.py:4180} INFO - Setting next_dagrun for spotify_pipeline to 2024-11-09 00:00:00+00:00, run_after=2024-11-10 00:00:00+00:00
[2024-11-09T23:54:25.288+0000] {processor.py:208} INFO - Processing /opt/airflow/dags/spotify_pipeline.py took 0.086 seconds
[2024-11-09T23:54:55.512+0000] {processor.py:186} INFO - Started process (PID=9055) to work on /opt/airflow/dags/spotify_pipeline.py
[2024-11-09T23:54:55.513+0000] {processor.py:914} INFO - Processing file /opt/airflow/dags/spotify_pipeline.py for tasks to queue
[2024-11-09T23:54:55.514+0000] {logging_mixin.py:190} INFO - [2024-11-09T23:54:55.513+0000] {dagbag.py:588} INFO - Filling up the DagBag from /opt/airflow/dags/spotify_pipeline.py
[2024-11-09T23:54:55.530+0000] {processor.py:925} INFO - DAG(s) 'spotify_pipeline' retrieved from /opt/airflow/dags/spotify_pipeline.py
[2024-11-09T23:54:55.554+0000] {logging_mixin.py:190} INFO - [2024-11-09T23:54:55.554+0000] {dag.py:3239} INFO - Sync 1 DAGs
[2024-11-09T23:54:55.575+0000] {logging_mixin.py:190} INFO - [2024-11-09T23:54:55.575+0000] {dag.py:4180} INFO - Setting next_dagrun for spotify_pipeline to 2024-11-09 00:00:00+00:00, run_after=2024-11-10 00:00:00+00:00
[2024-11-09T23:54:55.589+0000] {processor.py:208} INFO - Processing /opt/airflow/dags/spotify_pipeline.py took 0.081 seconds
[2024-11-09T23:55:25.796+0000] {processor.py:186} INFO - Started process (PID=9065) to work on /opt/airflow/dags/spotify_pipeline.py
[2024-11-09T23:55:25.797+0000] {processor.py:914} INFO - Processing file /opt/airflow/dags/spotify_pipeline.py for tasks to queue
[2024-11-09T23:55:25.799+0000] {logging_mixin.py:190} INFO - [2024-11-09T23:55:25.798+0000] {dagbag.py:588} INFO - Filling up the DagBag from /opt/airflow/dags/spotify_pipeline.py
[2024-11-09T23:55:25.817+0000] {processor.py:925} INFO - DAG(s) 'spotify_pipeline' retrieved from /opt/airflow/dags/spotify_pipeline.py
[2024-11-09T23:55:25.839+0000] {logging_mixin.py:190} INFO - [2024-11-09T23:55:25.838+0000] {dag.py:3239} INFO - Sync 1 DAGs
[2024-11-09T23:55:25.859+0000] {logging_mixin.py:190} INFO - [2024-11-09T23:55:25.858+0000] {dag.py:4180} INFO - Setting next_dagrun for spotify_pipeline to 2024-11-09 00:00:00+00:00, run_after=2024-11-10 00:00:00+00:00
[2024-11-09T23:55:25.876+0000] {processor.py:208} INFO - Processing /opt/airflow/dags/spotify_pipeline.py took 0.085 seconds
[2024-11-09T23:55:56.098+0000] {processor.py:186} INFO - Started process (PID=9075) to work on /opt/airflow/dags/spotify_pipeline.py
[2024-11-09T23:55:56.099+0000] {processor.py:914} INFO - Processing file /opt/airflow/dags/spotify_pipeline.py for tasks to queue
[2024-11-09T23:55:56.100+0000] {logging_mixin.py:190} INFO - [2024-11-09T23:55:56.100+0000] {dagbag.py:588} INFO - Filling up the DagBag from /opt/airflow/dags/spotify_pipeline.py
[2024-11-09T23:55:56.118+0000] {processor.py:925} INFO - DAG(s) 'spotify_pipeline' retrieved from /opt/airflow/dags/spotify_pipeline.py
[2024-11-09T23:55:56.142+0000] {logging_mixin.py:190} INFO - [2024-11-09T23:55:56.142+0000] {dag.py:3239} INFO - Sync 1 DAGs
[2024-11-09T23:55:56.165+0000] {logging_mixin.py:190} INFO - [2024-11-09T23:55:56.165+0000] {dag.py:4180} INFO - Setting next_dagrun for spotify_pipeline to 2024-11-09 00:00:00+00:00, run_after=2024-11-10 00:00:00+00:00
[2024-11-09T23:55:56.186+0000] {processor.py:208} INFO - Processing /opt/airflow/dags/spotify_pipeline.py took 0.094 seconds
[2024-11-09T23:56:26.371+0000] {processor.py:186} INFO - Started process (PID=9085) to work on /opt/airflow/dags/spotify_pipeline.py
[2024-11-09T23:56:26.372+0000] {processor.py:914} INFO - Processing file /opt/airflow/dags/spotify_pipeline.py for tasks to queue
[2024-11-09T23:56:26.373+0000] {logging_mixin.py:190} INFO - [2024-11-09T23:56:26.373+0000] {dagbag.py:588} INFO - Filling up the DagBag from /opt/airflow/dags/spotify_pipeline.py
[2024-11-09T23:56:26.391+0000] {processor.py:925} INFO - DAG(s) 'spotify_pipeline' retrieved from /opt/airflow/dags/spotify_pipeline.py
[2024-11-09T23:56:26.414+0000] {logging_mixin.py:190} INFO - [2024-11-09T23:56:26.414+0000] {dag.py:3239} INFO - Sync 1 DAGs
[2024-11-09T23:56:26.435+0000] {logging_mixin.py:190} INFO - [2024-11-09T23:56:26.435+0000] {dag.py:4180} INFO - Setting next_dagrun for spotify_pipeline to 2024-11-09 00:00:00+00:00, run_after=2024-11-10 00:00:00+00:00
[2024-11-09T23:56:26.452+0000] {processor.py:208} INFO - Processing /opt/airflow/dags/spotify_pipeline.py took 0.086 seconds
[2024-11-09T23:56:56.652+0000] {processor.py:186} INFO - Started process (PID=9095) to work on /opt/airflow/dags/spotify_pipeline.py
[2024-11-09T23:56:56.653+0000] {processor.py:914} INFO - Processing file /opt/airflow/dags/spotify_pipeline.py for tasks to queue
[2024-11-09T23:56:56.654+0000] {logging_mixin.py:190} INFO - [2024-11-09T23:56:56.654+0000] {dagbag.py:588} INFO - Filling up the DagBag from /opt/airflow/dags/spotify_pipeline.py
[2024-11-09T23:56:56.672+0000] {processor.py:925} INFO - DAG(s) 'spotify_pipeline' retrieved from /opt/airflow/dags/spotify_pipeline.py
[2024-11-09T23:56:56.694+0000] {logging_mixin.py:190} INFO - [2024-11-09T23:56:56.694+0000] {dag.py:3239} INFO - Sync 1 DAGs
[2024-11-09T23:56:56.713+0000] {logging_mixin.py:190} INFO - [2024-11-09T23:56:56.713+0000] {dag.py:4180} INFO - Setting next_dagrun for spotify_pipeline to 2024-11-09 00:00:00+00:00, run_after=2024-11-10 00:00:00+00:00
[2024-11-09T23:56:56.743+0000] {processor.py:208} INFO - Processing /opt/airflow/dags/spotify_pipeline.py took 0.096 seconds
[2024-11-09T23:57:26.932+0000] {processor.py:186} INFO - Started process (PID=9105) to work on /opt/airflow/dags/spotify_pipeline.py
[2024-11-09T23:57:26.933+0000] {processor.py:914} INFO - Processing file /opt/airflow/dags/spotify_pipeline.py for tasks to queue
[2024-11-09T23:57:26.934+0000] {logging_mixin.py:190} INFO - [2024-11-09T23:57:26.934+0000] {dagbag.py:588} INFO - Filling up the DagBag from /opt/airflow/dags/spotify_pipeline.py
[2024-11-09T23:57:26.952+0000] {processor.py:925} INFO - DAG(s) 'spotify_pipeline' retrieved from /opt/airflow/dags/spotify_pipeline.py
[2024-11-09T23:57:26.977+0000] {logging_mixin.py:190} INFO - [2024-11-09T23:57:26.977+0000] {dag.py:3239} INFO - Sync 1 DAGs
[2024-11-09T23:57:26.999+0000] {logging_mixin.py:190} INFO - [2024-11-09T23:57:26.999+0000] {dag.py:4180} INFO - Setting next_dagrun for spotify_pipeline to 2024-11-09 00:00:00+00:00, run_after=2024-11-10 00:00:00+00:00
[2024-11-09T23:57:27.014+0000] {processor.py:208} INFO - Processing /opt/airflow/dags/spotify_pipeline.py took 0.088 seconds
[2024-11-09T23:57:57.205+0000] {processor.py:186} INFO - Started process (PID=9115) to work on /opt/airflow/dags/spotify_pipeline.py
[2024-11-09T23:57:57.206+0000] {processor.py:914} INFO - Processing file /opt/airflow/dags/spotify_pipeline.py for tasks to queue
[2024-11-09T23:57:57.207+0000] {logging_mixin.py:190} INFO - [2024-11-09T23:57:57.207+0000] {dagbag.py:588} INFO - Filling up the DagBag from /opt/airflow/dags/spotify_pipeline.py
[2024-11-09T23:57:57.226+0000] {processor.py:925} INFO - DAG(s) 'spotify_pipeline' retrieved from /opt/airflow/dags/spotify_pipeline.py
[2024-11-09T23:57:57.249+0000] {logging_mixin.py:190} INFO - [2024-11-09T23:57:57.249+0000] {dag.py:3239} INFO - Sync 1 DAGs
[2024-11-09T23:57:57.269+0000] {logging_mixin.py:190} INFO - [2024-11-09T23:57:57.269+0000] {dag.py:4180} INFO - Setting next_dagrun for spotify_pipeline to 2024-11-09 00:00:00+00:00, run_after=2024-11-10 00:00:00+00:00
[2024-11-09T23:57:57.297+0000] {processor.py:208} INFO - Processing /opt/airflow/dags/spotify_pipeline.py took 0.097 seconds
[2024-11-09T23:58:27.485+0000] {processor.py:186} INFO - Started process (PID=9125) to work on /opt/airflow/dags/spotify_pipeline.py
[2024-11-09T23:58:27.486+0000] {processor.py:914} INFO - Processing file /opt/airflow/dags/spotify_pipeline.py for tasks to queue
[2024-11-09T23:58:27.487+0000] {logging_mixin.py:190} INFO - [2024-11-09T23:58:27.487+0000] {dagbag.py:588} INFO - Filling up the DagBag from /opt/airflow/dags/spotify_pipeline.py
[2024-11-09T23:58:27.506+0000] {processor.py:925} INFO - DAG(s) 'spotify_pipeline' retrieved from /opt/airflow/dags/spotify_pipeline.py
[2024-11-09T23:58:27.530+0000] {logging_mixin.py:190} INFO - [2024-11-09T23:58:27.530+0000] {dag.py:3239} INFO - Sync 1 DAGs
[2024-11-09T23:58:27.552+0000] {logging_mixin.py:190} INFO - [2024-11-09T23:58:27.552+0000] {dag.py:4180} INFO - Setting next_dagrun for spotify_pipeline to 2024-11-09 00:00:00+00:00, run_after=2024-11-10 00:00:00+00:00
[2024-11-09T23:58:27.571+0000] {processor.py:208} INFO - Processing /opt/airflow/dags/spotify_pipeline.py took 0.091 seconds
[2024-11-09T23:58:57.772+0000] {processor.py:186} INFO - Started process (PID=9135) to work on /opt/airflow/dags/spotify_pipeline.py
[2024-11-09T23:58:57.773+0000] {processor.py:914} INFO - Processing file /opt/airflow/dags/spotify_pipeline.py for tasks to queue
[2024-11-09T23:58:57.775+0000] {logging_mixin.py:190} INFO - [2024-11-09T23:58:57.775+0000] {dagbag.py:588} INFO - Filling up the DagBag from /opt/airflow/dags/spotify_pipeline.py
[2024-11-09T23:58:57.793+0000] {processor.py:925} INFO - DAG(s) 'spotify_pipeline' retrieved from /opt/airflow/dags/spotify_pipeline.py
[2024-11-09T23:58:57.817+0000] {logging_mixin.py:190} INFO - [2024-11-09T23:58:57.817+0000] {dag.py:3239} INFO - Sync 1 DAGs
[2024-11-09T23:58:57.838+0000] {logging_mixin.py:190} INFO - [2024-11-09T23:58:57.838+0000] {dag.py:4180} INFO - Setting next_dagrun for spotify_pipeline to 2024-11-09 00:00:00+00:00, run_after=2024-11-10 00:00:00+00:00
[2024-11-09T23:58:57.853+0000] {processor.py:208} INFO - Processing /opt/airflow/dags/spotify_pipeline.py took 0.086 seconds
[2024-11-09T23:59:28.093+0000] {processor.py:186} INFO - Started process (PID=9145) to work on /opt/airflow/dags/spotify_pipeline.py
[2024-11-09T23:59:28.093+0000] {processor.py:914} INFO - Processing file /opt/airflow/dags/spotify_pipeline.py for tasks to queue
[2024-11-09T23:59:28.094+0000] {logging_mixin.py:190} INFO - [2024-11-09T23:59:28.094+0000] {dagbag.py:588} INFO - Filling up the DagBag from /opt/airflow/dags/spotify_pipeline.py
[2024-11-09T23:59:28.110+0000] {processor.py:925} INFO - DAG(s) 'spotify_pipeline' retrieved from /opt/airflow/dags/spotify_pipeline.py
[2024-11-09T23:59:28.133+0000] {logging_mixin.py:190} INFO - [2024-11-09T23:59:28.133+0000] {dag.py:3239} INFO - Sync 1 DAGs
[2024-11-09T23:59:28.154+0000] {logging_mixin.py:190} INFO - [2024-11-09T23:59:28.154+0000] {dag.py:4180} INFO - Setting next_dagrun for spotify_pipeline to 2024-11-09 00:00:00+00:00, run_after=2024-11-10 00:00:00+00:00
[2024-11-09T23:59:28.169+0000] {processor.py:208} INFO - Processing /opt/airflow/dags/spotify_pipeline.py took 0.080 seconds
[2024-11-09T23:59:58.348+0000] {processor.py:186} INFO - Started process (PID=9155) to work on /opt/airflow/dags/spotify_pipeline.py
[2024-11-09T23:59:58.349+0000] {processor.py:914} INFO - Processing file /opt/airflow/dags/spotify_pipeline.py for tasks to queue
[2024-11-09T23:59:58.350+0000] {logging_mixin.py:190} INFO - [2024-11-09T23:59:58.350+0000] {dagbag.py:588} INFO - Filling up the DagBag from /opt/airflow/dags/spotify_pipeline.py
[2024-11-09T23:59:58.366+0000] {processor.py:925} INFO - DAG(s) 'spotify_pipeline' retrieved from /opt/airflow/dags/spotify_pipeline.py
[2024-11-09T23:59:58.391+0000] {logging_mixin.py:190} INFO - [2024-11-09T23:59:58.391+0000] {dag.py:3239} INFO - Sync 1 DAGs
[2024-11-09T23:59:58.413+0000] {logging_mixin.py:190} INFO - [2024-11-09T23:59:58.413+0000] {dag.py:4180} INFO - Setting next_dagrun for spotify_pipeline to 2024-11-09 00:00:00+00:00, run_after=2024-11-10 00:00:00+00:00
[2024-11-09T23:59:58.428+0000] {processor.py:208} INFO - Processing /opt/airflow/dags/spotify_pipeline.py took 0.084 seconds
