[2024-11-01T20:36:43.864+0000] {processor.py:186} INFO - Started process (PID=60130) to work on /opt/airflow/dags/spark_airflow.py
[2024-11-01T20:36:43.870+0000] {processor.py:914} INFO - Processing file /opt/airflow/dags/spark_airflow.py for tasks to queue
[2024-11-01T20:36:43.876+0000] {logging_mixin.py:190} INFO - [2024-11-01T20:36:43.875+0000] {dagbag.py:588} INFO - Filling up the DagBag from /opt/airflow/dags/spark_airflow.py
[2024-11-01T20:36:43.942+0000] {processor.py:925} INFO - DAG(s) 'sparking_flow' retrieved from /opt/airflow/dags/spark_airflow.py
[2024-11-01T20:36:44.781+0000] {logging_mixin.py:190} INFO - [2024-11-01T20:36:44.780+0000] {dag.py:3239} INFO - Sync 1 DAGs
[2024-11-01T20:36:44.894+0000] {logging_mixin.py:190} INFO - [2024-11-01T20:36:44.894+0000] {dag.py:4180} INFO - Setting next_dagrun for sparking_flow to 2024-11-01 00:00:00+00:00, run_after=2024-11-02 00:00:00+00:00
[2024-11-01T20:36:44.962+0000] {processor.py:208} INFO - Processing /opt/airflow/dags/spark_airflow.py took 1.118 seconds
[2024-11-01T20:37:15.248+0000] {processor.py:186} INFO - Started process (PID=60177) to work on /opt/airflow/dags/spark_airflow.py
[2024-11-01T20:37:15.251+0000] {processor.py:914} INFO - Processing file /opt/airflow/dags/spark_airflow.py for tasks to queue
[2024-11-01T20:37:15.253+0000] {logging_mixin.py:190} INFO - [2024-11-01T20:37:15.253+0000] {dagbag.py:588} INFO - Filling up the DagBag from /opt/airflow/dags/spark_airflow.py
[2024-11-01T20:37:15.291+0000] {processor.py:925} INFO - DAG(s) 'sparking_flow' retrieved from /opt/airflow/dags/spark_airflow.py
[2024-11-01T20:37:15.338+0000] {logging_mixin.py:190} INFO - [2024-11-01T20:37:15.338+0000] {dag.py:3239} INFO - Sync 1 DAGs
[2024-11-01T20:37:15.391+0000] {logging_mixin.py:190} INFO - [2024-11-01T20:37:15.390+0000] {dag.py:4180} INFO - Setting next_dagrun for sparking_flow to 2024-11-01 00:00:00+00:00, run_after=2024-11-02 00:00:00+00:00
[2024-11-01T20:37:15.426+0000] {processor.py:208} INFO - Processing /opt/airflow/dags/spark_airflow.py took 0.185 seconds
[2024-11-01T20:37:45.569+0000] {processor.py:186} INFO - Started process (PID=60182) to work on /opt/airflow/dags/spark_airflow.py
[2024-11-01T20:37:45.570+0000] {processor.py:914} INFO - Processing file /opt/airflow/dags/spark_airflow.py for tasks to queue
[2024-11-01T20:37:45.571+0000] {logging_mixin.py:190} INFO - [2024-11-01T20:37:45.571+0000] {dagbag.py:588} INFO - Filling up the DagBag from /opt/airflow/dags/spark_airflow.py
[2024-11-01T20:37:45.595+0000] {processor.py:925} INFO - DAG(s) 'sparking_flow' retrieved from /opt/airflow/dags/spark_airflow.py
[2024-11-01T20:37:45.622+0000] {logging_mixin.py:190} INFO - [2024-11-01T20:37:45.622+0000] {dag.py:3239} INFO - Sync 1 DAGs
[2024-11-01T20:37:45.646+0000] {logging_mixin.py:190} INFO - [2024-11-01T20:37:45.646+0000] {dag.py:4180} INFO - Setting next_dagrun for sparking_flow to 2024-11-01 00:00:00+00:00, run_after=2024-11-02 00:00:00+00:00
[2024-11-01T20:37:45.664+0000] {processor.py:208} INFO - Processing /opt/airflow/dags/spark_airflow.py took 0.103 seconds
[2024-11-01T20:38:15.873+0000] {processor.py:186} INFO - Started process (PID=60187) to work on /opt/airflow/dags/spark_airflow.py
[2024-11-01T20:38:15.874+0000] {processor.py:914} INFO - Processing file /opt/airflow/dags/spark_airflow.py for tasks to queue
[2024-11-01T20:38:15.875+0000] {logging_mixin.py:190} INFO - [2024-11-01T20:38:15.875+0000] {dagbag.py:588} INFO - Filling up the DagBag from /opt/airflow/dags/spark_airflow.py
[2024-11-01T20:38:15.897+0000] {processor.py:925} INFO - DAG(s) 'sparking_flow' retrieved from /opt/airflow/dags/spark_airflow.py
[2024-11-01T20:38:15.923+0000] {logging_mixin.py:190} INFO - [2024-11-01T20:38:15.922+0000] {dag.py:3239} INFO - Sync 1 DAGs
[2024-11-01T20:38:15.947+0000] {logging_mixin.py:190} INFO - [2024-11-01T20:38:15.947+0000] {dag.py:4180} INFO - Setting next_dagrun for sparking_flow to 2024-11-01 00:00:00+00:00, run_after=2024-11-02 00:00:00+00:00
[2024-11-01T20:38:15.966+0000] {processor.py:208} INFO - Processing /opt/airflow/dags/spark_airflow.py took 0.097 seconds
[2024-11-01T20:38:46.069+0000] {processor.py:186} INFO - Started process (PID=60192) to work on /opt/airflow/dags/spark_airflow.py
[2024-11-01T20:38:46.070+0000] {processor.py:914} INFO - Processing file /opt/airflow/dags/spark_airflow.py for tasks to queue
[2024-11-01T20:38:46.071+0000] {logging_mixin.py:190} INFO - [2024-11-01T20:38:46.071+0000] {dagbag.py:588} INFO - Filling up the DagBag from /opt/airflow/dags/spark_airflow.py
[2024-11-01T20:38:46.092+0000] {processor.py:925} INFO - DAG(s) 'sparking_flow' retrieved from /opt/airflow/dags/spark_airflow.py
[2024-11-01T20:38:46.120+0000] {logging_mixin.py:190} INFO - [2024-11-01T20:38:46.120+0000] {dag.py:3239} INFO - Sync 1 DAGs
[2024-11-01T20:38:46.143+0000] {logging_mixin.py:190} INFO - [2024-11-01T20:38:46.142+0000] {dag.py:4180} INFO - Setting next_dagrun for sparking_flow to 2024-11-01 00:00:00+00:00, run_after=2024-11-02 00:00:00+00:00
[2024-11-01T20:38:46.161+0000] {processor.py:208} INFO - Processing /opt/airflow/dags/spark_airflow.py took 0.098 seconds
[2024-11-01T20:39:16.318+0000] {processor.py:186} INFO - Started process (PID=60197) to work on /opt/airflow/dags/spark_airflow.py
[2024-11-01T20:39:16.319+0000] {processor.py:914} INFO - Processing file /opt/airflow/dags/spark_airflow.py for tasks to queue
[2024-11-01T20:39:16.320+0000] {logging_mixin.py:190} INFO - [2024-11-01T20:39:16.320+0000] {dagbag.py:588} INFO - Filling up the DagBag from /opt/airflow/dags/spark_airflow.py
[2024-11-01T20:39:16.340+0000] {processor.py:925} INFO - DAG(s) 'sparking_flow' retrieved from /opt/airflow/dags/spark_airflow.py
[2024-11-01T20:39:16.369+0000] {logging_mixin.py:190} INFO - [2024-11-01T20:39:16.368+0000] {dag.py:3239} INFO - Sync 1 DAGs
[2024-11-01T20:39:16.390+0000] {logging_mixin.py:190} INFO - [2024-11-01T20:39:16.390+0000] {dag.py:4180} INFO - Setting next_dagrun for sparking_flow to 2024-11-01 00:00:00+00:00, run_after=2024-11-02 00:00:00+00:00
[2024-11-01T20:39:16.406+0000] {processor.py:208} INFO - Processing /opt/airflow/dags/spark_airflow.py took 0.093 seconds
[2024-11-01T20:39:46.514+0000] {processor.py:186} INFO - Started process (PID=60202) to work on /opt/airflow/dags/spark_airflow.py
[2024-11-01T20:39:46.515+0000] {processor.py:914} INFO - Processing file /opt/airflow/dags/spark_airflow.py for tasks to queue
[2024-11-01T20:39:46.516+0000] {logging_mixin.py:190} INFO - [2024-11-01T20:39:46.516+0000] {dagbag.py:588} INFO - Filling up the DagBag from /opt/airflow/dags/spark_airflow.py
[2024-11-01T20:39:46.538+0000] {processor.py:925} INFO - DAG(s) 'sparking_flow' retrieved from /opt/airflow/dags/spark_airflow.py
[2024-11-01T20:39:46.565+0000] {logging_mixin.py:190} INFO - [2024-11-01T20:39:46.565+0000] {dag.py:3239} INFO - Sync 1 DAGs
[2024-11-01T20:39:46.588+0000] {logging_mixin.py:190} INFO - [2024-11-01T20:39:46.588+0000] {dag.py:4180} INFO - Setting next_dagrun for sparking_flow to 2024-11-01 00:00:00+00:00, run_after=2024-11-02 00:00:00+00:00
[2024-11-01T20:39:46.609+0000] {processor.py:208} INFO - Processing /opt/airflow/dags/spark_airflow.py took 0.099 seconds
[2024-11-01T20:40:16.775+0000] {processor.py:186} INFO - Started process (PID=60207) to work on /opt/airflow/dags/spark_airflow.py
[2024-11-01T20:40:16.777+0000] {processor.py:914} INFO - Processing file /opt/airflow/dags/spark_airflow.py for tasks to queue
[2024-11-01T20:40:16.778+0000] {logging_mixin.py:190} INFO - [2024-11-01T20:40:16.778+0000] {dagbag.py:588} INFO - Filling up the DagBag from /opt/airflow/dags/spark_airflow.py
[2024-11-01T20:40:16.804+0000] {processor.py:925} INFO - DAG(s) 'sparking_flow' retrieved from /opt/airflow/dags/spark_airflow.py
[2024-11-01T20:40:16.842+0000] {logging_mixin.py:190} INFO - [2024-11-01T20:40:16.841+0000] {dag.py:3239} INFO - Sync 1 DAGs
[2024-11-01T20:40:16.879+0000] {logging_mixin.py:190} INFO - [2024-11-01T20:40:16.879+0000] {dag.py:4180} INFO - Setting next_dagrun for sparking_flow to 2024-11-01 00:00:00+00:00, run_after=2024-11-02 00:00:00+00:00
[2024-11-01T20:40:16.902+0000] {processor.py:208} INFO - Processing /opt/airflow/dags/spark_airflow.py took 0.133 seconds
[2024-11-01T20:40:46.973+0000] {processor.py:186} INFO - Started process (PID=60212) to work on /opt/airflow/dags/spark_airflow.py
[2024-11-01T20:40:46.974+0000] {processor.py:914} INFO - Processing file /opt/airflow/dags/spark_airflow.py for tasks to queue
[2024-11-01T20:40:46.975+0000] {logging_mixin.py:190} INFO - [2024-11-01T20:40:46.975+0000] {dagbag.py:588} INFO - Filling up the DagBag from /opt/airflow/dags/spark_airflow.py
[2024-11-01T20:40:46.992+0000] {processor.py:925} INFO - DAG(s) 'sparking_flow' retrieved from /opt/airflow/dags/spark_airflow.py
[2024-11-01T20:40:47.022+0000] {logging_mixin.py:190} INFO - [2024-11-01T20:40:47.022+0000] {dag.py:3239} INFO - Sync 1 DAGs
[2024-11-01T20:40:47.047+0000] {logging_mixin.py:190} INFO - [2024-11-01T20:40:47.047+0000] {dag.py:4180} INFO - Setting next_dagrun for sparking_flow to 2024-11-01 00:00:00+00:00, run_after=2024-11-02 00:00:00+00:00
[2024-11-01T20:40:47.062+0000] {processor.py:208} INFO - Processing /opt/airflow/dags/spark_airflow.py took 0.094 seconds
[2024-11-01T20:41:17.248+0000] {processor.py:186} INFO - Started process (PID=60217) to work on /opt/airflow/dags/spark_airflow.py
[2024-11-01T20:41:17.249+0000] {processor.py:914} INFO - Processing file /opt/airflow/dags/spark_airflow.py for tasks to queue
[2024-11-01T20:41:17.250+0000] {logging_mixin.py:190} INFO - [2024-11-01T20:41:17.250+0000] {dagbag.py:588} INFO - Filling up the DagBag from /opt/airflow/dags/spark_airflow.py
[2024-11-01T20:41:17.266+0000] {processor.py:925} INFO - DAG(s) 'sparking_flow' retrieved from /opt/airflow/dags/spark_airflow.py
[2024-11-01T20:41:17.292+0000] {logging_mixin.py:190} INFO - [2024-11-01T20:41:17.292+0000] {dag.py:3239} INFO - Sync 1 DAGs
[2024-11-01T20:41:17.317+0000] {logging_mixin.py:190} INFO - [2024-11-01T20:41:17.317+0000] {dag.py:4180} INFO - Setting next_dagrun for sparking_flow to 2024-11-01 00:00:00+00:00, run_after=2024-11-02 00:00:00+00:00
[2024-11-01T20:41:17.339+0000] {processor.py:208} INFO - Processing /opt/airflow/dags/spark_airflow.py took 0.095 seconds
[2024-11-01T20:41:47.455+0000] {processor.py:186} INFO - Started process (PID=60222) to work on /opt/airflow/dags/spark_airflow.py
[2024-11-01T20:41:47.456+0000] {processor.py:914} INFO - Processing file /opt/airflow/dags/spark_airflow.py for tasks to queue
[2024-11-01T20:41:47.457+0000] {logging_mixin.py:190} INFO - [2024-11-01T20:41:47.457+0000] {dagbag.py:588} INFO - Filling up the DagBag from /opt/airflow/dags/spark_airflow.py
[2024-11-01T20:41:47.478+0000] {processor.py:925} INFO - DAG(s) 'sparking_flow' retrieved from /opt/airflow/dags/spark_airflow.py
[2024-11-01T20:41:47.504+0000] {logging_mixin.py:190} INFO - [2024-11-01T20:41:47.504+0000] {dag.py:3239} INFO - Sync 1 DAGs
[2024-11-01T20:41:47.528+0000] {logging_mixin.py:190} INFO - [2024-11-01T20:41:47.527+0000] {dag.py:4180} INFO - Setting next_dagrun for sparking_flow to 2024-11-01 00:00:00+00:00, run_after=2024-11-02 00:00:00+00:00
[2024-11-01T20:41:47.545+0000] {processor.py:208} INFO - Processing /opt/airflow/dags/spark_airflow.py took 0.097 seconds
[2024-11-01T20:42:17.687+0000] {processor.py:186} INFO - Started process (PID=60227) to work on /opt/airflow/dags/spark_airflow.py
[2024-11-01T20:42:17.687+0000] {processor.py:914} INFO - Processing file /opt/airflow/dags/spark_airflow.py for tasks to queue
[2024-11-01T20:42:17.688+0000] {logging_mixin.py:190} INFO - [2024-11-01T20:42:17.688+0000] {dagbag.py:588} INFO - Filling up the DagBag from /opt/airflow/dags/spark_airflow.py
[2024-11-01T20:42:17.706+0000] {processor.py:925} INFO - DAG(s) 'sparking_flow' retrieved from /opt/airflow/dags/spark_airflow.py
[2024-11-01T20:42:17.729+0000] {logging_mixin.py:190} INFO - [2024-11-01T20:42:17.729+0000] {dag.py:3239} INFO - Sync 1 DAGs
[2024-11-01T20:42:17.751+0000] {logging_mixin.py:190} INFO - [2024-11-01T20:42:17.751+0000] {dag.py:4180} INFO - Setting next_dagrun for sparking_flow to 2024-11-01 00:00:00+00:00, run_after=2024-11-02 00:00:00+00:00
[2024-11-01T20:42:17.771+0000] {processor.py:208} INFO - Processing /opt/airflow/dags/spark_airflow.py took 0.089 seconds
[2024-11-01T20:42:47.896+0000] {processor.py:186} INFO - Started process (PID=60232) to work on /opt/airflow/dags/spark_airflow.py
[2024-11-01T20:42:47.897+0000] {processor.py:914} INFO - Processing file /opt/airflow/dags/spark_airflow.py for tasks to queue
[2024-11-01T20:42:47.898+0000] {logging_mixin.py:190} INFO - [2024-11-01T20:42:47.898+0000] {dagbag.py:588} INFO - Filling up the DagBag from /opt/airflow/dags/spark_airflow.py
[2024-11-01T20:42:47.913+0000] {processor.py:925} INFO - DAG(s) 'sparking_flow' retrieved from /opt/airflow/dags/spark_airflow.py
[2024-11-01T20:42:47.939+0000] {logging_mixin.py:190} INFO - [2024-11-01T20:42:47.939+0000] {dag.py:3239} INFO - Sync 1 DAGs
[2024-11-01T20:42:47.962+0000] {logging_mixin.py:190} INFO - [2024-11-01T20:42:47.961+0000] {dag.py:4180} INFO - Setting next_dagrun for sparking_flow to 2024-11-01 00:00:00+00:00, run_after=2024-11-02 00:00:00+00:00
[2024-11-01T20:42:47.978+0000] {processor.py:208} INFO - Processing /opt/airflow/dags/spark_airflow.py took 0.086 seconds
[2024-11-01T20:43:18.147+0000] {processor.py:186} INFO - Started process (PID=60237) to work on /opt/airflow/dags/spark_airflow.py
[2024-11-01T20:43:18.148+0000] {processor.py:914} INFO - Processing file /opt/airflow/dags/spark_airflow.py for tasks to queue
[2024-11-01T20:43:18.150+0000] {logging_mixin.py:190} INFO - [2024-11-01T20:43:18.149+0000] {dagbag.py:588} INFO - Filling up the DagBag from /opt/airflow/dags/spark_airflow.py
[2024-11-01T20:43:18.169+0000] {processor.py:925} INFO - DAG(s) 'sparking_flow' retrieved from /opt/airflow/dags/spark_airflow.py
[2024-11-01T20:43:18.195+0000] {logging_mixin.py:190} INFO - [2024-11-01T20:43:18.195+0000] {dag.py:3239} INFO - Sync 1 DAGs
[2024-11-01T20:43:18.218+0000] {logging_mixin.py:190} INFO - [2024-11-01T20:43:18.217+0000] {dag.py:4180} INFO - Setting next_dagrun for sparking_flow to 2024-11-01 00:00:00+00:00, run_after=2024-11-02 00:00:00+00:00
[2024-11-01T20:43:18.240+0000] {processor.py:208} INFO - Processing /opt/airflow/dags/spark_airflow.py took 0.100 seconds
[2024-11-01T20:43:48.355+0000] {processor.py:186} INFO - Started process (PID=60242) to work on /opt/airflow/dags/spark_airflow.py
[2024-11-01T20:43:48.357+0000] {processor.py:914} INFO - Processing file /opt/airflow/dags/spark_airflow.py for tasks to queue
[2024-11-01T20:43:48.358+0000] {logging_mixin.py:190} INFO - [2024-11-01T20:43:48.358+0000] {dagbag.py:588} INFO - Filling up the DagBag from /opt/airflow/dags/spark_airflow.py
[2024-11-01T20:43:48.378+0000] {processor.py:925} INFO - DAG(s) 'sparking_flow' retrieved from /opt/airflow/dags/spark_airflow.py
[2024-11-01T20:43:48.404+0000] {logging_mixin.py:190} INFO - [2024-11-01T20:43:48.404+0000] {dag.py:3239} INFO - Sync 1 DAGs
[2024-11-01T20:43:48.425+0000] {logging_mixin.py:190} INFO - [2024-11-01T20:43:48.425+0000] {dag.py:4180} INFO - Setting next_dagrun for sparking_flow to 2024-11-01 00:00:00+00:00, run_after=2024-11-02 00:00:00+00:00
[2024-11-01T20:43:48.443+0000] {processor.py:208} INFO - Processing /opt/airflow/dags/spark_airflow.py took 0.094 seconds
[2024-11-01T20:44:18.593+0000] {processor.py:186} INFO - Started process (PID=60247) to work on /opt/airflow/dags/spark_airflow.py
[2024-11-01T20:44:18.594+0000] {processor.py:914} INFO - Processing file /opt/airflow/dags/spark_airflow.py for tasks to queue
[2024-11-01T20:44:18.595+0000] {logging_mixin.py:190} INFO - [2024-11-01T20:44:18.595+0000] {dagbag.py:588} INFO - Filling up the DagBag from /opt/airflow/dags/spark_airflow.py
[2024-11-01T20:44:18.614+0000] {processor.py:925} INFO - DAG(s) 'sparking_flow' retrieved from /opt/airflow/dags/spark_airflow.py
[2024-11-01T20:44:18.643+0000] {logging_mixin.py:190} INFO - [2024-11-01T20:44:18.643+0000] {dag.py:3239} INFO - Sync 1 DAGs
[2024-11-01T20:44:18.668+0000] {logging_mixin.py:190} INFO - [2024-11-01T20:44:18.668+0000] {dag.py:4180} INFO - Setting next_dagrun for sparking_flow to 2024-11-01 00:00:00+00:00, run_after=2024-11-02 00:00:00+00:00
[2024-11-01T20:44:18.686+0000] {processor.py:208} INFO - Processing /opt/airflow/dags/spark_airflow.py took 0.098 seconds
[2024-11-01T20:44:48.820+0000] {processor.py:186} INFO - Started process (PID=60252) to work on /opt/airflow/dags/spark_airflow.py
[2024-11-01T20:44:48.821+0000] {processor.py:914} INFO - Processing file /opt/airflow/dags/spark_airflow.py for tasks to queue
[2024-11-01T20:44:48.823+0000] {logging_mixin.py:190} INFO - [2024-11-01T20:44:48.823+0000] {dagbag.py:588} INFO - Filling up the DagBag from /opt/airflow/dags/spark_airflow.py
[2024-11-01T20:44:48.842+0000] {processor.py:925} INFO - DAG(s) 'sparking_flow' retrieved from /opt/airflow/dags/spark_airflow.py
[2024-11-01T20:44:48.870+0000] {logging_mixin.py:190} INFO - [2024-11-01T20:44:48.870+0000] {dag.py:3239} INFO - Sync 1 DAGs
[2024-11-01T20:44:48.895+0000] {logging_mixin.py:190} INFO - [2024-11-01T20:44:48.895+0000] {dag.py:4180} INFO - Setting next_dagrun for sparking_flow to 2024-11-01 00:00:00+00:00, run_after=2024-11-02 00:00:00+00:00
[2024-11-01T20:44:48.913+0000] {processor.py:208} INFO - Processing /opt/airflow/dags/spark_airflow.py took 0.101 seconds
[2024-11-01T20:45:19.051+0000] {processor.py:186} INFO - Started process (PID=60257) to work on /opt/airflow/dags/spark_airflow.py
[2024-11-01T20:45:19.052+0000] {processor.py:914} INFO - Processing file /opt/airflow/dags/spark_airflow.py for tasks to queue
[2024-11-01T20:45:19.054+0000] {logging_mixin.py:190} INFO - [2024-11-01T20:45:19.054+0000] {dagbag.py:588} INFO - Filling up the DagBag from /opt/airflow/dags/spark_airflow.py
[2024-11-01T20:45:19.073+0000] {processor.py:925} INFO - DAG(s) 'sparking_flow' retrieved from /opt/airflow/dags/spark_airflow.py
[2024-11-01T20:45:19.096+0000] {logging_mixin.py:190} INFO - [2024-11-01T20:45:19.096+0000] {dag.py:3239} INFO - Sync 1 DAGs
[2024-11-01T20:45:19.117+0000] {logging_mixin.py:190} INFO - [2024-11-01T20:45:19.117+0000] {dag.py:4180} INFO - Setting next_dagrun for sparking_flow to 2024-11-01 00:00:00+00:00, run_after=2024-11-02 00:00:00+00:00
[2024-11-01T20:45:19.134+0000] {processor.py:208} INFO - Processing /opt/airflow/dags/spark_airflow.py took 0.089 seconds
[2024-11-01T20:45:49.318+0000] {processor.py:186} INFO - Started process (PID=60262) to work on /opt/airflow/dags/spark_airflow.py
[2024-11-01T20:45:49.319+0000] {processor.py:914} INFO - Processing file /opt/airflow/dags/spark_airflow.py for tasks to queue
[2024-11-01T20:45:49.320+0000] {logging_mixin.py:190} INFO - [2024-11-01T20:45:49.320+0000] {dagbag.py:588} INFO - Filling up the DagBag from /opt/airflow/dags/spark_airflow.py
[2024-11-01T20:45:49.356+0000] {processor.py:925} INFO - DAG(s) 'sparking_flow' retrieved from /opt/airflow/dags/spark_airflow.py
[2024-11-01T20:45:49.400+0000] {logging_mixin.py:190} INFO - [2024-11-01T20:45:49.400+0000] {dag.py:3239} INFO - Sync 1 DAGs
[2024-11-01T20:45:49.456+0000] {logging_mixin.py:190} INFO - [2024-11-01T20:45:49.456+0000] {dag.py:4180} INFO - Setting next_dagrun for sparking_flow to 2024-11-01 00:00:00+00:00, run_after=2024-11-02 00:00:00+00:00
[2024-11-01T20:45:49.514+0000] {processor.py:208} INFO - Processing /opt/airflow/dags/spark_airflow.py took 0.214 seconds
[2024-11-01T20:46:19.718+0000] {processor.py:186} INFO - Started process (PID=60267) to work on /opt/airflow/dags/spark_airflow.py
[2024-11-01T20:46:19.719+0000] {processor.py:914} INFO - Processing file /opt/airflow/dags/spark_airflow.py for tasks to queue
[2024-11-01T20:46:19.721+0000] {logging_mixin.py:190} INFO - [2024-11-01T20:46:19.720+0000] {dagbag.py:588} INFO - Filling up the DagBag from /opt/airflow/dags/spark_airflow.py
[2024-11-01T20:46:19.740+0000] {processor.py:925} INFO - DAG(s) 'sparking_flow' retrieved from /opt/airflow/dags/spark_airflow.py
[2024-11-01T20:46:19.767+0000] {logging_mixin.py:190} INFO - [2024-11-01T20:46:19.767+0000] {dag.py:3239} INFO - Sync 1 DAGs
[2024-11-01T20:46:19.789+0000] {logging_mixin.py:190} INFO - [2024-11-01T20:46:19.789+0000] {dag.py:4180} INFO - Setting next_dagrun for sparking_flow to 2024-11-01 00:00:00+00:00, run_after=2024-11-02 00:00:00+00:00
[2024-11-01T20:46:19.804+0000] {processor.py:208} INFO - Processing /opt/airflow/dags/spark_airflow.py took 0.092 seconds
[2024-11-01T20:46:49.919+0000] {processor.py:186} INFO - Started process (PID=60272) to work on /opt/airflow/dags/spark_airflow.py
[2024-11-01T20:46:49.920+0000] {processor.py:914} INFO - Processing file /opt/airflow/dags/spark_airflow.py for tasks to queue
[2024-11-01T20:46:49.921+0000] {logging_mixin.py:190} INFO - [2024-11-01T20:46:49.920+0000] {dagbag.py:588} INFO - Filling up the DagBag from /opt/airflow/dags/spark_airflow.py
[2024-11-01T20:46:49.938+0000] {processor.py:925} INFO - DAG(s) 'sparking_flow' retrieved from /opt/airflow/dags/spark_airflow.py
[2024-11-01T20:46:49.963+0000] {logging_mixin.py:190} INFO - [2024-11-01T20:46:49.963+0000] {dag.py:3239} INFO - Sync 1 DAGs
[2024-11-01T20:46:49.983+0000] {logging_mixin.py:190} INFO - [2024-11-01T20:46:49.983+0000] {dag.py:4180} INFO - Setting next_dagrun for sparking_flow to 2024-11-01 00:00:00+00:00, run_after=2024-11-02 00:00:00+00:00
[2024-11-01T20:46:49.997+0000] {processor.py:208} INFO - Processing /opt/airflow/dags/spark_airflow.py took 0.083 seconds
[2024-11-01T20:47:20.141+0000] {processor.py:186} INFO - Started process (PID=60277) to work on /opt/airflow/dags/spark_airflow.py
[2024-11-01T20:47:20.142+0000] {processor.py:914} INFO - Processing file /opt/airflow/dags/spark_airflow.py for tasks to queue
[2024-11-01T20:47:20.143+0000] {logging_mixin.py:190} INFO - [2024-11-01T20:47:20.143+0000] {dagbag.py:588} INFO - Filling up the DagBag from /opt/airflow/dags/spark_airflow.py
[2024-11-01T20:47:20.160+0000] {processor.py:925} INFO - DAG(s) 'sparking_flow' retrieved from /opt/airflow/dags/spark_airflow.py
[2024-11-01T20:47:20.185+0000] {logging_mixin.py:190} INFO - [2024-11-01T20:47:20.185+0000] {dag.py:3239} INFO - Sync 1 DAGs
[2024-11-01T20:47:20.207+0000] {logging_mixin.py:190} INFO - [2024-11-01T20:47:20.206+0000] {dag.py:4180} INFO - Setting next_dagrun for sparking_flow to 2024-11-01 00:00:00+00:00, run_after=2024-11-02 00:00:00+00:00
[2024-11-01T20:47:20.224+0000] {processor.py:208} INFO - Processing /opt/airflow/dags/spark_airflow.py took 0.087 seconds
[2024-11-01T20:47:50.328+0000] {processor.py:186} INFO - Started process (PID=60282) to work on /opt/airflow/dags/spark_airflow.py
[2024-11-01T20:47:50.329+0000] {processor.py:914} INFO - Processing file /opt/airflow/dags/spark_airflow.py for tasks to queue
[2024-11-01T20:47:50.331+0000] {logging_mixin.py:190} INFO - [2024-11-01T20:47:50.330+0000] {dagbag.py:588} INFO - Filling up the DagBag from /opt/airflow/dags/spark_airflow.py
[2024-11-01T20:47:50.348+0000] {processor.py:925} INFO - DAG(s) 'sparking_flow' retrieved from /opt/airflow/dags/spark_airflow.py
[2024-11-01T20:47:50.374+0000] {logging_mixin.py:190} INFO - [2024-11-01T20:47:50.374+0000] {dag.py:3239} INFO - Sync 1 DAGs
[2024-11-01T20:47:50.397+0000] {logging_mixin.py:190} INFO - [2024-11-01T20:47:50.397+0000] {dag.py:4180} INFO - Setting next_dagrun for sparking_flow to 2024-11-01 00:00:00+00:00, run_after=2024-11-02 00:00:00+00:00
[2024-11-01T20:47:50.415+0000] {processor.py:208} INFO - Processing /opt/airflow/dags/spark_airflow.py took 0.092 seconds
[2024-11-01T20:48:20.566+0000] {processor.py:186} INFO - Started process (PID=60287) to work on /opt/airflow/dags/spark_airflow.py
[2024-11-01T20:48:20.566+0000] {processor.py:914} INFO - Processing file /opt/airflow/dags/spark_airflow.py for tasks to queue
[2024-11-01T20:48:20.567+0000] {logging_mixin.py:190} INFO - [2024-11-01T20:48:20.567+0000] {dagbag.py:588} INFO - Filling up the DagBag from /opt/airflow/dags/spark_airflow.py
[2024-11-01T20:48:20.583+0000] {processor.py:925} INFO - DAG(s) 'sparking_flow' retrieved from /opt/airflow/dags/spark_airflow.py
[2024-11-01T20:48:20.607+0000] {logging_mixin.py:190} INFO - [2024-11-01T20:48:20.607+0000] {dag.py:3239} INFO - Sync 1 DAGs
[2024-11-01T20:48:20.628+0000] {logging_mixin.py:190} INFO - [2024-11-01T20:48:20.628+0000] {dag.py:4180} INFO - Setting next_dagrun for sparking_flow to 2024-11-01 00:00:00+00:00, run_after=2024-11-02 00:00:00+00:00
[2024-11-01T20:48:20.645+0000] {processor.py:208} INFO - Processing /opt/airflow/dags/spark_airflow.py took 0.084 seconds
[2024-11-01T20:48:50.767+0000] {processor.py:186} INFO - Started process (PID=60292) to work on /opt/airflow/dags/spark_airflow.py
[2024-11-01T20:48:50.768+0000] {processor.py:914} INFO - Processing file /opt/airflow/dags/spark_airflow.py for tasks to queue
[2024-11-01T20:48:50.771+0000] {logging_mixin.py:190} INFO - [2024-11-01T20:48:50.770+0000] {dagbag.py:588} INFO - Filling up the DagBag from /opt/airflow/dags/spark_airflow.py
[2024-11-01T20:48:50.794+0000] {processor.py:925} INFO - DAG(s) 'sparking_flow' retrieved from /opt/airflow/dags/spark_airflow.py
[2024-11-01T20:48:50.826+0000] {logging_mixin.py:190} INFO - [2024-11-01T20:48:50.826+0000] {dag.py:3239} INFO - Sync 1 DAGs
[2024-11-01T20:48:50.851+0000] {logging_mixin.py:190} INFO - [2024-11-01T20:48:50.851+0000] {dag.py:4180} INFO - Setting next_dagrun for sparking_flow to 2024-11-01 00:00:00+00:00, run_after=2024-11-02 00:00:00+00:00
[2024-11-01T20:48:50.884+0000] {processor.py:208} INFO - Processing /opt/airflow/dags/spark_airflow.py took 0.124 seconds
[2024-11-01T20:49:20.998+0000] {processor.py:186} INFO - Started process (PID=60297) to work on /opt/airflow/dags/spark_airflow.py
[2024-11-01T20:49:20.999+0000] {processor.py:914} INFO - Processing file /opt/airflow/dags/spark_airflow.py for tasks to queue
[2024-11-01T20:49:21.001+0000] {logging_mixin.py:190} INFO - [2024-11-01T20:49:21.000+0000] {dagbag.py:588} INFO - Filling up the DagBag from /opt/airflow/dags/spark_airflow.py
[2024-11-01T20:49:21.022+0000] {processor.py:925} INFO - DAG(s) 'sparking_flow' retrieved from /opt/airflow/dags/spark_airflow.py
[2024-11-01T20:49:21.049+0000] {logging_mixin.py:190} INFO - [2024-11-01T20:49:21.049+0000] {dag.py:3239} INFO - Sync 1 DAGs
[2024-11-01T20:49:21.072+0000] {logging_mixin.py:190} INFO - [2024-11-01T20:49:21.072+0000] {dag.py:4180} INFO - Setting next_dagrun for sparking_flow to 2024-11-01 00:00:00+00:00, run_after=2024-11-02 00:00:00+00:00
[2024-11-01T20:49:21.088+0000] {processor.py:208} INFO - Processing /opt/airflow/dags/spark_airflow.py took 0.096 seconds
[2024-11-01T20:49:51.247+0000] {processor.py:186} INFO - Started process (PID=60302) to work on /opt/airflow/dags/spark_airflow.py
[2024-11-01T20:49:51.249+0000] {processor.py:914} INFO - Processing file /opt/airflow/dags/spark_airflow.py for tasks to queue
[2024-11-01T20:49:51.250+0000] {logging_mixin.py:190} INFO - [2024-11-01T20:49:51.250+0000] {dagbag.py:588} INFO - Filling up the DagBag from /opt/airflow/dags/spark_airflow.py
[2024-11-01T20:49:51.284+0000] {processor.py:925} INFO - DAG(s) 'sparking_flow' retrieved from /opt/airflow/dags/spark_airflow.py
[2024-11-01T20:49:51.311+0000] {logging_mixin.py:190} INFO - [2024-11-01T20:49:51.311+0000] {dag.py:3239} INFO - Sync 1 DAGs
[2024-11-01T20:49:51.333+0000] {logging_mixin.py:190} INFO - [2024-11-01T20:49:51.333+0000] {dag.py:4180} INFO - Setting next_dagrun for sparking_flow to 2024-11-01 00:00:00+00:00, run_after=2024-11-02 00:00:00+00:00
[2024-11-01T20:49:51.353+0000] {processor.py:208} INFO - Processing /opt/airflow/dags/spark_airflow.py took 0.111 seconds
[2024-11-01T20:50:21.447+0000] {processor.py:186} INFO - Started process (PID=60307) to work on /opt/airflow/dags/spark_airflow.py
[2024-11-01T20:50:21.448+0000] {processor.py:914} INFO - Processing file /opt/airflow/dags/spark_airflow.py for tasks to queue
[2024-11-01T20:50:21.450+0000] {logging_mixin.py:190} INFO - [2024-11-01T20:50:21.450+0000] {dagbag.py:588} INFO - Filling up the DagBag from /opt/airflow/dags/spark_airflow.py
[2024-11-01T20:50:21.470+0000] {processor.py:925} INFO - DAG(s) 'sparking_flow' retrieved from /opt/airflow/dags/spark_airflow.py
[2024-11-01T20:50:21.495+0000] {logging_mixin.py:190} INFO - [2024-11-01T20:50:21.495+0000] {dag.py:3239} INFO - Sync 1 DAGs
[2024-11-01T20:50:21.518+0000] {logging_mixin.py:190} INFO - [2024-11-01T20:50:21.517+0000] {dag.py:4180} INFO - Setting next_dagrun for sparking_flow to 2024-11-01 00:00:00+00:00, run_after=2024-11-02 00:00:00+00:00
[2024-11-01T20:50:21.534+0000] {processor.py:208} INFO - Processing /opt/airflow/dags/spark_airflow.py took 0.093 seconds
[2024-11-01T20:50:51.706+0000] {processor.py:186} INFO - Started process (PID=60312) to work on /opt/airflow/dags/spark_airflow.py
[2024-11-01T20:50:51.706+0000] {processor.py:914} INFO - Processing file /opt/airflow/dags/spark_airflow.py for tasks to queue
[2024-11-01T20:50:51.707+0000] {logging_mixin.py:190} INFO - [2024-11-01T20:50:51.707+0000] {dagbag.py:588} INFO - Filling up the DagBag from /opt/airflow/dags/spark_airflow.py
[2024-11-01T20:50:51.725+0000] {processor.py:925} INFO - DAG(s) 'sparking_flow' retrieved from /opt/airflow/dags/spark_airflow.py
[2024-11-01T20:50:51.749+0000] {logging_mixin.py:190} INFO - [2024-11-01T20:50:51.749+0000] {dag.py:3239} INFO - Sync 1 DAGs
[2024-11-01T20:50:51.774+0000] {logging_mixin.py:190} INFO - [2024-11-01T20:50:51.774+0000] {dag.py:4180} INFO - Setting next_dagrun for sparking_flow to 2024-11-01 00:00:00+00:00, run_after=2024-11-02 00:00:00+00:00
[2024-11-01T20:50:51.792+0000] {processor.py:208} INFO - Processing /opt/airflow/dags/spark_airflow.py took 0.090 seconds
[2024-11-01T20:51:21.891+0000] {processor.py:186} INFO - Started process (PID=60317) to work on /opt/airflow/dags/spark_airflow.py
[2024-11-01T20:51:21.892+0000] {processor.py:914} INFO - Processing file /opt/airflow/dags/spark_airflow.py for tasks to queue
[2024-11-01T20:51:21.893+0000] {logging_mixin.py:190} INFO - [2024-11-01T20:51:21.892+0000] {dagbag.py:588} INFO - Filling up the DagBag from /opt/airflow/dags/spark_airflow.py
[2024-11-01T20:51:21.912+0000] {processor.py:925} INFO - DAG(s) 'sparking_flow' retrieved from /opt/airflow/dags/spark_airflow.py
[2024-11-01T20:51:21.940+0000] {logging_mixin.py:190} INFO - [2024-11-01T20:51:21.940+0000] {dag.py:3239} INFO - Sync 1 DAGs
[2024-11-01T20:51:21.963+0000] {logging_mixin.py:190} INFO - [2024-11-01T20:51:21.963+0000] {dag.py:4180} INFO - Setting next_dagrun for sparking_flow to 2024-11-01 00:00:00+00:00, run_after=2024-11-02 00:00:00+00:00
[2024-11-01T20:51:21.981+0000] {processor.py:208} INFO - Processing /opt/airflow/dags/spark_airflow.py took 0.097 seconds
[2024-11-01T20:51:52.160+0000] {processor.py:186} INFO - Started process (PID=60322) to work on /opt/airflow/dags/spark_airflow.py
[2024-11-01T20:51:52.160+0000] {processor.py:914} INFO - Processing file /opt/airflow/dags/spark_airflow.py for tasks to queue
[2024-11-01T20:51:52.161+0000] {logging_mixin.py:190} INFO - [2024-11-01T20:51:52.161+0000] {dagbag.py:588} INFO - Filling up the DagBag from /opt/airflow/dags/spark_airflow.py
[2024-11-01T20:51:52.178+0000] {processor.py:925} INFO - DAG(s) 'sparking_flow' retrieved from /opt/airflow/dags/spark_airflow.py
[2024-11-01T20:51:52.204+0000] {logging_mixin.py:190} INFO - [2024-11-01T20:51:52.203+0000] {dag.py:3239} INFO - Sync 1 DAGs
[2024-11-01T20:51:52.226+0000] {logging_mixin.py:190} INFO - [2024-11-01T20:51:52.226+0000] {dag.py:4180} INFO - Setting next_dagrun for sparking_flow to 2024-11-01 00:00:00+00:00, run_after=2024-11-02 00:00:00+00:00
[2024-11-01T20:51:52.243+0000] {processor.py:208} INFO - Processing /opt/airflow/dags/spark_airflow.py took 0.087 seconds
[2024-11-01T20:52:22.348+0000] {processor.py:186} INFO - Started process (PID=60327) to work on /opt/airflow/dags/spark_airflow.py
[2024-11-01T20:52:22.349+0000] {processor.py:914} INFO - Processing file /opt/airflow/dags/spark_airflow.py for tasks to queue
[2024-11-01T20:52:22.350+0000] {logging_mixin.py:190} INFO - [2024-11-01T20:52:22.350+0000] {dagbag.py:588} INFO - Filling up the DagBag from /opt/airflow/dags/spark_airflow.py
[2024-11-01T20:52:22.368+0000] {processor.py:925} INFO - DAG(s) 'sparking_flow' retrieved from /opt/airflow/dags/spark_airflow.py
[2024-11-01T20:52:22.392+0000] {logging_mixin.py:190} INFO - [2024-11-01T20:52:22.391+0000] {dag.py:3239} INFO - Sync 1 DAGs
[2024-11-01T20:52:22.412+0000] {logging_mixin.py:190} INFO - [2024-11-01T20:52:22.412+0000] {dag.py:4180} INFO - Setting next_dagrun for sparking_flow to 2024-11-01 00:00:00+00:00, run_after=2024-11-02 00:00:00+00:00
[2024-11-01T20:52:22.442+0000] {processor.py:208} INFO - Processing /opt/airflow/dags/spark_airflow.py took 0.100 seconds
[2024-11-01T20:52:52.587+0000] {processor.py:186} INFO - Started process (PID=60332) to work on /opt/airflow/dags/spark_airflow.py
[2024-11-01T20:52:52.588+0000] {processor.py:914} INFO - Processing file /opt/airflow/dags/spark_airflow.py for tasks to queue
[2024-11-01T20:52:52.589+0000] {logging_mixin.py:190} INFO - [2024-11-01T20:52:52.588+0000] {dagbag.py:588} INFO - Filling up the DagBag from /opt/airflow/dags/spark_airflow.py
[2024-11-01T20:52:52.603+0000] {processor.py:925} INFO - DAG(s) 'sparking_flow' retrieved from /opt/airflow/dags/spark_airflow.py
[2024-11-01T20:52:52.626+0000] {logging_mixin.py:190} INFO - [2024-11-01T20:52:52.626+0000] {dag.py:3239} INFO - Sync 1 DAGs
[2024-11-01T20:52:52.646+0000] {logging_mixin.py:190} INFO - [2024-11-01T20:52:52.646+0000] {dag.py:4180} INFO - Setting next_dagrun for sparking_flow to 2024-11-01 00:00:00+00:00, run_after=2024-11-02 00:00:00+00:00
[2024-11-01T20:52:52.663+0000] {processor.py:208} INFO - Processing /opt/airflow/dags/spark_airflow.py took 0.083 seconds
[2024-11-01T20:53:22.788+0000] {processor.py:186} INFO - Started process (PID=60337) to work on /opt/airflow/dags/spark_airflow.py
[2024-11-01T20:53:22.790+0000] {processor.py:914} INFO - Processing file /opt/airflow/dags/spark_airflow.py for tasks to queue
[2024-11-01T20:53:22.791+0000] {logging_mixin.py:190} INFO - [2024-11-01T20:53:22.790+0000] {dagbag.py:588} INFO - Filling up the DagBag from /opt/airflow/dags/spark_airflow.py
[2024-11-01T20:53:22.810+0000] {processor.py:925} INFO - DAG(s) 'sparking_flow' retrieved from /opt/airflow/dags/spark_airflow.py
[2024-11-01T20:53:22.836+0000] {logging_mixin.py:190} INFO - [2024-11-01T20:53:22.836+0000] {dag.py:3239} INFO - Sync 1 DAGs
[2024-11-01T20:53:22.859+0000] {logging_mixin.py:190} INFO - [2024-11-01T20:53:22.859+0000] {dag.py:4180} INFO - Setting next_dagrun for sparking_flow to 2024-11-01 00:00:00+00:00, run_after=2024-11-02 00:00:00+00:00
[2024-11-01T20:53:22.875+0000] {processor.py:208} INFO - Processing /opt/airflow/dags/spark_airflow.py took 0.093 seconds
[2024-11-01T20:53:53.015+0000] {processor.py:186} INFO - Started process (PID=60342) to work on /opt/airflow/dags/spark_airflow.py
[2024-11-01T20:53:53.016+0000] {processor.py:914} INFO - Processing file /opt/airflow/dags/spark_airflow.py for tasks to queue
[2024-11-01T20:53:53.018+0000] {logging_mixin.py:190} INFO - [2024-11-01T20:53:53.017+0000] {dagbag.py:588} INFO - Filling up the DagBag from /opt/airflow/dags/spark_airflow.py
[2024-11-01T20:53:53.038+0000] {processor.py:925} INFO - DAG(s) 'sparking_flow' retrieved from /opt/airflow/dags/spark_airflow.py
[2024-11-01T20:53:53.065+0000] {logging_mixin.py:190} INFO - [2024-11-01T20:53:53.064+0000] {dag.py:3239} INFO - Sync 1 DAGs
[2024-11-01T20:53:53.087+0000] {logging_mixin.py:190} INFO - [2024-11-01T20:53:53.087+0000] {dag.py:4180} INFO - Setting next_dagrun for sparking_flow to 2024-11-01 00:00:00+00:00, run_after=2024-11-02 00:00:00+00:00
[2024-11-01T20:53:53.104+0000] {processor.py:208} INFO - Processing /opt/airflow/dags/spark_airflow.py took 0.095 seconds
[2024-11-01T20:54:23.223+0000] {processor.py:186} INFO - Started process (PID=60347) to work on /opt/airflow/dags/spark_airflow.py
[2024-11-01T20:54:23.224+0000] {processor.py:914} INFO - Processing file /opt/airflow/dags/spark_airflow.py for tasks to queue
[2024-11-01T20:54:23.225+0000] {logging_mixin.py:190} INFO - [2024-11-01T20:54:23.225+0000] {dagbag.py:588} INFO - Filling up the DagBag from /opt/airflow/dags/spark_airflow.py
[2024-11-01T20:54:23.244+0000] {processor.py:925} INFO - DAG(s) 'sparking_flow' retrieved from /opt/airflow/dags/spark_airflow.py
[2024-11-01T20:54:23.271+0000] {logging_mixin.py:190} INFO - [2024-11-01T20:54:23.271+0000] {dag.py:3239} INFO - Sync 1 DAGs
[2024-11-01T20:54:23.292+0000] {logging_mixin.py:190} INFO - [2024-11-01T20:54:23.292+0000] {dag.py:4180} INFO - Setting next_dagrun for sparking_flow to 2024-11-01 00:00:00+00:00, run_after=2024-11-02 00:00:00+00:00
[2024-11-01T20:54:23.310+0000] {processor.py:208} INFO - Processing /opt/airflow/dags/spark_airflow.py took 0.093 seconds
[2024-11-01T20:54:53.482+0000] {processor.py:186} INFO - Started process (PID=60352) to work on /opt/airflow/dags/spark_airflow.py
[2024-11-01T20:54:53.484+0000] {processor.py:914} INFO - Processing file /opt/airflow/dags/spark_airflow.py for tasks to queue
[2024-11-01T20:54:53.486+0000] {logging_mixin.py:190} INFO - [2024-11-01T20:54:53.485+0000] {dagbag.py:588} INFO - Filling up the DagBag from /opt/airflow/dags/spark_airflow.py
[2024-11-01T20:54:53.518+0000] {processor.py:925} INFO - DAG(s) 'sparking_flow' retrieved from /opt/airflow/dags/spark_airflow.py
[2024-11-01T20:54:53.548+0000] {logging_mixin.py:190} INFO - [2024-11-01T20:54:53.548+0000] {dag.py:3239} INFO - Sync 1 DAGs
[2024-11-01T20:54:53.573+0000] {logging_mixin.py:190} INFO - [2024-11-01T20:54:53.572+0000] {dag.py:4180} INFO - Setting next_dagrun for sparking_flow to 2024-11-01 00:00:00+00:00, run_after=2024-11-02 00:00:00+00:00
[2024-11-01T20:54:53.589+0000] {processor.py:208} INFO - Processing /opt/airflow/dags/spark_airflow.py took 0.129 seconds
[2024-11-01T20:55:23.719+0000] {processor.py:186} INFO - Started process (PID=60357) to work on /opt/airflow/dags/spark_airflow.py
[2024-11-01T20:55:23.723+0000] {processor.py:914} INFO - Processing file /opt/airflow/dags/spark_airflow.py for tasks to queue
[2024-11-01T20:55:23.725+0000] {logging_mixin.py:190} INFO - [2024-11-01T20:55:23.724+0000] {dagbag.py:588} INFO - Filling up the DagBag from /opt/airflow/dags/spark_airflow.py
[2024-11-01T20:55:23.744+0000] {processor.py:925} INFO - DAG(s) 'sparking_flow' retrieved from /opt/airflow/dags/spark_airflow.py
[2024-11-01T20:55:23.768+0000] {logging_mixin.py:190} INFO - [2024-11-01T20:55:23.768+0000] {dag.py:3239} INFO - Sync 1 DAGs
[2024-11-01T20:55:23.788+0000] {logging_mixin.py:190} INFO - [2024-11-01T20:55:23.788+0000] {dag.py:4180} INFO - Setting next_dagrun for sparking_flow to 2024-11-01 00:00:00+00:00, run_after=2024-11-02 00:00:00+00:00
[2024-11-01T20:55:23.803+0000] {processor.py:208} INFO - Processing /opt/airflow/dags/spark_airflow.py took 0.124 seconds
[2024-11-01T20:55:53.959+0000] {processor.py:186} INFO - Started process (PID=60362) to work on /opt/airflow/dags/spark_airflow.py
[2024-11-01T20:55:53.961+0000] {processor.py:914} INFO - Processing file /opt/airflow/dags/spark_airflow.py for tasks to queue
[2024-11-01T20:55:53.962+0000] {logging_mixin.py:190} INFO - [2024-11-01T20:55:53.961+0000] {dagbag.py:588} INFO - Filling up the DagBag from /opt/airflow/dags/spark_airflow.py
[2024-11-01T20:55:54.006+0000] {processor.py:925} INFO - DAG(s) 'sparking_flow' retrieved from /opt/airflow/dags/spark_airflow.py
[2024-11-01T20:55:54.036+0000] {logging_mixin.py:190} INFO - [2024-11-01T20:55:54.036+0000] {dag.py:3239} INFO - Sync 1 DAGs
[2024-11-01T20:55:54.062+0000] {logging_mixin.py:190} INFO - [2024-11-01T20:55:54.061+0000] {dag.py:4180} INFO - Setting next_dagrun for sparking_flow to 2024-11-01 00:00:00+00:00, run_after=2024-11-02 00:00:00+00:00
[2024-11-01T20:55:54.083+0000] {processor.py:208} INFO - Processing /opt/airflow/dags/spark_airflow.py took 0.131 seconds
[2024-11-01T20:56:24.176+0000] {processor.py:186} INFO - Started process (PID=60367) to work on /opt/airflow/dags/spark_airflow.py
[2024-11-01T20:56:24.177+0000] {processor.py:914} INFO - Processing file /opt/airflow/dags/spark_airflow.py for tasks to queue
[2024-11-01T20:56:24.179+0000] {logging_mixin.py:190} INFO - [2024-11-01T20:56:24.178+0000] {dagbag.py:588} INFO - Filling up the DagBag from /opt/airflow/dags/spark_airflow.py
[2024-11-01T20:56:24.209+0000] {processor.py:925} INFO - DAG(s) 'sparking_flow' retrieved from /opt/airflow/dags/spark_airflow.py
[2024-11-01T20:56:24.244+0000] {logging_mixin.py:190} INFO - [2024-11-01T20:56:24.243+0000] {dag.py:3239} INFO - Sync 1 DAGs
[2024-11-01T20:56:24.265+0000] {logging_mixin.py:190} INFO - [2024-11-01T20:56:24.265+0000] {dag.py:4180} INFO - Setting next_dagrun for sparking_flow to 2024-11-01 00:00:00+00:00, run_after=2024-11-02 00:00:00+00:00
[2024-11-01T20:56:24.280+0000] {processor.py:208} INFO - Processing /opt/airflow/dags/spark_airflow.py took 0.110 seconds
[2024-11-01T20:56:54.464+0000] {processor.py:186} INFO - Started process (PID=60372) to work on /opt/airflow/dags/spark_airflow.py
[2024-11-01T20:56:54.465+0000] {processor.py:914} INFO - Processing file /opt/airflow/dags/spark_airflow.py for tasks to queue
[2024-11-01T20:56:54.466+0000] {logging_mixin.py:190} INFO - [2024-11-01T20:56:54.466+0000] {dagbag.py:588} INFO - Filling up the DagBag from /opt/airflow/dags/spark_airflow.py
[2024-11-01T20:56:54.484+0000] {processor.py:925} INFO - DAG(s) 'sparking_flow' retrieved from /opt/airflow/dags/spark_airflow.py
[2024-11-01T20:56:54.510+0000] {logging_mixin.py:190} INFO - [2024-11-01T20:56:54.510+0000] {dag.py:3239} INFO - Sync 1 DAGs
[2024-11-01T20:56:54.532+0000] {logging_mixin.py:190} INFO - [2024-11-01T20:56:54.532+0000] {dag.py:4180} INFO - Setting next_dagrun for sparking_flow to 2024-11-01 00:00:00+00:00, run_after=2024-11-02 00:00:00+00:00
[2024-11-01T20:56:54.547+0000] {processor.py:208} INFO - Processing /opt/airflow/dags/spark_airflow.py took 0.087 seconds
[2024-11-01T20:57:24.652+0000] {processor.py:186} INFO - Started process (PID=60377) to work on /opt/airflow/dags/spark_airflow.py
[2024-11-01T20:57:24.655+0000] {processor.py:914} INFO - Processing file /opt/airflow/dags/spark_airflow.py for tasks to queue
[2024-11-01T20:57:24.656+0000] {logging_mixin.py:190} INFO - [2024-11-01T20:57:24.656+0000] {dagbag.py:588} INFO - Filling up the DagBag from /opt/airflow/dags/spark_airflow.py
[2024-11-01T20:57:24.674+0000] {processor.py:925} INFO - DAG(s) 'sparking_flow' retrieved from /opt/airflow/dags/spark_airflow.py
[2024-11-01T20:57:24.700+0000] {logging_mixin.py:190} INFO - [2024-11-01T20:57:24.700+0000] {dag.py:3239} INFO - Sync 1 DAGs
[2024-11-01T20:57:24.721+0000] {logging_mixin.py:190} INFO - [2024-11-01T20:57:24.721+0000] {dag.py:4180} INFO - Setting next_dagrun for sparking_flow to 2024-11-01 00:00:00+00:00, run_after=2024-11-02 00:00:00+00:00
[2024-11-01T20:57:24.738+0000] {processor.py:208} INFO - Processing /opt/airflow/dags/spark_airflow.py took 0.091 seconds
[2024-11-01T20:57:54.919+0000] {processor.py:186} INFO - Started process (PID=60382) to work on /opt/airflow/dags/spark_airflow.py
[2024-11-01T20:57:54.920+0000] {processor.py:914} INFO - Processing file /opt/airflow/dags/spark_airflow.py for tasks to queue
[2024-11-01T20:57:54.922+0000] {logging_mixin.py:190} INFO - [2024-11-01T20:57:54.921+0000] {dagbag.py:588} INFO - Filling up the DagBag from /opt/airflow/dags/spark_airflow.py
[2024-11-01T20:57:54.943+0000] {processor.py:925} INFO - DAG(s) 'sparking_flow' retrieved from /opt/airflow/dags/spark_airflow.py
[2024-11-01T20:57:54.972+0000] {logging_mixin.py:190} INFO - [2024-11-01T20:57:54.972+0000] {dag.py:3239} INFO - Sync 1 DAGs
[2024-11-01T20:57:54.997+0000] {logging_mixin.py:190} INFO - [2024-11-01T20:57:54.997+0000] {dag.py:4180} INFO - Setting next_dagrun for sparking_flow to 2024-11-01 00:00:00+00:00, run_after=2024-11-02 00:00:00+00:00
[2024-11-01T20:57:55.018+0000] {processor.py:208} INFO - Processing /opt/airflow/dags/spark_airflow.py took 0.106 seconds
[2024-11-01T20:58:25.093+0000] {processor.py:186} INFO - Started process (PID=60387) to work on /opt/airflow/dags/spark_airflow.py
[2024-11-01T20:58:25.094+0000] {processor.py:914} INFO - Processing file /opt/airflow/dags/spark_airflow.py for tasks to queue
[2024-11-01T20:58:25.095+0000] {logging_mixin.py:190} INFO - [2024-11-01T20:58:25.094+0000] {dagbag.py:588} INFO - Filling up the DagBag from /opt/airflow/dags/spark_airflow.py
[2024-11-01T20:58:25.112+0000] {processor.py:925} INFO - DAG(s) 'sparking_flow' retrieved from /opt/airflow/dags/spark_airflow.py
[2024-11-01T20:58:25.138+0000] {logging_mixin.py:190} INFO - [2024-11-01T20:58:25.138+0000] {dag.py:3239} INFO - Sync 1 DAGs
[2024-11-01T20:58:25.160+0000] {logging_mixin.py:190} INFO - [2024-11-01T20:58:25.160+0000] {dag.py:4180} INFO - Setting next_dagrun for sparking_flow to 2024-11-01 00:00:00+00:00, run_after=2024-11-02 00:00:00+00:00
[2024-11-01T20:58:25.178+0000] {processor.py:208} INFO - Processing /opt/airflow/dags/spark_airflow.py took 0.090 seconds
[2024-11-01T20:58:55.362+0000] {processor.py:186} INFO - Started process (PID=60392) to work on /opt/airflow/dags/spark_airflow.py
[2024-11-01T20:58:55.363+0000] {processor.py:914} INFO - Processing file /opt/airflow/dags/spark_airflow.py for tasks to queue
[2024-11-01T20:58:55.364+0000] {logging_mixin.py:190} INFO - [2024-11-01T20:58:55.364+0000] {dagbag.py:588} INFO - Filling up the DagBag from /opt/airflow/dags/spark_airflow.py
[2024-11-01T20:58:55.382+0000] {processor.py:925} INFO - DAG(s) 'sparking_flow' retrieved from /opt/airflow/dags/spark_airflow.py
[2024-11-01T20:58:55.405+0000] {logging_mixin.py:190} INFO - [2024-11-01T20:58:55.405+0000] {dag.py:3239} INFO - Sync 1 DAGs
[2024-11-01T20:58:55.426+0000] {logging_mixin.py:190} INFO - [2024-11-01T20:58:55.425+0000] {dag.py:4180} INFO - Setting next_dagrun for sparking_flow to 2024-11-01 00:00:00+00:00, run_after=2024-11-02 00:00:00+00:00
[2024-11-01T20:58:55.443+0000] {processor.py:208} INFO - Processing /opt/airflow/dags/spark_airflow.py took 0.085 seconds
[2024-11-01T20:59:25.540+0000] {processor.py:186} INFO - Started process (PID=60397) to work on /opt/airflow/dags/spark_airflow.py
[2024-11-01T20:59:25.541+0000] {processor.py:914} INFO - Processing file /opt/airflow/dags/spark_airflow.py for tasks to queue
[2024-11-01T20:59:25.542+0000] {logging_mixin.py:190} INFO - [2024-11-01T20:59:25.542+0000] {dagbag.py:588} INFO - Filling up the DagBag from /opt/airflow/dags/spark_airflow.py
[2024-11-01T20:59:25.560+0000] {processor.py:925} INFO - DAG(s) 'sparking_flow' retrieved from /opt/airflow/dags/spark_airflow.py
[2024-11-01T20:59:25.583+0000] {logging_mixin.py:190} INFO - [2024-11-01T20:59:25.583+0000] {dag.py:3239} INFO - Sync 1 DAGs
[2024-11-01T20:59:25.604+0000] {logging_mixin.py:190} INFO - [2024-11-01T20:59:25.604+0000] {dag.py:4180} INFO - Setting next_dagrun for sparking_flow to 2024-11-01 00:00:00+00:00, run_after=2024-11-02 00:00:00+00:00
[2024-11-01T20:59:25.621+0000] {processor.py:208} INFO - Processing /opt/airflow/dags/spark_airflow.py took 0.085 seconds
[2024-11-01T20:59:55.785+0000] {processor.py:186} INFO - Started process (PID=60402) to work on /opt/airflow/dags/spark_airflow.py
[2024-11-01T20:59:55.785+0000] {processor.py:914} INFO - Processing file /opt/airflow/dags/spark_airflow.py for tasks to queue
[2024-11-01T20:59:55.787+0000] {logging_mixin.py:190} INFO - [2024-11-01T20:59:55.787+0000] {dagbag.py:588} INFO - Filling up the DagBag from /opt/airflow/dags/spark_airflow.py
[2024-11-01T20:59:55.806+0000] {processor.py:925} INFO - DAG(s) 'sparking_flow' retrieved from /opt/airflow/dags/spark_airflow.py
[2024-11-01T20:59:55.832+0000] {logging_mixin.py:190} INFO - [2024-11-01T20:59:55.832+0000] {dag.py:3239} INFO - Sync 1 DAGs
[2024-11-01T20:59:55.859+0000] {logging_mixin.py:190} INFO - [2024-11-01T20:59:55.859+0000] {dag.py:4180} INFO - Setting next_dagrun for sparking_flow to 2024-11-01 00:00:00+00:00, run_after=2024-11-02 00:00:00+00:00
[2024-11-01T20:59:55.878+0000] {processor.py:208} INFO - Processing /opt/airflow/dags/spark_airflow.py took 0.098 seconds
[2024-11-01T21:00:25.980+0000] {processor.py:186} INFO - Started process (PID=60407) to work on /opt/airflow/dags/spark_airflow.py
[2024-11-01T21:00:25.981+0000] {processor.py:914} INFO - Processing file /opt/airflow/dags/spark_airflow.py for tasks to queue
[2024-11-01T21:00:25.983+0000] {logging_mixin.py:190} INFO - [2024-11-01T21:00:25.982+0000] {dagbag.py:588} INFO - Filling up the DagBag from /opt/airflow/dags/spark_airflow.py
[2024-11-01T21:00:26.002+0000] {processor.py:925} INFO - DAG(s) 'sparking_flow' retrieved from /opt/airflow/dags/spark_airflow.py
[2024-11-01T21:00:26.027+0000] {logging_mixin.py:190} INFO - [2024-11-01T21:00:26.027+0000] {dag.py:3239} INFO - Sync 1 DAGs
[2024-11-01T21:00:26.048+0000] {logging_mixin.py:190} INFO - [2024-11-01T21:00:26.048+0000] {dag.py:4180} INFO - Setting next_dagrun for sparking_flow to 2024-11-01 00:00:00+00:00, run_after=2024-11-02 00:00:00+00:00
[2024-11-01T21:00:26.064+0000] {processor.py:208} INFO - Processing /opt/airflow/dags/spark_airflow.py took 0.090 seconds
[2024-11-01T21:00:56.235+0000] {processor.py:186} INFO - Started process (PID=60412) to work on /opt/airflow/dags/spark_airflow.py
[2024-11-01T21:00:56.236+0000] {processor.py:914} INFO - Processing file /opt/airflow/dags/spark_airflow.py for tasks to queue
[2024-11-01T21:00:56.237+0000] {logging_mixin.py:190} INFO - [2024-11-01T21:00:56.237+0000] {dagbag.py:588} INFO - Filling up the DagBag from /opt/airflow/dags/spark_airflow.py
[2024-11-01T21:00:56.255+0000] {processor.py:925} INFO - DAG(s) 'sparking_flow' retrieved from /opt/airflow/dags/spark_airflow.py
[2024-11-01T21:00:56.280+0000] {logging_mixin.py:190} INFO - [2024-11-01T21:00:56.279+0000] {dag.py:3239} INFO - Sync 1 DAGs
[2024-11-01T21:00:56.303+0000] {logging_mixin.py:190} INFO - [2024-11-01T21:00:56.303+0000] {dag.py:4180} INFO - Setting next_dagrun for sparking_flow to 2024-11-01 00:00:00+00:00, run_after=2024-11-02 00:00:00+00:00
[2024-11-01T21:00:56.319+0000] {processor.py:208} INFO - Processing /opt/airflow/dags/spark_airflow.py took 0.100 seconds
[2024-11-01T21:01:26.412+0000] {processor.py:186} INFO - Started process (PID=60417) to work on /opt/airflow/dags/spark_airflow.py
[2024-11-01T21:01:26.413+0000] {processor.py:914} INFO - Processing file /opt/airflow/dags/spark_airflow.py for tasks to queue
[2024-11-01T21:01:26.415+0000] {logging_mixin.py:190} INFO - [2024-11-01T21:01:26.414+0000] {dagbag.py:588} INFO - Filling up the DagBag from /opt/airflow/dags/spark_airflow.py
[2024-11-01T21:01:26.437+0000] {processor.py:925} INFO - DAG(s) 'sparking_flow' retrieved from /opt/airflow/dags/spark_airflow.py
[2024-11-01T21:01:26.465+0000] {logging_mixin.py:190} INFO - [2024-11-01T21:01:26.465+0000] {dag.py:3239} INFO - Sync 1 DAGs
[2024-11-01T21:01:26.486+0000] {logging_mixin.py:190} INFO - [2024-11-01T21:01:26.485+0000] {dag.py:4180} INFO - Setting next_dagrun for sparking_flow to 2024-11-01 00:00:00+00:00, run_after=2024-11-02 00:00:00+00:00
[2024-11-01T21:01:26.501+0000] {processor.py:208} INFO - Processing /opt/airflow/dags/spark_airflow.py took 0.096 seconds
[2024-11-01T21:01:56.692+0000] {processor.py:186} INFO - Started process (PID=60422) to work on /opt/airflow/dags/spark_airflow.py
[2024-11-01T21:01:56.693+0000] {processor.py:914} INFO - Processing file /opt/airflow/dags/spark_airflow.py for tasks to queue
[2024-11-01T21:01:56.694+0000] {logging_mixin.py:190} INFO - [2024-11-01T21:01:56.694+0000] {dagbag.py:588} INFO - Filling up the DagBag from /opt/airflow/dags/spark_airflow.py
[2024-11-01T21:01:56.712+0000] {processor.py:925} INFO - DAG(s) 'sparking_flow' retrieved from /opt/airflow/dags/spark_airflow.py
[2024-11-01T21:01:56.738+0000] {logging_mixin.py:190} INFO - [2024-11-01T21:01:56.738+0000] {dag.py:3239} INFO - Sync 1 DAGs
[2024-11-01T21:01:56.763+0000] {logging_mixin.py:190} INFO - [2024-11-01T21:01:56.762+0000] {dag.py:4180} INFO - Setting next_dagrun for sparking_flow to 2024-11-01 00:00:00+00:00, run_after=2024-11-02 00:00:00+00:00
[2024-11-01T21:01:56.779+0000] {processor.py:208} INFO - Processing /opt/airflow/dags/spark_airflow.py took 0.092 seconds
[2024-11-01T21:02:26.874+0000] {processor.py:186} INFO - Started process (PID=60427) to work on /opt/airflow/dags/spark_airflow.py
[2024-11-01T21:02:26.875+0000] {processor.py:914} INFO - Processing file /opt/airflow/dags/spark_airflow.py for tasks to queue
[2024-11-01T21:02:26.876+0000] {logging_mixin.py:190} INFO - [2024-11-01T21:02:26.876+0000] {dagbag.py:588} INFO - Filling up the DagBag from /opt/airflow/dags/spark_airflow.py
[2024-11-01T21:02:26.894+0000] {processor.py:925} INFO - DAG(s) 'sparking_flow' retrieved from /opt/airflow/dags/spark_airflow.py
[2024-11-01T21:02:26.920+0000] {logging_mixin.py:190} INFO - [2024-11-01T21:02:26.920+0000] {dag.py:3239} INFO - Sync 1 DAGs
[2024-11-01T21:02:26.942+0000] {logging_mixin.py:190} INFO - [2024-11-01T21:02:26.941+0000] {dag.py:4180} INFO - Setting next_dagrun for sparking_flow to 2024-11-01 00:00:00+00:00, run_after=2024-11-02 00:00:00+00:00
[2024-11-01T21:02:26.959+0000] {processor.py:208} INFO - Processing /opt/airflow/dags/spark_airflow.py took 0.090 seconds
[2024-11-01T21:02:57.125+0000] {processor.py:186} INFO - Started process (PID=60432) to work on /opt/airflow/dags/spark_airflow.py
[2024-11-01T21:02:57.126+0000] {processor.py:914} INFO - Processing file /opt/airflow/dags/spark_airflow.py for tasks to queue
[2024-11-01T21:02:57.127+0000] {logging_mixin.py:190} INFO - [2024-11-01T21:02:57.127+0000] {dagbag.py:588} INFO - Filling up the DagBag from /opt/airflow/dags/spark_airflow.py
[2024-11-01T21:02:57.145+0000] {processor.py:925} INFO - DAG(s) 'sparking_flow' retrieved from /opt/airflow/dags/spark_airflow.py
[2024-11-01T21:02:57.172+0000] {logging_mixin.py:190} INFO - [2024-11-01T21:02:57.172+0000] {dag.py:3239} INFO - Sync 1 DAGs
[2024-11-01T21:02:57.194+0000] {logging_mixin.py:190} INFO - [2024-11-01T21:02:57.194+0000] {dag.py:4180} INFO - Setting next_dagrun for sparking_flow to 2024-11-01 00:00:00+00:00, run_after=2024-11-02 00:00:00+00:00
[2024-11-01T21:02:57.211+0000] {processor.py:208} INFO - Processing /opt/airflow/dags/spark_airflow.py took 0.090 seconds
[2024-11-01T21:03:27.302+0000] {processor.py:186} INFO - Started process (PID=60437) to work on /opt/airflow/dags/spark_airflow.py
[2024-11-01T21:03:27.303+0000] {processor.py:914} INFO - Processing file /opt/airflow/dags/spark_airflow.py for tasks to queue
[2024-11-01T21:03:27.304+0000] {logging_mixin.py:190} INFO - [2024-11-01T21:03:27.303+0000] {dagbag.py:588} INFO - Filling up the DagBag from /opt/airflow/dags/spark_airflow.py
[2024-11-01T21:03:27.320+0000] {processor.py:925} INFO - DAG(s) 'sparking_flow' retrieved from /opt/airflow/dags/spark_airflow.py
[2024-11-01T21:03:27.344+0000] {logging_mixin.py:190} INFO - [2024-11-01T21:03:27.344+0000] {dag.py:3239} INFO - Sync 1 DAGs
[2024-11-01T21:03:27.364+0000] {logging_mixin.py:190} INFO - [2024-11-01T21:03:27.364+0000] {dag.py:4180} INFO - Setting next_dagrun for sparking_flow to 2024-11-01 00:00:00+00:00, run_after=2024-11-02 00:00:00+00:00
[2024-11-01T21:03:27.380+0000] {processor.py:208} INFO - Processing /opt/airflow/dags/spark_airflow.py took 0.083 seconds
[2024-11-01T21:03:57.542+0000] {processor.py:186} INFO - Started process (PID=60442) to work on /opt/airflow/dags/spark_airflow.py
[2024-11-01T21:03:57.543+0000] {processor.py:914} INFO - Processing file /opt/airflow/dags/spark_airflow.py for tasks to queue
[2024-11-01T21:03:57.544+0000] {logging_mixin.py:190} INFO - [2024-11-01T21:03:57.544+0000] {dagbag.py:588} INFO - Filling up the DagBag from /opt/airflow/dags/spark_airflow.py
[2024-11-01T21:03:57.561+0000] {processor.py:925} INFO - DAG(s) 'sparking_flow' retrieved from /opt/airflow/dags/spark_airflow.py
[2024-11-01T21:03:57.589+0000] {logging_mixin.py:190} INFO - [2024-11-01T21:03:57.588+0000] {dag.py:3239} INFO - Sync 1 DAGs
[2024-11-01T21:03:57.613+0000] {logging_mixin.py:190} INFO - [2024-11-01T21:03:57.613+0000] {dag.py:4180} INFO - Setting next_dagrun for sparking_flow to 2024-11-01 00:00:00+00:00, run_after=2024-11-02 00:00:00+00:00
[2024-11-01T21:03:57.632+0000] {processor.py:208} INFO - Processing /opt/airflow/dags/spark_airflow.py took 0.094 seconds
[2024-11-01T21:04:27.734+0000] {processor.py:186} INFO - Started process (PID=60447) to work on /opt/airflow/dags/spark_airflow.py
[2024-11-01T21:04:27.735+0000] {processor.py:914} INFO - Processing file /opt/airflow/dags/spark_airflow.py for tasks to queue
[2024-11-01T21:04:27.736+0000] {logging_mixin.py:190} INFO - [2024-11-01T21:04:27.736+0000] {dagbag.py:588} INFO - Filling up the DagBag from /opt/airflow/dags/spark_airflow.py
[2024-11-01T21:04:27.755+0000] {processor.py:925} INFO - DAG(s) 'sparking_flow' retrieved from /opt/airflow/dags/spark_airflow.py
[2024-11-01T21:04:27.780+0000] {logging_mixin.py:190} INFO - [2024-11-01T21:04:27.780+0000] {dag.py:3239} INFO - Sync 1 DAGs
[2024-11-01T21:04:27.802+0000] {logging_mixin.py:190} INFO - [2024-11-01T21:04:27.802+0000] {dag.py:4180} INFO - Setting next_dagrun for sparking_flow to 2024-11-01 00:00:00+00:00, run_after=2024-11-02 00:00:00+00:00
[2024-11-01T21:04:27.818+0000] {processor.py:208} INFO - Processing /opt/airflow/dags/spark_airflow.py took 0.088 seconds
[2024-11-01T21:04:57.982+0000] {processor.py:186} INFO - Started process (PID=60452) to work on /opt/airflow/dags/spark_airflow.py
[2024-11-01T21:04:57.983+0000] {processor.py:914} INFO - Processing file /opt/airflow/dags/spark_airflow.py for tasks to queue
[2024-11-01T21:04:57.984+0000] {logging_mixin.py:190} INFO - [2024-11-01T21:04:57.984+0000] {dagbag.py:588} INFO - Filling up the DagBag from /opt/airflow/dags/spark_airflow.py
[2024-11-01T21:04:58.002+0000] {processor.py:925} INFO - DAG(s) 'sparking_flow' retrieved from /opt/airflow/dags/spark_airflow.py
[2024-11-01T21:04:58.027+0000] {logging_mixin.py:190} INFO - [2024-11-01T21:04:58.027+0000] {dag.py:3239} INFO - Sync 1 DAGs
[2024-11-01T21:04:58.050+0000] {logging_mixin.py:190} INFO - [2024-11-01T21:04:58.049+0000] {dag.py:4180} INFO - Setting next_dagrun for sparking_flow to 2024-11-01 00:00:00+00:00, run_after=2024-11-02 00:00:00+00:00
[2024-11-01T21:04:58.065+0000] {processor.py:208} INFO - Processing /opt/airflow/dags/spark_airflow.py took 0.088 seconds
[2024-11-01T21:05:28.167+0000] {processor.py:186} INFO - Started process (PID=60457) to work on /opt/airflow/dags/spark_airflow.py
[2024-11-01T21:05:28.168+0000] {processor.py:914} INFO - Processing file /opt/airflow/dags/spark_airflow.py for tasks to queue
[2024-11-01T21:05:28.169+0000] {logging_mixin.py:190} INFO - [2024-11-01T21:05:28.169+0000] {dagbag.py:588} INFO - Filling up the DagBag from /opt/airflow/dags/spark_airflow.py
[2024-11-01T21:05:28.190+0000] {processor.py:925} INFO - DAG(s) 'sparking_flow' retrieved from /opt/airflow/dags/spark_airflow.py
[2024-11-01T21:05:28.226+0000] {logging_mixin.py:190} INFO - [2024-11-01T21:05:28.225+0000] {dag.py:3239} INFO - Sync 1 DAGs
[2024-11-01T21:05:28.250+0000] {logging_mixin.py:190} INFO - [2024-11-01T21:05:28.249+0000] {dag.py:4180} INFO - Setting next_dagrun for sparking_flow to 2024-11-01 00:00:00+00:00, run_after=2024-11-02 00:00:00+00:00
[2024-11-01T21:05:28.269+0000] {processor.py:208} INFO - Processing /opt/airflow/dags/spark_airflow.py took 0.109 seconds
[2024-11-01T21:05:58.413+0000] {processor.py:186} INFO - Started process (PID=60462) to work on /opt/airflow/dags/spark_airflow.py
[2024-11-01T21:05:58.414+0000] {processor.py:914} INFO - Processing file /opt/airflow/dags/spark_airflow.py for tasks to queue
[2024-11-01T21:05:58.415+0000] {logging_mixin.py:190} INFO - [2024-11-01T21:05:58.415+0000] {dagbag.py:588} INFO - Filling up the DagBag from /opt/airflow/dags/spark_airflow.py
[2024-11-01T21:05:58.435+0000] {processor.py:925} INFO - DAG(s) 'sparking_flow' retrieved from /opt/airflow/dags/spark_airflow.py
[2024-11-01T21:05:58.458+0000] {logging_mixin.py:190} INFO - [2024-11-01T21:05:58.458+0000] {dag.py:3239} INFO - Sync 1 DAGs
[2024-11-01T21:05:58.478+0000] {logging_mixin.py:190} INFO - [2024-11-01T21:05:58.478+0000] {dag.py:4180} INFO - Setting next_dagrun for sparking_flow to 2024-11-01 00:00:00+00:00, run_after=2024-11-02 00:00:00+00:00
[2024-11-01T21:05:58.496+0000] {processor.py:208} INFO - Processing /opt/airflow/dags/spark_airflow.py took 0.090 seconds
[2024-11-01T21:06:28.603+0000] {processor.py:186} INFO - Started process (PID=60467) to work on /opt/airflow/dags/spark_airflow.py
[2024-11-01T21:06:28.604+0000] {processor.py:914} INFO - Processing file /opt/airflow/dags/spark_airflow.py for tasks to queue
[2024-11-01T21:06:28.605+0000] {logging_mixin.py:190} INFO - [2024-11-01T21:06:28.604+0000] {dagbag.py:588} INFO - Filling up the DagBag from /opt/airflow/dags/spark_airflow.py
[2024-11-01T21:06:28.623+0000] {processor.py:925} INFO - DAG(s) 'sparking_flow' retrieved from /opt/airflow/dags/spark_airflow.py
[2024-11-01T21:06:28.648+0000] {logging_mixin.py:190} INFO - [2024-11-01T21:06:28.648+0000] {dag.py:3239} INFO - Sync 1 DAGs
[2024-11-01T21:06:28.670+0000] {logging_mixin.py:190} INFO - [2024-11-01T21:06:28.670+0000] {dag.py:4180} INFO - Setting next_dagrun for sparking_flow to 2024-11-01 00:00:00+00:00, run_after=2024-11-02 00:00:00+00:00
[2024-11-01T21:06:28.685+0000] {processor.py:208} INFO - Processing /opt/airflow/dags/spark_airflow.py took 0.088 seconds
[2024-11-01T21:06:58.868+0000] {processor.py:186} INFO - Started process (PID=60472) to work on /opt/airflow/dags/spark_airflow.py
[2024-11-01T21:06:58.869+0000] {processor.py:914} INFO - Processing file /opt/airflow/dags/spark_airflow.py for tasks to queue
[2024-11-01T21:06:58.870+0000] {logging_mixin.py:190} INFO - [2024-11-01T21:06:58.869+0000] {dagbag.py:588} INFO - Filling up the DagBag from /opt/airflow/dags/spark_airflow.py
[2024-11-01T21:06:58.890+0000] {processor.py:925} INFO - DAG(s) 'sparking_flow' retrieved from /opt/airflow/dags/spark_airflow.py
[2024-11-01T21:06:58.916+0000] {logging_mixin.py:190} INFO - [2024-11-01T21:06:58.916+0000] {dag.py:3239} INFO - Sync 1 DAGs
[2024-11-01T21:06:58.938+0000] {logging_mixin.py:190} INFO - [2024-11-01T21:06:58.938+0000] {dag.py:4180} INFO - Setting next_dagrun for sparking_flow to 2024-11-01 00:00:00+00:00, run_after=2024-11-02 00:00:00+00:00
[2024-11-01T21:06:58.956+0000] {processor.py:208} INFO - Processing /opt/airflow/dags/spark_airflow.py took 0.095 seconds
[2024-11-01T21:07:29.048+0000] {processor.py:186} INFO - Started process (PID=60477) to work on /opt/airflow/dags/spark_airflow.py
[2024-11-01T21:07:29.049+0000] {processor.py:914} INFO - Processing file /opt/airflow/dags/spark_airflow.py for tasks to queue
[2024-11-01T21:07:29.050+0000] {logging_mixin.py:190} INFO - [2024-11-01T21:07:29.050+0000] {dagbag.py:588} INFO - Filling up the DagBag from /opt/airflow/dags/spark_airflow.py
[2024-11-01T21:07:29.070+0000] {processor.py:925} INFO - DAG(s) 'sparking_flow' retrieved from /opt/airflow/dags/spark_airflow.py
[2024-11-01T21:07:29.096+0000] {logging_mixin.py:190} INFO - [2024-11-01T21:07:29.096+0000] {dag.py:3239} INFO - Sync 1 DAGs
[2024-11-01T21:07:29.120+0000] {logging_mixin.py:190} INFO - [2024-11-01T21:07:29.120+0000] {dag.py:4180} INFO - Setting next_dagrun for sparking_flow to 2024-11-01 00:00:00+00:00, run_after=2024-11-02 00:00:00+00:00
[2024-11-01T21:07:29.137+0000] {processor.py:208} INFO - Processing /opt/airflow/dags/spark_airflow.py took 0.095 seconds
[2024-11-01T21:07:59.287+0000] {processor.py:186} INFO - Started process (PID=60482) to work on /opt/airflow/dags/spark_airflow.py
[2024-11-01T21:07:59.288+0000] {processor.py:914} INFO - Processing file /opt/airflow/dags/spark_airflow.py for tasks to queue
[2024-11-01T21:07:59.289+0000] {logging_mixin.py:190} INFO - [2024-11-01T21:07:59.289+0000] {dagbag.py:588} INFO - Filling up the DagBag from /opt/airflow/dags/spark_airflow.py
[2024-11-01T21:07:59.307+0000] {processor.py:925} INFO - DAG(s) 'sparking_flow' retrieved from /opt/airflow/dags/spark_airflow.py
[2024-11-01T21:07:59.332+0000] {logging_mixin.py:190} INFO - [2024-11-01T21:07:59.332+0000] {dag.py:3239} INFO - Sync 1 DAGs
[2024-11-01T21:07:59.355+0000] {logging_mixin.py:190} INFO - [2024-11-01T21:07:59.355+0000] {dag.py:4180} INFO - Setting next_dagrun for sparking_flow to 2024-11-01 00:00:00+00:00, run_after=2024-11-02 00:00:00+00:00
[2024-11-01T21:07:59.372+0000] {processor.py:208} INFO - Processing /opt/airflow/dags/spark_airflow.py took 0.094 seconds
[2024-11-01T21:08:29.473+0000] {processor.py:186} INFO - Started process (PID=60487) to work on /opt/airflow/dags/spark_airflow.py
[2024-11-01T21:08:29.475+0000] {processor.py:914} INFO - Processing file /opt/airflow/dags/spark_airflow.py for tasks to queue
[2024-11-01T21:08:29.477+0000] {logging_mixin.py:190} INFO - [2024-11-01T21:08:29.477+0000] {dagbag.py:588} INFO - Filling up the DagBag from /opt/airflow/dags/spark_airflow.py
[2024-11-01T21:08:29.498+0000] {processor.py:925} INFO - DAG(s) 'sparking_flow' retrieved from /opt/airflow/dags/spark_airflow.py
[2024-11-01T21:08:29.531+0000] {logging_mixin.py:190} INFO - [2024-11-01T21:08:29.531+0000] {dag.py:3239} INFO - Sync 1 DAGs
[2024-11-01T21:08:29.557+0000] {logging_mixin.py:190} INFO - [2024-11-01T21:08:29.557+0000] {dag.py:4180} INFO - Setting next_dagrun for sparking_flow to 2024-11-01 00:00:00+00:00, run_after=2024-11-02 00:00:00+00:00
[2024-11-01T21:08:29.577+0000] {processor.py:208} INFO - Processing /opt/airflow/dags/spark_airflow.py took 0.108 seconds
[2024-11-01T21:08:59.934+0000] {processor.py:186} INFO - Started process (PID=60492) to work on /opt/airflow/dags/spark_airflow.py
[2024-11-01T21:08:59.935+0000] {processor.py:914} INFO - Processing file /opt/airflow/dags/spark_airflow.py for tasks to queue
[2024-11-01T21:08:59.937+0000] {logging_mixin.py:190} INFO - [2024-11-01T21:08:59.937+0000] {dagbag.py:588} INFO - Filling up the DagBag from /opt/airflow/dags/spark_airflow.py
[2024-11-01T21:08:59.957+0000] {processor.py:925} INFO - DAG(s) 'sparking_flow' retrieved from /opt/airflow/dags/spark_airflow.py
[2024-11-01T21:08:59.986+0000] {logging_mixin.py:190} INFO - [2024-11-01T21:08:59.986+0000] {dag.py:3239} INFO - Sync 1 DAGs
[2024-11-01T21:09:00.015+0000] {logging_mixin.py:190} INFO - [2024-11-01T21:09:00.015+0000] {dag.py:4180} INFO - Setting next_dagrun for sparking_flow to 2024-11-01 00:00:00+00:00, run_after=2024-11-02 00:00:00+00:00
[2024-11-01T21:09:00.035+0000] {processor.py:208} INFO - Processing /opt/airflow/dags/spark_airflow.py took 0.108 seconds
[2024-11-01T21:09:30.159+0000] {processor.py:186} INFO - Started process (PID=60497) to work on /opt/airflow/dags/spark_airflow.py
[2024-11-01T21:09:30.160+0000] {processor.py:914} INFO - Processing file /opt/airflow/dags/spark_airflow.py for tasks to queue
[2024-11-01T21:09:30.162+0000] {logging_mixin.py:190} INFO - [2024-11-01T21:09:30.162+0000] {dagbag.py:588} INFO - Filling up the DagBag from /opt/airflow/dags/spark_airflow.py
[2024-11-01T21:09:30.186+0000] {processor.py:925} INFO - DAG(s) 'sparking_flow' retrieved from /opt/airflow/dags/spark_airflow.py
[2024-11-01T21:09:30.215+0000] {logging_mixin.py:190} INFO - [2024-11-01T21:09:30.215+0000] {dag.py:3239} INFO - Sync 1 DAGs
[2024-11-01T21:09:30.240+0000] {logging_mixin.py:190} INFO - [2024-11-01T21:09:30.239+0000] {dag.py:4180} INFO - Setting next_dagrun for sparking_flow to 2024-11-01 00:00:00+00:00, run_after=2024-11-02 00:00:00+00:00
[2024-11-01T21:09:30.261+0000] {processor.py:208} INFO - Processing /opt/airflow/dags/spark_airflow.py took 0.109 seconds
[2024-11-01T21:10:00.401+0000] {processor.py:186} INFO - Started process (PID=60502) to work on /opt/airflow/dags/spark_airflow.py
[2024-11-01T21:10:00.402+0000] {processor.py:914} INFO - Processing file /opt/airflow/dags/spark_airflow.py for tasks to queue
[2024-11-01T21:10:00.403+0000] {logging_mixin.py:190} INFO - [2024-11-01T21:10:00.402+0000] {dagbag.py:588} INFO - Filling up the DagBag from /opt/airflow/dags/spark_airflow.py
[2024-11-01T21:10:00.423+0000] {processor.py:925} INFO - DAG(s) 'sparking_flow' retrieved from /opt/airflow/dags/spark_airflow.py
[2024-11-01T21:10:00.458+0000] {logging_mixin.py:190} INFO - [2024-11-01T21:10:00.458+0000] {dag.py:3239} INFO - Sync 1 DAGs
[2024-11-01T21:10:00.481+0000] {logging_mixin.py:190} INFO - [2024-11-01T21:10:00.481+0000] {dag.py:4180} INFO - Setting next_dagrun for sparking_flow to 2024-11-01 00:00:00+00:00, run_after=2024-11-02 00:00:00+00:00
[2024-11-01T21:10:00.504+0000] {processor.py:208} INFO - Processing /opt/airflow/dags/spark_airflow.py took 0.108 seconds
[2024-11-01T21:10:30.628+0000] {processor.py:186} INFO - Started process (PID=60507) to work on /opt/airflow/dags/spark_airflow.py
[2024-11-01T21:10:30.630+0000] {processor.py:914} INFO - Processing file /opt/airflow/dags/spark_airflow.py for tasks to queue
[2024-11-01T21:10:30.632+0000] {logging_mixin.py:190} INFO - [2024-11-01T21:10:30.631+0000] {dagbag.py:588} INFO - Filling up the DagBag from /opt/airflow/dags/spark_airflow.py
[2024-11-01T21:10:30.654+0000] {processor.py:925} INFO - DAG(s) 'sparking_flow' retrieved from /opt/airflow/dags/spark_airflow.py
[2024-11-01T21:10:30.682+0000] {logging_mixin.py:190} INFO - [2024-11-01T21:10:30.682+0000] {dag.py:3239} INFO - Sync 1 DAGs
[2024-11-01T21:10:30.706+0000] {logging_mixin.py:190} INFO - [2024-11-01T21:10:30.706+0000] {dag.py:4180} INFO - Setting next_dagrun for sparking_flow to 2024-11-01 00:00:00+00:00, run_after=2024-11-02 00:00:00+00:00
[2024-11-01T21:10:30.722+0000] {processor.py:208} INFO - Processing /opt/airflow/dags/spark_airflow.py took 0.104 seconds
[2024-11-01T21:11:00.872+0000] {processor.py:186} INFO - Started process (PID=60512) to work on /opt/airflow/dags/spark_airflow.py
[2024-11-01T21:11:00.873+0000] {processor.py:914} INFO - Processing file /opt/airflow/dags/spark_airflow.py for tasks to queue
[2024-11-01T21:11:00.875+0000] {logging_mixin.py:190} INFO - [2024-11-01T21:11:00.874+0000] {dagbag.py:588} INFO - Filling up the DagBag from /opt/airflow/dags/spark_airflow.py
[2024-11-01T21:11:00.898+0000] {processor.py:925} INFO - DAG(s) 'sparking_flow' retrieved from /opt/airflow/dags/spark_airflow.py
[2024-11-01T21:11:00.923+0000] {logging_mixin.py:190} INFO - [2024-11-01T21:11:00.922+0000] {dag.py:3239} INFO - Sync 1 DAGs
[2024-11-01T21:11:00.945+0000] {logging_mixin.py:190} INFO - [2024-11-01T21:11:00.944+0000] {dag.py:4180} INFO - Setting next_dagrun for sparking_flow to 2024-11-01 00:00:00+00:00, run_after=2024-11-02 00:00:00+00:00
[2024-11-01T21:11:00.963+0000] {processor.py:208} INFO - Processing /opt/airflow/dags/spark_airflow.py took 0.096 seconds
[2024-11-01T21:11:31.074+0000] {processor.py:186} INFO - Started process (PID=60517) to work on /opt/airflow/dags/spark_airflow.py
[2024-11-01T21:11:31.075+0000] {processor.py:914} INFO - Processing file /opt/airflow/dags/spark_airflow.py for tasks to queue
[2024-11-01T21:11:31.076+0000] {logging_mixin.py:190} INFO - [2024-11-01T21:11:31.076+0000] {dagbag.py:588} INFO - Filling up the DagBag from /opt/airflow/dags/spark_airflow.py
[2024-11-01T21:11:31.098+0000] {processor.py:925} INFO - DAG(s) 'sparking_flow' retrieved from /opt/airflow/dags/spark_airflow.py
[2024-11-01T21:11:31.123+0000] {logging_mixin.py:190} INFO - [2024-11-01T21:11:31.123+0000] {dag.py:3239} INFO - Sync 1 DAGs
[2024-11-01T21:11:31.144+0000] {logging_mixin.py:190} INFO - [2024-11-01T21:11:31.143+0000] {dag.py:4180} INFO - Setting next_dagrun for sparking_flow to 2024-11-01 00:00:00+00:00, run_after=2024-11-02 00:00:00+00:00
[2024-11-01T21:11:31.159+0000] {processor.py:208} INFO - Processing /opt/airflow/dags/spark_airflow.py took 0.090 seconds
[2024-11-01T21:12:01.345+0000] {processor.py:186} INFO - Started process (PID=60522) to work on /opt/airflow/dags/spark_airflow.py
[2024-11-01T21:12:01.346+0000] {processor.py:914} INFO - Processing file /opt/airflow/dags/spark_airflow.py for tasks to queue
[2024-11-01T21:12:01.347+0000] {logging_mixin.py:190} INFO - [2024-11-01T21:12:01.347+0000] {dagbag.py:588} INFO - Filling up the DagBag from /opt/airflow/dags/spark_airflow.py
[2024-11-01T21:12:01.366+0000] {processor.py:925} INFO - DAG(s) 'sparking_flow' retrieved from /opt/airflow/dags/spark_airflow.py
[2024-11-01T21:12:01.394+0000] {logging_mixin.py:190} INFO - [2024-11-01T21:12:01.394+0000] {dag.py:3239} INFO - Sync 1 DAGs
[2024-11-01T21:12:01.418+0000] {logging_mixin.py:190} INFO - [2024-11-01T21:12:01.418+0000] {dag.py:4180} INFO - Setting next_dagrun for sparking_flow to 2024-11-01 00:00:00+00:00, run_after=2024-11-02 00:00:00+00:00
[2024-11-01T21:12:01.436+0000] {processor.py:208} INFO - Processing /opt/airflow/dags/spark_airflow.py took 0.096 seconds
[2024-11-01T21:12:31.538+0000] {processor.py:186} INFO - Started process (PID=60527) to work on /opt/airflow/dags/spark_airflow.py
[2024-11-01T21:12:31.539+0000] {processor.py:914} INFO - Processing file /opt/airflow/dags/spark_airflow.py for tasks to queue
[2024-11-01T21:12:31.541+0000] {logging_mixin.py:190} INFO - [2024-11-01T21:12:31.540+0000] {dagbag.py:588} INFO - Filling up the DagBag from /opt/airflow/dags/spark_airflow.py
[2024-11-01T21:12:31.563+0000] {processor.py:925} INFO - DAG(s) 'sparking_flow' retrieved from /opt/airflow/dags/spark_airflow.py
[2024-11-01T21:12:31.595+0000] {logging_mixin.py:190} INFO - [2024-11-01T21:12:31.594+0000] {dag.py:3239} INFO - Sync 1 DAGs
[2024-11-01T21:12:31.624+0000] {logging_mixin.py:190} INFO - [2024-11-01T21:12:31.623+0000] {dag.py:4180} INFO - Setting next_dagrun for sparking_flow to 2024-11-01 00:00:00+00:00, run_after=2024-11-02 00:00:00+00:00
[2024-11-01T21:12:31.646+0000] {processor.py:208} INFO - Processing /opt/airflow/dags/spark_airflow.py took 0.114 seconds
[2024-11-01T21:13:01.793+0000] {processor.py:186} INFO - Started process (PID=60532) to work on /opt/airflow/dags/spark_airflow.py
[2024-11-01T21:13:01.794+0000] {processor.py:914} INFO - Processing file /opt/airflow/dags/spark_airflow.py for tasks to queue
[2024-11-01T21:13:01.795+0000] {logging_mixin.py:190} INFO - [2024-11-01T21:13:01.795+0000] {dagbag.py:588} INFO - Filling up the DagBag from /opt/airflow/dags/spark_airflow.py
[2024-11-01T21:13:01.813+0000] {processor.py:925} INFO - DAG(s) 'sparking_flow' retrieved from /opt/airflow/dags/spark_airflow.py
[2024-11-01T21:13:01.838+0000] {logging_mixin.py:190} INFO - [2024-11-01T21:13:01.838+0000] {dag.py:3239} INFO - Sync 1 DAGs
[2024-11-01T21:13:01.862+0000] {logging_mixin.py:190} INFO - [2024-11-01T21:13:01.862+0000] {dag.py:4180} INFO - Setting next_dagrun for sparking_flow to 2024-11-01 00:00:00+00:00, run_after=2024-11-02 00:00:00+00:00
[2024-11-01T21:13:01.884+0000] {processor.py:208} INFO - Processing /opt/airflow/dags/spark_airflow.py took 0.097 seconds
[2024-11-01T21:13:32.005+0000] {processor.py:186} INFO - Started process (PID=60537) to work on /opt/airflow/dags/spark_airflow.py
[2024-11-01T21:13:32.006+0000] {processor.py:914} INFO - Processing file /opt/airflow/dags/spark_airflow.py for tasks to queue
[2024-11-01T21:13:32.007+0000] {logging_mixin.py:190} INFO - [2024-11-01T21:13:32.006+0000] {dagbag.py:588} INFO - Filling up the DagBag from /opt/airflow/dags/spark_airflow.py
[2024-11-01T21:13:32.025+0000] {processor.py:925} INFO - DAG(s) 'sparking_flow' retrieved from /opt/airflow/dags/spark_airflow.py
[2024-11-01T21:13:32.050+0000] {logging_mixin.py:190} INFO - [2024-11-01T21:13:32.049+0000] {dag.py:3239} INFO - Sync 1 DAGs
[2024-11-01T21:13:32.071+0000] {logging_mixin.py:190} INFO - [2024-11-01T21:13:32.071+0000] {dag.py:4180} INFO - Setting next_dagrun for sparking_flow to 2024-11-01 00:00:00+00:00, run_after=2024-11-02 00:00:00+00:00
[2024-11-01T21:13:32.086+0000] {processor.py:208} INFO - Processing /opt/airflow/dags/spark_airflow.py took 0.086 seconds
[2024-11-01T21:14:02.217+0000] {processor.py:186} INFO - Started process (PID=60542) to work on /opt/airflow/dags/spark_airflow.py
[2024-11-01T21:14:02.218+0000] {processor.py:914} INFO - Processing file /opt/airflow/dags/spark_airflow.py for tasks to queue
[2024-11-01T21:14:02.219+0000] {logging_mixin.py:190} INFO - [2024-11-01T21:14:02.219+0000] {dagbag.py:588} INFO - Filling up the DagBag from /opt/airflow/dags/spark_airflow.py
[2024-11-01T21:14:02.237+0000] {processor.py:925} INFO - DAG(s) 'sparking_flow' retrieved from /opt/airflow/dags/spark_airflow.py
[2024-11-01T21:14:02.263+0000] {logging_mixin.py:190} INFO - [2024-11-01T21:14:02.263+0000] {dag.py:3239} INFO - Sync 1 DAGs
[2024-11-01T21:14:02.286+0000] {logging_mixin.py:190} INFO - [2024-11-01T21:14:02.285+0000] {dag.py:4180} INFO - Setting next_dagrun for sparking_flow to 2024-11-01 00:00:00+00:00, run_after=2024-11-02 00:00:00+00:00
[2024-11-01T21:14:02.304+0000] {processor.py:208} INFO - Processing /opt/airflow/dags/spark_airflow.py took 0.091 seconds
[2024-11-01T21:14:32.414+0000] {processor.py:186} INFO - Started process (PID=60547) to work on /opt/airflow/dags/spark_airflow.py
[2024-11-01T21:14:32.415+0000] {processor.py:914} INFO - Processing file /opt/airflow/dags/spark_airflow.py for tasks to queue
[2024-11-01T21:14:32.416+0000] {logging_mixin.py:190} INFO - [2024-11-01T21:14:32.416+0000] {dagbag.py:588} INFO - Filling up the DagBag from /opt/airflow/dags/spark_airflow.py
[2024-11-01T21:14:32.436+0000] {processor.py:925} INFO - DAG(s) 'sparking_flow' retrieved from /opt/airflow/dags/spark_airflow.py
[2024-11-01T21:14:32.461+0000] {logging_mixin.py:190} INFO - [2024-11-01T21:14:32.460+0000] {dag.py:3239} INFO - Sync 1 DAGs
[2024-11-01T21:14:32.481+0000] {logging_mixin.py:190} INFO - [2024-11-01T21:14:32.481+0000] {dag.py:4180} INFO - Setting next_dagrun for sparking_flow to 2024-11-01 00:00:00+00:00, run_after=2024-11-02 00:00:00+00:00
[2024-11-01T21:14:32.497+0000] {processor.py:208} INFO - Processing /opt/airflow/dags/spark_airflow.py took 0.089 seconds
[2024-11-01T21:15:02.637+0000] {processor.py:186} INFO - Started process (PID=60552) to work on /opt/airflow/dags/spark_airflow.py
[2024-11-01T21:15:02.638+0000] {processor.py:914} INFO - Processing file /opt/airflow/dags/spark_airflow.py for tasks to queue
[2024-11-01T21:15:02.639+0000] {logging_mixin.py:190} INFO - [2024-11-01T21:15:02.638+0000] {dagbag.py:588} INFO - Filling up the DagBag from /opt/airflow/dags/spark_airflow.py
[2024-11-01T21:15:02.656+0000] {processor.py:925} INFO - DAG(s) 'sparking_flow' retrieved from /opt/airflow/dags/spark_airflow.py
[2024-11-01T21:15:02.680+0000] {logging_mixin.py:190} INFO - [2024-11-01T21:15:02.680+0000] {dag.py:3239} INFO - Sync 1 DAGs
[2024-11-01T21:15:02.701+0000] {logging_mixin.py:190} INFO - [2024-11-01T21:15:02.701+0000] {dag.py:4180} INFO - Setting next_dagrun for sparking_flow to 2024-11-01 00:00:00+00:00, run_after=2024-11-02 00:00:00+00:00
[2024-11-01T21:15:02.717+0000] {processor.py:208} INFO - Processing /opt/airflow/dags/spark_airflow.py took 0.085 seconds
[2024-11-01T21:15:32.826+0000] {processor.py:186} INFO - Started process (PID=60557) to work on /opt/airflow/dags/spark_airflow.py
[2024-11-01T21:15:32.827+0000] {processor.py:914} INFO - Processing file /opt/airflow/dags/spark_airflow.py for tasks to queue
[2024-11-01T21:15:32.828+0000] {logging_mixin.py:190} INFO - [2024-11-01T21:15:32.828+0000] {dagbag.py:588} INFO - Filling up the DagBag from /opt/airflow/dags/spark_airflow.py
[2024-11-01T21:15:32.848+0000] {processor.py:925} INFO - DAG(s) 'sparking_flow' retrieved from /opt/airflow/dags/spark_airflow.py
[2024-11-01T21:15:32.873+0000] {logging_mixin.py:190} INFO - [2024-11-01T21:15:32.872+0000] {dag.py:3239} INFO - Sync 1 DAGs
[2024-11-01T21:15:32.894+0000] {logging_mixin.py:190} INFO - [2024-11-01T21:15:32.893+0000] {dag.py:4180} INFO - Setting next_dagrun for sparking_flow to 2024-11-01 00:00:00+00:00, run_after=2024-11-02 00:00:00+00:00
[2024-11-01T21:15:32.909+0000] {processor.py:208} INFO - Processing /opt/airflow/dags/spark_airflow.py took 0.087 seconds
[2024-11-01T21:16:03.060+0000] {processor.py:186} INFO - Started process (PID=60562) to work on /opt/airflow/dags/spark_airflow.py
[2024-11-01T21:16:03.060+0000] {processor.py:914} INFO - Processing file /opt/airflow/dags/spark_airflow.py for tasks to queue
[2024-11-01T21:16:03.062+0000] {logging_mixin.py:190} INFO - [2024-11-01T21:16:03.062+0000] {dagbag.py:588} INFO - Filling up the DagBag from /opt/airflow/dags/spark_airflow.py
[2024-11-01T21:16:03.080+0000] {processor.py:925} INFO - DAG(s) 'sparking_flow' retrieved from /opt/airflow/dags/spark_airflow.py
[2024-11-01T21:16:03.105+0000] {logging_mixin.py:190} INFO - [2024-11-01T21:16:03.105+0000] {dag.py:3239} INFO - Sync 1 DAGs
[2024-11-01T21:16:03.128+0000] {logging_mixin.py:190} INFO - [2024-11-01T21:16:03.128+0000] {dag.py:4180} INFO - Setting next_dagrun for sparking_flow to 2024-11-01 00:00:00+00:00, run_after=2024-11-02 00:00:00+00:00
[2024-11-01T21:16:03.145+0000] {processor.py:208} INFO - Processing /opt/airflow/dags/spark_airflow.py took 0.091 seconds
[2024-11-01T21:16:33.257+0000] {processor.py:186} INFO - Started process (PID=60567) to work on /opt/airflow/dags/spark_airflow.py
[2024-11-01T21:16:33.258+0000] {processor.py:914} INFO - Processing file /opt/airflow/dags/spark_airflow.py for tasks to queue
[2024-11-01T21:16:33.260+0000] {logging_mixin.py:190} INFO - [2024-11-01T21:16:33.259+0000] {dagbag.py:588} INFO - Filling up the DagBag from /opt/airflow/dags/spark_airflow.py
[2024-11-01T21:16:33.279+0000] {processor.py:925} INFO - DAG(s) 'sparking_flow' retrieved from /opt/airflow/dags/spark_airflow.py
[2024-11-01T21:16:33.304+0000] {logging_mixin.py:190} INFO - [2024-11-01T21:16:33.304+0000] {dag.py:3239} INFO - Sync 1 DAGs
[2024-11-01T21:16:33.326+0000] {logging_mixin.py:190} INFO - [2024-11-01T21:16:33.326+0000] {dag.py:4180} INFO - Setting next_dagrun for sparking_flow to 2024-11-01 00:00:00+00:00, run_after=2024-11-02 00:00:00+00:00
[2024-11-01T21:16:33.341+0000] {processor.py:208} INFO - Processing /opt/airflow/dags/spark_airflow.py took 0.090 seconds
[2024-11-01T21:17:03.511+0000] {processor.py:186} INFO - Started process (PID=60572) to work on /opt/airflow/dags/spark_airflow.py
[2024-11-01T21:17:03.512+0000] {processor.py:914} INFO - Processing file /opt/airflow/dags/spark_airflow.py for tasks to queue
[2024-11-01T21:17:03.513+0000] {logging_mixin.py:190} INFO - [2024-11-01T21:17:03.513+0000] {dagbag.py:588} INFO - Filling up the DagBag from /opt/airflow/dags/spark_airflow.py
[2024-11-01T21:17:03.531+0000] {processor.py:925} INFO - DAG(s) 'sparking_flow' retrieved from /opt/airflow/dags/spark_airflow.py
[2024-11-01T21:17:03.556+0000] {logging_mixin.py:190} INFO - [2024-11-01T21:17:03.556+0000] {dag.py:3239} INFO - Sync 1 DAGs
[2024-11-01T21:17:03.578+0000] {logging_mixin.py:190} INFO - [2024-11-01T21:17:03.577+0000] {dag.py:4180} INFO - Setting next_dagrun for sparking_flow to 2024-11-01 00:00:00+00:00, run_after=2024-11-02 00:00:00+00:00
[2024-11-01T21:17:03.594+0000] {processor.py:208} INFO - Processing /opt/airflow/dags/spark_airflow.py took 0.087 seconds
[2024-11-01T21:17:33.700+0000] {processor.py:186} INFO - Started process (PID=60577) to work on /opt/airflow/dags/spark_airflow.py
[2024-11-01T21:17:33.701+0000] {processor.py:914} INFO - Processing file /opt/airflow/dags/spark_airflow.py for tasks to queue
[2024-11-01T21:17:33.703+0000] {logging_mixin.py:190} INFO - [2024-11-01T21:17:33.702+0000] {dagbag.py:588} INFO - Filling up the DagBag from /opt/airflow/dags/spark_airflow.py
[2024-11-01T21:17:33.721+0000] {processor.py:925} INFO - DAG(s) 'sparking_flow' retrieved from /opt/airflow/dags/spark_airflow.py
[2024-11-01T21:17:33.751+0000] {logging_mixin.py:190} INFO - [2024-11-01T21:17:33.751+0000] {dag.py:3239} INFO - Sync 1 DAGs
[2024-11-01T21:17:33.774+0000] {logging_mixin.py:190} INFO - [2024-11-01T21:17:33.774+0000] {dag.py:4180} INFO - Setting next_dagrun for sparking_flow to 2024-11-01 00:00:00+00:00, run_after=2024-11-02 00:00:00+00:00
[2024-11-01T21:17:33.791+0000] {processor.py:208} INFO - Processing /opt/airflow/dags/spark_airflow.py took 0.095 seconds
[2024-11-01T21:18:03.953+0000] {processor.py:186} INFO - Started process (PID=60582) to work on /opt/airflow/dags/spark_airflow.py
[2024-11-01T21:18:03.954+0000] {processor.py:914} INFO - Processing file /opt/airflow/dags/spark_airflow.py for tasks to queue
[2024-11-01T21:18:03.955+0000] {logging_mixin.py:190} INFO - [2024-11-01T21:18:03.954+0000] {dagbag.py:588} INFO - Filling up the DagBag from /opt/airflow/dags/spark_airflow.py
[2024-11-01T21:18:03.975+0000] {processor.py:925} INFO - DAG(s) 'sparking_flow' retrieved from /opt/airflow/dags/spark_airflow.py
[2024-11-01T21:18:04.004+0000] {logging_mixin.py:190} INFO - [2024-11-01T21:18:04.003+0000] {dag.py:3239} INFO - Sync 1 DAGs
[2024-11-01T21:18:04.027+0000] {logging_mixin.py:190} INFO - [2024-11-01T21:18:04.026+0000] {dag.py:4180} INFO - Setting next_dagrun for sparking_flow to 2024-11-01 00:00:00+00:00, run_after=2024-11-02 00:00:00+00:00
[2024-11-01T21:18:04.045+0000] {processor.py:208} INFO - Processing /opt/airflow/dags/spark_airflow.py took 0.098 seconds
[2024-11-01T21:18:34.137+0000] {processor.py:186} INFO - Started process (PID=60587) to work on /opt/airflow/dags/spark_airflow.py
[2024-11-01T21:18:34.137+0000] {processor.py:914} INFO - Processing file /opt/airflow/dags/spark_airflow.py for tasks to queue
[2024-11-01T21:18:34.139+0000] {logging_mixin.py:190} INFO - [2024-11-01T21:18:34.138+0000] {dagbag.py:588} INFO - Filling up the DagBag from /opt/airflow/dags/spark_airflow.py
[2024-11-01T21:18:34.158+0000] {processor.py:925} INFO - DAG(s) 'sparking_flow' retrieved from /opt/airflow/dags/spark_airflow.py
[2024-11-01T21:18:34.186+0000] {logging_mixin.py:190} INFO - [2024-11-01T21:18:34.185+0000] {dag.py:3239} INFO - Sync 1 DAGs
[2024-11-01T21:18:34.210+0000] {logging_mixin.py:190} INFO - [2024-11-01T21:18:34.210+0000] {dag.py:4180} INFO - Setting next_dagrun for sparking_flow to 2024-11-01 00:00:00+00:00, run_after=2024-11-02 00:00:00+00:00
[2024-11-01T21:18:34.226+0000] {processor.py:208} INFO - Processing /opt/airflow/dags/spark_airflow.py took 0.095 seconds
[2024-11-01T21:19:04.407+0000] {processor.py:186} INFO - Started process (PID=60592) to work on /opt/airflow/dags/spark_airflow.py
[2024-11-01T21:19:04.409+0000] {processor.py:914} INFO - Processing file /opt/airflow/dags/spark_airflow.py for tasks to queue
[2024-11-01T21:19:04.410+0000] {logging_mixin.py:190} INFO - [2024-11-01T21:19:04.410+0000] {dagbag.py:588} INFO - Filling up the DagBag from /opt/airflow/dags/spark_airflow.py
[2024-11-01T21:19:04.429+0000] {processor.py:925} INFO - DAG(s) 'sparking_flow' retrieved from /opt/airflow/dags/spark_airflow.py
[2024-11-01T21:19:04.457+0000] {logging_mixin.py:190} INFO - [2024-11-01T21:19:04.456+0000] {dag.py:3239} INFO - Sync 1 DAGs
[2024-11-01T21:19:04.482+0000] {logging_mixin.py:190} INFO - [2024-11-01T21:19:04.481+0000] {dag.py:4180} INFO - Setting next_dagrun for sparking_flow to 2024-11-01 00:00:00+00:00, run_after=2024-11-02 00:00:00+00:00
[2024-11-01T21:19:04.498+0000] {processor.py:208} INFO - Processing /opt/airflow/dags/spark_airflow.py took 0.097 seconds
[2024-11-01T21:19:34.589+0000] {processor.py:186} INFO - Started process (PID=60597) to work on /opt/airflow/dags/spark_airflow.py
[2024-11-01T21:19:34.591+0000] {processor.py:914} INFO - Processing file /opt/airflow/dags/spark_airflow.py for tasks to queue
[2024-11-01T21:19:34.593+0000] {logging_mixin.py:190} INFO - [2024-11-01T21:19:34.592+0000] {dagbag.py:588} INFO - Filling up the DagBag from /opt/airflow/dags/spark_airflow.py
[2024-11-01T21:19:34.614+0000] {processor.py:925} INFO - DAG(s) 'sparking_flow' retrieved from /opt/airflow/dags/spark_airflow.py
[2024-11-01T21:19:34.642+0000] {logging_mixin.py:190} INFO - [2024-11-01T21:19:34.642+0000] {dag.py:3239} INFO - Sync 1 DAGs
[2024-11-01T21:19:34.665+0000] {logging_mixin.py:190} INFO - [2024-11-01T21:19:34.665+0000] {dag.py:4180} INFO - Setting next_dagrun for sparking_flow to 2024-11-01 00:00:00+00:00, run_after=2024-11-02 00:00:00+00:00
[2024-11-01T21:19:34.682+0000] {processor.py:208} INFO - Processing /opt/airflow/dags/spark_airflow.py took 0.099 seconds
[2024-11-01T21:20:04.856+0000] {processor.py:186} INFO - Started process (PID=60602) to work on /opt/airflow/dags/spark_airflow.py
[2024-11-01T21:20:04.857+0000] {processor.py:914} INFO - Processing file /opt/airflow/dags/spark_airflow.py for tasks to queue
[2024-11-01T21:20:04.859+0000] {logging_mixin.py:190} INFO - [2024-11-01T21:20:04.858+0000] {dagbag.py:588} INFO - Filling up the DagBag from /opt/airflow/dags/spark_airflow.py
[2024-11-01T21:20:04.877+0000] {processor.py:925} INFO - DAG(s) 'sparking_flow' retrieved from /opt/airflow/dags/spark_airflow.py
[2024-11-01T21:20:04.905+0000] {logging_mixin.py:190} INFO - [2024-11-01T21:20:04.905+0000] {dag.py:3239} INFO - Sync 1 DAGs
[2024-11-01T21:20:04.927+0000] {logging_mixin.py:190} INFO - [2024-11-01T21:20:04.927+0000] {dag.py:4180} INFO - Setting next_dagrun for sparking_flow to 2024-11-01 00:00:00+00:00, run_after=2024-11-02 00:00:00+00:00
[2024-11-01T21:20:04.946+0000] {processor.py:208} INFO - Processing /opt/airflow/dags/spark_airflow.py took 0.094 seconds
[2024-11-01T21:20:35.041+0000] {processor.py:186} INFO - Started process (PID=60607) to work on /opt/airflow/dags/spark_airflow.py
[2024-11-01T21:20:35.042+0000] {processor.py:914} INFO - Processing file /opt/airflow/dags/spark_airflow.py for tasks to queue
[2024-11-01T21:20:35.043+0000] {logging_mixin.py:190} INFO - [2024-11-01T21:20:35.043+0000] {dagbag.py:588} INFO - Filling up the DagBag from /opt/airflow/dags/spark_airflow.py
[2024-11-01T21:20:35.062+0000] {processor.py:925} INFO - DAG(s) 'sparking_flow' retrieved from /opt/airflow/dags/spark_airflow.py
[2024-11-01T21:20:35.086+0000] {logging_mixin.py:190} INFO - [2024-11-01T21:20:35.086+0000] {dag.py:3239} INFO - Sync 1 DAGs
[2024-11-01T21:20:35.108+0000] {logging_mixin.py:190} INFO - [2024-11-01T21:20:35.108+0000] {dag.py:4180} INFO - Setting next_dagrun for sparking_flow to 2024-11-01 00:00:00+00:00, run_after=2024-11-02 00:00:00+00:00
[2024-11-01T21:20:35.124+0000] {processor.py:208} INFO - Processing /opt/airflow/dags/spark_airflow.py took 0.090 seconds
[2024-11-01T21:21:05.300+0000] {processor.py:186} INFO - Started process (PID=60612) to work on /opt/airflow/dags/spark_airflow.py
[2024-11-01T21:21:05.301+0000] {processor.py:914} INFO - Processing file /opt/airflow/dags/spark_airflow.py for tasks to queue
[2024-11-01T21:21:05.303+0000] {logging_mixin.py:190} INFO - [2024-11-01T21:21:05.302+0000] {dagbag.py:588} INFO - Filling up the DagBag from /opt/airflow/dags/spark_airflow.py
[2024-11-01T21:21:05.321+0000] {processor.py:925} INFO - DAG(s) 'sparking_flow' retrieved from /opt/airflow/dags/spark_airflow.py
[2024-11-01T21:21:05.347+0000] {logging_mixin.py:190} INFO - [2024-11-01T21:21:05.347+0000] {dag.py:3239} INFO - Sync 1 DAGs
[2024-11-01T21:21:05.371+0000] {logging_mixin.py:190} INFO - [2024-11-01T21:21:05.371+0000] {dag.py:4180} INFO - Setting next_dagrun for sparking_flow to 2024-11-01 00:00:00+00:00, run_after=2024-11-02 00:00:00+00:00
[2024-11-01T21:21:05.388+0000] {processor.py:208} INFO - Processing /opt/airflow/dags/spark_airflow.py took 0.092 seconds
[2024-11-01T21:21:35.488+0000] {processor.py:186} INFO - Started process (PID=60617) to work on /opt/airflow/dags/spark_airflow.py
[2024-11-01T21:21:35.489+0000] {processor.py:914} INFO - Processing file /opt/airflow/dags/spark_airflow.py for tasks to queue
[2024-11-01T21:21:35.490+0000] {logging_mixin.py:190} INFO - [2024-11-01T21:21:35.490+0000] {dagbag.py:588} INFO - Filling up the DagBag from /opt/airflow/dags/spark_airflow.py
[2024-11-01T21:21:35.511+0000] {processor.py:925} INFO - DAG(s) 'sparking_flow' retrieved from /opt/airflow/dags/spark_airflow.py
[2024-11-01T21:21:35.537+0000] {logging_mixin.py:190} INFO - [2024-11-01T21:21:35.537+0000] {dag.py:3239} INFO - Sync 1 DAGs
[2024-11-01T21:21:35.559+0000] {logging_mixin.py:190} INFO - [2024-11-01T21:21:35.558+0000] {dag.py:4180} INFO - Setting next_dagrun for sparking_flow to 2024-11-01 00:00:00+00:00, run_after=2024-11-02 00:00:00+00:00
[2024-11-01T21:21:35.575+0000] {processor.py:208} INFO - Processing /opt/airflow/dags/spark_airflow.py took 0.094 seconds
[2024-11-01T21:22:05.763+0000] {processor.py:186} INFO - Started process (PID=60622) to work on /opt/airflow/dags/spark_airflow.py
[2024-11-01T21:22:05.764+0000] {processor.py:914} INFO - Processing file /opt/airflow/dags/spark_airflow.py for tasks to queue
[2024-11-01T21:22:05.765+0000] {logging_mixin.py:190} INFO - [2024-11-01T21:22:05.764+0000] {dagbag.py:588} INFO - Filling up the DagBag from /opt/airflow/dags/spark_airflow.py
[2024-11-01T21:22:05.783+0000] {processor.py:925} INFO - DAG(s) 'sparking_flow' retrieved from /opt/airflow/dags/spark_airflow.py
[2024-11-01T21:22:05.811+0000] {logging_mixin.py:190} INFO - [2024-11-01T21:22:05.811+0000] {dag.py:3239} INFO - Sync 1 DAGs
[2024-11-01T21:22:05.836+0000] {logging_mixin.py:190} INFO - [2024-11-01T21:22:05.836+0000] {dag.py:4180} INFO - Setting next_dagrun for sparking_flow to 2024-11-01 00:00:00+00:00, run_after=2024-11-02 00:00:00+00:00
[2024-11-01T21:22:05.855+0000] {processor.py:208} INFO - Processing /opt/airflow/dags/spark_airflow.py took 0.096 seconds
[2024-11-01T21:22:35.951+0000] {processor.py:186} INFO - Started process (PID=60627) to work on /opt/airflow/dags/spark_airflow.py
[2024-11-01T21:22:35.952+0000] {processor.py:914} INFO - Processing file /opt/airflow/dags/spark_airflow.py for tasks to queue
[2024-11-01T21:22:35.953+0000] {logging_mixin.py:190} INFO - [2024-11-01T21:22:35.952+0000] {dagbag.py:588} INFO - Filling up the DagBag from /opt/airflow/dags/spark_airflow.py
[2024-11-01T21:22:35.972+0000] {processor.py:925} INFO - DAG(s) 'sparking_flow' retrieved from /opt/airflow/dags/spark_airflow.py
[2024-11-01T21:22:36.002+0000] {logging_mixin.py:190} INFO - [2024-11-01T21:22:36.001+0000] {dag.py:3239} INFO - Sync 1 DAGs
[2024-11-01T21:22:36.028+0000] {logging_mixin.py:190} INFO - [2024-11-01T21:22:36.028+0000] {dag.py:4180} INFO - Setting next_dagrun for sparking_flow to 2024-11-01 00:00:00+00:00, run_after=2024-11-02 00:00:00+00:00
[2024-11-01T21:22:36.046+0000] {processor.py:208} INFO - Processing /opt/airflow/dags/spark_airflow.py took 0.101 seconds
[2024-11-01T21:23:06.216+0000] {processor.py:186} INFO - Started process (PID=60632) to work on /opt/airflow/dags/spark_airflow.py
[2024-11-01T21:23:06.216+0000] {processor.py:914} INFO - Processing file /opt/airflow/dags/spark_airflow.py for tasks to queue
[2024-11-01T21:23:06.218+0000] {logging_mixin.py:190} INFO - [2024-11-01T21:23:06.217+0000] {dagbag.py:588} INFO - Filling up the DagBag from /opt/airflow/dags/spark_airflow.py
[2024-11-01T21:23:06.236+0000] {processor.py:925} INFO - DAG(s) 'sparking_flow' retrieved from /opt/airflow/dags/spark_airflow.py
[2024-11-01T21:23:06.262+0000] {logging_mixin.py:190} INFO - [2024-11-01T21:23:06.262+0000] {dag.py:3239} INFO - Sync 1 DAGs
[2024-11-01T21:23:06.285+0000] {logging_mixin.py:190} INFO - [2024-11-01T21:23:06.285+0000] {dag.py:4180} INFO - Setting next_dagrun for sparking_flow to 2024-11-01 00:00:00+00:00, run_after=2024-11-02 00:00:00+00:00
[2024-11-01T21:23:06.301+0000] {processor.py:208} INFO - Processing /opt/airflow/dags/spark_airflow.py took 0.090 seconds
[2024-11-01T21:23:36.400+0000] {processor.py:186} INFO - Started process (PID=60637) to work on /opt/airflow/dags/spark_airflow.py
[2024-11-01T21:23:36.401+0000] {processor.py:914} INFO - Processing file /opt/airflow/dags/spark_airflow.py for tasks to queue
[2024-11-01T21:23:36.403+0000] {logging_mixin.py:190} INFO - [2024-11-01T21:23:36.402+0000] {dagbag.py:588} INFO - Filling up the DagBag from /opt/airflow/dags/spark_airflow.py
[2024-11-01T21:23:36.423+0000] {processor.py:925} INFO - DAG(s) 'sparking_flow' retrieved from /opt/airflow/dags/spark_airflow.py
[2024-11-01T21:23:36.449+0000] {logging_mixin.py:190} INFO - [2024-11-01T21:23:36.449+0000] {dag.py:3239} INFO - Sync 1 DAGs
[2024-11-01T21:23:36.470+0000] {logging_mixin.py:190} INFO - [2024-11-01T21:23:36.470+0000] {dag.py:4180} INFO - Setting next_dagrun for sparking_flow to 2024-11-01 00:00:00+00:00, run_after=2024-11-02 00:00:00+00:00
[2024-11-01T21:23:36.487+0000] {processor.py:208} INFO - Processing /opt/airflow/dags/spark_airflow.py took 0.094 seconds
[2024-11-01T21:24:06.651+0000] {processor.py:186} INFO - Started process (PID=60642) to work on /opt/airflow/dags/spark_airflow.py
[2024-11-01T21:24:06.651+0000] {processor.py:914} INFO - Processing file /opt/airflow/dags/spark_airflow.py for tasks to queue
[2024-11-01T21:24:06.653+0000] {logging_mixin.py:190} INFO - [2024-11-01T21:24:06.652+0000] {dagbag.py:588} INFO - Filling up the DagBag from /opt/airflow/dags/spark_airflow.py
[2024-11-01T21:24:06.671+0000] {processor.py:925} INFO - DAG(s) 'sparking_flow' retrieved from /opt/airflow/dags/spark_airflow.py
[2024-11-01T21:24:06.698+0000] {logging_mixin.py:190} INFO - [2024-11-01T21:24:06.697+0000] {dag.py:3239} INFO - Sync 1 DAGs
[2024-11-01T21:24:06.720+0000] {logging_mixin.py:190} INFO - [2024-11-01T21:24:06.720+0000] {dag.py:4180} INFO - Setting next_dagrun for sparking_flow to 2024-11-01 00:00:00+00:00, run_after=2024-11-02 00:00:00+00:00
[2024-11-01T21:24:06.739+0000] {processor.py:208} INFO - Processing /opt/airflow/dags/spark_airflow.py took 0.094 seconds
[2024-11-01T21:24:36.835+0000] {processor.py:186} INFO - Started process (PID=60647) to work on /opt/airflow/dags/spark_airflow.py
[2024-11-01T21:24:36.836+0000] {processor.py:914} INFO - Processing file /opt/airflow/dags/spark_airflow.py for tasks to queue
[2024-11-01T21:24:36.837+0000] {logging_mixin.py:190} INFO - [2024-11-01T21:24:36.837+0000] {dagbag.py:588} INFO - Filling up the DagBag from /opt/airflow/dags/spark_airflow.py
[2024-11-01T21:24:36.859+0000] {processor.py:925} INFO - DAG(s) 'sparking_flow' retrieved from /opt/airflow/dags/spark_airflow.py
[2024-11-01T21:24:36.889+0000] {logging_mixin.py:190} INFO - [2024-11-01T21:24:36.889+0000] {dag.py:3239} INFO - Sync 1 DAGs
[2024-11-01T21:24:36.914+0000] {logging_mixin.py:190} INFO - [2024-11-01T21:24:36.914+0000] {dag.py:4180} INFO - Setting next_dagrun for sparking_flow to 2024-11-01 00:00:00+00:00, run_after=2024-11-02 00:00:00+00:00
[2024-11-01T21:24:36.933+0000] {processor.py:208} INFO - Processing /opt/airflow/dags/spark_airflow.py took 0.105 seconds
[2024-11-01T21:25:07.095+0000] {processor.py:186} INFO - Started process (PID=60652) to work on /opt/airflow/dags/spark_airflow.py
[2024-11-01T21:25:07.096+0000] {processor.py:914} INFO - Processing file /opt/airflow/dags/spark_airflow.py for tasks to queue
[2024-11-01T21:25:07.097+0000] {logging_mixin.py:190} INFO - [2024-11-01T21:25:07.097+0000] {dagbag.py:588} INFO - Filling up the DagBag from /opt/airflow/dags/spark_airflow.py
[2024-11-01T21:25:07.118+0000] {processor.py:925} INFO - DAG(s) 'sparking_flow' retrieved from /opt/airflow/dags/spark_airflow.py
[2024-11-01T21:25:07.144+0000] {logging_mixin.py:190} INFO - [2024-11-01T21:25:07.144+0000] {dag.py:3239} INFO - Sync 1 DAGs
[2024-11-01T21:25:07.167+0000] {logging_mixin.py:190} INFO - [2024-11-01T21:25:07.167+0000] {dag.py:4180} INFO - Setting next_dagrun for sparking_flow to 2024-11-01 00:00:00+00:00, run_after=2024-11-02 00:00:00+00:00
[2024-11-01T21:25:07.184+0000] {processor.py:208} INFO - Processing /opt/airflow/dags/spark_airflow.py took 0.095 seconds
[2024-11-01T21:25:37.281+0000] {processor.py:186} INFO - Started process (PID=60657) to work on /opt/airflow/dags/spark_airflow.py
[2024-11-01T21:25:37.283+0000] {processor.py:914} INFO - Processing file /opt/airflow/dags/spark_airflow.py for tasks to queue
[2024-11-01T21:25:37.284+0000] {logging_mixin.py:190} INFO - [2024-11-01T21:25:37.284+0000] {dagbag.py:588} INFO - Filling up the DagBag from /opt/airflow/dags/spark_airflow.py
[2024-11-01T21:25:37.303+0000] {processor.py:925} INFO - DAG(s) 'sparking_flow' retrieved from /opt/airflow/dags/spark_airflow.py
[2024-11-01T21:25:37.333+0000] {logging_mixin.py:190} INFO - [2024-11-01T21:25:37.332+0000] {dag.py:3239} INFO - Sync 1 DAGs
[2024-11-01T21:25:37.356+0000] {logging_mixin.py:190} INFO - [2024-11-01T21:25:37.356+0000] {dag.py:4180} INFO - Setting next_dagrun for sparking_flow to 2024-11-01 00:00:00+00:00, run_after=2024-11-02 00:00:00+00:00
[2024-11-01T21:25:37.373+0000] {processor.py:208} INFO - Processing /opt/airflow/dags/spark_airflow.py took 0.098 seconds
[2024-11-01T21:26:07.532+0000] {processor.py:186} INFO - Started process (PID=60662) to work on /opt/airflow/dags/spark_airflow.py
[2024-11-01T21:26:07.533+0000] {processor.py:914} INFO - Processing file /opt/airflow/dags/spark_airflow.py for tasks to queue
[2024-11-01T21:26:07.534+0000] {logging_mixin.py:190} INFO - [2024-11-01T21:26:07.534+0000] {dagbag.py:588} INFO - Filling up the DagBag from /opt/airflow/dags/spark_airflow.py
[2024-11-01T21:26:07.555+0000] {processor.py:925} INFO - DAG(s) 'sparking_flow' retrieved from /opt/airflow/dags/spark_airflow.py
[2024-11-01T21:26:07.579+0000] {logging_mixin.py:190} INFO - [2024-11-01T21:26:07.578+0000] {dag.py:3239} INFO - Sync 1 DAGs
[2024-11-01T21:26:07.599+0000] {logging_mixin.py:190} INFO - [2024-11-01T21:26:07.599+0000] {dag.py:4180} INFO - Setting next_dagrun for sparking_flow to 2024-11-01 00:00:00+00:00, run_after=2024-11-02 00:00:00+00:00
[2024-11-01T21:26:07.615+0000] {processor.py:208} INFO - Processing /opt/airflow/dags/spark_airflow.py took 0.089 seconds
[2024-11-01T21:26:37.724+0000] {processor.py:186} INFO - Started process (PID=60667) to work on /opt/airflow/dags/spark_airflow.py
[2024-11-01T21:26:37.725+0000] {processor.py:914} INFO - Processing file /opt/airflow/dags/spark_airflow.py for tasks to queue
[2024-11-01T21:26:37.726+0000] {logging_mixin.py:190} INFO - [2024-11-01T21:26:37.726+0000] {dagbag.py:588} INFO - Filling up the DagBag from /opt/airflow/dags/spark_airflow.py
[2024-11-01T21:26:37.745+0000] {processor.py:925} INFO - DAG(s) 'sparking_flow' retrieved from /opt/airflow/dags/spark_airflow.py
[2024-11-01T21:26:37.774+0000] {logging_mixin.py:190} INFO - [2024-11-01T21:26:37.774+0000] {dag.py:3239} INFO - Sync 1 DAGs
[2024-11-01T21:26:37.800+0000] {logging_mixin.py:190} INFO - [2024-11-01T21:26:37.799+0000] {dag.py:4180} INFO - Setting next_dagrun for sparking_flow to 2024-11-01 00:00:00+00:00, run_after=2024-11-02 00:00:00+00:00
[2024-11-01T21:26:37.818+0000] {processor.py:208} INFO - Processing /opt/airflow/dags/spark_airflow.py took 0.098 seconds
[2024-11-01T21:27:07.988+0000] {processor.py:186} INFO - Started process (PID=60672) to work on /opt/airflow/dags/spark_airflow.py
[2024-11-01T21:27:07.989+0000] {processor.py:914} INFO - Processing file /opt/airflow/dags/spark_airflow.py for tasks to queue
[2024-11-01T21:27:07.990+0000] {logging_mixin.py:190} INFO - [2024-11-01T21:27:07.990+0000] {dagbag.py:588} INFO - Filling up the DagBag from /opt/airflow/dags/spark_airflow.py
[2024-11-01T21:27:08.009+0000] {processor.py:925} INFO - DAG(s) 'sparking_flow' retrieved from /opt/airflow/dags/spark_airflow.py
[2024-11-01T21:27:08.036+0000] {logging_mixin.py:190} INFO - [2024-11-01T21:27:08.035+0000] {dag.py:3239} INFO - Sync 1 DAGs
[2024-11-01T21:27:08.061+0000] {logging_mixin.py:190} INFO - [2024-11-01T21:27:08.061+0000] {dag.py:4180} INFO - Setting next_dagrun for sparking_flow to 2024-11-01 00:00:00+00:00, run_after=2024-11-02 00:00:00+00:00
[2024-11-01T21:27:08.078+0000] {processor.py:208} INFO - Processing /opt/airflow/dags/spark_airflow.py took 0.095 seconds
[2024-11-01T21:27:38.174+0000] {processor.py:186} INFO - Started process (PID=60677) to work on /opt/airflow/dags/spark_airflow.py
[2024-11-01T21:27:38.175+0000] {processor.py:914} INFO - Processing file /opt/airflow/dags/spark_airflow.py for tasks to queue
[2024-11-01T21:27:38.177+0000] {logging_mixin.py:190} INFO - [2024-11-01T21:27:38.177+0000] {dagbag.py:588} INFO - Filling up the DagBag from /opt/airflow/dags/spark_airflow.py
[2024-11-01T21:27:38.197+0000] {processor.py:925} INFO - DAG(s) 'sparking_flow' retrieved from /opt/airflow/dags/spark_airflow.py
[2024-11-01T21:27:38.225+0000] {logging_mixin.py:190} INFO - [2024-11-01T21:27:38.225+0000] {dag.py:3239} INFO - Sync 1 DAGs
[2024-11-01T21:27:38.246+0000] {logging_mixin.py:190} INFO - [2024-11-01T21:27:38.246+0000] {dag.py:4180} INFO - Setting next_dagrun for sparking_flow to 2024-11-01 00:00:00+00:00, run_after=2024-11-02 00:00:00+00:00
[2024-11-01T21:27:38.264+0000] {processor.py:208} INFO - Processing /opt/airflow/dags/spark_airflow.py took 0.097 seconds
[2024-11-01T21:28:08.433+0000] {processor.py:186} INFO - Started process (PID=60682) to work on /opt/airflow/dags/spark_airflow.py
[2024-11-01T21:28:08.434+0000] {processor.py:914} INFO - Processing file /opt/airflow/dags/spark_airflow.py for tasks to queue
[2024-11-01T21:28:08.435+0000] {logging_mixin.py:190} INFO - [2024-11-01T21:28:08.435+0000] {dagbag.py:588} INFO - Filling up the DagBag from /opt/airflow/dags/spark_airflow.py
[2024-11-01T21:28:08.455+0000] {processor.py:925} INFO - DAG(s) 'sparking_flow' retrieved from /opt/airflow/dags/spark_airflow.py
[2024-11-01T21:28:08.483+0000] {logging_mixin.py:190} INFO - [2024-11-01T21:28:08.483+0000] {dag.py:3239} INFO - Sync 1 DAGs
[2024-11-01T21:28:08.511+0000] {logging_mixin.py:190} INFO - [2024-11-01T21:28:08.511+0000] {dag.py:4180} INFO - Setting next_dagrun for sparking_flow to 2024-11-01 00:00:00+00:00, run_after=2024-11-02 00:00:00+00:00
[2024-11-01T21:28:08.529+0000] {processor.py:208} INFO - Processing /opt/airflow/dags/spark_airflow.py took 0.100 seconds
[2024-11-01T21:28:38.619+0000] {processor.py:186} INFO - Started process (PID=60687) to work on /opt/airflow/dags/spark_airflow.py
[2024-11-01T21:28:38.620+0000] {processor.py:914} INFO - Processing file /opt/airflow/dags/spark_airflow.py for tasks to queue
[2024-11-01T21:28:38.621+0000] {logging_mixin.py:190} INFO - [2024-11-01T21:28:38.621+0000] {dagbag.py:588} INFO - Filling up the DagBag from /opt/airflow/dags/spark_airflow.py
[2024-11-01T21:28:38.641+0000] {processor.py:925} INFO - DAG(s) 'sparking_flow' retrieved from /opt/airflow/dags/spark_airflow.py
[2024-11-01T21:28:38.669+0000] {logging_mixin.py:190} INFO - [2024-11-01T21:28:38.668+0000] {dag.py:3239} INFO - Sync 1 DAGs
[2024-11-01T21:28:38.689+0000] {logging_mixin.py:190} INFO - [2024-11-01T21:28:38.689+0000] {dag.py:4180} INFO - Setting next_dagrun for sparking_flow to 2024-11-01 00:00:00+00:00, run_after=2024-11-02 00:00:00+00:00
[2024-11-01T21:28:38.706+0000] {processor.py:208} INFO - Processing /opt/airflow/dags/spark_airflow.py took 0.094 seconds
[2024-11-01T21:29:08.885+0000] {processor.py:186} INFO - Started process (PID=60692) to work on /opt/airflow/dags/spark_airflow.py
[2024-11-01T21:29:08.886+0000] {processor.py:914} INFO - Processing file /opt/airflow/dags/spark_airflow.py for tasks to queue
[2024-11-01T21:29:08.887+0000] {logging_mixin.py:190} INFO - [2024-11-01T21:29:08.887+0000] {dagbag.py:588} INFO - Filling up the DagBag from /opt/airflow/dags/spark_airflow.py
[2024-11-01T21:29:08.908+0000] {processor.py:925} INFO - DAG(s) 'sparking_flow' retrieved from /opt/airflow/dags/spark_airflow.py
[2024-11-01T21:29:08.934+0000] {logging_mixin.py:190} INFO - [2024-11-01T21:29:08.934+0000] {dag.py:3239} INFO - Sync 1 DAGs
[2024-11-01T21:29:08.956+0000] {logging_mixin.py:190} INFO - [2024-11-01T21:29:08.956+0000] {dag.py:4180} INFO - Setting next_dagrun for sparking_flow to 2024-11-01 00:00:00+00:00, run_after=2024-11-02 00:00:00+00:00
[2024-11-01T21:29:08.972+0000] {processor.py:208} INFO - Processing /opt/airflow/dags/spark_airflow.py took 0.093 seconds
[2024-11-01T21:29:39.064+0000] {processor.py:186} INFO - Started process (PID=60697) to work on /opt/airflow/dags/spark_airflow.py
[2024-11-01T21:29:39.065+0000] {processor.py:914} INFO - Processing file /opt/airflow/dags/spark_airflow.py for tasks to queue
[2024-11-01T21:29:39.066+0000] {logging_mixin.py:190} INFO - [2024-11-01T21:29:39.066+0000] {dagbag.py:588} INFO - Filling up the DagBag from /opt/airflow/dags/spark_airflow.py
[2024-11-01T21:29:39.088+0000] {processor.py:925} INFO - DAG(s) 'sparking_flow' retrieved from /opt/airflow/dags/spark_airflow.py
[2024-11-01T21:29:39.115+0000] {logging_mixin.py:190} INFO - [2024-11-01T21:29:39.115+0000] {dag.py:3239} INFO - Sync 1 DAGs
[2024-11-01T21:29:39.139+0000] {logging_mixin.py:190} INFO - [2024-11-01T21:29:39.139+0000] {dag.py:4180} INFO - Setting next_dagrun for sparking_flow to 2024-11-01 00:00:00+00:00, run_after=2024-11-02 00:00:00+00:00
[2024-11-01T21:29:39.158+0000] {processor.py:208} INFO - Processing /opt/airflow/dags/spark_airflow.py took 0.100 seconds
[2024-11-01T21:30:09.319+0000] {processor.py:186} INFO - Started process (PID=60702) to work on /opt/airflow/dags/spark_airflow.py
[2024-11-01T21:30:09.320+0000] {processor.py:914} INFO - Processing file /opt/airflow/dags/spark_airflow.py for tasks to queue
[2024-11-01T21:30:09.321+0000] {logging_mixin.py:190} INFO - [2024-11-01T21:30:09.321+0000] {dagbag.py:588} INFO - Filling up the DagBag from /opt/airflow/dags/spark_airflow.py
[2024-11-01T21:30:09.340+0000] {processor.py:925} INFO - DAG(s) 'sparking_flow' retrieved from /opt/airflow/dags/spark_airflow.py
[2024-11-01T21:30:09.364+0000] {logging_mixin.py:190} INFO - [2024-11-01T21:30:09.364+0000] {dag.py:3239} INFO - Sync 1 DAGs
[2024-11-01T21:30:09.387+0000] {logging_mixin.py:190} INFO - [2024-11-01T21:30:09.387+0000] {dag.py:4180} INFO - Setting next_dagrun for sparking_flow to 2024-11-01 00:00:00+00:00, run_after=2024-11-02 00:00:00+00:00
[2024-11-01T21:30:09.403+0000] {processor.py:208} INFO - Processing /opt/airflow/dags/spark_airflow.py took 0.089 seconds
[2024-11-01T21:30:39.504+0000] {processor.py:186} INFO - Started process (PID=60707) to work on /opt/airflow/dags/spark_airflow.py
[2024-11-01T21:30:39.505+0000] {processor.py:914} INFO - Processing file /opt/airflow/dags/spark_airflow.py for tasks to queue
[2024-11-01T21:30:39.506+0000] {logging_mixin.py:190} INFO - [2024-11-01T21:30:39.506+0000] {dagbag.py:588} INFO - Filling up the DagBag from /opt/airflow/dags/spark_airflow.py
[2024-11-01T21:30:39.525+0000] {processor.py:925} INFO - DAG(s) 'sparking_flow' retrieved from /opt/airflow/dags/spark_airflow.py
[2024-11-01T21:30:39.549+0000] {logging_mixin.py:190} INFO - [2024-11-01T21:30:39.549+0000] {dag.py:3239} INFO - Sync 1 DAGs
[2024-11-01T21:30:39.575+0000] {logging_mixin.py:190} INFO - [2024-11-01T21:30:39.575+0000] {dag.py:4180} INFO - Setting next_dagrun for sparking_flow to 2024-11-01 00:00:00+00:00, run_after=2024-11-02 00:00:00+00:00
[2024-11-01T21:30:39.593+0000] {processor.py:208} INFO - Processing /opt/airflow/dags/spark_airflow.py took 0.095 seconds
[2024-11-01T21:31:09.756+0000] {processor.py:186} INFO - Started process (PID=60712) to work on /opt/airflow/dags/spark_airflow.py
[2024-11-01T21:31:09.757+0000] {processor.py:914} INFO - Processing file /opt/airflow/dags/spark_airflow.py for tasks to queue
[2024-11-01T21:31:09.758+0000] {logging_mixin.py:190} INFO - [2024-11-01T21:31:09.758+0000] {dagbag.py:588} INFO - Filling up the DagBag from /opt/airflow/dags/spark_airflow.py
[2024-11-01T21:31:09.777+0000] {processor.py:925} INFO - DAG(s) 'sparking_flow' retrieved from /opt/airflow/dags/spark_airflow.py
[2024-11-01T21:31:09.801+0000] {logging_mixin.py:190} INFO - [2024-11-01T21:31:09.801+0000] {dag.py:3239} INFO - Sync 1 DAGs
[2024-11-01T21:31:09.823+0000] {logging_mixin.py:190} INFO - [2024-11-01T21:31:09.822+0000] {dag.py:4180} INFO - Setting next_dagrun for sparking_flow to 2024-11-01 00:00:00+00:00, run_after=2024-11-02 00:00:00+00:00
[2024-11-01T21:31:09.841+0000] {processor.py:208} INFO - Processing /opt/airflow/dags/spark_airflow.py took 0.090 seconds
[2024-11-01T21:31:39.933+0000] {processor.py:186} INFO - Started process (PID=60717) to work on /opt/airflow/dags/spark_airflow.py
[2024-11-01T21:31:39.934+0000] {processor.py:914} INFO - Processing file /opt/airflow/dags/spark_airflow.py for tasks to queue
[2024-11-01T21:31:39.935+0000] {logging_mixin.py:190} INFO - [2024-11-01T21:31:39.935+0000] {dagbag.py:588} INFO - Filling up the DagBag from /opt/airflow/dags/spark_airflow.py
[2024-11-01T21:31:39.954+0000] {processor.py:925} INFO - DAG(s) 'sparking_flow' retrieved from /opt/airflow/dags/spark_airflow.py
[2024-11-01T21:31:39.979+0000] {logging_mixin.py:190} INFO - [2024-11-01T21:31:39.979+0000] {dag.py:3239} INFO - Sync 1 DAGs
[2024-11-01T21:31:40.000+0000] {logging_mixin.py:190} INFO - [2024-11-01T21:31:40.000+0000] {dag.py:4180} INFO - Setting next_dagrun for sparking_flow to 2024-11-01 00:00:00+00:00, run_after=2024-11-02 00:00:00+00:00
[2024-11-01T21:31:40.016+0000] {processor.py:208} INFO - Processing /opt/airflow/dags/spark_airflow.py took 0.089 seconds
[2024-11-01T21:32:10.214+0000] {processor.py:186} INFO - Started process (PID=60722) to work on /opt/airflow/dags/spark_airflow.py
[2024-11-01T21:32:10.215+0000] {processor.py:914} INFO - Processing file /opt/airflow/dags/spark_airflow.py for tasks to queue
[2024-11-01T21:32:10.216+0000] {logging_mixin.py:190} INFO - [2024-11-01T21:32:10.215+0000] {dagbag.py:588} INFO - Filling up the DagBag from /opt/airflow/dags/spark_airflow.py
[2024-11-01T21:32:10.237+0000] {processor.py:925} INFO - DAG(s) 'sparking_flow' retrieved from /opt/airflow/dags/spark_airflow.py
[2024-11-01T21:32:10.261+0000] {logging_mixin.py:190} INFO - [2024-11-01T21:32:10.261+0000] {dag.py:3239} INFO - Sync 1 DAGs
[2024-11-01T21:32:10.282+0000] {logging_mixin.py:190} INFO - [2024-11-01T21:32:10.282+0000] {dag.py:4180} INFO - Setting next_dagrun for sparking_flow to 2024-11-01 00:00:00+00:00, run_after=2024-11-02 00:00:00+00:00
[2024-11-01T21:32:10.297+0000] {processor.py:208} INFO - Processing /opt/airflow/dags/spark_airflow.py took 0.090 seconds
[2024-11-01T21:32:40.390+0000] {processor.py:186} INFO - Started process (PID=60727) to work on /opt/airflow/dags/spark_airflow.py
[2024-11-01T21:32:40.391+0000] {processor.py:914} INFO - Processing file /opt/airflow/dags/spark_airflow.py for tasks to queue
[2024-11-01T21:32:40.392+0000] {logging_mixin.py:190} INFO - [2024-11-01T21:32:40.392+0000] {dagbag.py:588} INFO - Filling up the DagBag from /opt/airflow/dags/spark_airflow.py
[2024-11-01T21:32:40.411+0000] {processor.py:925} INFO - DAG(s) 'sparking_flow' retrieved from /opt/airflow/dags/spark_airflow.py
[2024-11-01T21:32:40.436+0000] {logging_mixin.py:190} INFO - [2024-11-01T21:32:40.436+0000] {dag.py:3239} INFO - Sync 1 DAGs
[2024-11-01T21:32:40.458+0000] {logging_mixin.py:190} INFO - [2024-11-01T21:32:40.458+0000] {dag.py:4180} INFO - Setting next_dagrun for sparking_flow to 2024-11-01 00:00:00+00:00, run_after=2024-11-02 00:00:00+00:00
[2024-11-01T21:32:40.476+0000] {processor.py:208} INFO - Processing /opt/airflow/dags/spark_airflow.py took 0.091 seconds
[2024-11-01T21:33:10.650+0000] {processor.py:186} INFO - Started process (PID=60732) to work on /opt/airflow/dags/spark_airflow.py
[2024-11-01T21:33:10.651+0000] {processor.py:914} INFO - Processing file /opt/airflow/dags/spark_airflow.py for tasks to queue
[2024-11-01T21:33:10.652+0000] {logging_mixin.py:190} INFO - [2024-11-01T21:33:10.652+0000] {dagbag.py:588} INFO - Filling up the DagBag from /opt/airflow/dags/spark_airflow.py
[2024-11-01T21:33:10.670+0000] {processor.py:925} INFO - DAG(s) 'sparking_flow' retrieved from /opt/airflow/dags/spark_airflow.py
[2024-11-01T21:33:10.698+0000] {logging_mixin.py:190} INFO - [2024-11-01T21:33:10.697+0000] {dag.py:3239} INFO - Sync 1 DAGs
[2024-11-01T21:33:10.721+0000] {logging_mixin.py:190} INFO - [2024-11-01T21:33:10.721+0000] {dag.py:4180} INFO - Setting next_dagrun for sparking_flow to 2024-11-01 00:00:00+00:00, run_after=2024-11-02 00:00:00+00:00
[2024-11-01T21:33:10.739+0000] {processor.py:208} INFO - Processing /opt/airflow/dags/spark_airflow.py took 0.094 seconds
[2024-11-01T21:33:40.831+0000] {processor.py:186} INFO - Started process (PID=60737) to work on /opt/airflow/dags/spark_airflow.py
[2024-11-01T21:33:40.832+0000] {processor.py:914} INFO - Processing file /opt/airflow/dags/spark_airflow.py for tasks to queue
[2024-11-01T21:33:40.833+0000] {logging_mixin.py:190} INFO - [2024-11-01T21:33:40.833+0000] {dagbag.py:588} INFO - Filling up the DagBag from /opt/airflow/dags/spark_airflow.py
[2024-11-01T21:33:40.853+0000] {processor.py:925} INFO - DAG(s) 'sparking_flow' retrieved from /opt/airflow/dags/spark_airflow.py
[2024-11-01T21:33:40.879+0000] {logging_mixin.py:190} INFO - [2024-11-01T21:33:40.879+0000] {dag.py:3239} INFO - Sync 1 DAGs
[2024-11-01T21:33:40.900+0000] {logging_mixin.py:190} INFO - [2024-11-01T21:33:40.900+0000] {dag.py:4180} INFO - Setting next_dagrun for sparking_flow to 2024-11-01 00:00:00+00:00, run_after=2024-11-02 00:00:00+00:00
[2024-11-01T21:33:40.916+0000] {processor.py:208} INFO - Processing /opt/airflow/dags/spark_airflow.py took 0.091 seconds
[2024-11-01T21:34:11.091+0000] {processor.py:186} INFO - Started process (PID=60742) to work on /opt/airflow/dags/spark_airflow.py
[2024-11-01T21:34:11.092+0000] {processor.py:914} INFO - Processing file /opt/airflow/dags/spark_airflow.py for tasks to queue
[2024-11-01T21:34:11.094+0000] {logging_mixin.py:190} INFO - [2024-11-01T21:34:11.094+0000] {dagbag.py:588} INFO - Filling up the DagBag from /opt/airflow/dags/spark_airflow.py
[2024-11-01T21:34:11.112+0000] {processor.py:925} INFO - DAG(s) 'sparking_flow' retrieved from /opt/airflow/dags/spark_airflow.py
[2024-11-01T21:34:11.138+0000] {logging_mixin.py:190} INFO - [2024-11-01T21:34:11.138+0000] {dag.py:3239} INFO - Sync 1 DAGs
[2024-11-01T21:34:11.161+0000] {logging_mixin.py:190} INFO - [2024-11-01T21:34:11.161+0000] {dag.py:4180} INFO - Setting next_dagrun for sparking_flow to 2024-11-01 00:00:00+00:00, run_after=2024-11-02 00:00:00+00:00
[2024-11-01T21:34:11.178+0000] {processor.py:208} INFO - Processing /opt/airflow/dags/spark_airflow.py took 0.091 seconds
[2024-11-01T21:34:41.273+0000] {processor.py:186} INFO - Started process (PID=60747) to work on /opt/airflow/dags/spark_airflow.py
[2024-11-01T21:34:41.274+0000] {processor.py:914} INFO - Processing file /opt/airflow/dags/spark_airflow.py for tasks to queue
[2024-11-01T21:34:41.276+0000] {logging_mixin.py:190} INFO - [2024-11-01T21:34:41.275+0000] {dagbag.py:588} INFO - Filling up the DagBag from /opt/airflow/dags/spark_airflow.py
[2024-11-01T21:34:41.297+0000] {processor.py:925} INFO - DAG(s) 'sparking_flow' retrieved from /opt/airflow/dags/spark_airflow.py
[2024-11-01T21:34:41.324+0000] {logging_mixin.py:190} INFO - [2024-11-01T21:34:41.324+0000] {dag.py:3239} INFO - Sync 1 DAGs
[2024-11-01T21:34:41.348+0000] {logging_mixin.py:190} INFO - [2024-11-01T21:34:41.347+0000] {dag.py:4180} INFO - Setting next_dagrun for sparking_flow to 2024-11-01 00:00:00+00:00, run_after=2024-11-02 00:00:00+00:00
[2024-11-01T21:34:41.365+0000] {processor.py:208} INFO - Processing /opt/airflow/dags/spark_airflow.py took 0.098 seconds
[2024-11-01T21:35:11.523+0000] {processor.py:186} INFO - Started process (PID=60752) to work on /opt/airflow/dags/spark_airflow.py
[2024-11-01T21:35:11.524+0000] {processor.py:914} INFO - Processing file /opt/airflow/dags/spark_airflow.py for tasks to queue
[2024-11-01T21:35:11.525+0000] {logging_mixin.py:190} INFO - [2024-11-01T21:35:11.525+0000] {dagbag.py:588} INFO - Filling up the DagBag from /opt/airflow/dags/spark_airflow.py
[2024-11-01T21:35:11.543+0000] {processor.py:925} INFO - DAG(s) 'sparking_flow' retrieved from /opt/airflow/dags/spark_airflow.py
[2024-11-01T21:35:11.569+0000] {logging_mixin.py:190} INFO - [2024-11-01T21:35:11.569+0000] {dag.py:3239} INFO - Sync 1 DAGs
[2024-11-01T21:35:11.590+0000] {logging_mixin.py:190} INFO - [2024-11-01T21:35:11.590+0000] {dag.py:4180} INFO - Setting next_dagrun for sparking_flow to 2024-11-01 00:00:00+00:00, run_after=2024-11-02 00:00:00+00:00
[2024-11-01T21:35:11.608+0000] {processor.py:208} INFO - Processing /opt/airflow/dags/spark_airflow.py took 0.090 seconds
[2024-11-01T21:35:41.711+0000] {processor.py:186} INFO - Started process (PID=60757) to work on /opt/airflow/dags/spark_airflow.py
[2024-11-01T21:35:41.712+0000] {processor.py:914} INFO - Processing file /opt/airflow/dags/spark_airflow.py for tasks to queue
[2024-11-01T21:35:41.714+0000] {logging_mixin.py:190} INFO - [2024-11-01T21:35:41.713+0000] {dagbag.py:588} INFO - Filling up the DagBag from /opt/airflow/dags/spark_airflow.py
[2024-11-01T21:35:41.734+0000] {processor.py:925} INFO - DAG(s) 'sparking_flow' retrieved from /opt/airflow/dags/spark_airflow.py
[2024-11-01T21:35:41.762+0000] {logging_mixin.py:190} INFO - [2024-11-01T21:35:41.761+0000] {dag.py:3239} INFO - Sync 1 DAGs
[2024-11-01T21:35:41.785+0000] {logging_mixin.py:190} INFO - [2024-11-01T21:35:41.784+0000] {dag.py:4180} INFO - Setting next_dagrun for sparking_flow to 2024-11-01 00:00:00+00:00, run_after=2024-11-02 00:00:00+00:00
[2024-11-01T21:35:41.801+0000] {processor.py:208} INFO - Processing /opt/airflow/dags/spark_airflow.py took 0.096 seconds
[2024-11-01T21:36:11.962+0000] {processor.py:186} INFO - Started process (PID=60762) to work on /opt/airflow/dags/spark_airflow.py
[2024-11-01T21:36:11.963+0000] {processor.py:914} INFO - Processing file /opt/airflow/dags/spark_airflow.py for tasks to queue
[2024-11-01T21:36:11.965+0000] {logging_mixin.py:190} INFO - [2024-11-01T21:36:11.964+0000] {dagbag.py:588} INFO - Filling up the DagBag from /opt/airflow/dags/spark_airflow.py
[2024-11-01T21:36:11.984+0000] {processor.py:925} INFO - DAG(s) 'sparking_flow' retrieved from /opt/airflow/dags/spark_airflow.py
[2024-11-01T21:36:12.011+0000] {logging_mixin.py:190} INFO - [2024-11-01T21:36:12.010+0000] {dag.py:3239} INFO - Sync 1 DAGs
[2024-11-01T21:36:12.034+0000] {logging_mixin.py:190} INFO - [2024-11-01T21:36:12.034+0000] {dag.py:4180} INFO - Setting next_dagrun for sparking_flow to 2024-11-01 00:00:00+00:00, run_after=2024-11-02 00:00:00+00:00
[2024-11-01T21:36:12.052+0000] {processor.py:208} INFO - Processing /opt/airflow/dags/spark_airflow.py took 0.094 seconds
[2024-11-01T21:36:42.145+0000] {processor.py:186} INFO - Started process (PID=60767) to work on /opt/airflow/dags/spark_airflow.py
[2024-11-01T21:36:42.145+0000] {processor.py:914} INFO - Processing file /opt/airflow/dags/spark_airflow.py for tasks to queue
[2024-11-01T21:36:42.147+0000] {logging_mixin.py:190} INFO - [2024-11-01T21:36:42.147+0000] {dagbag.py:588} INFO - Filling up the DagBag from /opt/airflow/dags/spark_airflow.py
[2024-11-01T21:36:42.165+0000] {processor.py:925} INFO - DAG(s) 'sparking_flow' retrieved from /opt/airflow/dags/spark_airflow.py
[2024-11-01T21:36:42.190+0000] {logging_mixin.py:190} INFO - [2024-11-01T21:36:42.190+0000] {dag.py:3239} INFO - Sync 1 DAGs
[2024-11-01T21:36:42.212+0000] {logging_mixin.py:190} INFO - [2024-11-01T21:36:42.211+0000] {dag.py:4180} INFO - Setting next_dagrun for sparking_flow to 2024-11-01 00:00:00+00:00, run_after=2024-11-02 00:00:00+00:00
[2024-11-01T21:36:42.229+0000] {processor.py:208} INFO - Processing /opt/airflow/dags/spark_airflow.py took 0.089 seconds
[2024-11-01T21:37:12.437+0000] {processor.py:186} INFO - Started process (PID=60772) to work on /opt/airflow/dags/spark_airflow.py
[2024-11-01T21:37:12.438+0000] {processor.py:914} INFO - Processing file /opt/airflow/dags/spark_airflow.py for tasks to queue
[2024-11-01T21:37:12.439+0000] {logging_mixin.py:190} INFO - [2024-11-01T21:37:12.439+0000] {dagbag.py:588} INFO - Filling up the DagBag from /opt/airflow/dags/spark_airflow.py
[2024-11-01T21:37:12.458+0000] {processor.py:925} INFO - DAG(s) 'sparking_flow' retrieved from /opt/airflow/dags/spark_airflow.py
[2024-11-01T21:37:12.484+0000] {logging_mixin.py:190} INFO - [2024-11-01T21:37:12.483+0000] {dag.py:3239} INFO - Sync 1 DAGs
[2024-11-01T21:37:12.505+0000] {logging_mixin.py:190} INFO - [2024-11-01T21:37:12.505+0000] {dag.py:4180} INFO - Setting next_dagrun for sparking_flow to 2024-11-01 00:00:00+00:00, run_after=2024-11-02 00:00:00+00:00
[2024-11-01T21:37:12.522+0000] {processor.py:208} INFO - Processing /opt/airflow/dags/spark_airflow.py took 0.089 seconds
[2024-11-01T21:37:42.622+0000] {processor.py:186} INFO - Started process (PID=60777) to work on /opt/airflow/dags/spark_airflow.py
[2024-11-01T21:37:42.623+0000] {processor.py:914} INFO - Processing file /opt/airflow/dags/spark_airflow.py for tasks to queue
[2024-11-01T21:37:42.624+0000] {logging_mixin.py:190} INFO - [2024-11-01T21:37:42.624+0000] {dagbag.py:588} INFO - Filling up the DagBag from /opt/airflow/dags/spark_airflow.py
[2024-11-01T21:37:42.646+0000] {processor.py:925} INFO - DAG(s) 'sparking_flow' retrieved from /opt/airflow/dags/spark_airflow.py
[2024-11-01T21:37:42.673+0000] {logging_mixin.py:190} INFO - [2024-11-01T21:37:42.673+0000] {dag.py:3239} INFO - Sync 1 DAGs
[2024-11-01T21:37:42.695+0000] {logging_mixin.py:190} INFO - [2024-11-01T21:37:42.695+0000] {dag.py:4180} INFO - Setting next_dagrun for sparking_flow to 2024-11-01 00:00:00+00:00, run_after=2024-11-02 00:00:00+00:00
[2024-11-01T21:37:42.712+0000] {processor.py:208} INFO - Processing /opt/airflow/dags/spark_airflow.py took 0.097 seconds
[2024-11-01T21:38:12.870+0000] {processor.py:186} INFO - Started process (PID=60782) to work on /opt/airflow/dags/spark_airflow.py
[2024-11-01T21:38:12.870+0000] {processor.py:914} INFO - Processing file /opt/airflow/dags/spark_airflow.py for tasks to queue
[2024-11-01T21:38:12.872+0000] {logging_mixin.py:190} INFO - [2024-11-01T21:38:12.871+0000] {dagbag.py:588} INFO - Filling up the DagBag from /opt/airflow/dags/spark_airflow.py
[2024-11-01T21:38:12.894+0000] {processor.py:925} INFO - DAG(s) 'sparking_flow' retrieved from /opt/airflow/dags/spark_airflow.py
[2024-11-01T21:38:12.918+0000] {logging_mixin.py:190} INFO - [2024-11-01T21:38:12.918+0000] {dag.py:3239} INFO - Sync 1 DAGs
[2024-11-01T21:38:12.941+0000] {logging_mixin.py:190} INFO - [2024-11-01T21:38:12.941+0000] {dag.py:4180} INFO - Setting next_dagrun for sparking_flow to 2024-11-01 00:00:00+00:00, run_after=2024-11-02 00:00:00+00:00
[2024-11-01T21:38:12.959+0000] {processor.py:208} INFO - Processing /opt/airflow/dags/spark_airflow.py took 0.094 seconds
[2024-11-01T21:38:43.064+0000] {processor.py:186} INFO - Started process (PID=60787) to work on /opt/airflow/dags/spark_airflow.py
[2024-11-01T21:38:43.065+0000] {processor.py:914} INFO - Processing file /opt/airflow/dags/spark_airflow.py for tasks to queue
[2024-11-01T21:38:43.066+0000] {logging_mixin.py:190} INFO - [2024-11-01T21:38:43.066+0000] {dagbag.py:588} INFO - Filling up the DagBag from /opt/airflow/dags/spark_airflow.py
[2024-11-01T21:38:43.089+0000] {processor.py:925} INFO - DAG(s) 'sparking_flow' retrieved from /opt/airflow/dags/spark_airflow.py
[2024-11-01T21:38:43.115+0000] {logging_mixin.py:190} INFO - [2024-11-01T21:38:43.115+0000] {dag.py:3239} INFO - Sync 1 DAGs
[2024-11-01T21:38:43.137+0000] {logging_mixin.py:190} INFO - [2024-11-01T21:38:43.137+0000] {dag.py:4180} INFO - Setting next_dagrun for sparking_flow to 2024-11-01 00:00:00+00:00, run_after=2024-11-02 00:00:00+00:00
[2024-11-01T21:38:43.154+0000] {processor.py:208} INFO - Processing /opt/airflow/dags/spark_airflow.py took 0.096 seconds
[2024-11-01T21:39:13.308+0000] {processor.py:186} INFO - Started process (PID=60792) to work on /opt/airflow/dags/spark_airflow.py
[2024-11-01T21:39:13.309+0000] {processor.py:914} INFO - Processing file /opt/airflow/dags/spark_airflow.py for tasks to queue
[2024-11-01T21:39:13.310+0000] {logging_mixin.py:190} INFO - [2024-11-01T21:39:13.310+0000] {dagbag.py:588} INFO - Filling up the DagBag from /opt/airflow/dags/spark_airflow.py
[2024-11-01T21:39:13.328+0000] {processor.py:925} INFO - DAG(s) 'sparking_flow' retrieved from /opt/airflow/dags/spark_airflow.py
[2024-11-01T21:39:13.356+0000] {logging_mixin.py:190} INFO - [2024-11-01T21:39:13.356+0000] {dag.py:3239} INFO - Sync 1 DAGs
[2024-11-01T21:39:13.379+0000] {logging_mixin.py:190} INFO - [2024-11-01T21:39:13.379+0000] {dag.py:4180} INFO - Setting next_dagrun for sparking_flow to 2024-11-01 00:00:00+00:00, run_after=2024-11-02 00:00:00+00:00
[2024-11-01T21:39:13.400+0000] {processor.py:208} INFO - Processing /opt/airflow/dags/spark_airflow.py took 0.098 seconds
[2024-11-01T21:39:43.502+0000] {processor.py:186} INFO - Started process (PID=60797) to work on /opt/airflow/dags/spark_airflow.py
[2024-11-01T21:39:43.503+0000] {processor.py:914} INFO - Processing file /opt/airflow/dags/spark_airflow.py for tasks to queue
[2024-11-01T21:39:43.505+0000] {logging_mixin.py:190} INFO - [2024-11-01T21:39:43.505+0000] {dagbag.py:588} INFO - Filling up the DagBag from /opt/airflow/dags/spark_airflow.py
[2024-11-01T21:39:43.526+0000] {processor.py:925} INFO - DAG(s) 'sparking_flow' retrieved from /opt/airflow/dags/spark_airflow.py
[2024-11-01T21:39:43.552+0000] {logging_mixin.py:190} INFO - [2024-11-01T21:39:43.552+0000] {dag.py:3239} INFO - Sync 1 DAGs
[2024-11-01T21:39:43.575+0000] {logging_mixin.py:190} INFO - [2024-11-01T21:39:43.574+0000] {dag.py:4180} INFO - Setting next_dagrun for sparking_flow to 2024-11-01 00:00:00+00:00, run_after=2024-11-02 00:00:00+00:00
[2024-11-01T21:39:43.593+0000] {processor.py:208} INFO - Processing /opt/airflow/dags/spark_airflow.py took 0.097 seconds
[2024-11-01T21:40:13.752+0000] {processor.py:186} INFO - Started process (PID=60802) to work on /opt/airflow/dags/spark_airflow.py
[2024-11-01T21:40:13.754+0000] {processor.py:914} INFO - Processing file /opt/airflow/dags/spark_airflow.py for tasks to queue
[2024-11-01T21:40:13.755+0000] {logging_mixin.py:190} INFO - [2024-11-01T21:40:13.755+0000] {dagbag.py:588} INFO - Filling up the DagBag from /opt/airflow/dags/spark_airflow.py
[2024-11-01T21:40:13.775+0000] {processor.py:925} INFO - DAG(s) 'sparking_flow' retrieved from /opt/airflow/dags/spark_airflow.py
[2024-11-01T21:40:13.799+0000] {logging_mixin.py:190} INFO - [2024-11-01T21:40:13.798+0000] {dag.py:3239} INFO - Sync 1 DAGs
[2024-11-01T21:40:13.820+0000] {logging_mixin.py:190} INFO - [2024-11-01T21:40:13.820+0000] {dag.py:4180} INFO - Setting next_dagrun for sparking_flow to 2024-11-01 00:00:00+00:00, run_after=2024-11-02 00:00:00+00:00
[2024-11-01T21:40:13.838+0000] {processor.py:208} INFO - Processing /opt/airflow/dags/spark_airflow.py took 0.091 seconds
[2024-11-01T21:40:43.938+0000] {processor.py:186} INFO - Started process (PID=60807) to work on /opt/airflow/dags/spark_airflow.py
[2024-11-01T21:40:43.939+0000] {processor.py:914} INFO - Processing file /opt/airflow/dags/spark_airflow.py for tasks to queue
[2024-11-01T21:40:43.941+0000] {logging_mixin.py:190} INFO - [2024-11-01T21:40:43.940+0000] {dagbag.py:588} INFO - Filling up the DagBag from /opt/airflow/dags/spark_airflow.py
[2024-11-01T21:40:43.961+0000] {processor.py:925} INFO - DAG(s) 'sparking_flow' retrieved from /opt/airflow/dags/spark_airflow.py
[2024-11-01T21:40:43.988+0000] {logging_mixin.py:190} INFO - [2024-11-01T21:40:43.987+0000] {dag.py:3239} INFO - Sync 1 DAGs
[2024-11-01T21:40:44.008+0000] {logging_mixin.py:190} INFO - [2024-11-01T21:40:44.008+0000] {dag.py:4180} INFO - Setting next_dagrun for sparking_flow to 2024-11-01 00:00:00+00:00, run_after=2024-11-02 00:00:00+00:00
[2024-11-01T21:40:44.026+0000] {processor.py:208} INFO - Processing /opt/airflow/dags/spark_airflow.py took 0.094 seconds
[2024-11-01T21:41:14.181+0000] {processor.py:186} INFO - Started process (PID=60812) to work on /opt/airflow/dags/spark_airflow.py
[2024-11-01T21:41:14.181+0000] {processor.py:914} INFO - Processing file /opt/airflow/dags/spark_airflow.py for tasks to queue
[2024-11-01T21:41:14.183+0000] {logging_mixin.py:190} INFO - [2024-11-01T21:41:14.182+0000] {dagbag.py:588} INFO - Filling up the DagBag from /opt/airflow/dags/spark_airflow.py
[2024-11-01T21:41:14.199+0000] {processor.py:925} INFO - DAG(s) 'sparking_flow' retrieved from /opt/airflow/dags/spark_airflow.py
[2024-11-01T21:41:14.224+0000] {logging_mixin.py:190} INFO - [2024-11-01T21:41:14.224+0000] {dag.py:3239} INFO - Sync 1 DAGs
[2024-11-01T21:41:14.244+0000] {logging_mixin.py:190} INFO - [2024-11-01T21:41:14.244+0000] {dag.py:4180} INFO - Setting next_dagrun for sparking_flow to 2024-11-01 00:00:00+00:00, run_after=2024-11-02 00:00:00+00:00
[2024-11-01T21:41:14.261+0000] {processor.py:208} INFO - Processing /opt/airflow/dags/spark_airflow.py took 0.085 seconds
[2024-11-01T21:41:44.369+0000] {processor.py:186} INFO - Started process (PID=60817) to work on /opt/airflow/dags/spark_airflow.py
[2024-11-01T21:41:44.370+0000] {processor.py:914} INFO - Processing file /opt/airflow/dags/spark_airflow.py for tasks to queue
[2024-11-01T21:41:44.372+0000] {logging_mixin.py:190} INFO - [2024-11-01T21:41:44.372+0000] {dagbag.py:588} INFO - Filling up the DagBag from /opt/airflow/dags/spark_airflow.py
[2024-11-01T21:41:44.391+0000] {processor.py:925} INFO - DAG(s) 'sparking_flow' retrieved from /opt/airflow/dags/spark_airflow.py
[2024-11-01T21:41:44.417+0000] {logging_mixin.py:190} INFO - [2024-11-01T21:41:44.417+0000] {dag.py:3239} INFO - Sync 1 DAGs
[2024-11-01T21:41:44.441+0000] {logging_mixin.py:190} INFO - [2024-11-01T21:41:44.440+0000] {dag.py:4180} INFO - Setting next_dagrun for sparking_flow to 2024-11-01 00:00:00+00:00, run_after=2024-11-02 00:00:00+00:00
[2024-11-01T21:41:44.457+0000] {processor.py:208} INFO - Processing /opt/airflow/dags/spark_airflow.py took 0.094 seconds
[2024-11-01T21:42:14.620+0000] {processor.py:186} INFO - Started process (PID=60822) to work on /opt/airflow/dags/spark_airflow.py
[2024-11-01T21:42:14.621+0000] {processor.py:914} INFO - Processing file /opt/airflow/dags/spark_airflow.py for tasks to queue
[2024-11-01T21:42:14.622+0000] {logging_mixin.py:190} INFO - [2024-11-01T21:42:14.622+0000] {dagbag.py:588} INFO - Filling up the DagBag from /opt/airflow/dags/spark_airflow.py
[2024-11-01T21:42:14.641+0000] {processor.py:925} INFO - DAG(s) 'sparking_flow' retrieved from /opt/airflow/dags/spark_airflow.py
[2024-11-01T21:42:14.666+0000] {logging_mixin.py:190} INFO - [2024-11-01T21:42:14.666+0000] {dag.py:3239} INFO - Sync 1 DAGs
[2024-11-01T21:42:14.689+0000] {logging_mixin.py:190} INFO - [2024-11-01T21:42:14.689+0000] {dag.py:4180} INFO - Setting next_dagrun for sparking_flow to 2024-11-01 00:00:00+00:00, run_after=2024-11-02 00:00:00+00:00
[2024-11-01T21:42:14.708+0000] {processor.py:208} INFO - Processing /opt/airflow/dags/spark_airflow.py took 0.092 seconds
[2024-11-01T21:42:44.794+0000] {processor.py:186} INFO - Started process (PID=60827) to work on /opt/airflow/dags/spark_airflow.py
[2024-11-01T21:42:44.795+0000] {processor.py:914} INFO - Processing file /opt/airflow/dags/spark_airflow.py for tasks to queue
[2024-11-01T21:42:44.797+0000] {logging_mixin.py:190} INFO - [2024-11-01T21:42:44.796+0000] {dagbag.py:588} INFO - Filling up the DagBag from /opt/airflow/dags/spark_airflow.py
[2024-11-01T21:42:44.814+0000] {processor.py:925} INFO - DAG(s) 'sparking_flow' retrieved from /opt/airflow/dags/spark_airflow.py
[2024-11-01T21:42:44.839+0000] {logging_mixin.py:190} INFO - [2024-11-01T21:42:44.839+0000] {dag.py:3239} INFO - Sync 1 DAGs
[2024-11-01T21:42:44.859+0000] {logging_mixin.py:190} INFO - [2024-11-01T21:42:44.859+0000] {dag.py:4180} INFO - Setting next_dagrun for sparking_flow to 2024-11-01 00:00:00+00:00, run_after=2024-11-02 00:00:00+00:00
[2024-11-01T21:42:44.874+0000] {processor.py:208} INFO - Processing /opt/airflow/dags/spark_airflow.py took 0.085 seconds
[2024-11-01T21:43:15.057+0000] {processor.py:186} INFO - Started process (PID=60832) to work on /opt/airflow/dags/spark_airflow.py
[2024-11-01T21:43:15.057+0000] {processor.py:914} INFO - Processing file /opt/airflow/dags/spark_airflow.py for tasks to queue
[2024-11-01T21:43:15.058+0000] {logging_mixin.py:190} INFO - [2024-11-01T21:43:15.058+0000] {dagbag.py:588} INFO - Filling up the DagBag from /opt/airflow/dags/spark_airflow.py
[2024-11-01T21:43:15.076+0000] {processor.py:925} INFO - DAG(s) 'sparking_flow' retrieved from /opt/airflow/dags/spark_airflow.py
[2024-11-01T21:43:15.102+0000] {logging_mixin.py:190} INFO - [2024-11-01T21:43:15.102+0000] {dag.py:3239} INFO - Sync 1 DAGs
[2024-11-01T21:43:15.125+0000] {logging_mixin.py:190} INFO - [2024-11-01T21:43:15.125+0000] {dag.py:4180} INFO - Setting next_dagrun for sparking_flow to 2024-11-01 00:00:00+00:00, run_after=2024-11-02 00:00:00+00:00
[2024-11-01T21:43:15.143+0000] {processor.py:208} INFO - Processing /opt/airflow/dags/spark_airflow.py took 0.091 seconds
[2024-11-01T21:43:45.242+0000] {processor.py:186} INFO - Started process (PID=60837) to work on /opt/airflow/dags/spark_airflow.py
[2024-11-01T21:43:45.243+0000] {processor.py:914} INFO - Processing file /opt/airflow/dags/spark_airflow.py for tasks to queue
[2024-11-01T21:43:45.244+0000] {logging_mixin.py:190} INFO - [2024-11-01T21:43:45.244+0000] {dagbag.py:588} INFO - Filling up the DagBag from /opt/airflow/dags/spark_airflow.py
[2024-11-01T21:43:45.264+0000] {processor.py:925} INFO - DAG(s) 'sparking_flow' retrieved from /opt/airflow/dags/spark_airflow.py
[2024-11-01T21:43:45.288+0000] {logging_mixin.py:190} INFO - [2024-11-01T21:43:45.288+0000] {dag.py:3239} INFO - Sync 1 DAGs
[2024-11-01T21:43:45.308+0000] {logging_mixin.py:190} INFO - [2024-11-01T21:43:45.308+0000] {dag.py:4180} INFO - Setting next_dagrun for sparking_flow to 2024-11-01 00:00:00+00:00, run_after=2024-11-02 00:00:00+00:00
[2024-11-01T21:43:45.323+0000] {processor.py:208} INFO - Processing /opt/airflow/dags/spark_airflow.py took 0.087 seconds
[2024-11-01T21:44:15.488+0000] {processor.py:186} INFO - Started process (PID=60842) to work on /opt/airflow/dags/spark_airflow.py
[2024-11-01T21:44:15.489+0000] {processor.py:914} INFO - Processing file /opt/airflow/dags/spark_airflow.py for tasks to queue
[2024-11-01T21:44:15.490+0000] {logging_mixin.py:190} INFO - [2024-11-01T21:44:15.490+0000] {dagbag.py:588} INFO - Filling up the DagBag from /opt/airflow/dags/spark_airflow.py
[2024-11-01T21:44:15.508+0000] {processor.py:925} INFO - DAG(s) 'sparking_flow' retrieved from /opt/airflow/dags/spark_airflow.py
[2024-11-01T21:44:15.534+0000] {logging_mixin.py:190} INFO - [2024-11-01T21:44:15.534+0000] {dag.py:3239} INFO - Sync 1 DAGs
[2024-11-01T21:44:15.558+0000] {logging_mixin.py:190} INFO - [2024-11-01T21:44:15.557+0000] {dag.py:4180} INFO - Setting next_dagrun for sparking_flow to 2024-11-01 00:00:00+00:00, run_after=2024-11-02 00:00:00+00:00
[2024-11-01T21:44:15.575+0000] {processor.py:208} INFO - Processing /opt/airflow/dags/spark_airflow.py took 0.091 seconds
[2024-11-01T21:44:45.677+0000] {processor.py:186} INFO - Started process (PID=60847) to work on /opt/airflow/dags/spark_airflow.py
[2024-11-01T21:44:45.678+0000] {processor.py:914} INFO - Processing file /opt/airflow/dags/spark_airflow.py for tasks to queue
[2024-11-01T21:44:45.680+0000] {logging_mixin.py:190} INFO - [2024-11-01T21:44:45.680+0000] {dagbag.py:588} INFO - Filling up the DagBag from /opt/airflow/dags/spark_airflow.py
[2024-11-01T21:44:45.700+0000] {processor.py:925} INFO - DAG(s) 'sparking_flow' retrieved from /opt/airflow/dags/spark_airflow.py
[2024-11-01T21:44:45.727+0000] {logging_mixin.py:190} INFO - [2024-11-01T21:44:45.727+0000] {dag.py:3239} INFO - Sync 1 DAGs
[2024-11-01T21:44:45.749+0000] {logging_mixin.py:190} INFO - [2024-11-01T21:44:45.749+0000] {dag.py:4180} INFO - Setting next_dagrun for sparking_flow to 2024-11-01 00:00:00+00:00, run_after=2024-11-02 00:00:00+00:00
[2024-11-01T21:44:45.769+0000] {processor.py:208} INFO - Processing /opt/airflow/dags/spark_airflow.py took 0.097 seconds
[2024-11-01T21:45:15.925+0000] {processor.py:186} INFO - Started process (PID=60852) to work on /opt/airflow/dags/spark_airflow.py
[2024-11-01T21:45:15.926+0000] {processor.py:914} INFO - Processing file /opt/airflow/dags/spark_airflow.py for tasks to queue
[2024-11-01T21:45:15.928+0000] {logging_mixin.py:190} INFO - [2024-11-01T21:45:15.927+0000] {dagbag.py:588} INFO - Filling up the DagBag from /opt/airflow/dags/spark_airflow.py
[2024-11-01T21:45:15.945+0000] {processor.py:925} INFO - DAG(s) 'sparking_flow' retrieved from /opt/airflow/dags/spark_airflow.py
[2024-11-01T21:45:15.969+0000] {logging_mixin.py:190} INFO - [2024-11-01T21:45:15.969+0000] {dag.py:3239} INFO - Sync 1 DAGs
[2024-11-01T21:45:15.990+0000] {logging_mixin.py:190} INFO - [2024-11-01T21:45:15.989+0000] {dag.py:4180} INFO - Setting next_dagrun for sparking_flow to 2024-11-01 00:00:00+00:00, run_after=2024-11-02 00:00:00+00:00
[2024-11-01T21:45:16.008+0000] {processor.py:208} INFO - Processing /opt/airflow/dags/spark_airflow.py took 0.087 seconds
[2024-11-01T21:45:46.138+0000] {processor.py:186} INFO - Started process (PID=60857) to work on /opt/airflow/dags/spark_airflow.py
[2024-11-01T21:45:46.139+0000] {processor.py:914} INFO - Processing file /opt/airflow/dags/spark_airflow.py for tasks to queue
[2024-11-01T21:45:46.140+0000] {logging_mixin.py:190} INFO - [2024-11-01T21:45:46.140+0000] {dagbag.py:588} INFO - Filling up the DagBag from /opt/airflow/dags/spark_airflow.py
[2024-11-01T21:45:46.161+0000] {processor.py:925} INFO - DAG(s) 'sparking_flow' retrieved from /opt/airflow/dags/spark_airflow.py
[2024-11-01T21:45:46.187+0000] {logging_mixin.py:190} INFO - [2024-11-01T21:45:46.186+0000] {dag.py:3239} INFO - Sync 1 DAGs
[2024-11-01T21:45:46.209+0000] {logging_mixin.py:190} INFO - [2024-11-01T21:45:46.208+0000] {dag.py:4180} INFO - Setting next_dagrun for sparking_flow to 2024-11-01 00:00:00+00:00, run_after=2024-11-02 00:00:00+00:00
[2024-11-01T21:45:46.224+0000] {processor.py:208} INFO - Processing /opt/airflow/dags/spark_airflow.py took 0.093 seconds
[2024-11-01T21:46:16.361+0000] {processor.py:186} INFO - Started process (PID=60862) to work on /opt/airflow/dags/spark_airflow.py
[2024-11-01T21:46:16.362+0000] {processor.py:914} INFO - Processing file /opt/airflow/dags/spark_airflow.py for tasks to queue
[2024-11-01T21:46:16.364+0000] {logging_mixin.py:190} INFO - [2024-11-01T21:46:16.363+0000] {dagbag.py:588} INFO - Filling up the DagBag from /opt/airflow/dags/spark_airflow.py
[2024-11-01T21:46:16.382+0000] {processor.py:925} INFO - DAG(s) 'sparking_flow' retrieved from /opt/airflow/dags/spark_airflow.py
[2024-11-01T21:46:16.406+0000] {logging_mixin.py:190} INFO - [2024-11-01T21:46:16.406+0000] {dag.py:3239} INFO - Sync 1 DAGs
[2024-11-01T21:46:16.426+0000] {logging_mixin.py:190} INFO - [2024-11-01T21:46:16.426+0000] {dag.py:4180} INFO - Setting next_dagrun for sparking_flow to 2024-11-01 00:00:00+00:00, run_after=2024-11-02 00:00:00+00:00
[2024-11-01T21:46:16.442+0000] {processor.py:208} INFO - Processing /opt/airflow/dags/spark_airflow.py took 0.088 seconds
[2024-11-01T21:46:46.586+0000] {processor.py:186} INFO - Started process (PID=60867) to work on /opt/airflow/dags/spark_airflow.py
[2024-11-01T21:46:46.587+0000] {processor.py:914} INFO - Processing file /opt/airflow/dags/spark_airflow.py for tasks to queue
[2024-11-01T21:46:46.588+0000] {logging_mixin.py:190} INFO - [2024-11-01T21:46:46.588+0000] {dagbag.py:588} INFO - Filling up the DagBag from /opt/airflow/dags/spark_airflow.py
[2024-11-01T21:46:46.607+0000] {processor.py:925} INFO - DAG(s) 'sparking_flow' retrieved from /opt/airflow/dags/spark_airflow.py
[2024-11-01T21:46:46.635+0000] {logging_mixin.py:190} INFO - [2024-11-01T21:46:46.635+0000] {dag.py:3239} INFO - Sync 1 DAGs
[2024-11-01T21:46:46.656+0000] {logging_mixin.py:190} INFO - [2024-11-01T21:46:46.656+0000] {dag.py:4180} INFO - Setting next_dagrun for sparking_flow to 2024-11-01 00:00:00+00:00, run_after=2024-11-02 00:00:00+00:00
[2024-11-01T21:46:46.673+0000] {processor.py:208} INFO - Processing /opt/airflow/dags/spark_airflow.py took 0.093 seconds
[2024-11-01T21:47:16.788+0000] {processor.py:186} INFO - Started process (PID=60872) to work on /opt/airflow/dags/spark_airflow.py
[2024-11-01T21:47:16.790+0000] {processor.py:914} INFO - Processing file /opt/airflow/dags/spark_airflow.py for tasks to queue
[2024-11-01T21:47:16.791+0000] {logging_mixin.py:190} INFO - [2024-11-01T21:47:16.791+0000] {dagbag.py:588} INFO - Filling up the DagBag from /opt/airflow/dags/spark_airflow.py
[2024-11-01T21:47:16.808+0000] {processor.py:925} INFO - DAG(s) 'sparking_flow' retrieved from /opt/airflow/dags/spark_airflow.py
[2024-11-01T21:47:16.835+0000] {logging_mixin.py:190} INFO - [2024-11-01T21:47:16.834+0000] {dag.py:3239} INFO - Sync 1 DAGs
[2024-11-01T21:47:16.856+0000] {logging_mixin.py:190} INFO - [2024-11-01T21:47:16.856+0000] {dag.py:4180} INFO - Setting next_dagrun for sparking_flow to 2024-11-01 00:00:00+00:00, run_after=2024-11-02 00:00:00+00:00
[2024-11-01T21:47:16.876+0000] {processor.py:208} INFO - Processing /opt/airflow/dags/spark_airflow.py took 0.094 seconds
[2024-11-01T21:47:47.013+0000] {processor.py:186} INFO - Started process (PID=60877) to work on /opt/airflow/dags/spark_airflow.py
[2024-11-01T21:47:47.014+0000] {processor.py:914} INFO - Processing file /opt/airflow/dags/spark_airflow.py for tasks to queue
[2024-11-01T21:47:47.015+0000] {logging_mixin.py:190} INFO - [2024-11-01T21:47:47.015+0000] {dagbag.py:588} INFO - Filling up the DagBag from /opt/airflow/dags/spark_airflow.py
[2024-11-01T21:47:47.035+0000] {processor.py:925} INFO - DAG(s) 'sparking_flow' retrieved from /opt/airflow/dags/spark_airflow.py
[2024-11-01T21:47:47.066+0000] {logging_mixin.py:190} INFO - [2024-11-01T21:47:47.065+0000] {dag.py:3239} INFO - Sync 1 DAGs
[2024-11-01T21:47:47.092+0000] {logging_mixin.py:190} INFO - [2024-11-01T21:47:47.092+0000] {dag.py:4180} INFO - Setting next_dagrun for sparking_flow to 2024-11-01 00:00:00+00:00, run_after=2024-11-02 00:00:00+00:00
[2024-11-01T21:47:47.113+0000] {processor.py:208} INFO - Processing /opt/airflow/dags/spark_airflow.py took 0.106 seconds
[2024-11-01T21:48:17.224+0000] {processor.py:186} INFO - Started process (PID=60882) to work on /opt/airflow/dags/spark_airflow.py
[2024-11-01T21:48:17.225+0000] {processor.py:914} INFO - Processing file /opt/airflow/dags/spark_airflow.py for tasks to queue
[2024-11-01T21:48:17.226+0000] {logging_mixin.py:190} INFO - [2024-11-01T21:48:17.226+0000] {dagbag.py:588} INFO - Filling up the DagBag from /opt/airflow/dags/spark_airflow.py
[2024-11-01T21:48:17.246+0000] {processor.py:925} INFO - DAG(s) 'sparking_flow' retrieved from /opt/airflow/dags/spark_airflow.py
[2024-11-01T21:48:17.272+0000] {logging_mixin.py:190} INFO - [2024-11-01T21:48:17.272+0000] {dag.py:3239} INFO - Sync 1 DAGs
[2024-11-01T21:48:17.294+0000] {logging_mixin.py:190} INFO - [2024-11-01T21:48:17.294+0000] {dag.py:4180} INFO - Setting next_dagrun for sparking_flow to 2024-11-01 00:00:00+00:00, run_after=2024-11-02 00:00:00+00:00
[2024-11-01T21:48:17.310+0000] {processor.py:208} INFO - Processing /opt/airflow/dags/spark_airflow.py took 0.092 seconds
[2024-11-01T21:48:47.462+0000] {processor.py:186} INFO - Started process (PID=60887) to work on /opt/airflow/dags/spark_airflow.py
[2024-11-01T21:48:47.463+0000] {processor.py:914} INFO - Processing file /opt/airflow/dags/spark_airflow.py for tasks to queue
[2024-11-01T21:48:47.464+0000] {logging_mixin.py:190} INFO - [2024-11-01T21:48:47.464+0000] {dagbag.py:588} INFO - Filling up the DagBag from /opt/airflow/dags/spark_airflow.py
[2024-11-01T21:48:47.482+0000] {processor.py:925} INFO - DAG(s) 'sparking_flow' retrieved from /opt/airflow/dags/spark_airflow.py
[2024-11-01T21:48:47.508+0000] {logging_mixin.py:190} INFO - [2024-11-01T21:48:47.508+0000] {dag.py:3239} INFO - Sync 1 DAGs
[2024-11-01T21:48:47.531+0000] {logging_mixin.py:190} INFO - [2024-11-01T21:48:47.530+0000] {dag.py:4180} INFO - Setting next_dagrun for sparking_flow to 2024-11-01 00:00:00+00:00, run_after=2024-11-02 00:00:00+00:00
[2024-11-01T21:48:47.549+0000] {processor.py:208} INFO - Processing /opt/airflow/dags/spark_airflow.py took 0.091 seconds
[2024-11-01T21:49:17.662+0000] {processor.py:186} INFO - Started process (PID=60892) to work on /opt/airflow/dags/spark_airflow.py
[2024-11-01T21:49:17.663+0000] {processor.py:914} INFO - Processing file /opt/airflow/dags/spark_airflow.py for tasks to queue
[2024-11-01T21:49:17.665+0000] {logging_mixin.py:190} INFO - [2024-11-01T21:49:17.665+0000] {dagbag.py:588} INFO - Filling up the DagBag from /opt/airflow/dags/spark_airflow.py
[2024-11-01T21:49:17.684+0000] {processor.py:925} INFO - DAG(s) 'sparking_flow' retrieved from /opt/airflow/dags/spark_airflow.py
[2024-11-01T21:49:17.710+0000] {logging_mixin.py:190} INFO - [2024-11-01T21:49:17.710+0000] {dag.py:3239} INFO - Sync 1 DAGs
[2024-11-01T21:49:17.732+0000] {logging_mixin.py:190} INFO - [2024-11-01T21:49:17.731+0000] {dag.py:4180} INFO - Setting next_dagrun for sparking_flow to 2024-11-01 00:00:00+00:00, run_after=2024-11-02 00:00:00+00:00
[2024-11-01T21:49:17.755+0000] {processor.py:208} INFO - Processing /opt/airflow/dags/spark_airflow.py took 0.099 seconds
[2024-11-01T21:49:47.894+0000] {processor.py:186} INFO - Started process (PID=60897) to work on /opt/airflow/dags/spark_airflow.py
[2024-11-01T21:49:47.895+0000] {processor.py:914} INFO - Processing file /opt/airflow/dags/spark_airflow.py for tasks to queue
[2024-11-01T21:49:47.896+0000] {logging_mixin.py:190} INFO - [2024-11-01T21:49:47.896+0000] {dagbag.py:588} INFO - Filling up the DagBag from /opt/airflow/dags/spark_airflow.py
[2024-11-01T21:49:47.919+0000] {processor.py:925} INFO - DAG(s) 'sparking_flow' retrieved from /opt/airflow/dags/spark_airflow.py
[2024-11-01T21:49:47.944+0000] {logging_mixin.py:190} INFO - [2024-11-01T21:49:47.944+0000] {dag.py:3239} INFO - Sync 1 DAGs
[2024-11-01T21:49:47.971+0000] {logging_mixin.py:190} INFO - [2024-11-01T21:49:47.971+0000] {dag.py:4180} INFO - Setting next_dagrun for sparking_flow to 2024-11-01 00:00:00+00:00, run_after=2024-11-02 00:00:00+00:00
[2024-11-01T21:49:48.004+0000] {processor.py:208} INFO - Processing /opt/airflow/dags/spark_airflow.py took 0.115 seconds
[2024-11-01T21:50:18.100+0000] {processor.py:186} INFO - Started process (PID=60902) to work on /opt/airflow/dags/spark_airflow.py
[2024-11-01T21:50:18.101+0000] {processor.py:914} INFO - Processing file /opt/airflow/dags/spark_airflow.py for tasks to queue
[2024-11-01T21:50:18.102+0000] {logging_mixin.py:190} INFO - [2024-11-01T21:50:18.101+0000] {dagbag.py:588} INFO - Filling up the DagBag from /opt/airflow/dags/spark_airflow.py
[2024-11-01T21:50:18.121+0000] {processor.py:925} INFO - DAG(s) 'sparking_flow' retrieved from /opt/airflow/dags/spark_airflow.py
[2024-11-01T21:50:18.148+0000] {logging_mixin.py:190} INFO - [2024-11-01T21:50:18.148+0000] {dag.py:3239} INFO - Sync 1 DAGs
[2024-11-01T21:50:18.171+0000] {logging_mixin.py:190} INFO - [2024-11-01T21:50:18.171+0000] {dag.py:4180} INFO - Setting next_dagrun for sparking_flow to 2024-11-01 00:00:00+00:00, run_after=2024-11-02 00:00:00+00:00
[2024-11-01T21:50:18.189+0000] {processor.py:208} INFO - Processing /opt/airflow/dags/spark_airflow.py took 0.096 seconds
[2024-11-01T21:50:48.351+0000] {processor.py:186} INFO - Started process (PID=60907) to work on /opt/airflow/dags/spark_airflow.py
[2024-11-01T21:50:48.352+0000] {processor.py:914} INFO - Processing file /opt/airflow/dags/spark_airflow.py for tasks to queue
[2024-11-01T21:50:48.353+0000] {logging_mixin.py:190} INFO - [2024-11-01T21:50:48.353+0000] {dagbag.py:588} INFO - Filling up the DagBag from /opt/airflow/dags/spark_airflow.py
[2024-11-01T21:50:48.371+0000] {processor.py:925} INFO - DAG(s) 'sparking_flow' retrieved from /opt/airflow/dags/spark_airflow.py
[2024-11-01T21:50:48.396+0000] {logging_mixin.py:190} INFO - [2024-11-01T21:50:48.396+0000] {dag.py:3239} INFO - Sync 1 DAGs
[2024-11-01T21:50:48.418+0000] {logging_mixin.py:190} INFO - [2024-11-01T21:50:48.418+0000] {dag.py:4180} INFO - Setting next_dagrun for sparking_flow to 2024-11-01 00:00:00+00:00, run_after=2024-11-02 00:00:00+00:00
[2024-11-01T21:50:48.434+0000] {processor.py:208} INFO - Processing /opt/airflow/dags/spark_airflow.py took 0.088 seconds
[2024-11-01T21:51:18.530+0000] {processor.py:186} INFO - Started process (PID=60912) to work on /opt/airflow/dags/spark_airflow.py
[2024-11-01T21:51:18.531+0000] {processor.py:914} INFO - Processing file /opt/airflow/dags/spark_airflow.py for tasks to queue
[2024-11-01T21:51:18.532+0000] {logging_mixin.py:190} INFO - [2024-11-01T21:51:18.532+0000] {dagbag.py:588} INFO - Filling up the DagBag from /opt/airflow/dags/spark_airflow.py
[2024-11-01T21:51:18.550+0000] {processor.py:925} INFO - DAG(s) 'sparking_flow' retrieved from /opt/airflow/dags/spark_airflow.py
[2024-11-01T21:51:18.577+0000] {logging_mixin.py:190} INFO - [2024-11-01T21:51:18.577+0000] {dag.py:3239} INFO - Sync 1 DAGs
[2024-11-01T21:51:18.600+0000] {logging_mixin.py:190} INFO - [2024-11-01T21:51:18.600+0000] {dag.py:4180} INFO - Setting next_dagrun for sparking_flow to 2024-11-01 00:00:00+00:00, run_after=2024-11-02 00:00:00+00:00
[2024-11-01T21:51:18.616+0000] {processor.py:208} INFO - Processing /opt/airflow/dags/spark_airflow.py took 0.092 seconds
[2024-11-01T21:51:48.807+0000] {processor.py:186} INFO - Started process (PID=60917) to work on /opt/airflow/dags/spark_airflow.py
[2024-11-01T21:51:48.808+0000] {processor.py:914} INFO - Processing file /opt/airflow/dags/spark_airflow.py for tasks to queue
[2024-11-01T21:51:48.809+0000] {logging_mixin.py:190} INFO - [2024-11-01T21:51:48.809+0000] {dagbag.py:588} INFO - Filling up the DagBag from /opt/airflow/dags/spark_airflow.py
[2024-11-01T21:51:48.831+0000] {processor.py:925} INFO - DAG(s) 'sparking_flow' retrieved from /opt/airflow/dags/spark_airflow.py
[2024-11-01T21:51:48.892+0000] {logging_mixin.py:190} INFO - [2024-11-01T21:51:48.891+0000] {dag.py:3239} INFO - Sync 1 DAGs
[2024-11-01T21:51:48.934+0000] {logging_mixin.py:190} INFO - [2024-11-01T21:51:48.933+0000] {dag.py:4180} INFO - Setting next_dagrun for sparking_flow to 2024-11-01 00:00:00+00:00, run_after=2024-11-02 00:00:00+00:00
[2024-11-01T21:51:48.965+0000] {processor.py:208} INFO - Processing /opt/airflow/dags/spark_airflow.py took 0.164 seconds
[2024-11-01T21:52:19.149+0000] {processor.py:186} INFO - Started process (PID=60922) to work on /opt/airflow/dags/spark_airflow.py
[2024-11-01T21:52:19.150+0000] {processor.py:914} INFO - Processing file /opt/airflow/dags/spark_airflow.py for tasks to queue
[2024-11-01T21:52:19.152+0000] {logging_mixin.py:190} INFO - [2024-11-01T21:52:19.151+0000] {dagbag.py:588} INFO - Filling up the DagBag from /opt/airflow/dags/spark_airflow.py
[2024-11-01T21:52:19.177+0000] {processor.py:925} INFO - DAG(s) 'sparking_flow' retrieved from /opt/airflow/dags/spark_airflow.py
[2024-11-01T21:52:19.208+0000] {logging_mixin.py:190} INFO - [2024-11-01T21:52:19.207+0000] {dag.py:3239} INFO - Sync 1 DAGs
[2024-11-01T21:52:19.240+0000] {logging_mixin.py:190} INFO - [2024-11-01T21:52:19.240+0000] {dag.py:4180} INFO - Setting next_dagrun for sparking_flow to 2024-11-01 00:00:00+00:00, run_after=2024-11-02 00:00:00+00:00
[2024-11-01T21:52:19.275+0000] {processor.py:208} INFO - Processing /opt/airflow/dags/spark_airflow.py took 0.132 seconds
[2024-11-01T21:52:49.447+0000] {processor.py:186} INFO - Started process (PID=60927) to work on /opt/airflow/dags/spark_airflow.py
[2024-11-01T21:52:49.448+0000] {processor.py:914} INFO - Processing file /opt/airflow/dags/spark_airflow.py for tasks to queue
[2024-11-01T21:52:49.449+0000] {logging_mixin.py:190} INFO - [2024-11-01T21:52:49.449+0000] {dagbag.py:588} INFO - Filling up the DagBag from /opt/airflow/dags/spark_airflow.py
[2024-11-01T21:52:49.469+0000] {processor.py:925} INFO - DAG(s) 'sparking_flow' retrieved from /opt/airflow/dags/spark_airflow.py
[2024-11-01T21:52:49.496+0000] {logging_mixin.py:190} INFO - [2024-11-01T21:52:49.496+0000] {dag.py:3239} INFO - Sync 1 DAGs
[2024-11-01T21:52:49.519+0000] {logging_mixin.py:190} INFO - [2024-11-01T21:52:49.519+0000] {dag.py:4180} INFO - Setting next_dagrun for sparking_flow to 2024-11-01 00:00:00+00:00, run_after=2024-11-02 00:00:00+00:00
[2024-11-01T21:52:49.535+0000] {processor.py:208} INFO - Processing /opt/airflow/dags/spark_airflow.py took 0.095 seconds
[2024-11-01T21:53:19.616+0000] {processor.py:186} INFO - Started process (PID=60932) to work on /opt/airflow/dags/spark_airflow.py
[2024-11-01T21:53:19.617+0000] {processor.py:914} INFO - Processing file /opt/airflow/dags/spark_airflow.py for tasks to queue
[2024-11-01T21:53:19.618+0000] {logging_mixin.py:190} INFO - [2024-11-01T21:53:19.618+0000] {dagbag.py:588} INFO - Filling up the DagBag from /opt/airflow/dags/spark_airflow.py
[2024-11-01T21:53:19.638+0000] {processor.py:925} INFO - DAG(s) 'sparking_flow' retrieved from /opt/airflow/dags/spark_airflow.py
[2024-11-01T21:53:19.661+0000] {logging_mixin.py:190} INFO - [2024-11-01T21:53:19.661+0000] {dag.py:3239} INFO - Sync 1 DAGs
[2024-11-01T21:53:19.682+0000] {logging_mixin.py:190} INFO - [2024-11-01T21:53:19.682+0000] {dag.py:4180} INFO - Setting next_dagrun for sparking_flow to 2024-11-01 00:00:00+00:00, run_after=2024-11-02 00:00:00+00:00
[2024-11-01T21:53:19.700+0000] {processor.py:208} INFO - Processing /opt/airflow/dags/spark_airflow.py took 0.089 seconds
[2024-11-01T21:53:49.865+0000] {processor.py:186} INFO - Started process (PID=60937) to work on /opt/airflow/dags/spark_airflow.py
[2024-11-01T21:53:49.866+0000] {processor.py:914} INFO - Processing file /opt/airflow/dags/spark_airflow.py for tasks to queue
[2024-11-01T21:53:49.867+0000] {logging_mixin.py:190} INFO - [2024-11-01T21:53:49.867+0000] {dagbag.py:588} INFO - Filling up the DagBag from /opt/airflow/dags/spark_airflow.py
[2024-11-01T21:53:49.885+0000] {processor.py:925} INFO - DAG(s) 'sparking_flow' retrieved from /opt/airflow/dags/spark_airflow.py
[2024-11-01T21:53:49.912+0000] {logging_mixin.py:190} INFO - [2024-11-01T21:53:49.912+0000] {dag.py:3239} INFO - Sync 1 DAGs
[2024-11-01T21:53:49.936+0000] {logging_mixin.py:190} INFO - [2024-11-01T21:53:49.936+0000] {dag.py:4180} INFO - Setting next_dagrun for sparking_flow to 2024-11-01 00:00:00+00:00, run_after=2024-11-02 00:00:00+00:00
[2024-11-01T21:53:49.955+0000] {processor.py:208} INFO - Processing /opt/airflow/dags/spark_airflow.py took 0.095 seconds
[2024-11-01T21:54:20.052+0000] {processor.py:186} INFO - Started process (PID=60942) to work on /opt/airflow/dags/spark_airflow.py
[2024-11-01T21:54:20.053+0000] {processor.py:914} INFO - Processing file /opt/airflow/dags/spark_airflow.py for tasks to queue
[2024-11-01T21:54:20.054+0000] {logging_mixin.py:190} INFO - [2024-11-01T21:54:20.054+0000] {dagbag.py:588} INFO - Filling up the DagBag from /opt/airflow/dags/spark_airflow.py
[2024-11-01T21:54:20.075+0000] {processor.py:925} INFO - DAG(s) 'sparking_flow' retrieved from /opt/airflow/dags/spark_airflow.py
[2024-11-01T21:54:20.108+0000] {logging_mixin.py:190} INFO - [2024-11-01T21:54:20.108+0000] {dag.py:3239} INFO - Sync 1 DAGs
[2024-11-01T21:54:20.134+0000] {logging_mixin.py:190} INFO - [2024-11-01T21:54:20.133+0000] {dag.py:4180} INFO - Setting next_dagrun for sparking_flow to 2024-11-01 00:00:00+00:00, run_after=2024-11-02 00:00:00+00:00
[2024-11-01T21:54:20.175+0000] {processor.py:208} INFO - Processing /opt/airflow/dags/spark_airflow.py took 0.130 seconds
[2024-11-01T21:54:50.298+0000] {processor.py:186} INFO - Started process (PID=60947) to work on /opt/airflow/dags/spark_airflow.py
[2024-11-01T21:54:50.299+0000] {processor.py:914} INFO - Processing file /opt/airflow/dags/spark_airflow.py for tasks to queue
[2024-11-01T21:54:50.301+0000] {logging_mixin.py:190} INFO - [2024-11-01T21:54:50.300+0000] {dagbag.py:588} INFO - Filling up the DagBag from /opt/airflow/dags/spark_airflow.py
[2024-11-01T21:54:50.319+0000] {processor.py:925} INFO - DAG(s) 'sparking_flow' retrieved from /opt/airflow/dags/spark_airflow.py
[2024-11-01T21:54:50.345+0000] {logging_mixin.py:190} INFO - [2024-11-01T21:54:50.345+0000] {dag.py:3239} INFO - Sync 1 DAGs
[2024-11-01T21:54:50.368+0000] {logging_mixin.py:190} INFO - [2024-11-01T21:54:50.368+0000] {dag.py:4180} INFO - Setting next_dagrun for sparking_flow to 2024-11-01 00:00:00+00:00, run_after=2024-11-02 00:00:00+00:00
[2024-11-01T21:54:50.386+0000] {processor.py:208} INFO - Processing /opt/airflow/dags/spark_airflow.py took 0.092 seconds
[2024-11-01T21:55:20.516+0000] {processor.py:186} INFO - Started process (PID=60952) to work on /opt/airflow/dags/spark_airflow.py
[2024-11-01T21:55:20.517+0000] {processor.py:914} INFO - Processing file /opt/airflow/dags/spark_airflow.py for tasks to queue
[2024-11-01T21:55:20.518+0000] {logging_mixin.py:190} INFO - [2024-11-01T21:55:20.518+0000] {dagbag.py:588} INFO - Filling up the DagBag from /opt/airflow/dags/spark_airflow.py
[2024-11-01T21:55:20.544+0000] {processor.py:925} INFO - DAG(s) 'sparking_flow' retrieved from /opt/airflow/dags/spark_airflow.py
[2024-11-01T21:55:20.572+0000] {logging_mixin.py:190} INFO - [2024-11-01T21:55:20.571+0000] {dag.py:3239} INFO - Sync 1 DAGs
[2024-11-01T21:55:20.598+0000] {logging_mixin.py:190} INFO - [2024-11-01T21:55:20.598+0000] {dag.py:4180} INFO - Setting next_dagrun for sparking_flow to 2024-11-01 00:00:00+00:00, run_after=2024-11-02 00:00:00+00:00
[2024-11-01T21:55:20.625+0000] {processor.py:208} INFO - Processing /opt/airflow/dags/spark_airflow.py took 0.116 seconds
[2024-11-01T21:55:50.724+0000] {processor.py:186} INFO - Started process (PID=60957) to work on /opt/airflow/dags/spark_airflow.py
[2024-11-01T21:55:50.725+0000] {processor.py:914} INFO - Processing file /opt/airflow/dags/spark_airflow.py for tasks to queue
[2024-11-01T21:55:50.726+0000] {logging_mixin.py:190} INFO - [2024-11-01T21:55:50.726+0000] {dagbag.py:588} INFO - Filling up the DagBag from /opt/airflow/dags/spark_airflow.py
[2024-11-01T21:55:50.746+0000] {processor.py:925} INFO - DAG(s) 'sparking_flow' retrieved from /opt/airflow/dags/spark_airflow.py
[2024-11-01T21:55:50.774+0000] {logging_mixin.py:190} INFO - [2024-11-01T21:55:50.774+0000] {dag.py:3239} INFO - Sync 1 DAGs
[2024-11-01T21:55:50.797+0000] {logging_mixin.py:190} INFO - [2024-11-01T21:55:50.797+0000] {dag.py:4180} INFO - Setting next_dagrun for sparking_flow to 2024-11-01 00:00:00+00:00, run_after=2024-11-02 00:00:00+00:00
[2024-11-01T21:55:50.814+0000] {processor.py:208} INFO - Processing /opt/airflow/dags/spark_airflow.py took 0.097 seconds
[2024-11-01T21:56:20.967+0000] {processor.py:186} INFO - Started process (PID=60962) to work on /opt/airflow/dags/spark_airflow.py
[2024-11-01T21:56:20.968+0000] {processor.py:914} INFO - Processing file /opt/airflow/dags/spark_airflow.py for tasks to queue
[2024-11-01T21:56:20.970+0000] {logging_mixin.py:190} INFO - [2024-11-01T21:56:20.969+0000] {dagbag.py:588} INFO - Filling up the DagBag from /opt/airflow/dags/spark_airflow.py
[2024-11-01T21:56:20.988+0000] {processor.py:925} INFO - DAG(s) 'sparking_flow' retrieved from /opt/airflow/dags/spark_airflow.py
[2024-11-01T21:56:21.016+0000] {logging_mixin.py:190} INFO - [2024-11-01T21:56:21.016+0000] {dag.py:3239} INFO - Sync 1 DAGs
[2024-11-01T21:56:21.040+0000] {logging_mixin.py:190} INFO - [2024-11-01T21:56:21.040+0000] {dag.py:4180} INFO - Setting next_dagrun for sparking_flow to 2024-11-01 00:00:00+00:00, run_after=2024-11-02 00:00:00+00:00
[2024-11-01T21:56:21.056+0000] {processor.py:208} INFO - Processing /opt/airflow/dags/spark_airflow.py took 0.093 seconds
[2024-11-01T21:56:51.190+0000] {processor.py:186} INFO - Started process (PID=60967) to work on /opt/airflow/dags/spark_airflow.py
[2024-11-01T21:56:51.191+0000] {processor.py:914} INFO - Processing file /opt/airflow/dags/spark_airflow.py for tasks to queue
[2024-11-01T21:56:51.192+0000] {logging_mixin.py:190} INFO - [2024-11-01T21:56:51.192+0000] {dagbag.py:588} INFO - Filling up the DagBag from /opt/airflow/dags/spark_airflow.py
[2024-11-01T21:56:51.212+0000] {processor.py:925} INFO - DAG(s) 'sparking_flow' retrieved from /opt/airflow/dags/spark_airflow.py
[2024-11-01T21:56:51.237+0000] {logging_mixin.py:190} INFO - [2024-11-01T21:56:51.237+0000] {dag.py:3239} INFO - Sync 1 DAGs
[2024-11-01T21:56:51.263+0000] {logging_mixin.py:190} INFO - [2024-11-01T21:56:51.262+0000] {dag.py:4180} INFO - Setting next_dagrun for sparking_flow to 2024-11-01 00:00:00+00:00, run_after=2024-11-02 00:00:00+00:00
[2024-11-01T21:56:51.284+0000] {processor.py:208} INFO - Processing /opt/airflow/dags/spark_airflow.py took 0.100 seconds
[2024-11-01T21:57:21.401+0000] {processor.py:186} INFO - Started process (PID=60972) to work on /opt/airflow/dags/spark_airflow.py
[2024-11-01T21:57:21.402+0000] {processor.py:914} INFO - Processing file /opt/airflow/dags/spark_airflow.py for tasks to queue
[2024-11-01T21:57:21.403+0000] {logging_mixin.py:190} INFO - [2024-11-01T21:57:21.403+0000] {dagbag.py:588} INFO - Filling up the DagBag from /opt/airflow/dags/spark_airflow.py
[2024-11-01T21:57:21.429+0000] {processor.py:925} INFO - DAG(s) 'sparking_flow' retrieved from /opt/airflow/dags/spark_airflow.py
[2024-11-01T21:57:21.459+0000] {logging_mixin.py:190} INFO - [2024-11-01T21:57:21.458+0000] {dag.py:3239} INFO - Sync 1 DAGs
[2024-11-01T21:57:21.488+0000] {logging_mixin.py:190} INFO - [2024-11-01T21:57:21.488+0000] {dag.py:4180} INFO - Setting next_dagrun for sparking_flow to 2024-11-01 00:00:00+00:00, run_after=2024-11-02 00:00:00+00:00
[2024-11-01T21:57:21.512+0000] {processor.py:208} INFO - Processing /opt/airflow/dags/spark_airflow.py took 0.119 seconds
[2024-11-01T21:57:51.619+0000] {processor.py:186} INFO - Started process (PID=60977) to work on /opt/airflow/dags/spark_airflow.py
[2024-11-01T21:57:51.620+0000] {processor.py:914} INFO - Processing file /opt/airflow/dags/spark_airflow.py for tasks to queue
[2024-11-01T21:57:51.622+0000] {logging_mixin.py:190} INFO - [2024-11-01T21:57:51.621+0000] {dagbag.py:588} INFO - Filling up the DagBag from /opt/airflow/dags/spark_airflow.py
[2024-11-01T21:57:51.641+0000] {processor.py:925} INFO - DAG(s) 'sparking_flow' retrieved from /opt/airflow/dags/spark_airflow.py
[2024-11-01T21:57:51.673+0000] {logging_mixin.py:190} INFO - [2024-11-01T21:57:51.672+0000] {dag.py:3239} INFO - Sync 1 DAGs
[2024-11-01T21:57:51.699+0000] {logging_mixin.py:190} INFO - [2024-11-01T21:57:51.699+0000] {dag.py:4180} INFO - Setting next_dagrun for sparking_flow to 2024-11-01 00:00:00+00:00, run_after=2024-11-02 00:00:00+00:00
[2024-11-01T21:57:51.717+0000] {processor.py:208} INFO - Processing /opt/airflow/dags/spark_airflow.py took 0.104 seconds
[2024-11-01T21:58:21.838+0000] {processor.py:186} INFO - Started process (PID=60982) to work on /opt/airflow/dags/spark_airflow.py
[2024-11-01T21:58:21.839+0000] {processor.py:914} INFO - Processing file /opt/airflow/dags/spark_airflow.py for tasks to queue
[2024-11-01T21:58:21.840+0000] {logging_mixin.py:190} INFO - [2024-11-01T21:58:21.840+0000] {dagbag.py:588} INFO - Filling up the DagBag from /opt/airflow/dags/spark_airflow.py
[2024-11-01T21:58:21.859+0000] {processor.py:925} INFO - DAG(s) 'sparking_flow' retrieved from /opt/airflow/dags/spark_airflow.py
[2024-11-01T21:58:21.883+0000] {logging_mixin.py:190} INFO - [2024-11-01T21:58:21.883+0000] {dag.py:3239} INFO - Sync 1 DAGs
[2024-11-01T21:58:21.903+0000] {logging_mixin.py:190} INFO - [2024-11-01T21:58:21.902+0000] {dag.py:4180} INFO - Setting next_dagrun for sparking_flow to 2024-11-01 00:00:00+00:00, run_after=2024-11-02 00:00:00+00:00
[2024-11-01T21:58:21.920+0000] {processor.py:208} INFO - Processing /opt/airflow/dags/spark_airflow.py took 0.088 seconds
[2024-11-01T21:58:52.031+0000] {processor.py:186} INFO - Started process (PID=60987) to work on /opt/airflow/dags/spark_airflow.py
[2024-11-01T21:58:52.032+0000] {processor.py:914} INFO - Processing file /opt/airflow/dags/spark_airflow.py for tasks to queue
[2024-11-01T21:58:52.033+0000] {logging_mixin.py:190} INFO - [2024-11-01T21:58:52.033+0000] {dagbag.py:588} INFO - Filling up the DagBag from /opt/airflow/dags/spark_airflow.py
[2024-11-01T21:58:52.052+0000] {processor.py:925} INFO - DAG(s) 'sparking_flow' retrieved from /opt/airflow/dags/spark_airflow.py
[2024-11-01T21:58:52.078+0000] {logging_mixin.py:190} INFO - [2024-11-01T21:58:52.077+0000] {dag.py:3239} INFO - Sync 1 DAGs
[2024-11-01T21:58:52.100+0000] {logging_mixin.py:190} INFO - [2024-11-01T21:58:52.100+0000] {dag.py:4180} INFO - Setting next_dagrun for sparking_flow to 2024-11-01 00:00:00+00:00, run_after=2024-11-02 00:00:00+00:00
[2024-11-01T21:58:52.123+0000] {processor.py:208} INFO - Processing /opt/airflow/dags/spark_airflow.py took 0.097 seconds
[2024-11-01T21:59:22.244+0000] {processor.py:186} INFO - Started process (PID=60992) to work on /opt/airflow/dags/spark_airflow.py
[2024-11-01T21:59:22.246+0000] {processor.py:914} INFO - Processing file /opt/airflow/dags/spark_airflow.py for tasks to queue
[2024-11-01T21:59:22.247+0000] {logging_mixin.py:190} INFO - [2024-11-01T21:59:22.247+0000] {dagbag.py:588} INFO - Filling up the DagBag from /opt/airflow/dags/spark_airflow.py
[2024-11-01T21:59:22.267+0000] {processor.py:925} INFO - DAG(s) 'sparking_flow' retrieved from /opt/airflow/dags/spark_airflow.py
[2024-11-01T21:59:22.292+0000] {logging_mixin.py:190} INFO - [2024-11-01T21:59:22.292+0000] {dag.py:3239} INFO - Sync 1 DAGs
[2024-11-01T21:59:22.316+0000] {logging_mixin.py:190} INFO - [2024-11-01T21:59:22.316+0000] {dag.py:4180} INFO - Setting next_dagrun for sparking_flow to 2024-11-01 00:00:00+00:00, run_after=2024-11-02 00:00:00+00:00
[2024-11-01T21:59:22.331+0000] {processor.py:208} INFO - Processing /opt/airflow/dags/spark_airflow.py took 0.093 seconds
[2024-11-01T21:59:52.451+0000] {processor.py:186} INFO - Started process (PID=60997) to work on /opt/airflow/dags/spark_airflow.py
[2024-11-01T21:59:52.452+0000] {processor.py:914} INFO - Processing file /opt/airflow/dags/spark_airflow.py for tasks to queue
[2024-11-01T21:59:52.453+0000] {logging_mixin.py:190} INFO - [2024-11-01T21:59:52.453+0000] {dagbag.py:588} INFO - Filling up the DagBag from /opt/airflow/dags/spark_airflow.py
[2024-11-01T21:59:52.475+0000] {processor.py:925} INFO - DAG(s) 'sparking_flow' retrieved from /opt/airflow/dags/spark_airflow.py
[2024-11-01T21:59:52.498+0000] {logging_mixin.py:190} INFO - [2024-11-01T21:59:52.497+0000] {dag.py:3239} INFO - Sync 1 DAGs
[2024-11-01T21:59:52.518+0000] {logging_mixin.py:190} INFO - [2024-11-01T21:59:52.518+0000] {dag.py:4180} INFO - Setting next_dagrun for sparking_flow to 2024-11-01 00:00:00+00:00, run_after=2024-11-02 00:00:00+00:00
[2024-11-01T21:59:52.533+0000] {processor.py:208} INFO - Processing /opt/airflow/dags/spark_airflow.py took 0.088 seconds
[2024-11-01T22:00:22.658+0000] {processor.py:186} INFO - Started process (PID=61002) to work on /opt/airflow/dags/spark_airflow.py
[2024-11-01T22:00:22.659+0000] {processor.py:914} INFO - Processing file /opt/airflow/dags/spark_airflow.py for tasks to queue
[2024-11-01T22:00:22.660+0000] {logging_mixin.py:190} INFO - [2024-11-01T22:00:22.660+0000] {dagbag.py:588} INFO - Filling up the DagBag from /opt/airflow/dags/spark_airflow.py
[2024-11-01T22:00:22.680+0000] {processor.py:925} INFO - DAG(s) 'sparking_flow' retrieved from /opt/airflow/dags/spark_airflow.py
[2024-11-01T22:00:22.705+0000] {logging_mixin.py:190} INFO - [2024-11-01T22:00:22.705+0000] {dag.py:3239} INFO - Sync 1 DAGs
[2024-11-01T22:00:22.727+0000] {logging_mixin.py:190} INFO - [2024-11-01T22:00:22.726+0000] {dag.py:4180} INFO - Setting next_dagrun for sparking_flow to 2024-11-01 00:00:00+00:00, run_after=2024-11-02 00:00:00+00:00
[2024-11-01T22:00:22.743+0000] {processor.py:208} INFO - Processing /opt/airflow/dags/spark_airflow.py took 0.091 seconds
[2024-11-01T22:00:52.857+0000] {processor.py:186} INFO - Started process (PID=61007) to work on /opt/airflow/dags/spark_airflow.py
[2024-11-01T22:00:52.858+0000] {processor.py:914} INFO - Processing file /opt/airflow/dags/spark_airflow.py for tasks to queue
[2024-11-01T22:00:52.860+0000] {logging_mixin.py:190} INFO - [2024-11-01T22:00:52.859+0000] {dagbag.py:588} INFO - Filling up the DagBag from /opt/airflow/dags/spark_airflow.py
[2024-11-01T22:00:52.876+0000] {processor.py:925} INFO - DAG(s) 'sparking_flow' retrieved from /opt/airflow/dags/spark_airflow.py
[2024-11-01T22:00:52.900+0000] {logging_mixin.py:190} INFO - [2024-11-01T22:00:52.899+0000] {dag.py:3239} INFO - Sync 1 DAGs
[2024-11-01T22:00:52.920+0000] {logging_mixin.py:190} INFO - [2024-11-01T22:00:52.920+0000] {dag.py:4180} INFO - Setting next_dagrun for sparking_flow to 2024-11-01 00:00:00+00:00, run_after=2024-11-02 00:00:00+00:00
[2024-11-01T22:00:52.936+0000] {processor.py:208} INFO - Processing /opt/airflow/dags/spark_airflow.py took 0.084 seconds
[2024-11-01T22:01:23.072+0000] {processor.py:186} INFO - Started process (PID=61012) to work on /opt/airflow/dags/spark_airflow.py
[2024-11-01T22:01:23.073+0000] {processor.py:914} INFO - Processing file /opt/airflow/dags/spark_airflow.py for tasks to queue
[2024-11-01T22:01:23.074+0000] {logging_mixin.py:190} INFO - [2024-11-01T22:01:23.074+0000] {dagbag.py:588} INFO - Filling up the DagBag from /opt/airflow/dags/spark_airflow.py
[2024-11-01T22:01:23.092+0000] {processor.py:925} INFO - DAG(s) 'sparking_flow' retrieved from /opt/airflow/dags/spark_airflow.py
[2024-11-01T22:01:23.117+0000] {logging_mixin.py:190} INFO - [2024-11-01T22:01:23.116+0000] {dag.py:3239} INFO - Sync 1 DAGs
[2024-11-01T22:01:23.139+0000] {logging_mixin.py:190} INFO - [2024-11-01T22:01:23.139+0000] {dag.py:4180} INFO - Setting next_dagrun for sparking_flow to 2024-11-01 00:00:00+00:00, run_after=2024-11-02 00:00:00+00:00
[2024-11-01T22:01:23.156+0000] {processor.py:208} INFO - Processing /opt/airflow/dags/spark_airflow.py took 0.088 seconds
[2024-11-01T22:01:53.297+0000] {processor.py:186} INFO - Started process (PID=61017) to work on /opt/airflow/dags/spark_airflow.py
[2024-11-01T22:01:53.298+0000] {processor.py:914} INFO - Processing file /opt/airflow/dags/spark_airflow.py for tasks to queue
[2024-11-01T22:01:53.299+0000] {logging_mixin.py:190} INFO - [2024-11-01T22:01:53.299+0000] {dagbag.py:588} INFO - Filling up the DagBag from /opt/airflow/dags/spark_airflow.py
[2024-11-01T22:01:53.317+0000] {processor.py:925} INFO - DAG(s) 'sparking_flow' retrieved from /opt/airflow/dags/spark_airflow.py
[2024-11-01T22:01:53.343+0000] {logging_mixin.py:190} INFO - [2024-11-01T22:01:53.342+0000] {dag.py:3239} INFO - Sync 1 DAGs
[2024-11-01T22:01:53.370+0000] {logging_mixin.py:190} INFO - [2024-11-01T22:01:53.370+0000] {dag.py:4180} INFO - Setting next_dagrun for sparking_flow to 2024-11-01 00:00:00+00:00, run_after=2024-11-02 00:00:00+00:00
[2024-11-01T22:01:53.387+0000] {processor.py:208} INFO - Processing /opt/airflow/dags/spark_airflow.py took 0.097 seconds
[2024-11-01T22:02:23.497+0000] {processor.py:186} INFO - Started process (PID=61022) to work on /opt/airflow/dags/spark_airflow.py
[2024-11-01T22:02:23.498+0000] {processor.py:914} INFO - Processing file /opt/airflow/dags/spark_airflow.py for tasks to queue
[2024-11-01T22:02:23.500+0000] {logging_mixin.py:190} INFO - [2024-11-01T22:02:23.499+0000] {dagbag.py:588} INFO - Filling up the DagBag from /opt/airflow/dags/spark_airflow.py
[2024-11-01T22:02:23.519+0000] {processor.py:925} INFO - DAG(s) 'sparking_flow' retrieved from /opt/airflow/dags/spark_airflow.py
[2024-11-01T22:02:23.545+0000] {logging_mixin.py:190} INFO - [2024-11-01T22:02:23.545+0000] {dag.py:3239} INFO - Sync 1 DAGs
[2024-11-01T22:02:23.566+0000] {logging_mixin.py:190} INFO - [2024-11-01T22:02:23.566+0000] {dag.py:4180} INFO - Setting next_dagrun for sparking_flow to 2024-11-01 00:00:00+00:00, run_after=2024-11-02 00:00:00+00:00
[2024-11-01T22:02:23.594+0000] {processor.py:208} INFO - Processing /opt/airflow/dags/spark_airflow.py took 0.104 seconds
[2024-11-01T22:02:53.737+0000] {processor.py:186} INFO - Started process (PID=61027) to work on /opt/airflow/dags/spark_airflow.py
[2024-11-01T22:02:53.739+0000] {processor.py:914} INFO - Processing file /opt/airflow/dags/spark_airflow.py for tasks to queue
[2024-11-01T22:02:53.740+0000] {logging_mixin.py:190} INFO - [2024-11-01T22:02:53.740+0000] {dagbag.py:588} INFO - Filling up the DagBag from /opt/airflow/dags/spark_airflow.py
[2024-11-01T22:02:53.761+0000] {processor.py:925} INFO - DAG(s) 'sparking_flow' retrieved from /opt/airflow/dags/spark_airflow.py
[2024-11-01T22:02:53.788+0000] {logging_mixin.py:190} INFO - [2024-11-01T22:02:53.788+0000] {dag.py:3239} INFO - Sync 1 DAGs
[2024-11-01T22:02:53.812+0000] {logging_mixin.py:190} INFO - [2024-11-01T22:02:53.812+0000] {dag.py:4180} INFO - Setting next_dagrun for sparking_flow to 2024-11-01 00:00:00+00:00, run_after=2024-11-02 00:00:00+00:00
[2024-11-01T22:02:53.831+0000] {processor.py:208} INFO - Processing /opt/airflow/dags/spark_airflow.py took 0.101 seconds
[2024-11-01T22:03:23.935+0000] {processor.py:186} INFO - Started process (PID=61032) to work on /opt/airflow/dags/spark_airflow.py
[2024-11-01T22:03:23.936+0000] {processor.py:914} INFO - Processing file /opt/airflow/dags/spark_airflow.py for tasks to queue
[2024-11-01T22:03:23.938+0000] {logging_mixin.py:190} INFO - [2024-11-01T22:03:23.938+0000] {dagbag.py:588} INFO - Filling up the DagBag from /opt/airflow/dags/spark_airflow.py
[2024-11-01T22:03:23.958+0000] {processor.py:925} INFO - DAG(s) 'sparking_flow' retrieved from /opt/airflow/dags/spark_airflow.py
[2024-11-01T22:03:23.982+0000] {logging_mixin.py:190} INFO - [2024-11-01T22:03:23.981+0000] {dag.py:3239} INFO - Sync 1 DAGs
[2024-11-01T22:03:24.001+0000] {logging_mixin.py:190} INFO - [2024-11-01T22:03:24.001+0000] {dag.py:4180} INFO - Setting next_dagrun for sparking_flow to 2024-11-01 00:00:00+00:00, run_after=2024-11-02 00:00:00+00:00
[2024-11-01T22:03:24.031+0000] {processor.py:208} INFO - Processing /opt/airflow/dags/spark_airflow.py took 0.102 seconds
[2024-11-01T22:03:54.172+0000] {processor.py:186} INFO - Started process (PID=61037) to work on /opt/airflow/dags/spark_airflow.py
[2024-11-01T22:03:54.173+0000] {processor.py:914} INFO - Processing file /opt/airflow/dags/spark_airflow.py for tasks to queue
[2024-11-01T22:03:54.175+0000] {logging_mixin.py:190} INFO - [2024-11-01T22:03:54.174+0000] {dagbag.py:588} INFO - Filling up the DagBag from /opt/airflow/dags/spark_airflow.py
[2024-11-01T22:03:54.193+0000] {processor.py:925} INFO - DAG(s) 'sparking_flow' retrieved from /opt/airflow/dags/spark_airflow.py
[2024-11-01T22:03:54.220+0000] {logging_mixin.py:190} INFO - [2024-11-01T22:03:54.220+0000] {dag.py:3239} INFO - Sync 1 DAGs
[2024-11-01T22:03:54.243+0000] {logging_mixin.py:190} INFO - [2024-11-01T22:03:54.242+0000] {dag.py:4180} INFO - Setting next_dagrun for sparking_flow to 2024-11-01 00:00:00+00:00, run_after=2024-11-02 00:00:00+00:00
[2024-11-01T22:03:54.275+0000] {processor.py:208} INFO - Processing /opt/airflow/dags/spark_airflow.py took 0.109 seconds
[2024-11-01T22:04:24.373+0000] {processor.py:186} INFO - Started process (PID=61042) to work on /opt/airflow/dags/spark_airflow.py
[2024-11-01T22:04:24.374+0000] {processor.py:914} INFO - Processing file /opt/airflow/dags/spark_airflow.py for tasks to queue
[2024-11-01T22:04:24.376+0000] {logging_mixin.py:190} INFO - [2024-11-01T22:04:24.375+0000] {dagbag.py:588} INFO - Filling up the DagBag from /opt/airflow/dags/spark_airflow.py
[2024-11-01T22:04:24.395+0000] {processor.py:925} INFO - DAG(s) 'sparking_flow' retrieved from /opt/airflow/dags/spark_airflow.py
[2024-11-01T22:04:24.421+0000] {logging_mixin.py:190} INFO - [2024-11-01T22:04:24.421+0000] {dag.py:3239} INFO - Sync 1 DAGs
[2024-11-01T22:04:24.442+0000] {logging_mixin.py:190} INFO - [2024-11-01T22:04:24.442+0000] {dag.py:4180} INFO - Setting next_dagrun for sparking_flow to 2024-11-01 00:00:00+00:00, run_after=2024-11-02 00:00:00+00:00
[2024-11-01T22:04:24.458+0000] {processor.py:208} INFO - Processing /opt/airflow/dags/spark_airflow.py took 0.091 seconds
[2024-11-01T22:04:54.616+0000] {processor.py:186} INFO - Started process (PID=61047) to work on /opt/airflow/dags/spark_airflow.py
[2024-11-01T22:04:54.617+0000] {processor.py:914} INFO - Processing file /opt/airflow/dags/spark_airflow.py for tasks to queue
[2024-11-01T22:04:54.619+0000] {logging_mixin.py:190} INFO - [2024-11-01T22:04:54.618+0000] {dagbag.py:588} INFO - Filling up the DagBag from /opt/airflow/dags/spark_airflow.py
[2024-11-01T22:04:54.637+0000] {processor.py:925} INFO - DAG(s) 'sparking_flow' retrieved from /opt/airflow/dags/spark_airflow.py
[2024-11-01T22:04:54.660+0000] {logging_mixin.py:190} INFO - [2024-11-01T22:04:54.660+0000] {dag.py:3239} INFO - Sync 1 DAGs
[2024-11-01T22:04:54.681+0000] {logging_mixin.py:190} INFO - [2024-11-01T22:04:54.681+0000] {dag.py:4180} INFO - Setting next_dagrun for sparking_flow to 2024-11-01 00:00:00+00:00, run_after=2024-11-02 00:00:00+00:00
[2024-11-01T22:04:54.701+0000] {processor.py:208} INFO - Processing /opt/airflow/dags/spark_airflow.py took 0.090 seconds
[2024-11-01T22:05:24.797+0000] {processor.py:186} INFO - Started process (PID=61052) to work on /opt/airflow/dags/spark_airflow.py
[2024-11-01T22:05:24.798+0000] {processor.py:914} INFO - Processing file /opt/airflow/dags/spark_airflow.py for tasks to queue
[2024-11-01T22:05:24.799+0000] {logging_mixin.py:190} INFO - [2024-11-01T22:05:24.799+0000] {dagbag.py:588} INFO - Filling up the DagBag from /opt/airflow/dags/spark_airflow.py
[2024-11-01T22:05:24.819+0000] {processor.py:925} INFO - DAG(s) 'sparking_flow' retrieved from /opt/airflow/dags/spark_airflow.py
[2024-11-01T22:05:24.844+0000] {logging_mixin.py:190} INFO - [2024-11-01T22:05:24.844+0000] {dag.py:3239} INFO - Sync 1 DAGs
[2024-11-01T22:05:24.867+0000] {logging_mixin.py:190} INFO - [2024-11-01T22:05:24.866+0000] {dag.py:4180} INFO - Setting next_dagrun for sparking_flow to 2024-11-01 00:00:00+00:00, run_after=2024-11-02 00:00:00+00:00
[2024-11-01T22:05:24.883+0000] {processor.py:208} INFO - Processing /opt/airflow/dags/spark_airflow.py took 0.092 seconds
[2024-11-01T22:05:55.039+0000] {processor.py:186} INFO - Started process (PID=61057) to work on /opt/airflow/dags/spark_airflow.py
[2024-11-01T22:05:55.040+0000] {processor.py:914} INFO - Processing file /opt/airflow/dags/spark_airflow.py for tasks to queue
[2024-11-01T22:05:55.041+0000] {logging_mixin.py:190} INFO - [2024-11-01T22:05:55.041+0000] {dagbag.py:588} INFO - Filling up the DagBag from /opt/airflow/dags/spark_airflow.py
[2024-11-01T22:05:55.060+0000] {processor.py:925} INFO - DAG(s) 'sparking_flow' retrieved from /opt/airflow/dags/spark_airflow.py
[2024-11-01T22:05:55.085+0000] {logging_mixin.py:190} INFO - [2024-11-01T22:05:55.084+0000] {dag.py:3239} INFO - Sync 1 DAGs
[2024-11-01T22:05:55.108+0000] {logging_mixin.py:190} INFO - [2024-11-01T22:05:55.108+0000] {dag.py:4180} INFO - Setting next_dagrun for sparking_flow to 2024-11-01 00:00:00+00:00, run_after=2024-11-02 00:00:00+00:00
[2024-11-01T22:05:55.137+0000] {processor.py:208} INFO - Processing /opt/airflow/dags/spark_airflow.py took 0.103 seconds
[2024-11-01T22:06:25.209+0000] {processor.py:186} INFO - Started process (PID=61062) to work on /opt/airflow/dags/spark_airflow.py
[2024-11-01T22:06:25.210+0000] {processor.py:914} INFO - Processing file /opt/airflow/dags/spark_airflow.py for tasks to queue
[2024-11-01T22:06:25.211+0000] {logging_mixin.py:190} INFO - [2024-11-01T22:06:25.211+0000] {dagbag.py:588} INFO - Filling up the DagBag from /opt/airflow/dags/spark_airflow.py
[2024-11-01T22:06:25.228+0000] {processor.py:925} INFO - DAG(s) 'sparking_flow' retrieved from /opt/airflow/dags/spark_airflow.py
[2024-11-01T22:06:25.254+0000] {logging_mixin.py:190} INFO - [2024-11-01T22:06:25.254+0000] {dag.py:3239} INFO - Sync 1 DAGs
[2024-11-01T22:06:25.276+0000] {logging_mixin.py:190} INFO - [2024-11-01T22:06:25.275+0000] {dag.py:4180} INFO - Setting next_dagrun for sparking_flow to 2024-11-01 00:00:00+00:00, run_after=2024-11-02 00:00:00+00:00
[2024-11-01T22:06:25.300+0000] {processor.py:208} INFO - Processing /opt/airflow/dags/spark_airflow.py took 0.095 seconds
[2024-11-01T22:06:55.507+0000] {processor.py:186} INFO - Started process (PID=61067) to work on /opt/airflow/dags/spark_airflow.py
[2024-11-01T22:06:55.508+0000] {processor.py:914} INFO - Processing file /opt/airflow/dags/spark_airflow.py for tasks to queue
[2024-11-01T22:06:55.509+0000] {logging_mixin.py:190} INFO - [2024-11-01T22:06:55.509+0000] {dagbag.py:588} INFO - Filling up the DagBag from /opt/airflow/dags/spark_airflow.py
[2024-11-01T22:06:55.527+0000] {processor.py:925} INFO - DAG(s) 'sparking_flow' retrieved from /opt/airflow/dags/spark_airflow.py
[2024-11-01T22:06:55.555+0000] {logging_mixin.py:190} INFO - [2024-11-01T22:06:55.555+0000] {dag.py:3239} INFO - Sync 1 DAGs
[2024-11-01T22:06:55.580+0000] {logging_mixin.py:190} INFO - [2024-11-01T22:06:55.580+0000] {dag.py:4180} INFO - Setting next_dagrun for sparking_flow to 2024-11-01 00:00:00+00:00, run_after=2024-11-02 00:00:00+00:00
[2024-11-01T22:06:55.609+0000] {processor.py:208} INFO - Processing /opt/airflow/dags/spark_airflow.py took 0.106 seconds
[2024-11-01T22:07:25.685+0000] {processor.py:186} INFO - Started process (PID=61072) to work on /opt/airflow/dags/spark_airflow.py
[2024-11-01T22:07:25.686+0000] {processor.py:914} INFO - Processing file /opt/airflow/dags/spark_airflow.py for tasks to queue
[2024-11-01T22:07:25.687+0000] {logging_mixin.py:190} INFO - [2024-11-01T22:07:25.687+0000] {dagbag.py:588} INFO - Filling up the DagBag from /opt/airflow/dags/spark_airflow.py
[2024-11-01T22:07:25.702+0000] {processor.py:925} INFO - DAG(s) 'sparking_flow' retrieved from /opt/airflow/dags/spark_airflow.py
[2024-11-01T22:07:25.727+0000] {logging_mixin.py:190} INFO - [2024-11-01T22:07:25.727+0000] {dag.py:3239} INFO - Sync 1 DAGs
[2024-11-01T22:07:25.751+0000] {logging_mixin.py:190} INFO - [2024-11-01T22:07:25.751+0000] {dag.py:4180} INFO - Setting next_dagrun for sparking_flow to 2024-11-01 00:00:00+00:00, run_after=2024-11-02 00:00:00+00:00
[2024-11-01T22:07:25.770+0000] {processor.py:208} INFO - Processing /opt/airflow/dags/spark_airflow.py took 0.090 seconds
[2024-11-01T22:07:55.950+0000] {processor.py:186} INFO - Started process (PID=61077) to work on /opt/airflow/dags/spark_airflow.py
[2024-11-01T22:07:55.950+0000] {processor.py:914} INFO - Processing file /opt/airflow/dags/spark_airflow.py for tasks to queue
[2024-11-01T22:07:55.951+0000] {logging_mixin.py:190} INFO - [2024-11-01T22:07:55.951+0000] {dagbag.py:588} INFO - Filling up the DagBag from /opt/airflow/dags/spark_airflow.py
[2024-11-01T22:07:55.967+0000] {processor.py:925} INFO - DAG(s) 'sparking_flow' retrieved from /opt/airflow/dags/spark_airflow.py
[2024-11-01T22:07:55.990+0000] {logging_mixin.py:190} INFO - [2024-11-01T22:07:55.990+0000] {dag.py:3239} INFO - Sync 1 DAGs
[2024-11-01T22:07:56.015+0000] {logging_mixin.py:190} INFO - [2024-11-01T22:07:56.014+0000] {dag.py:4180} INFO - Setting next_dagrun for sparking_flow to 2024-11-01 00:00:00+00:00, run_after=2024-11-02 00:00:00+00:00
[2024-11-01T22:07:56.043+0000] {processor.py:208} INFO - Processing /opt/airflow/dags/spark_airflow.py took 0.098 seconds
[2024-11-01T22:08:26.136+0000] {processor.py:186} INFO - Started process (PID=61082) to work on /opt/airflow/dags/spark_airflow.py
[2024-11-01T22:08:26.137+0000] {processor.py:914} INFO - Processing file /opt/airflow/dags/spark_airflow.py for tasks to queue
[2024-11-01T22:08:26.138+0000] {logging_mixin.py:190} INFO - [2024-11-01T22:08:26.138+0000] {dagbag.py:588} INFO - Filling up the DagBag from /opt/airflow/dags/spark_airflow.py
[2024-11-01T22:08:26.157+0000] {processor.py:925} INFO - DAG(s) 'sparking_flow' retrieved from /opt/airflow/dags/spark_airflow.py
[2024-11-01T22:08:26.183+0000] {logging_mixin.py:190} INFO - [2024-11-01T22:08:26.183+0000] {dag.py:3239} INFO - Sync 1 DAGs
[2024-11-01T22:08:26.205+0000] {logging_mixin.py:190} INFO - [2024-11-01T22:08:26.205+0000] {dag.py:4180} INFO - Setting next_dagrun for sparking_flow to 2024-11-01 00:00:00+00:00, run_after=2024-11-02 00:00:00+00:00
[2024-11-01T22:08:26.222+0000] {processor.py:208} INFO - Processing /opt/airflow/dags/spark_airflow.py took 0.092 seconds
[2024-11-01T22:08:56.380+0000] {processor.py:186} INFO - Started process (PID=61087) to work on /opt/airflow/dags/spark_airflow.py
[2024-11-01T22:08:56.381+0000] {processor.py:914} INFO - Processing file /opt/airflow/dags/spark_airflow.py for tasks to queue
[2024-11-01T22:08:56.382+0000] {logging_mixin.py:190} INFO - [2024-11-01T22:08:56.382+0000] {dagbag.py:588} INFO - Filling up the DagBag from /opt/airflow/dags/spark_airflow.py
[2024-11-01T22:08:56.401+0000] {processor.py:925} INFO - DAG(s) 'sparking_flow' retrieved from /opt/airflow/dags/spark_airflow.py
[2024-11-01T22:08:56.426+0000] {logging_mixin.py:190} INFO - [2024-11-01T22:08:56.425+0000] {dag.py:3239} INFO - Sync 1 DAGs
[2024-11-01T22:08:56.451+0000] {logging_mixin.py:190} INFO - [2024-11-01T22:08:56.451+0000] {dag.py:4180} INFO - Setting next_dagrun for sparking_flow to 2024-11-01 00:00:00+00:00, run_after=2024-11-02 00:00:00+00:00
[2024-11-01T22:08:56.468+0000] {processor.py:208} INFO - Processing /opt/airflow/dags/spark_airflow.py took 0.094 seconds
[2024-11-01T22:09:26.556+0000] {processor.py:186} INFO - Started process (PID=61092) to work on /opt/airflow/dags/spark_airflow.py
[2024-11-01T22:09:26.557+0000] {processor.py:914} INFO - Processing file /opt/airflow/dags/spark_airflow.py for tasks to queue
[2024-11-01T22:09:26.558+0000] {logging_mixin.py:190} INFO - [2024-11-01T22:09:26.557+0000] {dagbag.py:588} INFO - Filling up the DagBag from /opt/airflow/dags/spark_airflow.py
[2024-11-01T22:09:26.575+0000] {processor.py:925} INFO - DAG(s) 'sparking_flow' retrieved from /opt/airflow/dags/spark_airflow.py
[2024-11-01T22:09:26.601+0000] {logging_mixin.py:190} INFO - [2024-11-01T22:09:26.601+0000] {dag.py:3239} INFO - Sync 1 DAGs
[2024-11-01T22:09:26.622+0000] {logging_mixin.py:190} INFO - [2024-11-01T22:09:26.622+0000] {dag.py:4180} INFO - Setting next_dagrun for sparking_flow to 2024-11-01 00:00:00+00:00, run_after=2024-11-02 00:00:00+00:00
[2024-11-01T22:09:26.638+0000] {processor.py:208} INFO - Processing /opt/airflow/dags/spark_airflow.py took 0.087 seconds
[2024-11-01T22:09:56.798+0000] {processor.py:186} INFO - Started process (PID=61097) to work on /opt/airflow/dags/spark_airflow.py
[2024-11-01T22:09:56.799+0000] {processor.py:914} INFO - Processing file /opt/airflow/dags/spark_airflow.py for tasks to queue
[2024-11-01T22:09:56.800+0000] {logging_mixin.py:190} INFO - [2024-11-01T22:09:56.800+0000] {dagbag.py:588} INFO - Filling up the DagBag from /opt/airflow/dags/spark_airflow.py
[2024-11-01T22:09:56.815+0000] {processor.py:925} INFO - DAG(s) 'sparking_flow' retrieved from /opt/airflow/dags/spark_airflow.py
[2024-11-01T22:09:56.841+0000] {logging_mixin.py:190} INFO - [2024-11-01T22:09:56.841+0000] {dag.py:3239} INFO - Sync 1 DAGs
[2024-11-01T22:09:56.864+0000] {logging_mixin.py:190} INFO - [2024-11-01T22:09:56.864+0000] {dag.py:4180} INFO - Setting next_dagrun for sparking_flow to 2024-11-01 00:00:00+00:00, run_after=2024-11-02 00:00:00+00:00
[2024-11-01T22:09:56.881+0000] {processor.py:208} INFO - Processing /opt/airflow/dags/spark_airflow.py took 0.088 seconds
[2024-11-01T22:10:26.983+0000] {processor.py:186} INFO - Started process (PID=61102) to work on /opt/airflow/dags/spark_airflow.py
[2024-11-01T22:10:26.984+0000] {processor.py:914} INFO - Processing file /opt/airflow/dags/spark_airflow.py for tasks to queue
[2024-11-01T22:10:26.985+0000] {logging_mixin.py:190} INFO - [2024-11-01T22:10:26.985+0000] {dagbag.py:588} INFO - Filling up the DagBag from /opt/airflow/dags/spark_airflow.py
[2024-11-01T22:10:27.017+0000] {processor.py:925} INFO - DAG(s) 'sparking_flow' retrieved from /opt/airflow/dags/spark_airflow.py
[2024-11-01T22:10:27.041+0000] {logging_mixin.py:190} INFO - [2024-11-01T22:10:27.041+0000] {dag.py:3239} INFO - Sync 1 DAGs
[2024-11-01T22:10:27.061+0000] {logging_mixin.py:190} INFO - [2024-11-01T22:10:27.061+0000] {dag.py:4180} INFO - Setting next_dagrun for sparking_flow to 2024-11-01 00:00:00+00:00, run_after=2024-11-02 00:00:00+00:00
[2024-11-01T22:10:27.078+0000] {processor.py:208} INFO - Processing /opt/airflow/dags/spark_airflow.py took 0.100 seconds
[2024-11-01T22:10:57.222+0000] {processor.py:186} INFO - Started process (PID=61107) to work on /opt/airflow/dags/spark_airflow.py
[2024-11-01T22:10:57.223+0000] {processor.py:914} INFO - Processing file /opt/airflow/dags/spark_airflow.py for tasks to queue
[2024-11-01T22:10:57.224+0000] {logging_mixin.py:190} INFO - [2024-11-01T22:10:57.224+0000] {dagbag.py:588} INFO - Filling up the DagBag from /opt/airflow/dags/spark_airflow.py
[2024-11-01T22:10:57.240+0000] {processor.py:925} INFO - DAG(s) 'sparking_flow' retrieved from /opt/airflow/dags/spark_airflow.py
[2024-11-01T22:10:57.264+0000] {logging_mixin.py:190} INFO - [2024-11-01T22:10:57.264+0000] {dag.py:3239} INFO - Sync 1 DAGs
[2024-11-01T22:10:57.285+0000] {logging_mixin.py:190} INFO - [2024-11-01T22:10:57.285+0000] {dag.py:4180} INFO - Setting next_dagrun for sparking_flow to 2024-11-01 00:00:00+00:00, run_after=2024-11-02 00:00:00+00:00
[2024-11-01T22:10:57.301+0000] {processor.py:208} INFO - Processing /opt/airflow/dags/spark_airflow.py took 0.085 seconds
[2024-11-01T22:11:27.416+0000] {processor.py:186} INFO - Started process (PID=61112) to work on /opt/airflow/dags/spark_airflow.py
[2024-11-01T22:11:27.417+0000] {processor.py:914} INFO - Processing file /opt/airflow/dags/spark_airflow.py for tasks to queue
[2024-11-01T22:11:27.418+0000] {logging_mixin.py:190} INFO - [2024-11-01T22:11:27.418+0000] {dagbag.py:588} INFO - Filling up the DagBag from /opt/airflow/dags/spark_airflow.py
[2024-11-01T22:11:27.438+0000] {processor.py:925} INFO - DAG(s) 'sparking_flow' retrieved from /opt/airflow/dags/spark_airflow.py
[2024-11-01T22:11:27.463+0000] {logging_mixin.py:190} INFO - [2024-11-01T22:11:27.463+0000] {dag.py:3239} INFO - Sync 1 DAGs
[2024-11-01T22:11:27.485+0000] {logging_mixin.py:190} INFO - [2024-11-01T22:11:27.485+0000] {dag.py:4180} INFO - Setting next_dagrun for sparking_flow to 2024-11-01 00:00:00+00:00, run_after=2024-11-02 00:00:00+00:00
[2024-11-01T22:11:27.501+0000] {processor.py:208} INFO - Processing /opt/airflow/dags/spark_airflow.py took 0.091 seconds
[2024-11-01T22:11:57.654+0000] {processor.py:186} INFO - Started process (PID=61117) to work on /opt/airflow/dags/spark_airflow.py
[2024-11-01T22:11:57.655+0000] {processor.py:914} INFO - Processing file /opt/airflow/dags/spark_airflow.py for tasks to queue
[2024-11-01T22:11:57.656+0000] {logging_mixin.py:190} INFO - [2024-11-01T22:11:57.656+0000] {dagbag.py:588} INFO - Filling up the DagBag from /opt/airflow/dags/spark_airflow.py
[2024-11-01T22:11:57.671+0000] {processor.py:925} INFO - DAG(s) 'sparking_flow' retrieved from /opt/airflow/dags/spark_airflow.py
[2024-11-01T22:11:57.695+0000] {logging_mixin.py:190} INFO - [2024-11-01T22:11:57.695+0000] {dag.py:3239} INFO - Sync 1 DAGs
[2024-11-01T22:11:57.716+0000] {logging_mixin.py:190} INFO - [2024-11-01T22:11:57.715+0000] {dag.py:4180} INFO - Setting next_dagrun for sparking_flow to 2024-11-01 00:00:00+00:00, run_after=2024-11-02 00:00:00+00:00
[2024-11-01T22:11:57.730+0000] {processor.py:208} INFO - Processing /opt/airflow/dags/spark_airflow.py took 0.080 seconds
[2024-11-01T22:12:27.834+0000] {processor.py:186} INFO - Started process (PID=61122) to work on /opt/airflow/dags/spark_airflow.py
[2024-11-01T22:12:27.835+0000] {processor.py:914} INFO - Processing file /opt/airflow/dags/spark_airflow.py for tasks to queue
[2024-11-01T22:12:27.836+0000] {logging_mixin.py:190} INFO - [2024-11-01T22:12:27.836+0000] {dagbag.py:588} INFO - Filling up the DagBag from /opt/airflow/dags/spark_airflow.py
[2024-11-01T22:12:27.853+0000] {processor.py:925} INFO - DAG(s) 'sparking_flow' retrieved from /opt/airflow/dags/spark_airflow.py
[2024-11-01T22:12:27.878+0000] {logging_mixin.py:190} INFO - [2024-11-01T22:12:27.878+0000] {dag.py:3239} INFO - Sync 1 DAGs
[2024-11-01T22:12:27.899+0000] {logging_mixin.py:190} INFO - [2024-11-01T22:12:27.898+0000] {dag.py:4180} INFO - Setting next_dagrun for sparking_flow to 2024-11-01 00:00:00+00:00, run_after=2024-11-02 00:00:00+00:00
[2024-11-01T22:12:27.914+0000] {processor.py:208} INFO - Processing /opt/airflow/dags/spark_airflow.py took 0.086 seconds
[2024-11-01T22:12:58.054+0000] {processor.py:186} INFO - Started process (PID=61127) to work on /opt/airflow/dags/spark_airflow.py
[2024-11-01T22:12:58.055+0000] {processor.py:914} INFO - Processing file /opt/airflow/dags/spark_airflow.py for tasks to queue
[2024-11-01T22:12:58.056+0000] {logging_mixin.py:190} INFO - [2024-11-01T22:12:58.056+0000] {dagbag.py:588} INFO - Filling up the DagBag from /opt/airflow/dags/spark_airflow.py
[2024-11-01T22:12:58.075+0000] {processor.py:925} INFO - DAG(s) 'sparking_flow' retrieved from /opt/airflow/dags/spark_airflow.py
[2024-11-01T22:12:58.097+0000] {logging_mixin.py:190} INFO - [2024-11-01T22:12:58.097+0000] {dag.py:3239} INFO - Sync 1 DAGs
[2024-11-01T22:12:58.119+0000] {logging_mixin.py:190} INFO - [2024-11-01T22:12:58.118+0000] {dag.py:4180} INFO - Setting next_dagrun for sparking_flow to 2024-11-01 00:00:00+00:00, run_after=2024-11-02 00:00:00+00:00
[2024-11-01T22:12:58.148+0000] {processor.py:208} INFO - Processing /opt/airflow/dags/spark_airflow.py took 0.099 seconds
[2024-11-01T22:13:28.238+0000] {processor.py:186} INFO - Started process (PID=61132) to work on /opt/airflow/dags/spark_airflow.py
[2024-11-01T22:13:28.239+0000] {processor.py:914} INFO - Processing file /opt/airflow/dags/spark_airflow.py for tasks to queue
[2024-11-01T22:13:28.240+0000] {logging_mixin.py:190} INFO - [2024-11-01T22:13:28.239+0000] {dagbag.py:588} INFO - Filling up the DagBag from /opt/airflow/dags/spark_airflow.py
[2024-11-01T22:13:28.257+0000] {processor.py:925} INFO - DAG(s) 'sparking_flow' retrieved from /opt/airflow/dags/spark_airflow.py
[2024-11-01T22:13:28.283+0000] {logging_mixin.py:190} INFO - [2024-11-01T22:13:28.283+0000] {dag.py:3239} INFO - Sync 1 DAGs
[2024-11-01T22:13:28.306+0000] {logging_mixin.py:190} INFO - [2024-11-01T22:13:28.305+0000] {dag.py:4180} INFO - Setting next_dagrun for sparking_flow to 2024-11-01 00:00:00+00:00, run_after=2024-11-02 00:00:00+00:00
[2024-11-01T22:13:28.322+0000] {processor.py:208} INFO - Processing /opt/airflow/dags/spark_airflow.py took 0.090 seconds
[2024-11-01T22:13:58.471+0000] {processor.py:186} INFO - Started process (PID=61137) to work on /opt/airflow/dags/spark_airflow.py
[2024-11-01T22:13:58.472+0000] {processor.py:914} INFO - Processing file /opt/airflow/dags/spark_airflow.py for tasks to queue
[2024-11-01T22:13:58.474+0000] {logging_mixin.py:190} INFO - [2024-11-01T22:13:58.473+0000] {dagbag.py:588} INFO - Filling up the DagBag from /opt/airflow/dags/spark_airflow.py
[2024-11-01T22:13:58.493+0000] {processor.py:925} INFO - DAG(s) 'sparking_flow' retrieved from /opt/airflow/dags/spark_airflow.py
[2024-11-01T22:13:58.517+0000] {logging_mixin.py:190} INFO - [2024-11-01T22:13:58.517+0000] {dag.py:3239} INFO - Sync 1 DAGs
[2024-11-01T22:13:58.539+0000] {logging_mixin.py:190} INFO - [2024-11-01T22:13:58.539+0000] {dag.py:4180} INFO - Setting next_dagrun for sparking_flow to 2024-11-01 00:00:00+00:00, run_after=2024-11-02 00:00:00+00:00
[2024-11-01T22:13:58.570+0000] {processor.py:208} INFO - Processing /opt/airflow/dags/spark_airflow.py took 0.104 seconds
[2024-11-01T22:14:28.643+0000] {processor.py:186} INFO - Started process (PID=61142) to work on /opt/airflow/dags/spark_airflow.py
[2024-11-01T22:14:28.644+0000] {processor.py:914} INFO - Processing file /opt/airflow/dags/spark_airflow.py for tasks to queue
[2024-11-01T22:14:28.645+0000] {logging_mixin.py:190} INFO - [2024-11-01T22:14:28.644+0000] {dagbag.py:588} INFO - Filling up the DagBag from /opt/airflow/dags/spark_airflow.py
[2024-11-01T22:14:28.662+0000] {processor.py:925} INFO - DAG(s) 'sparking_flow' retrieved from /opt/airflow/dags/spark_airflow.py
[2024-11-01T22:14:28.685+0000] {logging_mixin.py:190} INFO - [2024-11-01T22:14:28.685+0000] {dag.py:3239} INFO - Sync 1 DAGs
[2024-11-01T22:14:28.705+0000] {logging_mixin.py:190} INFO - [2024-11-01T22:14:28.705+0000] {dag.py:4180} INFO - Setting next_dagrun for sparking_flow to 2024-11-01 00:00:00+00:00, run_after=2024-11-02 00:00:00+00:00
[2024-11-01T22:14:28.720+0000] {processor.py:208} INFO - Processing /opt/airflow/dags/spark_airflow.py took 0.082 seconds
[2024-11-01T22:14:58.892+0000] {processor.py:186} INFO - Started process (PID=61147) to work on /opt/airflow/dags/spark_airflow.py
[2024-11-01T22:14:58.892+0000] {processor.py:914} INFO - Processing file /opt/airflow/dags/spark_airflow.py for tasks to queue
[2024-11-01T22:14:58.894+0000] {logging_mixin.py:190} INFO - [2024-11-01T22:14:58.893+0000] {dagbag.py:588} INFO - Filling up the DagBag from /opt/airflow/dags/spark_airflow.py
[2024-11-01T22:14:58.911+0000] {processor.py:925} INFO - DAG(s) 'sparking_flow' retrieved from /opt/airflow/dags/spark_airflow.py
[2024-11-01T22:14:58.936+0000] {logging_mixin.py:190} INFO - [2024-11-01T22:14:58.935+0000] {dag.py:3239} INFO - Sync 1 DAGs
[2024-11-01T22:14:58.960+0000] {logging_mixin.py:190} INFO - [2024-11-01T22:14:58.959+0000] {dag.py:4180} INFO - Setting next_dagrun for sparking_flow to 2024-11-01 00:00:00+00:00, run_after=2024-11-02 00:00:00+00:00
[2024-11-01T22:14:58.976+0000] {processor.py:208} INFO - Processing /opt/airflow/dags/spark_airflow.py took 0.089 seconds
[2024-11-01T22:15:29.084+0000] {processor.py:186} INFO - Started process (PID=61152) to work on /opt/airflow/dags/spark_airflow.py
[2024-11-01T22:15:29.085+0000] {processor.py:914} INFO - Processing file /opt/airflow/dags/spark_airflow.py for tasks to queue
[2024-11-01T22:15:29.086+0000] {logging_mixin.py:190} INFO - [2024-11-01T22:15:29.086+0000] {dagbag.py:588} INFO - Filling up the DagBag from /opt/airflow/dags/spark_airflow.py
[2024-11-01T22:15:29.109+0000] {processor.py:925} INFO - DAG(s) 'sparking_flow' retrieved from /opt/airflow/dags/spark_airflow.py
[2024-11-01T22:15:29.138+0000] {logging_mixin.py:190} INFO - [2024-11-01T22:15:29.138+0000] {dag.py:3239} INFO - Sync 1 DAGs
[2024-11-01T22:15:29.162+0000] {logging_mixin.py:190} INFO - [2024-11-01T22:15:29.162+0000] {dag.py:4180} INFO - Setting next_dagrun for sparking_flow to 2024-11-01 00:00:00+00:00, run_after=2024-11-02 00:00:00+00:00
[2024-11-01T22:15:29.180+0000] {processor.py:208} INFO - Processing /opt/airflow/dags/spark_airflow.py took 0.100 seconds
[2024-11-01T22:15:59.312+0000] {processor.py:186} INFO - Started process (PID=61157) to work on /opt/airflow/dags/spark_airflow.py
[2024-11-01T22:15:59.312+0000] {processor.py:914} INFO - Processing file /opt/airflow/dags/spark_airflow.py for tasks to queue
[2024-11-01T22:15:59.313+0000] {logging_mixin.py:190} INFO - [2024-11-01T22:15:59.313+0000] {dagbag.py:588} INFO - Filling up the DagBag from /opt/airflow/dags/spark_airflow.py
[2024-11-01T22:15:59.330+0000] {processor.py:925} INFO - DAG(s) 'sparking_flow' retrieved from /opt/airflow/dags/spark_airflow.py
[2024-11-01T22:15:59.353+0000] {logging_mixin.py:190} INFO - [2024-11-01T22:15:59.352+0000] {dag.py:3239} INFO - Sync 1 DAGs
[2024-11-01T22:15:59.375+0000] {logging_mixin.py:190} INFO - [2024-11-01T22:15:59.375+0000] {dag.py:4180} INFO - Setting next_dagrun for sparking_flow to 2024-11-01 00:00:00+00:00, run_after=2024-11-02 00:00:00+00:00
[2024-11-01T22:15:59.392+0000] {processor.py:208} INFO - Processing /opt/airflow/dags/spark_airflow.py took 0.084 seconds
[2024-11-01T22:16:29.523+0000] {processor.py:186} INFO - Started process (PID=61162) to work on /opt/airflow/dags/spark_airflow.py
[2024-11-01T22:16:29.525+0000] {processor.py:914} INFO - Processing file /opt/airflow/dags/spark_airflow.py for tasks to queue
[2024-11-01T22:16:29.526+0000] {logging_mixin.py:190} INFO - [2024-11-01T22:16:29.526+0000] {dagbag.py:588} INFO - Filling up the DagBag from /opt/airflow/dags/spark_airflow.py
[2024-11-01T22:16:29.544+0000] {processor.py:925} INFO - DAG(s) 'sparking_flow' retrieved from /opt/airflow/dags/spark_airflow.py
[2024-11-01T22:16:29.569+0000] {logging_mixin.py:190} INFO - [2024-11-01T22:16:29.569+0000] {dag.py:3239} INFO - Sync 1 DAGs
[2024-11-01T22:16:29.591+0000] {logging_mixin.py:190} INFO - [2024-11-01T22:16:29.591+0000] {dag.py:4180} INFO - Setting next_dagrun for sparking_flow to 2024-11-01 00:00:00+00:00, run_after=2024-11-02 00:00:00+00:00
[2024-11-01T22:16:29.608+0000] {processor.py:208} INFO - Processing /opt/airflow/dags/spark_airflow.py took 0.091 seconds
[2024-11-01T22:16:59.756+0000] {processor.py:186} INFO - Started process (PID=61167) to work on /opt/airflow/dags/spark_airflow.py
[2024-11-01T22:16:59.757+0000] {processor.py:914} INFO - Processing file /opt/airflow/dags/spark_airflow.py for tasks to queue
[2024-11-01T22:16:59.758+0000] {logging_mixin.py:190} INFO - [2024-11-01T22:16:59.758+0000] {dagbag.py:588} INFO - Filling up the DagBag from /opt/airflow/dags/spark_airflow.py
[2024-11-01T22:16:59.778+0000] {processor.py:925} INFO - DAG(s) 'sparking_flow' retrieved from /opt/airflow/dags/spark_airflow.py
[2024-11-01T22:16:59.802+0000] {logging_mixin.py:190} INFO - [2024-11-01T22:16:59.801+0000] {dag.py:3239} INFO - Sync 1 DAGs
[2024-11-01T22:16:59.823+0000] {logging_mixin.py:190} INFO - [2024-11-01T22:16:59.823+0000] {dag.py:4180} INFO - Setting next_dagrun for sparking_flow to 2024-11-01 00:00:00+00:00, run_after=2024-11-02 00:00:00+00:00
[2024-11-01T22:16:59.838+0000] {processor.py:208} INFO - Processing /opt/airflow/dags/spark_airflow.py took 0.089 seconds
[2024-11-01T22:17:29.959+0000] {processor.py:186} INFO - Started process (PID=61172) to work on /opt/airflow/dags/spark_airflow.py
[2024-11-01T22:17:29.960+0000] {processor.py:914} INFO - Processing file /opt/airflow/dags/spark_airflow.py for tasks to queue
[2024-11-01T22:17:29.961+0000] {logging_mixin.py:190} INFO - [2024-11-01T22:17:29.961+0000] {dagbag.py:588} INFO - Filling up the DagBag from /opt/airflow/dags/spark_airflow.py
[2024-11-01T22:17:29.980+0000] {processor.py:925} INFO - DAG(s) 'sparking_flow' retrieved from /opt/airflow/dags/spark_airflow.py
[2024-11-01T22:17:30.005+0000] {logging_mixin.py:190} INFO - [2024-11-01T22:17:30.004+0000] {dag.py:3239} INFO - Sync 1 DAGs
[2024-11-01T22:17:30.026+0000] {logging_mixin.py:190} INFO - [2024-11-01T22:17:30.026+0000] {dag.py:4180} INFO - Setting next_dagrun for sparking_flow to 2024-11-01 00:00:00+00:00, run_after=2024-11-02 00:00:00+00:00
[2024-11-01T22:17:30.040+0000] {processor.py:208} INFO - Processing /opt/airflow/dags/spark_airflow.py took 0.088 seconds
[2024-11-01T22:18:00.157+0000] {processor.py:186} INFO - Started process (PID=61177) to work on /opt/airflow/dags/spark_airflow.py
[2024-11-01T22:18:00.157+0000] {processor.py:914} INFO - Processing file /opt/airflow/dags/spark_airflow.py for tasks to queue
[2024-11-01T22:18:00.158+0000] {logging_mixin.py:190} INFO - [2024-11-01T22:18:00.158+0000] {dagbag.py:588} INFO - Filling up the DagBag from /opt/airflow/dags/spark_airflow.py
[2024-11-01T22:18:00.174+0000] {processor.py:925} INFO - DAG(s) 'sparking_flow' retrieved from /opt/airflow/dags/spark_airflow.py
[2024-11-01T22:18:00.197+0000] {logging_mixin.py:190} INFO - [2024-11-01T22:18:00.197+0000] {dag.py:3239} INFO - Sync 1 DAGs
[2024-11-01T22:18:00.217+0000] {logging_mixin.py:190} INFO - [2024-11-01T22:18:00.217+0000] {dag.py:4180} INFO - Setting next_dagrun for sparking_flow to 2024-11-01 00:00:00+00:00, run_after=2024-11-02 00:00:00+00:00
[2024-11-01T22:18:00.233+0000] {processor.py:208} INFO - Processing /opt/airflow/dags/spark_airflow.py took 0.081 seconds
[2024-11-01T22:18:30.362+0000] {processor.py:186} INFO - Started process (PID=61182) to work on /opt/airflow/dags/spark_airflow.py
[2024-11-01T22:18:30.363+0000] {processor.py:914} INFO - Processing file /opt/airflow/dags/spark_airflow.py for tasks to queue
[2024-11-01T22:18:30.364+0000] {logging_mixin.py:190} INFO - [2024-11-01T22:18:30.363+0000] {dagbag.py:588} INFO - Filling up the DagBag from /opt/airflow/dags/spark_airflow.py
[2024-11-01T22:18:30.380+0000] {processor.py:925} INFO - DAG(s) 'sparking_flow' retrieved from /opt/airflow/dags/spark_airflow.py
[2024-11-01T22:18:30.402+0000] {logging_mixin.py:190} INFO - [2024-11-01T22:18:30.402+0000] {dag.py:3239} INFO - Sync 1 DAGs
[2024-11-01T22:18:30.424+0000] {logging_mixin.py:190} INFO - [2024-11-01T22:18:30.424+0000] {dag.py:4180} INFO - Setting next_dagrun for sparking_flow to 2024-11-01 00:00:00+00:00, run_after=2024-11-02 00:00:00+00:00
[2024-11-01T22:18:30.442+0000] {processor.py:208} INFO - Processing /opt/airflow/dags/spark_airflow.py took 0.084 seconds
[2024-11-01T22:19:00.560+0000] {processor.py:186} INFO - Started process (PID=61187) to work on /opt/airflow/dags/spark_airflow.py
[2024-11-01T22:19:00.561+0000] {processor.py:914} INFO - Processing file /opt/airflow/dags/spark_airflow.py for tasks to queue
[2024-11-01T22:19:00.562+0000] {logging_mixin.py:190} INFO - [2024-11-01T22:19:00.562+0000] {dagbag.py:588} INFO - Filling up the DagBag from /opt/airflow/dags/spark_airflow.py
[2024-11-01T22:19:00.580+0000] {processor.py:925} INFO - DAG(s) 'sparking_flow' retrieved from /opt/airflow/dags/spark_airflow.py
[2024-11-01T22:19:00.603+0000] {logging_mixin.py:190} INFO - [2024-11-01T22:19:00.603+0000] {dag.py:3239} INFO - Sync 1 DAGs
[2024-11-01T22:19:00.624+0000] {logging_mixin.py:190} INFO - [2024-11-01T22:19:00.623+0000] {dag.py:4180} INFO - Setting next_dagrun for sparking_flow to 2024-11-01 00:00:00+00:00, run_after=2024-11-02 00:00:00+00:00
[2024-11-01T22:19:00.639+0000] {processor.py:208} INFO - Processing /opt/airflow/dags/spark_airflow.py took 0.085 seconds
[2024-11-01T22:19:30.786+0000] {processor.py:186} INFO - Started process (PID=61192) to work on /opt/airflow/dags/spark_airflow.py
[2024-11-01T22:19:30.786+0000] {processor.py:914} INFO - Processing file /opt/airflow/dags/spark_airflow.py for tasks to queue
[2024-11-01T22:19:30.787+0000] {logging_mixin.py:190} INFO - [2024-11-01T22:19:30.787+0000] {dagbag.py:588} INFO - Filling up the DagBag from /opt/airflow/dags/spark_airflow.py
[2024-11-01T22:19:30.804+0000] {processor.py:925} INFO - DAG(s) 'sparking_flow' retrieved from /opt/airflow/dags/spark_airflow.py
[2024-11-01T22:19:30.829+0000] {logging_mixin.py:190} INFO - [2024-11-01T22:19:30.829+0000] {dag.py:3239} INFO - Sync 1 DAGs
[2024-11-01T22:19:30.851+0000] {logging_mixin.py:190} INFO - [2024-11-01T22:19:30.851+0000] {dag.py:4180} INFO - Setting next_dagrun for sparking_flow to 2024-11-01 00:00:00+00:00, run_after=2024-11-02 00:00:00+00:00
[2024-11-01T22:19:30.867+0000] {processor.py:208} INFO - Processing /opt/airflow/dags/spark_airflow.py took 0.088 seconds
[2024-11-01T22:20:00.982+0000] {processor.py:186} INFO - Started process (PID=61197) to work on /opt/airflow/dags/spark_airflow.py
[2024-11-01T22:20:00.983+0000] {processor.py:914} INFO - Processing file /opt/airflow/dags/spark_airflow.py for tasks to queue
[2024-11-01T22:20:00.984+0000] {logging_mixin.py:190} INFO - [2024-11-01T22:20:00.984+0000] {dagbag.py:588} INFO - Filling up the DagBag from /opt/airflow/dags/spark_airflow.py
[2024-11-01T22:20:01.004+0000] {processor.py:925} INFO - DAG(s) 'sparking_flow' retrieved from /opt/airflow/dags/spark_airflow.py
[2024-11-01T22:20:01.027+0000] {logging_mixin.py:190} INFO - [2024-11-01T22:20:01.027+0000] {dag.py:3239} INFO - Sync 1 DAGs
[2024-11-01T22:20:01.048+0000] {logging_mixin.py:190} INFO - [2024-11-01T22:20:01.047+0000] {dag.py:4180} INFO - Setting next_dagrun for sparking_flow to 2024-11-01 00:00:00+00:00, run_after=2024-11-02 00:00:00+00:00
[2024-11-01T22:20:01.063+0000] {processor.py:208} INFO - Processing /opt/airflow/dags/spark_airflow.py took 0.087 seconds
[2024-11-01T22:20:31.214+0000] {processor.py:186} INFO - Started process (PID=61202) to work on /opt/airflow/dags/spark_airflow.py
[2024-11-01T22:20:31.215+0000] {processor.py:914} INFO - Processing file /opt/airflow/dags/spark_airflow.py for tasks to queue
[2024-11-01T22:20:31.217+0000] {logging_mixin.py:190} INFO - [2024-11-01T22:20:31.216+0000] {dagbag.py:588} INFO - Filling up the DagBag from /opt/airflow/dags/spark_airflow.py
[2024-11-01T22:20:31.237+0000] {processor.py:925} INFO - DAG(s) 'sparking_flow' retrieved from /opt/airflow/dags/spark_airflow.py
[2024-11-01T22:20:31.263+0000] {logging_mixin.py:190} INFO - [2024-11-01T22:20:31.263+0000] {dag.py:3239} INFO - Sync 1 DAGs
[2024-11-01T22:20:31.287+0000] {logging_mixin.py:190} INFO - [2024-11-01T22:20:31.287+0000] {dag.py:4180} INFO - Setting next_dagrun for sparking_flow to 2024-11-01 00:00:00+00:00, run_after=2024-11-02 00:00:00+00:00
[2024-11-01T22:20:31.307+0000] {processor.py:208} INFO - Processing /opt/airflow/dags/spark_airflow.py took 0.097 seconds
[2024-11-01T22:21:01.406+0000] {processor.py:186} INFO - Started process (PID=61207) to work on /opt/airflow/dags/spark_airflow.py
[2024-11-01T22:21:01.407+0000] {processor.py:914} INFO - Processing file /opt/airflow/dags/spark_airflow.py for tasks to queue
[2024-11-01T22:21:01.408+0000] {logging_mixin.py:190} INFO - [2024-11-01T22:21:01.408+0000] {dagbag.py:588} INFO - Filling up the DagBag from /opt/airflow/dags/spark_airflow.py
[2024-11-01T22:21:01.428+0000] {processor.py:925} INFO - DAG(s) 'sparking_flow' retrieved from /opt/airflow/dags/spark_airflow.py
[2024-11-01T22:21:01.455+0000] {logging_mixin.py:190} INFO - [2024-11-01T22:21:01.455+0000] {dag.py:3239} INFO - Sync 1 DAGs
[2024-11-01T22:21:01.477+0000] {logging_mixin.py:190} INFO - [2024-11-01T22:21:01.477+0000] {dag.py:4180} INFO - Setting next_dagrun for sparking_flow to 2024-11-01 00:00:00+00:00, run_after=2024-11-02 00:00:00+00:00
[2024-11-01T22:21:01.495+0000] {processor.py:208} INFO - Processing /opt/airflow/dags/spark_airflow.py took 0.095 seconds
[2024-11-01T22:21:31.657+0000] {processor.py:186} INFO - Started process (PID=61212) to work on /opt/airflow/dags/spark_airflow.py
[2024-11-01T22:21:31.657+0000] {processor.py:914} INFO - Processing file /opt/airflow/dags/spark_airflow.py for tasks to queue
[2024-11-01T22:21:31.658+0000] {logging_mixin.py:190} INFO - [2024-11-01T22:21:31.658+0000] {dagbag.py:588} INFO - Filling up the DagBag from /opt/airflow/dags/spark_airflow.py
[2024-11-01T22:21:31.676+0000] {processor.py:925} INFO - DAG(s) 'sparking_flow' retrieved from /opt/airflow/dags/spark_airflow.py
[2024-11-01T22:21:31.701+0000] {logging_mixin.py:190} INFO - [2024-11-01T22:21:31.701+0000] {dag.py:3239} INFO - Sync 1 DAGs
[2024-11-01T22:21:31.722+0000] {logging_mixin.py:190} INFO - [2024-11-01T22:21:31.722+0000] {dag.py:4180} INFO - Setting next_dagrun for sparking_flow to 2024-11-01 00:00:00+00:00, run_after=2024-11-02 00:00:00+00:00
[2024-11-01T22:21:31.743+0000] {processor.py:208} INFO - Processing /opt/airflow/dags/spark_airflow.py took 0.091 seconds
[2024-11-01T22:22:01.874+0000] {processor.py:186} INFO - Started process (PID=61217) to work on /opt/airflow/dags/spark_airflow.py
[2024-11-01T22:22:01.875+0000] {processor.py:914} INFO - Processing file /opt/airflow/dags/spark_airflow.py for tasks to queue
[2024-11-01T22:22:01.876+0000] {logging_mixin.py:190} INFO - [2024-11-01T22:22:01.875+0000] {dagbag.py:588} INFO - Filling up the DagBag from /opt/airflow/dags/spark_airflow.py
[2024-11-01T22:22:01.895+0000] {processor.py:925} INFO - DAG(s) 'sparking_flow' retrieved from /opt/airflow/dags/spark_airflow.py
[2024-11-01T22:22:01.919+0000] {logging_mixin.py:190} INFO - [2024-11-01T22:22:01.918+0000] {dag.py:3239} INFO - Sync 1 DAGs
[2024-11-01T22:22:01.940+0000] {logging_mixin.py:190} INFO - [2024-11-01T22:22:01.939+0000] {dag.py:4180} INFO - Setting next_dagrun for sparking_flow to 2024-11-01 00:00:00+00:00, run_after=2024-11-02 00:00:00+00:00
[2024-11-01T22:22:01.959+0000] {processor.py:208} INFO - Processing /opt/airflow/dags/spark_airflow.py took 0.090 seconds
[2024-11-01T22:22:32.100+0000] {processor.py:186} INFO - Started process (PID=61222) to work on /opt/airflow/dags/spark_airflow.py
[2024-11-01T22:22:32.101+0000] {processor.py:914} INFO - Processing file /opt/airflow/dags/spark_airflow.py for tasks to queue
[2024-11-01T22:22:32.102+0000] {logging_mixin.py:190} INFO - [2024-11-01T22:22:32.102+0000] {dagbag.py:588} INFO - Filling up the DagBag from /opt/airflow/dags/spark_airflow.py
[2024-11-01T22:22:32.121+0000] {processor.py:925} INFO - DAG(s) 'sparking_flow' retrieved from /opt/airflow/dags/spark_airflow.py
[2024-11-01T22:22:32.144+0000] {logging_mixin.py:190} INFO - [2024-11-01T22:22:32.144+0000] {dag.py:3239} INFO - Sync 1 DAGs
[2024-11-01T22:22:32.164+0000] {logging_mixin.py:190} INFO - [2024-11-01T22:22:32.163+0000] {dag.py:4180} INFO - Setting next_dagrun for sparking_flow to 2024-11-01 00:00:00+00:00, run_after=2024-11-02 00:00:00+00:00
[2024-11-01T22:22:32.183+0000] {processor.py:208} INFO - Processing /opt/airflow/dags/spark_airflow.py took 0.088 seconds
[2024-11-01T22:23:02.295+0000] {processor.py:186} INFO - Started process (PID=61227) to work on /opt/airflow/dags/spark_airflow.py
[2024-11-01T22:23:02.296+0000] {processor.py:914} INFO - Processing file /opt/airflow/dags/spark_airflow.py for tasks to queue
[2024-11-01T22:23:02.297+0000] {logging_mixin.py:190} INFO - [2024-11-01T22:23:02.297+0000] {dagbag.py:588} INFO - Filling up the DagBag from /opt/airflow/dags/spark_airflow.py
[2024-11-01T22:23:02.313+0000] {processor.py:925} INFO - DAG(s) 'sparking_flow' retrieved from /opt/airflow/dags/spark_airflow.py
[2024-11-01T22:23:02.335+0000] {logging_mixin.py:190} INFO - [2024-11-01T22:23:02.335+0000] {dag.py:3239} INFO - Sync 1 DAGs
[2024-11-01T22:23:02.355+0000] {logging_mixin.py:190} INFO - [2024-11-01T22:23:02.355+0000] {dag.py:4180} INFO - Setting next_dagrun for sparking_flow to 2024-11-01 00:00:00+00:00, run_after=2024-11-02 00:00:00+00:00
[2024-11-01T22:23:02.372+0000] {processor.py:208} INFO - Processing /opt/airflow/dags/spark_airflow.py took 0.082 seconds
[2024-11-01T22:23:32.529+0000] {processor.py:186} INFO - Started process (PID=61232) to work on /opt/airflow/dags/spark_airflow.py
[2024-11-01T22:23:32.530+0000] {processor.py:914} INFO - Processing file /opt/airflow/dags/spark_airflow.py for tasks to queue
[2024-11-01T22:23:32.531+0000] {logging_mixin.py:190} INFO - [2024-11-01T22:23:32.530+0000] {dagbag.py:588} INFO - Filling up the DagBag from /opt/airflow/dags/spark_airflow.py
[2024-11-01T22:23:32.548+0000] {processor.py:925} INFO - DAG(s) 'sparking_flow' retrieved from /opt/airflow/dags/spark_airflow.py
[2024-11-01T22:23:32.574+0000] {logging_mixin.py:190} INFO - [2024-11-01T22:23:32.574+0000] {dag.py:3239} INFO - Sync 1 DAGs
[2024-11-01T22:23:32.597+0000] {logging_mixin.py:190} INFO - [2024-11-01T22:23:32.597+0000] {dag.py:4180} INFO - Setting next_dagrun for sparking_flow to 2024-11-01 00:00:00+00:00, run_after=2024-11-02 00:00:00+00:00
[2024-11-01T22:23:32.614+0000] {processor.py:208} INFO - Processing /opt/airflow/dags/spark_airflow.py took 0.090 seconds
[2024-11-01T22:24:02.721+0000] {processor.py:186} INFO - Started process (PID=61237) to work on /opt/airflow/dags/spark_airflow.py
[2024-11-01T22:24:02.722+0000] {processor.py:914} INFO - Processing file /opt/airflow/dags/spark_airflow.py for tasks to queue
[2024-11-01T22:24:02.723+0000] {logging_mixin.py:190} INFO - [2024-11-01T22:24:02.723+0000] {dagbag.py:588} INFO - Filling up the DagBag from /opt/airflow/dags/spark_airflow.py
[2024-11-01T22:24:02.743+0000] {processor.py:925} INFO - DAG(s) 'sparking_flow' retrieved from /opt/airflow/dags/spark_airflow.py
[2024-11-01T22:24:02.772+0000] {logging_mixin.py:190} INFO - [2024-11-01T22:24:02.772+0000] {dag.py:3239} INFO - Sync 1 DAGs
[2024-11-01T22:24:02.799+0000] {logging_mixin.py:190} INFO - [2024-11-01T22:24:02.799+0000] {dag.py:4180} INFO - Setting next_dagrun for sparking_flow to 2024-11-01 00:00:00+00:00, run_after=2024-11-02 00:00:00+00:00
[2024-11-01T22:24:02.821+0000] {processor.py:208} INFO - Processing /opt/airflow/dags/spark_airflow.py took 0.106 seconds
[2024-11-01T22:24:32.968+0000] {processor.py:186} INFO - Started process (PID=61242) to work on /opt/airflow/dags/spark_airflow.py
[2024-11-01T22:24:32.969+0000] {processor.py:914} INFO - Processing file /opt/airflow/dags/spark_airflow.py for tasks to queue
[2024-11-01T22:24:32.970+0000] {logging_mixin.py:190} INFO - [2024-11-01T22:24:32.970+0000] {dagbag.py:588} INFO - Filling up the DagBag from /opt/airflow/dags/spark_airflow.py
[2024-11-01T22:24:32.988+0000] {processor.py:925} INFO - DAG(s) 'sparking_flow' retrieved from /opt/airflow/dags/spark_airflow.py
[2024-11-01T22:24:33.013+0000] {logging_mixin.py:190} INFO - [2024-11-01T22:24:33.013+0000] {dag.py:3239} INFO - Sync 1 DAGs
[2024-11-01T22:24:33.035+0000] {logging_mixin.py:190} INFO - [2024-11-01T22:24:33.035+0000] {dag.py:4180} INFO - Setting next_dagrun for sparking_flow to 2024-11-01 00:00:00+00:00, run_after=2024-11-02 00:00:00+00:00
[2024-11-01T22:24:33.051+0000] {processor.py:208} INFO - Processing /opt/airflow/dags/spark_airflow.py took 0.089 seconds
[2024-11-01T22:25:03.174+0000] {processor.py:186} INFO - Started process (PID=61247) to work on /opt/airflow/dags/spark_airflow.py
[2024-11-01T22:25:03.175+0000] {processor.py:914} INFO - Processing file /opt/airflow/dags/spark_airflow.py for tasks to queue
[2024-11-01T22:25:03.176+0000] {logging_mixin.py:190} INFO - [2024-11-01T22:25:03.176+0000] {dagbag.py:588} INFO - Filling up the DagBag from /opt/airflow/dags/spark_airflow.py
[2024-11-01T22:25:03.195+0000] {processor.py:925} INFO - DAG(s) 'sparking_flow' retrieved from /opt/airflow/dags/spark_airflow.py
[2024-11-01T22:25:03.220+0000] {logging_mixin.py:190} INFO - [2024-11-01T22:25:03.220+0000] {dag.py:3239} INFO - Sync 1 DAGs
[2024-11-01T22:25:03.240+0000] {logging_mixin.py:190} INFO - [2024-11-01T22:25:03.239+0000] {dag.py:4180} INFO - Setting next_dagrun for sparking_flow to 2024-11-01 00:00:00+00:00, run_after=2024-11-02 00:00:00+00:00
[2024-11-01T22:25:03.269+0000] {processor.py:208} INFO - Processing /opt/airflow/dags/spark_airflow.py took 0.102 seconds
[2024-11-01T22:25:33.391+0000] {processor.py:186} INFO - Started process (PID=61252) to work on /opt/airflow/dags/spark_airflow.py
[2024-11-01T22:25:33.391+0000] {processor.py:914} INFO - Processing file /opt/airflow/dags/spark_airflow.py for tasks to queue
[2024-11-01T22:25:33.393+0000] {logging_mixin.py:190} INFO - [2024-11-01T22:25:33.392+0000] {dagbag.py:588} INFO - Filling up the DagBag from /opt/airflow/dags/spark_airflow.py
[2024-11-01T22:25:33.410+0000] {processor.py:925} INFO - DAG(s) 'sparking_flow' retrieved from /opt/airflow/dags/spark_airflow.py
[2024-11-01T22:25:33.433+0000] {logging_mixin.py:190} INFO - [2024-11-01T22:25:33.433+0000] {dag.py:3239} INFO - Sync 1 DAGs
[2024-11-01T22:25:33.453+0000] {logging_mixin.py:190} INFO - [2024-11-01T22:25:33.453+0000] {dag.py:4180} INFO - Setting next_dagrun for sparking_flow to 2024-11-01 00:00:00+00:00, run_after=2024-11-02 00:00:00+00:00
[2024-11-01T22:25:33.469+0000] {processor.py:208} INFO - Processing /opt/airflow/dags/spark_airflow.py took 0.084 seconds
[2024-11-01T22:26:03.613+0000] {processor.py:186} INFO - Started process (PID=61257) to work on /opt/airflow/dags/spark_airflow.py
[2024-11-01T22:26:03.614+0000] {processor.py:914} INFO - Processing file /opt/airflow/dags/spark_airflow.py for tasks to queue
[2024-11-01T22:26:03.616+0000] {logging_mixin.py:190} INFO - [2024-11-01T22:26:03.615+0000] {dagbag.py:588} INFO - Filling up the DagBag from /opt/airflow/dags/spark_airflow.py
[2024-11-01T22:26:03.635+0000] {processor.py:925} INFO - DAG(s) 'sparking_flow' retrieved from /opt/airflow/dags/spark_airflow.py
[2024-11-01T22:26:03.662+0000] {logging_mixin.py:190} INFO - [2024-11-01T22:26:03.662+0000] {dag.py:3239} INFO - Sync 1 DAGs
[2024-11-01T22:26:03.685+0000] {logging_mixin.py:190} INFO - [2024-11-01T22:26:03.684+0000] {dag.py:4180} INFO - Setting next_dagrun for sparking_flow to 2024-11-01 00:00:00+00:00, run_after=2024-11-02 00:00:00+00:00
[2024-11-01T22:26:03.704+0000] {processor.py:208} INFO - Processing /opt/airflow/dags/spark_airflow.py took 0.098 seconds
[2024-11-01T22:26:33.815+0000] {processor.py:186} INFO - Started process (PID=61262) to work on /opt/airflow/dags/spark_airflow.py
[2024-11-01T22:26:33.816+0000] {processor.py:914} INFO - Processing file /opt/airflow/dags/spark_airflow.py for tasks to queue
[2024-11-01T22:26:33.817+0000] {logging_mixin.py:190} INFO - [2024-11-01T22:26:33.817+0000] {dagbag.py:588} INFO - Filling up the DagBag from /opt/airflow/dags/spark_airflow.py
[2024-11-01T22:26:33.837+0000] {processor.py:925} INFO - DAG(s) 'sparking_flow' retrieved from /opt/airflow/dags/spark_airflow.py
[2024-11-01T22:26:33.861+0000] {logging_mixin.py:190} INFO - [2024-11-01T22:26:33.860+0000] {dag.py:3239} INFO - Sync 1 DAGs
[2024-11-01T22:26:33.881+0000] {logging_mixin.py:190} INFO - [2024-11-01T22:26:33.880+0000] {dag.py:4180} INFO - Setting next_dagrun for sparking_flow to 2024-11-01 00:00:00+00:00, run_after=2024-11-02 00:00:00+00:00
[2024-11-01T22:26:33.911+0000] {processor.py:208} INFO - Processing /opt/airflow/dags/spark_airflow.py took 0.102 seconds
[2024-11-01T22:27:04.068+0000] {processor.py:186} INFO - Started process (PID=61267) to work on /opt/airflow/dags/spark_airflow.py
[2024-11-01T22:27:04.069+0000] {processor.py:914} INFO - Processing file /opt/airflow/dags/spark_airflow.py for tasks to queue
[2024-11-01T22:27:04.070+0000] {logging_mixin.py:190} INFO - [2024-11-01T22:27:04.070+0000] {dagbag.py:588} INFO - Filling up the DagBag from /opt/airflow/dags/spark_airflow.py
[2024-11-01T22:27:04.088+0000] {processor.py:925} INFO - DAG(s) 'sparking_flow' retrieved from /opt/airflow/dags/spark_airflow.py
[2024-11-01T22:27:04.113+0000] {logging_mixin.py:190} INFO - [2024-11-01T22:27:04.113+0000] {dag.py:3239} INFO - Sync 1 DAGs
[2024-11-01T22:27:04.137+0000] {logging_mixin.py:190} INFO - [2024-11-01T22:27:04.137+0000] {dag.py:4180} INFO - Setting next_dagrun for sparking_flow to 2024-11-01 00:00:00+00:00, run_after=2024-11-02 00:00:00+00:00
[2024-11-01T22:27:04.154+0000] {processor.py:208} INFO - Processing /opt/airflow/dags/spark_airflow.py took 0.089 seconds
[2024-11-01T22:27:34.254+0000] {processor.py:186} INFO - Started process (PID=61272) to work on /opt/airflow/dags/spark_airflow.py
[2024-11-01T22:27:34.255+0000] {processor.py:914} INFO - Processing file /opt/airflow/dags/spark_airflow.py for tasks to queue
[2024-11-01T22:27:34.256+0000] {logging_mixin.py:190} INFO - [2024-11-01T22:27:34.256+0000] {dagbag.py:588} INFO - Filling up the DagBag from /opt/airflow/dags/spark_airflow.py
[2024-11-01T22:27:34.274+0000] {processor.py:925} INFO - DAG(s) 'sparking_flow' retrieved from /opt/airflow/dags/spark_airflow.py
[2024-11-01T22:27:34.300+0000] {logging_mixin.py:190} INFO - [2024-11-01T22:27:34.300+0000] {dag.py:3239} INFO - Sync 1 DAGs
[2024-11-01T22:27:34.322+0000] {logging_mixin.py:190} INFO - [2024-11-01T22:27:34.322+0000] {dag.py:4180} INFO - Setting next_dagrun for sparking_flow to 2024-11-01 00:00:00+00:00, run_after=2024-11-02 00:00:00+00:00
[2024-11-01T22:27:34.338+0000] {processor.py:208} INFO - Processing /opt/airflow/dags/spark_airflow.py took 0.090 seconds
[2024-11-01T22:28:04.500+0000] {processor.py:186} INFO - Started process (PID=61277) to work on /opt/airflow/dags/spark_airflow.py
[2024-11-01T22:28:04.501+0000] {processor.py:914} INFO - Processing file /opt/airflow/dags/spark_airflow.py for tasks to queue
[2024-11-01T22:28:04.502+0000] {logging_mixin.py:190} INFO - [2024-11-01T22:28:04.502+0000] {dagbag.py:588} INFO - Filling up the DagBag from /opt/airflow/dags/spark_airflow.py
[2024-11-01T22:28:04.520+0000] {processor.py:925} INFO - DAG(s) 'sparking_flow' retrieved from /opt/airflow/dags/spark_airflow.py
[2024-11-01T22:28:04.546+0000] {logging_mixin.py:190} INFO - [2024-11-01T22:28:04.546+0000] {dag.py:3239} INFO - Sync 1 DAGs
[2024-11-01T22:28:04.567+0000] {logging_mixin.py:190} INFO - [2024-11-01T22:28:04.567+0000] {dag.py:4180} INFO - Setting next_dagrun for sparking_flow to 2024-11-01 00:00:00+00:00, run_after=2024-11-02 00:00:00+00:00
[2024-11-01T22:28:04.583+0000] {processor.py:208} INFO - Processing /opt/airflow/dags/spark_airflow.py took 0.087 seconds
[2024-11-01T22:28:34.684+0000] {processor.py:186} INFO - Started process (PID=61282) to work on /opt/airflow/dags/spark_airflow.py
[2024-11-01T22:28:34.685+0000] {processor.py:914} INFO - Processing file /opt/airflow/dags/spark_airflow.py for tasks to queue
[2024-11-01T22:28:34.686+0000] {logging_mixin.py:190} INFO - [2024-11-01T22:28:34.685+0000] {dagbag.py:588} INFO - Filling up the DagBag from /opt/airflow/dags/spark_airflow.py
[2024-11-01T22:28:34.704+0000] {processor.py:925} INFO - DAG(s) 'sparking_flow' retrieved from /opt/airflow/dags/spark_airflow.py
[2024-11-01T22:28:34.727+0000] {logging_mixin.py:190} INFO - [2024-11-01T22:28:34.727+0000] {dag.py:3239} INFO - Sync 1 DAGs
[2024-11-01T22:28:34.748+0000] {logging_mixin.py:190} INFO - [2024-11-01T22:28:34.748+0000] {dag.py:4180} INFO - Setting next_dagrun for sparking_flow to 2024-11-01 00:00:00+00:00, run_after=2024-11-02 00:00:00+00:00
[2024-11-01T22:28:34.764+0000] {processor.py:208} INFO - Processing /opt/airflow/dags/spark_airflow.py took 0.085 seconds
[2024-11-01T22:29:04.921+0000] {processor.py:186} INFO - Started process (PID=61287) to work on /opt/airflow/dags/spark_airflow.py
[2024-11-01T22:29:04.922+0000] {processor.py:914} INFO - Processing file /opt/airflow/dags/spark_airflow.py for tasks to queue
[2024-11-01T22:29:04.923+0000] {logging_mixin.py:190} INFO - [2024-11-01T22:29:04.923+0000] {dagbag.py:588} INFO - Filling up the DagBag from /opt/airflow/dags/spark_airflow.py
[2024-11-01T22:29:04.939+0000] {processor.py:925} INFO - DAG(s) 'sparking_flow' retrieved from /opt/airflow/dags/spark_airflow.py
[2024-11-01T22:29:04.964+0000] {logging_mixin.py:190} INFO - [2024-11-01T22:29:04.963+0000] {dag.py:3239} INFO - Sync 1 DAGs
[2024-11-01T22:29:04.987+0000] {logging_mixin.py:190} INFO - [2024-11-01T22:29:04.987+0000] {dag.py:4180} INFO - Setting next_dagrun for sparking_flow to 2024-11-01 00:00:00+00:00, run_after=2024-11-02 00:00:00+00:00
[2024-11-01T22:29:05.005+0000] {processor.py:208} INFO - Processing /opt/airflow/dags/spark_airflow.py took 0.089 seconds
[2024-11-01T22:29:35.109+0000] {processor.py:186} INFO - Started process (PID=61292) to work on /opt/airflow/dags/spark_airflow.py
[2024-11-01T22:29:35.110+0000] {processor.py:914} INFO - Processing file /opt/airflow/dags/spark_airflow.py for tasks to queue
[2024-11-01T22:29:35.111+0000] {logging_mixin.py:190} INFO - [2024-11-01T22:29:35.111+0000] {dagbag.py:588} INFO - Filling up the DagBag from /opt/airflow/dags/spark_airflow.py
[2024-11-01T22:29:35.130+0000] {processor.py:925} INFO - DAG(s) 'sparking_flow' retrieved from /opt/airflow/dags/spark_airflow.py
[2024-11-01T22:29:35.159+0000] {logging_mixin.py:190} INFO - [2024-11-01T22:29:35.159+0000] {dag.py:3239} INFO - Sync 1 DAGs
[2024-11-01T22:29:35.183+0000] {logging_mixin.py:190} INFO - [2024-11-01T22:29:35.183+0000] {dag.py:4180} INFO - Setting next_dagrun for sparking_flow to 2024-11-01 00:00:00+00:00, run_after=2024-11-02 00:00:00+00:00
[2024-11-01T22:29:35.214+0000] {processor.py:208} INFO - Processing /opt/airflow/dags/spark_airflow.py took 0.113 seconds
[2024-11-01T22:30:05.348+0000] {processor.py:186} INFO - Started process (PID=61297) to work on /opt/airflow/dags/spark_airflow.py
[2024-11-01T22:30:05.349+0000] {processor.py:914} INFO - Processing file /opt/airflow/dags/spark_airflow.py for tasks to queue
[2024-11-01T22:30:05.350+0000] {logging_mixin.py:190} INFO - [2024-11-01T22:30:05.350+0000] {dagbag.py:588} INFO - Filling up the DagBag from /opt/airflow/dags/spark_airflow.py
[2024-11-01T22:30:05.369+0000] {processor.py:925} INFO - DAG(s) 'sparking_flow' retrieved from /opt/airflow/dags/spark_airflow.py
[2024-11-01T22:30:05.392+0000] {logging_mixin.py:190} INFO - [2024-11-01T22:30:05.391+0000] {dag.py:3239} INFO - Sync 1 DAGs
[2024-11-01T22:30:05.412+0000] {logging_mixin.py:190} INFO - [2024-11-01T22:30:05.412+0000] {dag.py:4180} INFO - Setting next_dagrun for sparking_flow to 2024-11-01 00:00:00+00:00, run_after=2024-11-02 00:00:00+00:00
[2024-11-01T22:30:05.428+0000] {processor.py:208} INFO - Processing /opt/airflow/dags/spark_airflow.py took 0.086 seconds
[2024-11-01T22:30:35.560+0000] {processor.py:186} INFO - Started process (PID=61302) to work on /opt/airflow/dags/spark_airflow.py
[2024-11-01T22:30:35.561+0000] {processor.py:914} INFO - Processing file /opt/airflow/dags/spark_airflow.py for tasks to queue
[2024-11-01T22:30:35.562+0000] {logging_mixin.py:190} INFO - [2024-11-01T22:30:35.562+0000] {dagbag.py:588} INFO - Filling up the DagBag from /opt/airflow/dags/spark_airflow.py
[2024-11-01T22:30:35.578+0000] {processor.py:925} INFO - DAG(s) 'sparking_flow' retrieved from /opt/airflow/dags/spark_airflow.py
[2024-11-01T22:30:35.603+0000] {logging_mixin.py:190} INFO - [2024-11-01T22:30:35.602+0000] {dag.py:3239} INFO - Sync 1 DAGs
[2024-11-01T22:30:35.625+0000] {logging_mixin.py:190} INFO - [2024-11-01T22:30:35.625+0000] {dag.py:4180} INFO - Setting next_dagrun for sparking_flow to 2024-11-01 00:00:00+00:00, run_after=2024-11-02 00:00:00+00:00
[2024-11-01T22:30:35.642+0000] {processor.py:208} INFO - Processing /opt/airflow/dags/spark_airflow.py took 0.088 seconds
[2024-11-01T22:31:05.768+0000] {processor.py:186} INFO - Started process (PID=61307) to work on /opt/airflow/dags/spark_airflow.py
[2024-11-01T22:31:05.769+0000] {processor.py:914} INFO - Processing file /opt/airflow/dags/spark_airflow.py for tasks to queue
[2024-11-01T22:31:05.770+0000] {logging_mixin.py:190} INFO - [2024-11-01T22:31:05.769+0000] {dagbag.py:588} INFO - Filling up the DagBag from /opt/airflow/dags/spark_airflow.py
[2024-11-01T22:31:05.787+0000] {processor.py:925} INFO - DAG(s) 'sparking_flow' retrieved from /opt/airflow/dags/spark_airflow.py
[2024-11-01T22:31:05.810+0000] {logging_mixin.py:190} INFO - [2024-11-01T22:31:05.810+0000] {dag.py:3239} INFO - Sync 1 DAGs
[2024-11-01T22:31:05.832+0000] {logging_mixin.py:190} INFO - [2024-11-01T22:31:05.831+0000] {dag.py:4180} INFO - Setting next_dagrun for sparking_flow to 2024-11-01 00:00:00+00:00, run_after=2024-11-02 00:00:00+00:00
[2024-11-01T22:31:05.847+0000] {processor.py:208} INFO - Processing /opt/airflow/dags/spark_airflow.py took 0.084 seconds
[2024-11-01T22:31:36.000+0000] {processor.py:186} INFO - Started process (PID=61312) to work on /opt/airflow/dags/spark_airflow.py
[2024-11-01T22:31:36.001+0000] {processor.py:914} INFO - Processing file /opt/airflow/dags/spark_airflow.py for tasks to queue
[2024-11-01T22:31:36.002+0000] {logging_mixin.py:190} INFO - [2024-11-01T22:31:36.002+0000] {dagbag.py:588} INFO - Filling up the DagBag from /opt/airflow/dags/spark_airflow.py
[2024-11-01T22:31:36.020+0000] {processor.py:925} INFO - DAG(s) 'sparking_flow' retrieved from /opt/airflow/dags/spark_airflow.py
[2024-11-01T22:31:36.045+0000] {logging_mixin.py:190} INFO - [2024-11-01T22:31:36.045+0000] {dag.py:3239} INFO - Sync 1 DAGs
[2024-11-01T22:31:36.068+0000] {logging_mixin.py:190} INFO - [2024-11-01T22:31:36.067+0000] {dag.py:4180} INFO - Setting next_dagrun for sparking_flow to 2024-11-01 00:00:00+00:00, run_after=2024-11-02 00:00:00+00:00
[2024-11-01T22:31:36.084+0000] {processor.py:208} INFO - Processing /opt/airflow/dags/spark_airflow.py took 0.089 seconds
[2024-11-01T22:32:06.209+0000] {processor.py:186} INFO - Started process (PID=61317) to work on /opt/airflow/dags/spark_airflow.py
[2024-11-01T22:32:06.210+0000] {processor.py:914} INFO - Processing file /opt/airflow/dags/spark_airflow.py for tasks to queue
[2024-11-01T22:32:06.211+0000] {logging_mixin.py:190} INFO - [2024-11-01T22:32:06.211+0000] {dagbag.py:588} INFO - Filling up the DagBag from /opt/airflow/dags/spark_airflow.py
[2024-11-01T22:32:06.228+0000] {processor.py:925} INFO - DAG(s) 'sparking_flow' retrieved from /opt/airflow/dags/spark_airflow.py
[2024-11-01T22:32:06.252+0000] {logging_mixin.py:190} INFO - [2024-11-01T22:32:06.251+0000] {dag.py:3239} INFO - Sync 1 DAGs
[2024-11-01T22:32:06.274+0000] {logging_mixin.py:190} INFO - [2024-11-01T22:32:06.273+0000] {dag.py:4180} INFO - Setting next_dagrun for sparking_flow to 2024-11-01 00:00:00+00:00, run_after=2024-11-02 00:00:00+00:00
[2024-11-01T22:32:06.290+0000] {processor.py:208} INFO - Processing /opt/airflow/dags/spark_airflow.py took 0.086 seconds
[2024-11-01T22:32:36.431+0000] {processor.py:186} INFO - Started process (PID=61322) to work on /opt/airflow/dags/spark_airflow.py
[2024-11-01T22:32:36.432+0000] {processor.py:914} INFO - Processing file /opt/airflow/dags/spark_airflow.py for tasks to queue
[2024-11-01T22:32:36.434+0000] {logging_mixin.py:190} INFO - [2024-11-01T22:32:36.433+0000] {dagbag.py:588} INFO - Filling up the DagBag from /opt/airflow/dags/spark_airflow.py
[2024-11-01T22:32:36.449+0000] {processor.py:925} INFO - DAG(s) 'sparking_flow' retrieved from /opt/airflow/dags/spark_airflow.py
[2024-11-01T22:32:36.476+0000] {logging_mixin.py:190} INFO - [2024-11-01T22:32:36.475+0000] {dag.py:3239} INFO - Sync 1 DAGs
[2024-11-01T22:32:36.500+0000] {logging_mixin.py:190} INFO - [2024-11-01T22:32:36.500+0000] {dag.py:4180} INFO - Setting next_dagrun for sparking_flow to 2024-11-01 00:00:00+00:00, run_after=2024-11-02 00:00:00+00:00
[2024-11-01T22:32:36.517+0000] {processor.py:208} INFO - Processing /opt/airflow/dags/spark_airflow.py took 0.090 seconds
[2024-11-01T22:33:06.632+0000] {processor.py:186} INFO - Started process (PID=61327) to work on /opt/airflow/dags/spark_airflow.py
[2024-11-01T22:33:06.633+0000] {processor.py:914} INFO - Processing file /opt/airflow/dags/spark_airflow.py for tasks to queue
[2024-11-01T22:33:06.635+0000] {logging_mixin.py:190} INFO - [2024-11-01T22:33:06.634+0000] {dagbag.py:588} INFO - Filling up the DagBag from /opt/airflow/dags/spark_airflow.py
[2024-11-01T22:33:06.654+0000] {processor.py:925} INFO - DAG(s) 'sparking_flow' retrieved from /opt/airflow/dags/spark_airflow.py
[2024-11-01T22:33:06.678+0000] {logging_mixin.py:190} INFO - [2024-11-01T22:33:06.678+0000] {dag.py:3239} INFO - Sync 1 DAGs
[2024-11-01T22:33:06.700+0000] {logging_mixin.py:190} INFO - [2024-11-01T22:33:06.700+0000] {dag.py:4180} INFO - Setting next_dagrun for sparking_flow to 2024-11-01 00:00:00+00:00, run_after=2024-11-02 00:00:00+00:00
[2024-11-01T22:33:06.716+0000] {processor.py:208} INFO - Processing /opt/airflow/dags/spark_airflow.py took 0.090 seconds
[2024-11-01T22:33:36.873+0000] {processor.py:186} INFO - Started process (PID=61332) to work on /opt/airflow/dags/spark_airflow.py
[2024-11-01T22:33:36.875+0000] {processor.py:914} INFO - Processing file /opt/airflow/dags/spark_airflow.py for tasks to queue
[2024-11-01T22:33:36.876+0000] {logging_mixin.py:190} INFO - [2024-11-01T22:33:36.876+0000] {dagbag.py:588} INFO - Filling up the DagBag from /opt/airflow/dags/spark_airflow.py
[2024-11-01T22:33:36.898+0000] {processor.py:925} INFO - DAG(s) 'sparking_flow' retrieved from /opt/airflow/dags/spark_airflow.py
[2024-11-01T22:33:36.925+0000] {logging_mixin.py:190} INFO - [2024-11-01T22:33:36.925+0000] {dag.py:3239} INFO - Sync 1 DAGs
[2024-11-01T22:33:36.948+0000] {logging_mixin.py:190} INFO - [2024-11-01T22:33:36.947+0000] {dag.py:4180} INFO - Setting next_dagrun for sparking_flow to 2024-11-01 00:00:00+00:00, run_after=2024-11-02 00:00:00+00:00
[2024-11-01T22:33:36.966+0000] {processor.py:208} INFO - Processing /opt/airflow/dags/spark_airflow.py took 0.100 seconds
[2024-11-01T22:34:07.066+0000] {processor.py:186} INFO - Started process (PID=61337) to work on /opt/airflow/dags/spark_airflow.py
[2024-11-01T22:34:07.067+0000] {processor.py:914} INFO - Processing file /opt/airflow/dags/spark_airflow.py for tasks to queue
[2024-11-01T22:34:07.068+0000] {logging_mixin.py:190} INFO - [2024-11-01T22:34:07.068+0000] {dagbag.py:588} INFO - Filling up the DagBag from /opt/airflow/dags/spark_airflow.py
[2024-11-01T22:34:07.086+0000] {processor.py:925} INFO - DAG(s) 'sparking_flow' retrieved from /opt/airflow/dags/spark_airflow.py
[2024-11-01T22:34:07.109+0000] {logging_mixin.py:190} INFO - [2024-11-01T22:34:07.109+0000] {dag.py:3239} INFO - Sync 1 DAGs
[2024-11-01T22:34:07.129+0000] {logging_mixin.py:190} INFO - [2024-11-01T22:34:07.129+0000] {dag.py:4180} INFO - Setting next_dagrun for sparking_flow to 2024-11-01 00:00:00+00:00, run_after=2024-11-02 00:00:00+00:00
[2024-11-01T22:34:07.145+0000] {processor.py:208} INFO - Processing /opt/airflow/dags/spark_airflow.py took 0.083 seconds
[2024-11-01T22:34:37.354+0000] {processor.py:186} INFO - Started process (PID=61342) to work on /opt/airflow/dags/spark_airflow.py
[2024-11-01T22:34:37.354+0000] {processor.py:914} INFO - Processing file /opt/airflow/dags/spark_airflow.py for tasks to queue
[2024-11-01T22:34:37.355+0000] {logging_mixin.py:190} INFO - [2024-11-01T22:34:37.355+0000] {dagbag.py:588} INFO - Filling up the DagBag from /opt/airflow/dags/spark_airflow.py
[2024-11-01T22:34:37.375+0000] {processor.py:925} INFO - DAG(s) 'sparking_flow' retrieved from /opt/airflow/dags/spark_airflow.py
[2024-11-01T22:34:37.401+0000] {logging_mixin.py:190} INFO - [2024-11-01T22:34:37.401+0000] {dag.py:3239} INFO - Sync 1 DAGs
[2024-11-01T22:34:37.425+0000] {logging_mixin.py:190} INFO - [2024-11-01T22:34:37.424+0000] {dag.py:4180} INFO - Setting next_dagrun for sparking_flow to 2024-11-01 00:00:00+00:00, run_after=2024-11-02 00:00:00+00:00
[2024-11-01T22:34:37.441+0000] {processor.py:208} INFO - Processing /opt/airflow/dags/spark_airflow.py took 0.102 seconds
[2024-11-01T22:35:07.536+0000] {processor.py:186} INFO - Started process (PID=61347) to work on /opt/airflow/dags/spark_airflow.py
[2024-11-01T22:35:07.538+0000] {processor.py:914} INFO - Processing file /opt/airflow/dags/spark_airflow.py for tasks to queue
[2024-11-01T22:35:07.539+0000] {logging_mixin.py:190} INFO - [2024-11-01T22:35:07.539+0000] {dagbag.py:588} INFO - Filling up the DagBag from /opt/airflow/dags/spark_airflow.py
[2024-11-01T22:35:07.558+0000] {processor.py:925} INFO - DAG(s) 'sparking_flow' retrieved from /opt/airflow/dags/spark_airflow.py
[2024-11-01T22:35:07.581+0000] {logging_mixin.py:190} INFO - [2024-11-01T22:35:07.581+0000] {dag.py:3239} INFO - Sync 1 DAGs
[2024-11-01T22:35:07.601+0000] {logging_mixin.py:190} INFO - [2024-11-01T22:35:07.601+0000] {dag.py:4180} INFO - Setting next_dagrun for sparking_flow to 2024-11-01 00:00:00+00:00, run_after=2024-11-02 00:00:00+00:00
[2024-11-01T22:35:07.619+0000] {processor.py:208} INFO - Processing /opt/airflow/dags/spark_airflow.py took 0.089 seconds
[2024-11-01T22:35:37.793+0000] {processor.py:186} INFO - Started process (PID=61352) to work on /opt/airflow/dags/spark_airflow.py
[2024-11-01T22:35:37.794+0000] {processor.py:914} INFO - Processing file /opt/airflow/dags/spark_airflow.py for tasks to queue
[2024-11-01T22:35:37.795+0000] {logging_mixin.py:190} INFO - [2024-11-01T22:35:37.795+0000] {dagbag.py:588} INFO - Filling up the DagBag from /opt/airflow/dags/spark_airflow.py
[2024-11-01T22:35:37.814+0000] {processor.py:925} INFO - DAG(s) 'sparking_flow' retrieved from /opt/airflow/dags/spark_airflow.py
[2024-11-01T22:35:37.837+0000] {logging_mixin.py:190} INFO - [2024-11-01T22:35:37.837+0000] {dag.py:3239} INFO - Sync 1 DAGs
[2024-11-01T22:35:37.858+0000] {logging_mixin.py:190} INFO - [2024-11-01T22:35:37.858+0000] {dag.py:4180} INFO - Setting next_dagrun for sparking_flow to 2024-11-01 00:00:00+00:00, run_after=2024-11-02 00:00:00+00:00
[2024-11-01T22:35:37.874+0000] {processor.py:208} INFO - Processing /opt/airflow/dags/spark_airflow.py took 0.085 seconds
[2024-11-01T22:36:07.985+0000] {processor.py:186} INFO - Started process (PID=61357) to work on /opt/airflow/dags/spark_airflow.py
[2024-11-01T22:36:07.986+0000] {processor.py:914} INFO - Processing file /opt/airflow/dags/spark_airflow.py for tasks to queue
[2024-11-01T22:36:07.987+0000] {logging_mixin.py:190} INFO - [2024-11-01T22:36:07.987+0000] {dagbag.py:588} INFO - Filling up the DagBag from /opt/airflow/dags/spark_airflow.py
[2024-11-01T22:36:08.007+0000] {processor.py:925} INFO - DAG(s) 'sparking_flow' retrieved from /opt/airflow/dags/spark_airflow.py
[2024-11-01T22:36:08.032+0000] {logging_mixin.py:190} INFO - [2024-11-01T22:36:08.032+0000] {dag.py:3239} INFO - Sync 1 DAGs
[2024-11-01T22:36:08.053+0000] {logging_mixin.py:190} INFO - [2024-11-01T22:36:08.053+0000] {dag.py:4180} INFO - Setting next_dagrun for sparking_flow to 2024-11-01 00:00:00+00:00, run_after=2024-11-02 00:00:00+00:00
[2024-11-01T22:36:08.069+0000] {processor.py:208} INFO - Processing /opt/airflow/dags/spark_airflow.py took 0.090 seconds
[2024-11-01T22:36:38.230+0000] {processor.py:186} INFO - Started process (PID=61362) to work on /opt/airflow/dags/spark_airflow.py
[2024-11-01T22:36:38.231+0000] {processor.py:914} INFO - Processing file /opt/airflow/dags/spark_airflow.py for tasks to queue
[2024-11-01T22:36:38.232+0000] {logging_mixin.py:190} INFO - [2024-11-01T22:36:38.232+0000] {dagbag.py:588} INFO - Filling up the DagBag from /opt/airflow/dags/spark_airflow.py
[2024-11-01T22:36:38.250+0000] {processor.py:925} INFO - DAG(s) 'sparking_flow' retrieved from /opt/airflow/dags/spark_airflow.py
[2024-11-01T22:36:38.273+0000] {logging_mixin.py:190} INFO - [2024-11-01T22:36:38.273+0000] {dag.py:3239} INFO - Sync 1 DAGs
[2024-11-01T22:36:38.293+0000] {logging_mixin.py:190} INFO - [2024-11-01T22:36:38.293+0000] {dag.py:4180} INFO - Setting next_dagrun for sparking_flow to 2024-11-01 00:00:00+00:00, run_after=2024-11-02 00:00:00+00:00
[2024-11-01T22:36:38.310+0000] {processor.py:208} INFO - Processing /opt/airflow/dags/spark_airflow.py took 0.084 seconds
[2024-11-01T22:37:08.453+0000] {processor.py:186} INFO - Started process (PID=61367) to work on /opt/airflow/dags/spark_airflow.py
[2024-11-01T22:37:08.454+0000] {processor.py:914} INFO - Processing file /opt/airflow/dags/spark_airflow.py for tasks to queue
[2024-11-01T22:37:08.455+0000] {logging_mixin.py:190} INFO - [2024-11-01T22:37:08.455+0000] {dagbag.py:588} INFO - Filling up the DagBag from /opt/airflow/dags/spark_airflow.py
[2024-11-01T22:37:08.474+0000] {processor.py:925} INFO - DAG(s) 'sparking_flow' retrieved from /opt/airflow/dags/spark_airflow.py
[2024-11-01T22:37:08.503+0000] {logging_mixin.py:190} INFO - [2024-11-01T22:37:08.502+0000] {dag.py:3239} INFO - Sync 1 DAGs
[2024-11-01T22:37:08.527+0000] {logging_mixin.py:190} INFO - [2024-11-01T22:37:08.527+0000] {dag.py:4180} INFO - Setting next_dagrun for sparking_flow to 2024-11-01 00:00:00+00:00, run_after=2024-11-02 00:00:00+00:00
[2024-11-01T22:37:08.544+0000] {processor.py:208} INFO - Processing /opt/airflow/dags/spark_airflow.py took 0.098 seconds
[2024-11-01T22:37:38.660+0000] {processor.py:186} INFO - Started process (PID=61372) to work on /opt/airflow/dags/spark_airflow.py
[2024-11-01T22:37:38.661+0000] {processor.py:914} INFO - Processing file /opt/airflow/dags/spark_airflow.py for tasks to queue
[2024-11-01T22:37:38.662+0000] {logging_mixin.py:190} INFO - [2024-11-01T22:37:38.661+0000] {dagbag.py:588} INFO - Filling up the DagBag from /opt/airflow/dags/spark_airflow.py
[2024-11-01T22:37:38.680+0000] {processor.py:925} INFO - DAG(s) 'sparking_flow' retrieved from /opt/airflow/dags/spark_airflow.py
[2024-11-01T22:37:38.706+0000] {logging_mixin.py:190} INFO - [2024-11-01T22:37:38.706+0000] {dag.py:3239} INFO - Sync 1 DAGs
[2024-11-01T22:37:38.728+0000] {logging_mixin.py:190} INFO - [2024-11-01T22:37:38.728+0000] {dag.py:4180} INFO - Setting next_dagrun for sparking_flow to 2024-11-01 00:00:00+00:00, run_after=2024-11-02 00:00:00+00:00
[2024-11-01T22:37:38.745+0000] {processor.py:208} INFO - Processing /opt/airflow/dags/spark_airflow.py took 0.090 seconds
[2024-11-01T22:38:08.894+0000] {processor.py:186} INFO - Started process (PID=61377) to work on /opt/airflow/dags/spark_airflow.py
[2024-11-01T22:38:08.895+0000] {processor.py:914} INFO - Processing file /opt/airflow/dags/spark_airflow.py for tasks to queue
[2024-11-01T22:38:08.896+0000] {logging_mixin.py:190} INFO - [2024-11-01T22:38:08.896+0000] {dagbag.py:588} INFO - Filling up the DagBag from /opt/airflow/dags/spark_airflow.py
[2024-11-01T22:38:08.914+0000] {processor.py:925} INFO - DAG(s) 'sparking_flow' retrieved from /opt/airflow/dags/spark_airflow.py
[2024-11-01T22:38:08.939+0000] {logging_mixin.py:190} INFO - [2024-11-01T22:38:08.939+0000] {dag.py:3239} INFO - Sync 1 DAGs
[2024-11-01T22:38:08.961+0000] {logging_mixin.py:190} INFO - [2024-11-01T22:38:08.961+0000] {dag.py:4180} INFO - Setting next_dagrun for sparking_flow to 2024-11-01 00:00:00+00:00, run_after=2024-11-02 00:00:00+00:00
[2024-11-01T22:38:08.979+0000] {processor.py:208} INFO - Processing /opt/airflow/dags/spark_airflow.py took 0.091 seconds
[2024-11-01T22:38:39.109+0000] {processor.py:186} INFO - Started process (PID=61382) to work on /opt/airflow/dags/spark_airflow.py
[2024-11-01T22:38:39.110+0000] {processor.py:914} INFO - Processing file /opt/airflow/dags/spark_airflow.py for tasks to queue
[2024-11-01T22:38:39.111+0000] {logging_mixin.py:190} INFO - [2024-11-01T22:38:39.111+0000] {dagbag.py:588} INFO - Filling up the DagBag from /opt/airflow/dags/spark_airflow.py
[2024-11-01T22:38:39.130+0000] {processor.py:925} INFO - DAG(s) 'sparking_flow' retrieved from /opt/airflow/dags/spark_airflow.py
[2024-11-01T22:38:39.157+0000] {logging_mixin.py:190} INFO - [2024-11-01T22:38:39.157+0000] {dag.py:3239} INFO - Sync 1 DAGs
[2024-11-01T22:38:39.182+0000] {logging_mixin.py:190} INFO - [2024-11-01T22:38:39.181+0000] {dag.py:4180} INFO - Setting next_dagrun for sparking_flow to 2024-11-01 00:00:00+00:00, run_after=2024-11-02 00:00:00+00:00
[2024-11-01T22:38:39.203+0000] {processor.py:208} INFO - Processing /opt/airflow/dags/spark_airflow.py took 0.098 seconds
[2024-11-01T22:39:09.336+0000] {processor.py:186} INFO - Started process (PID=61387) to work on /opt/airflow/dags/spark_airflow.py
[2024-11-01T22:39:09.337+0000] {processor.py:914} INFO - Processing file /opt/airflow/dags/spark_airflow.py for tasks to queue
[2024-11-01T22:39:09.339+0000] {logging_mixin.py:190} INFO - [2024-11-01T22:39:09.338+0000] {dagbag.py:588} INFO - Filling up the DagBag from /opt/airflow/dags/spark_airflow.py
[2024-11-01T22:39:09.357+0000] {processor.py:925} INFO - DAG(s) 'sparking_flow' retrieved from /opt/airflow/dags/spark_airflow.py
[2024-11-01T22:39:09.385+0000] {logging_mixin.py:190} INFO - [2024-11-01T22:39:09.385+0000] {dag.py:3239} INFO - Sync 1 DAGs
[2024-11-01T22:39:09.408+0000] {logging_mixin.py:190} INFO - [2024-11-01T22:39:09.408+0000] {dag.py:4180} INFO - Setting next_dagrun for sparking_flow to 2024-11-01 00:00:00+00:00, run_after=2024-11-02 00:00:00+00:00
[2024-11-01T22:39:09.429+0000] {processor.py:208} INFO - Processing /opt/airflow/dags/spark_airflow.py took 0.097 seconds
[2024-11-01T22:39:39.553+0000] {processor.py:186} INFO - Started process (PID=61392) to work on /opt/airflow/dags/spark_airflow.py
[2024-11-01T22:39:39.554+0000] {processor.py:914} INFO - Processing file /opt/airflow/dags/spark_airflow.py for tasks to queue
[2024-11-01T22:39:39.556+0000] {logging_mixin.py:190} INFO - [2024-11-01T22:39:39.556+0000] {dagbag.py:588} INFO - Filling up the DagBag from /opt/airflow/dags/spark_airflow.py
[2024-11-01T22:39:39.580+0000] {processor.py:925} INFO - DAG(s) 'sparking_flow' retrieved from /opt/airflow/dags/spark_airflow.py
[2024-11-01T22:39:39.613+0000] {logging_mixin.py:190} INFO - [2024-11-01T22:39:39.612+0000] {dag.py:3239} INFO - Sync 1 DAGs
[2024-11-01T22:39:39.637+0000] {logging_mixin.py:190} INFO - [2024-11-01T22:39:39.637+0000] {dag.py:4180} INFO - Setting next_dagrun for sparking_flow to 2024-11-01 00:00:00+00:00, run_after=2024-11-02 00:00:00+00:00
[2024-11-01T22:39:39.660+0000] {processor.py:208} INFO - Processing /opt/airflow/dags/spark_airflow.py took 0.112 seconds
[2024-11-01T22:40:09.775+0000] {processor.py:186} INFO - Started process (PID=61397) to work on /opt/airflow/dags/spark_airflow.py
[2024-11-01T22:40:09.776+0000] {processor.py:914} INFO - Processing file /opt/airflow/dags/spark_airflow.py for tasks to queue
[2024-11-01T22:40:09.777+0000] {logging_mixin.py:190} INFO - [2024-11-01T22:40:09.777+0000] {dagbag.py:588} INFO - Filling up the DagBag from /opt/airflow/dags/spark_airflow.py
[2024-11-01T22:40:09.796+0000] {processor.py:925} INFO - DAG(s) 'sparking_flow' retrieved from /opt/airflow/dags/spark_airflow.py
[2024-11-01T22:40:09.820+0000] {logging_mixin.py:190} INFO - [2024-11-01T22:40:09.820+0000] {dag.py:3239} INFO - Sync 1 DAGs
[2024-11-01T22:40:09.840+0000] {logging_mixin.py:190} INFO - [2024-11-01T22:40:09.840+0000] {dag.py:4180} INFO - Setting next_dagrun for sparking_flow to 2024-11-01 00:00:00+00:00, run_after=2024-11-02 00:00:00+00:00
[2024-11-01T22:40:09.872+0000] {processor.py:208} INFO - Processing /opt/airflow/dags/spark_airflow.py took 0.103 seconds
[2024-11-01T22:40:39.998+0000] {processor.py:186} INFO - Started process (PID=61402) to work on /opt/airflow/dags/spark_airflow.py
[2024-11-01T22:40:39.999+0000] {processor.py:914} INFO - Processing file /opt/airflow/dags/spark_airflow.py for tasks to queue
[2024-11-01T22:40:40.000+0000] {logging_mixin.py:190} INFO - [2024-11-01T22:40:40.000+0000] {dagbag.py:588} INFO - Filling up the DagBag from /opt/airflow/dags/spark_airflow.py
[2024-11-01T22:40:40.019+0000] {processor.py:925} INFO - DAG(s) 'sparking_flow' retrieved from /opt/airflow/dags/spark_airflow.py
[2024-11-01T22:40:40.042+0000] {logging_mixin.py:190} INFO - [2024-11-01T22:40:40.042+0000] {dag.py:3239} INFO - Sync 1 DAGs
[2024-11-01T22:40:40.065+0000] {logging_mixin.py:190} INFO - [2024-11-01T22:40:40.065+0000] {dag.py:4180} INFO - Setting next_dagrun for sparking_flow to 2024-11-01 00:00:00+00:00, run_after=2024-11-02 00:00:00+00:00
[2024-11-01T22:40:40.095+0000] {processor.py:208} INFO - Processing /opt/airflow/dags/spark_airflow.py took 0.102 seconds
[2024-11-01T22:41:10.211+0000] {processor.py:186} INFO - Started process (PID=61407) to work on /opt/airflow/dags/spark_airflow.py
[2024-11-01T22:41:10.212+0000] {processor.py:914} INFO - Processing file /opt/airflow/dags/spark_airflow.py for tasks to queue
[2024-11-01T22:41:10.214+0000] {logging_mixin.py:190} INFO - [2024-11-01T22:41:10.213+0000] {dagbag.py:588} INFO - Filling up the DagBag from /opt/airflow/dags/spark_airflow.py
[2024-11-01T22:41:10.232+0000] {processor.py:925} INFO - DAG(s) 'sparking_flow' retrieved from /opt/airflow/dags/spark_airflow.py
[2024-11-01T22:41:10.256+0000] {logging_mixin.py:190} INFO - [2024-11-01T22:41:10.256+0000] {dag.py:3239} INFO - Sync 1 DAGs
[2024-11-01T22:41:10.278+0000] {logging_mixin.py:190} INFO - [2024-11-01T22:41:10.277+0000] {dag.py:4180} INFO - Setting next_dagrun for sparking_flow to 2024-11-01 00:00:00+00:00, run_after=2024-11-02 00:00:00+00:00
[2024-11-01T22:41:10.297+0000] {processor.py:208} INFO - Processing /opt/airflow/dags/spark_airflow.py took 0.092 seconds
[2024-11-01T22:41:40.423+0000] {processor.py:186} INFO - Started process (PID=61412) to work on /opt/airflow/dags/spark_airflow.py
[2024-11-01T22:41:40.424+0000] {processor.py:914} INFO - Processing file /opt/airflow/dags/spark_airflow.py for tasks to queue
[2024-11-01T22:41:40.425+0000] {logging_mixin.py:190} INFO - [2024-11-01T22:41:40.425+0000] {dagbag.py:588} INFO - Filling up the DagBag from /opt/airflow/dags/spark_airflow.py
[2024-11-01T22:41:40.443+0000] {processor.py:925} INFO - DAG(s) 'sparking_flow' retrieved from /opt/airflow/dags/spark_airflow.py
[2024-11-01T22:41:40.468+0000] {logging_mixin.py:190} INFO - [2024-11-01T22:41:40.468+0000] {dag.py:3239} INFO - Sync 1 DAGs
[2024-11-01T22:41:40.493+0000] {logging_mixin.py:190} INFO - [2024-11-01T22:41:40.493+0000] {dag.py:4180} INFO - Setting next_dagrun for sparking_flow to 2024-11-01 00:00:00+00:00, run_after=2024-11-02 00:00:00+00:00
[2024-11-01T22:41:40.511+0000] {processor.py:208} INFO - Processing /opt/airflow/dags/spark_airflow.py took 0.094 seconds
[2024-11-01T22:42:10.648+0000] {processor.py:186} INFO - Started process (PID=61417) to work on /opt/airflow/dags/spark_airflow.py
[2024-11-01T22:42:10.649+0000] {processor.py:914} INFO - Processing file /opt/airflow/dags/spark_airflow.py for tasks to queue
[2024-11-01T22:42:10.651+0000] {logging_mixin.py:190} INFO - [2024-11-01T22:42:10.650+0000] {dagbag.py:588} INFO - Filling up the DagBag from /opt/airflow/dags/spark_airflow.py
[2024-11-01T22:42:10.669+0000] {processor.py:925} INFO - DAG(s) 'sparking_flow' retrieved from /opt/airflow/dags/spark_airflow.py
[2024-11-01T22:42:10.693+0000] {logging_mixin.py:190} INFO - [2024-11-01T22:42:10.692+0000] {dag.py:3239} INFO - Sync 1 DAGs
[2024-11-01T22:42:10.714+0000] {logging_mixin.py:190} INFO - [2024-11-01T22:42:10.714+0000] {dag.py:4180} INFO - Setting next_dagrun for sparking_flow to 2024-11-01 00:00:00+00:00, run_after=2024-11-02 00:00:00+00:00
[2024-11-01T22:42:10.730+0000] {processor.py:208} INFO - Processing /opt/airflow/dags/spark_airflow.py took 0.086 seconds
[2024-11-01T22:42:40.841+0000] {processor.py:186} INFO - Started process (PID=61422) to work on /opt/airflow/dags/spark_airflow.py
[2024-11-01T22:42:40.842+0000] {processor.py:914} INFO - Processing file /opt/airflow/dags/spark_airflow.py for tasks to queue
[2024-11-01T22:42:40.843+0000] {logging_mixin.py:190} INFO - [2024-11-01T22:42:40.843+0000] {dagbag.py:588} INFO - Filling up the DagBag from /opt/airflow/dags/spark_airflow.py
[2024-11-01T22:42:40.860+0000] {processor.py:925} INFO - DAG(s) 'sparking_flow' retrieved from /opt/airflow/dags/spark_airflow.py
[2024-11-01T22:42:40.886+0000] {logging_mixin.py:190} INFO - [2024-11-01T22:42:40.886+0000] {dag.py:3239} INFO - Sync 1 DAGs
[2024-11-01T22:42:40.908+0000] {logging_mixin.py:190} INFO - [2024-11-01T22:42:40.908+0000] {dag.py:4180} INFO - Setting next_dagrun for sparking_flow to 2024-11-01 00:00:00+00:00, run_after=2024-11-02 00:00:00+00:00
[2024-11-01T22:42:40.925+0000] {processor.py:208} INFO - Processing /opt/airflow/dags/spark_airflow.py took 0.089 seconds
[2024-11-01T22:43:11.058+0000] {processor.py:186} INFO - Started process (PID=61427) to work on /opt/airflow/dags/spark_airflow.py
[2024-11-01T22:43:11.059+0000] {processor.py:914} INFO - Processing file /opt/airflow/dags/spark_airflow.py for tasks to queue
[2024-11-01T22:43:11.060+0000] {logging_mixin.py:190} INFO - [2024-11-01T22:43:11.060+0000] {dagbag.py:588} INFO - Filling up the DagBag from /opt/airflow/dags/spark_airflow.py
[2024-11-01T22:43:11.078+0000] {processor.py:925} INFO - DAG(s) 'sparking_flow' retrieved from /opt/airflow/dags/spark_airflow.py
[2024-11-01T22:43:11.101+0000] {logging_mixin.py:190} INFO - [2024-11-01T22:43:11.101+0000] {dag.py:3239} INFO - Sync 1 DAGs
[2024-11-01T22:43:11.122+0000] {logging_mixin.py:190} INFO - [2024-11-01T22:43:11.122+0000] {dag.py:4180} INFO - Setting next_dagrun for sparking_flow to 2024-11-01 00:00:00+00:00, run_after=2024-11-02 00:00:00+00:00
[2024-11-01T22:43:11.137+0000] {processor.py:208} INFO - Processing /opt/airflow/dags/spark_airflow.py took 0.084 seconds
[2024-11-01T22:43:41.262+0000] {processor.py:186} INFO - Started process (PID=61432) to work on /opt/airflow/dags/spark_airflow.py
[2024-11-01T22:43:41.264+0000] {processor.py:914} INFO - Processing file /opt/airflow/dags/spark_airflow.py for tasks to queue
[2024-11-01T22:43:41.265+0000] {logging_mixin.py:190} INFO - [2024-11-01T22:43:41.265+0000] {dagbag.py:588} INFO - Filling up the DagBag from /opt/airflow/dags/spark_airflow.py
[2024-11-01T22:43:41.285+0000] {processor.py:925} INFO - DAG(s) 'sparking_flow' retrieved from /opt/airflow/dags/spark_airflow.py
[2024-11-01T22:43:41.309+0000] {logging_mixin.py:190} INFO - [2024-11-01T22:43:41.309+0000] {dag.py:3239} INFO - Sync 1 DAGs
[2024-11-01T22:43:41.332+0000] {logging_mixin.py:190} INFO - [2024-11-01T22:43:41.332+0000] {dag.py:4180} INFO - Setting next_dagrun for sparking_flow to 2024-11-01 00:00:00+00:00, run_after=2024-11-02 00:00:00+00:00
[2024-11-01T22:43:41.349+0000] {processor.py:208} INFO - Processing /opt/airflow/dags/spark_airflow.py took 0.093 seconds
[2024-11-01T22:44:11.462+0000] {processor.py:186} INFO - Started process (PID=61437) to work on /opt/airflow/dags/spark_airflow.py
[2024-11-01T22:44:11.463+0000] {processor.py:914} INFO - Processing file /opt/airflow/dags/spark_airflow.py for tasks to queue
[2024-11-01T22:44:11.465+0000] {logging_mixin.py:190} INFO - [2024-11-01T22:44:11.464+0000] {dagbag.py:588} INFO - Filling up the DagBag from /opt/airflow/dags/spark_airflow.py
[2024-11-01T22:44:11.484+0000] {processor.py:925} INFO - DAG(s) 'sparking_flow' retrieved from /opt/airflow/dags/spark_airflow.py
[2024-11-01T22:44:11.511+0000] {logging_mixin.py:190} INFO - [2024-11-01T22:44:11.510+0000] {dag.py:3239} INFO - Sync 1 DAGs
[2024-11-01T22:44:11.534+0000] {logging_mixin.py:190} INFO - [2024-11-01T22:44:11.533+0000] {dag.py:4180} INFO - Setting next_dagrun for sparking_flow to 2024-11-01 00:00:00+00:00, run_after=2024-11-02 00:00:00+00:00
[2024-11-01T22:44:11.552+0000] {processor.py:208} INFO - Processing /opt/airflow/dags/spark_airflow.py took 0.094 seconds
[2024-11-01T22:44:41.686+0000] {processor.py:186} INFO - Started process (PID=61442) to work on /opt/airflow/dags/spark_airflow.py
[2024-11-01T22:44:41.687+0000] {processor.py:914} INFO - Processing file /opt/airflow/dags/spark_airflow.py for tasks to queue
[2024-11-01T22:44:41.690+0000] {logging_mixin.py:190} INFO - [2024-11-01T22:44:41.689+0000] {dagbag.py:588} INFO - Filling up the DagBag from /opt/airflow/dags/spark_airflow.py
[2024-11-01T22:44:41.710+0000] {processor.py:925} INFO - DAG(s) 'sparking_flow' retrieved from /opt/airflow/dags/spark_airflow.py
[2024-11-01T22:44:41.735+0000] {logging_mixin.py:190} INFO - [2024-11-01T22:44:41.734+0000] {dag.py:3239} INFO - Sync 1 DAGs
[2024-11-01T22:44:41.756+0000] {logging_mixin.py:190} INFO - [2024-11-01T22:44:41.756+0000] {dag.py:4180} INFO - Setting next_dagrun for sparking_flow to 2024-11-01 00:00:00+00:00, run_after=2024-11-02 00:00:00+00:00
[2024-11-01T22:44:41.774+0000] {processor.py:208} INFO - Processing /opt/airflow/dags/spark_airflow.py took 0.094 seconds
[2024-11-01T22:45:11.888+0000] {processor.py:186} INFO - Started process (PID=61447) to work on /opt/airflow/dags/spark_airflow.py
[2024-11-01T22:45:11.890+0000] {processor.py:914} INFO - Processing file /opt/airflow/dags/spark_airflow.py for tasks to queue
[2024-11-01T22:45:11.891+0000] {logging_mixin.py:190} INFO - [2024-11-01T22:45:11.891+0000] {dagbag.py:588} INFO - Filling up the DagBag from /opt/airflow/dags/spark_airflow.py
[2024-11-01T22:45:11.913+0000] {processor.py:925} INFO - DAG(s) 'sparking_flow' retrieved from /opt/airflow/dags/spark_airflow.py
[2024-11-01T22:45:11.941+0000] {logging_mixin.py:190} INFO - [2024-11-01T22:45:11.941+0000] {dag.py:3239} INFO - Sync 1 DAGs
[2024-11-01T22:45:11.965+0000] {logging_mixin.py:190} INFO - [2024-11-01T22:45:11.965+0000] {dag.py:4180} INFO - Setting next_dagrun for sparking_flow to 2024-11-01 00:00:00+00:00, run_after=2024-11-02 00:00:00+00:00
[2024-11-01T22:45:11.985+0000] {processor.py:208} INFO - Processing /opt/airflow/dags/spark_airflow.py took 0.104 seconds
[2024-11-01T22:45:42.121+0000] {processor.py:186} INFO - Started process (PID=61452) to work on /opt/airflow/dags/spark_airflow.py
[2024-11-01T22:45:42.122+0000] {processor.py:914} INFO - Processing file /opt/airflow/dags/spark_airflow.py for tasks to queue
[2024-11-01T22:45:42.123+0000] {logging_mixin.py:190} INFO - [2024-11-01T22:45:42.123+0000] {dagbag.py:588} INFO - Filling up the DagBag from /opt/airflow/dags/spark_airflow.py
[2024-11-01T22:45:42.142+0000] {processor.py:925} INFO - DAG(s) 'sparking_flow' retrieved from /opt/airflow/dags/spark_airflow.py
[2024-11-01T22:45:42.169+0000] {logging_mixin.py:190} INFO - [2024-11-01T22:45:42.168+0000] {dag.py:3239} INFO - Sync 1 DAGs
[2024-11-01T22:45:42.191+0000] {logging_mixin.py:190} INFO - [2024-11-01T22:45:42.191+0000] {dag.py:4180} INFO - Setting next_dagrun for sparking_flow to 2024-11-01 00:00:00+00:00, run_after=2024-11-02 00:00:00+00:00
[2024-11-01T22:45:42.209+0000] {processor.py:208} INFO - Processing /opt/airflow/dags/spark_airflow.py took 0.094 seconds
[2024-11-01T22:46:12.326+0000] {processor.py:186} INFO - Started process (PID=61457) to work on /opt/airflow/dags/spark_airflow.py
[2024-11-01T22:46:12.327+0000] {processor.py:914} INFO - Processing file /opt/airflow/dags/spark_airflow.py for tasks to queue
[2024-11-01T22:46:12.329+0000] {logging_mixin.py:190} INFO - [2024-11-01T22:46:12.328+0000] {dagbag.py:588} INFO - Filling up the DagBag from /opt/airflow/dags/spark_airflow.py
[2024-11-01T22:46:12.348+0000] {processor.py:925} INFO - DAG(s) 'sparking_flow' retrieved from /opt/airflow/dags/spark_airflow.py
[2024-11-01T22:46:12.373+0000] {logging_mixin.py:190} INFO - [2024-11-01T22:46:12.373+0000] {dag.py:3239} INFO - Sync 1 DAGs
[2024-11-01T22:46:12.395+0000] {logging_mixin.py:190} INFO - [2024-11-01T22:46:12.395+0000] {dag.py:4180} INFO - Setting next_dagrun for sparking_flow to 2024-11-01 00:00:00+00:00, run_after=2024-11-02 00:00:00+00:00
[2024-11-01T22:46:12.412+0000] {processor.py:208} INFO - Processing /opt/airflow/dags/spark_airflow.py took 0.092 seconds
[2024-11-01T22:46:42.551+0000] {processor.py:186} INFO - Started process (PID=61462) to work on /opt/airflow/dags/spark_airflow.py
[2024-11-01T22:46:42.552+0000] {processor.py:914} INFO - Processing file /opt/airflow/dags/spark_airflow.py for tasks to queue
[2024-11-01T22:46:42.553+0000] {logging_mixin.py:190} INFO - [2024-11-01T22:46:42.553+0000] {dagbag.py:588} INFO - Filling up the DagBag from /opt/airflow/dags/spark_airflow.py
[2024-11-01T22:46:42.571+0000] {processor.py:925} INFO - DAG(s) 'sparking_flow' retrieved from /opt/airflow/dags/spark_airflow.py
[2024-11-01T22:46:42.595+0000] {logging_mixin.py:190} INFO - [2024-11-01T22:46:42.594+0000] {dag.py:3239} INFO - Sync 1 DAGs
[2024-11-01T22:46:42.616+0000] {logging_mixin.py:190} INFO - [2024-11-01T22:46:42.616+0000] {dag.py:4180} INFO - Setting next_dagrun for sparking_flow to 2024-11-01 00:00:00+00:00, run_after=2024-11-02 00:00:00+00:00
[2024-11-01T22:46:42.635+0000] {processor.py:208} INFO - Processing /opt/airflow/dags/spark_airflow.py took 0.090 seconds
[2024-11-01T22:47:12.779+0000] {processor.py:186} INFO - Started process (PID=61467) to work on /opt/airflow/dags/spark_airflow.py
[2024-11-01T22:47:12.780+0000] {processor.py:914} INFO - Processing file /opt/airflow/dags/spark_airflow.py for tasks to queue
[2024-11-01T22:47:12.781+0000] {logging_mixin.py:190} INFO - [2024-11-01T22:47:12.781+0000] {dagbag.py:588} INFO - Filling up the DagBag from /opt/airflow/dags/spark_airflow.py
[2024-11-01T22:47:12.800+0000] {processor.py:925} INFO - DAG(s) 'sparking_flow' retrieved from /opt/airflow/dags/spark_airflow.py
[2024-11-01T22:47:12.826+0000] {logging_mixin.py:190} INFO - [2024-11-01T22:47:12.826+0000] {dag.py:3239} INFO - Sync 1 DAGs
[2024-11-01T22:47:12.849+0000] {logging_mixin.py:190} INFO - [2024-11-01T22:47:12.848+0000] {dag.py:4180} INFO - Setting next_dagrun for sparking_flow to 2024-11-01 00:00:00+00:00, run_after=2024-11-02 00:00:00+00:00
[2024-11-01T22:47:12.866+0000] {processor.py:208} INFO - Processing /opt/airflow/dags/spark_airflow.py took 0.092 seconds
[2024-11-01T22:47:42.986+0000] {processor.py:186} INFO - Started process (PID=61472) to work on /opt/airflow/dags/spark_airflow.py
[2024-11-01T22:47:42.987+0000] {processor.py:914} INFO - Processing file /opt/airflow/dags/spark_airflow.py for tasks to queue
[2024-11-01T22:47:42.989+0000] {logging_mixin.py:190} INFO - [2024-11-01T22:47:42.988+0000] {dagbag.py:588} INFO - Filling up the DagBag from /opt/airflow/dags/spark_airflow.py
[2024-11-01T22:47:43.010+0000] {processor.py:925} INFO - DAG(s) 'sparking_flow' retrieved from /opt/airflow/dags/spark_airflow.py
[2024-11-01T22:47:43.039+0000] {logging_mixin.py:190} INFO - [2024-11-01T22:47:43.038+0000] {dag.py:3239} INFO - Sync 1 DAGs
[2024-11-01T22:47:43.062+0000] {logging_mixin.py:190} INFO - [2024-11-01T22:47:43.062+0000] {dag.py:4180} INFO - Setting next_dagrun for sparking_flow to 2024-11-01 00:00:00+00:00, run_after=2024-11-02 00:00:00+00:00
[2024-11-01T22:47:43.079+0000] {processor.py:208} INFO - Processing /opt/airflow/dags/spark_airflow.py took 0.099 seconds
[2024-11-01T22:48:13.204+0000] {processor.py:186} INFO - Started process (PID=61477) to work on /opt/airflow/dags/spark_airflow.py
[2024-11-01T22:48:13.206+0000] {processor.py:914} INFO - Processing file /opt/airflow/dags/spark_airflow.py for tasks to queue
[2024-11-01T22:48:13.207+0000] {logging_mixin.py:190} INFO - [2024-11-01T22:48:13.207+0000] {dagbag.py:588} INFO - Filling up the DagBag from /opt/airflow/dags/spark_airflow.py
[2024-11-01T22:48:13.224+0000] {processor.py:925} INFO - DAG(s) 'sparking_flow' retrieved from /opt/airflow/dags/spark_airflow.py
[2024-11-01T22:48:13.250+0000] {logging_mixin.py:190} INFO - [2024-11-01T22:48:13.250+0000] {dag.py:3239} INFO - Sync 1 DAGs
[2024-11-01T22:48:13.271+0000] {logging_mixin.py:190} INFO - [2024-11-01T22:48:13.271+0000] {dag.py:4180} INFO - Setting next_dagrun for sparking_flow to 2024-11-01 00:00:00+00:00, run_after=2024-11-02 00:00:00+00:00
[2024-11-01T22:48:13.287+0000] {processor.py:208} INFO - Processing /opt/airflow/dags/spark_airflow.py took 0.089 seconds
[2024-11-01T22:48:43.396+0000] {processor.py:186} INFO - Started process (PID=61482) to work on /opt/airflow/dags/spark_airflow.py
[2024-11-01T22:48:43.396+0000] {processor.py:914} INFO - Processing file /opt/airflow/dags/spark_airflow.py for tasks to queue
[2024-11-01T22:48:43.398+0000] {logging_mixin.py:190} INFO - [2024-11-01T22:48:43.397+0000] {dagbag.py:588} INFO - Filling up the DagBag from /opt/airflow/dags/spark_airflow.py
[2024-11-01T22:48:43.415+0000] {processor.py:925} INFO - DAG(s) 'sparking_flow' retrieved from /opt/airflow/dags/spark_airflow.py
[2024-11-01T22:48:43.438+0000] {logging_mixin.py:190} INFO - [2024-11-01T22:48:43.437+0000] {dag.py:3239} INFO - Sync 1 DAGs
[2024-11-01T22:48:43.459+0000] {logging_mixin.py:190} INFO - [2024-11-01T22:48:43.459+0000] {dag.py:4180} INFO - Setting next_dagrun for sparking_flow to 2024-11-01 00:00:00+00:00, run_after=2024-11-02 00:00:00+00:00
[2024-11-01T22:48:43.476+0000] {processor.py:208} INFO - Processing /opt/airflow/dags/spark_airflow.py took 0.085 seconds
[2024-11-01T22:49:13.603+0000] {processor.py:186} INFO - Started process (PID=61487) to work on /opt/airflow/dags/spark_airflow.py
[2024-11-01T22:49:13.604+0000] {processor.py:914} INFO - Processing file /opt/airflow/dags/spark_airflow.py for tasks to queue
[2024-11-01T22:49:13.605+0000] {logging_mixin.py:190} INFO - [2024-11-01T22:49:13.605+0000] {dagbag.py:588} INFO - Filling up the DagBag from /opt/airflow/dags/spark_airflow.py
[2024-11-01T22:49:13.637+0000] {processor.py:925} INFO - DAG(s) 'sparking_flow' retrieved from /opt/airflow/dags/spark_airflow.py
[2024-11-01T22:49:13.662+0000] {logging_mixin.py:190} INFO - [2024-11-01T22:49:13.661+0000] {dag.py:3239} INFO - Sync 1 DAGs
[2024-11-01T22:49:13.683+0000] {logging_mixin.py:190} INFO - [2024-11-01T22:49:13.683+0000] {dag.py:4180} INFO - Setting next_dagrun for sparking_flow to 2024-11-01 00:00:00+00:00, run_after=2024-11-02 00:00:00+00:00
[2024-11-01T22:49:13.700+0000] {processor.py:208} INFO - Processing /opt/airflow/dags/spark_airflow.py took 0.103 seconds
[2024-11-01T22:49:43.811+0000] {processor.py:186} INFO - Started process (PID=61492) to work on /opt/airflow/dags/spark_airflow.py
[2024-11-01T22:49:43.811+0000] {processor.py:914} INFO - Processing file /opt/airflow/dags/spark_airflow.py for tasks to queue
[2024-11-01T22:49:43.813+0000] {logging_mixin.py:190} INFO - [2024-11-01T22:49:43.812+0000] {dagbag.py:588} INFO - Filling up the DagBag from /opt/airflow/dags/spark_airflow.py
[2024-11-01T22:49:43.832+0000] {processor.py:925} INFO - DAG(s) 'sparking_flow' retrieved from /opt/airflow/dags/spark_airflow.py
[2024-11-01T22:49:43.863+0000] {logging_mixin.py:190} INFO - [2024-11-01T22:49:43.863+0000] {dag.py:3239} INFO - Sync 1 DAGs
[2024-11-01T22:49:43.891+0000] {logging_mixin.py:190} INFO - [2024-11-01T22:49:43.891+0000] {dag.py:4180} INFO - Setting next_dagrun for sparking_flow to 2024-11-01 00:00:00+00:00, run_after=2024-11-02 00:00:00+00:00
[2024-11-01T22:49:43.918+0000] {processor.py:208} INFO - Processing /opt/airflow/dags/spark_airflow.py took 0.112 seconds
[2024-11-01T22:50:14.055+0000] {processor.py:186} INFO - Started process (PID=61497) to work on /opt/airflow/dags/spark_airflow.py
[2024-11-01T22:50:14.056+0000] {processor.py:914} INFO - Processing file /opt/airflow/dags/spark_airflow.py for tasks to queue
[2024-11-01T22:50:14.057+0000] {logging_mixin.py:190} INFO - [2024-11-01T22:50:14.057+0000] {dagbag.py:588} INFO - Filling up the DagBag from /opt/airflow/dags/spark_airflow.py
[2024-11-01T22:50:14.076+0000] {processor.py:925} INFO - DAG(s) 'sparking_flow' retrieved from /opt/airflow/dags/spark_airflow.py
[2024-11-01T22:50:14.100+0000] {logging_mixin.py:190} INFO - [2024-11-01T22:50:14.100+0000] {dag.py:3239} INFO - Sync 1 DAGs
[2024-11-01T22:50:14.121+0000] {logging_mixin.py:190} INFO - [2024-11-01T22:50:14.121+0000] {dag.py:4180} INFO - Setting next_dagrun for sparking_flow to 2024-11-01 00:00:00+00:00, run_after=2024-11-02 00:00:00+00:00
[2024-11-01T22:50:14.138+0000] {processor.py:208} INFO - Processing /opt/airflow/dags/spark_airflow.py took 0.088 seconds
[2024-11-01T22:50:44.272+0000] {processor.py:186} INFO - Started process (PID=61502) to work on /opt/airflow/dags/spark_airflow.py
[2024-11-01T22:50:44.273+0000] {processor.py:914} INFO - Processing file /opt/airflow/dags/spark_airflow.py for tasks to queue
[2024-11-01T22:50:44.274+0000] {logging_mixin.py:190} INFO - [2024-11-01T22:50:44.274+0000] {dagbag.py:588} INFO - Filling up the DagBag from /opt/airflow/dags/spark_airflow.py
[2024-11-01T22:50:44.292+0000] {processor.py:925} INFO - DAG(s) 'sparking_flow' retrieved from /opt/airflow/dags/spark_airflow.py
[2024-11-01T22:50:44.318+0000] {logging_mixin.py:190} INFO - [2024-11-01T22:50:44.318+0000] {dag.py:3239} INFO - Sync 1 DAGs
[2024-11-01T22:50:44.340+0000] {logging_mixin.py:190} INFO - [2024-11-01T22:50:44.340+0000] {dag.py:4180} INFO - Setting next_dagrun for sparking_flow to 2024-11-01 00:00:00+00:00, run_after=2024-11-02 00:00:00+00:00
[2024-11-01T22:50:44.359+0000] {processor.py:208} INFO - Processing /opt/airflow/dags/spark_airflow.py took 0.092 seconds
[2024-11-01T22:51:14.499+0000] {processor.py:186} INFO - Started process (PID=61507) to work on /opt/airflow/dags/spark_airflow.py
[2024-11-01T22:51:14.500+0000] {processor.py:914} INFO - Processing file /opt/airflow/dags/spark_airflow.py for tasks to queue
[2024-11-01T22:51:14.501+0000] {logging_mixin.py:190} INFO - [2024-11-01T22:51:14.501+0000] {dagbag.py:588} INFO - Filling up the DagBag from /opt/airflow/dags/spark_airflow.py
[2024-11-01T22:51:14.520+0000] {processor.py:925} INFO - DAG(s) 'sparking_flow' retrieved from /opt/airflow/dags/spark_airflow.py
[2024-11-01T22:51:14.545+0000] {logging_mixin.py:190} INFO - [2024-11-01T22:51:14.545+0000] {dag.py:3239} INFO - Sync 1 DAGs
[2024-11-01T22:51:14.567+0000] {logging_mixin.py:190} INFO - [2024-11-01T22:51:14.567+0000] {dag.py:4180} INFO - Setting next_dagrun for sparking_flow to 2024-11-01 00:00:00+00:00, run_after=2024-11-02 00:00:00+00:00
[2024-11-01T22:51:14.584+0000] {processor.py:208} INFO - Processing /opt/airflow/dags/spark_airflow.py took 0.090 seconds
[2024-11-01T22:51:44.746+0000] {processor.py:186} INFO - Started process (PID=61512) to work on /opt/airflow/dags/spark_airflow.py
[2024-11-01T22:51:44.748+0000] {processor.py:914} INFO - Processing file /opt/airflow/dags/spark_airflow.py for tasks to queue
[2024-11-01T22:51:44.749+0000] {logging_mixin.py:190} INFO - [2024-11-01T22:51:44.749+0000] {dagbag.py:588} INFO - Filling up the DagBag from /opt/airflow/dags/spark_airflow.py
[2024-11-01T22:51:44.770+0000] {processor.py:925} INFO - DAG(s) 'sparking_flow' retrieved from /opt/airflow/dags/spark_airflow.py
[2024-11-01T22:51:44.799+0000] {logging_mixin.py:190} INFO - [2024-11-01T22:51:44.799+0000] {dag.py:3239} INFO - Sync 1 DAGs
[2024-11-01T22:51:44.825+0000] {logging_mixin.py:190} INFO - [2024-11-01T22:51:44.825+0000] {dag.py:4180} INFO - Setting next_dagrun for sparking_flow to 2024-11-01 00:00:00+00:00, run_after=2024-11-02 00:00:00+00:00
[2024-11-01T22:51:44.855+0000] {processor.py:208} INFO - Processing /opt/airflow/dags/spark_airflow.py took 0.114 seconds
[2024-11-01T22:52:14.976+0000] {processor.py:186} INFO - Started process (PID=61517) to work on /opt/airflow/dags/spark_airflow.py
[2024-11-01T22:52:14.977+0000] {processor.py:914} INFO - Processing file /opt/airflow/dags/spark_airflow.py for tasks to queue
[2024-11-01T22:52:14.979+0000] {logging_mixin.py:190} INFO - [2024-11-01T22:52:14.978+0000] {dagbag.py:588} INFO - Filling up the DagBag from /opt/airflow/dags/spark_airflow.py
[2024-11-01T22:52:14.998+0000] {processor.py:925} INFO - DAG(s) 'sparking_flow' retrieved from /opt/airflow/dags/spark_airflow.py
[2024-11-01T22:52:15.026+0000] {logging_mixin.py:190} INFO - [2024-11-01T22:52:15.026+0000] {dag.py:3239} INFO - Sync 1 DAGs
[2024-11-01T22:52:15.050+0000] {logging_mixin.py:190} INFO - [2024-11-01T22:52:15.050+0000] {dag.py:4180} INFO - Setting next_dagrun for sparking_flow to 2024-11-01 00:00:00+00:00, run_after=2024-11-02 00:00:00+00:00
[2024-11-01T22:52:15.071+0000] {processor.py:208} INFO - Processing /opt/airflow/dags/spark_airflow.py took 0.100 seconds
[2024-11-01T22:52:45.209+0000] {processor.py:186} INFO - Started process (PID=61522) to work on /opt/airflow/dags/spark_airflow.py
[2024-11-01T22:52:45.210+0000] {processor.py:914} INFO - Processing file /opt/airflow/dags/spark_airflow.py for tasks to queue
[2024-11-01T22:52:45.211+0000] {logging_mixin.py:190} INFO - [2024-11-01T22:52:45.211+0000] {dagbag.py:588} INFO - Filling up the DagBag from /opt/airflow/dags/spark_airflow.py
[2024-11-01T22:52:45.231+0000] {processor.py:925} INFO - DAG(s) 'sparking_flow' retrieved from /opt/airflow/dags/spark_airflow.py
[2024-11-01T22:52:45.255+0000] {logging_mixin.py:190} INFO - [2024-11-01T22:52:45.255+0000] {dag.py:3239} INFO - Sync 1 DAGs
[2024-11-01T22:52:45.278+0000] {logging_mixin.py:190} INFO - [2024-11-01T22:52:45.278+0000] {dag.py:4180} INFO - Setting next_dagrun for sparking_flow to 2024-11-01 00:00:00+00:00, run_after=2024-11-02 00:00:00+00:00
[2024-11-01T22:52:45.296+0000] {processor.py:208} INFO - Processing /opt/airflow/dags/spark_airflow.py took 0.093 seconds
[2024-11-01T22:53:15.422+0000] {processor.py:186} INFO - Started process (PID=61527) to work on /opt/airflow/dags/spark_airflow.py
[2024-11-01T22:53:15.423+0000] {processor.py:914} INFO - Processing file /opt/airflow/dags/spark_airflow.py for tasks to queue
[2024-11-01T22:53:15.424+0000] {logging_mixin.py:190} INFO - [2024-11-01T22:53:15.424+0000] {dagbag.py:588} INFO - Filling up the DagBag from /opt/airflow/dags/spark_airflow.py
[2024-11-01T22:53:15.441+0000] {processor.py:925} INFO - DAG(s) 'sparking_flow' retrieved from /opt/airflow/dags/spark_airflow.py
[2024-11-01T22:53:15.466+0000] {logging_mixin.py:190} INFO - [2024-11-01T22:53:15.466+0000] {dag.py:3239} INFO - Sync 1 DAGs
[2024-11-01T22:53:15.492+0000] {logging_mixin.py:190} INFO - [2024-11-01T22:53:15.491+0000] {dag.py:4180} INFO - Setting next_dagrun for sparking_flow to 2024-11-01 00:00:00+00:00, run_after=2024-11-02 00:00:00+00:00
[2024-11-01T22:53:15.510+0000] {processor.py:208} INFO - Processing /opt/airflow/dags/spark_airflow.py took 0.094 seconds
[2024-11-01T22:53:45.631+0000] {processor.py:186} INFO - Started process (PID=61532) to work on /opt/airflow/dags/spark_airflow.py
[2024-11-01T22:53:45.632+0000] {processor.py:914} INFO - Processing file /opt/airflow/dags/spark_airflow.py for tasks to queue
[2024-11-01T22:53:45.633+0000] {logging_mixin.py:190} INFO - [2024-11-01T22:53:45.633+0000] {dagbag.py:588} INFO - Filling up the DagBag from /opt/airflow/dags/spark_airflow.py
[2024-11-01T22:53:45.651+0000] {processor.py:925} INFO - DAG(s) 'sparking_flow' retrieved from /opt/airflow/dags/spark_airflow.py
[2024-11-01T22:53:45.676+0000] {logging_mixin.py:190} INFO - [2024-11-01T22:53:45.675+0000] {dag.py:3239} INFO - Sync 1 DAGs
[2024-11-01T22:53:45.696+0000] {logging_mixin.py:190} INFO - [2024-11-01T22:53:45.696+0000] {dag.py:4180} INFO - Setting next_dagrun for sparking_flow to 2024-11-01 00:00:00+00:00, run_after=2024-11-02 00:00:00+00:00
[2024-11-01T22:53:45.712+0000] {processor.py:208} INFO - Processing /opt/airflow/dags/spark_airflow.py took 0.086 seconds
[2024-11-01T22:54:15.844+0000] {processor.py:186} INFO - Started process (PID=61537) to work on /opt/airflow/dags/spark_airflow.py
[2024-11-01T22:54:15.845+0000] {processor.py:914} INFO - Processing file /opt/airflow/dags/spark_airflow.py for tasks to queue
[2024-11-01T22:54:15.846+0000] {logging_mixin.py:190} INFO - [2024-11-01T22:54:15.845+0000] {dagbag.py:588} INFO - Filling up the DagBag from /opt/airflow/dags/spark_airflow.py
[2024-11-01T22:54:15.864+0000] {processor.py:925} INFO - DAG(s) 'sparking_flow' retrieved from /opt/airflow/dags/spark_airflow.py
[2024-11-01T22:54:15.888+0000] {logging_mixin.py:190} INFO - [2024-11-01T22:54:15.888+0000] {dag.py:3239} INFO - Sync 1 DAGs
[2024-11-01T22:54:15.910+0000] {logging_mixin.py:190} INFO - [2024-11-01T22:54:15.910+0000] {dag.py:4180} INFO - Setting next_dagrun for sparking_flow to 2024-11-01 00:00:00+00:00, run_after=2024-11-02 00:00:00+00:00
[2024-11-01T22:54:15.930+0000] {processor.py:208} INFO - Processing /opt/airflow/dags/spark_airflow.py took 0.092 seconds
[2024-11-01T22:54:46.054+0000] {processor.py:186} INFO - Started process (PID=61542) to work on /opt/airflow/dags/spark_airflow.py
[2024-11-01T22:54:46.054+0000] {processor.py:914} INFO - Processing file /opt/airflow/dags/spark_airflow.py for tasks to queue
[2024-11-01T22:54:46.056+0000] {logging_mixin.py:190} INFO - [2024-11-01T22:54:46.055+0000] {dagbag.py:588} INFO - Filling up the DagBag from /opt/airflow/dags/spark_airflow.py
[2024-11-01T22:54:46.073+0000] {processor.py:925} INFO - DAG(s) 'sparking_flow' retrieved from /opt/airflow/dags/spark_airflow.py
[2024-11-01T22:54:46.097+0000] {logging_mixin.py:190} INFO - [2024-11-01T22:54:46.097+0000] {dag.py:3239} INFO - Sync 1 DAGs
[2024-11-01T22:54:46.118+0000] {logging_mixin.py:190} INFO - [2024-11-01T22:54:46.118+0000] {dag.py:4180} INFO - Setting next_dagrun for sparking_flow to 2024-11-01 00:00:00+00:00, run_after=2024-11-02 00:00:00+00:00
[2024-11-01T22:54:46.137+0000] {processor.py:208} INFO - Processing /opt/airflow/dags/spark_airflow.py took 0.089 seconds
[2024-11-01T22:55:16.261+0000] {processor.py:186} INFO - Started process (PID=61547) to work on /opt/airflow/dags/spark_airflow.py
[2024-11-01T22:55:16.263+0000] {processor.py:914} INFO - Processing file /opt/airflow/dags/spark_airflow.py for tasks to queue
[2024-11-01T22:55:16.264+0000] {logging_mixin.py:190} INFO - [2024-11-01T22:55:16.264+0000] {dagbag.py:588} INFO - Filling up the DagBag from /opt/airflow/dags/spark_airflow.py
[2024-11-01T22:55:16.282+0000] {processor.py:925} INFO - DAG(s) 'sparking_flow' retrieved from /opt/airflow/dags/spark_airflow.py
[2024-11-01T22:55:16.306+0000] {logging_mixin.py:190} INFO - [2024-11-01T22:55:16.306+0000] {dag.py:3239} INFO - Sync 1 DAGs
[2024-11-01T22:55:16.328+0000] {logging_mixin.py:190} INFO - [2024-11-01T22:55:16.328+0000] {dag.py:4180} INFO - Setting next_dagrun for sparking_flow to 2024-11-01 00:00:00+00:00, run_after=2024-11-02 00:00:00+00:00
[2024-11-01T22:55:16.346+0000] {processor.py:208} INFO - Processing /opt/airflow/dags/spark_airflow.py took 0.090 seconds
[2024-11-01T22:55:46.465+0000] {processor.py:186} INFO - Started process (PID=61552) to work on /opt/airflow/dags/spark_airflow.py
[2024-11-01T22:55:46.466+0000] {processor.py:914} INFO - Processing file /opt/airflow/dags/spark_airflow.py for tasks to queue
[2024-11-01T22:55:46.467+0000] {logging_mixin.py:190} INFO - [2024-11-01T22:55:46.467+0000] {dagbag.py:588} INFO - Filling up the DagBag from /opt/airflow/dags/spark_airflow.py
[2024-11-01T22:55:46.487+0000] {processor.py:925} INFO - DAG(s) 'sparking_flow' retrieved from /opt/airflow/dags/spark_airflow.py
[2024-11-01T22:55:46.512+0000] {logging_mixin.py:190} INFO - [2024-11-01T22:55:46.512+0000] {dag.py:3239} INFO - Sync 1 DAGs
[2024-11-01T22:55:46.534+0000] {logging_mixin.py:190} INFO - [2024-11-01T22:55:46.534+0000] {dag.py:4180} INFO - Setting next_dagrun for sparking_flow to 2024-11-01 00:00:00+00:00, run_after=2024-11-02 00:00:00+00:00
[2024-11-01T22:55:46.549+0000] {processor.py:208} INFO - Processing /opt/airflow/dags/spark_airflow.py took 0.089 seconds
[2024-11-01T22:56:16.672+0000] {processor.py:186} INFO - Started process (PID=61557) to work on /opt/airflow/dags/spark_airflow.py
[2024-11-01T22:56:16.673+0000] {processor.py:914} INFO - Processing file /opt/airflow/dags/spark_airflow.py for tasks to queue
[2024-11-01T22:56:16.674+0000] {logging_mixin.py:190} INFO - [2024-11-01T22:56:16.674+0000] {dagbag.py:588} INFO - Filling up the DagBag from /opt/airflow/dags/spark_airflow.py
[2024-11-01T22:56:16.692+0000] {processor.py:925} INFO - DAG(s) 'sparking_flow' retrieved from /opt/airflow/dags/spark_airflow.py
[2024-11-01T22:56:16.715+0000] {logging_mixin.py:190} INFO - [2024-11-01T22:56:16.715+0000] {dag.py:3239} INFO - Sync 1 DAGs
[2024-11-01T22:56:16.735+0000] {logging_mixin.py:190} INFO - [2024-11-01T22:56:16.735+0000] {dag.py:4180} INFO - Setting next_dagrun for sparking_flow to 2024-11-01 00:00:00+00:00, run_after=2024-11-02 00:00:00+00:00
[2024-11-01T22:56:16.749+0000] {processor.py:208} INFO - Processing /opt/airflow/dags/spark_airflow.py took 0.082 seconds
[2024-11-01T22:56:46.871+0000] {processor.py:186} INFO - Started process (PID=61562) to work on /opt/airflow/dags/spark_airflow.py
[2024-11-01T22:56:46.872+0000] {processor.py:914} INFO - Processing file /opt/airflow/dags/spark_airflow.py for tasks to queue
[2024-11-01T22:56:46.874+0000] {logging_mixin.py:190} INFO - [2024-11-01T22:56:46.873+0000] {dagbag.py:588} INFO - Filling up the DagBag from /opt/airflow/dags/spark_airflow.py
[2024-11-01T22:56:46.893+0000] {processor.py:925} INFO - DAG(s) 'sparking_flow' retrieved from /opt/airflow/dags/spark_airflow.py
[2024-11-01T22:56:46.918+0000] {logging_mixin.py:190} INFO - [2024-11-01T22:56:46.918+0000] {dag.py:3239} INFO - Sync 1 DAGs
[2024-11-01T22:56:46.940+0000] {logging_mixin.py:190} INFO - [2024-11-01T22:56:46.940+0000] {dag.py:4180} INFO - Setting next_dagrun for sparking_flow to 2024-11-01 00:00:00+00:00, run_after=2024-11-02 00:00:00+00:00
[2024-11-01T22:56:46.956+0000] {processor.py:208} INFO - Processing /opt/airflow/dags/spark_airflow.py took 0.091 seconds
[2024-11-01T22:57:17.108+0000] {processor.py:186} INFO - Started process (PID=61567) to work on /opt/airflow/dags/spark_airflow.py
[2024-11-01T22:57:17.109+0000] {processor.py:914} INFO - Processing file /opt/airflow/dags/spark_airflow.py for tasks to queue
[2024-11-01T22:57:17.111+0000] {logging_mixin.py:190} INFO - [2024-11-01T22:57:17.110+0000] {dagbag.py:588} INFO - Filling up the DagBag from /opt/airflow/dags/spark_airflow.py
[2024-11-01T22:57:17.130+0000] {processor.py:925} INFO - DAG(s) 'sparking_flow' retrieved from /opt/airflow/dags/spark_airflow.py
[2024-11-01T22:57:17.155+0000] {logging_mixin.py:190} INFO - [2024-11-01T22:57:17.155+0000] {dag.py:3239} INFO - Sync 1 DAGs
[2024-11-01T22:57:17.176+0000] {logging_mixin.py:190} INFO - [2024-11-01T22:57:17.176+0000] {dag.py:4180} INFO - Setting next_dagrun for sparking_flow to 2024-11-01 00:00:00+00:00, run_after=2024-11-02 00:00:00+00:00
[2024-11-01T22:57:17.195+0000] {processor.py:208} INFO - Processing /opt/airflow/dags/spark_airflow.py took 0.092 seconds
[2024-11-01T22:57:47.288+0000] {processor.py:186} INFO - Started process (PID=61572) to work on /opt/airflow/dags/spark_airflow.py
[2024-11-01T22:57:47.289+0000] {processor.py:914} INFO - Processing file /opt/airflow/dags/spark_airflow.py for tasks to queue
[2024-11-01T22:57:47.290+0000] {logging_mixin.py:190} INFO - [2024-11-01T22:57:47.289+0000] {dagbag.py:588} INFO - Filling up the DagBag from /opt/airflow/dags/spark_airflow.py
[2024-11-01T22:57:47.307+0000] {processor.py:925} INFO - DAG(s) 'sparking_flow' retrieved from /opt/airflow/dags/spark_airflow.py
[2024-11-01T22:57:47.331+0000] {logging_mixin.py:190} INFO - [2024-11-01T22:57:47.330+0000] {dag.py:3239} INFO - Sync 1 DAGs
[2024-11-01T22:57:47.351+0000] {logging_mixin.py:190} INFO - [2024-11-01T22:57:47.351+0000] {dag.py:4180} INFO - Setting next_dagrun for sparking_flow to 2024-11-01 00:00:00+00:00, run_after=2024-11-02 00:00:00+00:00
[2024-11-01T22:57:47.368+0000] {processor.py:208} INFO - Processing /opt/airflow/dags/spark_airflow.py took 0.085 seconds
[2024-11-01T22:58:17.529+0000] {processor.py:186} INFO - Started process (PID=61577) to work on /opt/airflow/dags/spark_airflow.py
[2024-11-01T22:58:17.530+0000] {processor.py:914} INFO - Processing file /opt/airflow/dags/spark_airflow.py for tasks to queue
[2024-11-01T22:58:17.531+0000] {logging_mixin.py:190} INFO - [2024-11-01T22:58:17.531+0000] {dagbag.py:588} INFO - Filling up the DagBag from /opt/airflow/dags/spark_airflow.py
[2024-11-01T22:58:17.549+0000] {processor.py:925} INFO - DAG(s) 'sparking_flow' retrieved from /opt/airflow/dags/spark_airflow.py
[2024-11-01T22:58:17.573+0000] {logging_mixin.py:190} INFO - [2024-11-01T22:58:17.573+0000] {dag.py:3239} INFO - Sync 1 DAGs
[2024-11-01T22:58:17.595+0000] {logging_mixin.py:190} INFO - [2024-11-01T22:58:17.595+0000] {dag.py:4180} INFO - Setting next_dagrun for sparking_flow to 2024-11-01 00:00:00+00:00, run_after=2024-11-02 00:00:00+00:00
[2024-11-01T22:58:17.613+0000] {processor.py:208} INFO - Processing /opt/airflow/dags/spark_airflow.py took 0.087 seconds
[2024-11-01T22:58:47.711+0000] {processor.py:186} INFO - Started process (PID=61582) to work on /opt/airflow/dags/spark_airflow.py
[2024-11-01T22:58:47.712+0000] {processor.py:914} INFO - Processing file /opt/airflow/dags/spark_airflow.py for tasks to queue
[2024-11-01T22:58:47.713+0000] {logging_mixin.py:190} INFO - [2024-11-01T22:58:47.713+0000] {dagbag.py:588} INFO - Filling up the DagBag from /opt/airflow/dags/spark_airflow.py
[2024-11-01T22:58:47.737+0000] {processor.py:925} INFO - DAG(s) 'sparking_flow' retrieved from /opt/airflow/dags/spark_airflow.py
[2024-11-01T22:58:47.771+0000] {logging_mixin.py:190} INFO - [2024-11-01T22:58:47.771+0000] {dag.py:3239} INFO - Sync 1 DAGs
[2024-11-01T22:58:47.796+0000] {logging_mixin.py:190} INFO - [2024-11-01T22:58:47.796+0000] {dag.py:4180} INFO - Setting next_dagrun for sparking_flow to 2024-11-01 00:00:00+00:00, run_after=2024-11-02 00:00:00+00:00
[2024-11-01T22:58:47.818+0000] {processor.py:208} INFO - Processing /opt/airflow/dags/spark_airflow.py took 0.114 seconds
[2024-11-01T22:59:17.963+0000] {processor.py:186} INFO - Started process (PID=61587) to work on /opt/airflow/dags/spark_airflow.py
[2024-11-01T22:59:17.964+0000] {processor.py:914} INFO - Processing file /opt/airflow/dags/spark_airflow.py for tasks to queue
[2024-11-01T22:59:17.965+0000] {logging_mixin.py:190} INFO - [2024-11-01T22:59:17.965+0000] {dagbag.py:588} INFO - Filling up the DagBag from /opt/airflow/dags/spark_airflow.py
[2024-11-01T22:59:17.983+0000] {processor.py:925} INFO - DAG(s) 'sparking_flow' retrieved from /opt/airflow/dags/spark_airflow.py
[2024-11-01T22:59:18.009+0000] {logging_mixin.py:190} INFO - [2024-11-01T22:59:18.008+0000] {dag.py:3239} INFO - Sync 1 DAGs
[2024-11-01T22:59:18.031+0000] {logging_mixin.py:190} INFO - [2024-11-01T22:59:18.031+0000] {dag.py:4180} INFO - Setting next_dagrun for sparking_flow to 2024-11-01 00:00:00+00:00, run_after=2024-11-02 00:00:00+00:00
[2024-11-01T22:59:18.047+0000] {processor.py:208} INFO - Processing /opt/airflow/dags/spark_airflow.py took 0.090 seconds
[2024-11-01T22:59:48.154+0000] {processor.py:186} INFO - Started process (PID=61592) to work on /opt/airflow/dags/spark_airflow.py
[2024-11-01T22:59:48.154+0000] {processor.py:914} INFO - Processing file /opt/airflow/dags/spark_airflow.py for tasks to queue
[2024-11-01T22:59:48.156+0000] {logging_mixin.py:190} INFO - [2024-11-01T22:59:48.155+0000] {dagbag.py:588} INFO - Filling up the DagBag from /opt/airflow/dags/spark_airflow.py
[2024-11-01T22:59:48.176+0000] {processor.py:925} INFO - DAG(s) 'sparking_flow' retrieved from /opt/airflow/dags/spark_airflow.py
[2024-11-01T22:59:48.202+0000] {logging_mixin.py:190} INFO - [2024-11-01T22:59:48.202+0000] {dag.py:3239} INFO - Sync 1 DAGs
[2024-11-01T22:59:48.226+0000] {logging_mixin.py:190} INFO - [2024-11-01T22:59:48.226+0000] {dag.py:4180} INFO - Setting next_dagrun for sparking_flow to 2024-11-01 00:00:00+00:00, run_after=2024-11-02 00:00:00+00:00
[2024-11-01T22:59:48.243+0000] {processor.py:208} INFO - Processing /opt/airflow/dags/spark_airflow.py took 0.094 seconds
[2024-11-01T23:00:18.372+0000] {processor.py:186} INFO - Started process (PID=61597) to work on /opt/airflow/dags/spark_airflow.py
[2024-11-01T23:00:18.373+0000] {processor.py:914} INFO - Processing file /opt/airflow/dags/spark_airflow.py for tasks to queue
[2024-11-01T23:00:18.374+0000] {logging_mixin.py:190} INFO - [2024-11-01T23:00:18.374+0000] {dagbag.py:588} INFO - Filling up the DagBag from /opt/airflow/dags/spark_airflow.py
[2024-11-01T23:00:18.392+0000] {processor.py:925} INFO - DAG(s) 'sparking_flow' retrieved from /opt/airflow/dags/spark_airflow.py
[2024-11-01T23:00:18.416+0000] {logging_mixin.py:190} INFO - [2024-11-01T23:00:18.416+0000] {dag.py:3239} INFO - Sync 1 DAGs
[2024-11-01T23:00:18.438+0000] {logging_mixin.py:190} INFO - [2024-11-01T23:00:18.438+0000] {dag.py:4180} INFO - Setting next_dagrun for sparking_flow to 2024-11-01 00:00:00+00:00, run_after=2024-11-02 00:00:00+00:00
[2024-11-01T23:00:18.457+0000] {processor.py:208} INFO - Processing /opt/airflow/dags/spark_airflow.py took 0.089 seconds
[2024-11-01T23:00:48.578+0000] {processor.py:186} INFO - Started process (PID=61602) to work on /opt/airflow/dags/spark_airflow.py
[2024-11-01T23:00:48.579+0000] {processor.py:914} INFO - Processing file /opt/airflow/dags/spark_airflow.py for tasks to queue
[2024-11-01T23:00:48.580+0000] {logging_mixin.py:190} INFO - [2024-11-01T23:00:48.580+0000] {dagbag.py:588} INFO - Filling up the DagBag from /opt/airflow/dags/spark_airflow.py
[2024-11-01T23:00:48.598+0000] {processor.py:925} INFO - DAG(s) 'sparking_flow' retrieved from /opt/airflow/dags/spark_airflow.py
[2024-11-01T23:00:48.623+0000] {logging_mixin.py:190} INFO - [2024-11-01T23:00:48.623+0000] {dag.py:3239} INFO - Sync 1 DAGs
[2024-11-01T23:00:48.644+0000] {logging_mixin.py:190} INFO - [2024-11-01T23:00:48.644+0000] {dag.py:4180} INFO - Setting next_dagrun for sparking_flow to 2024-11-01 00:00:00+00:00, run_after=2024-11-02 00:00:00+00:00
[2024-11-01T23:00:48.661+0000] {processor.py:208} INFO - Processing /opt/airflow/dags/spark_airflow.py took 0.092 seconds
[2024-11-01T23:01:18.790+0000] {processor.py:186} INFO - Started process (PID=61607) to work on /opt/airflow/dags/spark_airflow.py
[2024-11-01T23:01:18.791+0000] {processor.py:914} INFO - Processing file /opt/airflow/dags/spark_airflow.py for tasks to queue
[2024-11-01T23:01:18.792+0000] {logging_mixin.py:190} INFO - [2024-11-01T23:01:18.792+0000] {dagbag.py:588} INFO - Filling up the DagBag from /opt/airflow/dags/spark_airflow.py
[2024-11-01T23:01:18.811+0000] {processor.py:925} INFO - DAG(s) 'sparking_flow' retrieved from /opt/airflow/dags/spark_airflow.py
[2024-11-01T23:01:18.836+0000] {logging_mixin.py:190} INFO - [2024-11-01T23:01:18.835+0000] {dag.py:3239} INFO - Sync 1 DAGs
[2024-11-01T23:01:18.858+0000] {logging_mixin.py:190} INFO - [2024-11-01T23:01:18.858+0000] {dag.py:4180} INFO - Setting next_dagrun for sparking_flow to 2024-11-01 00:00:00+00:00, run_after=2024-11-02 00:00:00+00:00
[2024-11-01T23:01:18.874+0000] {processor.py:208} INFO - Processing /opt/airflow/dags/spark_airflow.py took 0.091 seconds
[2024-11-01T23:01:49.011+0000] {processor.py:186} INFO - Started process (PID=61612) to work on /opt/airflow/dags/spark_airflow.py
[2024-11-01T23:01:49.012+0000] {processor.py:914} INFO - Processing file /opt/airflow/dags/spark_airflow.py for tasks to queue
[2024-11-01T23:01:49.013+0000] {logging_mixin.py:190} INFO - [2024-11-01T23:01:49.012+0000] {dagbag.py:588} INFO - Filling up the DagBag from /opt/airflow/dags/spark_airflow.py
[2024-11-01T23:01:49.031+0000] {processor.py:925} INFO - DAG(s) 'sparking_flow' retrieved from /opt/airflow/dags/spark_airflow.py
[2024-11-01T23:01:49.056+0000] {logging_mixin.py:190} INFO - [2024-11-01T23:01:49.055+0000] {dag.py:3239} INFO - Sync 1 DAGs
[2024-11-01T23:01:49.079+0000] {logging_mixin.py:190} INFO - [2024-11-01T23:01:49.079+0000] {dag.py:4180} INFO - Setting next_dagrun for sparking_flow to 2024-11-01 00:00:00+00:00, run_after=2024-11-02 00:00:00+00:00
[2024-11-01T23:01:49.095+0000] {processor.py:208} INFO - Processing /opt/airflow/dags/spark_airflow.py took 0.090 seconds
[2024-11-01T23:02:19.194+0000] {processor.py:186} INFO - Started process (PID=61617) to work on /opt/airflow/dags/spark_airflow.py
[2024-11-01T23:02:19.195+0000] {processor.py:914} INFO - Processing file /opt/airflow/dags/spark_airflow.py for tasks to queue
[2024-11-01T23:02:19.196+0000] {logging_mixin.py:190} INFO - [2024-11-01T23:02:19.195+0000] {dagbag.py:588} INFO - Filling up the DagBag from /opt/airflow/dags/spark_airflow.py
[2024-11-01T23:02:19.213+0000] {processor.py:925} INFO - DAG(s) 'sparking_flow' retrieved from /opt/airflow/dags/spark_airflow.py
[2024-11-01T23:02:19.236+0000] {logging_mixin.py:190} INFO - [2024-11-01T23:02:19.236+0000] {dag.py:3239} INFO - Sync 1 DAGs
[2024-11-01T23:02:19.256+0000] {logging_mixin.py:190} INFO - [2024-11-01T23:02:19.256+0000] {dag.py:4180} INFO - Setting next_dagrun for sparking_flow to 2024-11-01 00:00:00+00:00, run_after=2024-11-02 00:00:00+00:00
[2024-11-01T23:02:19.271+0000] {processor.py:208} INFO - Processing /opt/airflow/dags/spark_airflow.py took 0.081 seconds
[2024-11-01T23:02:49.424+0000] {processor.py:186} INFO - Started process (PID=61622) to work on /opt/airflow/dags/spark_airflow.py
[2024-11-01T23:02:49.425+0000] {processor.py:914} INFO - Processing file /opt/airflow/dags/spark_airflow.py for tasks to queue
[2024-11-01T23:02:49.426+0000] {logging_mixin.py:190} INFO - [2024-11-01T23:02:49.426+0000] {dagbag.py:588} INFO - Filling up the DagBag from /opt/airflow/dags/spark_airflow.py
[2024-11-01T23:02:49.443+0000] {processor.py:925} INFO - DAG(s) 'sparking_flow' retrieved from /opt/airflow/dags/spark_airflow.py
[2024-11-01T23:02:49.469+0000] {logging_mixin.py:190} INFO - [2024-11-01T23:02:49.468+0000] {dag.py:3239} INFO - Sync 1 DAGs
[2024-11-01T23:02:49.491+0000] {logging_mixin.py:190} INFO - [2024-11-01T23:02:49.491+0000] {dag.py:4180} INFO - Setting next_dagrun for sparking_flow to 2024-11-01 00:00:00+00:00, run_after=2024-11-02 00:00:00+00:00
[2024-11-01T23:02:49.511+0000] {processor.py:208} INFO - Processing /opt/airflow/dags/spark_airflow.py took 0.091 seconds
[2024-11-01T23:03:19.599+0000] {processor.py:186} INFO - Started process (PID=61627) to work on /opt/airflow/dags/spark_airflow.py
[2024-11-01T23:03:19.600+0000] {processor.py:914} INFO - Processing file /opt/airflow/dags/spark_airflow.py for tasks to queue
[2024-11-01T23:03:19.601+0000] {logging_mixin.py:190} INFO - [2024-11-01T23:03:19.601+0000] {dagbag.py:588} INFO - Filling up the DagBag from /opt/airflow/dags/spark_airflow.py
[2024-11-01T23:03:19.619+0000] {processor.py:925} INFO - DAG(s) 'sparking_flow' retrieved from /opt/airflow/dags/spark_airflow.py
[2024-11-01T23:03:19.646+0000] {logging_mixin.py:190} INFO - [2024-11-01T23:03:19.645+0000] {dag.py:3239} INFO - Sync 1 DAGs
[2024-11-01T23:03:19.668+0000] {logging_mixin.py:190} INFO - [2024-11-01T23:03:19.668+0000] {dag.py:4180} INFO - Setting next_dagrun for sparking_flow to 2024-11-01 00:00:00+00:00, run_after=2024-11-02 00:00:00+00:00
[2024-11-01T23:03:19.685+0000] {processor.py:208} INFO - Processing /opt/airflow/dags/spark_airflow.py took 0.092 seconds
[2024-11-01T23:03:49.836+0000] {processor.py:186} INFO - Started process (PID=61632) to work on /opt/airflow/dags/spark_airflow.py
[2024-11-01T23:03:49.836+0000] {processor.py:914} INFO - Processing file /opt/airflow/dags/spark_airflow.py for tasks to queue
[2024-11-01T23:03:49.837+0000] {logging_mixin.py:190} INFO - [2024-11-01T23:03:49.837+0000] {dagbag.py:588} INFO - Filling up the DagBag from /opt/airflow/dags/spark_airflow.py
[2024-11-01T23:03:49.855+0000] {processor.py:925} INFO - DAG(s) 'sparking_flow' retrieved from /opt/airflow/dags/spark_airflow.py
[2024-11-01T23:03:49.881+0000] {logging_mixin.py:190} INFO - [2024-11-01T23:03:49.881+0000] {dag.py:3239} INFO - Sync 1 DAGs
[2024-11-01T23:03:49.904+0000] {logging_mixin.py:190} INFO - [2024-11-01T23:03:49.903+0000] {dag.py:4180} INFO - Setting next_dagrun for sparking_flow to 2024-11-01 00:00:00+00:00, run_after=2024-11-02 00:00:00+00:00
[2024-11-01T23:03:49.920+0000] {processor.py:208} INFO - Processing /opt/airflow/dags/spark_airflow.py took 0.089 seconds
[2024-11-01T23:04:20.007+0000] {processor.py:186} INFO - Started process (PID=61637) to work on /opt/airflow/dags/spark_airflow.py
[2024-11-01T23:04:20.008+0000] {processor.py:914} INFO - Processing file /opt/airflow/dags/spark_airflow.py for tasks to queue
[2024-11-01T23:04:20.010+0000] {logging_mixin.py:190} INFO - [2024-11-01T23:04:20.010+0000] {dagbag.py:588} INFO - Filling up the DagBag from /opt/airflow/dags/spark_airflow.py
[2024-11-01T23:04:20.029+0000] {processor.py:925} INFO - DAG(s) 'sparking_flow' retrieved from /opt/airflow/dags/spark_airflow.py
[2024-11-01T23:04:20.056+0000] {logging_mixin.py:190} INFO - [2024-11-01T23:04:20.056+0000] {dag.py:3239} INFO - Sync 1 DAGs
[2024-11-01T23:04:20.078+0000] {logging_mixin.py:190} INFO - [2024-11-01T23:04:20.078+0000] {dag.py:4180} INFO - Setting next_dagrun for sparking_flow to 2024-11-01 00:00:00+00:00, run_after=2024-11-02 00:00:00+00:00
[2024-11-01T23:04:20.094+0000] {processor.py:208} INFO - Processing /opt/airflow/dags/spark_airflow.py took 0.092 seconds
[2024-11-01T23:04:50.245+0000] {processor.py:186} INFO - Started process (PID=61642) to work on /opt/airflow/dags/spark_airflow.py
[2024-11-01T23:04:50.246+0000] {processor.py:914} INFO - Processing file /opt/airflow/dags/spark_airflow.py for tasks to queue
[2024-11-01T23:04:50.247+0000] {logging_mixin.py:190} INFO - [2024-11-01T23:04:50.247+0000] {dagbag.py:588} INFO - Filling up the DagBag from /opt/airflow/dags/spark_airflow.py
[2024-11-01T23:04:50.265+0000] {processor.py:925} INFO - DAG(s) 'sparking_flow' retrieved from /opt/airflow/dags/spark_airflow.py
[2024-11-01T23:04:50.288+0000] {logging_mixin.py:190} INFO - [2024-11-01T23:04:50.288+0000] {dag.py:3239} INFO - Sync 1 DAGs
[2024-11-01T23:04:50.308+0000] {logging_mixin.py:190} INFO - [2024-11-01T23:04:50.308+0000] {dag.py:4180} INFO - Setting next_dagrun for sparking_flow to 2024-11-01 00:00:00+00:00, run_after=2024-11-02 00:00:00+00:00
[2024-11-01T23:04:50.326+0000] {processor.py:208} INFO - Processing /opt/airflow/dags/spark_airflow.py took 0.085 seconds
[2024-11-01T23:05:20.418+0000] {processor.py:186} INFO - Started process (PID=61647) to work on /opt/airflow/dags/spark_airflow.py
[2024-11-01T23:05:20.419+0000] {processor.py:914} INFO - Processing file /opt/airflow/dags/spark_airflow.py for tasks to queue
[2024-11-01T23:05:20.420+0000] {logging_mixin.py:190} INFO - [2024-11-01T23:05:20.420+0000] {dagbag.py:588} INFO - Filling up the DagBag from /opt/airflow/dags/spark_airflow.py
[2024-11-01T23:05:20.437+0000] {processor.py:925} INFO - DAG(s) 'sparking_flow' retrieved from /opt/airflow/dags/spark_airflow.py
[2024-11-01T23:05:20.460+0000] {logging_mixin.py:190} INFO - [2024-11-01T23:05:20.460+0000] {dag.py:3239} INFO - Sync 1 DAGs
[2024-11-01T23:05:20.481+0000] {logging_mixin.py:190} INFO - [2024-11-01T23:05:20.481+0000] {dag.py:4180} INFO - Setting next_dagrun for sparking_flow to 2024-11-01 00:00:00+00:00, run_after=2024-11-02 00:00:00+00:00
[2024-11-01T23:05:20.513+0000] {processor.py:208} INFO - Processing /opt/airflow/dags/spark_airflow.py took 0.101 seconds
[2024-11-01T23:05:50.648+0000] {processor.py:186} INFO - Started process (PID=61652) to work on /opt/airflow/dags/spark_airflow.py
[2024-11-01T23:05:50.649+0000] {processor.py:914} INFO - Processing file /opt/airflow/dags/spark_airflow.py for tasks to queue
[2024-11-01T23:05:50.650+0000] {logging_mixin.py:190} INFO - [2024-11-01T23:05:50.650+0000] {dagbag.py:588} INFO - Filling up the DagBag from /opt/airflow/dags/spark_airflow.py
[2024-11-01T23:05:50.668+0000] {processor.py:925} INFO - DAG(s) 'sparking_flow' retrieved from /opt/airflow/dags/spark_airflow.py
[2024-11-01T23:05:50.693+0000] {logging_mixin.py:190} INFO - [2024-11-01T23:05:50.692+0000] {dag.py:3239} INFO - Sync 1 DAGs
[2024-11-01T23:05:50.714+0000] {logging_mixin.py:190} INFO - [2024-11-01T23:05:50.714+0000] {dag.py:4180} INFO - Setting next_dagrun for sparking_flow to 2024-11-01 00:00:00+00:00, run_after=2024-11-02 00:00:00+00:00
[2024-11-01T23:05:50.730+0000] {processor.py:208} INFO - Processing /opt/airflow/dags/spark_airflow.py took 0.087 seconds
[2024-11-01T23:06:20.836+0000] {processor.py:186} INFO - Started process (PID=61657) to work on /opt/airflow/dags/spark_airflow.py
[2024-11-01T23:06:20.838+0000] {processor.py:914} INFO - Processing file /opt/airflow/dags/spark_airflow.py for tasks to queue
[2024-11-01T23:06:20.839+0000] {logging_mixin.py:190} INFO - [2024-11-01T23:06:20.839+0000] {dagbag.py:588} INFO - Filling up the DagBag from /opt/airflow/dags/spark_airflow.py
[2024-11-01T23:06:20.859+0000] {processor.py:925} INFO - DAG(s) 'sparking_flow' retrieved from /opt/airflow/dags/spark_airflow.py
[2024-11-01T23:06:20.882+0000] {logging_mixin.py:190} INFO - [2024-11-01T23:06:20.882+0000] {dag.py:3239} INFO - Sync 1 DAGs
[2024-11-01T23:06:20.903+0000] {logging_mixin.py:190} INFO - [2024-11-01T23:06:20.902+0000] {dag.py:4180} INFO - Setting next_dagrun for sparking_flow to 2024-11-01 00:00:00+00:00, run_after=2024-11-02 00:00:00+00:00
[2024-11-01T23:06:20.921+0000] {processor.py:208} INFO - Processing /opt/airflow/dags/spark_airflow.py took 0.092 seconds
[2024-11-01T23:06:51.077+0000] {processor.py:186} INFO - Started process (PID=61662) to work on /opt/airflow/dags/spark_airflow.py
[2024-11-01T23:06:51.078+0000] {processor.py:914} INFO - Processing file /opt/airflow/dags/spark_airflow.py for tasks to queue
[2024-11-01T23:06:51.079+0000] {logging_mixin.py:190} INFO - [2024-11-01T23:06:51.078+0000] {dagbag.py:588} INFO - Filling up the DagBag from /opt/airflow/dags/spark_airflow.py
[2024-11-01T23:06:51.096+0000] {processor.py:925} INFO - DAG(s) 'sparking_flow' retrieved from /opt/airflow/dags/spark_airflow.py
[2024-11-01T23:06:51.124+0000] {logging_mixin.py:190} INFO - [2024-11-01T23:06:51.124+0000] {dag.py:3239} INFO - Sync 1 DAGs
[2024-11-01T23:06:51.146+0000] {logging_mixin.py:190} INFO - [2024-11-01T23:06:51.146+0000] {dag.py:4180} INFO - Setting next_dagrun for sparking_flow to 2024-11-01 00:00:00+00:00, run_after=2024-11-02 00:00:00+00:00
[2024-11-01T23:06:51.163+0000] {processor.py:208} INFO - Processing /opt/airflow/dags/spark_airflow.py took 0.090 seconds
[2024-11-01T23:07:21.250+0000] {processor.py:186} INFO - Started process (PID=61667) to work on /opt/airflow/dags/spark_airflow.py
[2024-11-01T23:07:21.251+0000] {processor.py:914} INFO - Processing file /opt/airflow/dags/spark_airflow.py for tasks to queue
[2024-11-01T23:07:21.253+0000] {logging_mixin.py:190} INFO - [2024-11-01T23:07:21.252+0000] {dagbag.py:588} INFO - Filling up the DagBag from /opt/airflow/dags/spark_airflow.py
[2024-11-01T23:07:21.271+0000] {processor.py:925} INFO - DAG(s) 'sparking_flow' retrieved from /opt/airflow/dags/spark_airflow.py
[2024-11-01T23:07:21.297+0000] {logging_mixin.py:190} INFO - [2024-11-01T23:07:21.297+0000] {dag.py:3239} INFO - Sync 1 DAGs
[2024-11-01T23:07:21.321+0000] {logging_mixin.py:190} INFO - [2024-11-01T23:07:21.320+0000] {dag.py:4180} INFO - Setting next_dagrun for sparking_flow to 2024-11-01 00:00:00+00:00, run_after=2024-11-02 00:00:00+00:00
[2024-11-01T23:07:21.337+0000] {processor.py:208} INFO - Processing /opt/airflow/dags/spark_airflow.py took 0.091 seconds
[2024-11-01T23:07:51.482+0000] {processor.py:186} INFO - Started process (PID=61672) to work on /opt/airflow/dags/spark_airflow.py
[2024-11-01T23:07:51.483+0000] {processor.py:914} INFO - Processing file /opt/airflow/dags/spark_airflow.py for tasks to queue
[2024-11-01T23:07:51.484+0000] {logging_mixin.py:190} INFO - [2024-11-01T23:07:51.484+0000] {dagbag.py:588} INFO - Filling up the DagBag from /opt/airflow/dags/spark_airflow.py
[2024-11-01T23:07:51.504+0000] {processor.py:925} INFO - DAG(s) 'sparking_flow' retrieved from /opt/airflow/dags/spark_airflow.py
[2024-11-01T23:07:51.530+0000] {logging_mixin.py:190} INFO - [2024-11-01T23:07:51.530+0000] {dag.py:3239} INFO - Sync 1 DAGs
[2024-11-01T23:07:51.554+0000] {logging_mixin.py:190} INFO - [2024-11-01T23:07:51.554+0000] {dag.py:4180} INFO - Setting next_dagrun for sparking_flow to 2024-11-01 00:00:00+00:00, run_after=2024-11-02 00:00:00+00:00
[2024-11-01T23:07:51.570+0000] {processor.py:208} INFO - Processing /opt/airflow/dags/spark_airflow.py took 0.094 seconds
[2024-11-01T23:08:21.688+0000] {processor.py:186} INFO - Started process (PID=61677) to work on /opt/airflow/dags/spark_airflow.py
[2024-11-01T23:08:21.689+0000] {processor.py:914} INFO - Processing file /opt/airflow/dags/spark_airflow.py for tasks to queue
[2024-11-01T23:08:21.690+0000] {logging_mixin.py:190} INFO - [2024-11-01T23:08:21.690+0000] {dagbag.py:588} INFO - Filling up the DagBag from /opt/airflow/dags/spark_airflow.py
[2024-11-01T23:08:21.708+0000] {processor.py:925} INFO - DAG(s) 'sparking_flow' retrieved from /opt/airflow/dags/spark_airflow.py
[2024-11-01T23:08:21.733+0000] {logging_mixin.py:190} INFO - [2024-11-01T23:08:21.733+0000] {dag.py:3239} INFO - Sync 1 DAGs
[2024-11-01T23:08:21.755+0000] {logging_mixin.py:190} INFO - [2024-11-01T23:08:21.755+0000] {dag.py:4180} INFO - Setting next_dagrun for sparking_flow to 2024-11-01 00:00:00+00:00, run_after=2024-11-02 00:00:00+00:00
[2024-11-01T23:08:21.771+0000] {processor.py:208} INFO - Processing /opt/airflow/dags/spark_airflow.py took 0.109 seconds
[2024-11-01T23:08:51.914+0000] {processor.py:186} INFO - Started process (PID=61682) to work on /opt/airflow/dags/spark_airflow.py
[2024-11-01T23:08:51.915+0000] {processor.py:914} INFO - Processing file /opt/airflow/dags/spark_airflow.py for tasks to queue
[2024-11-01T23:08:51.917+0000] {logging_mixin.py:190} INFO - [2024-11-01T23:08:51.916+0000] {dagbag.py:588} INFO - Filling up the DagBag from /opt/airflow/dags/spark_airflow.py
[2024-11-01T23:08:51.934+0000] {processor.py:925} INFO - DAG(s) 'sparking_flow' retrieved from /opt/airflow/dags/spark_airflow.py
[2024-11-01T23:08:51.961+0000] {logging_mixin.py:190} INFO - [2024-11-01T23:08:51.961+0000] {dag.py:3239} INFO - Sync 1 DAGs
[2024-11-01T23:08:51.985+0000] {logging_mixin.py:190} INFO - [2024-11-01T23:08:51.985+0000] {dag.py:4180} INFO - Setting next_dagrun for sparking_flow to 2024-11-01 00:00:00+00:00, run_after=2024-11-02 00:00:00+00:00
[2024-11-01T23:08:52.002+0000] {processor.py:208} INFO - Processing /opt/airflow/dags/spark_airflow.py took 0.094 seconds
[2024-11-01T23:09:22.115+0000] {processor.py:186} INFO - Started process (PID=61687) to work on /opt/airflow/dags/spark_airflow.py
[2024-11-01T23:09:22.117+0000] {processor.py:914} INFO - Processing file /opt/airflow/dags/spark_airflow.py for tasks to queue
[2024-11-01T23:09:22.118+0000] {logging_mixin.py:190} INFO - [2024-11-01T23:09:22.118+0000] {dagbag.py:588} INFO - Filling up the DagBag from /opt/airflow/dags/spark_airflow.py
[2024-11-01T23:09:22.137+0000] {processor.py:925} INFO - DAG(s) 'sparking_flow' retrieved from /opt/airflow/dags/spark_airflow.py
[2024-11-01T23:09:22.165+0000] {logging_mixin.py:190} INFO - [2024-11-01T23:09:22.164+0000] {dag.py:3239} INFO - Sync 1 DAGs
[2024-11-01T23:09:22.187+0000] {logging_mixin.py:190} INFO - [2024-11-01T23:09:22.186+0000] {dag.py:4180} INFO - Setting next_dagrun for sparking_flow to 2024-11-01 00:00:00+00:00, run_after=2024-11-02 00:00:00+00:00
[2024-11-01T23:09:22.218+0000] {processor.py:208} INFO - Processing /opt/airflow/dags/spark_airflow.py took 0.109 seconds
[2024-11-01T23:09:52.349+0000] {processor.py:186} INFO - Started process (PID=61692) to work on /opt/airflow/dags/spark_airflow.py
[2024-11-01T23:09:52.351+0000] {processor.py:914} INFO - Processing file /opt/airflow/dags/spark_airflow.py for tasks to queue
[2024-11-01T23:09:52.352+0000] {logging_mixin.py:190} INFO - [2024-11-01T23:09:52.352+0000] {dagbag.py:588} INFO - Filling up the DagBag from /opt/airflow/dags/spark_airflow.py
[2024-11-01T23:09:52.372+0000] {processor.py:925} INFO - DAG(s) 'sparking_flow' retrieved from /opt/airflow/dags/spark_airflow.py
[2024-11-01T23:09:52.397+0000] {logging_mixin.py:190} INFO - [2024-11-01T23:09:52.397+0000] {dag.py:3239} INFO - Sync 1 DAGs
[2024-11-01T23:09:52.421+0000] {logging_mixin.py:190} INFO - [2024-11-01T23:09:52.421+0000] {dag.py:4180} INFO - Setting next_dagrun for sparking_flow to 2024-11-01 00:00:00+00:00, run_after=2024-11-02 00:00:00+00:00
[2024-11-01T23:09:52.440+0000] {processor.py:208} INFO - Processing /opt/airflow/dags/spark_airflow.py took 0.096 seconds
[2024-11-01T23:10:22.560+0000] {processor.py:186} INFO - Started process (PID=61697) to work on /opt/airflow/dags/spark_airflow.py
[2024-11-01T23:10:22.561+0000] {processor.py:914} INFO - Processing file /opt/airflow/dags/spark_airflow.py for tasks to queue
[2024-11-01T23:10:22.563+0000] {logging_mixin.py:190} INFO - [2024-11-01T23:10:22.562+0000] {dagbag.py:588} INFO - Filling up the DagBag from /opt/airflow/dags/spark_airflow.py
[2024-11-01T23:10:22.583+0000] {processor.py:925} INFO - DAG(s) 'sparking_flow' retrieved from /opt/airflow/dags/spark_airflow.py
[2024-11-01T23:10:22.610+0000] {logging_mixin.py:190} INFO - [2024-11-01T23:10:22.610+0000] {dag.py:3239} INFO - Sync 1 DAGs
[2024-11-01T23:10:22.630+0000] {logging_mixin.py:190} INFO - [2024-11-01T23:10:22.630+0000] {dag.py:4180} INFO - Setting next_dagrun for sparking_flow to 2024-11-01 00:00:00+00:00, run_after=2024-11-02 00:00:00+00:00
[2024-11-01T23:10:22.647+0000] {processor.py:208} INFO - Processing /opt/airflow/dags/spark_airflow.py took 0.093 seconds
[2024-11-01T23:10:52.804+0000] {processor.py:186} INFO - Started process (PID=61702) to work on /opt/airflow/dags/spark_airflow.py
[2024-11-01T23:10:52.805+0000] {processor.py:914} INFO - Processing file /opt/airflow/dags/spark_airflow.py for tasks to queue
[2024-11-01T23:10:52.806+0000] {logging_mixin.py:190} INFO - [2024-11-01T23:10:52.806+0000] {dagbag.py:588} INFO - Filling up the DagBag from /opt/airflow/dags/spark_airflow.py
[2024-11-01T23:10:52.824+0000] {processor.py:925} INFO - DAG(s) 'sparking_flow' retrieved from /opt/airflow/dags/spark_airflow.py
[2024-11-01T23:10:52.849+0000] {logging_mixin.py:190} INFO - [2024-11-01T23:10:52.849+0000] {dag.py:3239} INFO - Sync 1 DAGs
[2024-11-01T23:10:52.871+0000] {logging_mixin.py:190} INFO - [2024-11-01T23:10:52.871+0000] {dag.py:4180} INFO - Setting next_dagrun for sparking_flow to 2024-11-01 00:00:00+00:00, run_after=2024-11-02 00:00:00+00:00
[2024-11-01T23:10:52.887+0000] {processor.py:208} INFO - Processing /opt/airflow/dags/spark_airflow.py took 0.087 seconds
[2024-11-01T23:11:22.994+0000] {processor.py:186} INFO - Started process (PID=61707) to work on /opt/airflow/dags/spark_airflow.py
[2024-11-01T23:11:22.995+0000] {processor.py:914} INFO - Processing file /opt/airflow/dags/spark_airflow.py for tasks to queue
[2024-11-01T23:11:22.997+0000] {logging_mixin.py:190} INFO - [2024-11-01T23:11:22.996+0000] {dagbag.py:588} INFO - Filling up the DagBag from /opt/airflow/dags/spark_airflow.py
[2024-11-01T23:11:23.015+0000] {processor.py:925} INFO - DAG(s) 'sparking_flow' retrieved from /opt/airflow/dags/spark_airflow.py
[2024-11-01T23:11:23.041+0000] {logging_mixin.py:190} INFO - [2024-11-01T23:11:23.040+0000] {dag.py:3239} INFO - Sync 1 DAGs
[2024-11-01T23:11:23.062+0000] {logging_mixin.py:190} INFO - [2024-11-01T23:11:23.062+0000] {dag.py:4180} INFO - Setting next_dagrun for sparking_flow to 2024-11-01 00:00:00+00:00, run_after=2024-11-02 00:00:00+00:00
[2024-11-01T23:11:23.093+0000] {processor.py:208} INFO - Processing /opt/airflow/dags/spark_airflow.py took 0.104 seconds
[2024-11-01T23:11:53.288+0000] {processor.py:186} INFO - Started process (PID=61712) to work on /opt/airflow/dags/spark_airflow.py
[2024-11-01T23:11:53.289+0000] {processor.py:914} INFO - Processing file /opt/airflow/dags/spark_airflow.py for tasks to queue
[2024-11-01T23:11:53.290+0000] {logging_mixin.py:190} INFO - [2024-11-01T23:11:53.290+0000] {dagbag.py:588} INFO - Filling up the DagBag from /opt/airflow/dags/spark_airflow.py
[2024-11-01T23:11:53.307+0000] {processor.py:925} INFO - DAG(s) 'sparking_flow' retrieved from /opt/airflow/dags/spark_airflow.py
[2024-11-01T23:11:53.333+0000] {logging_mixin.py:190} INFO - [2024-11-01T23:11:53.333+0000] {dag.py:3239} INFO - Sync 1 DAGs
[2024-11-01T23:11:53.355+0000] {logging_mixin.py:190} INFO - [2024-11-01T23:11:53.355+0000] {dag.py:4180} INFO - Setting next_dagrun for sparking_flow to 2024-11-01 00:00:00+00:00, run_after=2024-11-02 00:00:00+00:00
[2024-11-01T23:11:53.371+0000] {processor.py:208} INFO - Processing /opt/airflow/dags/spark_airflow.py took 0.105 seconds
[2024-11-01T23:12:23.456+0000] {processor.py:186} INFO - Started process (PID=61717) to work on /opt/airflow/dags/spark_airflow.py
[2024-11-01T23:12:23.457+0000] {processor.py:914} INFO - Processing file /opt/airflow/dags/spark_airflow.py for tasks to queue
[2024-11-01T23:12:23.458+0000] {logging_mixin.py:190} INFO - [2024-11-01T23:12:23.458+0000] {dagbag.py:588} INFO - Filling up the DagBag from /opt/airflow/dags/spark_airflow.py
[2024-11-01T23:12:23.477+0000] {processor.py:925} INFO - DAG(s) 'sparking_flow' retrieved from /opt/airflow/dags/spark_airflow.py
[2024-11-01T23:12:23.505+0000] {logging_mixin.py:190} INFO - [2024-11-01T23:12:23.505+0000] {dag.py:3239} INFO - Sync 1 DAGs
[2024-11-01T23:12:23.529+0000] {logging_mixin.py:190} INFO - [2024-11-01T23:12:23.529+0000] {dag.py:4180} INFO - Setting next_dagrun for sparking_flow to 2024-11-01 00:00:00+00:00, run_after=2024-11-02 00:00:00+00:00
[2024-11-01T23:12:23.559+0000] {processor.py:208} INFO - Processing /opt/airflow/dags/spark_airflow.py took 0.109 seconds
[2024-11-01T23:12:53.698+0000] {processor.py:186} INFO - Started process (PID=61722) to work on /opt/airflow/dags/spark_airflow.py
[2024-11-01T23:12:53.700+0000] {processor.py:914} INFO - Processing file /opt/airflow/dags/spark_airflow.py for tasks to queue
[2024-11-01T23:12:53.701+0000] {logging_mixin.py:190} INFO - [2024-11-01T23:12:53.701+0000] {dagbag.py:588} INFO - Filling up the DagBag from /opt/airflow/dags/spark_airflow.py
[2024-11-01T23:12:53.720+0000] {processor.py:925} INFO - DAG(s) 'sparking_flow' retrieved from /opt/airflow/dags/spark_airflow.py
[2024-11-01T23:12:53.746+0000] {logging_mixin.py:190} INFO - [2024-11-01T23:12:53.746+0000] {dag.py:3239} INFO - Sync 1 DAGs
[2024-11-01T23:12:53.770+0000] {logging_mixin.py:190} INFO - [2024-11-01T23:12:53.770+0000] {dag.py:4180} INFO - Setting next_dagrun for sparking_flow to 2024-11-01 00:00:00+00:00, run_after=2024-11-02 00:00:00+00:00
[2024-11-01T23:12:53.788+0000] {processor.py:208} INFO - Processing /opt/airflow/dags/spark_airflow.py took 0.095 seconds
[2024-11-01T23:13:23.892+0000] {processor.py:186} INFO - Started process (PID=61727) to work on /opt/airflow/dags/spark_airflow.py
[2024-11-01T23:13:23.893+0000] {processor.py:914} INFO - Processing file /opt/airflow/dags/spark_airflow.py for tasks to queue
[2024-11-01T23:13:23.895+0000] {logging_mixin.py:190} INFO - [2024-11-01T23:13:23.894+0000] {dagbag.py:588} INFO - Filling up the DagBag from /opt/airflow/dags/spark_airflow.py
[2024-11-01T23:13:23.912+0000] {processor.py:925} INFO - DAG(s) 'sparking_flow' retrieved from /opt/airflow/dags/spark_airflow.py
[2024-11-01T23:13:23.939+0000] {logging_mixin.py:190} INFO - [2024-11-01T23:13:23.938+0000] {dag.py:3239} INFO - Sync 1 DAGs
[2024-11-01T23:13:23.961+0000] {logging_mixin.py:190} INFO - [2024-11-01T23:13:23.960+0000] {dag.py:4180} INFO - Setting next_dagrun for sparking_flow to 2024-11-01 00:00:00+00:00, run_after=2024-11-02 00:00:00+00:00
[2024-11-01T23:13:23.977+0000] {processor.py:208} INFO - Processing /opt/airflow/dags/spark_airflow.py took 0.091 seconds
[2024-11-01T23:13:54.129+0000] {processor.py:186} INFO - Started process (PID=61732) to work on /opt/airflow/dags/spark_airflow.py
[2024-11-01T23:13:54.130+0000] {processor.py:914} INFO - Processing file /opt/airflow/dags/spark_airflow.py for tasks to queue
[2024-11-01T23:13:54.131+0000] {logging_mixin.py:190} INFO - [2024-11-01T23:13:54.131+0000] {dagbag.py:588} INFO - Filling up the DagBag from /opt/airflow/dags/spark_airflow.py
[2024-11-01T23:13:54.150+0000] {processor.py:925} INFO - DAG(s) 'sparking_flow' retrieved from /opt/airflow/dags/spark_airflow.py
[2024-11-01T23:13:54.175+0000] {logging_mixin.py:190} INFO - [2024-11-01T23:13:54.175+0000] {dag.py:3239} INFO - Sync 1 DAGs
[2024-11-01T23:13:54.197+0000] {logging_mixin.py:190} INFO - [2024-11-01T23:13:54.197+0000] {dag.py:4180} INFO - Setting next_dagrun for sparking_flow to 2024-11-01 00:00:00+00:00, run_after=2024-11-02 00:00:00+00:00
[2024-11-01T23:13:54.215+0000] {processor.py:208} INFO - Processing /opt/airflow/dags/spark_airflow.py took 0.092 seconds
[2024-11-01T23:14:24.325+0000] {processor.py:186} INFO - Started process (PID=61737) to work on /opt/airflow/dags/spark_airflow.py
[2024-11-01T23:14:24.326+0000] {processor.py:914} INFO - Processing file /opt/airflow/dags/spark_airflow.py for tasks to queue
[2024-11-01T23:14:24.327+0000] {logging_mixin.py:190} INFO - [2024-11-01T23:14:24.327+0000] {dagbag.py:588} INFO - Filling up the DagBag from /opt/airflow/dags/spark_airflow.py
[2024-11-01T23:14:24.345+0000] {processor.py:925} INFO - DAG(s) 'sparking_flow' retrieved from /opt/airflow/dags/spark_airflow.py
[2024-11-01T23:14:24.369+0000] {logging_mixin.py:190} INFO - [2024-11-01T23:14:24.368+0000] {dag.py:3239} INFO - Sync 1 DAGs
[2024-11-01T23:14:24.388+0000] {logging_mixin.py:190} INFO - [2024-11-01T23:14:24.388+0000] {dag.py:4180} INFO - Setting next_dagrun for sparking_flow to 2024-11-01 00:00:00+00:00, run_after=2024-11-02 00:00:00+00:00
[2024-11-01T23:14:24.404+0000] {processor.py:208} INFO - Processing /opt/airflow/dags/spark_airflow.py took 0.086 seconds
[2024-11-01T23:14:54.563+0000] {processor.py:186} INFO - Started process (PID=61742) to work on /opt/airflow/dags/spark_airflow.py
[2024-11-01T23:14:54.564+0000] {processor.py:914} INFO - Processing file /opt/airflow/dags/spark_airflow.py for tasks to queue
[2024-11-01T23:14:54.565+0000] {logging_mixin.py:190} INFO - [2024-11-01T23:14:54.565+0000] {dagbag.py:588} INFO - Filling up the DagBag from /opt/airflow/dags/spark_airflow.py
[2024-11-01T23:14:54.585+0000] {processor.py:925} INFO - DAG(s) 'sparking_flow' retrieved from /opt/airflow/dags/spark_airflow.py
[2024-11-01T23:14:54.612+0000] {logging_mixin.py:190} INFO - [2024-11-01T23:14:54.611+0000] {dag.py:3239} INFO - Sync 1 DAGs
[2024-11-01T23:14:54.635+0000] {logging_mixin.py:190} INFO - [2024-11-01T23:14:54.635+0000] {dag.py:4180} INFO - Setting next_dagrun for sparking_flow to 2024-11-01 00:00:00+00:00, run_after=2024-11-02 00:00:00+00:00
[2024-11-01T23:14:54.667+0000] {processor.py:208} INFO - Processing /opt/airflow/dags/spark_airflow.py took 0.110 seconds
[2024-11-01T23:15:24.751+0000] {processor.py:186} INFO - Started process (PID=61747) to work on /opt/airflow/dags/spark_airflow.py
[2024-11-01T23:15:24.752+0000] {processor.py:914} INFO - Processing file /opt/airflow/dags/spark_airflow.py for tasks to queue
[2024-11-01T23:15:24.754+0000] {logging_mixin.py:190} INFO - [2024-11-01T23:15:24.753+0000] {dagbag.py:588} INFO - Filling up the DagBag from /opt/airflow/dags/spark_airflow.py
[2024-11-01T23:15:24.774+0000] {processor.py:925} INFO - DAG(s) 'sparking_flow' retrieved from /opt/airflow/dags/spark_airflow.py
[2024-11-01T23:15:24.800+0000] {logging_mixin.py:190} INFO - [2024-11-01T23:15:24.800+0000] {dag.py:3239} INFO - Sync 1 DAGs
[2024-11-01T23:15:24.823+0000] {logging_mixin.py:190} INFO - [2024-11-01T23:15:24.823+0000] {dag.py:4180} INFO - Setting next_dagrun for sparking_flow to 2024-11-01 00:00:00+00:00, run_after=2024-11-02 00:00:00+00:00
[2024-11-01T23:15:24.840+0000] {processor.py:208} INFO - Processing /opt/airflow/dags/spark_airflow.py took 0.095 seconds
[2024-11-01T23:15:55.029+0000] {processor.py:186} INFO - Started process (PID=61752) to work on /opt/airflow/dags/spark_airflow.py
[2024-11-01T23:15:55.029+0000] {processor.py:914} INFO - Processing file /opt/airflow/dags/spark_airflow.py for tasks to queue
[2024-11-01T23:15:55.031+0000] {logging_mixin.py:190} INFO - [2024-11-01T23:15:55.030+0000] {dagbag.py:588} INFO - Filling up the DagBag from /opt/airflow/dags/spark_airflow.py
[2024-11-01T23:15:55.048+0000] {processor.py:925} INFO - DAG(s) 'sparking_flow' retrieved from /opt/airflow/dags/spark_airflow.py
[2024-11-01T23:15:55.071+0000] {logging_mixin.py:190} INFO - [2024-11-01T23:15:55.071+0000] {dag.py:3239} INFO - Sync 1 DAGs
[2024-11-01T23:15:55.093+0000] {logging_mixin.py:190} INFO - [2024-11-01T23:15:55.093+0000] {dag.py:4180} INFO - Setting next_dagrun for sparking_flow to 2024-11-01 00:00:00+00:00, run_after=2024-11-02 00:00:00+00:00
[2024-11-01T23:15:55.108+0000] {processor.py:208} INFO - Processing /opt/airflow/dags/spark_airflow.py took 0.084 seconds
[2024-11-01T23:16:25.197+0000] {processor.py:186} INFO - Started process (PID=61757) to work on /opt/airflow/dags/spark_airflow.py
[2024-11-01T23:16:25.197+0000] {processor.py:914} INFO - Processing file /opt/airflow/dags/spark_airflow.py for tasks to queue
[2024-11-01T23:16:25.198+0000] {logging_mixin.py:190} INFO - [2024-11-01T23:16:25.198+0000] {dagbag.py:588} INFO - Filling up the DagBag from /opt/airflow/dags/spark_airflow.py
[2024-11-01T23:16:25.216+0000] {processor.py:925} INFO - DAG(s) 'sparking_flow' retrieved from /opt/airflow/dags/spark_airflow.py
[2024-11-01T23:16:25.239+0000] {logging_mixin.py:190} INFO - [2024-11-01T23:16:25.239+0000] {dag.py:3239} INFO - Sync 1 DAGs
[2024-11-01T23:16:25.259+0000] {logging_mixin.py:190} INFO - [2024-11-01T23:16:25.259+0000] {dag.py:4180} INFO - Setting next_dagrun for sparking_flow to 2024-11-01 00:00:00+00:00, run_after=2024-11-02 00:00:00+00:00
[2024-11-01T23:16:25.275+0000] {processor.py:208} INFO - Processing /opt/airflow/dags/spark_airflow.py took 0.084 seconds
[2024-11-01T23:16:55.483+0000] {processor.py:186} INFO - Started process (PID=61762) to work on /opt/airflow/dags/spark_airflow.py
[2024-11-01T23:16:55.483+0000] {processor.py:914} INFO - Processing file /opt/airflow/dags/spark_airflow.py for tasks to queue
[2024-11-01T23:16:55.484+0000] {logging_mixin.py:190} INFO - [2024-11-01T23:16:55.484+0000] {dagbag.py:588} INFO - Filling up the DagBag from /opt/airflow/dags/spark_airflow.py
[2024-11-01T23:16:55.502+0000] {processor.py:925} INFO - DAG(s) 'sparking_flow' retrieved from /opt/airflow/dags/spark_airflow.py
[2024-11-01T23:16:55.527+0000] {logging_mixin.py:190} INFO - [2024-11-01T23:16:55.526+0000] {dag.py:3239} INFO - Sync 1 DAGs
[2024-11-01T23:16:55.548+0000] {logging_mixin.py:190} INFO - [2024-11-01T23:16:55.548+0000] {dag.py:4180} INFO - Setting next_dagrun for sparking_flow to 2024-11-01 00:00:00+00:00, run_after=2024-11-02 00:00:00+00:00
[2024-11-01T23:16:55.566+0000] {processor.py:208} INFO - Processing /opt/airflow/dags/spark_airflow.py took 0.088 seconds
[2024-11-01T23:17:25.667+0000] {processor.py:186} INFO - Started process (PID=61767) to work on /opt/airflow/dags/spark_airflow.py
[2024-11-01T23:17:25.669+0000] {processor.py:914} INFO - Processing file /opt/airflow/dags/spark_airflow.py for tasks to queue
[2024-11-01T23:17:25.670+0000] {logging_mixin.py:190} INFO - [2024-11-01T23:17:25.670+0000] {dagbag.py:588} INFO - Filling up the DagBag from /opt/airflow/dags/spark_airflow.py
[2024-11-01T23:17:25.690+0000] {processor.py:925} INFO - DAG(s) 'sparking_flow' retrieved from /opt/airflow/dags/spark_airflow.py
[2024-11-01T23:17:25.719+0000] {logging_mixin.py:190} INFO - [2024-11-01T23:17:25.719+0000] {dag.py:3239} INFO - Sync 1 DAGs
[2024-11-01T23:17:25.740+0000] {logging_mixin.py:190} INFO - [2024-11-01T23:17:25.740+0000] {dag.py:4180} INFO - Setting next_dagrun for sparking_flow to 2024-11-01 00:00:00+00:00, run_after=2024-11-02 00:00:00+00:00
[2024-11-01T23:17:25.756+0000] {processor.py:208} INFO - Processing /opt/airflow/dags/spark_airflow.py took 0.095 seconds
[2024-11-01T23:17:55.915+0000] {processor.py:186} INFO - Started process (PID=61772) to work on /opt/airflow/dags/spark_airflow.py
[2024-11-01T23:17:55.917+0000] {processor.py:914} INFO - Processing file /opt/airflow/dags/spark_airflow.py for tasks to queue
[2024-11-01T23:17:55.918+0000] {logging_mixin.py:190} INFO - [2024-11-01T23:17:55.918+0000] {dagbag.py:588} INFO - Filling up the DagBag from /opt/airflow/dags/spark_airflow.py
[2024-11-01T23:17:55.936+0000] {processor.py:925} INFO - DAG(s) 'sparking_flow' retrieved from /opt/airflow/dags/spark_airflow.py
[2024-11-01T23:17:55.960+0000] {logging_mixin.py:190} INFO - [2024-11-01T23:17:55.960+0000] {dag.py:3239} INFO - Sync 1 DAGs
[2024-11-01T23:17:55.982+0000] {logging_mixin.py:190} INFO - [2024-11-01T23:17:55.982+0000] {dag.py:4180} INFO - Setting next_dagrun for sparking_flow to 2024-11-01 00:00:00+00:00, run_after=2024-11-02 00:00:00+00:00
[2024-11-01T23:17:56.014+0000] {processor.py:208} INFO - Processing /opt/airflow/dags/spark_airflow.py took 0.104 seconds
[2024-11-01T23:18:26.086+0000] {processor.py:186} INFO - Started process (PID=61777) to work on /opt/airflow/dags/spark_airflow.py
[2024-11-01T23:18:26.087+0000] {processor.py:914} INFO - Processing file /opt/airflow/dags/spark_airflow.py for tasks to queue
[2024-11-01T23:18:26.088+0000] {logging_mixin.py:190} INFO - [2024-11-01T23:18:26.088+0000] {dagbag.py:588} INFO - Filling up the DagBag from /opt/airflow/dags/spark_airflow.py
[2024-11-01T23:18:26.106+0000] {processor.py:925} INFO - DAG(s) 'sparking_flow' retrieved from /opt/airflow/dags/spark_airflow.py
[2024-11-01T23:18:26.130+0000] {logging_mixin.py:190} INFO - [2024-11-01T23:18:26.130+0000] {dag.py:3239} INFO - Sync 1 DAGs
[2024-11-01T23:18:26.151+0000] {logging_mixin.py:190} INFO - [2024-11-01T23:18:26.151+0000] {dag.py:4180} INFO - Setting next_dagrun for sparking_flow to 2024-11-01 00:00:00+00:00, run_after=2024-11-02 00:00:00+00:00
[2024-11-01T23:18:26.168+0000] {processor.py:208} INFO - Processing /opt/airflow/dags/spark_airflow.py took 0.087 seconds
[2024-11-01T23:18:56.343+0000] {processor.py:186} INFO - Started process (PID=61782) to work on /opt/airflow/dags/spark_airflow.py
[2024-11-01T23:18:56.344+0000] {processor.py:914} INFO - Processing file /opt/airflow/dags/spark_airflow.py for tasks to queue
[2024-11-01T23:18:56.345+0000] {logging_mixin.py:190} INFO - [2024-11-01T23:18:56.345+0000] {dagbag.py:588} INFO - Filling up the DagBag from /opt/airflow/dags/spark_airflow.py
[2024-11-01T23:18:56.362+0000] {processor.py:925} INFO - DAG(s) 'sparking_flow' retrieved from /opt/airflow/dags/spark_airflow.py
[2024-11-01T23:18:56.385+0000] {logging_mixin.py:190} INFO - [2024-11-01T23:18:56.384+0000] {dag.py:3239} INFO - Sync 1 DAGs
[2024-11-01T23:18:56.405+0000] {logging_mixin.py:190} INFO - [2024-11-01T23:18:56.405+0000] {dag.py:4180} INFO - Setting next_dagrun for sparking_flow to 2024-11-01 00:00:00+00:00, run_after=2024-11-02 00:00:00+00:00
[2024-11-01T23:18:56.421+0000] {processor.py:208} INFO - Processing /opt/airflow/dags/spark_airflow.py took 0.083 seconds
[2024-11-01T23:19:26.520+0000] {processor.py:186} INFO - Started process (PID=61787) to work on /opt/airflow/dags/spark_airflow.py
[2024-11-01T23:19:26.521+0000] {processor.py:914} INFO - Processing file /opt/airflow/dags/spark_airflow.py for tasks to queue
[2024-11-01T23:19:26.522+0000] {logging_mixin.py:190} INFO - [2024-11-01T23:19:26.522+0000] {dagbag.py:588} INFO - Filling up the DagBag from /opt/airflow/dags/spark_airflow.py
[2024-11-01T23:19:26.540+0000] {processor.py:925} INFO - DAG(s) 'sparking_flow' retrieved from /opt/airflow/dags/spark_airflow.py
[2024-11-01T23:19:26.566+0000] {logging_mixin.py:190} INFO - [2024-11-01T23:19:26.566+0000] {dag.py:3239} INFO - Sync 1 DAGs
[2024-11-01T23:19:26.588+0000] {logging_mixin.py:190} INFO - [2024-11-01T23:19:26.588+0000] {dag.py:4180} INFO - Setting next_dagrun for sparking_flow to 2024-11-01 00:00:00+00:00, run_after=2024-11-02 00:00:00+00:00
[2024-11-01T23:19:26.606+0000] {processor.py:208} INFO - Processing /opt/airflow/dags/spark_airflow.py took 0.090 seconds
[2024-11-01T23:19:56.751+0000] {processor.py:186} INFO - Started process (PID=61792) to work on /opt/airflow/dags/spark_airflow.py
[2024-11-01T23:19:56.752+0000] {processor.py:914} INFO - Processing file /opt/airflow/dags/spark_airflow.py for tasks to queue
[2024-11-01T23:19:56.753+0000] {logging_mixin.py:190} INFO - [2024-11-01T23:19:56.753+0000] {dagbag.py:588} INFO - Filling up the DagBag from /opt/airflow/dags/spark_airflow.py
[2024-11-01T23:19:56.770+0000] {processor.py:925} INFO - DAG(s) 'sparking_flow' retrieved from /opt/airflow/dags/spark_airflow.py
[2024-11-01T23:19:56.793+0000] {logging_mixin.py:190} INFO - [2024-11-01T23:19:56.793+0000] {dag.py:3239} INFO - Sync 1 DAGs
[2024-11-01T23:19:56.813+0000] {logging_mixin.py:190} INFO - [2024-11-01T23:19:56.813+0000] {dag.py:4180} INFO - Setting next_dagrun for sparking_flow to 2024-11-01 00:00:00+00:00, run_after=2024-11-02 00:00:00+00:00
[2024-11-01T23:19:56.829+0000] {processor.py:208} INFO - Processing /opt/airflow/dags/spark_airflow.py took 0.084 seconds
[2024-11-01T23:20:26.936+0000] {processor.py:186} INFO - Started process (PID=61797) to work on /opt/airflow/dags/spark_airflow.py
[2024-11-01T23:20:26.937+0000] {processor.py:914} INFO - Processing file /opt/airflow/dags/spark_airflow.py for tasks to queue
[2024-11-01T23:20:26.938+0000] {logging_mixin.py:190} INFO - [2024-11-01T23:20:26.937+0000] {dagbag.py:588} INFO - Filling up the DagBag from /opt/airflow/dags/spark_airflow.py
[2024-11-01T23:20:26.955+0000] {processor.py:925} INFO - DAG(s) 'sparking_flow' retrieved from /opt/airflow/dags/spark_airflow.py
[2024-11-01T23:20:26.981+0000] {logging_mixin.py:190} INFO - [2024-11-01T23:20:26.981+0000] {dag.py:3239} INFO - Sync 1 DAGs
[2024-11-01T23:20:27.004+0000] {logging_mixin.py:190} INFO - [2024-11-01T23:20:27.004+0000] {dag.py:4180} INFO - Setting next_dagrun for sparking_flow to 2024-11-01 00:00:00+00:00, run_after=2024-11-02 00:00:00+00:00
[2024-11-01T23:20:27.022+0000] {processor.py:208} INFO - Processing /opt/airflow/dags/spark_airflow.py took 0.092 seconds
[2024-11-01T23:20:57.151+0000] {processor.py:186} INFO - Started process (PID=61802) to work on /opt/airflow/dags/spark_airflow.py
[2024-11-01T23:20:57.152+0000] {processor.py:914} INFO - Processing file /opt/airflow/dags/spark_airflow.py for tasks to queue
[2024-11-01T23:20:57.153+0000] {logging_mixin.py:190} INFO - [2024-11-01T23:20:57.153+0000] {dagbag.py:588} INFO - Filling up the DagBag from /opt/airflow/dags/spark_airflow.py
[2024-11-01T23:20:57.172+0000] {processor.py:925} INFO - DAG(s) 'sparking_flow' retrieved from /opt/airflow/dags/spark_airflow.py
[2024-11-01T23:20:57.195+0000] {logging_mixin.py:190} INFO - [2024-11-01T23:20:57.195+0000] {dag.py:3239} INFO - Sync 1 DAGs
[2024-11-01T23:20:57.216+0000] {logging_mixin.py:190} INFO - [2024-11-01T23:20:57.216+0000] {dag.py:4180} INFO - Setting next_dagrun for sparking_flow to 2024-11-01 00:00:00+00:00, run_after=2024-11-02 00:00:00+00:00
[2024-11-01T23:20:57.246+0000] {processor.py:208} INFO - Processing /opt/airflow/dags/spark_airflow.py took 0.102 seconds
[2024-11-01T23:21:27.337+0000] {processor.py:186} INFO - Started process (PID=61807) to work on /opt/airflow/dags/spark_airflow.py
[2024-11-01T23:21:27.339+0000] {processor.py:914} INFO - Processing file /opt/airflow/dags/spark_airflow.py for tasks to queue
[2024-11-01T23:21:27.340+0000] {logging_mixin.py:190} INFO - [2024-11-01T23:21:27.340+0000] {dagbag.py:588} INFO - Filling up the DagBag from /opt/airflow/dags/spark_airflow.py
[2024-11-01T23:21:27.360+0000] {processor.py:925} INFO - DAG(s) 'sparking_flow' retrieved from /opt/airflow/dags/spark_airflow.py
[2024-11-01T23:21:27.384+0000] {logging_mixin.py:190} INFO - [2024-11-01T23:21:27.383+0000] {dag.py:3239} INFO - Sync 1 DAGs
[2024-11-01T23:21:27.404+0000] {logging_mixin.py:190} INFO - [2024-11-01T23:21:27.404+0000] {dag.py:4180} INFO - Setting next_dagrun for sparking_flow to 2024-11-01 00:00:00+00:00, run_after=2024-11-02 00:00:00+00:00
[2024-11-01T23:21:27.421+0000] {processor.py:208} INFO - Processing /opt/airflow/dags/spark_airflow.py took 0.089 seconds
[2024-11-01T23:21:57.594+0000] {processor.py:186} INFO - Started process (PID=61812) to work on /opt/airflow/dags/spark_airflow.py
[2024-11-01T23:21:57.595+0000] {processor.py:914} INFO - Processing file /opt/airflow/dags/spark_airflow.py for tasks to queue
[2024-11-01T23:21:57.596+0000] {logging_mixin.py:190} INFO - [2024-11-01T23:21:57.596+0000] {dagbag.py:588} INFO - Filling up the DagBag from /opt/airflow/dags/spark_airflow.py
[2024-11-01T23:21:57.614+0000] {processor.py:925} INFO - DAG(s) 'sparking_flow' retrieved from /opt/airflow/dags/spark_airflow.py
[2024-11-01T23:21:57.639+0000] {logging_mixin.py:190} INFO - [2024-11-01T23:21:57.639+0000] {dag.py:3239} INFO - Sync 1 DAGs
[2024-11-01T23:21:57.661+0000] {logging_mixin.py:190} INFO - [2024-11-01T23:21:57.660+0000] {dag.py:4180} INFO - Setting next_dagrun for sparking_flow to 2024-11-01 00:00:00+00:00, run_after=2024-11-02 00:00:00+00:00
[2024-11-01T23:21:57.677+0000] {processor.py:208} INFO - Processing /opt/airflow/dags/spark_airflow.py took 0.088 seconds
[2024-11-01T23:22:27.771+0000] {processor.py:186} INFO - Started process (PID=61817) to work on /opt/airflow/dags/spark_airflow.py
[2024-11-01T23:22:27.772+0000] {processor.py:914} INFO - Processing file /opt/airflow/dags/spark_airflow.py for tasks to queue
[2024-11-01T23:22:27.773+0000] {logging_mixin.py:190} INFO - [2024-11-01T23:22:27.773+0000] {dagbag.py:588} INFO - Filling up the DagBag from /opt/airflow/dags/spark_airflow.py
[2024-11-01T23:22:27.790+0000] {processor.py:925} INFO - DAG(s) 'sparking_flow' retrieved from /opt/airflow/dags/spark_airflow.py
[2024-11-01T23:22:27.815+0000] {logging_mixin.py:190} INFO - [2024-11-01T23:22:27.815+0000] {dag.py:3239} INFO - Sync 1 DAGs
[2024-11-01T23:22:27.835+0000] {logging_mixin.py:190} INFO - [2024-11-01T23:22:27.835+0000] {dag.py:4180} INFO - Setting next_dagrun for sparking_flow to 2024-11-01 00:00:00+00:00, run_after=2024-11-02 00:00:00+00:00
[2024-11-01T23:22:27.850+0000] {processor.py:208} INFO - Processing /opt/airflow/dags/spark_airflow.py took 0.086 seconds
[2024-11-01T23:22:58.026+0000] {processor.py:186} INFO - Started process (PID=61822) to work on /opt/airflow/dags/spark_airflow.py
[2024-11-01T23:22:58.027+0000] {processor.py:914} INFO - Processing file /opt/airflow/dags/spark_airflow.py for tasks to queue
[2024-11-01T23:22:58.027+0000] {logging_mixin.py:190} INFO - [2024-11-01T23:22:58.027+0000] {dagbag.py:588} INFO - Filling up the DagBag from /opt/airflow/dags/spark_airflow.py
[2024-11-01T23:22:58.044+0000] {processor.py:925} INFO - DAG(s) 'sparking_flow' retrieved from /opt/airflow/dags/spark_airflow.py
[2024-11-01T23:22:58.069+0000] {logging_mixin.py:190} INFO - [2024-11-01T23:22:58.068+0000] {dag.py:3239} INFO - Sync 1 DAGs
[2024-11-01T23:22:58.090+0000] {logging_mixin.py:190} INFO - [2024-11-01T23:22:58.090+0000] {dag.py:4180} INFO - Setting next_dagrun for sparking_flow to 2024-11-01 00:00:00+00:00, run_after=2024-11-02 00:00:00+00:00
[2024-11-01T23:22:58.106+0000] {processor.py:208} INFO - Processing /opt/airflow/dags/spark_airflow.py took 0.084 seconds
[2024-11-01T23:23:28.200+0000] {processor.py:186} INFO - Started process (PID=61827) to work on /opt/airflow/dags/spark_airflow.py
[2024-11-01T23:23:28.201+0000] {processor.py:914} INFO - Processing file /opt/airflow/dags/spark_airflow.py for tasks to queue
[2024-11-01T23:23:28.202+0000] {logging_mixin.py:190} INFO - [2024-11-01T23:23:28.202+0000] {dagbag.py:588} INFO - Filling up the DagBag from /opt/airflow/dags/spark_airflow.py
[2024-11-01T23:23:28.219+0000] {processor.py:925} INFO - DAG(s) 'sparking_flow' retrieved from /opt/airflow/dags/spark_airflow.py
[2024-11-01T23:23:28.244+0000] {logging_mixin.py:190} INFO - [2024-11-01T23:23:28.243+0000] {dag.py:3239} INFO - Sync 1 DAGs
[2024-11-01T23:23:28.263+0000] {logging_mixin.py:190} INFO - [2024-11-01T23:23:28.263+0000] {dag.py:4180} INFO - Setting next_dagrun for sparking_flow to 2024-11-01 00:00:00+00:00, run_after=2024-11-02 00:00:00+00:00
[2024-11-01T23:23:28.279+0000] {processor.py:208} INFO - Processing /opt/airflow/dags/spark_airflow.py took 0.085 seconds
[2024-11-01T23:23:58.435+0000] {processor.py:186} INFO - Started process (PID=61832) to work on /opt/airflow/dags/spark_airflow.py
[2024-11-01T23:23:58.436+0000] {processor.py:914} INFO - Processing file /opt/airflow/dags/spark_airflow.py for tasks to queue
[2024-11-01T23:23:58.437+0000] {logging_mixin.py:190} INFO - [2024-11-01T23:23:58.437+0000] {dagbag.py:588} INFO - Filling up the DagBag from /opt/airflow/dags/spark_airflow.py
[2024-11-01T23:23:58.455+0000] {processor.py:925} INFO - DAG(s) 'sparking_flow' retrieved from /opt/airflow/dags/spark_airflow.py
[2024-11-01T23:23:58.479+0000] {logging_mixin.py:190} INFO - [2024-11-01T23:23:58.479+0000] {dag.py:3239} INFO - Sync 1 DAGs
[2024-11-01T23:23:58.501+0000] {logging_mixin.py:190} INFO - [2024-11-01T23:23:58.500+0000] {dag.py:4180} INFO - Setting next_dagrun for sparking_flow to 2024-11-01 00:00:00+00:00, run_after=2024-11-02 00:00:00+00:00
[2024-11-01T23:23:58.516+0000] {processor.py:208} INFO - Processing /opt/airflow/dags/spark_airflow.py took 0.084 seconds
[2024-11-01T23:24:28.611+0000] {processor.py:186} INFO - Started process (PID=61837) to work on /opt/airflow/dags/spark_airflow.py
[2024-11-01T23:24:28.612+0000] {processor.py:914} INFO - Processing file /opt/airflow/dags/spark_airflow.py for tasks to queue
[2024-11-01T23:24:28.613+0000] {logging_mixin.py:190} INFO - [2024-11-01T23:24:28.613+0000] {dagbag.py:588} INFO - Filling up the DagBag from /opt/airflow/dags/spark_airflow.py
[2024-11-01T23:24:28.631+0000] {processor.py:925} INFO - DAG(s) 'sparking_flow' retrieved from /opt/airflow/dags/spark_airflow.py
[2024-11-01T23:24:28.656+0000] {logging_mixin.py:190} INFO - [2024-11-01T23:24:28.656+0000] {dag.py:3239} INFO - Sync 1 DAGs
[2024-11-01T23:24:28.678+0000] {logging_mixin.py:190} INFO - [2024-11-01T23:24:28.678+0000] {dag.py:4180} INFO - Setting next_dagrun for sparking_flow to 2024-11-01 00:00:00+00:00, run_after=2024-11-02 00:00:00+00:00
[2024-11-01T23:24:28.695+0000] {processor.py:208} INFO - Processing /opt/airflow/dags/spark_airflow.py took 0.088 seconds
[2024-11-01T23:24:58.851+0000] {processor.py:186} INFO - Started process (PID=61842) to work on /opt/airflow/dags/spark_airflow.py
[2024-11-01T23:24:58.852+0000] {processor.py:914} INFO - Processing file /opt/airflow/dags/spark_airflow.py for tasks to queue
[2024-11-01T23:24:58.853+0000] {logging_mixin.py:190} INFO - [2024-11-01T23:24:58.853+0000] {dagbag.py:588} INFO - Filling up the DagBag from /opt/airflow/dags/spark_airflow.py
[2024-11-01T23:24:58.872+0000] {processor.py:925} INFO - DAG(s) 'sparking_flow' retrieved from /opt/airflow/dags/spark_airflow.py
[2024-11-01T23:24:58.896+0000] {logging_mixin.py:190} INFO - [2024-11-01T23:24:58.896+0000] {dag.py:3239} INFO - Sync 1 DAGs
[2024-11-01T23:24:58.917+0000] {logging_mixin.py:190} INFO - [2024-11-01T23:24:58.917+0000] {dag.py:4180} INFO - Setting next_dagrun for sparking_flow to 2024-11-01 00:00:00+00:00, run_after=2024-11-02 00:00:00+00:00
[2024-11-01T23:24:58.933+0000] {processor.py:208} INFO - Processing /opt/airflow/dags/spark_airflow.py took 0.088 seconds
[2024-11-01T23:25:29.031+0000] {processor.py:186} INFO - Started process (PID=61847) to work on /opt/airflow/dags/spark_airflow.py
[2024-11-01T23:25:29.032+0000] {processor.py:914} INFO - Processing file /opt/airflow/dags/spark_airflow.py for tasks to queue
[2024-11-01T23:25:29.033+0000] {logging_mixin.py:190} INFO - [2024-11-01T23:25:29.033+0000] {dagbag.py:588} INFO - Filling up the DagBag from /opt/airflow/dags/spark_airflow.py
[2024-11-01T23:25:29.051+0000] {processor.py:925} INFO - DAG(s) 'sparking_flow' retrieved from /opt/airflow/dags/spark_airflow.py
[2024-11-01T23:25:29.076+0000] {logging_mixin.py:190} INFO - [2024-11-01T23:25:29.076+0000] {dag.py:3239} INFO - Sync 1 DAGs
[2024-11-01T23:25:29.098+0000] {logging_mixin.py:190} INFO - [2024-11-01T23:25:29.098+0000] {dag.py:4180} INFO - Setting next_dagrun for sparking_flow to 2024-11-01 00:00:00+00:00, run_after=2024-11-02 00:00:00+00:00
[2024-11-01T23:25:29.114+0000] {processor.py:208} INFO - Processing /opt/airflow/dags/spark_airflow.py took 0.088 seconds
[2024-11-01T23:25:59.260+0000] {processor.py:186} INFO - Started process (PID=61852) to work on /opt/airflow/dags/spark_airflow.py
[2024-11-01T23:25:59.261+0000] {processor.py:914} INFO - Processing file /opt/airflow/dags/spark_airflow.py for tasks to queue
[2024-11-01T23:25:59.262+0000] {logging_mixin.py:190} INFO - [2024-11-01T23:25:59.262+0000] {dagbag.py:588} INFO - Filling up the DagBag from /opt/airflow/dags/spark_airflow.py
[2024-11-01T23:25:59.279+0000] {processor.py:925} INFO - DAG(s) 'sparking_flow' retrieved from /opt/airflow/dags/spark_airflow.py
[2024-11-01T23:25:59.304+0000] {logging_mixin.py:190} INFO - [2024-11-01T23:25:59.303+0000] {dag.py:3239} INFO - Sync 1 DAGs
[2024-11-01T23:25:59.326+0000] {logging_mixin.py:190} INFO - [2024-11-01T23:25:59.326+0000] {dag.py:4180} INFO - Setting next_dagrun for sparking_flow to 2024-11-01 00:00:00+00:00, run_after=2024-11-02 00:00:00+00:00
[2024-11-01T23:25:59.343+0000] {processor.py:208} INFO - Processing /opt/airflow/dags/spark_airflow.py took 0.088 seconds
[2024-11-01T23:26:29.429+0000] {processor.py:186} INFO - Started process (PID=61857) to work on /opt/airflow/dags/spark_airflow.py
[2024-11-01T23:26:29.430+0000] {processor.py:914} INFO - Processing file /opt/airflow/dags/spark_airflow.py for tasks to queue
[2024-11-01T23:26:29.432+0000] {logging_mixin.py:190} INFO - [2024-11-01T23:26:29.431+0000] {dagbag.py:588} INFO - Filling up the DagBag from /opt/airflow/dags/spark_airflow.py
[2024-11-01T23:26:29.451+0000] {processor.py:925} INFO - DAG(s) 'sparking_flow' retrieved from /opt/airflow/dags/spark_airflow.py
[2024-11-01T23:26:29.476+0000] {logging_mixin.py:190} INFO - [2024-11-01T23:26:29.475+0000] {dag.py:3239} INFO - Sync 1 DAGs
[2024-11-01T23:26:29.496+0000] {logging_mixin.py:190} INFO - [2024-11-01T23:26:29.496+0000] {dag.py:4180} INFO - Setting next_dagrun for sparking_flow to 2024-11-01 00:00:00+00:00, run_after=2024-11-02 00:00:00+00:00
[2024-11-01T23:26:29.513+0000] {processor.py:208} INFO - Processing /opt/airflow/dags/spark_airflow.py took 0.089 seconds
[2024-11-01T23:26:59.688+0000] {processor.py:186} INFO - Started process (PID=61862) to work on /opt/airflow/dags/spark_airflow.py
[2024-11-01T23:26:59.689+0000] {processor.py:914} INFO - Processing file /opt/airflow/dags/spark_airflow.py for tasks to queue
[2024-11-01T23:26:59.690+0000] {logging_mixin.py:190} INFO - [2024-11-01T23:26:59.689+0000] {dagbag.py:588} INFO - Filling up the DagBag from /opt/airflow/dags/spark_airflow.py
[2024-11-01T23:26:59.707+0000] {processor.py:925} INFO - DAG(s) 'sparking_flow' retrieved from /opt/airflow/dags/spark_airflow.py
[2024-11-01T23:26:59.731+0000] {logging_mixin.py:190} INFO - [2024-11-01T23:26:59.731+0000] {dag.py:3239} INFO - Sync 1 DAGs
[2024-11-01T23:26:59.753+0000] {logging_mixin.py:190} INFO - [2024-11-01T23:26:59.753+0000] {dag.py:4180} INFO - Setting next_dagrun for sparking_flow to 2024-11-01 00:00:00+00:00, run_after=2024-11-02 00:00:00+00:00
[2024-11-01T23:26:59.769+0000] {processor.py:208} INFO - Processing /opt/airflow/dags/spark_airflow.py took 0.086 seconds
[2024-11-01T23:27:29.866+0000] {processor.py:186} INFO - Started process (PID=61867) to work on /opt/airflow/dags/spark_airflow.py
[2024-11-01T23:27:29.867+0000] {processor.py:914} INFO - Processing file /opt/airflow/dags/spark_airflow.py for tasks to queue
[2024-11-01T23:27:29.868+0000] {logging_mixin.py:190} INFO - [2024-11-01T23:27:29.868+0000] {dagbag.py:588} INFO - Filling up the DagBag from /opt/airflow/dags/spark_airflow.py
[2024-11-01T23:27:29.888+0000] {processor.py:925} INFO - DAG(s) 'sparking_flow' retrieved from /opt/airflow/dags/spark_airflow.py
[2024-11-01T23:27:29.912+0000] {logging_mixin.py:190} INFO - [2024-11-01T23:27:29.912+0000] {dag.py:3239} INFO - Sync 1 DAGs
[2024-11-01T23:27:29.933+0000] {logging_mixin.py:190} INFO - [2024-11-01T23:27:29.932+0000] {dag.py:4180} INFO - Setting next_dagrun for sparking_flow to 2024-11-01 00:00:00+00:00, run_after=2024-11-02 00:00:00+00:00
[2024-11-01T23:27:29.950+0000] {processor.py:208} INFO - Processing /opt/airflow/dags/spark_airflow.py took 0.089 seconds
[2024-11-01T23:28:00.096+0000] {processor.py:186} INFO - Started process (PID=61872) to work on /opt/airflow/dags/spark_airflow.py
[2024-11-01T23:28:00.096+0000] {processor.py:914} INFO - Processing file /opt/airflow/dags/spark_airflow.py for tasks to queue
[2024-11-01T23:28:00.097+0000] {logging_mixin.py:190} INFO - [2024-11-01T23:28:00.097+0000] {dagbag.py:588} INFO - Filling up the DagBag from /opt/airflow/dags/spark_airflow.py
[2024-11-01T23:28:00.115+0000] {processor.py:925} INFO - DAG(s) 'sparking_flow' retrieved from /opt/airflow/dags/spark_airflow.py
[2024-11-01T23:28:00.138+0000] {logging_mixin.py:190} INFO - [2024-11-01T23:28:00.137+0000] {dag.py:3239} INFO - Sync 1 DAGs
[2024-11-01T23:28:00.159+0000] {logging_mixin.py:190} INFO - [2024-11-01T23:28:00.159+0000] {dag.py:4180} INFO - Setting next_dagrun for sparking_flow to 2024-11-01 00:00:00+00:00, run_after=2024-11-02 00:00:00+00:00
[2024-11-01T23:28:00.174+0000] {processor.py:208} INFO - Processing /opt/airflow/dags/spark_airflow.py took 0.083 seconds
[2024-11-01T23:28:30.267+0000] {processor.py:186} INFO - Started process (PID=61877) to work on /opt/airflow/dags/spark_airflow.py
[2024-11-01T23:28:30.268+0000] {processor.py:914} INFO - Processing file /opt/airflow/dags/spark_airflow.py for tasks to queue
[2024-11-01T23:28:30.269+0000] {logging_mixin.py:190} INFO - [2024-11-01T23:28:30.269+0000] {dagbag.py:588} INFO - Filling up the DagBag from /opt/airflow/dags/spark_airflow.py
[2024-11-01T23:28:30.287+0000] {processor.py:925} INFO - DAG(s) 'sparking_flow' retrieved from /opt/airflow/dags/spark_airflow.py
[2024-11-01T23:28:30.313+0000] {logging_mixin.py:190} INFO - [2024-11-01T23:28:30.313+0000] {dag.py:3239} INFO - Sync 1 DAGs
[2024-11-01T23:28:30.334+0000] {logging_mixin.py:190} INFO - [2024-11-01T23:28:30.334+0000] {dag.py:4180} INFO - Setting next_dagrun for sparking_flow to 2024-11-01 00:00:00+00:00, run_after=2024-11-02 00:00:00+00:00
[2024-11-01T23:28:30.349+0000] {processor.py:208} INFO - Processing /opt/airflow/dags/spark_airflow.py took 0.088 seconds
[2024-11-01T23:29:00.492+0000] {processor.py:186} INFO - Started process (PID=61882) to work on /opt/airflow/dags/spark_airflow.py
[2024-11-01T23:29:00.493+0000] {processor.py:914} INFO - Processing file /opt/airflow/dags/spark_airflow.py for tasks to queue
[2024-11-01T23:29:00.495+0000] {logging_mixin.py:190} INFO - [2024-11-01T23:29:00.494+0000] {dagbag.py:588} INFO - Filling up the DagBag from /opt/airflow/dags/spark_airflow.py
[2024-11-01T23:29:00.513+0000] {processor.py:925} INFO - DAG(s) 'sparking_flow' retrieved from /opt/airflow/dags/spark_airflow.py
[2024-11-01T23:29:00.539+0000] {logging_mixin.py:190} INFO - [2024-11-01T23:29:00.539+0000] {dag.py:3239} INFO - Sync 1 DAGs
[2024-11-01T23:29:00.560+0000] {logging_mixin.py:190} INFO - [2024-11-01T23:29:00.560+0000] {dag.py:4180} INFO - Setting next_dagrun for sparking_flow to 2024-11-01 00:00:00+00:00, run_after=2024-11-02 00:00:00+00:00
[2024-11-01T23:29:00.577+0000] {processor.py:208} INFO - Processing /opt/airflow/dags/spark_airflow.py took 0.090 seconds
[2024-11-01T23:29:30.665+0000] {processor.py:186} INFO - Started process (PID=61887) to work on /opt/airflow/dags/spark_airflow.py
[2024-11-01T23:29:30.666+0000] {processor.py:914} INFO - Processing file /opt/airflow/dags/spark_airflow.py for tasks to queue
[2024-11-01T23:29:30.668+0000] {logging_mixin.py:190} INFO - [2024-11-01T23:29:30.668+0000] {dagbag.py:588} INFO - Filling up the DagBag from /opt/airflow/dags/spark_airflow.py
[2024-11-01T23:29:30.687+0000] {processor.py:925} INFO - DAG(s) 'sparking_flow' retrieved from /opt/airflow/dags/spark_airflow.py
[2024-11-01T23:29:30.713+0000] {logging_mixin.py:190} INFO - [2024-11-01T23:29:30.713+0000] {dag.py:3239} INFO - Sync 1 DAGs
[2024-11-01T23:29:30.736+0000] {logging_mixin.py:190} INFO - [2024-11-01T23:29:30.736+0000] {dag.py:4180} INFO - Setting next_dagrun for sparking_flow to 2024-11-01 00:00:00+00:00, run_after=2024-11-02 00:00:00+00:00
[2024-11-01T23:29:30.752+0000] {processor.py:208} INFO - Processing /opt/airflow/dags/spark_airflow.py took 0.093 seconds
[2024-11-01T23:30:00.899+0000] {processor.py:186} INFO - Started process (PID=61892) to work on /opt/airflow/dags/spark_airflow.py
[2024-11-01T23:30:00.899+0000] {processor.py:914} INFO - Processing file /opt/airflow/dags/spark_airflow.py for tasks to queue
[2024-11-01T23:30:00.901+0000] {logging_mixin.py:190} INFO - [2024-11-01T23:30:00.900+0000] {dagbag.py:588} INFO - Filling up the DagBag from /opt/airflow/dags/spark_airflow.py
[2024-11-01T23:30:00.918+0000] {processor.py:925} INFO - DAG(s) 'sparking_flow' retrieved from /opt/airflow/dags/spark_airflow.py
[2024-11-01T23:30:00.942+0000] {logging_mixin.py:190} INFO - [2024-11-01T23:30:00.942+0000] {dag.py:3239} INFO - Sync 1 DAGs
[2024-11-01T23:30:00.965+0000] {logging_mixin.py:190} INFO - [2024-11-01T23:30:00.965+0000] {dag.py:4180} INFO - Setting next_dagrun for sparking_flow to 2024-11-01 00:00:00+00:00, run_after=2024-11-02 00:00:00+00:00
[2024-11-01T23:30:00.992+0000] {processor.py:208} INFO - Processing /opt/airflow/dags/spark_airflow.py took 0.098 seconds
[2024-11-01T23:30:31.074+0000] {processor.py:186} INFO - Started process (PID=61897) to work on /opt/airflow/dags/spark_airflow.py
[2024-11-01T23:30:31.075+0000] {processor.py:914} INFO - Processing file /opt/airflow/dags/spark_airflow.py for tasks to queue
[2024-11-01T23:30:31.076+0000] {logging_mixin.py:190} INFO - [2024-11-01T23:30:31.076+0000] {dagbag.py:588} INFO - Filling up the DagBag from /opt/airflow/dags/spark_airflow.py
[2024-11-01T23:30:31.095+0000] {processor.py:925} INFO - DAG(s) 'sparking_flow' retrieved from /opt/airflow/dags/spark_airflow.py
[2024-11-01T23:30:31.120+0000] {logging_mixin.py:190} INFO - [2024-11-01T23:30:31.120+0000] {dag.py:3239} INFO - Sync 1 DAGs
[2024-11-01T23:30:31.139+0000] {logging_mixin.py:190} INFO - [2024-11-01T23:30:31.139+0000] {dag.py:4180} INFO - Setting next_dagrun for sparking_flow to 2024-11-01 00:00:00+00:00, run_after=2024-11-02 00:00:00+00:00
[2024-11-01T23:30:31.155+0000] {processor.py:208} INFO - Processing /opt/airflow/dags/spark_airflow.py took 0.087 seconds
[2024-11-01T23:31:01.314+0000] {processor.py:186} INFO - Started process (PID=61902) to work on /opt/airflow/dags/spark_airflow.py
[2024-11-01T23:31:01.314+0000] {processor.py:914} INFO - Processing file /opt/airflow/dags/spark_airflow.py for tasks to queue
[2024-11-01T23:31:01.315+0000] {logging_mixin.py:190} INFO - [2024-11-01T23:31:01.315+0000] {dagbag.py:588} INFO - Filling up the DagBag from /opt/airflow/dags/spark_airflow.py
[2024-11-01T23:31:01.333+0000] {processor.py:925} INFO - DAG(s) 'sparking_flow' retrieved from /opt/airflow/dags/spark_airflow.py
[2024-11-01T23:31:01.356+0000] {logging_mixin.py:190} INFO - [2024-11-01T23:31:01.356+0000] {dag.py:3239} INFO - Sync 1 DAGs
[2024-11-01T23:31:01.376+0000] {logging_mixin.py:190} INFO - [2024-11-01T23:31:01.376+0000] {dag.py:4180} INFO - Setting next_dagrun for sparking_flow to 2024-11-01 00:00:00+00:00, run_after=2024-11-02 00:00:00+00:00
[2024-11-01T23:31:01.391+0000] {processor.py:208} INFO - Processing /opt/airflow/dags/spark_airflow.py took 0.081 seconds
[2024-11-01T23:31:31.483+0000] {processor.py:186} INFO - Started process (PID=61907) to work on /opt/airflow/dags/spark_airflow.py
[2024-11-01T23:31:31.483+0000] {processor.py:914} INFO - Processing file /opt/airflow/dags/spark_airflow.py for tasks to queue
[2024-11-01T23:31:31.485+0000] {logging_mixin.py:190} INFO - [2024-11-01T23:31:31.484+0000] {dagbag.py:588} INFO - Filling up the DagBag from /opt/airflow/dags/spark_airflow.py
[2024-11-01T23:31:31.502+0000] {processor.py:925} INFO - DAG(s) 'sparking_flow' retrieved from /opt/airflow/dags/spark_airflow.py
[2024-11-01T23:31:31.526+0000] {logging_mixin.py:190} INFO - [2024-11-01T23:31:31.526+0000] {dag.py:3239} INFO - Sync 1 DAGs
[2024-11-01T23:31:31.547+0000] {logging_mixin.py:190} INFO - [2024-11-01T23:31:31.547+0000] {dag.py:4180} INFO - Setting next_dagrun for sparking_flow to 2024-11-01 00:00:00+00:00, run_after=2024-11-02 00:00:00+00:00
[2024-11-01T23:31:31.563+0000] {processor.py:208} INFO - Processing /opt/airflow/dags/spark_airflow.py took 0.085 seconds
[2024-11-01T23:32:01.732+0000] {processor.py:186} INFO - Started process (PID=61912) to work on /opt/airflow/dags/spark_airflow.py
[2024-11-01T23:32:01.733+0000] {processor.py:914} INFO - Processing file /opt/airflow/dags/spark_airflow.py for tasks to queue
[2024-11-01T23:32:01.734+0000] {logging_mixin.py:190} INFO - [2024-11-01T23:32:01.733+0000] {dagbag.py:588} INFO - Filling up the DagBag from /opt/airflow/dags/spark_airflow.py
[2024-11-01T23:32:01.751+0000] {processor.py:925} INFO - DAG(s) 'sparking_flow' retrieved from /opt/airflow/dags/spark_airflow.py
[2024-11-01T23:32:01.776+0000] {logging_mixin.py:190} INFO - [2024-11-01T23:32:01.775+0000] {dag.py:3239} INFO - Sync 1 DAGs
[2024-11-01T23:32:01.797+0000] {logging_mixin.py:190} INFO - [2024-11-01T23:32:01.797+0000] {dag.py:4180} INFO - Setting next_dagrun for sparking_flow to 2024-11-01 00:00:00+00:00, run_after=2024-11-02 00:00:00+00:00
[2024-11-01T23:32:01.815+0000] {processor.py:208} INFO - Processing /opt/airflow/dags/spark_airflow.py took 0.088 seconds
[2024-11-01T23:32:31.904+0000] {processor.py:186} INFO - Started process (PID=61917) to work on /opt/airflow/dags/spark_airflow.py
[2024-11-01T23:32:31.905+0000] {processor.py:914} INFO - Processing file /opt/airflow/dags/spark_airflow.py for tasks to queue
[2024-11-01T23:32:31.906+0000] {logging_mixin.py:190} INFO - [2024-11-01T23:32:31.906+0000] {dagbag.py:588} INFO - Filling up the DagBag from /opt/airflow/dags/spark_airflow.py
[2024-11-01T23:32:31.925+0000] {processor.py:925} INFO - DAG(s) 'sparking_flow' retrieved from /opt/airflow/dags/spark_airflow.py
[2024-11-01T23:32:31.951+0000] {logging_mixin.py:190} INFO - [2024-11-01T23:32:31.951+0000] {dag.py:3239} INFO - Sync 1 DAGs
[2024-11-01T23:32:31.973+0000] {logging_mixin.py:190} INFO - [2024-11-01T23:32:31.973+0000] {dag.py:4180} INFO - Setting next_dagrun for sparking_flow to 2024-11-01 00:00:00+00:00, run_after=2024-11-02 00:00:00+00:00
[2024-11-01T23:32:31.994+0000] {processor.py:208} INFO - Processing /opt/airflow/dags/spark_airflow.py took 0.095 seconds
[2024-11-01T23:33:02.138+0000] {processor.py:186} INFO - Started process (PID=61922) to work on /opt/airflow/dags/spark_airflow.py
[2024-11-01T23:33:02.139+0000] {processor.py:914} INFO - Processing file /opt/airflow/dags/spark_airflow.py for tasks to queue
[2024-11-01T23:33:02.141+0000] {logging_mixin.py:190} INFO - [2024-11-01T23:33:02.141+0000] {dagbag.py:588} INFO - Filling up the DagBag from /opt/airflow/dags/spark_airflow.py
[2024-11-01T23:33:02.159+0000] {processor.py:925} INFO - DAG(s) 'sparking_flow' retrieved from /opt/airflow/dags/spark_airflow.py
[2024-11-01T23:33:02.183+0000] {logging_mixin.py:190} INFO - [2024-11-01T23:33:02.183+0000] {dag.py:3239} INFO - Sync 1 DAGs
[2024-11-01T23:33:02.205+0000] {logging_mixin.py:190} INFO - [2024-11-01T23:33:02.205+0000] {dag.py:4180} INFO - Setting next_dagrun for sparking_flow to 2024-11-01 00:00:00+00:00, run_after=2024-11-02 00:00:00+00:00
[2024-11-01T23:33:02.235+0000] {processor.py:208} INFO - Processing /opt/airflow/dags/spark_airflow.py took 0.102 seconds
[2024-11-01T23:33:32.328+0000] {processor.py:186} INFO - Started process (PID=61927) to work on /opt/airflow/dags/spark_airflow.py
[2024-11-01T23:33:32.329+0000] {processor.py:914} INFO - Processing file /opt/airflow/dags/spark_airflow.py for tasks to queue
[2024-11-01T23:33:32.330+0000] {logging_mixin.py:190} INFO - [2024-11-01T23:33:32.330+0000] {dagbag.py:588} INFO - Filling up the DagBag from /opt/airflow/dags/spark_airflow.py
[2024-11-01T23:33:32.349+0000] {processor.py:925} INFO - DAG(s) 'sparking_flow' retrieved from /opt/airflow/dags/spark_airflow.py
[2024-11-01T23:33:32.373+0000] {logging_mixin.py:190} INFO - [2024-11-01T23:33:32.373+0000] {dag.py:3239} INFO - Sync 1 DAGs
[2024-11-01T23:33:32.394+0000] {logging_mixin.py:190} INFO - [2024-11-01T23:33:32.393+0000] {dag.py:4180} INFO - Setting next_dagrun for sparking_flow to 2024-11-01 00:00:00+00:00, run_after=2024-11-02 00:00:00+00:00
[2024-11-01T23:33:32.409+0000] {processor.py:208} INFO - Processing /opt/airflow/dags/spark_airflow.py took 0.088 seconds
[2024-11-01T23:34:02.556+0000] {processor.py:186} INFO - Started process (PID=61932) to work on /opt/airflow/dags/spark_airflow.py
[2024-11-01T23:34:02.557+0000] {processor.py:914} INFO - Processing file /opt/airflow/dags/spark_airflow.py for tasks to queue
[2024-11-01T23:34:02.558+0000] {logging_mixin.py:190} INFO - [2024-11-01T23:34:02.558+0000] {dagbag.py:588} INFO - Filling up the DagBag from /opt/airflow/dags/spark_airflow.py
[2024-11-01T23:34:02.575+0000] {processor.py:925} INFO - DAG(s) 'sparking_flow' retrieved from /opt/airflow/dags/spark_airflow.py
[2024-11-01T23:34:02.600+0000] {logging_mixin.py:190} INFO - [2024-11-01T23:34:02.600+0000] {dag.py:3239} INFO - Sync 1 DAGs
[2024-11-01T23:34:02.621+0000] {logging_mixin.py:190} INFO - [2024-11-01T23:34:02.621+0000] {dag.py:4180} INFO - Setting next_dagrun for sparking_flow to 2024-11-01 00:00:00+00:00, run_after=2024-11-02 00:00:00+00:00
[2024-11-01T23:34:02.655+0000] {processor.py:208} INFO - Processing /opt/airflow/dags/spark_airflow.py took 0.103 seconds
[2024-11-01T23:34:32.728+0000] {processor.py:186} INFO - Started process (PID=61937) to work on /opt/airflow/dags/spark_airflow.py
[2024-11-01T23:34:32.729+0000] {processor.py:914} INFO - Processing file /opt/airflow/dags/spark_airflow.py for tasks to queue
[2024-11-01T23:34:32.730+0000] {logging_mixin.py:190} INFO - [2024-11-01T23:34:32.729+0000] {dagbag.py:588} INFO - Filling up the DagBag from /opt/airflow/dags/spark_airflow.py
[2024-11-01T23:34:32.747+0000] {processor.py:925} INFO - DAG(s) 'sparking_flow' retrieved from /opt/airflow/dags/spark_airflow.py
[2024-11-01T23:34:32.769+0000] {logging_mixin.py:190} INFO - [2024-11-01T23:34:32.769+0000] {dag.py:3239} INFO - Sync 1 DAGs
[2024-11-01T23:34:32.789+0000] {logging_mixin.py:190} INFO - [2024-11-01T23:34:32.789+0000] {dag.py:4180} INFO - Setting next_dagrun for sparking_flow to 2024-11-01 00:00:00+00:00, run_after=2024-11-02 00:00:00+00:00
[2024-11-01T23:34:32.808+0000] {processor.py:208} INFO - Processing /opt/airflow/dags/spark_airflow.py took 0.085 seconds
[2024-11-01T23:35:02.980+0000] {processor.py:186} INFO - Started process (PID=61942) to work on /opt/airflow/dags/spark_airflow.py
[2024-11-01T23:35:02.981+0000] {processor.py:914} INFO - Processing file /opt/airflow/dags/spark_airflow.py for tasks to queue
[2024-11-01T23:35:02.982+0000] {logging_mixin.py:190} INFO - [2024-11-01T23:35:02.982+0000] {dagbag.py:588} INFO - Filling up the DagBag from /opt/airflow/dags/spark_airflow.py
[2024-11-01T23:35:03.000+0000] {processor.py:925} INFO - DAG(s) 'sparking_flow' retrieved from /opt/airflow/dags/spark_airflow.py
[2024-11-01T23:35:03.024+0000] {logging_mixin.py:190} INFO - [2024-11-01T23:35:03.024+0000] {dag.py:3239} INFO - Sync 1 DAGs
[2024-11-01T23:35:03.046+0000] {logging_mixin.py:190} INFO - [2024-11-01T23:35:03.045+0000] {dag.py:4180} INFO - Setting next_dagrun for sparking_flow to 2024-11-01 00:00:00+00:00, run_after=2024-11-02 00:00:00+00:00
[2024-11-01T23:35:03.066+0000] {processor.py:208} INFO - Processing /opt/airflow/dags/spark_airflow.py took 0.089 seconds
[2024-11-01T23:35:33.156+0000] {processor.py:186} INFO - Started process (PID=61947) to work on /opt/airflow/dags/spark_airflow.py
[2024-11-01T23:35:33.157+0000] {processor.py:914} INFO - Processing file /opt/airflow/dags/spark_airflow.py for tasks to queue
[2024-11-01T23:35:33.158+0000] {logging_mixin.py:190} INFO - [2024-11-01T23:35:33.158+0000] {dagbag.py:588} INFO - Filling up the DagBag from /opt/airflow/dags/spark_airflow.py
[2024-11-01T23:35:33.176+0000] {processor.py:925} INFO - DAG(s) 'sparking_flow' retrieved from /opt/airflow/dags/spark_airflow.py
[2024-11-01T23:35:33.202+0000] {logging_mixin.py:190} INFO - [2024-11-01T23:35:33.202+0000] {dag.py:3239} INFO - Sync 1 DAGs
[2024-11-01T23:35:33.223+0000] {logging_mixin.py:190} INFO - [2024-11-01T23:35:33.223+0000] {dag.py:4180} INFO - Setting next_dagrun for sparking_flow to 2024-11-01 00:00:00+00:00, run_after=2024-11-02 00:00:00+00:00
[2024-11-01T23:35:33.241+0000] {processor.py:208} INFO - Processing /opt/airflow/dags/spark_airflow.py took 0.089 seconds
[2024-11-01T23:36:03.400+0000] {processor.py:186} INFO - Started process (PID=61952) to work on /opt/airflow/dags/spark_airflow.py
[2024-11-01T23:36:03.401+0000] {processor.py:914} INFO - Processing file /opt/airflow/dags/spark_airflow.py for tasks to queue
[2024-11-01T23:36:03.402+0000] {logging_mixin.py:190} INFO - [2024-11-01T23:36:03.402+0000] {dagbag.py:588} INFO - Filling up the DagBag from /opt/airflow/dags/spark_airflow.py
[2024-11-01T23:36:03.419+0000] {processor.py:925} INFO - DAG(s) 'sparking_flow' retrieved from /opt/airflow/dags/spark_airflow.py
[2024-11-01T23:36:03.444+0000] {logging_mixin.py:190} INFO - [2024-11-01T23:36:03.443+0000] {dag.py:3239} INFO - Sync 1 DAGs
[2024-11-01T23:36:03.464+0000] {logging_mixin.py:190} INFO - [2024-11-01T23:36:03.463+0000] {dag.py:4180} INFO - Setting next_dagrun for sparking_flow to 2024-11-01 00:00:00+00:00, run_after=2024-11-02 00:00:00+00:00
[2024-11-01T23:36:03.479+0000] {processor.py:208} INFO - Processing /opt/airflow/dags/spark_airflow.py took 0.083 seconds
[2024-11-01T23:36:33.554+0000] {processor.py:186} INFO - Started process (PID=61957) to work on /opt/airflow/dags/spark_airflow.py
[2024-11-01T23:36:33.555+0000] {processor.py:914} INFO - Processing file /opt/airflow/dags/spark_airflow.py for tasks to queue
[2024-11-01T23:36:33.557+0000] {logging_mixin.py:190} INFO - [2024-11-01T23:36:33.556+0000] {dagbag.py:588} INFO - Filling up the DagBag from /opt/airflow/dags/spark_airflow.py
[2024-11-01T23:36:33.577+0000] {processor.py:925} INFO - DAG(s) 'sparking_flow' retrieved from /opt/airflow/dags/spark_airflow.py
[2024-11-01T23:36:33.602+0000] {logging_mixin.py:190} INFO - [2024-11-01T23:36:33.602+0000] {dag.py:3239} INFO - Sync 1 DAGs
[2024-11-01T23:36:33.624+0000] {logging_mixin.py:190} INFO - [2024-11-01T23:36:33.624+0000] {dag.py:4180} INFO - Setting next_dagrun for sparking_flow to 2024-11-01 00:00:00+00:00, run_after=2024-11-02 00:00:00+00:00
[2024-11-01T23:36:33.653+0000] {processor.py:208} INFO - Processing /opt/airflow/dags/spark_airflow.py took 0.105 seconds
[2024-11-01T23:37:03.830+0000] {processor.py:186} INFO - Started process (PID=61962) to work on /opt/airflow/dags/spark_airflow.py
[2024-11-01T23:37:03.831+0000] {processor.py:914} INFO - Processing file /opt/airflow/dags/spark_airflow.py for tasks to queue
[2024-11-01T23:37:03.832+0000] {logging_mixin.py:190} INFO - [2024-11-01T23:37:03.832+0000] {dagbag.py:588} INFO - Filling up the DagBag from /opt/airflow/dags/spark_airflow.py
[2024-11-01T23:37:03.851+0000] {processor.py:925} INFO - DAG(s) 'sparking_flow' retrieved from /opt/airflow/dags/spark_airflow.py
[2024-11-01T23:37:03.879+0000] {logging_mixin.py:190} INFO - [2024-11-01T23:37:03.879+0000] {dag.py:3239} INFO - Sync 1 DAGs
[2024-11-01T23:37:03.911+0000] {logging_mixin.py:190} INFO - [2024-11-01T23:37:03.910+0000] {dag.py:4180} INFO - Setting next_dagrun for sparking_flow to 2024-11-01 00:00:00+00:00, run_after=2024-11-02 00:00:00+00:00
[2024-11-01T23:37:03.935+0000] {processor.py:208} INFO - Processing /opt/airflow/dags/spark_airflow.py took 0.110 seconds
[2024-11-01T23:37:34.003+0000] {processor.py:186} INFO - Started process (PID=61967) to work on /opt/airflow/dags/spark_airflow.py
[2024-11-01T23:37:34.003+0000] {processor.py:914} INFO - Processing file /opt/airflow/dags/spark_airflow.py for tasks to queue
[2024-11-01T23:37:34.004+0000] {logging_mixin.py:190} INFO - [2024-11-01T23:37:34.004+0000] {dagbag.py:588} INFO - Filling up the DagBag from /opt/airflow/dags/spark_airflow.py
[2024-11-01T23:37:34.021+0000] {processor.py:925} INFO - DAG(s) 'sparking_flow' retrieved from /opt/airflow/dags/spark_airflow.py
[2024-11-01T23:37:34.046+0000] {logging_mixin.py:190} INFO - [2024-11-01T23:37:34.046+0000] {dag.py:3239} INFO - Sync 1 DAGs
[2024-11-01T23:37:34.068+0000] {logging_mixin.py:190} INFO - [2024-11-01T23:37:34.068+0000] {dag.py:4180} INFO - Setting next_dagrun for sparking_flow to 2024-11-01 00:00:00+00:00, run_after=2024-11-02 00:00:00+00:00
[2024-11-01T23:37:34.086+0000] {processor.py:208} INFO - Processing /opt/airflow/dags/spark_airflow.py took 0.089 seconds
[2024-11-01T23:38:04.248+0000] {processor.py:186} INFO - Started process (PID=61972) to work on /opt/airflow/dags/spark_airflow.py
[2024-11-01T23:38:04.249+0000] {processor.py:914} INFO - Processing file /opt/airflow/dags/spark_airflow.py for tasks to queue
[2024-11-01T23:38:04.250+0000] {logging_mixin.py:190} INFO - [2024-11-01T23:38:04.250+0000] {dagbag.py:588} INFO - Filling up the DagBag from /opt/airflow/dags/spark_airflow.py
[2024-11-01T23:38:04.267+0000] {processor.py:925} INFO - DAG(s) 'sparking_flow' retrieved from /opt/airflow/dags/spark_airflow.py
[2024-11-01T23:38:04.291+0000] {logging_mixin.py:190} INFO - [2024-11-01T23:38:04.290+0000] {dag.py:3239} INFO - Sync 1 DAGs
[2024-11-01T23:38:04.312+0000] {logging_mixin.py:190} INFO - [2024-11-01T23:38:04.311+0000] {dag.py:4180} INFO - Setting next_dagrun for sparking_flow to 2024-11-01 00:00:00+00:00, run_after=2024-11-02 00:00:00+00:00
[2024-11-01T23:38:04.326+0000] {processor.py:208} INFO - Processing /opt/airflow/dags/spark_airflow.py took 0.082 seconds
[2024-11-01T23:38:34.416+0000] {processor.py:186} INFO - Started process (PID=61977) to work on /opt/airflow/dags/spark_airflow.py
[2024-11-01T23:38:34.417+0000] {processor.py:914} INFO - Processing file /opt/airflow/dags/spark_airflow.py for tasks to queue
[2024-11-01T23:38:34.418+0000] {logging_mixin.py:190} INFO - [2024-11-01T23:38:34.418+0000] {dagbag.py:588} INFO - Filling up the DagBag from /opt/airflow/dags/spark_airflow.py
[2024-11-01T23:38:34.435+0000] {processor.py:925} INFO - DAG(s) 'sparking_flow' retrieved from /opt/airflow/dags/spark_airflow.py
[2024-11-01T23:38:34.461+0000] {logging_mixin.py:190} INFO - [2024-11-01T23:38:34.461+0000] {dag.py:3239} INFO - Sync 1 DAGs
[2024-11-01T23:38:34.484+0000] {logging_mixin.py:190} INFO - [2024-11-01T23:38:34.483+0000] {dag.py:4180} INFO - Setting next_dagrun for sparking_flow to 2024-11-01 00:00:00+00:00, run_after=2024-11-02 00:00:00+00:00
[2024-11-01T23:38:34.500+0000] {processor.py:208} INFO - Processing /opt/airflow/dags/spark_airflow.py took 0.088 seconds
[2024-11-01T23:39:04.642+0000] {processor.py:186} INFO - Started process (PID=61982) to work on /opt/airflow/dags/spark_airflow.py
[2024-11-01T23:39:04.643+0000] {processor.py:914} INFO - Processing file /opt/airflow/dags/spark_airflow.py for tasks to queue
[2024-11-01T23:39:04.644+0000] {logging_mixin.py:190} INFO - [2024-11-01T23:39:04.644+0000] {dagbag.py:588} INFO - Filling up the DagBag from /opt/airflow/dags/spark_airflow.py
[2024-11-01T23:39:04.661+0000] {processor.py:925} INFO - DAG(s) 'sparking_flow' retrieved from /opt/airflow/dags/spark_airflow.py
[2024-11-01T23:39:04.686+0000] {logging_mixin.py:190} INFO - [2024-11-01T23:39:04.685+0000] {dag.py:3239} INFO - Sync 1 DAGs
[2024-11-01T23:39:04.708+0000] {logging_mixin.py:190} INFO - [2024-11-01T23:39:04.707+0000] {dag.py:4180} INFO - Setting next_dagrun for sparking_flow to 2024-11-01 00:00:00+00:00, run_after=2024-11-02 00:00:00+00:00
[2024-11-01T23:39:04.738+0000] {processor.py:208} INFO - Processing /opt/airflow/dags/spark_airflow.py took 0.101 seconds
[2024-11-01T23:39:34.820+0000] {processor.py:186} INFO - Started process (PID=61987) to work on /opt/airflow/dags/spark_airflow.py
[2024-11-01T23:39:34.821+0000] {processor.py:914} INFO - Processing file /opt/airflow/dags/spark_airflow.py for tasks to queue
[2024-11-01T23:39:34.822+0000] {logging_mixin.py:190} INFO - [2024-11-01T23:39:34.822+0000] {dagbag.py:588} INFO - Filling up the DagBag from /opt/airflow/dags/spark_airflow.py
[2024-11-01T23:39:34.842+0000] {processor.py:925} INFO - DAG(s) 'sparking_flow' retrieved from /opt/airflow/dags/spark_airflow.py
[2024-11-01T23:39:34.870+0000] {logging_mixin.py:190} INFO - [2024-11-01T23:39:34.869+0000] {dag.py:3239} INFO - Sync 1 DAGs
[2024-11-01T23:39:34.891+0000] {logging_mixin.py:190} INFO - [2024-11-01T23:39:34.891+0000] {dag.py:4180} INFO - Setting next_dagrun for sparking_flow to 2024-11-01 00:00:00+00:00, run_after=2024-11-02 00:00:00+00:00
[2024-11-01T23:39:34.906+0000] {processor.py:208} INFO - Processing /opt/airflow/dags/spark_airflow.py took 0.094 seconds
[2024-11-01T23:40:05.060+0000] {processor.py:186} INFO - Started process (PID=61992) to work on /opt/airflow/dags/spark_airflow.py
[2024-11-01T23:40:05.061+0000] {processor.py:914} INFO - Processing file /opt/airflow/dags/spark_airflow.py for tasks to queue
[2024-11-01T23:40:05.063+0000] {logging_mixin.py:190} INFO - [2024-11-01T23:40:05.062+0000] {dagbag.py:588} INFO - Filling up the DagBag from /opt/airflow/dags/spark_airflow.py
[2024-11-01T23:40:05.080+0000] {processor.py:925} INFO - DAG(s) 'sparking_flow' retrieved from /opt/airflow/dags/spark_airflow.py
[2024-11-01T23:40:05.105+0000] {logging_mixin.py:190} INFO - [2024-11-01T23:40:05.105+0000] {dag.py:3239} INFO - Sync 1 DAGs
[2024-11-01T23:40:05.127+0000] {logging_mixin.py:190} INFO - [2024-11-01T23:40:05.127+0000] {dag.py:4180} INFO - Setting next_dagrun for sparking_flow to 2024-11-01 00:00:00+00:00, run_after=2024-11-02 00:00:00+00:00
[2024-11-01T23:40:05.143+0000] {processor.py:208} INFO - Processing /opt/airflow/dags/spark_airflow.py took 0.087 seconds
[2024-11-01T23:40:35.240+0000] {processor.py:186} INFO - Started process (PID=61997) to work on /opt/airflow/dags/spark_airflow.py
[2024-11-01T23:40:35.241+0000] {processor.py:914} INFO - Processing file /opt/airflow/dags/spark_airflow.py for tasks to queue
[2024-11-01T23:40:35.242+0000] {logging_mixin.py:190} INFO - [2024-11-01T23:40:35.242+0000] {dagbag.py:588} INFO - Filling up the DagBag from /opt/airflow/dags/spark_airflow.py
[2024-11-01T23:40:35.261+0000] {processor.py:925} INFO - DAG(s) 'sparking_flow' retrieved from /opt/airflow/dags/spark_airflow.py
[2024-11-01T23:40:35.286+0000] {logging_mixin.py:190} INFO - [2024-11-01T23:40:35.286+0000] {dag.py:3239} INFO - Sync 1 DAGs
[2024-11-01T23:40:35.306+0000] {logging_mixin.py:190} INFO - [2024-11-01T23:40:35.305+0000] {dag.py:4180} INFO - Setting next_dagrun for sparking_flow to 2024-11-01 00:00:00+00:00, run_after=2024-11-02 00:00:00+00:00
[2024-11-01T23:40:35.321+0000] {processor.py:208} INFO - Processing /opt/airflow/dags/spark_airflow.py took 0.087 seconds
[2024-11-01T23:41:05.464+0000] {processor.py:186} INFO - Started process (PID=62002) to work on /opt/airflow/dags/spark_airflow.py
[2024-11-01T23:41:05.465+0000] {processor.py:914} INFO - Processing file /opt/airflow/dags/spark_airflow.py for tasks to queue
[2024-11-01T23:41:05.466+0000] {logging_mixin.py:190} INFO - [2024-11-01T23:41:05.466+0000] {dagbag.py:588} INFO - Filling up the DagBag from /opt/airflow/dags/spark_airflow.py
[2024-11-01T23:41:05.484+0000] {processor.py:925} INFO - DAG(s) 'sparking_flow' retrieved from /opt/airflow/dags/spark_airflow.py
[2024-11-01T23:41:05.509+0000] {logging_mixin.py:190} INFO - [2024-11-01T23:41:05.509+0000] {dag.py:3239} INFO - Sync 1 DAGs
[2024-11-01T23:41:05.532+0000] {logging_mixin.py:190} INFO - [2024-11-01T23:41:05.531+0000] {dag.py:4180} INFO - Setting next_dagrun for sparking_flow to 2024-11-01 00:00:00+00:00, run_after=2024-11-02 00:00:00+00:00
[2024-11-01T23:41:05.552+0000] {processor.py:208} INFO - Processing /opt/airflow/dags/spark_airflow.py took 0.092 seconds
[2024-11-01T23:41:35.636+0000] {processor.py:186} INFO - Started process (PID=62007) to work on /opt/airflow/dags/spark_airflow.py
[2024-11-01T23:41:35.637+0000] {processor.py:914} INFO - Processing file /opt/airflow/dags/spark_airflow.py for tasks to queue
[2024-11-01T23:41:35.639+0000] {logging_mixin.py:190} INFO - [2024-11-01T23:41:35.638+0000] {dagbag.py:588} INFO - Filling up the DagBag from /opt/airflow/dags/spark_airflow.py
[2024-11-01T23:41:35.657+0000] {processor.py:925} INFO - DAG(s) 'sparking_flow' retrieved from /opt/airflow/dags/spark_airflow.py
[2024-11-01T23:41:35.682+0000] {logging_mixin.py:190} INFO - [2024-11-01T23:41:35.682+0000] {dag.py:3239} INFO - Sync 1 DAGs
[2024-11-01T23:41:35.703+0000] {logging_mixin.py:190} INFO - [2024-11-01T23:41:35.702+0000] {dag.py:4180} INFO - Setting next_dagrun for sparking_flow to 2024-11-01 00:00:00+00:00, run_after=2024-11-02 00:00:00+00:00
[2024-11-01T23:41:35.718+0000] {processor.py:208} INFO - Processing /opt/airflow/dags/spark_airflow.py took 0.086 seconds
[2024-11-01T23:42:05.901+0000] {processor.py:186} INFO - Started process (PID=62012) to work on /opt/airflow/dags/spark_airflow.py
[2024-11-01T23:42:05.902+0000] {processor.py:914} INFO - Processing file /opt/airflow/dags/spark_airflow.py for tasks to queue
[2024-11-01T23:42:05.903+0000] {logging_mixin.py:190} INFO - [2024-11-01T23:42:05.902+0000] {dagbag.py:588} INFO - Filling up the DagBag from /opt/airflow/dags/spark_airflow.py
[2024-11-01T23:42:05.921+0000] {processor.py:925} INFO - DAG(s) 'sparking_flow' retrieved from /opt/airflow/dags/spark_airflow.py
[2024-11-01T23:42:05.947+0000] {logging_mixin.py:190} INFO - [2024-11-01T23:42:05.946+0000] {dag.py:3239} INFO - Sync 1 DAGs
[2024-11-01T23:42:05.972+0000] {logging_mixin.py:190} INFO - [2024-11-01T23:42:05.971+0000] {dag.py:4180} INFO - Setting next_dagrun for sparking_flow to 2024-11-01 00:00:00+00:00, run_after=2024-11-02 00:00:00+00:00
[2024-11-01T23:42:05.991+0000] {processor.py:208} INFO - Processing /opt/airflow/dags/spark_airflow.py took 0.095 seconds
[2024-11-01T23:42:36.068+0000] {processor.py:186} INFO - Started process (PID=62017) to work on /opt/airflow/dags/spark_airflow.py
[2024-11-01T23:42:36.069+0000] {processor.py:914} INFO - Processing file /opt/airflow/dags/spark_airflow.py for tasks to queue
[2024-11-01T23:42:36.070+0000] {logging_mixin.py:190} INFO - [2024-11-01T23:42:36.070+0000] {dagbag.py:588} INFO - Filling up the DagBag from /opt/airflow/dags/spark_airflow.py
[2024-11-01T23:42:36.088+0000] {processor.py:925} INFO - DAG(s) 'sparking_flow' retrieved from /opt/airflow/dags/spark_airflow.py
[2024-11-01T23:42:36.110+0000] {logging_mixin.py:190} INFO - [2024-11-01T23:42:36.110+0000] {dag.py:3239} INFO - Sync 1 DAGs
[2024-11-01T23:42:36.130+0000] {logging_mixin.py:190} INFO - [2024-11-01T23:42:36.130+0000] {dag.py:4180} INFO - Setting next_dagrun for sparking_flow to 2024-11-01 00:00:00+00:00, run_after=2024-11-02 00:00:00+00:00
[2024-11-01T23:42:36.147+0000] {processor.py:208} INFO - Processing /opt/airflow/dags/spark_airflow.py took 0.083 seconds
[2024-11-01T23:43:06.305+0000] {processor.py:186} INFO - Started process (PID=62022) to work on /opt/airflow/dags/spark_airflow.py
[2024-11-01T23:43:06.306+0000] {processor.py:914} INFO - Processing file /opt/airflow/dags/spark_airflow.py for tasks to queue
[2024-11-01T23:43:06.308+0000] {logging_mixin.py:190} INFO - [2024-11-01T23:43:06.307+0000] {dagbag.py:588} INFO - Filling up the DagBag from /opt/airflow/dags/spark_airflow.py
[2024-11-01T23:43:06.325+0000] {processor.py:925} INFO - DAG(s) 'sparking_flow' retrieved from /opt/airflow/dags/spark_airflow.py
[2024-11-01T23:43:06.350+0000] {logging_mixin.py:190} INFO - [2024-11-01T23:43:06.349+0000] {dag.py:3239} INFO - Sync 1 DAGs
[2024-11-01T23:43:06.373+0000] {logging_mixin.py:190} INFO - [2024-11-01T23:43:06.372+0000] {dag.py:4180} INFO - Setting next_dagrun for sparking_flow to 2024-11-01 00:00:00+00:00, run_after=2024-11-02 00:00:00+00:00
[2024-11-01T23:43:06.404+0000] {processor.py:208} INFO - Processing /opt/airflow/dags/spark_airflow.py took 0.103 seconds
[2024-11-01T23:43:36.473+0000] {processor.py:186} INFO - Started process (PID=62027) to work on /opt/airflow/dags/spark_airflow.py
[2024-11-01T23:43:36.473+0000] {processor.py:914} INFO - Processing file /opt/airflow/dags/spark_airflow.py for tasks to queue
[2024-11-01T23:43:36.475+0000] {logging_mixin.py:190} INFO - [2024-11-01T23:43:36.474+0000] {dagbag.py:588} INFO - Filling up the DagBag from /opt/airflow/dags/spark_airflow.py
[2024-11-01T23:43:36.492+0000] {processor.py:925} INFO - DAG(s) 'sparking_flow' retrieved from /opt/airflow/dags/spark_airflow.py
[2024-11-01T23:43:36.515+0000] {logging_mixin.py:190} INFO - [2024-11-01T23:43:36.515+0000] {dag.py:3239} INFO - Sync 1 DAGs
[2024-11-01T23:43:36.537+0000] {logging_mixin.py:190} INFO - [2024-11-01T23:43:36.537+0000] {dag.py:4180} INFO - Setting next_dagrun for sparking_flow to 2024-11-01 00:00:00+00:00, run_after=2024-11-02 00:00:00+00:00
[2024-11-01T23:43:36.567+0000] {processor.py:208} INFO - Processing /opt/airflow/dags/spark_airflow.py took 0.099 seconds
[2024-11-01T23:44:06.720+0000] {processor.py:186} INFO - Started process (PID=62032) to work on /opt/airflow/dags/spark_airflow.py
[2024-11-01T23:44:06.721+0000] {processor.py:914} INFO - Processing file /opt/airflow/dags/spark_airflow.py for tasks to queue
[2024-11-01T23:44:06.722+0000] {logging_mixin.py:190} INFO - [2024-11-01T23:44:06.721+0000] {dagbag.py:588} INFO - Filling up the DagBag from /opt/airflow/dags/spark_airflow.py
[2024-11-01T23:44:06.739+0000] {processor.py:925} INFO - DAG(s) 'sparking_flow' retrieved from /opt/airflow/dags/spark_airflow.py
[2024-11-01T23:44:06.766+0000] {logging_mixin.py:190} INFO - [2024-11-01T23:44:06.765+0000] {dag.py:3239} INFO - Sync 1 DAGs
[2024-11-01T23:44:06.788+0000] {logging_mixin.py:190} INFO - [2024-11-01T23:44:06.788+0000] {dag.py:4180} INFO - Setting next_dagrun for sparking_flow to 2024-11-01 00:00:00+00:00, run_after=2024-11-02 00:00:00+00:00
[2024-11-01T23:44:06.819+0000] {processor.py:208} INFO - Processing /opt/airflow/dags/spark_airflow.py took 0.103 seconds
[2024-11-01T23:44:36.896+0000] {processor.py:186} INFO - Started process (PID=62037) to work on /opt/airflow/dags/spark_airflow.py
[2024-11-01T23:44:36.897+0000] {processor.py:914} INFO - Processing file /opt/airflow/dags/spark_airflow.py for tasks to queue
[2024-11-01T23:44:36.898+0000] {logging_mixin.py:190} INFO - [2024-11-01T23:44:36.898+0000] {dagbag.py:588} INFO - Filling up the DagBag from /opt/airflow/dags/spark_airflow.py
[2024-11-01T23:44:36.917+0000] {processor.py:925} INFO - DAG(s) 'sparking_flow' retrieved from /opt/airflow/dags/spark_airflow.py
[2024-11-01T23:44:36.941+0000] {logging_mixin.py:190} INFO - [2024-11-01T23:44:36.940+0000] {dag.py:3239} INFO - Sync 1 DAGs
[2024-11-01T23:44:36.960+0000] {logging_mixin.py:190} INFO - [2024-11-01T23:44:36.960+0000] {dag.py:4180} INFO - Setting next_dagrun for sparking_flow to 2024-11-01 00:00:00+00:00, run_after=2024-11-02 00:00:00+00:00
[2024-11-01T23:44:36.976+0000] {processor.py:208} INFO - Processing /opt/airflow/dags/spark_airflow.py took 0.086 seconds
[2024-11-01T23:45:07.152+0000] {processor.py:186} INFO - Started process (PID=62042) to work on /opt/airflow/dags/spark_airflow.py
[2024-11-01T23:45:07.153+0000] {processor.py:914} INFO - Processing file /opt/airflow/dags/spark_airflow.py for tasks to queue
[2024-11-01T23:45:07.155+0000] {logging_mixin.py:190} INFO - [2024-11-01T23:45:07.155+0000] {dagbag.py:588} INFO - Filling up the DagBag from /opt/airflow/dags/spark_airflow.py
[2024-11-01T23:45:07.172+0000] {processor.py:925} INFO - DAG(s) 'sparking_flow' retrieved from /opt/airflow/dags/spark_airflow.py
[2024-11-01T23:45:07.198+0000] {logging_mixin.py:190} INFO - [2024-11-01T23:45:07.197+0000] {dag.py:3239} INFO - Sync 1 DAGs
[2024-11-01T23:45:07.219+0000] {logging_mixin.py:190} INFO - [2024-11-01T23:45:07.219+0000] {dag.py:4180} INFO - Setting next_dagrun for sparking_flow to 2024-11-01 00:00:00+00:00, run_after=2024-11-02 00:00:00+00:00
[2024-11-01T23:45:07.235+0000] {processor.py:208} INFO - Processing /opt/airflow/dags/spark_airflow.py took 0.087 seconds
[2024-11-01T23:45:37.331+0000] {processor.py:186} INFO - Started process (PID=62047) to work on /opt/airflow/dags/spark_airflow.py
[2024-11-01T23:45:37.332+0000] {processor.py:914} INFO - Processing file /opt/airflow/dags/spark_airflow.py for tasks to queue
[2024-11-01T23:45:37.334+0000] {logging_mixin.py:190} INFO - [2024-11-01T23:45:37.333+0000] {dagbag.py:588} INFO - Filling up the DagBag from /opt/airflow/dags/spark_airflow.py
[2024-11-01T23:45:37.350+0000] {processor.py:925} INFO - DAG(s) 'sparking_flow' retrieved from /opt/airflow/dags/spark_airflow.py
[2024-11-01T23:45:37.373+0000] {logging_mixin.py:190} INFO - [2024-11-01T23:45:37.373+0000] {dag.py:3239} INFO - Sync 1 DAGs
[2024-11-01T23:45:37.392+0000] {logging_mixin.py:190} INFO - [2024-11-01T23:45:37.392+0000] {dag.py:4180} INFO - Setting next_dagrun for sparking_flow to 2024-11-01 00:00:00+00:00, run_after=2024-11-02 00:00:00+00:00
[2024-11-01T23:45:37.408+0000] {processor.py:208} INFO - Processing /opt/airflow/dags/spark_airflow.py took 0.083 seconds
[2024-11-01T23:46:07.573+0000] {processor.py:186} INFO - Started process (PID=62052) to work on /opt/airflow/dags/spark_airflow.py
[2024-11-01T23:46:07.574+0000] {processor.py:914} INFO - Processing file /opt/airflow/dags/spark_airflow.py for tasks to queue
[2024-11-01T23:46:07.575+0000] {logging_mixin.py:190} INFO - [2024-11-01T23:46:07.575+0000] {dagbag.py:588} INFO - Filling up the DagBag from /opt/airflow/dags/spark_airflow.py
[2024-11-01T23:46:07.592+0000] {processor.py:925} INFO - DAG(s) 'sparking_flow' retrieved from /opt/airflow/dags/spark_airflow.py
[2024-11-01T23:46:07.617+0000] {logging_mixin.py:190} INFO - [2024-11-01T23:46:07.617+0000] {dag.py:3239} INFO - Sync 1 DAGs
[2024-11-01T23:46:07.639+0000] {logging_mixin.py:190} INFO - [2024-11-01T23:46:07.639+0000] {dag.py:4180} INFO - Setting next_dagrun for sparking_flow to 2024-11-01 00:00:00+00:00, run_after=2024-11-02 00:00:00+00:00
[2024-11-01T23:46:07.671+0000] {processor.py:208} INFO - Processing /opt/airflow/dags/spark_airflow.py took 0.102 seconds
[2024-11-01T23:46:37.754+0000] {processor.py:186} INFO - Started process (PID=62057) to work on /opt/airflow/dags/spark_airflow.py
[2024-11-01T23:46:37.755+0000] {processor.py:914} INFO - Processing file /opt/airflow/dags/spark_airflow.py for tasks to queue
[2024-11-01T23:46:37.757+0000] {logging_mixin.py:190} INFO - [2024-11-01T23:46:37.756+0000] {dagbag.py:588} INFO - Filling up the DagBag from /opt/airflow/dags/spark_airflow.py
[2024-11-01T23:46:37.774+0000] {processor.py:925} INFO - DAG(s) 'sparking_flow' retrieved from /opt/airflow/dags/spark_airflow.py
[2024-11-01T23:46:37.800+0000] {logging_mixin.py:190} INFO - [2024-11-01T23:46:37.800+0000] {dag.py:3239} INFO - Sync 1 DAGs
[2024-11-01T23:46:37.823+0000] {logging_mixin.py:190} INFO - [2024-11-01T23:46:37.823+0000] {dag.py:4180} INFO - Setting next_dagrun for sparking_flow to 2024-11-01 00:00:00+00:00, run_after=2024-11-02 00:00:00+00:00
[2024-11-01T23:46:37.838+0000] {processor.py:208} INFO - Processing /opt/airflow/dags/spark_airflow.py took 0.090 seconds
[2024-11-01T23:47:08.033+0000] {processor.py:186} INFO - Started process (PID=62062) to work on /opt/airflow/dags/spark_airflow.py
[2024-11-01T23:47:08.034+0000] {processor.py:914} INFO - Processing file /opt/airflow/dags/spark_airflow.py for tasks to queue
[2024-11-01T23:47:08.035+0000] {logging_mixin.py:190} INFO - [2024-11-01T23:47:08.034+0000] {dagbag.py:588} INFO - Filling up the DagBag from /opt/airflow/dags/spark_airflow.py
[2024-11-01T23:47:08.052+0000] {processor.py:925} INFO - DAG(s) 'sparking_flow' retrieved from /opt/airflow/dags/spark_airflow.py
[2024-11-01T23:47:08.077+0000] {logging_mixin.py:190} INFO - [2024-11-01T23:47:08.077+0000] {dag.py:3239} INFO - Sync 1 DAGs
[2024-11-01T23:47:08.099+0000] {logging_mixin.py:190} INFO - [2024-11-01T23:47:08.099+0000] {dag.py:4180} INFO - Setting next_dagrun for sparking_flow to 2024-11-01 00:00:00+00:00, run_after=2024-11-02 00:00:00+00:00
[2024-11-01T23:47:08.115+0000] {processor.py:208} INFO - Processing /opt/airflow/dags/spark_airflow.py took 0.086 seconds
[2024-11-01T23:47:38.202+0000] {processor.py:186} INFO - Started process (PID=62067) to work on /opt/airflow/dags/spark_airflow.py
[2024-11-01T23:47:38.203+0000] {processor.py:914} INFO - Processing file /opt/airflow/dags/spark_airflow.py for tasks to queue
[2024-11-01T23:47:38.204+0000] {logging_mixin.py:190} INFO - [2024-11-01T23:47:38.204+0000] {dagbag.py:588} INFO - Filling up the DagBag from /opt/airflow/dags/spark_airflow.py
[2024-11-01T23:47:38.221+0000] {processor.py:925} INFO - DAG(s) 'sparking_flow' retrieved from /opt/airflow/dags/spark_airflow.py
[2024-11-01T23:47:38.248+0000] {logging_mixin.py:190} INFO - [2024-11-01T23:47:38.247+0000] {dag.py:3239} INFO - Sync 1 DAGs
[2024-11-01T23:47:38.271+0000] {logging_mixin.py:190} INFO - [2024-11-01T23:47:38.270+0000] {dag.py:4180} INFO - Setting next_dagrun for sparking_flow to 2024-11-01 00:00:00+00:00, run_after=2024-11-02 00:00:00+00:00
[2024-11-01T23:47:38.287+0000] {processor.py:208} INFO - Processing /opt/airflow/dags/spark_airflow.py took 0.089 seconds
[2024-11-01T23:48:08.443+0000] {processor.py:186} INFO - Started process (PID=62072) to work on /opt/airflow/dags/spark_airflow.py
[2024-11-01T23:48:08.444+0000] {processor.py:914} INFO - Processing file /opt/airflow/dags/spark_airflow.py for tasks to queue
[2024-11-01T23:48:08.445+0000] {logging_mixin.py:190} INFO - [2024-11-01T23:48:08.445+0000] {dagbag.py:588} INFO - Filling up the DagBag from /opt/airflow/dags/spark_airflow.py
[2024-11-01T23:48:08.464+0000] {processor.py:925} INFO - DAG(s) 'sparking_flow' retrieved from /opt/airflow/dags/spark_airflow.py
[2024-11-01T23:48:08.489+0000] {logging_mixin.py:190} INFO - [2024-11-01T23:48:08.489+0000] {dag.py:3239} INFO - Sync 1 DAGs
[2024-11-01T23:48:08.510+0000] {logging_mixin.py:190} INFO - [2024-11-01T23:48:08.510+0000] {dag.py:4180} INFO - Setting next_dagrun for sparking_flow to 2024-11-01 00:00:00+00:00, run_after=2024-11-02 00:00:00+00:00
[2024-11-01T23:48:08.526+0000] {processor.py:208} INFO - Processing /opt/airflow/dags/spark_airflow.py took 0.088 seconds
[2024-11-01T23:48:38.616+0000] {processor.py:186} INFO - Started process (PID=62077) to work on /opt/airflow/dags/spark_airflow.py
[2024-11-01T23:48:38.618+0000] {processor.py:914} INFO - Processing file /opt/airflow/dags/spark_airflow.py for tasks to queue
[2024-11-01T23:48:38.620+0000] {logging_mixin.py:190} INFO - [2024-11-01T23:48:38.619+0000] {dagbag.py:588} INFO - Filling up the DagBag from /opt/airflow/dags/spark_airflow.py
[2024-11-01T23:48:38.639+0000] {processor.py:925} INFO - DAG(s) 'sparking_flow' retrieved from /opt/airflow/dags/spark_airflow.py
[2024-11-01T23:48:38.665+0000] {logging_mixin.py:190} INFO - [2024-11-01T23:48:38.665+0000] {dag.py:3239} INFO - Sync 1 DAGs
[2024-11-01T23:48:38.687+0000] {logging_mixin.py:190} INFO - [2024-11-01T23:48:38.687+0000] {dag.py:4180} INFO - Setting next_dagrun for sparking_flow to 2024-11-01 00:00:00+00:00, run_after=2024-11-02 00:00:00+00:00
[2024-11-01T23:48:38.704+0000] {processor.py:208} INFO - Processing /opt/airflow/dags/spark_airflow.py took 0.095 seconds
[2024-11-01T23:49:08.840+0000] {processor.py:186} INFO - Started process (PID=62082) to work on /opt/airflow/dags/spark_airflow.py
[2024-11-01T23:49:08.841+0000] {processor.py:914} INFO - Processing file /opt/airflow/dags/spark_airflow.py for tasks to queue
[2024-11-01T23:49:08.842+0000] {logging_mixin.py:190} INFO - [2024-11-01T23:49:08.842+0000] {dagbag.py:588} INFO - Filling up the DagBag from /opt/airflow/dags/spark_airflow.py
[2024-11-01T23:49:08.861+0000] {processor.py:925} INFO - DAG(s) 'sparking_flow' retrieved from /opt/airflow/dags/spark_airflow.py
[2024-11-01T23:49:08.888+0000] {logging_mixin.py:190} INFO - [2024-11-01T23:49:08.888+0000] {dag.py:3239} INFO - Sync 1 DAGs
[2024-11-01T23:49:08.910+0000] {logging_mixin.py:190} INFO - [2024-11-01T23:49:08.910+0000] {dag.py:4180} INFO - Setting next_dagrun for sparking_flow to 2024-11-01 00:00:00+00:00, run_after=2024-11-02 00:00:00+00:00
[2024-11-01T23:49:08.928+0000] {processor.py:208} INFO - Processing /opt/airflow/dags/spark_airflow.py took 0.095 seconds
[2024-11-01T23:49:39.031+0000] {processor.py:186} INFO - Started process (PID=62087) to work on /opt/airflow/dags/spark_airflow.py
[2024-11-01T23:49:39.032+0000] {processor.py:914} INFO - Processing file /opt/airflow/dags/spark_airflow.py for tasks to queue
[2024-11-01T23:49:39.033+0000] {logging_mixin.py:190} INFO - [2024-11-01T23:49:39.033+0000] {dagbag.py:588} INFO - Filling up the DagBag from /opt/airflow/dags/spark_airflow.py
[2024-11-01T23:49:39.052+0000] {processor.py:925} INFO - DAG(s) 'sparking_flow' retrieved from /opt/airflow/dags/spark_airflow.py
[2024-11-01T23:49:39.075+0000] {logging_mixin.py:190} INFO - [2024-11-01T23:49:39.075+0000] {dag.py:3239} INFO - Sync 1 DAGs
[2024-11-01T23:49:39.096+0000] {logging_mixin.py:190} INFO - [2024-11-01T23:49:39.095+0000] {dag.py:4180} INFO - Setting next_dagrun for sparking_flow to 2024-11-01 00:00:00+00:00, run_after=2024-11-02 00:00:00+00:00
[2024-11-01T23:49:39.112+0000] {processor.py:208} INFO - Processing /opt/airflow/dags/spark_airflow.py took 0.087 seconds
[2024-11-01T23:50:09.250+0000] {processor.py:186} INFO - Started process (PID=62092) to work on /opt/airflow/dags/spark_airflow.py
[2024-11-01T23:50:09.251+0000] {processor.py:914} INFO - Processing file /opt/airflow/dags/spark_airflow.py for tasks to queue
[2024-11-01T23:50:09.252+0000] {logging_mixin.py:190} INFO - [2024-11-01T23:50:09.252+0000] {dagbag.py:588} INFO - Filling up the DagBag from /opt/airflow/dags/spark_airflow.py
[2024-11-01T23:50:09.269+0000] {processor.py:925} INFO - DAG(s) 'sparking_flow' retrieved from /opt/airflow/dags/spark_airflow.py
[2024-11-01T23:50:09.293+0000] {logging_mixin.py:190} INFO - [2024-11-01T23:50:09.293+0000] {dag.py:3239} INFO - Sync 1 DAGs
[2024-11-01T23:50:09.314+0000] {logging_mixin.py:190} INFO - [2024-11-01T23:50:09.313+0000] {dag.py:4180} INFO - Setting next_dagrun for sparking_flow to 2024-11-01 00:00:00+00:00, run_after=2024-11-02 00:00:00+00:00
[2024-11-01T23:50:09.333+0000] {processor.py:208} INFO - Processing /opt/airflow/dags/spark_airflow.py took 0.087 seconds
[2024-11-01T23:50:39.430+0000] {processor.py:186} INFO - Started process (PID=62097) to work on /opt/airflow/dags/spark_airflow.py
[2024-11-01T23:50:39.431+0000] {processor.py:914} INFO - Processing file /opt/airflow/dags/spark_airflow.py for tasks to queue
[2024-11-01T23:50:39.432+0000] {logging_mixin.py:190} INFO - [2024-11-01T23:50:39.432+0000] {dagbag.py:588} INFO - Filling up the DagBag from /opt/airflow/dags/spark_airflow.py
[2024-11-01T23:50:39.452+0000] {processor.py:925} INFO - DAG(s) 'sparking_flow' retrieved from /opt/airflow/dags/spark_airflow.py
[2024-11-01T23:50:39.476+0000] {logging_mixin.py:190} INFO - [2024-11-01T23:50:39.476+0000] {dag.py:3239} INFO - Sync 1 DAGs
[2024-11-01T23:50:39.496+0000] {logging_mixin.py:190} INFO - [2024-11-01T23:50:39.496+0000] {dag.py:4180} INFO - Setting next_dagrun for sparking_flow to 2024-11-01 00:00:00+00:00, run_after=2024-11-02 00:00:00+00:00
[2024-11-01T23:50:39.512+0000] {processor.py:208} INFO - Processing /opt/airflow/dags/spark_airflow.py took 0.088 seconds
[2024-11-01T23:51:09.668+0000] {processor.py:186} INFO - Started process (PID=62102) to work on /opt/airflow/dags/spark_airflow.py
[2024-11-01T23:51:09.668+0000] {processor.py:914} INFO - Processing file /opt/airflow/dags/spark_airflow.py for tasks to queue
[2024-11-01T23:51:09.669+0000] {logging_mixin.py:190} INFO - [2024-11-01T23:51:09.669+0000] {dagbag.py:588} INFO - Filling up the DagBag from /opt/airflow/dags/spark_airflow.py
[2024-11-01T23:51:09.687+0000] {processor.py:925} INFO - DAG(s) 'sparking_flow' retrieved from /opt/airflow/dags/spark_airflow.py
[2024-11-01T23:51:09.715+0000] {logging_mixin.py:190} INFO - [2024-11-01T23:51:09.715+0000] {dag.py:3239} INFO - Sync 1 DAGs
[2024-11-01T23:51:09.742+0000] {logging_mixin.py:190} INFO - [2024-11-01T23:51:09.742+0000] {dag.py:4180} INFO - Setting next_dagrun for sparking_flow to 2024-11-01 00:00:00+00:00, run_after=2024-11-02 00:00:00+00:00
[2024-11-01T23:51:09.763+0000] {processor.py:208} INFO - Processing /opt/airflow/dags/spark_airflow.py took 0.099 seconds
[2024-11-01T23:51:39.848+0000] {processor.py:186} INFO - Started process (PID=62107) to work on /opt/airflow/dags/spark_airflow.py
[2024-11-01T23:51:39.849+0000] {processor.py:914} INFO - Processing file /opt/airflow/dags/spark_airflow.py for tasks to queue
[2024-11-01T23:51:39.850+0000] {logging_mixin.py:190} INFO - [2024-11-01T23:51:39.850+0000] {dagbag.py:588} INFO - Filling up the DagBag from /opt/airflow/dags/spark_airflow.py
[2024-11-01T23:51:39.867+0000] {processor.py:925} INFO - DAG(s) 'sparking_flow' retrieved from /opt/airflow/dags/spark_airflow.py
[2024-11-01T23:51:39.893+0000] {logging_mixin.py:190} INFO - [2024-11-01T23:51:39.893+0000] {dag.py:3239} INFO - Sync 1 DAGs
[2024-11-01T23:51:39.913+0000] {logging_mixin.py:190} INFO - [2024-11-01T23:51:39.913+0000] {dag.py:4180} INFO - Setting next_dagrun for sparking_flow to 2024-11-01 00:00:00+00:00, run_after=2024-11-02 00:00:00+00:00
[2024-11-01T23:51:39.932+0000] {processor.py:208} INFO - Processing /opt/airflow/dags/spark_airflow.py took 0.089 seconds
[2024-11-01T23:52:10.138+0000] {processor.py:186} INFO - Started process (PID=62112) to work on /opt/airflow/dags/spark_airflow.py
[2024-11-01T23:52:10.139+0000] {processor.py:914} INFO - Processing file /opt/airflow/dags/spark_airflow.py for tasks to queue
[2024-11-01T23:52:10.140+0000] {logging_mixin.py:190} INFO - [2024-11-01T23:52:10.140+0000] {dagbag.py:588} INFO - Filling up the DagBag from /opt/airflow/dags/spark_airflow.py
[2024-11-01T23:52:10.158+0000] {processor.py:925} INFO - DAG(s) 'sparking_flow' retrieved from /opt/airflow/dags/spark_airflow.py
[2024-11-01T23:52:10.180+0000] {logging_mixin.py:190} INFO - [2024-11-01T23:52:10.180+0000] {dag.py:3239} INFO - Sync 1 DAGs
[2024-11-01T23:52:10.200+0000] {logging_mixin.py:190} INFO - [2024-11-01T23:52:10.200+0000] {dag.py:4180} INFO - Setting next_dagrun for sparking_flow to 2024-11-01 00:00:00+00:00, run_after=2024-11-02 00:00:00+00:00
[2024-11-01T23:52:10.216+0000] {processor.py:208} INFO - Processing /opt/airflow/dags/spark_airflow.py took 0.083 seconds
[2024-11-01T23:52:40.317+0000] {processor.py:186} INFO - Started process (PID=62117) to work on /opt/airflow/dags/spark_airflow.py
[2024-11-01T23:52:40.318+0000] {processor.py:914} INFO - Processing file /opt/airflow/dags/spark_airflow.py for tasks to queue
[2024-11-01T23:52:40.320+0000] {logging_mixin.py:190} INFO - [2024-11-01T23:52:40.319+0000] {dagbag.py:588} INFO - Filling up the DagBag from /opt/airflow/dags/spark_airflow.py
[2024-11-01T23:52:40.342+0000] {processor.py:925} INFO - DAG(s) 'sparking_flow' retrieved from /opt/airflow/dags/spark_airflow.py
[2024-11-01T23:52:40.369+0000] {logging_mixin.py:190} INFO - [2024-11-01T23:52:40.369+0000] {dag.py:3239} INFO - Sync 1 DAGs
[2024-11-01T23:52:40.393+0000] {logging_mixin.py:190} INFO - [2024-11-01T23:52:40.393+0000] {dag.py:4180} INFO - Setting next_dagrun for sparking_flow to 2024-11-01 00:00:00+00:00, run_after=2024-11-02 00:00:00+00:00
[2024-11-01T23:52:40.409+0000] {processor.py:208} INFO - Processing /opt/airflow/dags/spark_airflow.py took 0.096 seconds
[2024-11-01T23:53:10.560+0000] {processor.py:186} INFO - Started process (PID=62122) to work on /opt/airflow/dags/spark_airflow.py
[2024-11-01T23:53:10.561+0000] {processor.py:914} INFO - Processing file /opt/airflow/dags/spark_airflow.py for tasks to queue
[2024-11-01T23:53:10.562+0000] {logging_mixin.py:190} INFO - [2024-11-01T23:53:10.562+0000] {dagbag.py:588} INFO - Filling up the DagBag from /opt/airflow/dags/spark_airflow.py
[2024-11-01T23:53:10.582+0000] {processor.py:925} INFO - DAG(s) 'sparking_flow' retrieved from /opt/airflow/dags/spark_airflow.py
[2024-11-01T23:53:10.605+0000] {logging_mixin.py:190} INFO - [2024-11-01T23:53:10.605+0000] {dag.py:3239} INFO - Sync 1 DAGs
[2024-11-01T23:53:10.625+0000] {logging_mixin.py:190} INFO - [2024-11-01T23:53:10.624+0000] {dag.py:4180} INFO - Setting next_dagrun for sparking_flow to 2024-11-01 00:00:00+00:00, run_after=2024-11-02 00:00:00+00:00
[2024-11-01T23:53:10.639+0000] {processor.py:208} INFO - Processing /opt/airflow/dags/spark_airflow.py took 0.084 seconds
[2024-11-01T23:53:40.747+0000] {processor.py:186} INFO - Started process (PID=62127) to work on /opt/airflow/dags/spark_airflow.py
[2024-11-01T23:53:40.748+0000] {processor.py:914} INFO - Processing file /opt/airflow/dags/spark_airflow.py for tasks to queue
[2024-11-01T23:53:40.750+0000] {logging_mixin.py:190} INFO - [2024-11-01T23:53:40.749+0000] {dagbag.py:588} INFO - Filling up the DagBag from /opt/airflow/dags/spark_airflow.py
[2024-11-01T23:53:40.768+0000] {processor.py:925} INFO - DAG(s) 'sparking_flow' retrieved from /opt/airflow/dags/spark_airflow.py
[2024-11-01T23:53:40.792+0000] {logging_mixin.py:190} INFO - [2024-11-01T23:53:40.792+0000] {dag.py:3239} INFO - Sync 1 DAGs
[2024-11-01T23:53:40.813+0000] {logging_mixin.py:190} INFO - [2024-11-01T23:53:40.812+0000] {dag.py:4180} INFO - Setting next_dagrun for sparking_flow to 2024-11-01 00:00:00+00:00, run_after=2024-11-02 00:00:00+00:00
[2024-11-01T23:53:40.828+0000] {processor.py:208} INFO - Processing /opt/airflow/dags/spark_airflow.py took 0.086 seconds
[2024-11-01T23:54:10.982+0000] {processor.py:186} INFO - Started process (PID=62132) to work on /opt/airflow/dags/spark_airflow.py
[2024-11-01T23:54:10.983+0000] {processor.py:914} INFO - Processing file /opt/airflow/dags/spark_airflow.py for tasks to queue
[2024-11-01T23:54:10.984+0000] {logging_mixin.py:190} INFO - [2024-11-01T23:54:10.984+0000] {dagbag.py:588} INFO - Filling up the DagBag from /opt/airflow/dags/spark_airflow.py
[2024-11-01T23:54:11.004+0000] {processor.py:925} INFO - DAG(s) 'sparking_flow' retrieved from /opt/airflow/dags/spark_airflow.py
[2024-11-01T23:54:11.026+0000] {logging_mixin.py:190} INFO - [2024-11-01T23:54:11.026+0000] {dag.py:3239} INFO - Sync 1 DAGs
[2024-11-01T23:54:11.045+0000] {logging_mixin.py:190} INFO - [2024-11-01T23:54:11.045+0000] {dag.py:4180} INFO - Setting next_dagrun for sparking_flow to 2024-11-01 00:00:00+00:00, run_after=2024-11-02 00:00:00+00:00
[2024-11-01T23:54:11.062+0000] {processor.py:208} INFO - Processing /opt/airflow/dags/spark_airflow.py took 0.086 seconds
[2024-11-01T23:54:41.168+0000] {processor.py:186} INFO - Started process (PID=62137) to work on /opt/airflow/dags/spark_airflow.py
[2024-11-01T23:54:41.169+0000] {processor.py:914} INFO - Processing file /opt/airflow/dags/spark_airflow.py for tasks to queue
[2024-11-01T23:54:41.170+0000] {logging_mixin.py:190} INFO - [2024-11-01T23:54:41.170+0000] {dagbag.py:588} INFO - Filling up the DagBag from /opt/airflow/dags/spark_airflow.py
[2024-11-01T23:54:41.189+0000] {processor.py:925} INFO - DAG(s) 'sparking_flow' retrieved from /opt/airflow/dags/spark_airflow.py
[2024-11-01T23:54:41.213+0000] {logging_mixin.py:190} INFO - [2024-11-01T23:54:41.213+0000] {dag.py:3239} INFO - Sync 1 DAGs
[2024-11-01T23:54:41.232+0000] {logging_mixin.py:190} INFO - [2024-11-01T23:54:41.232+0000] {dag.py:4180} INFO - Setting next_dagrun for sparking_flow to 2024-11-01 00:00:00+00:00, run_after=2024-11-02 00:00:00+00:00
[2024-11-01T23:54:41.249+0000] {processor.py:208} INFO - Processing /opt/airflow/dags/spark_airflow.py took 0.086 seconds
[2024-11-01T23:55:11.405+0000] {processor.py:186} INFO - Started process (PID=62142) to work on /opt/airflow/dags/spark_airflow.py
[2024-11-01T23:55:11.406+0000] {processor.py:914} INFO - Processing file /opt/airflow/dags/spark_airflow.py for tasks to queue
[2024-11-01T23:55:11.407+0000] {logging_mixin.py:190} INFO - [2024-11-01T23:55:11.407+0000] {dagbag.py:588} INFO - Filling up the DagBag from /opt/airflow/dags/spark_airflow.py
[2024-11-01T23:55:11.424+0000] {processor.py:925} INFO - DAG(s) 'sparking_flow' retrieved from /opt/airflow/dags/spark_airflow.py
[2024-11-01T23:55:11.447+0000] {logging_mixin.py:190} INFO - [2024-11-01T23:55:11.447+0000] {dag.py:3239} INFO - Sync 1 DAGs
[2024-11-01T23:55:11.468+0000] {logging_mixin.py:190} INFO - [2024-11-01T23:55:11.468+0000] {dag.py:4180} INFO - Setting next_dagrun for sparking_flow to 2024-11-01 00:00:00+00:00, run_after=2024-11-02 00:00:00+00:00
[2024-11-01T23:55:11.485+0000] {processor.py:208} INFO - Processing /opt/airflow/dags/spark_airflow.py took 0.084 seconds
[2024-11-01T23:55:41.586+0000] {processor.py:186} INFO - Started process (PID=62147) to work on /opt/airflow/dags/spark_airflow.py
[2024-11-01T23:55:41.587+0000] {processor.py:914} INFO - Processing file /opt/airflow/dags/spark_airflow.py for tasks to queue
[2024-11-01T23:55:41.588+0000] {logging_mixin.py:190} INFO - [2024-11-01T23:55:41.588+0000] {dagbag.py:588} INFO - Filling up the DagBag from /opt/airflow/dags/spark_airflow.py
[2024-11-01T23:55:41.618+0000] {processor.py:925} INFO - DAG(s) 'sparking_flow' retrieved from /opt/airflow/dags/spark_airflow.py
[2024-11-01T23:55:41.643+0000] {logging_mixin.py:190} INFO - [2024-11-01T23:55:41.643+0000] {dag.py:3239} INFO - Sync 1 DAGs
[2024-11-01T23:55:41.666+0000] {logging_mixin.py:190} INFO - [2024-11-01T23:55:41.665+0000] {dag.py:4180} INFO - Setting next_dagrun for sparking_flow to 2024-11-01 00:00:00+00:00, run_after=2024-11-02 00:00:00+00:00
[2024-11-01T23:55:41.681+0000] {processor.py:208} INFO - Processing /opt/airflow/dags/spark_airflow.py took 0.099 seconds
[2024-11-01T23:56:11.826+0000] {processor.py:186} INFO - Started process (PID=62152) to work on /opt/airflow/dags/spark_airflow.py
[2024-11-01T23:56:11.827+0000] {processor.py:914} INFO - Processing file /opt/airflow/dags/spark_airflow.py for tasks to queue
[2024-11-01T23:56:11.828+0000] {logging_mixin.py:190} INFO - [2024-11-01T23:56:11.828+0000] {dagbag.py:588} INFO - Filling up the DagBag from /opt/airflow/dags/spark_airflow.py
[2024-11-01T23:56:11.845+0000] {processor.py:925} INFO - DAG(s) 'sparking_flow' retrieved from /opt/airflow/dags/spark_airflow.py
[2024-11-01T23:56:11.871+0000] {logging_mixin.py:190} INFO - [2024-11-01T23:56:11.871+0000] {dag.py:3239} INFO - Sync 1 DAGs
[2024-11-01T23:56:11.893+0000] {logging_mixin.py:190} INFO - [2024-11-01T23:56:11.893+0000] {dag.py:4180} INFO - Setting next_dagrun for sparking_flow to 2024-11-01 00:00:00+00:00, run_after=2024-11-02 00:00:00+00:00
[2024-11-01T23:56:11.908+0000] {processor.py:208} INFO - Processing /opt/airflow/dags/spark_airflow.py took 0.088 seconds
[2024-11-01T23:56:42.021+0000] {processor.py:186} INFO - Started process (PID=62157) to work on /opt/airflow/dags/spark_airflow.py
[2024-11-01T23:56:42.022+0000] {processor.py:914} INFO - Processing file /opt/airflow/dags/spark_airflow.py for tasks to queue
[2024-11-01T23:56:42.023+0000] {logging_mixin.py:190} INFO - [2024-11-01T23:56:42.023+0000] {dagbag.py:588} INFO - Filling up the DagBag from /opt/airflow/dags/spark_airflow.py
[2024-11-01T23:56:42.043+0000] {processor.py:925} INFO - DAG(s) 'sparking_flow' retrieved from /opt/airflow/dags/spark_airflow.py
[2024-11-01T23:56:42.068+0000] {logging_mixin.py:190} INFO - [2024-11-01T23:56:42.068+0000] {dag.py:3239} INFO - Sync 1 DAGs
[2024-11-01T23:56:42.091+0000] {logging_mixin.py:190} INFO - [2024-11-01T23:56:42.091+0000] {dag.py:4180} INFO - Setting next_dagrun for sparking_flow to 2024-11-01 00:00:00+00:00, run_after=2024-11-02 00:00:00+00:00
[2024-11-01T23:56:42.107+0000] {processor.py:208} INFO - Processing /opt/airflow/dags/spark_airflow.py took 0.092 seconds
[2024-11-01T23:57:12.257+0000] {processor.py:186} INFO - Started process (PID=62162) to work on /opt/airflow/dags/spark_airflow.py
[2024-11-01T23:57:12.258+0000] {processor.py:914} INFO - Processing file /opt/airflow/dags/spark_airflow.py for tasks to queue
[2024-11-01T23:57:12.260+0000] {logging_mixin.py:190} INFO - [2024-11-01T23:57:12.259+0000] {dagbag.py:588} INFO - Filling up the DagBag from /opt/airflow/dags/spark_airflow.py
[2024-11-01T23:57:12.277+0000] {processor.py:925} INFO - DAG(s) 'sparking_flow' retrieved from /opt/airflow/dags/spark_airflow.py
[2024-11-01T23:57:12.300+0000] {logging_mixin.py:190} INFO - [2024-11-01T23:57:12.300+0000] {dag.py:3239} INFO - Sync 1 DAGs
[2024-11-01T23:57:12.320+0000] {logging_mixin.py:190} INFO - [2024-11-01T23:57:12.320+0000] {dag.py:4180} INFO - Setting next_dagrun for sparking_flow to 2024-11-01 00:00:00+00:00, run_after=2024-11-02 00:00:00+00:00
[2024-11-01T23:57:12.335+0000] {processor.py:208} INFO - Processing /opt/airflow/dags/spark_airflow.py took 0.082 seconds
[2024-11-01T23:57:42.428+0000] {processor.py:186} INFO - Started process (PID=62167) to work on /opt/airflow/dags/spark_airflow.py
[2024-11-01T23:57:42.429+0000] {processor.py:914} INFO - Processing file /opt/airflow/dags/spark_airflow.py for tasks to queue
[2024-11-01T23:57:42.430+0000] {logging_mixin.py:190} INFO - [2024-11-01T23:57:42.430+0000] {dagbag.py:588} INFO - Filling up the DagBag from /opt/airflow/dags/spark_airflow.py
[2024-11-01T23:57:42.449+0000] {processor.py:925} INFO - DAG(s) 'sparking_flow' retrieved from /opt/airflow/dags/spark_airflow.py
[2024-11-01T23:57:42.472+0000] {logging_mixin.py:190} INFO - [2024-11-01T23:57:42.472+0000] {dag.py:3239} INFO - Sync 1 DAGs
[2024-11-01T23:57:42.494+0000] {logging_mixin.py:190} INFO - [2024-11-01T23:57:42.493+0000] {dag.py:4180} INFO - Setting next_dagrun for sparking_flow to 2024-11-01 00:00:00+00:00, run_after=2024-11-02 00:00:00+00:00
[2024-11-01T23:57:42.511+0000] {processor.py:208} INFO - Processing /opt/airflow/dags/spark_airflow.py took 0.089 seconds
[2024-11-01T23:58:12.653+0000] {processor.py:186} INFO - Started process (PID=62172) to work on /opt/airflow/dags/spark_airflow.py
[2024-11-01T23:58:12.653+0000] {processor.py:914} INFO - Processing file /opt/airflow/dags/spark_airflow.py for tasks to queue
[2024-11-01T23:58:12.655+0000] {logging_mixin.py:190} INFO - [2024-11-01T23:58:12.654+0000] {dagbag.py:588} INFO - Filling up the DagBag from /opt/airflow/dags/spark_airflow.py
[2024-11-01T23:58:12.671+0000] {processor.py:925} INFO - DAG(s) 'sparking_flow' retrieved from /opt/airflow/dags/spark_airflow.py
[2024-11-01T23:58:12.696+0000] {logging_mixin.py:190} INFO - [2024-11-01T23:58:12.695+0000] {dag.py:3239} INFO - Sync 1 DAGs
[2024-11-01T23:58:12.718+0000] {logging_mixin.py:190} INFO - [2024-11-01T23:58:12.718+0000] {dag.py:4180} INFO - Setting next_dagrun for sparking_flow to 2024-11-01 00:00:00+00:00, run_after=2024-11-02 00:00:00+00:00
[2024-11-01T23:58:12.734+0000] {processor.py:208} INFO - Processing /opt/airflow/dags/spark_airflow.py took 0.086 seconds
[2024-11-01T23:58:42.823+0000] {processor.py:186} INFO - Started process (PID=62177) to work on /opt/airflow/dags/spark_airflow.py
[2024-11-01T23:58:42.824+0000] {processor.py:914} INFO - Processing file /opt/airflow/dags/spark_airflow.py for tasks to queue
[2024-11-01T23:58:42.825+0000] {logging_mixin.py:190} INFO - [2024-11-01T23:58:42.825+0000] {dagbag.py:588} INFO - Filling up the DagBag from /opt/airflow/dags/spark_airflow.py
[2024-11-01T23:58:42.842+0000] {processor.py:925} INFO - DAG(s) 'sparking_flow' retrieved from /opt/airflow/dags/spark_airflow.py
[2024-11-01T23:58:42.868+0000] {logging_mixin.py:190} INFO - [2024-11-01T23:58:42.867+0000] {dag.py:3239} INFO - Sync 1 DAGs
[2024-11-01T23:58:42.890+0000] {logging_mixin.py:190} INFO - [2024-11-01T23:58:42.890+0000] {dag.py:4180} INFO - Setting next_dagrun for sparking_flow to 2024-11-01 00:00:00+00:00, run_after=2024-11-02 00:00:00+00:00
[2024-11-01T23:58:42.921+0000] {processor.py:208} INFO - Processing /opt/airflow/dags/spark_airflow.py took 0.104 seconds
[2024-11-01T23:59:13.054+0000] {processor.py:186} INFO - Started process (PID=62182) to work on /opt/airflow/dags/spark_airflow.py
[2024-11-01T23:59:13.055+0000] {processor.py:914} INFO - Processing file /opt/airflow/dags/spark_airflow.py for tasks to queue
[2024-11-01T23:59:13.057+0000] {logging_mixin.py:190} INFO - [2024-11-01T23:59:13.056+0000] {dagbag.py:588} INFO - Filling up the DagBag from /opt/airflow/dags/spark_airflow.py
[2024-11-01T23:59:13.075+0000] {processor.py:925} INFO - DAG(s) 'sparking_flow' retrieved from /opt/airflow/dags/spark_airflow.py
[2024-11-01T23:59:13.101+0000] {logging_mixin.py:190} INFO - [2024-11-01T23:59:13.101+0000] {dag.py:3239} INFO - Sync 1 DAGs
[2024-11-01T23:59:13.122+0000] {logging_mixin.py:190} INFO - [2024-11-01T23:59:13.122+0000] {dag.py:4180} INFO - Setting next_dagrun for sparking_flow to 2024-11-01 00:00:00+00:00, run_after=2024-11-02 00:00:00+00:00
[2024-11-01T23:59:13.152+0000] {processor.py:208} INFO - Processing /opt/airflow/dags/spark_airflow.py took 0.104 seconds
[2024-11-01T23:59:43.244+0000] {processor.py:186} INFO - Started process (PID=62187) to work on /opt/airflow/dags/spark_airflow.py
[2024-11-01T23:59:43.245+0000] {processor.py:914} INFO - Processing file /opt/airflow/dags/spark_airflow.py for tasks to queue
[2024-11-01T23:59:43.247+0000] {logging_mixin.py:190} INFO - [2024-11-01T23:59:43.246+0000] {dagbag.py:588} INFO - Filling up the DagBag from /opt/airflow/dags/spark_airflow.py
[2024-11-01T23:59:43.266+0000] {processor.py:925} INFO - DAG(s) 'sparking_flow' retrieved from /opt/airflow/dags/spark_airflow.py
[2024-11-01T23:59:43.293+0000] {logging_mixin.py:190} INFO - [2024-11-01T23:59:43.292+0000] {dag.py:3239} INFO - Sync 1 DAGs
[2024-11-01T23:59:43.313+0000] {logging_mixin.py:190} INFO - [2024-11-01T23:59:43.313+0000] {dag.py:4180} INFO - Setting next_dagrun for sparking_flow to 2024-11-01 00:00:00+00:00, run_after=2024-11-02 00:00:00+00:00
[2024-11-01T23:59:43.329+0000] {processor.py:208} INFO - Processing /opt/airflow/dags/spark_airflow.py took 0.091 seconds
