[2024-10-23T08:20:27.730+0000] {processor.py:186} INFO - Started process (PID=13389) to work on /opt/airflow/dags/spark_airflow.py
[2024-10-23T08:20:27.731+0000] {processor.py:914} INFO - Processing file /opt/airflow/dags/spark_airflow.py for tasks to queue
[2024-10-23T08:20:27.733+0000] {logging_mixin.py:190} INFO - [2024-10-23T08:20:27.733+0000] {dagbag.py:588} INFO - Filling up the DagBag from /opt/airflow/dags/spark_airflow.py
[2024-10-23T08:20:27.767+0000] {processor.py:925} INFO - DAG(s) 'sparking_flow' retrieved from /opt/airflow/dags/spark_airflow.py
[2024-10-23T08:20:27.805+0000] {logging_mixin.py:190} INFO - [2024-10-23T08:20:27.804+0000] {dag.py:3239} INFO - Sync 1 DAGs
[2024-10-23T08:20:27.842+0000] {logging_mixin.py:190} INFO - [2024-10-23T08:20:27.842+0000] {dag.py:4180} INFO - Setting next_dagrun for sparking_flow to 2024-10-23 00:00:00+00:00, run_after=2024-10-24 00:00:00+00:00
[2024-10-23T08:20:27.873+0000] {processor.py:208} INFO - Processing /opt/airflow/dags/spark_airflow.py took 0.149 seconds
[2024-10-23T08:20:57.956+0000] {processor.py:186} INFO - Started process (PID=13394) to work on /opt/airflow/dags/spark_airflow.py
[2024-10-23T08:20:57.957+0000] {processor.py:914} INFO - Processing file /opt/airflow/dags/spark_airflow.py for tasks to queue
[2024-10-23T08:20:57.960+0000] {logging_mixin.py:190} INFO - [2024-10-23T08:20:57.959+0000] {dagbag.py:588} INFO - Filling up the DagBag from /opt/airflow/dags/spark_airflow.py
[2024-10-23T08:20:57.988+0000] {processor.py:925} INFO - DAG(s) 'sparking_flow' retrieved from /opt/airflow/dags/spark_airflow.py
[2024-10-23T08:20:58.024+0000] {logging_mixin.py:190} INFO - [2024-10-23T08:20:58.023+0000] {dag.py:3239} INFO - Sync 1 DAGs
[2024-10-23T08:20:58.053+0000] {logging_mixin.py:190} INFO - [2024-10-23T08:20:58.053+0000] {dag.py:4180} INFO - Setting next_dagrun for sparking_flow to 2024-10-23 00:00:00+00:00, run_after=2024-10-24 00:00:00+00:00
[2024-10-23T08:20:58.078+0000] {processor.py:208} INFO - Processing /opt/airflow/dags/spark_airflow.py took 0.131 seconds
[2024-10-23T08:21:28.327+0000] {processor.py:186} INFO - Started process (PID=13399) to work on /opt/airflow/dags/spark_airflow.py
[2024-10-23T08:21:28.328+0000] {processor.py:914} INFO - Processing file /opt/airflow/dags/spark_airflow.py for tasks to queue
[2024-10-23T08:21:28.329+0000] {logging_mixin.py:190} INFO - [2024-10-23T08:21:28.329+0000] {dagbag.py:588} INFO - Filling up the DagBag from /opt/airflow/dags/spark_airflow.py
[2024-10-23T08:21:28.354+0000] {processor.py:925} INFO - DAG(s) 'sparking_flow' retrieved from /opt/airflow/dags/spark_airflow.py
[2024-10-23T08:21:28.391+0000] {logging_mixin.py:190} INFO - [2024-10-23T08:21:28.390+0000] {dag.py:3239} INFO - Sync 1 DAGs
[2024-10-23T08:21:28.420+0000] {logging_mixin.py:190} INFO - [2024-10-23T08:21:28.419+0000] {dag.py:4180} INFO - Setting next_dagrun for sparking_flow to 2024-10-23 00:00:00+00:00, run_after=2024-10-24 00:00:00+00:00
[2024-10-23T08:21:28.442+0000] {processor.py:208} INFO - Processing /opt/airflow/dags/spark_airflow.py took 0.121 seconds
[2024-10-23T08:21:58.568+0000] {processor.py:186} INFO - Started process (PID=13404) to work on /opt/airflow/dags/spark_airflow.py
[2024-10-23T08:21:58.569+0000] {processor.py:914} INFO - Processing file /opt/airflow/dags/spark_airflow.py for tasks to queue
[2024-10-23T08:21:58.571+0000] {logging_mixin.py:190} INFO - [2024-10-23T08:21:58.571+0000] {dagbag.py:588} INFO - Filling up the DagBag from /opt/airflow/dags/spark_airflow.py
[2024-10-23T08:21:58.604+0000] {processor.py:925} INFO - DAG(s) 'sparking_flow' retrieved from /opt/airflow/dags/spark_airflow.py
[2024-10-23T08:21:58.642+0000] {logging_mixin.py:190} INFO - [2024-10-23T08:21:58.642+0000] {dag.py:3239} INFO - Sync 1 DAGs
[2024-10-23T08:21:58.676+0000] {logging_mixin.py:190} INFO - [2024-10-23T08:21:58.676+0000] {dag.py:4180} INFO - Setting next_dagrun for sparking_flow to 2024-10-23 00:00:00+00:00, run_after=2024-10-24 00:00:00+00:00
[2024-10-23T08:21:58.703+0000] {processor.py:208} INFO - Processing /opt/airflow/dags/spark_airflow.py took 0.145 seconds
[2024-10-23T08:22:28.879+0000] {processor.py:186} INFO - Started process (PID=13409) to work on /opt/airflow/dags/spark_airflow.py
[2024-10-23T08:22:28.880+0000] {processor.py:914} INFO - Processing file /opt/airflow/dags/spark_airflow.py for tasks to queue
[2024-10-23T08:22:28.882+0000] {logging_mixin.py:190} INFO - [2024-10-23T08:22:28.881+0000] {dagbag.py:588} INFO - Filling up the DagBag from /opt/airflow/dags/spark_airflow.py
[2024-10-23T08:22:28.910+0000] {processor.py:925} INFO - DAG(s) 'sparking_flow' retrieved from /opt/airflow/dags/spark_airflow.py
[2024-10-23T08:22:28.940+0000] {logging_mixin.py:190} INFO - [2024-10-23T08:22:28.940+0000] {dag.py:3239} INFO - Sync 1 DAGs
[2024-10-23T08:22:28.968+0000] {logging_mixin.py:190} INFO - [2024-10-23T08:22:28.968+0000] {dag.py:4180} INFO - Setting next_dagrun for sparking_flow to 2024-10-23 00:00:00+00:00, run_after=2024-10-24 00:00:00+00:00
[2024-10-23T08:22:28.991+0000] {processor.py:208} INFO - Processing /opt/airflow/dags/spark_airflow.py took 0.121 seconds
[2024-10-23T08:22:59.145+0000] {processor.py:186} INFO - Started process (PID=13414) to work on /opt/airflow/dags/spark_airflow.py
[2024-10-23T08:22:59.146+0000] {processor.py:914} INFO - Processing file /opt/airflow/dags/spark_airflow.py for tasks to queue
[2024-10-23T08:22:59.148+0000] {logging_mixin.py:190} INFO - [2024-10-23T08:22:59.148+0000] {dagbag.py:588} INFO - Filling up the DagBag from /opt/airflow/dags/spark_airflow.py
[2024-10-23T08:22:59.177+0000] {processor.py:925} INFO - DAG(s) 'sparking_flow' retrieved from /opt/airflow/dags/spark_airflow.py
[2024-10-23T08:22:59.211+0000] {logging_mixin.py:190} INFO - [2024-10-23T08:22:59.210+0000] {dag.py:3239} INFO - Sync 1 DAGs
[2024-10-23T08:22:59.239+0000] {logging_mixin.py:190} INFO - [2024-10-23T08:22:59.238+0000] {dag.py:4180} INFO - Setting next_dagrun for sparking_flow to 2024-10-23 00:00:00+00:00, run_after=2024-10-24 00:00:00+00:00
[2024-10-23T08:22:59.261+0000] {processor.py:208} INFO - Processing /opt/airflow/dags/spark_airflow.py took 0.124 seconds
[2024-10-23T08:23:29.439+0000] {processor.py:186} INFO - Started process (PID=13419) to work on /opt/airflow/dags/spark_airflow.py
[2024-10-23T08:23:29.440+0000] {processor.py:914} INFO - Processing file /opt/airflow/dags/spark_airflow.py for tasks to queue
[2024-10-23T08:23:29.443+0000] {logging_mixin.py:190} INFO - [2024-10-23T08:23:29.443+0000] {dagbag.py:588} INFO - Filling up the DagBag from /opt/airflow/dags/spark_airflow.py
[2024-10-23T08:23:29.471+0000] {processor.py:925} INFO - DAG(s) 'sparking_flow' retrieved from /opt/airflow/dags/spark_airflow.py
[2024-10-23T08:23:29.502+0000] {logging_mixin.py:190} INFO - [2024-10-23T08:23:29.502+0000] {dag.py:3239} INFO - Sync 1 DAGs
[2024-10-23T08:23:29.530+0000] {logging_mixin.py:190} INFO - [2024-10-23T08:23:29.530+0000] {dag.py:4180} INFO - Setting next_dagrun for sparking_flow to 2024-10-23 00:00:00+00:00, run_after=2024-10-24 00:00:00+00:00
[2024-10-23T08:23:29.555+0000] {processor.py:208} INFO - Processing /opt/airflow/dags/spark_airflow.py took 0.125 seconds
[2024-10-23T08:23:59.706+0000] {processor.py:186} INFO - Started process (PID=13424) to work on /opt/airflow/dags/spark_airflow.py
[2024-10-23T08:23:59.707+0000] {processor.py:914} INFO - Processing file /opt/airflow/dags/spark_airflow.py for tasks to queue
[2024-10-23T08:23:59.709+0000] {logging_mixin.py:190} INFO - [2024-10-23T08:23:59.709+0000] {dagbag.py:588} INFO - Filling up the DagBag from /opt/airflow/dags/spark_airflow.py
[2024-10-23T08:23:59.736+0000] {processor.py:925} INFO - DAG(s) 'sparking_flow' retrieved from /opt/airflow/dags/spark_airflow.py
[2024-10-23T08:23:59.771+0000] {logging_mixin.py:190} INFO - [2024-10-23T08:23:59.771+0000] {dag.py:3239} INFO - Sync 1 DAGs
[2024-10-23T08:23:59.804+0000] {logging_mixin.py:190} INFO - [2024-10-23T08:23:59.803+0000] {dag.py:4180} INFO - Setting next_dagrun for sparking_flow to 2024-10-23 00:00:00+00:00, run_after=2024-10-24 00:00:00+00:00
[2024-10-23T08:23:59.830+0000] {processor.py:208} INFO - Processing /opt/airflow/dags/spark_airflow.py took 0.135 seconds
[2024-10-23T08:24:30.005+0000] {processor.py:186} INFO - Started process (PID=13429) to work on /opt/airflow/dags/spark_airflow.py
[2024-10-23T08:24:30.007+0000] {processor.py:914} INFO - Processing file /opt/airflow/dags/spark_airflow.py for tasks to queue
[2024-10-23T08:24:30.009+0000] {logging_mixin.py:190} INFO - [2024-10-23T08:24:30.008+0000] {dagbag.py:588} INFO - Filling up the DagBag from /opt/airflow/dags/spark_airflow.py
[2024-10-23T08:24:30.038+0000] {processor.py:925} INFO - DAG(s) 'sparking_flow' retrieved from /opt/airflow/dags/spark_airflow.py
[2024-10-23T08:24:30.072+0000] {logging_mixin.py:190} INFO - [2024-10-23T08:24:30.072+0000] {dag.py:3239} INFO - Sync 1 DAGs
[2024-10-23T08:24:30.101+0000] {logging_mixin.py:190} INFO - [2024-10-23T08:24:30.101+0000] {dag.py:4180} INFO - Setting next_dagrun for sparking_flow to 2024-10-23 00:00:00+00:00, run_after=2024-10-24 00:00:00+00:00
[2024-10-23T08:24:30.125+0000] {processor.py:208} INFO - Processing /opt/airflow/dags/spark_airflow.py took 0.128 seconds
[2024-10-23T08:25:00.313+0000] {processor.py:186} INFO - Started process (PID=13434) to work on /opt/airflow/dags/spark_airflow.py
[2024-10-23T08:25:00.315+0000] {processor.py:914} INFO - Processing file /opt/airflow/dags/spark_airflow.py for tasks to queue
[2024-10-23T08:25:00.317+0000] {logging_mixin.py:190} INFO - [2024-10-23T08:25:00.317+0000] {dagbag.py:588} INFO - Filling up the DagBag from /opt/airflow/dags/spark_airflow.py
[2024-10-23T08:25:00.341+0000] {processor.py:925} INFO - DAG(s) 'sparking_flow' retrieved from /opt/airflow/dags/spark_airflow.py
[2024-10-23T08:25:00.373+0000] {logging_mixin.py:190} INFO - [2024-10-23T08:25:00.372+0000] {dag.py:3239} INFO - Sync 1 DAGs
[2024-10-23T08:25:00.404+0000] {logging_mixin.py:190} INFO - [2024-10-23T08:25:00.404+0000] {dag.py:4180} INFO - Setting next_dagrun for sparking_flow to 2024-10-23 00:00:00+00:00, run_after=2024-10-24 00:00:00+00:00
[2024-10-23T08:25:00.432+0000] {processor.py:208} INFO - Processing /opt/airflow/dags/spark_airflow.py took 0.125 seconds
[2024-10-23T08:25:30.558+0000] {processor.py:186} INFO - Started process (PID=13439) to work on /opt/airflow/dags/spark_airflow.py
[2024-10-23T08:25:30.560+0000] {processor.py:914} INFO - Processing file /opt/airflow/dags/spark_airflow.py for tasks to queue
[2024-10-23T08:25:30.562+0000] {logging_mixin.py:190} INFO - [2024-10-23T08:25:30.562+0000] {dagbag.py:588} INFO - Filling up the DagBag from /opt/airflow/dags/spark_airflow.py
[2024-10-23T08:25:30.593+0000] {processor.py:925} INFO - DAG(s) 'sparking_flow' retrieved from /opt/airflow/dags/spark_airflow.py
[2024-10-23T08:25:30.630+0000] {logging_mixin.py:190} INFO - [2024-10-23T08:25:30.630+0000] {dag.py:3239} INFO - Sync 1 DAGs
[2024-10-23T08:25:30.660+0000] {logging_mixin.py:190} INFO - [2024-10-23T08:25:30.660+0000] {dag.py:4180} INFO - Setting next_dagrun for sparking_flow to 2024-10-23 00:00:00+00:00, run_after=2024-10-24 00:00:00+00:00
[2024-10-23T08:25:30.681+0000] {processor.py:208} INFO - Processing /opt/airflow/dags/spark_airflow.py took 0.131 seconds
[2024-10-23T08:26:00.881+0000] {processor.py:186} INFO - Started process (PID=13444) to work on /opt/airflow/dags/spark_airflow.py
[2024-10-23T08:26:00.882+0000] {processor.py:914} INFO - Processing file /opt/airflow/dags/spark_airflow.py for tasks to queue
[2024-10-23T08:26:00.884+0000] {logging_mixin.py:190} INFO - [2024-10-23T08:26:00.883+0000] {dagbag.py:588} INFO - Filling up the DagBag from /opt/airflow/dags/spark_airflow.py
[2024-10-23T08:26:00.910+0000] {processor.py:925} INFO - DAG(s) 'sparking_flow' retrieved from /opt/airflow/dags/spark_airflow.py
[2024-10-23T08:26:00.949+0000] {logging_mixin.py:190} INFO - [2024-10-23T08:26:00.949+0000] {dag.py:3239} INFO - Sync 1 DAGs
[2024-10-23T08:26:00.984+0000] {logging_mixin.py:190} INFO - [2024-10-23T08:26:00.983+0000] {dag.py:4180} INFO - Setting next_dagrun for sparking_flow to 2024-10-23 00:00:00+00:00, run_after=2024-10-24 00:00:00+00:00
[2024-10-23T08:26:01.010+0000] {processor.py:208} INFO - Processing /opt/airflow/dags/spark_airflow.py took 0.135 seconds
[2024-10-23T08:26:31.121+0000] {processor.py:186} INFO - Started process (PID=13449) to work on /opt/airflow/dags/spark_airflow.py
[2024-10-23T08:26:31.122+0000] {processor.py:914} INFO - Processing file /opt/airflow/dags/spark_airflow.py for tasks to queue
[2024-10-23T08:26:31.124+0000] {logging_mixin.py:190} INFO - [2024-10-23T08:26:31.123+0000] {dagbag.py:588} INFO - Filling up the DagBag from /opt/airflow/dags/spark_airflow.py
[2024-10-23T08:26:31.150+0000] {processor.py:925} INFO - DAG(s) 'sparking_flow' retrieved from /opt/airflow/dags/spark_airflow.py
[2024-10-23T08:26:31.185+0000] {logging_mixin.py:190} INFO - [2024-10-23T08:26:31.185+0000] {dag.py:3239} INFO - Sync 1 DAGs
[2024-10-23T08:26:31.215+0000] {logging_mixin.py:190} INFO - [2024-10-23T08:26:31.215+0000] {dag.py:4180} INFO - Setting next_dagrun for sparking_flow to 2024-10-23 00:00:00+00:00, run_after=2024-10-24 00:00:00+00:00
[2024-10-23T08:26:31.242+0000] {processor.py:208} INFO - Processing /opt/airflow/dags/spark_airflow.py took 0.127 seconds
[2024-10-23T08:27:01.463+0000] {processor.py:186} INFO - Started process (PID=13454) to work on /opt/airflow/dags/spark_airflow.py
[2024-10-23T08:27:01.464+0000] {processor.py:914} INFO - Processing file /opt/airflow/dags/spark_airflow.py for tasks to queue
[2024-10-23T08:27:01.467+0000] {logging_mixin.py:190} INFO - [2024-10-23T08:27:01.466+0000] {dagbag.py:588} INFO - Filling up the DagBag from /opt/airflow/dags/spark_airflow.py
[2024-10-23T08:27:01.495+0000] {processor.py:925} INFO - DAG(s) 'sparking_flow' retrieved from /opt/airflow/dags/spark_airflow.py
[2024-10-23T08:27:01.529+0000] {logging_mixin.py:190} INFO - [2024-10-23T08:27:01.529+0000] {dag.py:3239} INFO - Sync 1 DAGs
[2024-10-23T08:27:01.557+0000] {logging_mixin.py:190} INFO - [2024-10-23T08:27:01.557+0000] {dag.py:4180} INFO - Setting next_dagrun for sparking_flow to 2024-10-23 00:00:00+00:00, run_after=2024-10-24 00:00:00+00:00
[2024-10-23T08:27:01.581+0000] {processor.py:208} INFO - Processing /opt/airflow/dags/spark_airflow.py took 0.126 seconds
[2024-10-23T08:27:31.689+0000] {processor.py:186} INFO - Started process (PID=13459) to work on /opt/airflow/dags/spark_airflow.py
[2024-10-23T08:27:31.690+0000] {processor.py:914} INFO - Processing file /opt/airflow/dags/spark_airflow.py for tasks to queue
[2024-10-23T08:27:31.692+0000] {logging_mixin.py:190} INFO - [2024-10-23T08:27:31.692+0000] {dagbag.py:588} INFO - Filling up the DagBag from /opt/airflow/dags/spark_airflow.py
[2024-10-23T08:27:31.716+0000] {processor.py:925} INFO - DAG(s) 'sparking_flow' retrieved from /opt/airflow/dags/spark_airflow.py
[2024-10-23T08:27:31.751+0000] {logging_mixin.py:190} INFO - [2024-10-23T08:27:31.750+0000] {dag.py:3239} INFO - Sync 1 DAGs
[2024-10-23T08:27:31.778+0000] {logging_mixin.py:190} INFO - [2024-10-23T08:27:31.777+0000] {dag.py:4180} INFO - Setting next_dagrun for sparking_flow to 2024-10-23 00:00:00+00:00, run_after=2024-10-24 00:00:00+00:00
[2024-10-23T08:27:31.800+0000] {processor.py:208} INFO - Processing /opt/airflow/dags/spark_airflow.py took 0.118 seconds
[2024-10-23T08:28:02.013+0000] {processor.py:186} INFO - Started process (PID=13464) to work on /opt/airflow/dags/spark_airflow.py
[2024-10-23T08:28:02.014+0000] {processor.py:914} INFO - Processing file /opt/airflow/dags/spark_airflow.py for tasks to queue
[2024-10-23T08:28:02.015+0000] {logging_mixin.py:190} INFO - [2024-10-23T08:28:02.014+0000] {dagbag.py:588} INFO - Filling up the DagBag from /opt/airflow/dags/spark_airflow.py
[2024-10-23T08:28:02.034+0000] {processor.py:925} INFO - DAG(s) 'sparking_flow' retrieved from /opt/airflow/dags/spark_airflow.py
[2024-10-23T08:28:02.063+0000] {logging_mixin.py:190} INFO - [2024-10-23T08:28:02.062+0000] {dag.py:3239} INFO - Sync 1 DAGs
[2024-10-23T08:28:02.088+0000] {logging_mixin.py:190} INFO - [2024-10-23T08:28:02.087+0000] {dag.py:4180} INFO - Setting next_dagrun for sparking_flow to 2024-10-23 00:00:00+00:00, run_after=2024-10-24 00:00:00+00:00
[2024-10-23T08:28:02.110+0000] {processor.py:208} INFO - Processing /opt/airflow/dags/spark_airflow.py took 0.102 seconds
[2024-10-23T08:28:32.241+0000] {processor.py:186} INFO - Started process (PID=13469) to work on /opt/airflow/dags/spark_airflow.py
[2024-10-23T08:28:32.242+0000] {processor.py:914} INFO - Processing file /opt/airflow/dags/spark_airflow.py for tasks to queue
[2024-10-23T08:28:32.244+0000] {logging_mixin.py:190} INFO - [2024-10-23T08:28:32.243+0000] {dagbag.py:588} INFO - Filling up the DagBag from /opt/airflow/dags/spark_airflow.py
[2024-10-23T08:28:32.269+0000] {processor.py:925} INFO - DAG(s) 'sparking_flow' retrieved from /opt/airflow/dags/spark_airflow.py
[2024-10-23T08:28:32.305+0000] {logging_mixin.py:190} INFO - [2024-10-23T08:28:32.304+0000] {dag.py:3239} INFO - Sync 1 DAGs
[2024-10-23T08:28:32.330+0000] {logging_mixin.py:190} INFO - [2024-10-23T08:28:32.330+0000] {dag.py:4180} INFO - Setting next_dagrun for sparking_flow to 2024-10-23 00:00:00+00:00, run_after=2024-10-24 00:00:00+00:00
[2024-10-23T08:28:32.353+0000] {processor.py:208} INFO - Processing /opt/airflow/dags/spark_airflow.py took 0.118 seconds
[2024-10-23T08:29:02.559+0000] {processor.py:186} INFO - Started process (PID=13474) to work on /opt/airflow/dags/spark_airflow.py
[2024-10-23T08:29:02.560+0000] {processor.py:914} INFO - Processing file /opt/airflow/dags/spark_airflow.py for tasks to queue
[2024-10-23T08:29:02.561+0000] {logging_mixin.py:190} INFO - [2024-10-23T08:29:02.561+0000] {dagbag.py:588} INFO - Filling up the DagBag from /opt/airflow/dags/spark_airflow.py
[2024-10-23T08:29:02.590+0000] {processor.py:925} INFO - DAG(s) 'sparking_flow' retrieved from /opt/airflow/dags/spark_airflow.py
[2024-10-23T08:29:02.624+0000] {logging_mixin.py:190} INFO - [2024-10-23T08:29:02.624+0000] {dag.py:3239} INFO - Sync 1 DAGs
[2024-10-23T08:29:02.654+0000] {logging_mixin.py:190} INFO - [2024-10-23T08:29:02.653+0000] {dag.py:4180} INFO - Setting next_dagrun for sparking_flow to 2024-10-23 00:00:00+00:00, run_after=2024-10-24 00:00:00+00:00
[2024-10-23T08:29:02.678+0000] {processor.py:208} INFO - Processing /opt/airflow/dags/spark_airflow.py took 0.126 seconds
[2024-10-23T08:29:32.796+0000] {processor.py:186} INFO - Started process (PID=13479) to work on /opt/airflow/dags/spark_airflow.py
[2024-10-23T08:29:32.797+0000] {processor.py:914} INFO - Processing file /opt/airflow/dags/spark_airflow.py for tasks to queue
[2024-10-23T08:29:32.798+0000] {logging_mixin.py:190} INFO - [2024-10-23T08:29:32.798+0000] {dagbag.py:588} INFO - Filling up the DagBag from /opt/airflow/dags/spark_airflow.py
[2024-10-23T08:29:32.828+0000] {processor.py:925} INFO - DAG(s) 'sparking_flow' retrieved from /opt/airflow/dags/spark_airflow.py
[2024-10-23T08:29:32.867+0000] {logging_mixin.py:190} INFO - [2024-10-23T08:29:32.867+0000] {dag.py:3239} INFO - Sync 1 DAGs
[2024-10-23T08:29:32.899+0000] {logging_mixin.py:190} INFO - [2024-10-23T08:29:32.899+0000] {dag.py:4180} INFO - Setting next_dagrun for sparking_flow to 2024-10-23 00:00:00+00:00, run_after=2024-10-24 00:00:00+00:00
[2024-10-23T08:29:32.941+0000] {processor.py:208} INFO - Processing /opt/airflow/dags/spark_airflow.py took 0.151 seconds
[2024-10-23T08:30:03.167+0000] {processor.py:186} INFO - Started process (PID=13484) to work on /opt/airflow/dags/spark_airflow.py
[2024-10-23T08:30:03.168+0000] {processor.py:914} INFO - Processing file /opt/airflow/dags/spark_airflow.py for tasks to queue
[2024-10-23T08:30:03.169+0000] {logging_mixin.py:190} INFO - [2024-10-23T08:30:03.169+0000] {dagbag.py:588} INFO - Filling up the DagBag from /opt/airflow/dags/spark_airflow.py
[2024-10-23T08:30:03.196+0000] {processor.py:925} INFO - DAG(s) 'sparking_flow' retrieved from /opt/airflow/dags/spark_airflow.py
[2024-10-23T08:30:03.226+0000] {logging_mixin.py:190} INFO - [2024-10-23T08:30:03.226+0000] {dag.py:3239} INFO - Sync 1 DAGs
[2024-10-23T08:30:03.251+0000] {logging_mixin.py:190} INFO - [2024-10-23T08:30:03.250+0000] {dag.py:4180} INFO - Setting next_dagrun for sparking_flow to 2024-10-23 00:00:00+00:00, run_after=2024-10-24 00:00:00+00:00
[2024-10-23T08:30:03.274+0000] {processor.py:208} INFO - Processing /opt/airflow/dags/spark_airflow.py took 0.112 seconds
[2024-10-23T08:30:33.402+0000] {processor.py:186} INFO - Started process (PID=13489) to work on /opt/airflow/dags/spark_airflow.py
[2024-10-23T08:30:33.404+0000] {processor.py:914} INFO - Processing file /opt/airflow/dags/spark_airflow.py for tasks to queue
[2024-10-23T08:30:33.406+0000] {logging_mixin.py:190} INFO - [2024-10-23T08:30:33.405+0000] {dagbag.py:588} INFO - Filling up the DagBag from /opt/airflow/dags/spark_airflow.py
[2024-10-23T08:30:33.436+0000] {processor.py:925} INFO - DAG(s) 'sparking_flow' retrieved from /opt/airflow/dags/spark_airflow.py
[2024-10-23T08:30:33.477+0000] {logging_mixin.py:190} INFO - [2024-10-23T08:30:33.477+0000] {dag.py:3239} INFO - Sync 1 DAGs
[2024-10-23T08:30:33.509+0000] {logging_mixin.py:190} INFO - [2024-10-23T08:30:33.509+0000] {dag.py:4180} INFO - Setting next_dagrun for sparking_flow to 2024-10-23 00:00:00+00:00, run_after=2024-10-24 00:00:00+00:00
[2024-10-23T08:30:33.534+0000] {processor.py:208} INFO - Processing /opt/airflow/dags/spark_airflow.py took 0.140 seconds
[2024-10-23T08:31:03.715+0000] {processor.py:186} INFO - Started process (PID=13494) to work on /opt/airflow/dags/spark_airflow.py
[2024-10-23T08:31:03.716+0000] {processor.py:914} INFO - Processing file /opt/airflow/dags/spark_airflow.py for tasks to queue
[2024-10-23T08:31:03.720+0000] {logging_mixin.py:190} INFO - [2024-10-23T08:31:03.719+0000] {dagbag.py:588} INFO - Filling up the DagBag from /opt/airflow/dags/spark_airflow.py
[2024-10-23T08:31:03.744+0000] {processor.py:925} INFO - DAG(s) 'sparking_flow' retrieved from /opt/airflow/dags/spark_airflow.py
[2024-10-23T08:31:03.774+0000] {logging_mixin.py:190} INFO - [2024-10-23T08:31:03.774+0000] {dag.py:3239} INFO - Sync 1 DAGs
[2024-10-23T08:31:03.800+0000] {logging_mixin.py:190} INFO - [2024-10-23T08:31:03.800+0000] {dag.py:4180} INFO - Setting next_dagrun for sparking_flow to 2024-10-23 00:00:00+00:00, run_after=2024-10-24 00:00:00+00:00
[2024-10-23T08:31:03.823+0000] {processor.py:208} INFO - Processing /opt/airflow/dags/spark_airflow.py took 0.116 seconds
[2024-10-23T08:31:33.973+0000] {processor.py:186} INFO - Started process (PID=13499) to work on /opt/airflow/dags/spark_airflow.py
[2024-10-23T08:31:33.974+0000] {processor.py:914} INFO - Processing file /opt/airflow/dags/spark_airflow.py for tasks to queue
[2024-10-23T08:31:33.976+0000] {logging_mixin.py:190} INFO - [2024-10-23T08:31:33.976+0000] {dagbag.py:588} INFO - Filling up the DagBag from /opt/airflow/dags/spark_airflow.py
[2024-10-23T08:31:34.005+0000] {processor.py:925} INFO - DAG(s) 'sparking_flow' retrieved from /opt/airflow/dags/spark_airflow.py
[2024-10-23T08:31:34.041+0000] {logging_mixin.py:190} INFO - [2024-10-23T08:31:34.041+0000] {dag.py:3239} INFO - Sync 1 DAGs
[2024-10-23T08:31:34.069+0000] {logging_mixin.py:190} INFO - [2024-10-23T08:31:34.069+0000] {dag.py:4180} INFO - Setting next_dagrun for sparking_flow to 2024-10-23 00:00:00+00:00, run_after=2024-10-24 00:00:00+00:00
[2024-10-23T08:31:34.106+0000] {processor.py:208} INFO - Processing /opt/airflow/dags/spark_airflow.py took 0.143 seconds
[2024-10-23T08:32:04.266+0000] {processor.py:186} INFO - Started process (PID=13504) to work on /opt/airflow/dags/spark_airflow.py
[2024-10-23T08:32:04.267+0000] {processor.py:914} INFO - Processing file /opt/airflow/dags/spark_airflow.py for tasks to queue
[2024-10-23T08:32:04.269+0000] {logging_mixin.py:190} INFO - [2024-10-23T08:32:04.269+0000] {dagbag.py:588} INFO - Filling up the DagBag from /opt/airflow/dags/spark_airflow.py
[2024-10-23T08:32:04.294+0000] {processor.py:925} INFO - DAG(s) 'sparking_flow' retrieved from /opt/airflow/dags/spark_airflow.py
[2024-10-23T08:32:04.327+0000] {logging_mixin.py:190} INFO - [2024-10-23T08:32:04.327+0000] {dag.py:3239} INFO - Sync 1 DAGs
[2024-10-23T08:32:04.358+0000] {logging_mixin.py:190} INFO - [2024-10-23T08:32:04.358+0000] {dag.py:4180} INFO - Setting next_dagrun for sparking_flow to 2024-10-23 00:00:00+00:00, run_after=2024-10-24 00:00:00+00:00
[2024-10-23T08:32:04.395+0000] {processor.py:208} INFO - Processing /opt/airflow/dags/spark_airflow.py took 0.138 seconds
[2024-10-23T08:32:34.524+0000] {processor.py:186} INFO - Started process (PID=13509) to work on /opt/airflow/dags/spark_airflow.py
[2024-10-23T08:32:34.525+0000] {processor.py:914} INFO - Processing file /opt/airflow/dags/spark_airflow.py for tasks to queue
[2024-10-23T08:32:34.527+0000] {logging_mixin.py:190} INFO - [2024-10-23T08:32:34.526+0000] {dagbag.py:588} INFO - Filling up the DagBag from /opt/airflow/dags/spark_airflow.py
[2024-10-23T08:32:34.545+0000] {processor.py:925} INFO - DAG(s) 'sparking_flow' retrieved from /opt/airflow/dags/spark_airflow.py
[2024-10-23T08:32:34.580+0000] {logging_mixin.py:190} INFO - [2024-10-23T08:32:34.579+0000] {dag.py:3239} INFO - Sync 1 DAGs
[2024-10-23T08:32:34.610+0000] {logging_mixin.py:190} INFO - [2024-10-23T08:32:34.610+0000] {dag.py:4180} INFO - Setting next_dagrun for sparking_flow to 2024-10-23 00:00:00+00:00, run_after=2024-10-24 00:00:00+00:00
[2024-10-23T08:32:34.634+0000] {processor.py:208} INFO - Processing /opt/airflow/dags/spark_airflow.py took 0.117 seconds
[2024-10-23T08:33:04.825+0000] {processor.py:186} INFO - Started process (PID=13514) to work on /opt/airflow/dags/spark_airflow.py
[2024-10-23T08:33:04.827+0000] {processor.py:914} INFO - Processing file /opt/airflow/dags/spark_airflow.py for tasks to queue
[2024-10-23T08:33:04.828+0000] {logging_mixin.py:190} INFO - [2024-10-23T08:33:04.828+0000] {dagbag.py:588} INFO - Filling up the DagBag from /opt/airflow/dags/spark_airflow.py
[2024-10-23T08:33:04.852+0000] {processor.py:925} INFO - DAG(s) 'sparking_flow' retrieved from /opt/airflow/dags/spark_airflow.py
[2024-10-23T08:33:04.887+0000] {logging_mixin.py:190} INFO - [2024-10-23T08:33:04.887+0000] {dag.py:3239} INFO - Sync 1 DAGs
[2024-10-23T08:33:04.916+0000] {logging_mixin.py:190} INFO - [2024-10-23T08:33:04.916+0000] {dag.py:4180} INFO - Setting next_dagrun for sparking_flow to 2024-10-23 00:00:00+00:00, run_after=2024-10-24 00:00:00+00:00
[2024-10-23T08:33:04.941+0000] {processor.py:208} INFO - Processing /opt/airflow/dags/spark_airflow.py took 0.125 seconds
[2024-10-23T08:33:35.068+0000] {processor.py:186} INFO - Started process (PID=13519) to work on /opt/airflow/dags/spark_airflow.py
[2024-10-23T08:33:35.069+0000] {processor.py:914} INFO - Processing file /opt/airflow/dags/spark_airflow.py for tasks to queue
[2024-10-23T08:33:35.071+0000] {logging_mixin.py:190} INFO - [2024-10-23T08:33:35.071+0000] {dagbag.py:588} INFO - Filling up the DagBag from /opt/airflow/dags/spark_airflow.py
[2024-10-23T08:33:35.095+0000] {processor.py:925} INFO - DAG(s) 'sparking_flow' retrieved from /opt/airflow/dags/spark_airflow.py
[2024-10-23T08:33:35.138+0000] {logging_mixin.py:190} INFO - [2024-10-23T08:33:35.138+0000] {dag.py:3239} INFO - Sync 1 DAGs
[2024-10-23T08:33:35.170+0000] {logging_mixin.py:190} INFO - [2024-10-23T08:33:35.170+0000] {dag.py:4180} INFO - Setting next_dagrun for sparking_flow to 2024-10-23 00:00:00+00:00, run_after=2024-10-24 00:00:00+00:00
[2024-10-23T08:33:35.193+0000] {processor.py:208} INFO - Processing /opt/airflow/dags/spark_airflow.py took 0.133 seconds
[2024-10-23T08:34:05.380+0000] {processor.py:186} INFO - Started process (PID=13524) to work on /opt/airflow/dags/spark_airflow.py
[2024-10-23T08:34:05.381+0000] {processor.py:914} INFO - Processing file /opt/airflow/dags/spark_airflow.py for tasks to queue
[2024-10-23T08:34:05.382+0000] {logging_mixin.py:190} INFO - [2024-10-23T08:34:05.382+0000] {dagbag.py:588} INFO - Filling up the DagBag from /opt/airflow/dags/spark_airflow.py
[2024-10-23T08:34:05.405+0000] {processor.py:925} INFO - DAG(s) 'sparking_flow' retrieved from /opt/airflow/dags/spark_airflow.py
[2024-10-23T08:34:05.435+0000] {logging_mixin.py:190} INFO - [2024-10-23T08:34:05.435+0000] {dag.py:3239} INFO - Sync 1 DAGs
[2024-10-23T08:34:05.465+0000] {logging_mixin.py:190} INFO - [2024-10-23T08:34:05.464+0000] {dag.py:4180} INFO - Setting next_dagrun for sparking_flow to 2024-10-23 00:00:00+00:00, run_after=2024-10-24 00:00:00+00:00
[2024-10-23T08:34:05.489+0000] {processor.py:208} INFO - Processing /opt/airflow/dags/spark_airflow.py took 0.117 seconds
[2024-10-23T08:34:35.634+0000] {processor.py:186} INFO - Started process (PID=13529) to work on /opt/airflow/dags/spark_airflow.py
[2024-10-23T08:34:35.635+0000] {processor.py:914} INFO - Processing file /opt/airflow/dags/spark_airflow.py for tasks to queue
[2024-10-23T08:34:35.637+0000] {logging_mixin.py:190} INFO - [2024-10-23T08:34:35.637+0000] {dagbag.py:588} INFO - Filling up the DagBag from /opt/airflow/dags/spark_airflow.py
[2024-10-23T08:34:35.667+0000] {processor.py:925} INFO - DAG(s) 'sparking_flow' retrieved from /opt/airflow/dags/spark_airflow.py
[2024-10-23T08:34:35.701+0000] {logging_mixin.py:190} INFO - [2024-10-23T08:34:35.701+0000] {dag.py:3239} INFO - Sync 1 DAGs
[2024-10-23T08:34:35.731+0000] {logging_mixin.py:190} INFO - [2024-10-23T08:34:35.731+0000] {dag.py:4180} INFO - Setting next_dagrun for sparking_flow to 2024-10-23 00:00:00+00:00, run_after=2024-10-24 00:00:00+00:00
[2024-10-23T08:34:35.757+0000] {processor.py:208} INFO - Processing /opt/airflow/dags/spark_airflow.py took 0.132 seconds
[2024-10-23T08:35:05.973+0000] {processor.py:186} INFO - Started process (PID=13534) to work on /opt/airflow/dags/spark_airflow.py
[2024-10-23T08:35:05.974+0000] {processor.py:914} INFO - Processing file /opt/airflow/dags/spark_airflow.py for tasks to queue
[2024-10-23T08:35:05.976+0000] {logging_mixin.py:190} INFO - [2024-10-23T08:35:05.975+0000] {dagbag.py:588} INFO - Filling up the DagBag from /opt/airflow/dags/spark_airflow.py
[2024-10-23T08:35:06.000+0000] {processor.py:925} INFO - DAG(s) 'sparking_flow' retrieved from /opt/airflow/dags/spark_airflow.py
[2024-10-23T08:35:06.038+0000] {logging_mixin.py:190} INFO - [2024-10-23T08:35:06.037+0000] {dag.py:3239} INFO - Sync 1 DAGs
[2024-10-23T08:35:06.070+0000] {logging_mixin.py:190} INFO - [2024-10-23T08:35:06.070+0000] {dag.py:4180} INFO - Setting next_dagrun for sparking_flow to 2024-10-23 00:00:00+00:00, run_after=2024-10-24 00:00:00+00:00
[2024-10-23T08:35:06.095+0000] {processor.py:208} INFO - Processing /opt/airflow/dags/spark_airflow.py took 0.127 seconds
[2024-10-23T08:35:36.211+0000] {processor.py:186} INFO - Started process (PID=13539) to work on /opt/airflow/dags/spark_airflow.py
[2024-10-23T08:35:36.213+0000] {processor.py:914} INFO - Processing file /opt/airflow/dags/spark_airflow.py for tasks to queue
[2024-10-23T08:35:36.216+0000] {logging_mixin.py:190} INFO - [2024-10-23T08:35:36.215+0000] {dagbag.py:588} INFO - Filling up the DagBag from /opt/airflow/dags/spark_airflow.py
[2024-10-23T08:35:36.242+0000] {processor.py:925} INFO - DAG(s) 'sparking_flow' retrieved from /opt/airflow/dags/spark_airflow.py
[2024-10-23T08:35:36.276+0000] {logging_mixin.py:190} INFO - [2024-10-23T08:35:36.275+0000] {dag.py:3239} INFO - Sync 1 DAGs
[2024-10-23T08:35:36.308+0000] {logging_mixin.py:190} INFO - [2024-10-23T08:35:36.307+0000] {dag.py:4180} INFO - Setting next_dagrun for sparking_flow to 2024-10-23 00:00:00+00:00, run_after=2024-10-24 00:00:00+00:00
[2024-10-23T08:35:36.331+0000] {processor.py:208} INFO - Processing /opt/airflow/dags/spark_airflow.py took 0.129 seconds
[2024-10-23T08:36:06.529+0000] {processor.py:186} INFO - Started process (PID=13544) to work on /opt/airflow/dags/spark_airflow.py
[2024-10-23T08:36:06.530+0000] {processor.py:914} INFO - Processing file /opt/airflow/dags/spark_airflow.py for tasks to queue
[2024-10-23T08:36:06.531+0000] {logging_mixin.py:190} INFO - [2024-10-23T08:36:06.531+0000] {dagbag.py:588} INFO - Filling up the DagBag from /opt/airflow/dags/spark_airflow.py
[2024-10-23T08:36:06.554+0000] {processor.py:925} INFO - DAG(s) 'sparking_flow' retrieved from /opt/airflow/dags/spark_airflow.py
[2024-10-23T08:36:06.581+0000] {logging_mixin.py:190} INFO - [2024-10-23T08:36:06.581+0000] {dag.py:3239} INFO - Sync 1 DAGs
[2024-10-23T08:36:06.607+0000] {logging_mixin.py:190} INFO - [2024-10-23T08:36:06.606+0000] {dag.py:4180} INFO - Setting next_dagrun for sparking_flow to 2024-10-23 00:00:00+00:00, run_after=2024-10-24 00:00:00+00:00
[2024-10-23T08:36:06.625+0000] {processor.py:208} INFO - Processing /opt/airflow/dags/spark_airflow.py took 0.102 seconds
[2024-10-23T08:36:36.774+0000] {processor.py:186} INFO - Started process (PID=13549) to work on /opt/airflow/dags/spark_airflow.py
[2024-10-23T08:36:36.775+0000] {processor.py:914} INFO - Processing file /opt/airflow/dags/spark_airflow.py for tasks to queue
[2024-10-23T08:36:36.777+0000] {logging_mixin.py:190} INFO - [2024-10-23T08:36:36.777+0000] {dagbag.py:588} INFO - Filling up the DagBag from /opt/airflow/dags/spark_airflow.py
[2024-10-23T08:36:36.804+0000] {processor.py:925} INFO - DAG(s) 'sparking_flow' retrieved from /opt/airflow/dags/spark_airflow.py
[2024-10-23T08:36:36.836+0000] {logging_mixin.py:190} INFO - [2024-10-23T08:36:36.836+0000] {dag.py:3239} INFO - Sync 1 DAGs
[2024-10-23T08:36:36.866+0000] {logging_mixin.py:190} INFO - [2024-10-23T08:36:36.865+0000] {dag.py:4180} INFO - Setting next_dagrun for sparking_flow to 2024-10-23 00:00:00+00:00, run_after=2024-10-24 00:00:00+00:00
[2024-10-23T08:36:36.890+0000] {processor.py:208} INFO - Processing /opt/airflow/dags/spark_airflow.py took 0.124 seconds
[2024-10-23T08:37:07.080+0000] {processor.py:186} INFO - Started process (PID=13554) to work on /opt/airflow/dags/spark_airflow.py
[2024-10-23T08:37:07.081+0000] {processor.py:914} INFO - Processing file /opt/airflow/dags/spark_airflow.py for tasks to queue
[2024-10-23T08:37:07.083+0000] {logging_mixin.py:190} INFO - [2024-10-23T08:37:07.082+0000] {dagbag.py:588} INFO - Filling up the DagBag from /opt/airflow/dags/spark_airflow.py
[2024-10-23T08:37:07.109+0000] {processor.py:925} INFO - DAG(s) 'sparking_flow' retrieved from /opt/airflow/dags/spark_airflow.py
[2024-10-23T08:37:07.142+0000] {logging_mixin.py:190} INFO - [2024-10-23T08:37:07.142+0000] {dag.py:3239} INFO - Sync 1 DAGs
[2024-10-23T08:37:07.167+0000] {logging_mixin.py:190} INFO - [2024-10-23T08:37:07.167+0000] {dag.py:4180} INFO - Setting next_dagrun for sparking_flow to 2024-10-23 00:00:00+00:00, run_after=2024-10-24 00:00:00+00:00
[2024-10-23T08:37:07.188+0000] {processor.py:208} INFO - Processing /opt/airflow/dags/spark_airflow.py took 0.116 seconds
[2024-10-23T08:37:37.333+0000] {processor.py:186} INFO - Started process (PID=13559) to work on /opt/airflow/dags/spark_airflow.py
[2024-10-23T08:37:37.334+0000] {processor.py:914} INFO - Processing file /opt/airflow/dags/spark_airflow.py for tasks to queue
[2024-10-23T08:37:37.336+0000] {logging_mixin.py:190} INFO - [2024-10-23T08:37:37.336+0000] {dagbag.py:588} INFO - Filling up the DagBag from /opt/airflow/dags/spark_airflow.py
[2024-10-23T08:37:37.366+0000] {processor.py:925} INFO - DAG(s) 'sparking_flow' retrieved from /opt/airflow/dags/spark_airflow.py
[2024-10-23T08:37:37.398+0000] {logging_mixin.py:190} INFO - [2024-10-23T08:37:37.397+0000] {dag.py:3239} INFO - Sync 1 DAGs
[2024-10-23T08:37:37.424+0000] {logging_mixin.py:190} INFO - [2024-10-23T08:37:37.424+0000] {dag.py:4180} INFO - Setting next_dagrun for sparking_flow to 2024-10-23 00:00:00+00:00, run_after=2024-10-24 00:00:00+00:00
[2024-10-23T08:37:37.447+0000] {processor.py:208} INFO - Processing /opt/airflow/dags/spark_airflow.py took 0.123 seconds
[2024-10-23T08:38:07.648+0000] {processor.py:186} INFO - Started process (PID=13564) to work on /opt/airflow/dags/spark_airflow.py
[2024-10-23T08:38:07.649+0000] {processor.py:914} INFO - Processing file /opt/airflow/dags/spark_airflow.py for tasks to queue
[2024-10-23T08:38:07.651+0000] {logging_mixin.py:190} INFO - [2024-10-23T08:38:07.651+0000] {dagbag.py:588} INFO - Filling up the DagBag from /opt/airflow/dags/spark_airflow.py
[2024-10-23T08:38:07.684+0000] {processor.py:925} INFO - DAG(s) 'sparking_flow' retrieved from /opt/airflow/dags/spark_airflow.py
[2024-10-23T08:38:07.719+0000] {logging_mixin.py:190} INFO - [2024-10-23T08:38:07.718+0000] {dag.py:3239} INFO - Sync 1 DAGs
[2024-10-23T08:38:07.750+0000] {logging_mixin.py:190} INFO - [2024-10-23T08:38:07.749+0000] {dag.py:4180} INFO - Setting next_dagrun for sparking_flow to 2024-10-23 00:00:00+00:00, run_after=2024-10-24 00:00:00+00:00
[2024-10-23T08:38:07.775+0000] {processor.py:208} INFO - Processing /opt/airflow/dags/spark_airflow.py took 0.133 seconds
[2024-10-23T08:38:37.888+0000] {processor.py:186} INFO - Started process (PID=13569) to work on /opt/airflow/dags/spark_airflow.py
[2024-10-23T08:38:37.889+0000] {processor.py:914} INFO - Processing file /opt/airflow/dags/spark_airflow.py for tasks to queue
[2024-10-23T08:38:37.891+0000] {logging_mixin.py:190} INFO - [2024-10-23T08:38:37.891+0000] {dagbag.py:588} INFO - Filling up the DagBag from /opt/airflow/dags/spark_airflow.py
[2024-10-23T08:38:37.916+0000] {processor.py:925} INFO - DAG(s) 'sparking_flow' retrieved from /opt/airflow/dags/spark_airflow.py
[2024-10-23T08:38:37.947+0000] {logging_mixin.py:190} INFO - [2024-10-23T08:38:37.947+0000] {dag.py:3239} INFO - Sync 1 DAGs
[2024-10-23T08:38:37.973+0000] {logging_mixin.py:190} INFO - [2024-10-23T08:38:37.973+0000] {dag.py:4180} INFO - Setting next_dagrun for sparking_flow to 2024-10-23 00:00:00+00:00, run_after=2024-10-24 00:00:00+00:00
[2024-10-23T08:38:37.996+0000] {processor.py:208} INFO - Processing /opt/airflow/dags/spark_airflow.py took 0.115 seconds
[2024-10-23T08:39:08.190+0000] {processor.py:186} INFO - Started process (PID=13574) to work on /opt/airflow/dags/spark_airflow.py
[2024-10-23T08:39:08.190+0000] {processor.py:914} INFO - Processing file /opt/airflow/dags/spark_airflow.py for tasks to queue
[2024-10-23T08:39:08.192+0000] {logging_mixin.py:190} INFO - [2024-10-23T08:39:08.191+0000] {dagbag.py:588} INFO - Filling up the DagBag from /opt/airflow/dags/spark_airflow.py
[2024-10-23T08:39:08.216+0000] {processor.py:925} INFO - DAG(s) 'sparking_flow' retrieved from /opt/airflow/dags/spark_airflow.py
[2024-10-23T08:39:08.250+0000] {logging_mixin.py:190} INFO - [2024-10-23T08:39:08.250+0000] {dag.py:3239} INFO - Sync 1 DAGs
[2024-10-23T08:39:08.279+0000] {logging_mixin.py:190} INFO - [2024-10-23T08:39:08.278+0000] {dag.py:4180} INFO - Setting next_dagrun for sparking_flow to 2024-10-23 00:00:00+00:00, run_after=2024-10-24 00:00:00+00:00
[2024-10-23T08:39:08.300+0000] {processor.py:208} INFO - Processing /opt/airflow/dags/spark_airflow.py took 0.115 seconds
[2024-10-23T08:39:38.405+0000] {processor.py:186} INFO - Started process (PID=13579) to work on /opt/airflow/dags/spark_airflow.py
[2024-10-23T08:39:38.406+0000] {processor.py:914} INFO - Processing file /opt/airflow/dags/spark_airflow.py for tasks to queue
[2024-10-23T08:39:38.407+0000] {logging_mixin.py:190} INFO - [2024-10-23T08:39:38.407+0000] {dagbag.py:588} INFO - Filling up the DagBag from /opt/airflow/dags/spark_airflow.py
[2024-10-23T08:39:38.435+0000] {processor.py:925} INFO - DAG(s) 'sparking_flow' retrieved from /opt/airflow/dags/spark_airflow.py
[2024-10-23T08:39:38.473+0000] {logging_mixin.py:190} INFO - [2024-10-23T08:39:38.472+0000] {dag.py:3239} INFO - Sync 1 DAGs
[2024-10-23T08:39:38.504+0000] {logging_mixin.py:190} INFO - [2024-10-23T08:39:38.503+0000] {dag.py:4180} INFO - Setting next_dagrun for sparking_flow to 2024-10-23 00:00:00+00:00, run_after=2024-10-24 00:00:00+00:00
[2024-10-23T08:39:38.528+0000] {processor.py:208} INFO - Processing /opt/airflow/dags/spark_airflow.py took 0.129 seconds
[2024-10-23T08:40:08.752+0000] {processor.py:186} INFO - Started process (PID=13584) to work on /opt/airflow/dags/spark_airflow.py
[2024-10-23T08:40:08.753+0000] {processor.py:914} INFO - Processing file /opt/airflow/dags/spark_airflow.py for tasks to queue
[2024-10-23T08:40:08.755+0000] {logging_mixin.py:190} INFO - [2024-10-23T08:40:08.754+0000] {dagbag.py:588} INFO - Filling up the DagBag from /opt/airflow/dags/spark_airflow.py
[2024-10-23T08:40:08.778+0000] {processor.py:925} INFO - DAG(s) 'sparking_flow' retrieved from /opt/airflow/dags/spark_airflow.py
[2024-10-23T08:40:08.808+0000] {logging_mixin.py:190} INFO - [2024-10-23T08:40:08.808+0000] {dag.py:3239} INFO - Sync 1 DAGs
[2024-10-23T08:40:08.834+0000] {logging_mixin.py:190} INFO - [2024-10-23T08:40:08.834+0000] {dag.py:4180} INFO - Setting next_dagrun for sparking_flow to 2024-10-23 00:00:00+00:00, run_after=2024-10-24 00:00:00+00:00
[2024-10-23T08:40:08.856+0000] {processor.py:208} INFO - Processing /opt/airflow/dags/spark_airflow.py took 0.109 seconds
[2024-10-23T08:40:38.969+0000] {processor.py:186} INFO - Started process (PID=13589) to work on /opt/airflow/dags/spark_airflow.py
[2024-10-23T08:40:38.970+0000] {processor.py:914} INFO - Processing file /opt/airflow/dags/spark_airflow.py for tasks to queue
[2024-10-23T08:40:38.972+0000] {logging_mixin.py:190} INFO - [2024-10-23T08:40:38.971+0000] {dagbag.py:588} INFO - Filling up the DagBag from /opt/airflow/dags/spark_airflow.py
[2024-10-23T08:40:39.000+0000] {processor.py:925} INFO - DAG(s) 'sparking_flow' retrieved from /opt/airflow/dags/spark_airflow.py
[2024-10-23T08:40:39.032+0000] {logging_mixin.py:190} INFO - [2024-10-23T08:40:39.032+0000] {dag.py:3239} INFO - Sync 1 DAGs
[2024-10-23T08:40:39.059+0000] {logging_mixin.py:190} INFO - [2024-10-23T08:40:39.059+0000] {dag.py:4180} INFO - Setting next_dagrun for sparking_flow to 2024-10-23 00:00:00+00:00, run_after=2024-10-24 00:00:00+00:00
[2024-10-23T08:40:39.081+0000] {processor.py:208} INFO - Processing /opt/airflow/dags/spark_airflow.py took 0.119 seconds
[2024-10-23T08:41:09.282+0000] {processor.py:186} INFO - Started process (PID=13594) to work on /opt/airflow/dags/spark_airflow.py
[2024-10-23T08:41:09.283+0000] {processor.py:914} INFO - Processing file /opt/airflow/dags/spark_airflow.py for tasks to queue
[2024-10-23T08:41:09.285+0000] {logging_mixin.py:190} INFO - [2024-10-23T08:41:09.284+0000] {dagbag.py:588} INFO - Filling up the DagBag from /opt/airflow/dags/spark_airflow.py
[2024-10-23T08:41:09.309+0000] {processor.py:925} INFO - DAG(s) 'sparking_flow' retrieved from /opt/airflow/dags/spark_airflow.py
[2024-10-23T08:41:09.341+0000] {logging_mixin.py:190} INFO - [2024-10-23T08:41:09.341+0000] {dag.py:3239} INFO - Sync 1 DAGs
[2024-10-23T08:41:09.367+0000] {logging_mixin.py:190} INFO - [2024-10-23T08:41:09.367+0000] {dag.py:4180} INFO - Setting next_dagrun for sparking_flow to 2024-10-23 00:00:00+00:00, run_after=2024-10-24 00:00:00+00:00
[2024-10-23T08:41:09.388+0000] {processor.py:208} INFO - Processing /opt/airflow/dags/spark_airflow.py took 0.111 seconds
[2024-10-23T08:41:39.477+0000] {processor.py:186} INFO - Started process (PID=13599) to work on /opt/airflow/dags/spark_airflow.py
[2024-10-23T08:41:39.478+0000] {processor.py:914} INFO - Processing file /opt/airflow/dags/spark_airflow.py for tasks to queue
[2024-10-23T08:41:39.479+0000] {logging_mixin.py:190} INFO - [2024-10-23T08:41:39.479+0000] {dagbag.py:588} INFO - Filling up the DagBag from /opt/airflow/dags/spark_airflow.py
[2024-10-23T08:41:39.499+0000] {processor.py:925} INFO - DAG(s) 'sparking_flow' retrieved from /opt/airflow/dags/spark_airflow.py
[2024-10-23T08:41:39.530+0000] {logging_mixin.py:190} INFO - [2024-10-23T08:41:39.529+0000] {dag.py:3239} INFO - Sync 1 DAGs
[2024-10-23T08:41:39.561+0000] {logging_mixin.py:190} INFO - [2024-10-23T08:41:39.560+0000] {dag.py:4180} INFO - Setting next_dagrun for sparking_flow to 2024-10-23 00:00:00+00:00, run_after=2024-10-24 00:00:00+00:00
[2024-10-23T08:41:39.585+0000] {processor.py:208} INFO - Processing /opt/airflow/dags/spark_airflow.py took 0.114 seconds
[2024-10-23T08:42:09.759+0000] {processor.py:186} INFO - Started process (PID=13604) to work on /opt/airflow/dags/spark_airflow.py
[2024-10-23T08:42:09.760+0000] {processor.py:914} INFO - Processing file /opt/airflow/dags/spark_airflow.py for tasks to queue
[2024-10-23T08:42:09.761+0000] {logging_mixin.py:190} INFO - [2024-10-23T08:42:09.761+0000] {dagbag.py:588} INFO - Filling up the DagBag from /opt/airflow/dags/spark_airflow.py
[2024-10-23T08:42:09.781+0000] {processor.py:925} INFO - DAG(s) 'sparking_flow' retrieved from /opt/airflow/dags/spark_airflow.py
[2024-10-23T08:42:09.807+0000] {logging_mixin.py:190} INFO - [2024-10-23T08:42:09.807+0000] {dag.py:3239} INFO - Sync 1 DAGs
[2024-10-23T08:42:09.831+0000] {logging_mixin.py:190} INFO - [2024-10-23T08:42:09.831+0000] {dag.py:4180} INFO - Setting next_dagrun for sparking_flow to 2024-10-23 00:00:00+00:00, run_after=2024-10-24 00:00:00+00:00
[2024-10-23T08:42:09.851+0000] {processor.py:208} INFO - Processing /opt/airflow/dags/spark_airflow.py took 0.096 seconds
[2024-10-23T08:42:39.944+0000] {processor.py:186} INFO - Started process (PID=13609) to work on /opt/airflow/dags/spark_airflow.py
[2024-10-23T08:42:39.945+0000] {processor.py:914} INFO - Processing file /opt/airflow/dags/spark_airflow.py for tasks to queue
[2024-10-23T08:42:39.947+0000] {logging_mixin.py:190} INFO - [2024-10-23T08:42:39.946+0000] {dagbag.py:588} INFO - Filling up the DagBag from /opt/airflow/dags/spark_airflow.py
[2024-10-23T08:42:39.968+0000] {processor.py:925} INFO - DAG(s) 'sparking_flow' retrieved from /opt/airflow/dags/spark_airflow.py
[2024-10-23T08:42:39.996+0000] {logging_mixin.py:190} INFO - [2024-10-23T08:42:39.996+0000] {dag.py:3239} INFO - Sync 1 DAGs
[2024-10-23T08:42:40.020+0000] {logging_mixin.py:190} INFO - [2024-10-23T08:42:40.020+0000] {dag.py:4180} INFO - Setting next_dagrun for sparking_flow to 2024-10-23 00:00:00+00:00, run_after=2024-10-24 00:00:00+00:00
[2024-10-23T08:42:40.037+0000] {processor.py:208} INFO - Processing /opt/airflow/dags/spark_airflow.py took 0.099 seconds
[2024-10-23T08:43:10.203+0000] {processor.py:186} INFO - Started process (PID=13614) to work on /opt/airflow/dags/spark_airflow.py
[2024-10-23T08:43:10.204+0000] {processor.py:914} INFO - Processing file /opt/airflow/dags/spark_airflow.py for tasks to queue
[2024-10-23T08:43:10.205+0000] {logging_mixin.py:190} INFO - [2024-10-23T08:43:10.205+0000] {dagbag.py:588} INFO - Filling up the DagBag from /opt/airflow/dags/spark_airflow.py
[2024-10-23T08:43:10.224+0000] {processor.py:925} INFO - DAG(s) 'sparking_flow' retrieved from /opt/airflow/dags/spark_airflow.py
[2024-10-23T08:43:10.250+0000] {logging_mixin.py:190} INFO - [2024-10-23T08:43:10.250+0000] {dag.py:3239} INFO - Sync 1 DAGs
[2024-10-23T08:43:10.275+0000] {logging_mixin.py:190} INFO - [2024-10-23T08:43:10.275+0000] {dag.py:4180} INFO - Setting next_dagrun for sparking_flow to 2024-10-23 00:00:00+00:00, run_after=2024-10-24 00:00:00+00:00
[2024-10-23T08:43:10.293+0000] {processor.py:208} INFO - Processing /opt/airflow/dags/spark_airflow.py took 0.095 seconds
[2024-10-23T08:43:40.388+0000] {processor.py:186} INFO - Started process (PID=13619) to work on /opt/airflow/dags/spark_airflow.py
[2024-10-23T08:43:40.390+0000] {processor.py:914} INFO - Processing file /opt/airflow/dags/spark_airflow.py for tasks to queue
[2024-10-23T08:43:40.391+0000] {logging_mixin.py:190} INFO - [2024-10-23T08:43:40.390+0000] {dagbag.py:588} INFO - Filling up the DagBag from /opt/airflow/dags/spark_airflow.py
[2024-10-23T08:43:40.412+0000] {processor.py:925} INFO - DAG(s) 'sparking_flow' retrieved from /opt/airflow/dags/spark_airflow.py
[2024-10-23T08:43:40.440+0000] {logging_mixin.py:190} INFO - [2024-10-23T08:43:40.440+0000] {dag.py:3239} INFO - Sync 1 DAGs
[2024-10-23T08:43:40.465+0000] {logging_mixin.py:190} INFO - [2024-10-23T08:43:40.464+0000] {dag.py:4180} INFO - Setting next_dagrun for sparking_flow to 2024-10-23 00:00:00+00:00, run_after=2024-10-24 00:00:00+00:00
[2024-10-23T08:43:40.482+0000] {processor.py:208} INFO - Processing /opt/airflow/dags/spark_airflow.py took 0.101 seconds
[2024-10-23T08:44:10.645+0000] {processor.py:186} INFO - Started process (PID=13624) to work on /opt/airflow/dags/spark_airflow.py
[2024-10-23T08:44:10.646+0000] {processor.py:914} INFO - Processing file /opt/airflow/dags/spark_airflow.py for tasks to queue
[2024-10-23T08:44:10.648+0000] {logging_mixin.py:190} INFO - [2024-10-23T08:44:10.648+0000] {dagbag.py:588} INFO - Filling up the DagBag from /opt/airflow/dags/spark_airflow.py
[2024-10-23T08:44:10.666+0000] {processor.py:925} INFO - DAG(s) 'sparking_flow' retrieved from /opt/airflow/dags/spark_airflow.py
[2024-10-23T08:44:10.692+0000] {logging_mixin.py:190} INFO - [2024-10-23T08:44:10.692+0000] {dag.py:3239} INFO - Sync 1 DAGs
[2024-10-23T08:44:10.717+0000] {logging_mixin.py:190} INFO - [2024-10-23T08:44:10.717+0000] {dag.py:4180} INFO - Setting next_dagrun for sparking_flow to 2024-10-23 00:00:00+00:00, run_after=2024-10-24 00:00:00+00:00
[2024-10-23T08:44:10.734+0000] {processor.py:208} INFO - Processing /opt/airflow/dags/spark_airflow.py took 0.093 seconds
[2024-10-23T08:44:40.836+0000] {processor.py:186} INFO - Started process (PID=13629) to work on /opt/airflow/dags/spark_airflow.py
[2024-10-23T08:44:40.837+0000] {processor.py:914} INFO - Processing file /opt/airflow/dags/spark_airflow.py for tasks to queue
[2024-10-23T08:44:40.839+0000] {logging_mixin.py:190} INFO - [2024-10-23T08:44:40.839+0000] {dagbag.py:588} INFO - Filling up the DagBag from /opt/airflow/dags/spark_airflow.py
[2024-10-23T08:44:40.860+0000] {processor.py:925} INFO - DAG(s) 'sparking_flow' retrieved from /opt/airflow/dags/spark_airflow.py
[2024-10-23T08:44:40.887+0000] {logging_mixin.py:190} INFO - [2024-10-23T08:44:40.887+0000] {dag.py:3239} INFO - Sync 1 DAGs
[2024-10-23T08:44:40.912+0000] {logging_mixin.py:190} INFO - [2024-10-23T08:44:40.911+0000] {dag.py:4180} INFO - Setting next_dagrun for sparking_flow to 2024-10-23 00:00:00+00:00, run_after=2024-10-24 00:00:00+00:00
[2024-10-23T08:44:40.931+0000] {processor.py:208} INFO - Processing /opt/airflow/dags/spark_airflow.py took 0.101 seconds
[2024-10-23T08:45:11.117+0000] {processor.py:186} INFO - Started process (PID=13634) to work on /opt/airflow/dags/spark_airflow.py
[2024-10-23T08:45:11.118+0000] {processor.py:914} INFO - Processing file /opt/airflow/dags/spark_airflow.py for tasks to queue
[2024-10-23T08:45:11.118+0000] {logging_mixin.py:190} INFO - [2024-10-23T08:45:11.118+0000] {dagbag.py:588} INFO - Filling up the DagBag from /opt/airflow/dags/spark_airflow.py
[2024-10-23T08:45:11.138+0000] {processor.py:925} INFO - DAG(s) 'sparking_flow' retrieved from /opt/airflow/dags/spark_airflow.py
[2024-10-23T08:45:11.162+0000] {logging_mixin.py:190} INFO - [2024-10-23T08:45:11.162+0000] {dag.py:3239} INFO - Sync 1 DAGs
[2024-10-23T08:45:11.184+0000] {logging_mixin.py:190} INFO - [2024-10-23T08:45:11.184+0000] {dag.py:4180} INFO - Setting next_dagrun for sparking_flow to 2024-10-23 00:00:00+00:00, run_after=2024-10-24 00:00:00+00:00
[2024-10-23T08:45:11.201+0000] {processor.py:208} INFO - Processing /opt/airflow/dags/spark_airflow.py took 0.090 seconds
[2024-10-23T08:45:41.304+0000] {processor.py:186} INFO - Started process (PID=13639) to work on /opt/airflow/dags/spark_airflow.py
[2024-10-23T08:45:41.305+0000] {processor.py:914} INFO - Processing file /opt/airflow/dags/spark_airflow.py for tasks to queue
[2024-10-23T08:45:41.307+0000] {logging_mixin.py:190} INFO - [2024-10-23T08:45:41.306+0000] {dagbag.py:588} INFO - Filling up the DagBag from /opt/airflow/dags/spark_airflow.py
[2024-10-23T08:45:41.328+0000] {processor.py:925} INFO - DAG(s) 'sparking_flow' retrieved from /opt/airflow/dags/spark_airflow.py
[2024-10-23T08:45:41.356+0000] {logging_mixin.py:190} INFO - [2024-10-23T08:45:41.356+0000] {dag.py:3239} INFO - Sync 1 DAGs
[2024-10-23T08:45:41.380+0000] {logging_mixin.py:190} INFO - [2024-10-23T08:45:41.379+0000] {dag.py:4180} INFO - Setting next_dagrun for sparking_flow to 2024-10-23 00:00:00+00:00, run_after=2024-10-24 00:00:00+00:00
[2024-10-23T08:45:41.397+0000] {processor.py:208} INFO - Processing /opt/airflow/dags/spark_airflow.py took 0.100 seconds
[2024-10-23T08:46:11.554+0000] {processor.py:186} INFO - Started process (PID=13644) to work on /opt/airflow/dags/spark_airflow.py
[2024-10-23T08:46:11.555+0000] {processor.py:914} INFO - Processing file /opt/airflow/dags/spark_airflow.py for tasks to queue
[2024-10-23T08:46:11.557+0000] {logging_mixin.py:190} INFO - [2024-10-23T08:46:11.556+0000] {dagbag.py:588} INFO - Filling up the DagBag from /opt/airflow/dags/spark_airflow.py
[2024-10-23T08:46:11.578+0000] {processor.py:925} INFO - DAG(s) 'sparking_flow' retrieved from /opt/airflow/dags/spark_airflow.py
[2024-10-23T08:46:11.602+0000] {logging_mixin.py:190} INFO - [2024-10-23T08:46:11.602+0000] {dag.py:3239} INFO - Sync 1 DAGs
[2024-10-23T08:46:11.623+0000] {logging_mixin.py:190} INFO - [2024-10-23T08:46:11.623+0000] {dag.py:4180} INFO - Setting next_dagrun for sparking_flow to 2024-10-23 00:00:00+00:00, run_after=2024-10-24 00:00:00+00:00
[2024-10-23T08:46:11.641+0000] {processor.py:208} INFO - Processing /opt/airflow/dags/spark_airflow.py took 0.092 seconds
[2024-10-23T08:46:41.737+0000] {processor.py:186} INFO - Started process (PID=13649) to work on /opt/airflow/dags/spark_airflow.py
[2024-10-23T08:46:41.738+0000] {processor.py:914} INFO - Processing file /opt/airflow/dags/spark_airflow.py for tasks to queue
[2024-10-23T08:46:41.740+0000] {logging_mixin.py:190} INFO - [2024-10-23T08:46:41.739+0000] {dagbag.py:588} INFO - Filling up the DagBag from /opt/airflow/dags/spark_airflow.py
[2024-10-23T08:46:41.760+0000] {processor.py:925} INFO - DAG(s) 'sparking_flow' retrieved from /opt/airflow/dags/spark_airflow.py
[2024-10-23T08:46:41.787+0000] {logging_mixin.py:190} INFO - [2024-10-23T08:46:41.787+0000] {dag.py:3239} INFO - Sync 1 DAGs
[2024-10-23T08:46:41.810+0000] {logging_mixin.py:190} INFO - [2024-10-23T08:46:41.810+0000] {dag.py:4180} INFO - Setting next_dagrun for sparking_flow to 2024-10-23 00:00:00+00:00, run_after=2024-10-24 00:00:00+00:00
[2024-10-23T08:46:41.829+0000] {processor.py:208} INFO - Processing /opt/airflow/dags/spark_airflow.py took 0.098 seconds
[2024-10-23T08:47:11.996+0000] {processor.py:186} INFO - Started process (PID=13654) to work on /opt/airflow/dags/spark_airflow.py
[2024-10-23T08:47:11.997+0000] {processor.py:914} INFO - Processing file /opt/airflow/dags/spark_airflow.py for tasks to queue
[2024-10-23T08:47:11.999+0000] {logging_mixin.py:190} INFO - [2024-10-23T08:47:11.998+0000] {dagbag.py:588} INFO - Filling up the DagBag from /opt/airflow/dags/spark_airflow.py
[2024-10-23T08:47:12.017+0000] {processor.py:925} INFO - DAG(s) 'sparking_flow' retrieved from /opt/airflow/dags/spark_airflow.py
[2024-10-23T08:47:12.046+0000] {logging_mixin.py:190} INFO - [2024-10-23T08:47:12.046+0000] {dag.py:3239} INFO - Sync 1 DAGs
[2024-10-23T08:47:12.070+0000] {logging_mixin.py:190} INFO - [2024-10-23T08:47:12.070+0000] {dag.py:4180} INFO - Setting next_dagrun for sparking_flow to 2024-10-23 00:00:00+00:00, run_after=2024-10-24 00:00:00+00:00
[2024-10-23T08:47:12.090+0000] {processor.py:208} INFO - Processing /opt/airflow/dags/spark_airflow.py took 0.098 seconds
[2024-10-23T08:47:42.185+0000] {processor.py:186} INFO - Started process (PID=13659) to work on /opt/airflow/dags/spark_airflow.py
[2024-10-23T08:47:42.186+0000] {processor.py:914} INFO - Processing file /opt/airflow/dags/spark_airflow.py for tasks to queue
[2024-10-23T08:47:42.187+0000] {logging_mixin.py:190} INFO - [2024-10-23T08:47:42.187+0000] {dagbag.py:588} INFO - Filling up the DagBag from /opt/airflow/dags/spark_airflow.py
[2024-10-23T08:47:42.208+0000] {processor.py:925} INFO - DAG(s) 'sparking_flow' retrieved from /opt/airflow/dags/spark_airflow.py
[2024-10-23T08:47:42.234+0000] {logging_mixin.py:190} INFO - [2024-10-23T08:47:42.234+0000] {dag.py:3239} INFO - Sync 1 DAGs
[2024-10-23T08:47:42.257+0000] {logging_mixin.py:190} INFO - [2024-10-23T08:47:42.257+0000] {dag.py:4180} INFO - Setting next_dagrun for sparking_flow to 2024-10-23 00:00:00+00:00, run_after=2024-10-24 00:00:00+00:00
[2024-10-23T08:47:42.276+0000] {processor.py:208} INFO - Processing /opt/airflow/dags/spark_airflow.py took 0.097 seconds
[2024-10-23T08:48:12.450+0000] {processor.py:186} INFO - Started process (PID=13664) to work on /opt/airflow/dags/spark_airflow.py
[2024-10-23T08:48:12.451+0000] {processor.py:914} INFO - Processing file /opt/airflow/dags/spark_airflow.py for tasks to queue
[2024-10-23T08:48:12.453+0000] {logging_mixin.py:190} INFO - [2024-10-23T08:48:12.453+0000] {dagbag.py:588} INFO - Filling up the DagBag from /opt/airflow/dags/spark_airflow.py
[2024-10-23T08:48:12.471+0000] {processor.py:925} INFO - DAG(s) 'sparking_flow' retrieved from /opt/airflow/dags/spark_airflow.py
[2024-10-23T08:48:12.498+0000] {logging_mixin.py:190} INFO - [2024-10-23T08:48:12.498+0000] {dag.py:3239} INFO - Sync 1 DAGs
[2024-10-23T08:48:12.522+0000] {logging_mixin.py:190} INFO - [2024-10-23T08:48:12.522+0000] {dag.py:4180} INFO - Setting next_dagrun for sparking_flow to 2024-10-23 00:00:00+00:00, run_after=2024-10-24 00:00:00+00:00
[2024-10-23T08:48:12.540+0000] {processor.py:208} INFO - Processing /opt/airflow/dags/spark_airflow.py took 0.095 seconds
[2024-10-23T08:48:42.640+0000] {processor.py:186} INFO - Started process (PID=13669) to work on /opt/airflow/dags/spark_airflow.py
[2024-10-23T08:48:42.641+0000] {processor.py:914} INFO - Processing file /opt/airflow/dags/spark_airflow.py for tasks to queue
[2024-10-23T08:48:42.643+0000] {logging_mixin.py:190} INFO - [2024-10-23T08:48:42.642+0000] {dagbag.py:588} INFO - Filling up the DagBag from /opt/airflow/dags/spark_airflow.py
[2024-10-23T08:48:42.664+0000] {processor.py:925} INFO - DAG(s) 'sparking_flow' retrieved from /opt/airflow/dags/spark_airflow.py
[2024-10-23T08:48:42.693+0000] {logging_mixin.py:190} INFO - [2024-10-23T08:48:42.693+0000] {dag.py:3239} INFO - Sync 1 DAGs
[2024-10-23T08:48:42.718+0000] {logging_mixin.py:190} INFO - [2024-10-23T08:48:42.718+0000] {dag.py:4180} INFO - Setting next_dagrun for sparking_flow to 2024-10-23 00:00:00+00:00, run_after=2024-10-24 00:00:00+00:00
[2024-10-23T08:48:42.738+0000] {processor.py:208} INFO - Processing /opt/airflow/dags/spark_airflow.py took 0.105 seconds
[2024-10-23T08:49:12.906+0000] {processor.py:186} INFO - Started process (PID=13674) to work on /opt/airflow/dags/spark_airflow.py
[2024-10-23T08:49:12.907+0000] {processor.py:914} INFO - Processing file /opt/airflow/dags/spark_airflow.py for tasks to queue
[2024-10-23T08:49:12.908+0000] {logging_mixin.py:190} INFO - [2024-10-23T08:49:12.908+0000] {dagbag.py:588} INFO - Filling up the DagBag from /opt/airflow/dags/spark_airflow.py
[2024-10-23T08:49:12.931+0000] {processor.py:925} INFO - DAG(s) 'sparking_flow' retrieved from /opt/airflow/dags/spark_airflow.py
[2024-10-23T08:49:12.957+0000] {logging_mixin.py:190} INFO - [2024-10-23T08:49:12.957+0000] {dag.py:3239} INFO - Sync 1 DAGs
[2024-10-23T08:49:12.980+0000] {logging_mixin.py:190} INFO - [2024-10-23T08:49:12.980+0000] {dag.py:4180} INFO - Setting next_dagrun for sparking_flow to 2024-10-23 00:00:00+00:00, run_after=2024-10-24 00:00:00+00:00
[2024-10-23T08:49:12.998+0000] {processor.py:208} INFO - Processing /opt/airflow/dags/spark_airflow.py took 0.098 seconds
[2024-10-23T08:49:43.090+0000] {processor.py:186} INFO - Started process (PID=13679) to work on /opt/airflow/dags/spark_airflow.py
[2024-10-23T08:49:43.091+0000] {processor.py:914} INFO - Processing file /opt/airflow/dags/spark_airflow.py for tasks to queue
[2024-10-23T08:49:43.092+0000] {logging_mixin.py:190} INFO - [2024-10-23T08:49:43.092+0000] {dagbag.py:588} INFO - Filling up the DagBag from /opt/airflow/dags/spark_airflow.py
[2024-10-23T08:49:43.112+0000] {processor.py:925} INFO - DAG(s) 'sparking_flow' retrieved from /opt/airflow/dags/spark_airflow.py
[2024-10-23T08:49:43.139+0000] {logging_mixin.py:190} INFO - [2024-10-23T08:49:43.139+0000] {dag.py:3239} INFO - Sync 1 DAGs
[2024-10-23T08:49:43.162+0000] {logging_mixin.py:190} INFO - [2024-10-23T08:49:43.162+0000] {dag.py:4180} INFO - Setting next_dagrun for sparking_flow to 2024-10-23 00:00:00+00:00, run_after=2024-10-24 00:00:00+00:00
[2024-10-23T08:49:43.179+0000] {processor.py:208} INFO - Processing /opt/airflow/dags/spark_airflow.py took 0.096 seconds
[2024-10-23T08:50:13.380+0000] {processor.py:186} INFO - Started process (PID=13684) to work on /opt/airflow/dags/spark_airflow.py
[2024-10-23T08:50:13.381+0000] {processor.py:914} INFO - Processing file /opt/airflow/dags/spark_airflow.py for tasks to queue
[2024-10-23T08:50:13.382+0000] {logging_mixin.py:190} INFO - [2024-10-23T08:50:13.382+0000] {dagbag.py:588} INFO - Filling up the DagBag from /opt/airflow/dags/spark_airflow.py
[2024-10-23T08:50:13.398+0000] {processor.py:925} INFO - DAG(s) 'sparking_flow' retrieved from /opt/airflow/dags/spark_airflow.py
[2024-10-23T08:50:13.424+0000] {logging_mixin.py:190} INFO - [2024-10-23T08:50:13.424+0000] {dag.py:3239} INFO - Sync 1 DAGs
[2024-10-23T08:50:13.448+0000] {logging_mixin.py:190} INFO - [2024-10-23T08:50:13.447+0000] {dag.py:4180} INFO - Setting next_dagrun for sparking_flow to 2024-10-23 00:00:00+00:00, run_after=2024-10-24 00:00:00+00:00
[2024-10-23T08:50:13.466+0000] {processor.py:208} INFO - Processing /opt/airflow/dags/spark_airflow.py took 0.090 seconds
[2024-10-23T08:50:43.568+0000] {processor.py:186} INFO - Started process (PID=13689) to work on /opt/airflow/dags/spark_airflow.py
[2024-10-23T08:50:43.569+0000] {processor.py:914} INFO - Processing file /opt/airflow/dags/spark_airflow.py for tasks to queue
[2024-10-23T08:50:43.570+0000] {logging_mixin.py:190} INFO - [2024-10-23T08:50:43.570+0000] {dagbag.py:588} INFO - Filling up the DagBag from /opt/airflow/dags/spark_airflow.py
[2024-10-23T08:50:43.591+0000] {processor.py:925} INFO - DAG(s) 'sparking_flow' retrieved from /opt/airflow/dags/spark_airflow.py
[2024-10-23T08:50:43.617+0000] {logging_mixin.py:190} INFO - [2024-10-23T08:50:43.617+0000] {dag.py:3239} INFO - Sync 1 DAGs
[2024-10-23T08:50:43.639+0000] {logging_mixin.py:190} INFO - [2024-10-23T08:50:43.639+0000] {dag.py:4180} INFO - Setting next_dagrun for sparking_flow to 2024-10-23 00:00:00+00:00, run_after=2024-10-24 00:00:00+00:00
[2024-10-23T08:50:43.656+0000] {processor.py:208} INFO - Processing /opt/airflow/dags/spark_airflow.py took 0.095 seconds
[2024-10-23T08:51:13.811+0000] {processor.py:186} INFO - Started process (PID=13694) to work on /opt/airflow/dags/spark_airflow.py
[2024-10-23T08:51:13.811+0000] {processor.py:914} INFO - Processing file /opt/airflow/dags/spark_airflow.py for tasks to queue
[2024-10-23T08:51:13.813+0000] {logging_mixin.py:190} INFO - [2024-10-23T08:51:13.812+0000] {dagbag.py:588} INFO - Filling up the DagBag from /opt/airflow/dags/spark_airflow.py
[2024-10-23T08:51:13.829+0000] {processor.py:925} INFO - DAG(s) 'sparking_flow' retrieved from /opt/airflow/dags/spark_airflow.py
[2024-10-23T08:51:13.854+0000] {logging_mixin.py:190} INFO - [2024-10-23T08:51:13.854+0000] {dag.py:3239} INFO - Sync 1 DAGs
[2024-10-23T08:51:13.878+0000] {logging_mixin.py:190} INFO - [2024-10-23T08:51:13.877+0000] {dag.py:4180} INFO - Setting next_dagrun for sparking_flow to 2024-10-23 00:00:00+00:00, run_after=2024-10-24 00:00:00+00:00
[2024-10-23T08:51:13.909+0000] {processor.py:208} INFO - Processing /opt/airflow/dags/spark_airflow.py took 0.103 seconds
[2024-10-23T08:51:44.009+0000] {processor.py:186} INFO - Started process (PID=13699) to work on /opt/airflow/dags/spark_airflow.py
[2024-10-23T08:51:44.010+0000] {processor.py:914} INFO - Processing file /opt/airflow/dags/spark_airflow.py for tasks to queue
[2024-10-23T08:51:44.012+0000] {logging_mixin.py:190} INFO - [2024-10-23T08:51:44.012+0000] {dagbag.py:588} INFO - Filling up the DagBag from /opt/airflow/dags/spark_airflow.py
[2024-10-23T08:51:44.033+0000] {processor.py:925} INFO - DAG(s) 'sparking_flow' retrieved from /opt/airflow/dags/spark_airflow.py
[2024-10-23T08:51:44.059+0000] {logging_mixin.py:190} INFO - [2024-10-23T08:51:44.059+0000] {dag.py:3239} INFO - Sync 1 DAGs
[2024-10-23T08:51:44.081+0000] {logging_mixin.py:190} INFO - [2024-10-23T08:51:44.081+0000] {dag.py:4180} INFO - Setting next_dagrun for sparking_flow to 2024-10-23 00:00:00+00:00, run_after=2024-10-24 00:00:00+00:00
[2024-10-23T08:51:44.098+0000] {processor.py:208} INFO - Processing /opt/airflow/dags/spark_airflow.py took 0.095 seconds
[2024-10-23T08:52:14.265+0000] {processor.py:186} INFO - Started process (PID=13704) to work on /opt/airflow/dags/spark_airflow.py
[2024-10-23T08:52:14.266+0000] {processor.py:914} INFO - Processing file /opt/airflow/dags/spark_airflow.py for tasks to queue
[2024-10-23T08:52:14.267+0000] {logging_mixin.py:190} INFO - [2024-10-23T08:52:14.267+0000] {dagbag.py:588} INFO - Filling up the DagBag from /opt/airflow/dags/spark_airflow.py
[2024-10-23T08:52:14.285+0000] {processor.py:925} INFO - DAG(s) 'sparking_flow' retrieved from /opt/airflow/dags/spark_airflow.py
[2024-10-23T08:52:14.311+0000] {logging_mixin.py:190} INFO - [2024-10-23T08:52:14.310+0000] {dag.py:3239} INFO - Sync 1 DAGs
[2024-10-23T08:52:14.335+0000] {logging_mixin.py:190} INFO - [2024-10-23T08:52:14.335+0000] {dag.py:4180} INFO - Setting next_dagrun for sparking_flow to 2024-10-23 00:00:00+00:00, run_after=2024-10-24 00:00:00+00:00
[2024-10-23T08:52:14.353+0000] {processor.py:208} INFO - Processing /opt/airflow/dags/spark_airflow.py took 0.093 seconds
[2024-10-23T08:52:44.459+0000] {processor.py:186} INFO - Started process (PID=13709) to work on /opt/airflow/dags/spark_airflow.py
[2024-10-23T08:52:44.461+0000] {processor.py:914} INFO - Processing file /opt/airflow/dags/spark_airflow.py for tasks to queue
[2024-10-23T08:52:44.462+0000] {logging_mixin.py:190} INFO - [2024-10-23T08:52:44.462+0000] {dagbag.py:588} INFO - Filling up the DagBag from /opt/airflow/dags/spark_airflow.py
[2024-10-23T08:52:44.483+0000] {processor.py:925} INFO - DAG(s) 'sparking_flow' retrieved from /opt/airflow/dags/spark_airflow.py
[2024-10-23T08:52:44.513+0000] {logging_mixin.py:190} INFO - [2024-10-23T08:52:44.512+0000] {dag.py:3239} INFO - Sync 1 DAGs
[2024-10-23T08:52:44.537+0000] {logging_mixin.py:190} INFO - [2024-10-23T08:52:44.537+0000] {dag.py:4180} INFO - Setting next_dagrun for sparking_flow to 2024-10-23 00:00:00+00:00, run_after=2024-10-24 00:00:00+00:00
[2024-10-23T08:52:44.560+0000] {processor.py:208} INFO - Processing /opt/airflow/dags/spark_airflow.py took 0.107 seconds
[2024-10-23T08:53:14.715+0000] {processor.py:186} INFO - Started process (PID=13714) to work on /opt/airflow/dags/spark_airflow.py
[2024-10-23T08:53:14.716+0000] {processor.py:914} INFO - Processing file /opt/airflow/dags/spark_airflow.py for tasks to queue
[2024-10-23T08:53:14.717+0000] {logging_mixin.py:190} INFO - [2024-10-23T08:53:14.717+0000] {dagbag.py:588} INFO - Filling up the DagBag from /opt/airflow/dags/spark_airflow.py
[2024-10-23T08:53:14.736+0000] {processor.py:925} INFO - DAG(s) 'sparking_flow' retrieved from /opt/airflow/dags/spark_airflow.py
[2024-10-23T08:53:14.763+0000] {logging_mixin.py:190} INFO - [2024-10-23T08:53:14.762+0000] {dag.py:3239} INFO - Sync 1 DAGs
[2024-10-23T08:53:14.787+0000] {logging_mixin.py:190} INFO - [2024-10-23T08:53:14.787+0000] {dag.py:4180} INFO - Setting next_dagrun for sparking_flow to 2024-10-23 00:00:00+00:00, run_after=2024-10-24 00:00:00+00:00
[2024-10-23T08:53:14.804+0000] {processor.py:208} INFO - Processing /opt/airflow/dags/spark_airflow.py took 0.096 seconds
[2024-10-23T08:53:44.926+0000] {processor.py:186} INFO - Started process (PID=13719) to work on /opt/airflow/dags/spark_airflow.py
[2024-10-23T08:53:44.927+0000] {processor.py:914} INFO - Processing file /opt/airflow/dags/spark_airflow.py for tasks to queue
[2024-10-23T08:53:44.928+0000] {logging_mixin.py:190} INFO - [2024-10-23T08:53:44.928+0000] {dagbag.py:588} INFO - Filling up the DagBag from /opt/airflow/dags/spark_airflow.py
[2024-10-23T08:53:44.949+0000] {processor.py:925} INFO - DAG(s) 'sparking_flow' retrieved from /opt/airflow/dags/spark_airflow.py
[2024-10-23T08:53:44.977+0000] {logging_mixin.py:190} INFO - [2024-10-23T08:53:44.977+0000] {dag.py:3239} INFO - Sync 1 DAGs
[2024-10-23T08:53:45.000+0000] {logging_mixin.py:190} INFO - [2024-10-23T08:53:45.000+0000] {dag.py:4180} INFO - Setting next_dagrun for sparking_flow to 2024-10-23 00:00:00+00:00, run_after=2024-10-24 00:00:00+00:00
[2024-10-23T08:53:45.017+0000] {processor.py:208} INFO - Processing /opt/airflow/dags/spark_airflow.py took 0.097 seconds
[2024-10-23T08:54:15.161+0000] {processor.py:186} INFO - Started process (PID=13724) to work on /opt/airflow/dags/spark_airflow.py
[2024-10-23T08:54:15.162+0000] {processor.py:914} INFO - Processing file /opt/airflow/dags/spark_airflow.py for tasks to queue
[2024-10-23T08:54:15.163+0000] {logging_mixin.py:190} INFO - [2024-10-23T08:54:15.163+0000] {dagbag.py:588} INFO - Filling up the DagBag from /opt/airflow/dags/spark_airflow.py
[2024-10-23T08:54:15.184+0000] {processor.py:925} INFO - DAG(s) 'sparking_flow' retrieved from /opt/airflow/dags/spark_airflow.py
[2024-10-23T08:54:15.212+0000] {logging_mixin.py:190} INFO - [2024-10-23T08:54:15.212+0000] {dag.py:3239} INFO - Sync 1 DAGs
[2024-10-23T08:54:15.236+0000] {logging_mixin.py:190} INFO - [2024-10-23T08:54:15.236+0000] {dag.py:4180} INFO - Setting next_dagrun for sparking_flow to 2024-10-23 00:00:00+00:00, run_after=2024-10-24 00:00:00+00:00
[2024-10-23T08:54:15.268+0000] {processor.py:208} INFO - Processing /opt/airflow/dags/spark_airflow.py took 0.113 seconds
[2024-10-23T08:54:45.368+0000] {processor.py:186} INFO - Started process (PID=13729) to work on /opt/airflow/dags/spark_airflow.py
[2024-10-23T08:54:45.369+0000] {processor.py:914} INFO - Processing file /opt/airflow/dags/spark_airflow.py for tasks to queue
[2024-10-23T08:54:45.370+0000] {logging_mixin.py:190} INFO - [2024-10-23T08:54:45.370+0000] {dagbag.py:588} INFO - Filling up the DagBag from /opt/airflow/dags/spark_airflow.py
[2024-10-23T08:54:45.390+0000] {processor.py:925} INFO - DAG(s) 'sparking_flow' retrieved from /opt/airflow/dags/spark_airflow.py
[2024-10-23T08:54:45.415+0000] {logging_mixin.py:190} INFO - [2024-10-23T08:54:45.415+0000] {dag.py:3239} INFO - Sync 1 DAGs
[2024-10-23T08:54:45.438+0000] {logging_mixin.py:190} INFO - [2024-10-23T08:54:45.437+0000] {dag.py:4180} INFO - Setting next_dagrun for sparking_flow to 2024-10-23 00:00:00+00:00, run_after=2024-10-24 00:00:00+00:00
[2024-10-23T08:54:45.456+0000] {processor.py:208} INFO - Processing /opt/airflow/dags/spark_airflow.py took 0.093 seconds
[2024-10-23T08:55:15.651+0000] {processor.py:186} INFO - Started process (PID=13734) to work on /opt/airflow/dags/spark_airflow.py
[2024-10-23T08:55:15.652+0000] {processor.py:914} INFO - Processing file /opt/airflow/dags/spark_airflow.py for tasks to queue
[2024-10-23T08:55:15.654+0000] {logging_mixin.py:190} INFO - [2024-10-23T08:55:15.654+0000] {dagbag.py:588} INFO - Filling up the DagBag from /opt/airflow/dags/spark_airflow.py
[2024-10-23T08:55:15.672+0000] {processor.py:925} INFO - DAG(s) 'sparking_flow' retrieved from /opt/airflow/dags/spark_airflow.py
[2024-10-23T08:55:15.700+0000] {logging_mixin.py:190} INFO - [2024-10-23T08:55:15.699+0000] {dag.py:3239} INFO - Sync 1 DAGs
[2024-10-23T08:55:15.724+0000] {logging_mixin.py:190} INFO - [2024-10-23T08:55:15.724+0000] {dag.py:4180} INFO - Setting next_dagrun for sparking_flow to 2024-10-23 00:00:00+00:00, run_after=2024-10-24 00:00:00+00:00
[2024-10-23T08:55:15.742+0000] {processor.py:208} INFO - Processing /opt/airflow/dags/spark_airflow.py took 0.095 seconds
[2024-10-23T08:55:45.849+0000] {processor.py:186} INFO - Started process (PID=13739) to work on /opt/airflow/dags/spark_airflow.py
[2024-10-23T08:55:45.850+0000] {processor.py:914} INFO - Processing file /opt/airflow/dags/spark_airflow.py for tasks to queue
[2024-10-23T08:55:45.852+0000] {logging_mixin.py:190} INFO - [2024-10-23T08:55:45.851+0000] {dagbag.py:588} INFO - Filling up the DagBag from /opt/airflow/dags/spark_airflow.py
[2024-10-23T08:55:45.870+0000] {processor.py:925} INFO - DAG(s) 'sparking_flow' retrieved from /opt/airflow/dags/spark_airflow.py
[2024-10-23T08:55:45.896+0000] {logging_mixin.py:190} INFO - [2024-10-23T08:55:45.896+0000] {dag.py:3239} INFO - Sync 1 DAGs
[2024-10-23T08:55:45.919+0000] {logging_mixin.py:190} INFO - [2024-10-23T08:55:45.918+0000] {dag.py:4180} INFO - Setting next_dagrun for sparking_flow to 2024-10-23 00:00:00+00:00, run_after=2024-10-24 00:00:00+00:00
[2024-10-23T08:55:45.937+0000] {processor.py:208} INFO - Processing /opt/airflow/dags/spark_airflow.py took 0.093 seconds
[2024-10-23T08:56:16.094+0000] {processor.py:186} INFO - Started process (PID=13744) to work on /opt/airflow/dags/spark_airflow.py
[2024-10-23T08:56:16.095+0000] {processor.py:914} INFO - Processing file /opt/airflow/dags/spark_airflow.py for tasks to queue
[2024-10-23T08:56:16.096+0000] {logging_mixin.py:190} INFO - [2024-10-23T08:56:16.096+0000] {dagbag.py:588} INFO - Filling up the DagBag from /opt/airflow/dags/spark_airflow.py
[2024-10-23T08:56:16.115+0000] {processor.py:925} INFO - DAG(s) 'sparking_flow' retrieved from /opt/airflow/dags/spark_airflow.py
[2024-10-23T08:56:16.142+0000] {logging_mixin.py:190} INFO - [2024-10-23T08:56:16.142+0000] {dag.py:3239} INFO - Sync 1 DAGs
[2024-10-23T08:56:16.168+0000] {logging_mixin.py:190} INFO - [2024-10-23T08:56:16.167+0000] {dag.py:4180} INFO - Setting next_dagrun for sparking_flow to 2024-10-23 00:00:00+00:00, run_after=2024-10-24 00:00:00+00:00
[2024-10-23T08:56:16.185+0000] {processor.py:208} INFO - Processing /opt/airflow/dags/spark_airflow.py took 0.095 seconds
[2024-10-23T08:56:46.277+0000] {processor.py:186} INFO - Started process (PID=13749) to work on /opt/airflow/dags/spark_airflow.py
[2024-10-23T08:56:46.277+0000] {processor.py:914} INFO - Processing file /opt/airflow/dags/spark_airflow.py for tasks to queue
[2024-10-23T08:56:46.278+0000] {logging_mixin.py:190} INFO - [2024-10-23T08:56:46.278+0000] {dagbag.py:588} INFO - Filling up the DagBag from /opt/airflow/dags/spark_airflow.py
[2024-10-23T08:56:46.297+0000] {processor.py:925} INFO - DAG(s) 'sparking_flow' retrieved from /opt/airflow/dags/spark_airflow.py
[2024-10-23T08:56:46.325+0000] {logging_mixin.py:190} INFO - [2024-10-23T08:56:46.324+0000] {dag.py:3239} INFO - Sync 1 DAGs
[2024-10-23T08:56:46.348+0000] {logging_mixin.py:190} INFO - [2024-10-23T08:56:46.348+0000] {dag.py:4180} INFO - Setting next_dagrun for sparking_flow to 2024-10-23 00:00:00+00:00, run_after=2024-10-24 00:00:00+00:00
[2024-10-23T08:56:46.368+0000] {processor.py:208} INFO - Processing /opt/airflow/dags/spark_airflow.py took 0.096 seconds
[2024-10-23T08:57:16.533+0000] {processor.py:186} INFO - Started process (PID=13754) to work on /opt/airflow/dags/spark_airflow.py
[2024-10-23T08:57:16.534+0000] {processor.py:914} INFO - Processing file /opt/airflow/dags/spark_airflow.py for tasks to queue
[2024-10-23T08:57:16.535+0000] {logging_mixin.py:190} INFO - [2024-10-23T08:57:16.534+0000] {dagbag.py:588} INFO - Filling up the DagBag from /opt/airflow/dags/spark_airflow.py
[2024-10-23T08:57:16.550+0000] {processor.py:925} INFO - DAG(s) 'sparking_flow' retrieved from /opt/airflow/dags/spark_airflow.py
[2024-10-23T08:57:16.576+0000] {logging_mixin.py:190} INFO - [2024-10-23T08:57:16.575+0000] {dag.py:3239} INFO - Sync 1 DAGs
[2024-10-23T08:57:16.597+0000] {logging_mixin.py:190} INFO - [2024-10-23T08:57:16.597+0000] {dag.py:4180} INFO - Setting next_dagrun for sparking_flow to 2024-10-23 00:00:00+00:00, run_after=2024-10-24 00:00:00+00:00
[2024-10-23T08:57:16.614+0000] {processor.py:208} INFO - Processing /opt/airflow/dags/spark_airflow.py took 0.086 seconds
[2024-10-23T08:57:46.712+0000] {processor.py:186} INFO - Started process (PID=13759) to work on /opt/airflow/dags/spark_airflow.py
[2024-10-23T08:57:46.713+0000] {processor.py:914} INFO - Processing file /opt/airflow/dags/spark_airflow.py for tasks to queue
[2024-10-23T08:57:46.714+0000] {logging_mixin.py:190} INFO - [2024-10-23T08:57:46.714+0000] {dagbag.py:588} INFO - Filling up the DagBag from /opt/airflow/dags/spark_airflow.py
[2024-10-23T08:57:46.733+0000] {processor.py:925} INFO - DAG(s) 'sparking_flow' retrieved from /opt/airflow/dags/spark_airflow.py
[2024-10-23T08:57:46.760+0000] {logging_mixin.py:190} INFO - [2024-10-23T08:57:46.760+0000] {dag.py:3239} INFO - Sync 1 DAGs
[2024-10-23T08:57:46.783+0000] {logging_mixin.py:190} INFO - [2024-10-23T08:57:46.783+0000] {dag.py:4180} INFO - Setting next_dagrun for sparking_flow to 2024-10-23 00:00:00+00:00, run_after=2024-10-24 00:00:00+00:00
[2024-10-23T08:57:46.802+0000] {processor.py:208} INFO - Processing /opt/airflow/dags/spark_airflow.py took 0.096 seconds
[2024-10-23T08:58:16.953+0000] {processor.py:186} INFO - Started process (PID=13764) to work on /opt/airflow/dags/spark_airflow.py
[2024-10-23T08:58:16.954+0000] {processor.py:914} INFO - Processing file /opt/airflow/dags/spark_airflow.py for tasks to queue
[2024-10-23T08:58:16.955+0000] {logging_mixin.py:190} INFO - [2024-10-23T08:58:16.954+0000] {dagbag.py:588} INFO - Filling up the DagBag from /opt/airflow/dags/spark_airflow.py
[2024-10-23T08:58:16.971+0000] {processor.py:925} INFO - DAG(s) 'sparking_flow' retrieved from /opt/airflow/dags/spark_airflow.py
[2024-10-23T08:58:16.996+0000] {logging_mixin.py:190} INFO - [2024-10-23T08:58:16.996+0000] {dag.py:3239} INFO - Sync 1 DAGs
[2024-10-23T08:58:17.017+0000] {logging_mixin.py:190} INFO - [2024-10-23T08:58:17.017+0000] {dag.py:4180} INFO - Setting next_dagrun for sparking_flow to 2024-10-23 00:00:00+00:00, run_after=2024-10-24 00:00:00+00:00
[2024-10-23T08:58:17.035+0000] {processor.py:208} INFO - Processing /opt/airflow/dags/spark_airflow.py took 0.087 seconds
[2024-10-23T08:58:47.154+0000] {processor.py:186} INFO - Started process (PID=13769) to work on /opt/airflow/dags/spark_airflow.py
[2024-10-23T08:58:47.155+0000] {processor.py:914} INFO - Processing file /opt/airflow/dags/spark_airflow.py for tasks to queue
[2024-10-23T08:58:47.156+0000] {logging_mixin.py:190} INFO - [2024-10-23T08:58:47.156+0000] {dagbag.py:588} INFO - Filling up the DagBag from /opt/airflow/dags/spark_airflow.py
[2024-10-23T08:58:47.177+0000] {processor.py:925} INFO - DAG(s) 'sparking_flow' retrieved from /opt/airflow/dags/spark_airflow.py
[2024-10-23T08:58:47.204+0000] {logging_mixin.py:190} INFO - [2024-10-23T08:58:47.204+0000] {dag.py:3239} INFO - Sync 1 DAGs
[2024-10-23T08:58:47.228+0000] {logging_mixin.py:190} INFO - [2024-10-23T08:58:47.228+0000] {dag.py:4180} INFO - Setting next_dagrun for sparking_flow to 2024-10-23 00:00:00+00:00, run_after=2024-10-24 00:00:00+00:00
[2024-10-23T08:58:47.246+0000] {processor.py:208} INFO - Processing /opt/airflow/dags/spark_airflow.py took 0.099 seconds
[2024-10-23T08:59:17.389+0000] {processor.py:186} INFO - Started process (PID=13774) to work on /opt/airflow/dags/spark_airflow.py
[2024-10-23T08:59:17.390+0000] {processor.py:914} INFO - Processing file /opt/airflow/dags/spark_airflow.py for tasks to queue
[2024-10-23T08:59:17.391+0000] {logging_mixin.py:190} INFO - [2024-10-23T08:59:17.391+0000] {dagbag.py:588} INFO - Filling up the DagBag from /opt/airflow/dags/spark_airflow.py
[2024-10-23T08:59:17.412+0000] {processor.py:925} INFO - DAG(s) 'sparking_flow' retrieved from /opt/airflow/dags/spark_airflow.py
[2024-10-23T08:59:17.440+0000] {logging_mixin.py:190} INFO - [2024-10-23T08:59:17.440+0000] {dag.py:3239} INFO - Sync 1 DAGs
[2024-10-23T08:59:17.465+0000] {logging_mixin.py:190} INFO - [2024-10-23T08:59:17.465+0000] {dag.py:4180} INFO - Setting next_dagrun for sparking_flow to 2024-10-23 00:00:00+00:00, run_after=2024-10-24 00:00:00+00:00
[2024-10-23T08:59:17.484+0000] {processor.py:208} INFO - Processing /opt/airflow/dags/spark_airflow.py took 0.101 seconds
[2024-10-23T08:59:47.593+0000] {processor.py:186} INFO - Started process (PID=13779) to work on /opt/airflow/dags/spark_airflow.py
[2024-10-23T08:59:47.594+0000] {processor.py:914} INFO - Processing file /opt/airflow/dags/spark_airflow.py for tasks to queue
[2024-10-23T08:59:47.596+0000] {logging_mixin.py:190} INFO - [2024-10-23T08:59:47.596+0000] {dagbag.py:588} INFO - Filling up the DagBag from /opt/airflow/dags/spark_airflow.py
[2024-10-23T08:59:47.615+0000] {processor.py:925} INFO - DAG(s) 'sparking_flow' retrieved from /opt/airflow/dags/spark_airflow.py
[2024-10-23T08:59:47.640+0000] {logging_mixin.py:190} INFO - [2024-10-23T08:59:47.640+0000] {dag.py:3239} INFO - Sync 1 DAGs
[2024-10-23T08:59:47.662+0000] {logging_mixin.py:190} INFO - [2024-10-23T08:59:47.661+0000] {dag.py:4180} INFO - Setting next_dagrun for sparking_flow to 2024-10-23 00:00:00+00:00, run_after=2024-10-24 00:00:00+00:00
[2024-10-23T08:59:47.679+0000] {processor.py:208} INFO - Processing /opt/airflow/dags/spark_airflow.py took 0.090 seconds
[2024-10-23T09:00:17.873+0000] {processor.py:186} INFO - Started process (PID=13784) to work on /opt/airflow/dags/spark_airflow.py
[2024-10-23T09:00:17.873+0000] {processor.py:914} INFO - Processing file /opt/airflow/dags/spark_airflow.py for tasks to queue
[2024-10-23T09:00:17.874+0000] {logging_mixin.py:190} INFO - [2024-10-23T09:00:17.874+0000] {dagbag.py:588} INFO - Filling up the DagBag from /opt/airflow/dags/spark_airflow.py
[2024-10-23T09:00:17.892+0000] {processor.py:925} INFO - DAG(s) 'sparking_flow' retrieved from /opt/airflow/dags/spark_airflow.py
[2024-10-23T09:00:17.919+0000] {logging_mixin.py:190} INFO - [2024-10-23T09:00:17.919+0000] {dag.py:3239} INFO - Sync 1 DAGs
[2024-10-23T09:00:17.940+0000] {logging_mixin.py:190} INFO - [2024-10-23T09:00:17.940+0000] {dag.py:4180} INFO - Setting next_dagrun for sparking_flow to 2024-10-23 00:00:00+00:00, run_after=2024-10-24 00:00:00+00:00
[2024-10-23T09:00:17.957+0000] {processor.py:208} INFO - Processing /opt/airflow/dags/spark_airflow.py took 0.089 seconds
[2024-10-23T09:00:48.060+0000] {processor.py:186} INFO - Started process (PID=13789) to work on /opt/airflow/dags/spark_airflow.py
[2024-10-23T09:00:48.061+0000] {processor.py:914} INFO - Processing file /opt/airflow/dags/spark_airflow.py for tasks to queue
[2024-10-23T09:00:48.062+0000] {logging_mixin.py:190} INFO - [2024-10-23T09:00:48.062+0000] {dagbag.py:588} INFO - Filling up the DagBag from /opt/airflow/dags/spark_airflow.py
[2024-10-23T09:00:48.082+0000] {processor.py:925} INFO - DAG(s) 'sparking_flow' retrieved from /opt/airflow/dags/spark_airflow.py
[2024-10-23T09:00:48.112+0000] {logging_mixin.py:190} INFO - [2024-10-23T09:00:48.112+0000] {dag.py:3239} INFO - Sync 1 DAGs
[2024-10-23T09:00:48.136+0000] {logging_mixin.py:190} INFO - [2024-10-23T09:00:48.136+0000] {dag.py:4180} INFO - Setting next_dagrun for sparking_flow to 2024-10-23 00:00:00+00:00, run_after=2024-10-24 00:00:00+00:00
[2024-10-23T09:00:48.155+0000] {processor.py:208} INFO - Processing /opt/airflow/dags/spark_airflow.py took 0.101 seconds
[2024-10-23T09:01:18.321+0000] {processor.py:186} INFO - Started process (PID=13794) to work on /opt/airflow/dags/spark_airflow.py
[2024-10-23T09:01:18.323+0000] {processor.py:914} INFO - Processing file /opt/airflow/dags/spark_airflow.py for tasks to queue
[2024-10-23T09:01:18.324+0000] {logging_mixin.py:190} INFO - [2024-10-23T09:01:18.324+0000] {dagbag.py:588} INFO - Filling up the DagBag from /opt/airflow/dags/spark_airflow.py
[2024-10-23T09:01:18.343+0000] {processor.py:925} INFO - DAG(s) 'sparking_flow' retrieved from /opt/airflow/dags/spark_airflow.py
[2024-10-23T09:01:18.369+0000] {logging_mixin.py:190} INFO - [2024-10-23T09:01:18.369+0000] {dag.py:3239} INFO - Sync 1 DAGs
[2024-10-23T09:01:18.392+0000] {logging_mixin.py:190} INFO - [2024-10-23T09:01:18.392+0000] {dag.py:4180} INFO - Setting next_dagrun for sparking_flow to 2024-10-23 00:00:00+00:00, run_after=2024-10-24 00:00:00+00:00
[2024-10-23T09:01:18.414+0000] {processor.py:208} INFO - Processing /opt/airflow/dags/spark_airflow.py took 0.097 seconds
[2024-10-23T09:01:48.521+0000] {processor.py:186} INFO - Started process (PID=13799) to work on /opt/airflow/dags/spark_airflow.py
[2024-10-23T09:01:48.522+0000] {processor.py:914} INFO - Processing file /opt/airflow/dags/spark_airflow.py for tasks to queue
[2024-10-23T09:01:48.524+0000] {logging_mixin.py:190} INFO - [2024-10-23T09:01:48.523+0000] {dagbag.py:588} INFO - Filling up the DagBag from /opt/airflow/dags/spark_airflow.py
[2024-10-23T09:01:48.548+0000] {processor.py:925} INFO - DAG(s) 'sparking_flow' retrieved from /opt/airflow/dags/spark_airflow.py
[2024-10-23T09:01:48.577+0000] {logging_mixin.py:190} INFO - [2024-10-23T09:01:48.577+0000] {dag.py:3239} INFO - Sync 1 DAGs
[2024-10-23T09:01:48.621+0000] {logging_mixin.py:190} INFO - [2024-10-23T09:01:48.620+0000] {dag.py:4180} INFO - Setting next_dagrun for sparking_flow to 2024-10-23 00:00:00+00:00, run_after=2024-10-24 00:00:00+00:00
[2024-10-23T09:01:48.653+0000] {processor.py:208} INFO - Processing /opt/airflow/dags/spark_airflow.py took 0.140 seconds
[2024-10-23T09:02:18.775+0000] {processor.py:186} INFO - Started process (PID=13804) to work on /opt/airflow/dags/spark_airflow.py
[2024-10-23T09:02:18.777+0000] {processor.py:914} INFO - Processing file /opt/airflow/dags/spark_airflow.py for tasks to queue
[2024-10-23T09:02:18.778+0000] {logging_mixin.py:190} INFO - [2024-10-23T09:02:18.778+0000] {dagbag.py:588} INFO - Filling up the DagBag from /opt/airflow/dags/spark_airflow.py
[2024-10-23T09:02:18.800+0000] {processor.py:925} INFO - DAG(s) 'sparking_flow' retrieved from /opt/airflow/dags/spark_airflow.py
[2024-10-23T09:02:18.830+0000] {logging_mixin.py:190} INFO - [2024-10-23T09:02:18.830+0000] {dag.py:3239} INFO - Sync 1 DAGs
[2024-10-23T09:02:18.854+0000] {logging_mixin.py:190} INFO - [2024-10-23T09:02:18.854+0000] {dag.py:4180} INFO - Setting next_dagrun for sparking_flow to 2024-10-23 00:00:00+00:00, run_after=2024-10-24 00:00:00+00:00
[2024-10-23T09:02:18.874+0000] {processor.py:208} INFO - Processing /opt/airflow/dags/spark_airflow.py took 0.106 seconds
[2024-10-23T09:02:49.032+0000] {processor.py:186} INFO - Started process (PID=13809) to work on /opt/airflow/dags/spark_airflow.py
[2024-10-23T09:02:49.033+0000] {processor.py:914} INFO - Processing file /opt/airflow/dags/spark_airflow.py for tasks to queue
[2024-10-23T09:02:49.035+0000] {logging_mixin.py:190} INFO - [2024-10-23T09:02:49.034+0000] {dagbag.py:588} INFO - Filling up the DagBag from /opt/airflow/dags/spark_airflow.py
[2024-10-23T09:02:49.055+0000] {processor.py:925} INFO - DAG(s) 'sparking_flow' retrieved from /opt/airflow/dags/spark_airflow.py
[2024-10-23T09:02:49.086+0000] {logging_mixin.py:190} INFO - [2024-10-23T09:02:49.085+0000] {dag.py:3239} INFO - Sync 1 DAGs
[2024-10-23T09:02:49.107+0000] {logging_mixin.py:190} INFO - [2024-10-23T09:02:49.107+0000] {dag.py:4180} INFO - Setting next_dagrun for sparking_flow to 2024-10-23 00:00:00+00:00, run_after=2024-10-24 00:00:00+00:00
[2024-10-23T09:02:49.128+0000] {processor.py:208} INFO - Processing /opt/airflow/dags/spark_airflow.py took 0.104 seconds
[2024-10-23T09:03:19.236+0000] {processor.py:186} INFO - Started process (PID=13814) to work on /opt/airflow/dags/spark_airflow.py
[2024-10-23T09:03:19.237+0000] {processor.py:914} INFO - Processing file /opt/airflow/dags/spark_airflow.py for tasks to queue
[2024-10-23T09:03:19.239+0000] {logging_mixin.py:190} INFO - [2024-10-23T09:03:19.238+0000] {dagbag.py:588} INFO - Filling up the DagBag from /opt/airflow/dags/spark_airflow.py
[2024-10-23T09:03:19.259+0000] {processor.py:925} INFO - DAG(s) 'sparking_flow' retrieved from /opt/airflow/dags/spark_airflow.py
[2024-10-23T09:03:19.286+0000] {logging_mixin.py:190} INFO - [2024-10-23T09:03:19.285+0000] {dag.py:3239} INFO - Sync 1 DAGs
[2024-10-23T09:03:19.308+0000] {logging_mixin.py:190} INFO - [2024-10-23T09:03:19.307+0000] {dag.py:4180} INFO - Setting next_dagrun for sparking_flow to 2024-10-23 00:00:00+00:00, run_after=2024-10-24 00:00:00+00:00
[2024-10-23T09:03:19.323+0000] {processor.py:208} INFO - Processing /opt/airflow/dags/spark_airflow.py took 0.094 seconds
[2024-10-23T09:03:49.487+0000] {processor.py:186} INFO - Started process (PID=13819) to work on /opt/airflow/dags/spark_airflow.py
[2024-10-23T09:03:49.488+0000] {processor.py:914} INFO - Processing file /opt/airflow/dags/spark_airflow.py for tasks to queue
[2024-10-23T09:03:49.489+0000] {logging_mixin.py:190} INFO - [2024-10-23T09:03:49.488+0000] {dagbag.py:588} INFO - Filling up the DagBag from /opt/airflow/dags/spark_airflow.py
[2024-10-23T09:03:49.506+0000] {processor.py:925} INFO - DAG(s) 'sparking_flow' retrieved from /opt/airflow/dags/spark_airflow.py
[2024-10-23T09:03:49.531+0000] {logging_mixin.py:190} INFO - [2024-10-23T09:03:49.531+0000] {dag.py:3239} INFO - Sync 1 DAGs
[2024-10-23T09:03:49.554+0000] {logging_mixin.py:190} INFO - [2024-10-23T09:03:49.554+0000] {dag.py:4180} INFO - Setting next_dagrun for sparking_flow to 2024-10-23 00:00:00+00:00, run_after=2024-10-24 00:00:00+00:00
[2024-10-23T09:03:49.571+0000] {processor.py:208} INFO - Processing /opt/airflow/dags/spark_airflow.py took 0.089 seconds
[2024-10-23T09:04:19.682+0000] {processor.py:186} INFO - Started process (PID=13824) to work on /opt/airflow/dags/spark_airflow.py
[2024-10-23T09:04:19.684+0000] {processor.py:914} INFO - Processing file /opt/airflow/dags/spark_airflow.py for tasks to queue
[2024-10-23T09:04:19.685+0000] {logging_mixin.py:190} INFO - [2024-10-23T09:04:19.685+0000] {dagbag.py:588} INFO - Filling up the DagBag from /opt/airflow/dags/spark_airflow.py
[2024-10-23T09:04:19.703+0000] {processor.py:925} INFO - DAG(s) 'sparking_flow' retrieved from /opt/airflow/dags/spark_airflow.py
[2024-10-23T09:04:19.728+0000] {logging_mixin.py:190} INFO - [2024-10-23T09:04:19.728+0000] {dag.py:3239} INFO - Sync 1 DAGs
[2024-10-23T09:04:19.749+0000] {logging_mixin.py:190} INFO - [2024-10-23T09:04:19.749+0000] {dag.py:4180} INFO - Setting next_dagrun for sparking_flow to 2024-10-23 00:00:00+00:00, run_after=2024-10-24 00:00:00+00:00
[2024-10-23T09:04:19.768+0000] {processor.py:208} INFO - Processing /opt/airflow/dags/spark_airflow.py took 0.093 seconds
[2024-10-23T09:04:49.930+0000] {processor.py:186} INFO - Started process (PID=13829) to work on /opt/airflow/dags/spark_airflow.py
[2024-10-23T09:04:49.931+0000] {processor.py:914} INFO - Processing file /opt/airflow/dags/spark_airflow.py for tasks to queue
[2024-10-23T09:04:49.932+0000] {logging_mixin.py:190} INFO - [2024-10-23T09:04:49.932+0000] {dagbag.py:588} INFO - Filling up the DagBag from /opt/airflow/dags/spark_airflow.py
[2024-10-23T09:04:49.953+0000] {processor.py:925} INFO - DAG(s) 'sparking_flow' retrieved from /opt/airflow/dags/spark_airflow.py
[2024-10-23T09:04:49.979+0000] {logging_mixin.py:190} INFO - [2024-10-23T09:04:49.979+0000] {dag.py:3239} INFO - Sync 1 DAGs
[2024-10-23T09:04:50.004+0000] {logging_mixin.py:190} INFO - [2024-10-23T09:04:50.004+0000] {dag.py:4180} INFO - Setting next_dagrun for sparking_flow to 2024-10-23 00:00:00+00:00, run_after=2024-10-24 00:00:00+00:00
[2024-10-23T09:04:50.023+0000] {processor.py:208} INFO - Processing /opt/airflow/dags/spark_airflow.py took 0.099 seconds
[2024-10-23T09:05:20.149+0000] {processor.py:186} INFO - Started process (PID=13834) to work on /opt/airflow/dags/spark_airflow.py
[2024-10-23T09:05:20.150+0000] {processor.py:914} INFO - Processing file /opt/airflow/dags/spark_airflow.py for tasks to queue
[2024-10-23T09:05:20.151+0000] {logging_mixin.py:190} INFO - [2024-10-23T09:05:20.151+0000] {dagbag.py:588} INFO - Filling up the DagBag from /opt/airflow/dags/spark_airflow.py
[2024-10-23T09:05:20.172+0000] {processor.py:925} INFO - DAG(s) 'sparking_flow' retrieved from /opt/airflow/dags/spark_airflow.py
[2024-10-23T09:05:20.199+0000] {logging_mixin.py:190} INFO - [2024-10-23T09:05:20.199+0000] {dag.py:3239} INFO - Sync 1 DAGs
[2024-10-23T09:05:20.221+0000] {logging_mixin.py:190} INFO - [2024-10-23T09:05:20.221+0000] {dag.py:4180} INFO - Setting next_dagrun for sparking_flow to 2024-10-23 00:00:00+00:00, run_after=2024-10-24 00:00:00+00:00
[2024-10-23T09:05:20.243+0000] {processor.py:208} INFO - Processing /opt/airflow/dags/spark_airflow.py took 0.100 seconds
[2024-10-23T09:05:50.377+0000] {processor.py:186} INFO - Started process (PID=13839) to work on /opt/airflow/dags/spark_airflow.py
[2024-10-23T09:05:50.378+0000] {processor.py:914} INFO - Processing file /opt/airflow/dags/spark_airflow.py for tasks to queue
[2024-10-23T09:05:50.379+0000] {logging_mixin.py:190} INFO - [2024-10-23T09:05:50.379+0000] {dagbag.py:588} INFO - Filling up the DagBag from /opt/airflow/dags/spark_airflow.py
[2024-10-23T09:05:50.399+0000] {processor.py:925} INFO - DAG(s) 'sparking_flow' retrieved from /opt/airflow/dags/spark_airflow.py
[2024-10-23T09:05:50.425+0000] {logging_mixin.py:190} INFO - [2024-10-23T09:05:50.424+0000] {dag.py:3239} INFO - Sync 1 DAGs
[2024-10-23T09:05:50.447+0000] {logging_mixin.py:190} INFO - [2024-10-23T09:05:50.447+0000] {dag.py:4180} INFO - Setting next_dagrun for sparking_flow to 2024-10-23 00:00:00+00:00, run_after=2024-10-24 00:00:00+00:00
[2024-10-23T09:05:50.466+0000] {processor.py:208} INFO - Processing /opt/airflow/dags/spark_airflow.py took 0.097 seconds
[2024-10-23T09:06:20.592+0000] {processor.py:186} INFO - Started process (PID=13844) to work on /opt/airflow/dags/spark_airflow.py
[2024-10-23T09:06:20.593+0000] {processor.py:914} INFO - Processing file /opt/airflow/dags/spark_airflow.py for tasks to queue
[2024-10-23T09:06:20.594+0000] {logging_mixin.py:190} INFO - [2024-10-23T09:06:20.594+0000] {dagbag.py:588} INFO - Filling up the DagBag from /opt/airflow/dags/spark_airflow.py
[2024-10-23T09:06:20.615+0000] {processor.py:925} INFO - DAG(s) 'sparking_flow' retrieved from /opt/airflow/dags/spark_airflow.py
[2024-10-23T09:06:20.640+0000] {logging_mixin.py:190} INFO - [2024-10-23T09:06:20.640+0000] {dag.py:3239} INFO - Sync 1 DAGs
[2024-10-23T09:06:20.662+0000] {logging_mixin.py:190} INFO - [2024-10-23T09:06:20.662+0000] {dag.py:4180} INFO - Setting next_dagrun for sparking_flow to 2024-10-23 00:00:00+00:00, run_after=2024-10-24 00:00:00+00:00
[2024-10-23T09:06:20.682+0000] {processor.py:208} INFO - Processing /opt/airflow/dags/spark_airflow.py took 0.097 seconds
[2024-10-23T09:06:50.807+0000] {processor.py:186} INFO - Started process (PID=13849) to work on /opt/airflow/dags/spark_airflow.py
[2024-10-23T09:06:50.808+0000] {processor.py:914} INFO - Processing file /opt/airflow/dags/spark_airflow.py for tasks to queue
[2024-10-23T09:06:50.810+0000] {logging_mixin.py:190} INFO - [2024-10-23T09:06:50.809+0000] {dagbag.py:588} INFO - Filling up the DagBag from /opt/airflow/dags/spark_airflow.py
[2024-10-23T09:06:50.830+0000] {processor.py:925} INFO - DAG(s) 'sparking_flow' retrieved from /opt/airflow/dags/spark_airflow.py
[2024-10-23T09:06:50.859+0000] {logging_mixin.py:190} INFO - [2024-10-23T09:06:50.858+0000] {dag.py:3239} INFO - Sync 1 DAGs
[2024-10-23T09:06:50.882+0000] {logging_mixin.py:190} INFO - [2024-10-23T09:06:50.882+0000] {dag.py:4180} INFO - Setting next_dagrun for sparking_flow to 2024-10-23 00:00:00+00:00, run_after=2024-10-24 00:00:00+00:00
[2024-10-23T09:06:50.916+0000] {processor.py:208} INFO - Processing /opt/airflow/dags/spark_airflow.py took 0.116 seconds
[2024-10-23T09:07:21.044+0000] {processor.py:186} INFO - Started process (PID=13854) to work on /opt/airflow/dags/spark_airflow.py
[2024-10-23T09:07:21.045+0000] {processor.py:914} INFO - Processing file /opt/airflow/dags/spark_airflow.py for tasks to queue
[2024-10-23T09:07:21.047+0000] {logging_mixin.py:190} INFO - [2024-10-23T09:07:21.046+0000] {dagbag.py:588} INFO - Filling up the DagBag from /opt/airflow/dags/spark_airflow.py
[2024-10-23T09:07:21.067+0000] {processor.py:925} INFO - DAG(s) 'sparking_flow' retrieved from /opt/airflow/dags/spark_airflow.py
[2024-10-23T09:07:21.093+0000] {logging_mixin.py:190} INFO - [2024-10-23T09:07:21.093+0000] {dag.py:3239} INFO - Sync 1 DAGs
[2024-10-23T09:07:21.115+0000] {logging_mixin.py:190} INFO - [2024-10-23T09:07:21.115+0000] {dag.py:4180} INFO - Setting next_dagrun for sparking_flow to 2024-10-23 00:00:00+00:00, run_after=2024-10-24 00:00:00+00:00
[2024-10-23T09:07:21.137+0000] {processor.py:208} INFO - Processing /opt/airflow/dags/spark_airflow.py took 0.100 seconds
[2024-10-23T09:07:51.267+0000] {processor.py:186} INFO - Started process (PID=13859) to work on /opt/airflow/dags/spark_airflow.py
[2024-10-23T09:07:51.268+0000] {processor.py:914} INFO - Processing file /opt/airflow/dags/spark_airflow.py for tasks to queue
[2024-10-23T09:07:51.269+0000] {logging_mixin.py:190} INFO - [2024-10-23T09:07:51.269+0000] {dagbag.py:588} INFO - Filling up the DagBag from /opt/airflow/dags/spark_airflow.py
[2024-10-23T09:07:51.288+0000] {processor.py:925} INFO - DAG(s) 'sparking_flow' retrieved from /opt/airflow/dags/spark_airflow.py
[2024-10-23T09:07:51.315+0000] {logging_mixin.py:190} INFO - [2024-10-23T09:07:51.315+0000] {dag.py:3239} INFO - Sync 1 DAGs
[2024-10-23T09:07:51.340+0000] {logging_mixin.py:190} INFO - [2024-10-23T09:07:51.340+0000] {dag.py:4180} INFO - Setting next_dagrun for sparking_flow to 2024-10-23 00:00:00+00:00, run_after=2024-10-24 00:00:00+00:00
[2024-10-23T09:07:51.372+0000] {processor.py:208} INFO - Processing /opt/airflow/dags/spark_airflow.py took 0.113 seconds
[2024-10-23T09:08:21.487+0000] {processor.py:186} INFO - Started process (PID=13864) to work on /opt/airflow/dags/spark_airflow.py
[2024-10-23T09:08:21.488+0000] {processor.py:914} INFO - Processing file /opt/airflow/dags/spark_airflow.py for tasks to queue
[2024-10-23T09:08:21.489+0000] {logging_mixin.py:190} INFO - [2024-10-23T09:08:21.489+0000] {dagbag.py:588} INFO - Filling up the DagBag from /opt/airflow/dags/spark_airflow.py
[2024-10-23T09:08:21.509+0000] {processor.py:925} INFO - DAG(s) 'sparking_flow' retrieved from /opt/airflow/dags/spark_airflow.py
[2024-10-23T09:08:21.539+0000] {logging_mixin.py:190} INFO - [2024-10-23T09:08:21.539+0000] {dag.py:3239} INFO - Sync 1 DAGs
[2024-10-23T09:08:21.564+0000] {logging_mixin.py:190} INFO - [2024-10-23T09:08:21.563+0000] {dag.py:4180} INFO - Setting next_dagrun for sparking_flow to 2024-10-23 00:00:00+00:00, run_after=2024-10-24 00:00:00+00:00
[2024-10-23T09:08:21.584+0000] {processor.py:208} INFO - Processing /opt/airflow/dags/spark_airflow.py took 0.103 seconds
[2024-10-23T09:08:51.723+0000] {processor.py:186} INFO - Started process (PID=13869) to work on /opt/airflow/dags/spark_airflow.py
[2024-10-23T09:08:51.724+0000] {processor.py:914} INFO - Processing file /opt/airflow/dags/spark_airflow.py for tasks to queue
[2024-10-23T09:08:51.725+0000] {logging_mixin.py:190} INFO - [2024-10-23T09:08:51.725+0000] {dagbag.py:588} INFO - Filling up the DagBag from /opt/airflow/dags/spark_airflow.py
[2024-10-23T09:08:51.745+0000] {processor.py:925} INFO - DAG(s) 'sparking_flow' retrieved from /opt/airflow/dags/spark_airflow.py
[2024-10-23T09:08:51.773+0000] {logging_mixin.py:190} INFO - [2024-10-23T09:08:51.773+0000] {dag.py:3239} INFO - Sync 1 DAGs
[2024-10-23T09:08:51.798+0000] {logging_mixin.py:190} INFO - [2024-10-23T09:08:51.798+0000] {dag.py:4180} INFO - Setting next_dagrun for sparking_flow to 2024-10-23 00:00:00+00:00, run_after=2024-10-24 00:00:00+00:00
[2024-10-23T09:08:51.832+0000] {processor.py:208} INFO - Processing /opt/airflow/dags/spark_airflow.py took 0.116 seconds
[2024-10-23T09:09:21.934+0000] {processor.py:186} INFO - Started process (PID=13874) to work on /opt/airflow/dags/spark_airflow.py
[2024-10-23T09:09:21.935+0000] {processor.py:914} INFO - Processing file /opt/airflow/dags/spark_airflow.py for tasks to queue
[2024-10-23T09:09:21.937+0000] {logging_mixin.py:190} INFO - [2024-10-23T09:09:21.937+0000] {dagbag.py:588} INFO - Filling up the DagBag from /opt/airflow/dags/spark_airflow.py
[2024-10-23T09:09:21.955+0000] {processor.py:925} INFO - DAG(s) 'sparking_flow' retrieved from /opt/airflow/dags/spark_airflow.py
[2024-10-23T09:09:21.983+0000] {logging_mixin.py:190} INFO - [2024-10-23T09:09:21.983+0000] {dag.py:3239} INFO - Sync 1 DAGs
[2024-10-23T09:09:22.007+0000] {logging_mixin.py:190} INFO - [2024-10-23T09:09:22.006+0000] {dag.py:4180} INFO - Setting next_dagrun for sparking_flow to 2024-10-23 00:00:00+00:00, run_after=2024-10-24 00:00:00+00:00
[2024-10-23T09:09:22.025+0000] {processor.py:208} INFO - Processing /opt/airflow/dags/spark_airflow.py took 0.097 seconds
[2024-10-23T09:09:52.177+0000] {processor.py:186} INFO - Started process (PID=13879) to work on /opt/airflow/dags/spark_airflow.py
[2024-10-23T09:09:52.178+0000] {processor.py:914} INFO - Processing file /opt/airflow/dags/spark_airflow.py for tasks to queue
[2024-10-23T09:09:52.179+0000] {logging_mixin.py:190} INFO - [2024-10-23T09:09:52.179+0000] {dagbag.py:588} INFO - Filling up the DagBag from /opt/airflow/dags/spark_airflow.py
[2024-10-23T09:09:52.197+0000] {processor.py:925} INFO - DAG(s) 'sparking_flow' retrieved from /opt/airflow/dags/spark_airflow.py
[2024-10-23T09:09:52.224+0000] {logging_mixin.py:190} INFO - [2024-10-23T09:09:52.223+0000] {dag.py:3239} INFO - Sync 1 DAGs
[2024-10-23T09:09:52.247+0000] {logging_mixin.py:190} INFO - [2024-10-23T09:09:52.247+0000] {dag.py:4180} INFO - Setting next_dagrun for sparking_flow to 2024-10-23 00:00:00+00:00, run_after=2024-10-24 00:00:00+00:00
[2024-10-23T09:09:52.267+0000] {processor.py:208} INFO - Processing /opt/airflow/dags/spark_airflow.py took 0.095 seconds
[2024-10-23T09:10:22.410+0000] {processor.py:186} INFO - Started process (PID=13884) to work on /opt/airflow/dags/spark_airflow.py
[2024-10-23T09:10:22.411+0000] {processor.py:914} INFO - Processing file /opt/airflow/dags/spark_airflow.py for tasks to queue
[2024-10-23T09:10:22.412+0000] {logging_mixin.py:190} INFO - [2024-10-23T09:10:22.411+0000] {dagbag.py:588} INFO - Filling up the DagBag from /opt/airflow/dags/spark_airflow.py
[2024-10-23T09:10:22.432+0000] {processor.py:925} INFO - DAG(s) 'sparking_flow' retrieved from /opt/airflow/dags/spark_airflow.py
[2024-10-23T09:10:22.459+0000] {logging_mixin.py:190} INFO - [2024-10-23T09:10:22.459+0000] {dag.py:3239} INFO - Sync 1 DAGs
[2024-10-23T09:10:22.483+0000] {logging_mixin.py:190} INFO - [2024-10-23T09:10:22.482+0000] {dag.py:4180} INFO - Setting next_dagrun for sparking_flow to 2024-10-23 00:00:00+00:00, run_after=2024-10-24 00:00:00+00:00
[2024-10-23T09:10:22.501+0000] {processor.py:208} INFO - Processing /opt/airflow/dags/spark_airflow.py took 0.097 seconds
[2024-10-23T09:10:52.620+0000] {processor.py:186} INFO - Started process (PID=13889) to work on /opt/airflow/dags/spark_airflow.py
[2024-10-23T09:10:52.621+0000] {processor.py:914} INFO - Processing file /opt/airflow/dags/spark_airflow.py for tasks to queue
[2024-10-23T09:10:52.622+0000] {logging_mixin.py:190} INFO - [2024-10-23T09:10:52.622+0000] {dagbag.py:588} INFO - Filling up the DagBag from /opt/airflow/dags/spark_airflow.py
[2024-10-23T09:10:52.640+0000] {processor.py:925} INFO - DAG(s) 'sparking_flow' retrieved from /opt/airflow/dags/spark_airflow.py
[2024-10-23T09:10:52.666+0000] {logging_mixin.py:190} INFO - [2024-10-23T09:10:52.666+0000] {dag.py:3239} INFO - Sync 1 DAGs
[2024-10-23T09:10:52.689+0000] {logging_mixin.py:190} INFO - [2024-10-23T09:10:52.689+0000] {dag.py:4180} INFO - Setting next_dagrun for sparking_flow to 2024-10-23 00:00:00+00:00, run_after=2024-10-24 00:00:00+00:00
[2024-10-23T09:10:52.708+0000] {processor.py:208} INFO - Processing /opt/airflow/dags/spark_airflow.py took 0.093 seconds
[2024-10-23T09:11:22.847+0000] {processor.py:186} INFO - Started process (PID=13894) to work on /opt/airflow/dags/spark_airflow.py
[2024-10-23T09:11:22.848+0000] {processor.py:914} INFO - Processing file /opt/airflow/dags/spark_airflow.py for tasks to queue
[2024-10-23T09:11:22.849+0000] {logging_mixin.py:190} INFO - [2024-10-23T09:11:22.849+0000] {dagbag.py:588} INFO - Filling up the DagBag from /opt/airflow/dags/spark_airflow.py
[2024-10-23T09:11:22.868+0000] {processor.py:925} INFO - DAG(s) 'sparking_flow' retrieved from /opt/airflow/dags/spark_airflow.py
[2024-10-23T09:11:22.895+0000] {logging_mixin.py:190} INFO - [2024-10-23T09:11:22.895+0000] {dag.py:3239} INFO - Sync 1 DAGs
[2024-10-23T09:11:22.917+0000] {logging_mixin.py:190} INFO - [2024-10-23T09:11:22.917+0000] {dag.py:4180} INFO - Setting next_dagrun for sparking_flow to 2024-10-23 00:00:00+00:00, run_after=2024-10-24 00:00:00+00:00
[2024-10-23T09:11:22.935+0000] {processor.py:208} INFO - Processing /opt/airflow/dags/spark_airflow.py took 0.094 seconds
[2024-10-23T09:11:53.052+0000] {processor.py:186} INFO - Started process (PID=13899) to work on /opt/airflow/dags/spark_airflow.py
[2024-10-23T09:11:53.053+0000] {processor.py:914} INFO - Processing file /opt/airflow/dags/spark_airflow.py for tasks to queue
[2024-10-23T09:11:53.055+0000] {logging_mixin.py:190} INFO - [2024-10-23T09:11:53.054+0000] {dagbag.py:588} INFO - Filling up the DagBag from /opt/airflow/dags/spark_airflow.py
[2024-10-23T09:11:53.075+0000] {processor.py:925} INFO - DAG(s) 'sparking_flow' retrieved from /opt/airflow/dags/spark_airflow.py
[2024-10-23T09:11:53.104+0000] {logging_mixin.py:190} INFO - [2024-10-23T09:11:53.104+0000] {dag.py:3239} INFO - Sync 1 DAGs
[2024-10-23T09:11:53.132+0000] {logging_mixin.py:190} INFO - [2024-10-23T09:11:53.131+0000] {dag.py:4180} INFO - Setting next_dagrun for sparking_flow to 2024-10-23 00:00:00+00:00, run_after=2024-10-24 00:00:00+00:00
[2024-10-23T09:11:53.167+0000] {processor.py:208} INFO - Processing /opt/airflow/dags/spark_airflow.py took 0.122 seconds
[2024-10-23T09:12:23.293+0000] {processor.py:186} INFO - Started process (PID=13904) to work on /opt/airflow/dags/spark_airflow.py
[2024-10-23T09:12:23.295+0000] {processor.py:914} INFO - Processing file /opt/airflow/dags/spark_airflow.py for tasks to queue
[2024-10-23T09:12:23.296+0000] {logging_mixin.py:190} INFO - [2024-10-23T09:12:23.296+0000] {dagbag.py:588} INFO - Filling up the DagBag from /opt/airflow/dags/spark_airflow.py
[2024-10-23T09:12:23.317+0000] {processor.py:925} INFO - DAG(s) 'sparking_flow' retrieved from /opt/airflow/dags/spark_airflow.py
[2024-10-23T09:12:23.344+0000] {logging_mixin.py:190} INFO - [2024-10-23T09:12:23.344+0000] {dag.py:3239} INFO - Sync 1 DAGs
[2024-10-23T09:12:23.371+0000] {logging_mixin.py:190} INFO - [2024-10-23T09:12:23.370+0000] {dag.py:4180} INFO - Setting next_dagrun for sparking_flow to 2024-10-23 00:00:00+00:00, run_after=2024-10-24 00:00:00+00:00
[2024-10-23T09:12:23.392+0000] {processor.py:208} INFO - Processing /opt/airflow/dags/spark_airflow.py took 0.106 seconds
[2024-10-23T09:12:53.534+0000] {processor.py:186} INFO - Started process (PID=13909) to work on /opt/airflow/dags/spark_airflow.py
[2024-10-23T09:12:53.535+0000] {processor.py:914} INFO - Processing file /opt/airflow/dags/spark_airflow.py for tasks to queue
[2024-10-23T09:12:53.537+0000] {logging_mixin.py:190} INFO - [2024-10-23T09:12:53.536+0000] {dagbag.py:588} INFO - Filling up the DagBag from /opt/airflow/dags/spark_airflow.py
[2024-10-23T09:12:53.560+0000] {processor.py:925} INFO - DAG(s) 'sparking_flow' retrieved from /opt/airflow/dags/spark_airflow.py
[2024-10-23T09:12:53.587+0000] {logging_mixin.py:190} INFO - [2024-10-23T09:12:53.586+0000] {dag.py:3239} INFO - Sync 1 DAGs
[2024-10-23T09:12:53.611+0000] {logging_mixin.py:190} INFO - [2024-10-23T09:12:53.610+0000] {dag.py:4180} INFO - Setting next_dagrun for sparking_flow to 2024-10-23 00:00:00+00:00, run_after=2024-10-24 00:00:00+00:00
[2024-10-23T09:12:53.629+0000] {processor.py:208} INFO - Processing /opt/airflow/dags/spark_airflow.py took 0.102 seconds
[2024-10-23T09:13:23.766+0000] {processor.py:186} INFO - Started process (PID=13914) to work on /opt/airflow/dags/spark_airflow.py
[2024-10-23T09:13:23.767+0000] {processor.py:914} INFO - Processing file /opt/airflow/dags/spark_airflow.py for tasks to queue
[2024-10-23T09:13:23.768+0000] {logging_mixin.py:190} INFO - [2024-10-23T09:13:23.768+0000] {dagbag.py:588} INFO - Filling up the DagBag from /opt/airflow/dags/spark_airflow.py
[2024-10-23T09:13:23.792+0000] {processor.py:925} INFO - DAG(s) 'sparking_flow' retrieved from /opt/airflow/dags/spark_airflow.py
[2024-10-23T09:13:23.821+0000] {logging_mixin.py:190} INFO - [2024-10-23T09:13:23.821+0000] {dag.py:3239} INFO - Sync 1 DAGs
[2024-10-23T09:13:23.848+0000] {logging_mixin.py:190} INFO - [2024-10-23T09:13:23.848+0000] {dag.py:4180} INFO - Setting next_dagrun for sparking_flow to 2024-10-23 00:00:00+00:00, run_after=2024-10-24 00:00:00+00:00
[2024-10-23T09:13:23.870+0000] {processor.py:208} INFO - Processing /opt/airflow/dags/spark_airflow.py took 0.111 seconds
[2024-10-23T09:13:53.994+0000] {processor.py:186} INFO - Started process (PID=13919) to work on /opt/airflow/dags/spark_airflow.py
[2024-10-23T09:13:53.995+0000] {processor.py:914} INFO - Processing file /opt/airflow/dags/spark_airflow.py for tasks to queue
[2024-10-23T09:13:53.996+0000] {logging_mixin.py:190} INFO - [2024-10-23T09:13:53.996+0000] {dagbag.py:588} INFO - Filling up the DagBag from /opt/airflow/dags/spark_airflow.py
[2024-10-23T09:13:54.017+0000] {processor.py:925} INFO - DAG(s) 'sparking_flow' retrieved from /opt/airflow/dags/spark_airflow.py
[2024-10-23T09:13:54.046+0000] {logging_mixin.py:190} INFO - [2024-10-23T09:13:54.046+0000] {dag.py:3239} INFO - Sync 1 DAGs
[2024-10-23T09:13:54.070+0000] {logging_mixin.py:190} INFO - [2024-10-23T09:13:54.070+0000] {dag.py:4180} INFO - Setting next_dagrun for sparking_flow to 2024-10-23 00:00:00+00:00, run_after=2024-10-24 00:00:00+00:00
[2024-10-23T09:13:54.088+0000] {processor.py:208} INFO - Processing /opt/airflow/dags/spark_airflow.py took 0.101 seconds
[2024-10-23T09:14:24.235+0000] {processor.py:186} INFO - Started process (PID=13924) to work on /opt/airflow/dags/spark_airflow.py
[2024-10-23T09:14:24.236+0000] {processor.py:914} INFO - Processing file /opt/airflow/dags/spark_airflow.py for tasks to queue
[2024-10-23T09:14:24.237+0000] {logging_mixin.py:190} INFO - [2024-10-23T09:14:24.236+0000] {dagbag.py:588} INFO - Filling up the DagBag from /opt/airflow/dags/spark_airflow.py
[2024-10-23T09:14:24.255+0000] {processor.py:925} INFO - DAG(s) 'sparking_flow' retrieved from /opt/airflow/dags/spark_airflow.py
[2024-10-23T09:14:24.279+0000] {logging_mixin.py:190} INFO - [2024-10-23T09:14:24.279+0000] {dag.py:3239} INFO - Sync 1 DAGs
[2024-10-23T09:14:24.300+0000] {logging_mixin.py:190} INFO - [2024-10-23T09:14:24.300+0000] {dag.py:4180} INFO - Setting next_dagrun for sparking_flow to 2024-10-23 00:00:00+00:00, run_after=2024-10-24 00:00:00+00:00
[2024-10-23T09:14:24.317+0000] {processor.py:208} INFO - Processing /opt/airflow/dags/spark_airflow.py took 0.088 seconds
[2024-10-23T09:14:54.443+0000] {processor.py:186} INFO - Started process (PID=13929) to work on /opt/airflow/dags/spark_airflow.py
[2024-10-23T09:14:54.444+0000] {processor.py:914} INFO - Processing file /opt/airflow/dags/spark_airflow.py for tasks to queue
[2024-10-23T09:14:54.445+0000] {logging_mixin.py:190} INFO - [2024-10-23T09:14:54.445+0000] {dagbag.py:588} INFO - Filling up the DagBag from /opt/airflow/dags/spark_airflow.py
[2024-10-23T09:14:54.467+0000] {processor.py:925} INFO - DAG(s) 'sparking_flow' retrieved from /opt/airflow/dags/spark_airflow.py
[2024-10-23T09:14:54.494+0000] {logging_mixin.py:190} INFO - [2024-10-23T09:14:54.494+0000] {dag.py:3239} INFO - Sync 1 DAGs
[2024-10-23T09:14:54.517+0000] {logging_mixin.py:190} INFO - [2024-10-23T09:14:54.517+0000] {dag.py:4180} INFO - Setting next_dagrun for sparking_flow to 2024-10-23 00:00:00+00:00, run_after=2024-10-24 00:00:00+00:00
[2024-10-23T09:14:54.535+0000] {processor.py:208} INFO - Processing /opt/airflow/dags/spark_airflow.py took 0.099 seconds
[2024-10-23T09:15:24.700+0000] {processor.py:186} INFO - Started process (PID=13934) to work on /opt/airflow/dags/spark_airflow.py
[2024-10-23T09:15:24.701+0000] {processor.py:914} INFO - Processing file /opt/airflow/dags/spark_airflow.py for tasks to queue
[2024-10-23T09:15:24.702+0000] {logging_mixin.py:190} INFO - [2024-10-23T09:15:24.702+0000] {dagbag.py:588} INFO - Filling up the DagBag from /opt/airflow/dags/spark_airflow.py
[2024-10-23T09:15:24.718+0000] {processor.py:925} INFO - DAG(s) 'sparking_flow' retrieved from /opt/airflow/dags/spark_airflow.py
[2024-10-23T09:15:24.745+0000] {logging_mixin.py:190} INFO - [2024-10-23T09:15:24.745+0000] {dag.py:3239} INFO - Sync 1 DAGs
[2024-10-23T09:15:24.769+0000] {logging_mixin.py:190} INFO - [2024-10-23T09:15:24.769+0000] {dag.py:4180} INFO - Setting next_dagrun for sparking_flow to 2024-10-23 00:00:00+00:00, run_after=2024-10-24 00:00:00+00:00
[2024-10-23T09:15:24.786+0000] {processor.py:208} INFO - Processing /opt/airflow/dags/spark_airflow.py took 0.090 seconds
[2024-10-23T09:15:54.888+0000] {processor.py:186} INFO - Started process (PID=13939) to work on /opt/airflow/dags/spark_airflow.py
[2024-10-23T09:15:54.889+0000] {processor.py:914} INFO - Processing file /opt/airflow/dags/spark_airflow.py for tasks to queue
[2024-10-23T09:15:54.890+0000] {logging_mixin.py:190} INFO - [2024-10-23T09:15:54.890+0000] {dagbag.py:588} INFO - Filling up the DagBag from /opt/airflow/dags/spark_airflow.py
[2024-10-23T09:15:54.911+0000] {processor.py:925} INFO - DAG(s) 'sparking_flow' retrieved from /opt/airflow/dags/spark_airflow.py
[2024-10-23T09:15:54.939+0000] {logging_mixin.py:190} INFO - [2024-10-23T09:15:54.939+0000] {dag.py:3239} INFO - Sync 1 DAGs
[2024-10-23T09:15:54.961+0000] {logging_mixin.py:190} INFO - [2024-10-23T09:15:54.960+0000] {dag.py:4180} INFO - Setting next_dagrun for sparking_flow to 2024-10-23 00:00:00+00:00, run_after=2024-10-24 00:00:00+00:00
[2024-10-23T09:15:54.978+0000] {processor.py:208} INFO - Processing /opt/airflow/dags/spark_airflow.py took 0.097 seconds
[2024-10-23T09:16:25.149+0000] {processor.py:186} INFO - Started process (PID=13944) to work on /opt/airflow/dags/spark_airflow.py
[2024-10-23T09:16:25.150+0000] {processor.py:914} INFO - Processing file /opt/airflow/dags/spark_airflow.py for tasks to queue
[2024-10-23T09:16:25.151+0000] {logging_mixin.py:190} INFO - [2024-10-23T09:16:25.151+0000] {dagbag.py:588} INFO - Filling up the DagBag from /opt/airflow/dags/spark_airflow.py
[2024-10-23T09:16:25.169+0000] {processor.py:925} INFO - DAG(s) 'sparking_flow' retrieved from /opt/airflow/dags/spark_airflow.py
[2024-10-23T09:16:25.196+0000] {logging_mixin.py:190} INFO - [2024-10-23T09:16:25.196+0000] {dag.py:3239} INFO - Sync 1 DAGs
[2024-10-23T09:16:25.219+0000] {logging_mixin.py:190} INFO - [2024-10-23T09:16:25.219+0000] {dag.py:4180} INFO - Setting next_dagrun for sparking_flow to 2024-10-23 00:00:00+00:00, run_after=2024-10-24 00:00:00+00:00
[2024-10-23T09:16:25.236+0000] {processor.py:208} INFO - Processing /opt/airflow/dags/spark_airflow.py took 0.091 seconds
[2024-10-23T09:16:55.333+0000] {processor.py:186} INFO - Started process (PID=13949) to work on /opt/airflow/dags/spark_airflow.py
[2024-10-23T09:16:55.334+0000] {processor.py:914} INFO - Processing file /opt/airflow/dags/spark_airflow.py for tasks to queue
[2024-10-23T09:16:55.335+0000] {logging_mixin.py:190} INFO - [2024-10-23T09:16:55.335+0000] {dagbag.py:588} INFO - Filling up the DagBag from /opt/airflow/dags/spark_airflow.py
[2024-10-23T09:16:55.353+0000] {processor.py:925} INFO - DAG(s) 'sparking_flow' retrieved from /opt/airflow/dags/spark_airflow.py
[2024-10-23T09:16:55.381+0000] {logging_mixin.py:190} INFO - [2024-10-23T09:16:55.380+0000] {dag.py:3239} INFO - Sync 1 DAGs
[2024-10-23T09:16:55.404+0000] {logging_mixin.py:190} INFO - [2024-10-23T09:16:55.403+0000] {dag.py:4180} INFO - Setting next_dagrun for sparking_flow to 2024-10-23 00:00:00+00:00, run_after=2024-10-24 00:00:00+00:00
[2024-10-23T09:16:55.422+0000] {processor.py:208} INFO - Processing /opt/airflow/dags/spark_airflow.py took 0.095 seconds
[2024-10-23T09:17:25.588+0000] {processor.py:186} INFO - Started process (PID=13954) to work on /opt/airflow/dags/spark_airflow.py
[2024-10-23T09:17:25.589+0000] {processor.py:914} INFO - Processing file /opt/airflow/dags/spark_airflow.py for tasks to queue
[2024-10-23T09:17:25.590+0000] {logging_mixin.py:190} INFO - [2024-10-23T09:17:25.590+0000] {dagbag.py:588} INFO - Filling up the DagBag from /opt/airflow/dags/spark_airflow.py
[2024-10-23T09:17:25.613+0000] {processor.py:925} INFO - DAG(s) 'sparking_flow' retrieved from /opt/airflow/dags/spark_airflow.py
[2024-10-23T09:17:25.642+0000] {logging_mixin.py:190} INFO - [2024-10-23T09:17:25.642+0000] {dag.py:3239} INFO - Sync 1 DAGs
[2024-10-23T09:17:25.666+0000] {logging_mixin.py:190} INFO - [2024-10-23T09:17:25.666+0000] {dag.py:4180} INFO - Setting next_dagrun for sparking_flow to 2024-10-23 00:00:00+00:00, run_after=2024-10-24 00:00:00+00:00
[2024-10-23T09:17:25.685+0000] {processor.py:208} INFO - Processing /opt/airflow/dags/spark_airflow.py took 0.104 seconds
[2024-10-23T09:17:55.776+0000] {processor.py:186} INFO - Started process (PID=13959) to work on /opt/airflow/dags/spark_airflow.py
[2024-10-23T09:17:55.778+0000] {processor.py:914} INFO - Processing file /opt/airflow/dags/spark_airflow.py for tasks to queue
[2024-10-23T09:17:55.779+0000] {logging_mixin.py:190} INFO - [2024-10-23T09:17:55.779+0000] {dagbag.py:588} INFO - Filling up the DagBag from /opt/airflow/dags/spark_airflow.py
[2024-10-23T09:17:55.800+0000] {processor.py:925} INFO - DAG(s) 'sparking_flow' retrieved from /opt/airflow/dags/spark_airflow.py
[2024-10-23T09:17:55.828+0000] {logging_mixin.py:190} INFO - [2024-10-23T09:17:55.827+0000] {dag.py:3239} INFO - Sync 1 DAGs
[2024-10-23T09:17:55.850+0000] {logging_mixin.py:190} INFO - [2024-10-23T09:17:55.850+0000] {dag.py:4180} INFO - Setting next_dagrun for sparking_flow to 2024-10-23 00:00:00+00:00, run_after=2024-10-24 00:00:00+00:00
[2024-10-23T09:17:55.867+0000] {processor.py:208} INFO - Processing /opt/airflow/dags/spark_airflow.py took 0.098 seconds
[2024-10-23T09:18:26.041+0000] {processor.py:186} INFO - Started process (PID=13964) to work on /opt/airflow/dags/spark_airflow.py
[2024-10-23T09:18:26.042+0000] {processor.py:914} INFO - Processing file /opt/airflow/dags/spark_airflow.py for tasks to queue
[2024-10-23T09:18:26.043+0000] {logging_mixin.py:190} INFO - [2024-10-23T09:18:26.043+0000] {dagbag.py:588} INFO - Filling up the DagBag from /opt/airflow/dags/spark_airflow.py
[2024-10-23T09:18:26.061+0000] {processor.py:925} INFO - DAG(s) 'sparking_flow' retrieved from /opt/airflow/dags/spark_airflow.py
[2024-10-23T09:18:26.088+0000] {logging_mixin.py:190} INFO - [2024-10-23T09:18:26.088+0000] {dag.py:3239} INFO - Sync 1 DAGs
[2024-10-23T09:18:26.112+0000] {logging_mixin.py:190} INFO - [2024-10-23T09:18:26.112+0000] {dag.py:4180} INFO - Setting next_dagrun for sparking_flow to 2024-10-23 00:00:00+00:00, run_after=2024-10-24 00:00:00+00:00
[2024-10-23T09:18:26.132+0000] {processor.py:208} INFO - Processing /opt/airflow/dags/spark_airflow.py took 0.097 seconds
[2024-10-23T09:18:56.228+0000] {processor.py:186} INFO - Started process (PID=13969) to work on /opt/airflow/dags/spark_airflow.py
[2024-10-23T09:18:56.229+0000] {processor.py:914} INFO - Processing file /opt/airflow/dags/spark_airflow.py for tasks to queue
[2024-10-23T09:18:56.230+0000] {logging_mixin.py:190} INFO - [2024-10-23T09:18:56.230+0000] {dagbag.py:588} INFO - Filling up the DagBag from /opt/airflow/dags/spark_airflow.py
[2024-10-23T09:18:56.248+0000] {processor.py:925} INFO - DAG(s) 'sparking_flow' retrieved from /opt/airflow/dags/spark_airflow.py
[2024-10-23T09:18:56.277+0000] {logging_mixin.py:190} INFO - [2024-10-23T09:18:56.276+0000] {dag.py:3239} INFO - Sync 1 DAGs
[2024-10-23T09:18:56.300+0000] {logging_mixin.py:190} INFO - [2024-10-23T09:18:56.300+0000] {dag.py:4180} INFO - Setting next_dagrun for sparking_flow to 2024-10-23 00:00:00+00:00, run_after=2024-10-24 00:00:00+00:00
[2024-10-23T09:18:56.317+0000] {processor.py:208} INFO - Processing /opt/airflow/dags/spark_airflow.py took 0.096 seconds
[2024-10-23T09:19:26.486+0000] {processor.py:186} INFO - Started process (PID=13974) to work on /opt/airflow/dags/spark_airflow.py
[2024-10-23T09:19:26.487+0000] {processor.py:914} INFO - Processing file /opt/airflow/dags/spark_airflow.py for tasks to queue
[2024-10-23T09:19:26.488+0000] {logging_mixin.py:190} INFO - [2024-10-23T09:19:26.488+0000] {dagbag.py:588} INFO - Filling up the DagBag from /opt/airflow/dags/spark_airflow.py
[2024-10-23T09:19:26.506+0000] {processor.py:925} INFO - DAG(s) 'sparking_flow' retrieved from /opt/airflow/dags/spark_airflow.py
[2024-10-23T09:19:26.530+0000] {logging_mixin.py:190} INFO - [2024-10-23T09:19:26.530+0000] {dag.py:3239} INFO - Sync 1 DAGs
[2024-10-23T09:19:26.552+0000] {logging_mixin.py:190} INFO - [2024-10-23T09:19:26.552+0000] {dag.py:4180} INFO - Setting next_dagrun for sparking_flow to 2024-10-23 00:00:00+00:00, run_after=2024-10-24 00:00:00+00:00
[2024-10-23T09:19:26.568+0000] {processor.py:208} INFO - Processing /opt/airflow/dags/spark_airflow.py took 0.086 seconds
[2024-10-23T09:19:56.676+0000] {processor.py:186} INFO - Started process (PID=13979) to work on /opt/airflow/dags/spark_airflow.py
[2024-10-23T09:19:56.677+0000] {processor.py:914} INFO - Processing file /opt/airflow/dags/spark_airflow.py for tasks to queue
[2024-10-23T09:19:56.678+0000] {logging_mixin.py:190} INFO - [2024-10-23T09:19:56.678+0000] {dagbag.py:588} INFO - Filling up the DagBag from /opt/airflow/dags/spark_airflow.py
[2024-10-23T09:19:56.697+0000] {processor.py:925} INFO - DAG(s) 'sparking_flow' retrieved from /opt/airflow/dags/spark_airflow.py
[2024-10-23T09:19:56.724+0000] {logging_mixin.py:190} INFO - [2024-10-23T09:19:56.724+0000] {dag.py:3239} INFO - Sync 1 DAGs
[2024-10-23T09:19:56.748+0000] {logging_mixin.py:190} INFO - [2024-10-23T09:19:56.748+0000] {dag.py:4180} INFO - Setting next_dagrun for sparking_flow to 2024-10-23 00:00:00+00:00, run_after=2024-10-24 00:00:00+00:00
[2024-10-23T09:19:56.772+0000] {processor.py:208} INFO - Processing /opt/airflow/dags/spark_airflow.py took 0.100 seconds
[2024-10-23T09:20:26.964+0000] {processor.py:186} INFO - Started process (PID=13984) to work on /opt/airflow/dags/spark_airflow.py
[2024-10-23T09:20:26.965+0000] {processor.py:914} INFO - Processing file /opt/airflow/dags/spark_airflow.py for tasks to queue
[2024-10-23T09:20:26.966+0000] {logging_mixin.py:190} INFO - [2024-10-23T09:20:26.966+0000] {dagbag.py:588} INFO - Filling up the DagBag from /opt/airflow/dags/spark_airflow.py
[2024-10-23T09:20:26.985+0000] {processor.py:925} INFO - DAG(s) 'sparking_flow' retrieved from /opt/airflow/dags/spark_airflow.py
[2024-10-23T09:20:27.013+0000] {logging_mixin.py:190} INFO - [2024-10-23T09:20:27.012+0000] {dag.py:3239} INFO - Sync 1 DAGs
[2024-10-23T09:20:27.035+0000] {logging_mixin.py:190} INFO - [2024-10-23T09:20:27.035+0000] {dag.py:4180} INFO - Setting next_dagrun for sparking_flow to 2024-10-23 00:00:00+00:00, run_after=2024-10-24 00:00:00+00:00
[2024-10-23T09:20:27.053+0000] {processor.py:208} INFO - Processing /opt/airflow/dags/spark_airflow.py took 0.094 seconds
[2024-10-23T09:20:57.151+0000] {processor.py:186} INFO - Started process (PID=13989) to work on /opt/airflow/dags/spark_airflow.py
[2024-10-23T09:20:57.152+0000] {processor.py:914} INFO - Processing file /opt/airflow/dags/spark_airflow.py for tasks to queue
[2024-10-23T09:20:57.153+0000] {logging_mixin.py:190} INFO - [2024-10-23T09:20:57.153+0000] {dagbag.py:588} INFO - Filling up the DagBag from /opt/airflow/dags/spark_airflow.py
[2024-10-23T09:20:57.174+0000] {processor.py:925} INFO - DAG(s) 'sparking_flow' retrieved from /opt/airflow/dags/spark_airflow.py
[2024-10-23T09:20:57.201+0000] {logging_mixin.py:190} INFO - [2024-10-23T09:20:57.201+0000] {dag.py:3239} INFO - Sync 1 DAGs
[2024-10-23T09:20:57.224+0000] {logging_mixin.py:190} INFO - [2024-10-23T09:20:57.224+0000] {dag.py:4180} INFO - Setting next_dagrun for sparking_flow to 2024-10-23 00:00:00+00:00, run_after=2024-10-24 00:00:00+00:00
[2024-10-23T09:20:57.244+0000] {processor.py:208} INFO - Processing /opt/airflow/dags/spark_airflow.py took 0.099 seconds
[2024-10-23T09:21:27.410+0000] {processor.py:186} INFO - Started process (PID=13994) to work on /opt/airflow/dags/spark_airflow.py
[2024-10-23T09:21:27.411+0000] {processor.py:914} INFO - Processing file /opt/airflow/dags/spark_airflow.py for tasks to queue
[2024-10-23T09:21:27.413+0000] {logging_mixin.py:190} INFO - [2024-10-23T09:21:27.412+0000] {dagbag.py:588} INFO - Filling up the DagBag from /opt/airflow/dags/spark_airflow.py
[2024-10-23T09:21:27.432+0000] {processor.py:925} INFO - DAG(s) 'sparking_flow' retrieved from /opt/airflow/dags/spark_airflow.py
[2024-10-23T09:21:27.458+0000] {logging_mixin.py:190} INFO - [2024-10-23T09:21:27.457+0000] {dag.py:3239} INFO - Sync 1 DAGs
[2024-10-23T09:21:27.480+0000] {logging_mixin.py:190} INFO - [2024-10-23T09:21:27.480+0000] {dag.py:4180} INFO - Setting next_dagrun for sparking_flow to 2024-10-23 00:00:00+00:00, run_after=2024-10-24 00:00:00+00:00
[2024-10-23T09:21:27.499+0000] {processor.py:208} INFO - Processing /opt/airflow/dags/spark_airflow.py took 0.093 seconds
[2024-10-23T09:21:57.597+0000] {processor.py:186} INFO - Started process (PID=13999) to work on /opt/airflow/dags/spark_airflow.py
[2024-10-23T09:21:57.598+0000] {processor.py:914} INFO - Processing file /opt/airflow/dags/spark_airflow.py for tasks to queue
[2024-10-23T09:21:57.600+0000] {logging_mixin.py:190} INFO - [2024-10-23T09:21:57.599+0000] {dagbag.py:588} INFO - Filling up the DagBag from /opt/airflow/dags/spark_airflow.py
[2024-10-23T09:21:57.620+0000] {processor.py:925} INFO - DAG(s) 'sparking_flow' retrieved from /opt/airflow/dags/spark_airflow.py
[2024-10-23T09:21:57.645+0000] {logging_mixin.py:190} INFO - [2024-10-23T09:21:57.645+0000] {dag.py:3239} INFO - Sync 1 DAGs
[2024-10-23T09:21:57.668+0000] {logging_mixin.py:190} INFO - [2024-10-23T09:21:57.668+0000] {dag.py:4180} INFO - Setting next_dagrun for sparking_flow to 2024-10-23 00:00:00+00:00, run_after=2024-10-24 00:00:00+00:00
[2024-10-23T09:21:57.689+0000] {processor.py:208} INFO - Processing /opt/airflow/dags/spark_airflow.py took 0.096 seconds
[2024-10-23T09:22:27.845+0000] {processor.py:186} INFO - Started process (PID=14004) to work on /opt/airflow/dags/spark_airflow.py
[2024-10-23T09:22:27.846+0000] {processor.py:914} INFO - Processing file /opt/airflow/dags/spark_airflow.py for tasks to queue
[2024-10-23T09:22:27.848+0000] {logging_mixin.py:190} INFO - [2024-10-23T09:22:27.847+0000] {dagbag.py:588} INFO - Filling up the DagBag from /opt/airflow/dags/spark_airflow.py
[2024-10-23T09:22:27.867+0000] {processor.py:925} INFO - DAG(s) 'sparking_flow' retrieved from /opt/airflow/dags/spark_airflow.py
[2024-10-23T09:22:27.893+0000] {logging_mixin.py:190} INFO - [2024-10-23T09:22:27.893+0000] {dag.py:3239} INFO - Sync 1 DAGs
[2024-10-23T09:22:27.917+0000] {logging_mixin.py:190} INFO - [2024-10-23T09:22:27.917+0000] {dag.py:4180} INFO - Setting next_dagrun for sparking_flow to 2024-10-23 00:00:00+00:00, run_after=2024-10-24 00:00:00+00:00
[2024-10-23T09:22:27.935+0000] {processor.py:208} INFO - Processing /opt/airflow/dags/spark_airflow.py took 0.094 seconds
[2024-10-23T09:22:58.032+0000] {processor.py:186} INFO - Started process (PID=14009) to work on /opt/airflow/dags/spark_airflow.py
[2024-10-23T09:22:58.033+0000] {processor.py:914} INFO - Processing file /opt/airflow/dags/spark_airflow.py for tasks to queue
[2024-10-23T09:22:58.034+0000] {logging_mixin.py:190} INFO - [2024-10-23T09:22:58.034+0000] {dagbag.py:588} INFO - Filling up the DagBag from /opt/airflow/dags/spark_airflow.py
[2024-10-23T09:22:58.057+0000] {processor.py:925} INFO - DAG(s) 'sparking_flow' retrieved from /opt/airflow/dags/spark_airflow.py
[2024-10-23T09:22:58.090+0000] {logging_mixin.py:190} INFO - [2024-10-23T09:22:58.090+0000] {dag.py:3239} INFO - Sync 1 DAGs
[2024-10-23T09:22:58.115+0000] {logging_mixin.py:190} INFO - [2024-10-23T09:22:58.114+0000] {dag.py:4180} INFO - Setting next_dagrun for sparking_flow to 2024-10-23 00:00:00+00:00, run_after=2024-10-24 00:00:00+00:00
[2024-10-23T09:22:58.135+0000] {processor.py:208} INFO - Processing /opt/airflow/dags/spark_airflow.py took 0.109 seconds
[2024-10-23T09:23:28.287+0000] {processor.py:186} INFO - Started process (PID=14014) to work on /opt/airflow/dags/spark_airflow.py
[2024-10-23T09:23:28.288+0000] {processor.py:914} INFO - Processing file /opt/airflow/dags/spark_airflow.py for tasks to queue
[2024-10-23T09:23:28.289+0000] {logging_mixin.py:190} INFO - [2024-10-23T09:23:28.289+0000] {dagbag.py:588} INFO - Filling up the DagBag from /opt/airflow/dags/spark_airflow.py
[2024-10-23T09:23:28.308+0000] {processor.py:925} INFO - DAG(s) 'sparking_flow' retrieved from /opt/airflow/dags/spark_airflow.py
[2024-10-23T09:23:28.334+0000] {logging_mixin.py:190} INFO - [2024-10-23T09:23:28.334+0000] {dag.py:3239} INFO - Sync 1 DAGs
[2024-10-23T09:23:28.358+0000] {logging_mixin.py:190} INFO - [2024-10-23T09:23:28.358+0000] {dag.py:4180} INFO - Setting next_dagrun for sparking_flow to 2024-10-23 00:00:00+00:00, run_after=2024-10-24 00:00:00+00:00
[2024-10-23T09:23:28.375+0000] {processor.py:208} INFO - Processing /opt/airflow/dags/spark_airflow.py took 0.092 seconds
[2024-10-23T09:23:58.479+0000] {processor.py:186} INFO - Started process (PID=14019) to work on /opt/airflow/dags/spark_airflow.py
[2024-10-23T09:23:58.480+0000] {processor.py:914} INFO - Processing file /opt/airflow/dags/spark_airflow.py for tasks to queue
[2024-10-23T09:23:58.481+0000] {logging_mixin.py:190} INFO - [2024-10-23T09:23:58.481+0000] {dagbag.py:588} INFO - Filling up the DagBag from /opt/airflow/dags/spark_airflow.py
[2024-10-23T09:23:58.500+0000] {processor.py:925} INFO - DAG(s) 'sparking_flow' retrieved from /opt/airflow/dags/spark_airflow.py
[2024-10-23T09:23:58.527+0000] {logging_mixin.py:190} INFO - [2024-10-23T09:23:58.527+0000] {dag.py:3239} INFO - Sync 1 DAGs
[2024-10-23T09:23:58.548+0000] {logging_mixin.py:190} INFO - [2024-10-23T09:23:58.548+0000] {dag.py:4180} INFO - Setting next_dagrun for sparking_flow to 2024-10-23 00:00:00+00:00, run_after=2024-10-24 00:00:00+00:00
[2024-10-23T09:23:58.565+0000] {processor.py:208} INFO - Processing /opt/airflow/dags/spark_airflow.py took 0.092 seconds
[2024-10-23T09:24:28.731+0000] {processor.py:186} INFO - Started process (PID=14024) to work on /opt/airflow/dags/spark_airflow.py
[2024-10-23T09:24:28.731+0000] {processor.py:914} INFO - Processing file /opt/airflow/dags/spark_airflow.py for tasks to queue
[2024-10-23T09:24:28.733+0000] {logging_mixin.py:190} INFO - [2024-10-23T09:24:28.732+0000] {dagbag.py:588} INFO - Filling up the DagBag from /opt/airflow/dags/spark_airflow.py
[2024-10-23T09:24:28.751+0000] {processor.py:925} INFO - DAG(s) 'sparking_flow' retrieved from /opt/airflow/dags/spark_airflow.py
[2024-10-23T09:24:28.778+0000] {logging_mixin.py:190} INFO - [2024-10-23T09:24:28.778+0000] {dag.py:3239} INFO - Sync 1 DAGs
[2024-10-23T09:24:28.802+0000] {logging_mixin.py:190} INFO - [2024-10-23T09:24:28.802+0000] {dag.py:4180} INFO - Setting next_dagrun for sparking_flow to 2024-10-23 00:00:00+00:00, run_after=2024-10-24 00:00:00+00:00
[2024-10-23T09:24:28.819+0000] {processor.py:208} INFO - Processing /opt/airflow/dags/spark_airflow.py took 0.094 seconds
[2024-10-23T09:24:58.929+0000] {processor.py:186} INFO - Started process (PID=14029) to work on /opt/airflow/dags/spark_airflow.py
[2024-10-23T09:24:58.930+0000] {processor.py:914} INFO - Processing file /opt/airflow/dags/spark_airflow.py for tasks to queue
[2024-10-23T09:24:58.932+0000] {logging_mixin.py:190} INFO - [2024-10-23T09:24:58.932+0000] {dagbag.py:588} INFO - Filling up the DagBag from /opt/airflow/dags/spark_airflow.py
[2024-10-23T09:24:58.952+0000] {processor.py:925} INFO - DAG(s) 'sparking_flow' retrieved from /opt/airflow/dags/spark_airflow.py
[2024-10-23T09:24:58.982+0000] {logging_mixin.py:190} INFO - [2024-10-23T09:24:58.982+0000] {dag.py:3239} INFO - Sync 1 DAGs
[2024-10-23T09:24:59.010+0000] {logging_mixin.py:190} INFO - [2024-10-23T09:24:59.010+0000] {dag.py:4180} INFO - Setting next_dagrun for sparking_flow to 2024-10-23 00:00:00+00:00, run_after=2024-10-24 00:00:00+00:00
[2024-10-23T09:24:59.032+0000] {processor.py:208} INFO - Processing /opt/airflow/dags/spark_airflow.py took 0.109 seconds
[2024-10-23T09:25:29.203+0000] {processor.py:186} INFO - Started process (PID=14034) to work on /opt/airflow/dags/spark_airflow.py
[2024-10-23T09:25:29.204+0000] {processor.py:914} INFO - Processing file /opt/airflow/dags/spark_airflow.py for tasks to queue
[2024-10-23T09:25:29.205+0000] {logging_mixin.py:190} INFO - [2024-10-23T09:25:29.205+0000] {dagbag.py:588} INFO - Filling up the DagBag from /opt/airflow/dags/spark_airflow.py
[2024-10-23T09:25:29.224+0000] {processor.py:925} INFO - DAG(s) 'sparking_flow' retrieved from /opt/airflow/dags/spark_airflow.py
[2024-10-23T09:25:29.250+0000] {logging_mixin.py:190} INFO - [2024-10-23T09:25:29.250+0000] {dag.py:3239} INFO - Sync 1 DAGs
[2024-10-23T09:25:29.274+0000] {logging_mixin.py:190} INFO - [2024-10-23T09:25:29.274+0000] {dag.py:4180} INFO - Setting next_dagrun for sparking_flow to 2024-10-23 00:00:00+00:00, run_after=2024-10-24 00:00:00+00:00
[2024-10-23T09:25:29.294+0000] {processor.py:208} INFO - Processing /opt/airflow/dags/spark_airflow.py took 0.095 seconds
[2024-10-23T09:25:59.386+0000] {processor.py:186} INFO - Started process (PID=14039) to work on /opt/airflow/dags/spark_airflow.py
[2024-10-23T09:25:59.387+0000] {processor.py:914} INFO - Processing file /opt/airflow/dags/spark_airflow.py for tasks to queue
[2024-10-23T09:25:59.388+0000] {logging_mixin.py:190} INFO - [2024-10-23T09:25:59.388+0000] {dagbag.py:588} INFO - Filling up the DagBag from /opt/airflow/dags/spark_airflow.py
[2024-10-23T09:25:59.407+0000] {processor.py:925} INFO - DAG(s) 'sparking_flow' retrieved from /opt/airflow/dags/spark_airflow.py
[2024-10-23T09:25:59.432+0000] {logging_mixin.py:190} INFO - [2024-10-23T09:25:59.432+0000] {dag.py:3239} INFO - Sync 1 DAGs
[2024-10-23T09:25:59.452+0000] {logging_mixin.py:190} INFO - [2024-10-23T09:25:59.452+0000] {dag.py:4180} INFO - Setting next_dagrun for sparking_flow to 2024-10-23 00:00:00+00:00, run_after=2024-10-24 00:00:00+00:00
[2024-10-23T09:25:59.470+0000] {processor.py:208} INFO - Processing /opt/airflow/dags/spark_airflow.py took 0.088 seconds
[2024-10-23T09:26:29.643+0000] {processor.py:186} INFO - Started process (PID=14044) to work on /opt/airflow/dags/spark_airflow.py
[2024-10-23T09:26:29.643+0000] {processor.py:914} INFO - Processing file /opt/airflow/dags/spark_airflow.py for tasks to queue
[2024-10-23T09:26:29.644+0000] {logging_mixin.py:190} INFO - [2024-10-23T09:26:29.644+0000] {dagbag.py:588} INFO - Filling up the DagBag from /opt/airflow/dags/spark_airflow.py
[2024-10-23T09:26:29.662+0000] {processor.py:925} INFO - DAG(s) 'sparking_flow' retrieved from /opt/airflow/dags/spark_airflow.py
[2024-10-23T09:26:29.689+0000] {logging_mixin.py:190} INFO - [2024-10-23T09:26:29.689+0000] {dag.py:3239} INFO - Sync 1 DAGs
[2024-10-23T09:26:29.712+0000] {logging_mixin.py:190} INFO - [2024-10-23T09:26:29.712+0000] {dag.py:4180} INFO - Setting next_dagrun for sparking_flow to 2024-10-23 00:00:00+00:00, run_after=2024-10-24 00:00:00+00:00
[2024-10-23T09:26:29.731+0000] {processor.py:208} INFO - Processing /opt/airflow/dags/spark_airflow.py took 0.093 seconds
[2024-10-23T09:26:59.848+0000] {processor.py:186} INFO - Started process (PID=14049) to work on /opt/airflow/dags/spark_airflow.py
[2024-10-23T09:26:59.850+0000] {processor.py:914} INFO - Processing file /opt/airflow/dags/spark_airflow.py for tasks to queue
[2024-10-23T09:26:59.851+0000] {logging_mixin.py:190} INFO - [2024-10-23T09:26:59.851+0000] {dagbag.py:588} INFO - Filling up the DagBag from /opt/airflow/dags/spark_airflow.py
[2024-10-23T09:26:59.874+0000] {processor.py:925} INFO - DAG(s) 'sparking_flow' retrieved from /opt/airflow/dags/spark_airflow.py
[2024-10-23T09:26:59.900+0000] {logging_mixin.py:190} INFO - [2024-10-23T09:26:59.900+0000] {dag.py:3239} INFO - Sync 1 DAGs
[2024-10-23T09:26:59.924+0000] {logging_mixin.py:190} INFO - [2024-10-23T09:26:59.924+0000] {dag.py:4180} INFO - Setting next_dagrun for sparking_flow to 2024-10-23 00:00:00+00:00, run_after=2024-10-24 00:00:00+00:00
[2024-10-23T09:26:59.944+0000] {processor.py:208} INFO - Processing /opt/airflow/dags/spark_airflow.py took 0.102 seconds
[2024-10-23T09:27:30.099+0000] {processor.py:186} INFO - Started process (PID=14054) to work on /opt/airflow/dags/spark_airflow.py
[2024-10-23T09:27:30.100+0000] {processor.py:914} INFO - Processing file /opt/airflow/dags/spark_airflow.py for tasks to queue
[2024-10-23T09:27:30.102+0000] {logging_mixin.py:190} INFO - [2024-10-23T09:27:30.102+0000] {dagbag.py:588} INFO - Filling up the DagBag from /opt/airflow/dags/spark_airflow.py
[2024-10-23T09:27:30.123+0000] {processor.py:925} INFO - DAG(s) 'sparking_flow' retrieved from /opt/airflow/dags/spark_airflow.py
[2024-10-23T09:27:30.147+0000] {logging_mixin.py:190} INFO - [2024-10-23T09:27:30.147+0000] {dag.py:3239} INFO - Sync 1 DAGs
[2024-10-23T09:27:30.169+0000] {logging_mixin.py:190} INFO - [2024-10-23T09:27:30.169+0000] {dag.py:4180} INFO - Setting next_dagrun for sparking_flow to 2024-10-23 00:00:00+00:00, run_after=2024-10-24 00:00:00+00:00
[2024-10-23T09:27:30.187+0000] {processor.py:208} INFO - Processing /opt/airflow/dags/spark_airflow.py took 0.093 seconds
[2024-10-23T09:28:00.293+0000] {processor.py:186} INFO - Started process (PID=14059) to work on /opt/airflow/dags/spark_airflow.py
[2024-10-23T09:28:00.294+0000] {processor.py:914} INFO - Processing file /opt/airflow/dags/spark_airflow.py for tasks to queue
[2024-10-23T09:28:00.296+0000] {logging_mixin.py:190} INFO - [2024-10-23T09:28:00.295+0000] {dagbag.py:588} INFO - Filling up the DagBag from /opt/airflow/dags/spark_airflow.py
[2024-10-23T09:28:00.316+0000] {processor.py:925} INFO - DAG(s) 'sparking_flow' retrieved from /opt/airflow/dags/spark_airflow.py
[2024-10-23T09:28:00.344+0000] {logging_mixin.py:190} INFO - [2024-10-23T09:28:00.344+0000] {dag.py:3239} INFO - Sync 1 DAGs
[2024-10-23T09:28:00.369+0000] {logging_mixin.py:190} INFO - [2024-10-23T09:28:00.369+0000] {dag.py:4180} INFO - Setting next_dagrun for sparking_flow to 2024-10-23 00:00:00+00:00, run_after=2024-10-24 00:00:00+00:00
[2024-10-23T09:28:00.386+0000] {processor.py:208} INFO - Processing /opt/airflow/dags/spark_airflow.py took 0.100 seconds
[2024-10-23T09:28:30.532+0000] {processor.py:186} INFO - Started process (PID=14064) to work on /opt/airflow/dags/spark_airflow.py
[2024-10-23T09:28:30.533+0000] {processor.py:914} INFO - Processing file /opt/airflow/dags/spark_airflow.py for tasks to queue
[2024-10-23T09:28:30.534+0000] {logging_mixin.py:190} INFO - [2024-10-23T09:28:30.534+0000] {dagbag.py:588} INFO - Filling up the DagBag from /opt/airflow/dags/spark_airflow.py
[2024-10-23T09:28:30.553+0000] {processor.py:925} INFO - DAG(s) 'sparking_flow' retrieved from /opt/airflow/dags/spark_airflow.py
[2024-10-23T09:28:30.579+0000] {logging_mixin.py:190} INFO - [2024-10-23T09:28:30.579+0000] {dag.py:3239} INFO - Sync 1 DAGs
[2024-10-23T09:28:30.601+0000] {logging_mixin.py:190} INFO - [2024-10-23T09:28:30.601+0000] {dag.py:4180} INFO - Setting next_dagrun for sparking_flow to 2024-10-23 00:00:00+00:00, run_after=2024-10-24 00:00:00+00:00
[2024-10-23T09:28:30.619+0000] {processor.py:208} INFO - Processing /opt/airflow/dags/spark_airflow.py took 0.091 seconds
[2024-10-23T09:29:00.728+0000] {processor.py:186} INFO - Started process (PID=14069) to work on /opt/airflow/dags/spark_airflow.py
[2024-10-23T09:29:00.729+0000] {processor.py:914} INFO - Processing file /opt/airflow/dags/spark_airflow.py for tasks to queue
[2024-10-23T09:29:00.730+0000] {logging_mixin.py:190} INFO - [2024-10-23T09:29:00.730+0000] {dagbag.py:588} INFO - Filling up the DagBag from /opt/airflow/dags/spark_airflow.py
[2024-10-23T09:29:00.751+0000] {processor.py:925} INFO - DAG(s) 'sparking_flow' retrieved from /opt/airflow/dags/spark_airflow.py
[2024-10-23T09:29:00.777+0000] {logging_mixin.py:190} INFO - [2024-10-23T09:29:00.777+0000] {dag.py:3239} INFO - Sync 1 DAGs
[2024-10-23T09:29:00.798+0000] {logging_mixin.py:190} INFO - [2024-10-23T09:29:00.798+0000] {dag.py:4180} INFO - Setting next_dagrun for sparking_flow to 2024-10-23 00:00:00+00:00, run_after=2024-10-24 00:00:00+00:00
[2024-10-23T09:29:00.830+0000] {processor.py:208} INFO - Processing /opt/airflow/dags/spark_airflow.py took 0.109 seconds
[2024-10-23T09:29:30.974+0000] {processor.py:186} INFO - Started process (PID=14074) to work on /opt/airflow/dags/spark_airflow.py
[2024-10-23T09:29:30.975+0000] {processor.py:914} INFO - Processing file /opt/airflow/dags/spark_airflow.py for tasks to queue
[2024-10-23T09:29:30.976+0000] {logging_mixin.py:190} INFO - [2024-10-23T09:29:30.976+0000] {dagbag.py:588} INFO - Filling up the DagBag from /opt/airflow/dags/spark_airflow.py
[2024-10-23T09:29:30.997+0000] {processor.py:925} INFO - DAG(s) 'sparking_flow' retrieved from /opt/airflow/dags/spark_airflow.py
[2024-10-23T09:29:31.024+0000] {logging_mixin.py:190} INFO - [2024-10-23T09:29:31.024+0000] {dag.py:3239} INFO - Sync 1 DAGs
[2024-10-23T09:29:31.048+0000] {logging_mixin.py:190} INFO - [2024-10-23T09:29:31.047+0000] {dag.py:4180} INFO - Setting next_dagrun for sparking_flow to 2024-10-23 00:00:00+00:00, run_after=2024-10-24 00:00:00+00:00
[2024-10-23T09:29:31.068+0000] {processor.py:208} INFO - Processing /opt/airflow/dags/spark_airflow.py took 0.099 seconds
[2024-10-23T09:30:01.176+0000] {processor.py:186} INFO - Started process (PID=14079) to work on /opt/airflow/dags/spark_airflow.py
[2024-10-23T09:30:01.177+0000] {processor.py:914} INFO - Processing file /opt/airflow/dags/spark_airflow.py for tasks to queue
[2024-10-23T09:30:01.179+0000] {logging_mixin.py:190} INFO - [2024-10-23T09:30:01.178+0000] {dagbag.py:588} INFO - Filling up the DagBag from /opt/airflow/dags/spark_airflow.py
[2024-10-23T09:30:01.197+0000] {processor.py:925} INFO - DAG(s) 'sparking_flow' retrieved from /opt/airflow/dags/spark_airflow.py
[2024-10-23T09:30:01.222+0000] {logging_mixin.py:190} INFO - [2024-10-23T09:30:01.222+0000] {dag.py:3239} INFO - Sync 1 DAGs
[2024-10-23T09:30:01.244+0000] {logging_mixin.py:190} INFO - [2024-10-23T09:30:01.244+0000] {dag.py:4180} INFO - Setting next_dagrun for sparking_flow to 2024-10-23 00:00:00+00:00, run_after=2024-10-24 00:00:00+00:00
[2024-10-23T09:30:01.266+0000] {processor.py:208} INFO - Processing /opt/airflow/dags/spark_airflow.py took 0.095 seconds
[2024-10-23T09:30:31.451+0000] {processor.py:186} INFO - Started process (PID=14084) to work on /opt/airflow/dags/spark_airflow.py
[2024-10-23T09:30:31.452+0000] {processor.py:914} INFO - Processing file /opt/airflow/dags/spark_airflow.py for tasks to queue
[2024-10-23T09:30:31.453+0000] {logging_mixin.py:190} INFO - [2024-10-23T09:30:31.452+0000] {dagbag.py:588} INFO - Filling up the DagBag from /opt/airflow/dags/spark_airflow.py
[2024-10-23T09:30:31.471+0000] {processor.py:925} INFO - DAG(s) 'sparking_flow' retrieved from /opt/airflow/dags/spark_airflow.py
[2024-10-23T09:30:31.497+0000] {logging_mixin.py:190} INFO - [2024-10-23T09:30:31.496+0000] {dag.py:3239} INFO - Sync 1 DAGs
[2024-10-23T09:30:31.518+0000] {logging_mixin.py:190} INFO - [2024-10-23T09:30:31.518+0000] {dag.py:4180} INFO - Setting next_dagrun for sparking_flow to 2024-10-23 00:00:00+00:00, run_after=2024-10-24 00:00:00+00:00
[2024-10-23T09:30:31.535+0000] {processor.py:208} INFO - Processing /opt/airflow/dags/spark_airflow.py took 0.089 seconds
[2024-10-23T09:31:01.655+0000] {processor.py:186} INFO - Started process (PID=14089) to work on /opt/airflow/dags/spark_airflow.py
[2024-10-23T09:31:01.656+0000] {processor.py:914} INFO - Processing file /opt/airflow/dags/spark_airflow.py for tasks to queue
[2024-10-23T09:31:01.657+0000] {logging_mixin.py:190} INFO - [2024-10-23T09:31:01.656+0000] {dagbag.py:588} INFO - Filling up the DagBag from /opt/airflow/dags/spark_airflow.py
[2024-10-23T09:31:01.675+0000] {processor.py:925} INFO - DAG(s) 'sparking_flow' retrieved from /opt/airflow/dags/spark_airflow.py
[2024-10-23T09:31:01.702+0000] {logging_mixin.py:190} INFO - [2024-10-23T09:31:01.702+0000] {dag.py:3239} INFO - Sync 1 DAGs
[2024-10-23T09:31:01.725+0000] {logging_mixin.py:190} INFO - [2024-10-23T09:31:01.724+0000] {dag.py:4180} INFO - Setting next_dagrun for sparking_flow to 2024-10-23 00:00:00+00:00, run_after=2024-10-24 00:00:00+00:00
[2024-10-23T09:31:01.744+0000] {processor.py:208} INFO - Processing /opt/airflow/dags/spark_airflow.py took 0.093 seconds
[2024-10-23T09:31:31.898+0000] {processor.py:186} INFO - Started process (PID=14094) to work on /opt/airflow/dags/spark_airflow.py
[2024-10-23T09:31:31.899+0000] {processor.py:914} INFO - Processing file /opt/airflow/dags/spark_airflow.py for tasks to queue
[2024-10-23T09:31:31.901+0000] {logging_mixin.py:190} INFO - [2024-10-23T09:31:31.900+0000] {dagbag.py:588} INFO - Filling up the DagBag from /opt/airflow/dags/spark_airflow.py
[2024-10-23T09:31:31.919+0000] {processor.py:925} INFO - DAG(s) 'sparking_flow' retrieved from /opt/airflow/dags/spark_airflow.py
[2024-10-23T09:31:31.943+0000] {logging_mixin.py:190} INFO - [2024-10-23T09:31:31.942+0000] {dag.py:3239} INFO - Sync 1 DAGs
[2024-10-23T09:31:31.965+0000] {logging_mixin.py:190} INFO - [2024-10-23T09:31:31.965+0000] {dag.py:4180} INFO - Setting next_dagrun for sparking_flow to 2024-10-23 00:00:00+00:00, run_after=2024-10-24 00:00:00+00:00
[2024-10-23T09:31:31.983+0000] {processor.py:208} INFO - Processing /opt/airflow/dags/spark_airflow.py took 0.090 seconds
[2024-10-23T09:32:02.094+0000] {processor.py:186} INFO - Started process (PID=14099) to work on /opt/airflow/dags/spark_airflow.py
[2024-10-23T09:32:02.095+0000] {processor.py:914} INFO - Processing file /opt/airflow/dags/spark_airflow.py for tasks to queue
[2024-10-23T09:32:02.096+0000] {logging_mixin.py:190} INFO - [2024-10-23T09:32:02.096+0000] {dagbag.py:588} INFO - Filling up the DagBag from /opt/airflow/dags/spark_airflow.py
[2024-10-23T09:32:02.116+0000] {processor.py:925} INFO - DAG(s) 'sparking_flow' retrieved from /opt/airflow/dags/spark_airflow.py
[2024-10-23T09:32:02.143+0000] {logging_mixin.py:190} INFO - [2024-10-23T09:32:02.142+0000] {dag.py:3239} INFO - Sync 1 DAGs
[2024-10-23T09:32:02.164+0000] {logging_mixin.py:190} INFO - [2024-10-23T09:32:02.164+0000] {dag.py:4180} INFO - Setting next_dagrun for sparking_flow to 2024-10-23 00:00:00+00:00, run_after=2024-10-24 00:00:00+00:00
[2024-10-23T09:32:02.183+0000] {processor.py:208} INFO - Processing /opt/airflow/dags/spark_airflow.py took 0.096 seconds
[2024-10-23T09:32:32.351+0000] {processor.py:186} INFO - Started process (PID=14104) to work on /opt/airflow/dags/spark_airflow.py
[2024-10-23T09:32:32.352+0000] {processor.py:914} INFO - Processing file /opt/airflow/dags/spark_airflow.py for tasks to queue
[2024-10-23T09:32:32.353+0000] {logging_mixin.py:190} INFO - [2024-10-23T09:32:32.353+0000] {dagbag.py:588} INFO - Filling up the DagBag from /opt/airflow/dags/spark_airflow.py
[2024-10-23T09:32:32.371+0000] {processor.py:925} INFO - DAG(s) 'sparking_flow' retrieved from /opt/airflow/dags/spark_airflow.py
[2024-10-23T09:32:32.395+0000] {logging_mixin.py:190} INFO - [2024-10-23T09:32:32.394+0000] {dag.py:3239} INFO - Sync 1 DAGs
[2024-10-23T09:32:32.415+0000] {logging_mixin.py:190} INFO - [2024-10-23T09:32:32.415+0000] {dag.py:4180} INFO - Setting next_dagrun for sparking_flow to 2024-10-23 00:00:00+00:00, run_after=2024-10-24 00:00:00+00:00
[2024-10-23T09:32:32.434+0000] {processor.py:208} INFO - Processing /opt/airflow/dags/spark_airflow.py took 0.088 seconds
[2024-10-23T09:33:02.540+0000] {processor.py:186} INFO - Started process (PID=14109) to work on /opt/airflow/dags/spark_airflow.py
[2024-10-23T09:33:02.541+0000] {processor.py:914} INFO - Processing file /opt/airflow/dags/spark_airflow.py for tasks to queue
[2024-10-23T09:33:02.542+0000] {logging_mixin.py:190} INFO - [2024-10-23T09:33:02.542+0000] {dagbag.py:588} INFO - Filling up the DagBag from /opt/airflow/dags/spark_airflow.py
[2024-10-23T09:33:02.564+0000] {processor.py:925} INFO - DAG(s) 'sparking_flow' retrieved from /opt/airflow/dags/spark_airflow.py
[2024-10-23T09:33:02.591+0000] {logging_mixin.py:190} INFO - [2024-10-23T09:33:02.590+0000] {dag.py:3239} INFO - Sync 1 DAGs
[2024-10-23T09:33:02.614+0000] {logging_mixin.py:190} INFO - [2024-10-23T09:33:02.614+0000] {dag.py:4180} INFO - Setting next_dagrun for sparking_flow to 2024-10-23 00:00:00+00:00, run_after=2024-10-24 00:00:00+00:00
[2024-10-23T09:33:02.632+0000] {processor.py:208} INFO - Processing /opt/airflow/dags/spark_airflow.py took 0.099 seconds
[2024-10-23T09:33:32.790+0000] {processor.py:186} INFO - Started process (PID=14114) to work on /opt/airflow/dags/spark_airflow.py
[2024-10-23T09:33:32.791+0000] {processor.py:914} INFO - Processing file /opt/airflow/dags/spark_airflow.py for tasks to queue
[2024-10-23T09:33:32.792+0000] {logging_mixin.py:190} INFO - [2024-10-23T09:33:32.792+0000] {dagbag.py:588} INFO - Filling up the DagBag from /opt/airflow/dags/spark_airflow.py
[2024-10-23T09:33:32.810+0000] {processor.py:925} INFO - DAG(s) 'sparking_flow' retrieved from /opt/airflow/dags/spark_airflow.py
[2024-10-23T09:33:32.835+0000] {logging_mixin.py:190} INFO - [2024-10-23T09:33:32.835+0000] {dag.py:3239} INFO - Sync 1 DAGs
[2024-10-23T09:33:32.857+0000] {logging_mixin.py:190} INFO - [2024-10-23T09:33:32.857+0000] {dag.py:4180} INFO - Setting next_dagrun for sparking_flow to 2024-10-23 00:00:00+00:00, run_after=2024-10-24 00:00:00+00:00
[2024-10-23T09:33:32.875+0000] {processor.py:208} INFO - Processing /opt/airflow/dags/spark_airflow.py took 0.089 seconds
[2024-10-23T09:34:02.979+0000] {processor.py:186} INFO - Started process (PID=14119) to work on /opt/airflow/dags/spark_airflow.py
[2024-10-23T09:34:02.980+0000] {processor.py:914} INFO - Processing file /opt/airflow/dags/spark_airflow.py for tasks to queue
[2024-10-23T09:34:02.981+0000] {logging_mixin.py:190} INFO - [2024-10-23T09:34:02.981+0000] {dagbag.py:588} INFO - Filling up the DagBag from /opt/airflow/dags/spark_airflow.py
[2024-10-23T09:34:03.001+0000] {processor.py:925} INFO - DAG(s) 'sparking_flow' retrieved from /opt/airflow/dags/spark_airflow.py
[2024-10-23T09:34:03.031+0000] {logging_mixin.py:190} INFO - [2024-10-23T09:34:03.031+0000] {dag.py:3239} INFO - Sync 1 DAGs
[2024-10-23T09:34:03.054+0000] {logging_mixin.py:190} INFO - [2024-10-23T09:34:03.054+0000] {dag.py:4180} INFO - Setting next_dagrun for sparking_flow to 2024-10-23 00:00:00+00:00, run_after=2024-10-24 00:00:00+00:00
[2024-10-23T09:34:03.092+0000] {processor.py:208} INFO - Processing /opt/airflow/dags/spark_airflow.py took 0.118 seconds
[2024-10-23T09:34:33.233+0000] {processor.py:186} INFO - Started process (PID=14124) to work on /opt/airflow/dags/spark_airflow.py
[2024-10-23T09:34:33.234+0000] {processor.py:914} INFO - Processing file /opt/airflow/dags/spark_airflow.py for tasks to queue
[2024-10-23T09:34:33.236+0000] {logging_mixin.py:190} INFO - [2024-10-23T09:34:33.235+0000] {dagbag.py:588} INFO - Filling up the DagBag from /opt/airflow/dags/spark_airflow.py
[2024-10-23T09:34:33.257+0000] {processor.py:925} INFO - DAG(s) 'sparking_flow' retrieved from /opt/airflow/dags/spark_airflow.py
[2024-10-23T09:34:33.283+0000] {logging_mixin.py:190} INFO - [2024-10-23T09:34:33.282+0000] {dag.py:3239} INFO - Sync 1 DAGs
[2024-10-23T09:34:33.306+0000] {logging_mixin.py:190} INFO - [2024-10-23T09:34:33.306+0000] {dag.py:4180} INFO - Setting next_dagrun for sparking_flow to 2024-10-23 00:00:00+00:00, run_after=2024-10-24 00:00:00+00:00
[2024-10-23T09:34:33.339+0000] {processor.py:208} INFO - Processing /opt/airflow/dags/spark_airflow.py took 0.113 seconds
[2024-10-23T09:35:03.492+0000] {processor.py:186} INFO - Started process (PID=14129) to work on /opt/airflow/dags/spark_airflow.py
[2024-10-23T09:35:03.493+0000] {processor.py:914} INFO - Processing file /opt/airflow/dags/spark_airflow.py for tasks to queue
[2024-10-23T09:35:03.494+0000] {logging_mixin.py:190} INFO - [2024-10-23T09:35:03.494+0000] {dagbag.py:588} INFO - Filling up the DagBag from /opt/airflow/dags/spark_airflow.py
[2024-10-23T09:35:03.513+0000] {processor.py:925} INFO - DAG(s) 'sparking_flow' retrieved from /opt/airflow/dags/spark_airflow.py
[2024-10-23T09:35:03.536+0000] {logging_mixin.py:190} INFO - [2024-10-23T09:35:03.536+0000] {dag.py:3239} INFO - Sync 1 DAGs
[2024-10-23T09:35:03.559+0000] {logging_mixin.py:190} INFO - [2024-10-23T09:35:03.559+0000] {dag.py:4180} INFO - Setting next_dagrun for sparking_flow to 2024-10-23 00:00:00+00:00, run_after=2024-10-24 00:00:00+00:00
[2024-10-23T09:35:03.576+0000] {processor.py:208} INFO - Processing /opt/airflow/dags/spark_airflow.py took 0.089 seconds
[2024-10-23T09:35:33.696+0000] {processor.py:186} INFO - Started process (PID=14134) to work on /opt/airflow/dags/spark_airflow.py
[2024-10-23T09:35:33.697+0000] {processor.py:914} INFO - Processing file /opt/airflow/dags/spark_airflow.py for tasks to queue
[2024-10-23T09:35:33.698+0000] {logging_mixin.py:190} INFO - [2024-10-23T09:35:33.698+0000] {dagbag.py:588} INFO - Filling up the DagBag from /opt/airflow/dags/spark_airflow.py
[2024-10-23T09:35:33.720+0000] {processor.py:925} INFO - DAG(s) 'sparking_flow' retrieved from /opt/airflow/dags/spark_airflow.py
[2024-10-23T09:35:33.744+0000] {logging_mixin.py:190} INFO - [2024-10-23T09:35:33.744+0000] {dag.py:3239} INFO - Sync 1 DAGs
[2024-10-23T09:35:33.766+0000] {logging_mixin.py:190} INFO - [2024-10-23T09:35:33.766+0000] {dag.py:4180} INFO - Setting next_dagrun for sparking_flow to 2024-10-23 00:00:00+00:00, run_after=2024-10-24 00:00:00+00:00
[2024-10-23T09:35:33.784+0000] {processor.py:208} INFO - Processing /opt/airflow/dags/spark_airflow.py took 0.094 seconds
[2024-10-23T09:36:03.924+0000] {processor.py:186} INFO - Started process (PID=14139) to work on /opt/airflow/dags/spark_airflow.py
[2024-10-23T09:36:03.925+0000] {processor.py:914} INFO - Processing file /opt/airflow/dags/spark_airflow.py for tasks to queue
[2024-10-23T09:36:03.927+0000] {logging_mixin.py:190} INFO - [2024-10-23T09:36:03.927+0000] {dagbag.py:588} INFO - Filling up the DagBag from /opt/airflow/dags/spark_airflow.py
[2024-10-23T09:36:03.946+0000] {processor.py:925} INFO - DAG(s) 'sparking_flow' retrieved from /opt/airflow/dags/spark_airflow.py
[2024-10-23T09:36:03.972+0000] {logging_mixin.py:190} INFO - [2024-10-23T09:36:03.972+0000] {dag.py:3239} INFO - Sync 1 DAGs
[2024-10-23T09:36:04.000+0000] {logging_mixin.py:190} INFO - [2024-10-23T09:36:04.000+0000] {dag.py:4180} INFO - Setting next_dagrun for sparking_flow to 2024-10-23 00:00:00+00:00, run_after=2024-10-24 00:00:00+00:00
[2024-10-23T09:36:04.018+0000] {processor.py:208} INFO - Processing /opt/airflow/dags/spark_airflow.py took 0.101 seconds
[2024-10-23T09:36:34.137+0000] {processor.py:186} INFO - Started process (PID=14144) to work on /opt/airflow/dags/spark_airflow.py
[2024-10-23T09:36:34.138+0000] {processor.py:914} INFO - Processing file /opt/airflow/dags/spark_airflow.py for tasks to queue
[2024-10-23T09:36:34.139+0000] {logging_mixin.py:190} INFO - [2024-10-23T09:36:34.139+0000] {dagbag.py:588} INFO - Filling up the DagBag from /opt/airflow/dags/spark_airflow.py
[2024-10-23T09:36:34.159+0000] {processor.py:925} INFO - DAG(s) 'sparking_flow' retrieved from /opt/airflow/dags/spark_airflow.py
[2024-10-23T09:36:34.185+0000] {logging_mixin.py:190} INFO - [2024-10-23T09:36:34.184+0000] {dag.py:3239} INFO - Sync 1 DAGs
[2024-10-23T09:36:34.207+0000] {logging_mixin.py:190} INFO - [2024-10-23T09:36:34.207+0000] {dag.py:4180} INFO - Setting next_dagrun for sparking_flow to 2024-10-23 00:00:00+00:00, run_after=2024-10-24 00:00:00+00:00
[2024-10-23T09:36:34.228+0000] {processor.py:208} INFO - Processing /opt/airflow/dags/spark_airflow.py took 0.097 seconds
[2024-10-23T09:37:04.380+0000] {processor.py:186} INFO - Started process (PID=14149) to work on /opt/airflow/dags/spark_airflow.py
[2024-10-23T09:37:04.381+0000] {processor.py:914} INFO - Processing file /opt/airflow/dags/spark_airflow.py for tasks to queue
[2024-10-23T09:37:04.383+0000] {logging_mixin.py:190} INFO - [2024-10-23T09:37:04.382+0000] {dagbag.py:588} INFO - Filling up the DagBag from /opt/airflow/dags/spark_airflow.py
[2024-10-23T09:37:04.402+0000] {processor.py:925} INFO - DAG(s) 'sparking_flow' retrieved from /opt/airflow/dags/spark_airflow.py
[2024-10-23T09:37:04.429+0000] {logging_mixin.py:190} INFO - [2024-10-23T09:37:04.429+0000] {dag.py:3239} INFO - Sync 1 DAGs
[2024-10-23T09:37:04.453+0000] {logging_mixin.py:190} INFO - [2024-10-23T09:37:04.453+0000] {dag.py:4180} INFO - Setting next_dagrun for sparking_flow to 2024-10-23 00:00:00+00:00, run_after=2024-10-24 00:00:00+00:00
[2024-10-23T09:37:04.470+0000] {processor.py:208} INFO - Processing /opt/airflow/dags/spark_airflow.py took 0.098 seconds
[2024-10-23T09:37:34.581+0000] {processor.py:186} INFO - Started process (PID=14154) to work on /opt/airflow/dags/spark_airflow.py
[2024-10-23T09:37:34.582+0000] {processor.py:914} INFO - Processing file /opt/airflow/dags/spark_airflow.py for tasks to queue
[2024-10-23T09:37:34.583+0000] {logging_mixin.py:190} INFO - [2024-10-23T09:37:34.583+0000] {dagbag.py:588} INFO - Filling up the DagBag from /opt/airflow/dags/spark_airflow.py
[2024-10-23T09:37:34.604+0000] {processor.py:925} INFO - DAG(s) 'sparking_flow' retrieved from /opt/airflow/dags/spark_airflow.py
[2024-10-23T09:37:34.632+0000] {logging_mixin.py:190} INFO - [2024-10-23T09:37:34.632+0000] {dag.py:3239} INFO - Sync 1 DAGs
[2024-10-23T09:37:34.654+0000] {logging_mixin.py:190} INFO - [2024-10-23T09:37:34.654+0000] {dag.py:4180} INFO - Setting next_dagrun for sparking_flow to 2024-10-23 00:00:00+00:00, run_after=2024-10-24 00:00:00+00:00
[2024-10-23T09:37:34.685+0000] {processor.py:208} INFO - Processing /opt/airflow/dags/spark_airflow.py took 0.110 seconds
[2024-10-23T09:38:04.821+0000] {processor.py:186} INFO - Started process (PID=14159) to work on /opt/airflow/dags/spark_airflow.py
[2024-10-23T09:38:04.822+0000] {processor.py:914} INFO - Processing file /opt/airflow/dags/spark_airflow.py for tasks to queue
[2024-10-23T09:38:04.823+0000] {logging_mixin.py:190} INFO - [2024-10-23T09:38:04.823+0000] {dagbag.py:588} INFO - Filling up the DagBag from /opt/airflow/dags/spark_airflow.py
[2024-10-23T09:38:04.842+0000] {processor.py:925} INFO - DAG(s) 'sparking_flow' retrieved from /opt/airflow/dags/spark_airflow.py
[2024-10-23T09:38:04.866+0000] {logging_mixin.py:190} INFO - [2024-10-23T09:38:04.866+0000] {dag.py:3239} INFO - Sync 1 DAGs
[2024-10-23T09:38:04.886+0000] {logging_mixin.py:190} INFO - [2024-10-23T09:38:04.886+0000] {dag.py:4180} INFO - Setting next_dagrun for sparking_flow to 2024-10-23 00:00:00+00:00, run_after=2024-10-24 00:00:00+00:00
[2024-10-23T09:38:04.903+0000] {processor.py:208} INFO - Processing /opt/airflow/dags/spark_airflow.py took 0.087 seconds
[2024-10-23T09:38:35.016+0000] {processor.py:186} INFO - Started process (PID=14164) to work on /opt/airflow/dags/spark_airflow.py
[2024-10-23T09:38:35.017+0000] {processor.py:914} INFO - Processing file /opt/airflow/dags/spark_airflow.py for tasks to queue
[2024-10-23T09:38:35.019+0000] {logging_mixin.py:190} INFO - [2024-10-23T09:38:35.019+0000] {dagbag.py:588} INFO - Filling up the DagBag from /opt/airflow/dags/spark_airflow.py
[2024-10-23T09:38:35.040+0000] {processor.py:925} INFO - DAG(s) 'sparking_flow' retrieved from /opt/airflow/dags/spark_airflow.py
[2024-10-23T09:38:35.068+0000] {logging_mixin.py:190} INFO - [2024-10-23T09:38:35.068+0000] {dag.py:3239} INFO - Sync 1 DAGs
[2024-10-23T09:38:35.091+0000] {logging_mixin.py:190} INFO - [2024-10-23T09:38:35.091+0000] {dag.py:4180} INFO - Setting next_dagrun for sparking_flow to 2024-10-23 00:00:00+00:00, run_after=2024-10-24 00:00:00+00:00
[2024-10-23T09:38:35.108+0000] {processor.py:208} INFO - Processing /opt/airflow/dags/spark_airflow.py took 0.099 seconds
[2024-10-23T09:39:05.242+0000] {processor.py:186} INFO - Started process (PID=14169) to work on /opt/airflow/dags/spark_airflow.py
[2024-10-23T09:39:05.242+0000] {processor.py:914} INFO - Processing file /opt/airflow/dags/spark_airflow.py for tasks to queue
[2024-10-23T09:39:05.244+0000] {logging_mixin.py:190} INFO - [2024-10-23T09:39:05.243+0000] {dagbag.py:588} INFO - Filling up the DagBag from /opt/airflow/dags/spark_airflow.py
[2024-10-23T09:39:05.264+0000] {processor.py:925} INFO - DAG(s) 'sparking_flow' retrieved from /opt/airflow/dags/spark_airflow.py
[2024-10-23T09:39:05.288+0000] {logging_mixin.py:190} INFO - [2024-10-23T09:39:05.288+0000] {dag.py:3239} INFO - Sync 1 DAGs
[2024-10-23T09:39:05.310+0000] {logging_mixin.py:190} INFO - [2024-10-23T09:39:05.310+0000] {dag.py:4180} INFO - Setting next_dagrun for sparking_flow to 2024-10-23 00:00:00+00:00, run_after=2024-10-24 00:00:00+00:00
[2024-10-23T09:39:05.327+0000] {processor.py:208} INFO - Processing /opt/airflow/dags/spark_airflow.py took 0.091 seconds
[2024-10-23T09:39:35.443+0000] {processor.py:186} INFO - Started process (PID=14174) to work on /opt/airflow/dags/spark_airflow.py
[2024-10-23T09:39:35.444+0000] {processor.py:914} INFO - Processing file /opt/airflow/dags/spark_airflow.py for tasks to queue
[2024-10-23T09:39:35.446+0000] {logging_mixin.py:190} INFO - [2024-10-23T09:39:35.445+0000] {dagbag.py:588} INFO - Filling up the DagBag from /opt/airflow/dags/spark_airflow.py
[2024-10-23T09:39:35.465+0000] {processor.py:925} INFO - DAG(s) 'sparking_flow' retrieved from /opt/airflow/dags/spark_airflow.py
[2024-10-23T09:39:35.491+0000] {logging_mixin.py:190} INFO - [2024-10-23T09:39:35.491+0000] {dag.py:3239} INFO - Sync 1 DAGs
[2024-10-23T09:39:35.513+0000] {logging_mixin.py:190} INFO - [2024-10-23T09:39:35.513+0000] {dag.py:4180} INFO - Setting next_dagrun for sparking_flow to 2024-10-23 00:00:00+00:00, run_after=2024-10-24 00:00:00+00:00
[2024-10-23T09:39:35.530+0000] {processor.py:208} INFO - Processing /opt/airflow/dags/spark_airflow.py took 0.093 seconds
[2024-10-23T09:40:05.700+0000] {processor.py:186} INFO - Started process (PID=14179) to work on /opt/airflow/dags/spark_airflow.py
[2024-10-23T09:40:05.701+0000] {processor.py:914} INFO - Processing file /opt/airflow/dags/spark_airflow.py for tasks to queue
[2024-10-23T09:40:05.702+0000] {logging_mixin.py:190} INFO - [2024-10-23T09:40:05.702+0000] {dagbag.py:588} INFO - Filling up the DagBag from /opt/airflow/dags/spark_airflow.py
[2024-10-23T09:40:05.721+0000] {processor.py:925} INFO - DAG(s) 'sparking_flow' retrieved from /opt/airflow/dags/spark_airflow.py
[2024-10-23T09:40:05.748+0000] {logging_mixin.py:190} INFO - [2024-10-23T09:40:05.747+0000] {dag.py:3239} INFO - Sync 1 DAGs
[2024-10-23T09:40:05.770+0000] {logging_mixin.py:190} INFO - [2024-10-23T09:40:05.770+0000] {dag.py:4180} INFO - Setting next_dagrun for sparking_flow to 2024-10-23 00:00:00+00:00, run_after=2024-10-24 00:00:00+00:00
[2024-10-23T09:40:05.787+0000] {processor.py:208} INFO - Processing /opt/airflow/dags/spark_airflow.py took 0.092 seconds
[2024-10-23T09:40:35.883+0000] {processor.py:186} INFO - Started process (PID=14184) to work on /opt/airflow/dags/spark_airflow.py
[2024-10-23T09:40:35.884+0000] {processor.py:914} INFO - Processing file /opt/airflow/dags/spark_airflow.py for tasks to queue
[2024-10-23T09:40:35.885+0000] {logging_mixin.py:190} INFO - [2024-10-23T09:40:35.885+0000] {dagbag.py:588} INFO - Filling up the DagBag from /opt/airflow/dags/spark_airflow.py
[2024-10-23T09:40:35.906+0000] {processor.py:925} INFO - DAG(s) 'sparking_flow' retrieved from /opt/airflow/dags/spark_airflow.py
[2024-10-23T09:40:35.935+0000] {logging_mixin.py:190} INFO - [2024-10-23T09:40:35.935+0000] {dag.py:3239} INFO - Sync 1 DAGs
[2024-10-23T09:40:35.960+0000] {logging_mixin.py:190} INFO - [2024-10-23T09:40:35.960+0000] {dag.py:4180} INFO - Setting next_dagrun for sparking_flow to 2024-10-23 00:00:00+00:00, run_after=2024-10-24 00:00:00+00:00
[2024-10-23T09:40:35.979+0000] {processor.py:208} INFO - Processing /opt/airflow/dags/spark_airflow.py took 0.102 seconds
[2024-10-23T09:41:06.129+0000] {processor.py:186} INFO - Started process (PID=14189) to work on /opt/airflow/dags/spark_airflow.py
[2024-10-23T09:41:06.130+0000] {processor.py:914} INFO - Processing file /opt/airflow/dags/spark_airflow.py for tasks to queue
[2024-10-23T09:41:06.131+0000] {logging_mixin.py:190} INFO - [2024-10-23T09:41:06.131+0000] {dagbag.py:588} INFO - Filling up the DagBag from /opt/airflow/dags/spark_airflow.py
[2024-10-23T09:41:06.149+0000] {processor.py:925} INFO - DAG(s) 'sparking_flow' retrieved from /opt/airflow/dags/spark_airflow.py
[2024-10-23T09:41:06.173+0000] {logging_mixin.py:190} INFO - [2024-10-23T09:41:06.173+0000] {dag.py:3239} INFO - Sync 1 DAGs
[2024-10-23T09:41:06.195+0000] {logging_mixin.py:190} INFO - [2024-10-23T09:41:06.195+0000] {dag.py:4180} INFO - Setting next_dagrun for sparking_flow to 2024-10-23 00:00:00+00:00, run_after=2024-10-24 00:00:00+00:00
[2024-10-23T09:41:06.216+0000] {processor.py:208} INFO - Processing /opt/airflow/dags/spark_airflow.py took 0.093 seconds
[2024-10-23T09:41:36.342+0000] {processor.py:186} INFO - Started process (PID=14194) to work on /opt/airflow/dags/spark_airflow.py
[2024-10-23T09:41:36.343+0000] {processor.py:914} INFO - Processing file /opt/airflow/dags/spark_airflow.py for tasks to queue
[2024-10-23T09:41:36.344+0000] {logging_mixin.py:190} INFO - [2024-10-23T09:41:36.344+0000] {dagbag.py:588} INFO - Filling up the DagBag from /opt/airflow/dags/spark_airflow.py
[2024-10-23T09:41:36.363+0000] {processor.py:925} INFO - DAG(s) 'sparking_flow' retrieved from /opt/airflow/dags/spark_airflow.py
[2024-10-23T09:41:36.387+0000] {logging_mixin.py:190} INFO - [2024-10-23T09:41:36.386+0000] {dag.py:3239} INFO - Sync 1 DAGs
[2024-10-23T09:41:36.409+0000] {logging_mixin.py:190} INFO - [2024-10-23T09:41:36.409+0000] {dag.py:4180} INFO - Setting next_dagrun for sparking_flow to 2024-10-23 00:00:00+00:00, run_after=2024-10-24 00:00:00+00:00
[2024-10-23T09:41:36.427+0000] {processor.py:208} INFO - Processing /opt/airflow/dags/spark_airflow.py took 0.090 seconds
[2024-10-23T09:42:06.557+0000] {processor.py:186} INFO - Started process (PID=14199) to work on /opt/airflow/dags/spark_airflow.py
[2024-10-23T09:42:06.558+0000] {processor.py:914} INFO - Processing file /opt/airflow/dags/spark_airflow.py for tasks to queue
[2024-10-23T09:42:06.559+0000] {logging_mixin.py:190} INFO - [2024-10-23T09:42:06.559+0000] {dagbag.py:588} INFO - Filling up the DagBag from /opt/airflow/dags/spark_airflow.py
[2024-10-23T09:42:06.579+0000] {processor.py:925} INFO - DAG(s) 'sparking_flow' retrieved from /opt/airflow/dags/spark_airflow.py
[2024-10-23T09:42:06.603+0000] {logging_mixin.py:190} INFO - [2024-10-23T09:42:06.603+0000] {dag.py:3239} INFO - Sync 1 DAGs
[2024-10-23T09:42:06.627+0000] {logging_mixin.py:190} INFO - [2024-10-23T09:42:06.627+0000] {dag.py:4180} INFO - Setting next_dagrun for sparking_flow to 2024-10-23 00:00:00+00:00, run_after=2024-10-24 00:00:00+00:00
[2024-10-23T09:42:06.648+0000] {processor.py:208} INFO - Processing /opt/airflow/dags/spark_airflow.py took 0.096 seconds
[2024-10-23T09:42:36.767+0000] {processor.py:186} INFO - Started process (PID=14204) to work on /opt/airflow/dags/spark_airflow.py
[2024-10-23T09:42:36.768+0000] {processor.py:914} INFO - Processing file /opt/airflow/dags/spark_airflow.py for tasks to queue
[2024-10-23T09:42:36.769+0000] {logging_mixin.py:190} INFO - [2024-10-23T09:42:36.769+0000] {dagbag.py:588} INFO - Filling up the DagBag from /opt/airflow/dags/spark_airflow.py
[2024-10-23T09:42:36.789+0000] {processor.py:925} INFO - DAG(s) 'sparking_flow' retrieved from /opt/airflow/dags/spark_airflow.py
[2024-10-23T09:42:36.815+0000] {logging_mixin.py:190} INFO - [2024-10-23T09:42:36.815+0000] {dag.py:3239} INFO - Sync 1 DAGs
[2024-10-23T09:42:36.839+0000] {logging_mixin.py:190} INFO - [2024-10-23T09:42:36.838+0000] {dag.py:4180} INFO - Setting next_dagrun for sparking_flow to 2024-10-23 00:00:00+00:00, run_after=2024-10-24 00:00:00+00:00
[2024-10-23T09:42:36.856+0000] {processor.py:208} INFO - Processing /opt/airflow/dags/spark_airflow.py took 0.094 seconds
[2024-10-23T09:43:06.987+0000] {processor.py:186} INFO - Started process (PID=14209) to work on /opt/airflow/dags/spark_airflow.py
[2024-10-23T09:43:06.988+0000] {processor.py:914} INFO - Processing file /opt/airflow/dags/spark_airflow.py for tasks to queue
[2024-10-23T09:43:06.990+0000] {logging_mixin.py:190} INFO - [2024-10-23T09:43:06.990+0000] {dagbag.py:588} INFO - Filling up the DagBag from /opt/airflow/dags/spark_airflow.py
[2024-10-23T09:43:07.008+0000] {processor.py:925} INFO - DAG(s) 'sparking_flow' retrieved from /opt/airflow/dags/spark_airflow.py
[2024-10-23T09:43:07.036+0000] {logging_mixin.py:190} INFO - [2024-10-23T09:43:07.035+0000] {dag.py:3239} INFO - Sync 1 DAGs
[2024-10-23T09:43:07.057+0000] {logging_mixin.py:190} INFO - [2024-10-23T09:43:07.057+0000] {dag.py:4180} INFO - Setting next_dagrun for sparking_flow to 2024-10-23 00:00:00+00:00, run_after=2024-10-24 00:00:00+00:00
[2024-10-23T09:43:07.074+0000] {processor.py:208} INFO - Processing /opt/airflow/dags/spark_airflow.py took 0.092 seconds
[2024-10-23T09:43:37.200+0000] {processor.py:186} INFO - Started process (PID=14214) to work on /opt/airflow/dags/spark_airflow.py
[2024-10-23T09:43:37.201+0000] {processor.py:914} INFO - Processing file /opt/airflow/dags/spark_airflow.py for tasks to queue
[2024-10-23T09:43:37.203+0000] {logging_mixin.py:190} INFO - [2024-10-23T09:43:37.203+0000] {dagbag.py:588} INFO - Filling up the DagBag from /opt/airflow/dags/spark_airflow.py
[2024-10-23T09:43:37.222+0000] {processor.py:925} INFO - DAG(s) 'sparking_flow' retrieved from /opt/airflow/dags/spark_airflow.py
[2024-10-23T09:43:37.246+0000] {logging_mixin.py:190} INFO - [2024-10-23T09:43:37.245+0000] {dag.py:3239} INFO - Sync 1 DAGs
[2024-10-23T09:43:37.268+0000] {logging_mixin.py:190} INFO - [2024-10-23T09:43:37.268+0000] {dag.py:4180} INFO - Setting next_dagrun for sparking_flow to 2024-10-23 00:00:00+00:00, run_after=2024-10-24 00:00:00+00:00
[2024-10-23T09:43:37.285+0000] {processor.py:208} INFO - Processing /opt/airflow/dags/spark_airflow.py took 0.089 seconds
[2024-10-23T09:44:07.411+0000] {processor.py:186} INFO - Started process (PID=14219) to work on /opt/airflow/dags/spark_airflow.py
[2024-10-23T09:44:07.412+0000] {processor.py:914} INFO - Processing file /opt/airflow/dags/spark_airflow.py for tasks to queue
[2024-10-23T09:44:07.413+0000] {logging_mixin.py:190} INFO - [2024-10-23T09:44:07.413+0000] {dagbag.py:588} INFO - Filling up the DagBag from /opt/airflow/dags/spark_airflow.py
[2024-10-23T09:44:07.431+0000] {processor.py:925} INFO - DAG(s) 'sparking_flow' retrieved from /opt/airflow/dags/spark_airflow.py
[2024-10-23T09:44:07.458+0000] {logging_mixin.py:190} INFO - [2024-10-23T09:44:07.458+0000] {dag.py:3239} INFO - Sync 1 DAGs
[2024-10-23T09:44:07.482+0000] {logging_mixin.py:190} INFO - [2024-10-23T09:44:07.482+0000] {dag.py:4180} INFO - Setting next_dagrun for sparking_flow to 2024-10-23 00:00:00+00:00, run_after=2024-10-24 00:00:00+00:00
[2024-10-23T09:44:07.501+0000] {processor.py:208} INFO - Processing /opt/airflow/dags/spark_airflow.py took 0.095 seconds
[2024-10-23T09:44:37.625+0000] {processor.py:186} INFO - Started process (PID=14224) to work on /opt/airflow/dags/spark_airflow.py
[2024-10-23T09:44:37.626+0000] {processor.py:914} INFO - Processing file /opt/airflow/dags/spark_airflow.py for tasks to queue
[2024-10-23T09:44:37.627+0000] {logging_mixin.py:190} INFO - [2024-10-23T09:44:37.626+0000] {dagbag.py:588} INFO - Filling up the DagBag from /opt/airflow/dags/spark_airflow.py
[2024-10-23T09:44:37.645+0000] {processor.py:925} INFO - DAG(s) 'sparking_flow' retrieved from /opt/airflow/dags/spark_airflow.py
[2024-10-23T09:44:37.669+0000] {logging_mixin.py:190} INFO - [2024-10-23T09:44:37.669+0000] {dag.py:3239} INFO - Sync 1 DAGs
[2024-10-23T09:44:37.691+0000] {logging_mixin.py:190} INFO - [2024-10-23T09:44:37.691+0000] {dag.py:4180} INFO - Setting next_dagrun for sparking_flow to 2024-10-23 00:00:00+00:00, run_after=2024-10-24 00:00:00+00:00
[2024-10-23T09:44:37.709+0000] {processor.py:208} INFO - Processing /opt/airflow/dags/spark_airflow.py took 0.090 seconds
[2024-10-23T09:45:07.862+0000] {processor.py:186} INFO - Started process (PID=14229) to work on /opt/airflow/dags/spark_airflow.py
[2024-10-23T09:45:07.863+0000] {processor.py:914} INFO - Processing file /opt/airflow/dags/spark_airflow.py for tasks to queue
[2024-10-23T09:45:07.865+0000] {logging_mixin.py:190} INFO - [2024-10-23T09:45:07.864+0000] {dagbag.py:588} INFO - Filling up the DagBag from /opt/airflow/dags/spark_airflow.py
[2024-10-23T09:45:07.883+0000] {processor.py:925} INFO - DAG(s) 'sparking_flow' retrieved from /opt/airflow/dags/spark_airflow.py
[2024-10-23T09:45:07.907+0000] {logging_mixin.py:190} INFO - [2024-10-23T09:45:07.907+0000] {dag.py:3239} INFO - Sync 1 DAGs
[2024-10-23T09:45:07.929+0000] {logging_mixin.py:190} INFO - [2024-10-23T09:45:07.929+0000] {dag.py:4180} INFO - Setting next_dagrun for sparking_flow to 2024-10-23 00:00:00+00:00, run_after=2024-10-24 00:00:00+00:00
[2024-10-23T09:45:07.948+0000] {processor.py:208} INFO - Processing /opt/airflow/dags/spark_airflow.py took 0.090 seconds
[2024-10-23T09:45:38.053+0000] {processor.py:186} INFO - Started process (PID=14234) to work on /opt/airflow/dags/spark_airflow.py
[2024-10-23T09:45:38.054+0000] {processor.py:914} INFO - Processing file /opt/airflow/dags/spark_airflow.py for tasks to queue
[2024-10-23T09:45:38.055+0000] {logging_mixin.py:190} INFO - [2024-10-23T09:45:38.055+0000] {dagbag.py:588} INFO - Filling up the DagBag from /opt/airflow/dags/spark_airflow.py
[2024-10-23T09:45:38.074+0000] {processor.py:925} INFO - DAG(s) 'sparking_flow' retrieved from /opt/airflow/dags/spark_airflow.py
[2024-10-23T09:45:38.102+0000] {logging_mixin.py:190} INFO - [2024-10-23T09:45:38.102+0000] {dag.py:3239} INFO - Sync 1 DAGs
[2024-10-23T09:45:38.124+0000] {logging_mixin.py:190} INFO - [2024-10-23T09:45:38.123+0000] {dag.py:4180} INFO - Setting next_dagrun for sparking_flow to 2024-10-23 00:00:00+00:00, run_after=2024-10-24 00:00:00+00:00
[2024-10-23T09:45:38.156+0000] {processor.py:208} INFO - Processing /opt/airflow/dags/spark_airflow.py took 0.108 seconds
[2024-10-23T09:46:08.285+0000] {processor.py:186} INFO - Started process (PID=14239) to work on /opt/airflow/dags/spark_airflow.py
[2024-10-23T09:46:08.286+0000] {processor.py:914} INFO - Processing file /opt/airflow/dags/spark_airflow.py for tasks to queue
[2024-10-23T09:46:08.287+0000] {logging_mixin.py:190} INFO - [2024-10-23T09:46:08.286+0000] {dagbag.py:588} INFO - Filling up the DagBag from /opt/airflow/dags/spark_airflow.py
[2024-10-23T09:46:08.306+0000] {processor.py:925} INFO - DAG(s) 'sparking_flow' retrieved from /opt/airflow/dags/spark_airflow.py
[2024-10-23T09:46:08.331+0000] {logging_mixin.py:190} INFO - [2024-10-23T09:46:08.331+0000] {dag.py:3239} INFO - Sync 1 DAGs
[2024-10-23T09:46:08.355+0000] {logging_mixin.py:190} INFO - [2024-10-23T09:46:08.355+0000] {dag.py:4180} INFO - Setting next_dagrun for sparking_flow to 2024-10-23 00:00:00+00:00, run_after=2024-10-24 00:00:00+00:00
[2024-10-23T09:46:08.376+0000] {processor.py:208} INFO - Processing /opt/airflow/dags/spark_airflow.py took 0.096 seconds
[2024-10-23T09:46:38.499+0000] {processor.py:186} INFO - Started process (PID=14244) to work on /opt/airflow/dags/spark_airflow.py
[2024-10-23T09:46:38.500+0000] {processor.py:914} INFO - Processing file /opt/airflow/dags/spark_airflow.py for tasks to queue
[2024-10-23T09:46:38.502+0000] {logging_mixin.py:190} INFO - [2024-10-23T09:46:38.501+0000] {dagbag.py:588} INFO - Filling up the DagBag from /opt/airflow/dags/spark_airflow.py
[2024-10-23T09:46:38.520+0000] {processor.py:925} INFO - DAG(s) 'sparking_flow' retrieved from /opt/airflow/dags/spark_airflow.py
[2024-10-23T09:46:38.545+0000] {logging_mixin.py:190} INFO - [2024-10-23T09:46:38.545+0000] {dag.py:3239} INFO - Sync 1 DAGs
[2024-10-23T09:46:38.567+0000] {logging_mixin.py:190} INFO - [2024-10-23T09:46:38.566+0000] {dag.py:4180} INFO - Setting next_dagrun for sparking_flow to 2024-10-23 00:00:00+00:00, run_after=2024-10-24 00:00:00+00:00
[2024-10-23T09:46:38.586+0000] {processor.py:208} INFO - Processing /opt/airflow/dags/spark_airflow.py took 0.091 seconds
[2024-10-23T09:47:08.716+0000] {processor.py:186} INFO - Started process (PID=14249) to work on /opt/airflow/dags/spark_airflow.py
[2024-10-23T09:47:08.717+0000] {processor.py:914} INFO - Processing file /opt/airflow/dags/spark_airflow.py for tasks to queue
[2024-10-23T09:47:08.718+0000] {logging_mixin.py:190} INFO - [2024-10-23T09:47:08.718+0000] {dagbag.py:588} INFO - Filling up the DagBag from /opt/airflow/dags/spark_airflow.py
[2024-10-23T09:47:08.737+0000] {processor.py:925} INFO - DAG(s) 'sparking_flow' retrieved from /opt/airflow/dags/spark_airflow.py
[2024-10-23T09:47:08.764+0000] {logging_mixin.py:190} INFO - [2024-10-23T09:47:08.763+0000] {dag.py:3239} INFO - Sync 1 DAGs
[2024-10-23T09:47:08.788+0000] {logging_mixin.py:190} INFO - [2024-10-23T09:47:08.788+0000] {dag.py:4180} INFO - Setting next_dagrun for sparking_flow to 2024-10-23 00:00:00+00:00, run_after=2024-10-24 00:00:00+00:00
[2024-10-23T09:47:08.806+0000] {processor.py:208} INFO - Processing /opt/airflow/dags/spark_airflow.py took 0.095 seconds
[2024-10-23T09:47:38.928+0000] {processor.py:186} INFO - Started process (PID=14254) to work on /opt/airflow/dags/spark_airflow.py
[2024-10-23T09:47:38.929+0000] {processor.py:914} INFO - Processing file /opt/airflow/dags/spark_airflow.py for tasks to queue
[2024-10-23T09:47:38.930+0000] {logging_mixin.py:190} INFO - [2024-10-23T09:47:38.930+0000] {dagbag.py:588} INFO - Filling up the DagBag from /opt/airflow/dags/spark_airflow.py
[2024-10-23T09:47:38.951+0000] {processor.py:925} INFO - DAG(s) 'sparking_flow' retrieved from /opt/airflow/dags/spark_airflow.py
[2024-10-23T09:47:38.975+0000] {logging_mixin.py:190} INFO - [2024-10-23T09:47:38.975+0000] {dag.py:3239} INFO - Sync 1 DAGs
[2024-10-23T09:47:38.996+0000] {logging_mixin.py:190} INFO - [2024-10-23T09:47:38.996+0000] {dag.py:4180} INFO - Setting next_dagrun for sparking_flow to 2024-10-23 00:00:00+00:00, run_after=2024-10-24 00:00:00+00:00
[2024-10-23T09:47:39.029+0000] {processor.py:208} INFO - Processing /opt/airflow/dags/spark_airflow.py took 0.108 seconds
[2024-10-23T09:48:09.146+0000] {processor.py:186} INFO - Started process (PID=14259) to work on /opt/airflow/dags/spark_airflow.py
[2024-10-23T09:48:09.147+0000] {processor.py:914} INFO - Processing file /opt/airflow/dags/spark_airflow.py for tasks to queue
[2024-10-23T09:48:09.148+0000] {logging_mixin.py:190} INFO - [2024-10-23T09:48:09.148+0000] {dagbag.py:588} INFO - Filling up the DagBag from /opt/airflow/dags/spark_airflow.py
[2024-10-23T09:48:09.167+0000] {processor.py:925} INFO - DAG(s) 'sparking_flow' retrieved from /opt/airflow/dags/spark_airflow.py
[2024-10-23T09:48:09.193+0000] {logging_mixin.py:190} INFO - [2024-10-23T09:48:09.193+0000] {dag.py:3239} INFO - Sync 1 DAGs
[2024-10-23T09:48:09.217+0000] {logging_mixin.py:190} INFO - [2024-10-23T09:48:09.217+0000] {dag.py:4180} INFO - Setting next_dagrun for sparking_flow to 2024-10-23 00:00:00+00:00, run_after=2024-10-24 00:00:00+00:00
[2024-10-23T09:48:09.236+0000] {processor.py:208} INFO - Processing /opt/airflow/dags/spark_airflow.py took 0.095 seconds
[2024-10-23T09:48:39.369+0000] {processor.py:186} INFO - Started process (PID=14264) to work on /opt/airflow/dags/spark_airflow.py
[2024-10-23T09:48:39.370+0000] {processor.py:914} INFO - Processing file /opt/airflow/dags/spark_airflow.py for tasks to queue
[2024-10-23T09:48:39.372+0000] {logging_mixin.py:190} INFO - [2024-10-23T09:48:39.371+0000] {dagbag.py:588} INFO - Filling up the DagBag from /opt/airflow/dags/spark_airflow.py
[2024-10-23T09:48:39.390+0000] {processor.py:925} INFO - DAG(s) 'sparking_flow' retrieved from /opt/airflow/dags/spark_airflow.py
[2024-10-23T09:48:39.417+0000] {logging_mixin.py:190} INFO - [2024-10-23T09:48:39.417+0000] {dag.py:3239} INFO - Sync 1 DAGs
[2024-10-23T09:48:39.440+0000] {logging_mixin.py:190} INFO - [2024-10-23T09:48:39.440+0000] {dag.py:4180} INFO - Setting next_dagrun for sparking_flow to 2024-10-23 00:00:00+00:00, run_after=2024-10-24 00:00:00+00:00
[2024-10-23T09:48:39.458+0000] {processor.py:208} INFO - Processing /opt/airflow/dags/spark_airflow.py took 0.094 seconds
[2024-10-23T09:49:09.571+0000] {processor.py:186} INFO - Started process (PID=14269) to work on /opt/airflow/dags/spark_airflow.py
[2024-10-23T09:49:09.573+0000] {processor.py:914} INFO - Processing file /opt/airflow/dags/spark_airflow.py for tasks to queue
[2024-10-23T09:49:09.574+0000] {logging_mixin.py:190} INFO - [2024-10-23T09:49:09.574+0000] {dagbag.py:588} INFO - Filling up the DagBag from /opt/airflow/dags/spark_airflow.py
[2024-10-23T09:49:09.594+0000] {processor.py:925} INFO - DAG(s) 'sparking_flow' retrieved from /opt/airflow/dags/spark_airflow.py
[2024-10-23T09:49:09.620+0000] {logging_mixin.py:190} INFO - [2024-10-23T09:49:09.620+0000] {dag.py:3239} INFO - Sync 1 DAGs
[2024-10-23T09:49:09.641+0000] {logging_mixin.py:190} INFO - [2024-10-23T09:49:09.641+0000] {dag.py:4180} INFO - Setting next_dagrun for sparking_flow to 2024-10-23 00:00:00+00:00, run_after=2024-10-24 00:00:00+00:00
[2024-10-23T09:49:09.673+0000] {processor.py:208} INFO - Processing /opt/airflow/dags/spark_airflow.py took 0.107 seconds
[2024-10-23T09:49:39.801+0000] {processor.py:186} INFO - Started process (PID=14274) to work on /opt/airflow/dags/spark_airflow.py
[2024-10-23T09:49:39.802+0000] {processor.py:914} INFO - Processing file /opt/airflow/dags/spark_airflow.py for tasks to queue
[2024-10-23T09:49:39.803+0000] {logging_mixin.py:190} INFO - [2024-10-23T09:49:39.803+0000] {dagbag.py:588} INFO - Filling up the DagBag from /opt/airflow/dags/spark_airflow.py
[2024-10-23T09:49:39.825+0000] {processor.py:925} INFO - DAG(s) 'sparking_flow' retrieved from /opt/airflow/dags/spark_airflow.py
[2024-10-23T09:49:39.852+0000] {logging_mixin.py:190} INFO - [2024-10-23T09:49:39.852+0000] {dag.py:3239} INFO - Sync 1 DAGs
[2024-10-23T09:49:39.875+0000] {logging_mixin.py:190} INFO - [2024-10-23T09:49:39.875+0000] {dag.py:4180} INFO - Setting next_dagrun for sparking_flow to 2024-10-23 00:00:00+00:00, run_after=2024-10-24 00:00:00+00:00
[2024-10-23T09:49:39.896+0000] {processor.py:208} INFO - Processing /opt/airflow/dags/spark_airflow.py took 0.102 seconds
[2024-10-23T09:50:10.042+0000] {processor.py:186} INFO - Started process (PID=14279) to work on /opt/airflow/dags/spark_airflow.py
[2024-10-23T09:50:10.043+0000] {processor.py:914} INFO - Processing file /opt/airflow/dags/spark_airflow.py for tasks to queue
[2024-10-23T09:50:10.044+0000] {logging_mixin.py:190} INFO - [2024-10-23T09:50:10.044+0000] {dagbag.py:588} INFO - Filling up the DagBag from /opt/airflow/dags/spark_airflow.py
[2024-10-23T09:50:10.063+0000] {processor.py:925} INFO - DAG(s) 'sparking_flow' retrieved from /opt/airflow/dags/spark_airflow.py
[2024-10-23T09:50:10.091+0000] {logging_mixin.py:190} INFO - [2024-10-23T09:50:10.091+0000] {dag.py:3239} INFO - Sync 1 DAGs
[2024-10-23T09:50:10.115+0000] {logging_mixin.py:190} INFO - [2024-10-23T09:50:10.114+0000] {dag.py:4180} INFO - Setting next_dagrun for sparking_flow to 2024-10-23 00:00:00+00:00, run_after=2024-10-24 00:00:00+00:00
[2024-10-23T09:50:10.132+0000] {processor.py:208} INFO - Processing /opt/airflow/dags/spark_airflow.py took 0.095 seconds
[2024-10-23T09:50:40.243+0000] {processor.py:186} INFO - Started process (PID=14284) to work on /opt/airflow/dags/spark_airflow.py
[2024-10-23T09:50:40.244+0000] {processor.py:914} INFO - Processing file /opt/airflow/dags/spark_airflow.py for tasks to queue
[2024-10-23T09:50:40.245+0000] {logging_mixin.py:190} INFO - [2024-10-23T09:50:40.245+0000] {dagbag.py:588} INFO - Filling up the DagBag from /opt/airflow/dags/spark_airflow.py
[2024-10-23T09:50:40.263+0000] {processor.py:925} INFO - DAG(s) 'sparking_flow' retrieved from /opt/airflow/dags/spark_airflow.py
[2024-10-23T09:50:40.291+0000] {logging_mixin.py:190} INFO - [2024-10-23T09:50:40.291+0000] {dag.py:3239} INFO - Sync 1 DAGs
[2024-10-23T09:50:40.317+0000] {logging_mixin.py:190} INFO - [2024-10-23T09:50:40.317+0000] {dag.py:4180} INFO - Setting next_dagrun for sparking_flow to 2024-10-23 00:00:00+00:00, run_after=2024-10-24 00:00:00+00:00
[2024-10-23T09:50:40.336+0000] {processor.py:208} INFO - Processing /opt/airflow/dags/spark_airflow.py took 0.098 seconds
[2024-10-23T09:51:10.477+0000] {processor.py:186} INFO - Started process (PID=14289) to work on /opt/airflow/dags/spark_airflow.py
[2024-10-23T09:51:10.478+0000] {processor.py:914} INFO - Processing file /opt/airflow/dags/spark_airflow.py for tasks to queue
[2024-10-23T09:51:10.479+0000] {logging_mixin.py:190} INFO - [2024-10-23T09:51:10.479+0000] {dagbag.py:588} INFO - Filling up the DagBag from /opt/airflow/dags/spark_airflow.py
[2024-10-23T09:51:10.498+0000] {processor.py:925} INFO - DAG(s) 'sparking_flow' retrieved from /opt/airflow/dags/spark_airflow.py
[2024-10-23T09:51:10.524+0000] {logging_mixin.py:190} INFO - [2024-10-23T09:51:10.524+0000] {dag.py:3239} INFO - Sync 1 DAGs
[2024-10-23T09:51:10.547+0000] {logging_mixin.py:190} INFO - [2024-10-23T09:51:10.546+0000] {dag.py:4180} INFO - Setting next_dagrun for sparking_flow to 2024-10-23 00:00:00+00:00, run_after=2024-10-24 00:00:00+00:00
[2024-10-23T09:51:10.563+0000] {processor.py:208} INFO - Processing /opt/airflow/dags/spark_airflow.py took 0.093 seconds
[2024-10-23T09:51:40.684+0000] {processor.py:186} INFO - Started process (PID=14294) to work on /opt/airflow/dags/spark_airflow.py
[2024-10-23T09:51:40.685+0000] {processor.py:914} INFO - Processing file /opt/airflow/dags/spark_airflow.py for tasks to queue
[2024-10-23T09:51:40.687+0000] {logging_mixin.py:190} INFO - [2024-10-23T09:51:40.686+0000] {dagbag.py:588} INFO - Filling up the DagBag from /opt/airflow/dags/spark_airflow.py
[2024-10-23T09:51:40.707+0000] {processor.py:925} INFO - DAG(s) 'sparking_flow' retrieved from /opt/airflow/dags/spark_airflow.py
[2024-10-23T09:51:40.733+0000] {logging_mixin.py:190} INFO - [2024-10-23T09:51:40.733+0000] {dag.py:3239} INFO - Sync 1 DAGs
[2024-10-23T09:51:40.757+0000] {logging_mixin.py:190} INFO - [2024-10-23T09:51:40.757+0000] {dag.py:4180} INFO - Setting next_dagrun for sparking_flow to 2024-10-23 00:00:00+00:00, run_after=2024-10-24 00:00:00+00:00
[2024-10-23T09:51:40.777+0000] {processor.py:208} INFO - Processing /opt/airflow/dags/spark_airflow.py took 0.099 seconds
[2024-10-23T09:52:10.910+0000] {processor.py:186} INFO - Started process (PID=14299) to work on /opt/airflow/dags/spark_airflow.py
[2024-10-23T09:52:10.911+0000] {processor.py:914} INFO - Processing file /opt/airflow/dags/spark_airflow.py for tasks to queue
[2024-10-23T09:52:10.912+0000] {logging_mixin.py:190} INFO - [2024-10-23T09:52:10.912+0000] {dagbag.py:588} INFO - Filling up the DagBag from /opt/airflow/dags/spark_airflow.py
[2024-10-23T09:52:10.932+0000] {processor.py:925} INFO - DAG(s) 'sparking_flow' retrieved from /opt/airflow/dags/spark_airflow.py
[2024-10-23T09:52:10.958+0000] {logging_mixin.py:190} INFO - [2024-10-23T09:52:10.958+0000] {dag.py:3239} INFO - Sync 1 DAGs
[2024-10-23T09:52:10.982+0000] {logging_mixin.py:190} INFO - [2024-10-23T09:52:10.982+0000] {dag.py:4180} INFO - Setting next_dagrun for sparking_flow to 2024-10-23 00:00:00+00:00, run_after=2024-10-24 00:00:00+00:00
[2024-10-23T09:52:11.002+0000] {processor.py:208} INFO - Processing /opt/airflow/dags/spark_airflow.py took 0.099 seconds
[2024-10-23T09:52:41.123+0000] {processor.py:186} INFO - Started process (PID=14304) to work on /opt/airflow/dags/spark_airflow.py
[2024-10-23T09:52:41.124+0000] {processor.py:914} INFO - Processing file /opt/airflow/dags/spark_airflow.py for tasks to queue
[2024-10-23T09:52:41.125+0000] {logging_mixin.py:190} INFO - [2024-10-23T09:52:41.124+0000] {dagbag.py:588} INFO - Filling up the DagBag from /opt/airflow/dags/spark_airflow.py
[2024-10-23T09:52:41.144+0000] {processor.py:925} INFO - DAG(s) 'sparking_flow' retrieved from /opt/airflow/dags/spark_airflow.py
[2024-10-23T09:52:41.170+0000] {logging_mixin.py:190} INFO - [2024-10-23T09:52:41.170+0000] {dag.py:3239} INFO - Sync 1 DAGs
[2024-10-23T09:52:41.191+0000] {logging_mixin.py:190} INFO - [2024-10-23T09:52:41.191+0000] {dag.py:4180} INFO - Setting next_dagrun for sparking_flow to 2024-10-23 00:00:00+00:00, run_after=2024-10-24 00:00:00+00:00
[2024-10-23T09:52:41.224+0000] {processor.py:208} INFO - Processing /opt/airflow/dags/spark_airflow.py took 0.106 seconds
[2024-10-23T09:53:11.350+0000] {processor.py:186} INFO - Started process (PID=14309) to work on /opt/airflow/dags/spark_airflow.py
[2024-10-23T09:53:11.351+0000] {processor.py:914} INFO - Processing file /opt/airflow/dags/spark_airflow.py for tasks to queue
[2024-10-23T09:53:11.353+0000] {logging_mixin.py:190} INFO - [2024-10-23T09:53:11.352+0000] {dagbag.py:588} INFO - Filling up the DagBag from /opt/airflow/dags/spark_airflow.py
[2024-10-23T09:53:11.372+0000] {processor.py:925} INFO - DAG(s) 'sparking_flow' retrieved from /opt/airflow/dags/spark_airflow.py
[2024-10-23T09:53:11.397+0000] {logging_mixin.py:190} INFO - [2024-10-23T09:53:11.397+0000] {dag.py:3239} INFO - Sync 1 DAGs
[2024-10-23T09:53:11.421+0000] {logging_mixin.py:190} INFO - [2024-10-23T09:53:11.421+0000] {dag.py:4180} INFO - Setting next_dagrun for sparking_flow to 2024-10-23 00:00:00+00:00, run_after=2024-10-24 00:00:00+00:00
[2024-10-23T09:53:11.438+0000] {processor.py:208} INFO - Processing /opt/airflow/dags/spark_airflow.py took 0.094 seconds
[2024-10-23T09:53:41.590+0000] {processor.py:186} INFO - Started process (PID=14314) to work on /opt/airflow/dags/spark_airflow.py
[2024-10-23T09:53:41.594+0000] {processor.py:914} INFO - Processing file /opt/airflow/dags/spark_airflow.py for tasks to queue
[2024-10-23T09:53:41.598+0000] {logging_mixin.py:190} INFO - [2024-10-23T09:53:41.597+0000] {dagbag.py:588} INFO - Filling up the DagBag from /opt/airflow/dags/spark_airflow.py
[2024-10-23T09:53:41.621+0000] {processor.py:925} INFO - DAG(s) 'sparking_flow' retrieved from /opt/airflow/dags/spark_airflow.py
[2024-10-23T09:53:41.649+0000] {logging_mixin.py:190} INFO - [2024-10-23T09:53:41.649+0000] {dag.py:3239} INFO - Sync 1 DAGs
[2024-10-23T09:53:41.676+0000] {logging_mixin.py:190} INFO - [2024-10-23T09:53:41.676+0000] {dag.py:4180} INFO - Setting next_dagrun for sparking_flow to 2024-10-23 00:00:00+00:00, run_after=2024-10-24 00:00:00+00:00
[2024-10-23T09:53:41.699+0000] {processor.py:208} INFO - Processing /opt/airflow/dags/spark_airflow.py took 0.120 seconds
[2024-10-23T09:54:11.794+0000] {processor.py:186} INFO - Started process (PID=14319) to work on /opt/airflow/dags/spark_airflow.py
[2024-10-23T09:54:11.795+0000] {processor.py:914} INFO - Processing file /opt/airflow/dags/spark_airflow.py for tasks to queue
[2024-10-23T09:54:11.796+0000] {logging_mixin.py:190} INFO - [2024-10-23T09:54:11.796+0000] {dagbag.py:588} INFO - Filling up the DagBag from /opt/airflow/dags/spark_airflow.py
[2024-10-23T09:54:11.816+0000] {processor.py:925} INFO - DAG(s) 'sparking_flow' retrieved from /opt/airflow/dags/spark_airflow.py
[2024-10-23T09:54:11.848+0000] {logging_mixin.py:190} INFO - [2024-10-23T09:54:11.848+0000] {dag.py:3239} INFO - Sync 1 DAGs
[2024-10-23T09:54:11.872+0000] {logging_mixin.py:190} INFO - [2024-10-23T09:54:11.872+0000] {dag.py:4180} INFO - Setting next_dagrun for sparking_flow to 2024-10-23 00:00:00+00:00, run_after=2024-10-24 00:00:00+00:00
[2024-10-23T09:54:11.890+0000] {processor.py:208} INFO - Processing /opt/airflow/dags/spark_airflow.py took 0.104 seconds
[2024-10-23T09:54:42.050+0000] {processor.py:186} INFO - Started process (PID=14324) to work on /opt/airflow/dags/spark_airflow.py
[2024-10-23T09:54:42.051+0000] {processor.py:914} INFO - Processing file /opt/airflow/dags/spark_airflow.py for tasks to queue
[2024-10-23T09:54:42.052+0000] {logging_mixin.py:190} INFO - [2024-10-23T09:54:42.052+0000] {dagbag.py:588} INFO - Filling up the DagBag from /opt/airflow/dags/spark_airflow.py
[2024-10-23T09:54:42.071+0000] {processor.py:925} INFO - DAG(s) 'sparking_flow' retrieved from /opt/airflow/dags/spark_airflow.py
[2024-10-23T09:54:42.112+0000] {logging_mixin.py:190} INFO - [2024-10-23T09:54:42.111+0000] {dag.py:3239} INFO - Sync 1 DAGs
[2024-10-23T09:54:42.134+0000] {logging_mixin.py:190} INFO - [2024-10-23T09:54:42.134+0000] {dag.py:4180} INFO - Setting next_dagrun for sparking_flow to 2024-10-23 00:00:00+00:00, run_after=2024-10-24 00:00:00+00:00
[2024-10-23T09:54:42.151+0000] {processor.py:208} INFO - Processing /opt/airflow/dags/spark_airflow.py took 0.105 seconds
[2024-10-23T09:55:12.269+0000] {processor.py:186} INFO - Started process (PID=14329) to work on /opt/airflow/dags/spark_airflow.py
[2024-10-23T09:55:12.270+0000] {processor.py:914} INFO - Processing file /opt/airflow/dags/spark_airflow.py for tasks to queue
[2024-10-23T09:55:12.271+0000] {logging_mixin.py:190} INFO - [2024-10-23T09:55:12.271+0000] {dagbag.py:588} INFO - Filling up the DagBag from /opt/airflow/dags/spark_airflow.py
[2024-10-23T09:55:12.289+0000] {processor.py:925} INFO - DAG(s) 'sparking_flow' retrieved from /opt/airflow/dags/spark_airflow.py
[2024-10-23T09:55:12.314+0000] {logging_mixin.py:190} INFO - [2024-10-23T09:55:12.314+0000] {dag.py:3239} INFO - Sync 1 DAGs
[2024-10-23T09:55:12.336+0000] {logging_mixin.py:190} INFO - [2024-10-23T09:55:12.336+0000] {dag.py:4180} INFO - Setting next_dagrun for sparking_flow to 2024-10-23 00:00:00+00:00, run_after=2024-10-24 00:00:00+00:00
[2024-10-23T09:55:12.354+0000] {processor.py:208} INFO - Processing /opt/airflow/dags/spark_airflow.py took 0.090 seconds
[2024-10-23T09:55:42.503+0000] {processor.py:186} INFO - Started process (PID=14334) to work on /opt/airflow/dags/spark_airflow.py
[2024-10-23T09:55:42.504+0000] {processor.py:914} INFO - Processing file /opt/airflow/dags/spark_airflow.py for tasks to queue
[2024-10-23T09:55:42.505+0000] {logging_mixin.py:190} INFO - [2024-10-23T09:55:42.505+0000] {dagbag.py:588} INFO - Filling up the DagBag from /opt/airflow/dags/spark_airflow.py
[2024-10-23T09:55:42.522+0000] {processor.py:925} INFO - DAG(s) 'sparking_flow' retrieved from /opt/airflow/dags/spark_airflow.py
[2024-10-23T09:55:42.548+0000] {logging_mixin.py:190} INFO - [2024-10-23T09:55:42.548+0000] {dag.py:3239} INFO - Sync 1 DAGs
[2024-10-23T09:55:42.572+0000] {logging_mixin.py:190} INFO - [2024-10-23T09:55:42.572+0000] {dag.py:4180} INFO - Setting next_dagrun for sparking_flow to 2024-10-23 00:00:00+00:00, run_after=2024-10-24 00:00:00+00:00
[2024-10-23T09:55:42.604+0000] {processor.py:208} INFO - Processing /opt/airflow/dags/spark_airflow.py took 0.106 seconds
[2024-10-23T09:56:12.701+0000] {processor.py:186} INFO - Started process (PID=14339) to work on /opt/airflow/dags/spark_airflow.py
[2024-10-23T09:56:12.702+0000] {processor.py:914} INFO - Processing file /opt/airflow/dags/spark_airflow.py for tasks to queue
[2024-10-23T09:56:12.703+0000] {logging_mixin.py:190} INFO - [2024-10-23T09:56:12.703+0000] {dagbag.py:588} INFO - Filling up the DagBag from /opt/airflow/dags/spark_airflow.py
[2024-10-23T09:56:12.722+0000] {processor.py:925} INFO - DAG(s) 'sparking_flow' retrieved from /opt/airflow/dags/spark_airflow.py
[2024-10-23T09:56:12.747+0000] {logging_mixin.py:190} INFO - [2024-10-23T09:56:12.747+0000] {dag.py:3239} INFO - Sync 1 DAGs
[2024-10-23T09:56:12.769+0000] {logging_mixin.py:190} INFO - [2024-10-23T09:56:12.769+0000] {dag.py:4180} INFO - Setting next_dagrun for sparking_flow to 2024-10-23 00:00:00+00:00, run_after=2024-10-24 00:00:00+00:00
[2024-10-23T09:56:12.789+0000] {processor.py:208} INFO - Processing /opt/airflow/dags/spark_airflow.py took 0.095 seconds
[2024-10-23T09:56:42.952+0000] {processor.py:186} INFO - Started process (PID=14344) to work on /opt/airflow/dags/spark_airflow.py
[2024-10-23T09:56:42.953+0000] {processor.py:914} INFO - Processing file /opt/airflow/dags/spark_airflow.py for tasks to queue
[2024-10-23T09:56:42.954+0000] {logging_mixin.py:190} INFO - [2024-10-23T09:56:42.954+0000] {dagbag.py:588} INFO - Filling up the DagBag from /opt/airflow/dags/spark_airflow.py
[2024-10-23T09:56:42.973+0000] {processor.py:925} INFO - DAG(s) 'sparking_flow' retrieved from /opt/airflow/dags/spark_airflow.py
[2024-10-23T09:56:43.000+0000] {logging_mixin.py:190} INFO - [2024-10-23T09:56:43.000+0000] {dag.py:3239} INFO - Sync 1 DAGs
[2024-10-23T09:56:43.024+0000] {logging_mixin.py:190} INFO - [2024-10-23T09:56:43.024+0000] {dag.py:4180} INFO - Setting next_dagrun for sparking_flow to 2024-10-23 00:00:00+00:00, run_after=2024-10-24 00:00:00+00:00
[2024-10-23T09:56:43.044+0000] {processor.py:208} INFO - Processing /opt/airflow/dags/spark_airflow.py took 0.096 seconds
[2024-10-23T09:57:13.137+0000] {processor.py:186} INFO - Started process (PID=14349) to work on /opt/airflow/dags/spark_airflow.py
[2024-10-23T09:57:13.138+0000] {processor.py:914} INFO - Processing file /opt/airflow/dags/spark_airflow.py for tasks to queue
[2024-10-23T09:57:13.140+0000] {logging_mixin.py:190} INFO - [2024-10-23T09:57:13.139+0000] {dagbag.py:588} INFO - Filling up the DagBag from /opt/airflow/dags/spark_airflow.py
[2024-10-23T09:57:13.160+0000] {processor.py:925} INFO - DAG(s) 'sparking_flow' retrieved from /opt/airflow/dags/spark_airflow.py
[2024-10-23T09:57:13.188+0000] {logging_mixin.py:190} INFO - [2024-10-23T09:57:13.188+0000] {dag.py:3239} INFO - Sync 1 DAGs
[2024-10-23T09:57:13.211+0000] {logging_mixin.py:190} INFO - [2024-10-23T09:57:13.211+0000] {dag.py:4180} INFO - Setting next_dagrun for sparking_flow to 2024-10-23 00:00:00+00:00, run_after=2024-10-24 00:00:00+00:00
[2024-10-23T09:57:13.229+0000] {processor.py:208} INFO - Processing /opt/airflow/dags/spark_airflow.py took 0.099 seconds
[2024-10-23T09:57:43.404+0000] {processor.py:186} INFO - Started process (PID=14354) to work on /opt/airflow/dags/spark_airflow.py
[2024-10-23T09:57:43.405+0000] {processor.py:914} INFO - Processing file /opt/airflow/dags/spark_airflow.py for tasks to queue
[2024-10-23T09:57:43.406+0000] {logging_mixin.py:190} INFO - [2024-10-23T09:57:43.406+0000] {dagbag.py:588} INFO - Filling up the DagBag from /opt/airflow/dags/spark_airflow.py
[2024-10-23T09:57:43.425+0000] {processor.py:925} INFO - DAG(s) 'sparking_flow' retrieved from /opt/airflow/dags/spark_airflow.py
[2024-10-23T09:57:43.450+0000] {logging_mixin.py:190} INFO - [2024-10-23T09:57:43.450+0000] {dag.py:3239} INFO - Sync 1 DAGs
[2024-10-23T09:57:43.471+0000] {logging_mixin.py:190} INFO - [2024-10-23T09:57:43.471+0000] {dag.py:4180} INFO - Setting next_dagrun for sparking_flow to 2024-10-23 00:00:00+00:00, run_after=2024-10-24 00:00:00+00:00
[2024-10-23T09:57:43.505+0000] {processor.py:208} INFO - Processing /opt/airflow/dags/spark_airflow.py took 0.105 seconds
[2024-10-23T09:58:13.594+0000] {processor.py:186} INFO - Started process (PID=14359) to work on /opt/airflow/dags/spark_airflow.py
[2024-10-23T09:58:13.595+0000] {processor.py:914} INFO - Processing file /opt/airflow/dags/spark_airflow.py for tasks to queue
[2024-10-23T09:58:13.597+0000] {logging_mixin.py:190} INFO - [2024-10-23T09:58:13.596+0000] {dagbag.py:588} INFO - Filling up the DagBag from /opt/airflow/dags/spark_airflow.py
[2024-10-23T09:58:13.617+0000] {processor.py:925} INFO - DAG(s) 'sparking_flow' retrieved from /opt/airflow/dags/spark_airflow.py
[2024-10-23T09:58:13.645+0000] {logging_mixin.py:190} INFO - [2024-10-23T09:58:13.645+0000] {dag.py:3239} INFO - Sync 1 DAGs
[2024-10-23T09:58:13.669+0000] {logging_mixin.py:190} INFO - [2024-10-23T09:58:13.669+0000] {dag.py:4180} INFO - Setting next_dagrun for sparking_flow to 2024-10-23 00:00:00+00:00, run_after=2024-10-24 00:00:00+00:00
[2024-10-23T09:58:13.688+0000] {processor.py:208} INFO - Processing /opt/airflow/dags/spark_airflow.py took 0.101 seconds
[2024-10-23T09:58:43.875+0000] {processor.py:186} INFO - Started process (PID=14364) to work on /opt/airflow/dags/spark_airflow.py
[2024-10-23T09:58:43.876+0000] {processor.py:914} INFO - Processing file /opt/airflow/dags/spark_airflow.py for tasks to queue
[2024-10-23T09:58:43.877+0000] {logging_mixin.py:190} INFO - [2024-10-23T09:58:43.877+0000] {dagbag.py:588} INFO - Filling up the DagBag from /opt/airflow/dags/spark_airflow.py
[2024-10-23T09:58:43.895+0000] {processor.py:925} INFO - DAG(s) 'sparking_flow' retrieved from /opt/airflow/dags/spark_airflow.py
[2024-10-23T09:58:43.923+0000] {logging_mixin.py:190} INFO - [2024-10-23T09:58:43.922+0000] {dag.py:3239} INFO - Sync 1 DAGs
[2024-10-23T09:58:43.947+0000] {logging_mixin.py:190} INFO - [2024-10-23T09:58:43.947+0000] {dag.py:4180} INFO - Setting next_dagrun for sparking_flow to 2024-10-23 00:00:00+00:00, run_after=2024-10-24 00:00:00+00:00
[2024-10-23T09:58:43.966+0000] {processor.py:208} INFO - Processing /opt/airflow/dags/spark_airflow.py took 0.095 seconds
[2024-10-23T09:59:14.049+0000] {processor.py:186} INFO - Started process (PID=14369) to work on /opt/airflow/dags/spark_airflow.py
[2024-10-23T09:59:14.050+0000] {processor.py:914} INFO - Processing file /opt/airflow/dags/spark_airflow.py for tasks to queue
[2024-10-23T09:59:14.051+0000] {logging_mixin.py:190} INFO - [2024-10-23T09:59:14.051+0000] {dagbag.py:588} INFO - Filling up the DagBag from /opt/airflow/dags/spark_airflow.py
[2024-10-23T09:59:14.069+0000] {processor.py:925} INFO - DAG(s) 'sparking_flow' retrieved from /opt/airflow/dags/spark_airflow.py
[2024-10-23T09:59:14.094+0000] {logging_mixin.py:190} INFO - [2024-10-23T09:59:14.094+0000] {dag.py:3239} INFO - Sync 1 DAGs
[2024-10-23T09:59:14.118+0000] {logging_mixin.py:190} INFO - [2024-10-23T09:59:14.118+0000] {dag.py:4180} INFO - Setting next_dagrun for sparking_flow to 2024-10-23 00:00:00+00:00, run_after=2024-10-24 00:00:00+00:00
[2024-10-23T09:59:14.150+0000] {processor.py:208} INFO - Processing /opt/airflow/dags/spark_airflow.py took 0.106 seconds
[2024-10-23T09:59:44.330+0000] {processor.py:186} INFO - Started process (PID=14374) to work on /opt/airflow/dags/spark_airflow.py
[2024-10-23T09:59:44.331+0000] {processor.py:914} INFO - Processing file /opt/airflow/dags/spark_airflow.py for tasks to queue
[2024-10-23T09:59:44.332+0000] {logging_mixin.py:190} INFO - [2024-10-23T09:59:44.332+0000] {dagbag.py:588} INFO - Filling up the DagBag from /opt/airflow/dags/spark_airflow.py
[2024-10-23T09:59:44.351+0000] {processor.py:925} INFO - DAG(s) 'sparking_flow' retrieved from /opt/airflow/dags/spark_airflow.py
[2024-10-23T09:59:44.377+0000] {logging_mixin.py:190} INFO - [2024-10-23T09:59:44.377+0000] {dag.py:3239} INFO - Sync 1 DAGs
[2024-10-23T09:59:44.402+0000] {logging_mixin.py:190} INFO - [2024-10-23T09:59:44.402+0000] {dag.py:4180} INFO - Setting next_dagrun for sparking_flow to 2024-10-23 00:00:00+00:00, run_after=2024-10-24 00:00:00+00:00
[2024-10-23T09:59:44.435+0000] {processor.py:208} INFO - Processing /opt/airflow/dags/spark_airflow.py took 0.109 seconds
[2024-10-23T10:00:14.540+0000] {processor.py:186} INFO - Started process (PID=14379) to work on /opt/airflow/dags/spark_airflow.py
[2024-10-23T10:00:14.541+0000] {processor.py:914} INFO - Processing file /opt/airflow/dags/spark_airflow.py for tasks to queue
[2024-10-23T10:00:14.543+0000] {logging_mixin.py:190} INFO - [2024-10-23T10:00:14.543+0000] {dagbag.py:588} INFO - Filling up the DagBag from /opt/airflow/dags/spark_airflow.py
[2024-10-23T10:00:14.563+0000] {processor.py:925} INFO - DAG(s) 'sparking_flow' retrieved from /opt/airflow/dags/spark_airflow.py
[2024-10-23T10:00:14.593+0000] {logging_mixin.py:190} INFO - [2024-10-23T10:00:14.592+0000] {dag.py:3239} INFO - Sync 1 DAGs
[2024-10-23T10:00:14.616+0000] {logging_mixin.py:190} INFO - [2024-10-23T10:00:14.616+0000] {dag.py:4180} INFO - Setting next_dagrun for sparking_flow to 2024-10-23 00:00:00+00:00, run_after=2024-10-24 00:00:00+00:00
[2024-10-23T10:00:14.635+0000] {processor.py:208} INFO - Processing /opt/airflow/dags/spark_airflow.py took 0.102 seconds
[2024-10-23T10:00:44.789+0000] {processor.py:186} INFO - Started process (PID=14384) to work on /opt/airflow/dags/spark_airflow.py
[2024-10-23T10:00:44.790+0000] {processor.py:914} INFO - Processing file /opt/airflow/dags/spark_airflow.py for tasks to queue
[2024-10-23T10:00:44.791+0000] {logging_mixin.py:190} INFO - [2024-10-23T10:00:44.791+0000] {dagbag.py:588} INFO - Filling up the DagBag from /opt/airflow/dags/spark_airflow.py
[2024-10-23T10:00:44.809+0000] {processor.py:925} INFO - DAG(s) 'sparking_flow' retrieved from /opt/airflow/dags/spark_airflow.py
[2024-10-23T10:00:44.834+0000] {logging_mixin.py:190} INFO - [2024-10-23T10:00:44.834+0000] {dag.py:3239} INFO - Sync 1 DAGs
[2024-10-23T10:00:44.856+0000] {logging_mixin.py:190} INFO - [2024-10-23T10:00:44.856+0000] {dag.py:4180} INFO - Setting next_dagrun for sparking_flow to 2024-10-23 00:00:00+00:00, run_after=2024-10-24 00:00:00+00:00
[2024-10-23T10:00:44.872+0000] {processor.py:208} INFO - Processing /opt/airflow/dags/spark_airflow.py took 0.089 seconds
[2024-10-23T10:01:14.987+0000] {processor.py:186} INFO - Started process (PID=14389) to work on /opt/airflow/dags/spark_airflow.py
[2024-10-23T10:01:14.988+0000] {processor.py:914} INFO - Processing file /opt/airflow/dags/spark_airflow.py for tasks to queue
[2024-10-23T10:01:14.989+0000] {logging_mixin.py:190} INFO - [2024-10-23T10:01:14.988+0000] {dagbag.py:588} INFO - Filling up the DagBag from /opt/airflow/dags/spark_airflow.py
[2024-10-23T10:01:15.006+0000] {processor.py:925} INFO - DAG(s) 'sparking_flow' retrieved from /opt/airflow/dags/spark_airflow.py
[2024-10-23T10:01:15.034+0000] {logging_mixin.py:190} INFO - [2024-10-23T10:01:15.034+0000] {dag.py:3239} INFO - Sync 1 DAGs
[2024-10-23T10:01:15.058+0000] {logging_mixin.py:190} INFO - [2024-10-23T10:01:15.058+0000] {dag.py:4180} INFO - Setting next_dagrun for sparking_flow to 2024-10-23 00:00:00+00:00, run_after=2024-10-24 00:00:00+00:00
[2024-10-23T10:01:15.076+0000] {processor.py:208} INFO - Processing /opt/airflow/dags/spark_airflow.py took 0.094 seconds
[2024-10-23T10:01:45.222+0000] {processor.py:186} INFO - Started process (PID=14394) to work on /opt/airflow/dags/spark_airflow.py
[2024-10-23T10:01:45.223+0000] {processor.py:914} INFO - Processing file /opt/airflow/dags/spark_airflow.py for tasks to queue
[2024-10-23T10:01:45.224+0000] {logging_mixin.py:190} INFO - [2024-10-23T10:01:45.224+0000] {dagbag.py:588} INFO - Filling up the DagBag from /opt/airflow/dags/spark_airflow.py
[2024-10-23T10:01:45.245+0000] {processor.py:925} INFO - DAG(s) 'sparking_flow' retrieved from /opt/airflow/dags/spark_airflow.py
[2024-10-23T10:01:45.273+0000] {logging_mixin.py:190} INFO - [2024-10-23T10:01:45.272+0000] {dag.py:3239} INFO - Sync 1 DAGs
[2024-10-23T10:01:45.296+0000] {logging_mixin.py:190} INFO - [2024-10-23T10:01:45.296+0000] {dag.py:4180} INFO - Setting next_dagrun for sparking_flow to 2024-10-23 00:00:00+00:00, run_after=2024-10-24 00:00:00+00:00
[2024-10-23T10:01:45.313+0000] {processor.py:208} INFO - Processing /opt/airflow/dags/spark_airflow.py took 0.097 seconds
[2024-10-23T10:02:15.424+0000] {processor.py:186} INFO - Started process (PID=14399) to work on /opt/airflow/dags/spark_airflow.py
[2024-10-23T10:02:15.426+0000] {processor.py:914} INFO - Processing file /opt/airflow/dags/spark_airflow.py for tasks to queue
[2024-10-23T10:02:15.428+0000] {logging_mixin.py:190} INFO - [2024-10-23T10:02:15.427+0000] {dagbag.py:588} INFO - Filling up the DagBag from /opt/airflow/dags/spark_airflow.py
[2024-10-23T10:02:15.446+0000] {processor.py:925} INFO - DAG(s) 'sparking_flow' retrieved from /opt/airflow/dags/spark_airflow.py
[2024-10-23T10:02:15.471+0000] {logging_mixin.py:190} INFO - [2024-10-23T10:02:15.471+0000] {dag.py:3239} INFO - Sync 1 DAGs
[2024-10-23T10:02:15.494+0000] {logging_mixin.py:190} INFO - [2024-10-23T10:02:15.493+0000] {dag.py:4180} INFO - Setting next_dagrun for sparking_flow to 2024-10-23 00:00:00+00:00, run_after=2024-10-24 00:00:00+00:00
[2024-10-23T10:02:15.510+0000] {processor.py:208} INFO - Processing /opt/airflow/dags/spark_airflow.py took 0.091 seconds
[2024-10-23T10:02:45.665+0000] {processor.py:186} INFO - Started process (PID=14404) to work on /opt/airflow/dags/spark_airflow.py
[2024-10-23T10:02:45.666+0000] {processor.py:914} INFO - Processing file /opt/airflow/dags/spark_airflow.py for tasks to queue
[2024-10-23T10:02:45.668+0000] {logging_mixin.py:190} INFO - [2024-10-23T10:02:45.668+0000] {dagbag.py:588} INFO - Filling up the DagBag from /opt/airflow/dags/spark_airflow.py
[2024-10-23T10:02:45.684+0000] {processor.py:925} INFO - DAG(s) 'sparking_flow' retrieved from /opt/airflow/dags/spark_airflow.py
[2024-10-23T10:02:45.710+0000] {logging_mixin.py:190} INFO - [2024-10-23T10:02:45.710+0000] {dag.py:3239} INFO - Sync 1 DAGs
[2024-10-23T10:02:45.735+0000] {logging_mixin.py:190} INFO - [2024-10-23T10:02:45.735+0000] {dag.py:4180} INFO - Setting next_dagrun for sparking_flow to 2024-10-23 00:00:00+00:00, run_after=2024-10-24 00:00:00+00:00
[2024-10-23T10:02:45.754+0000] {processor.py:208} INFO - Processing /opt/airflow/dags/spark_airflow.py took 0.094 seconds
[2024-10-23T10:03:15.871+0000] {processor.py:186} INFO - Started process (PID=14409) to work on /opt/airflow/dags/spark_airflow.py
[2024-10-23T10:03:15.872+0000] {processor.py:914} INFO - Processing file /opt/airflow/dags/spark_airflow.py for tasks to queue
[2024-10-23T10:03:15.874+0000] {logging_mixin.py:190} INFO - [2024-10-23T10:03:15.874+0000] {dagbag.py:588} INFO - Filling up the DagBag from /opt/airflow/dags/spark_airflow.py
[2024-10-23T10:03:15.893+0000] {processor.py:925} INFO - DAG(s) 'sparking_flow' retrieved from /opt/airflow/dags/spark_airflow.py
[2024-10-23T10:03:15.922+0000] {logging_mixin.py:190} INFO - [2024-10-23T10:03:15.922+0000] {dag.py:3239} INFO - Sync 1 DAGs
[2024-10-23T10:03:15.947+0000] {logging_mixin.py:190} INFO - [2024-10-23T10:03:15.947+0000] {dag.py:4180} INFO - Setting next_dagrun for sparking_flow to 2024-10-23 00:00:00+00:00, run_after=2024-10-24 00:00:00+00:00
[2024-10-23T10:03:15.965+0000] {processor.py:208} INFO - Processing /opt/airflow/dags/spark_airflow.py took 0.099 seconds
[2024-10-23T10:03:46.112+0000] {processor.py:186} INFO - Started process (PID=14414) to work on /opt/airflow/dags/spark_airflow.py
[2024-10-23T10:03:46.113+0000] {processor.py:914} INFO - Processing file /opt/airflow/dags/spark_airflow.py for tasks to queue
[2024-10-23T10:03:46.115+0000] {logging_mixin.py:190} INFO - [2024-10-23T10:03:46.115+0000] {dagbag.py:588} INFO - Filling up the DagBag from /opt/airflow/dags/spark_airflow.py
[2024-10-23T10:03:46.135+0000] {processor.py:925} INFO - DAG(s) 'sparking_flow' retrieved from /opt/airflow/dags/spark_airflow.py
[2024-10-23T10:03:46.160+0000] {logging_mixin.py:190} INFO - [2024-10-23T10:03:46.160+0000] {dag.py:3239} INFO - Sync 1 DAGs
[2024-10-23T10:03:46.181+0000] {logging_mixin.py:190} INFO - [2024-10-23T10:03:46.181+0000] {dag.py:4180} INFO - Setting next_dagrun for sparking_flow to 2024-10-23 00:00:00+00:00, run_after=2024-10-24 00:00:00+00:00
[2024-10-23T10:03:46.198+0000] {processor.py:208} INFO - Processing /opt/airflow/dags/spark_airflow.py took 0.093 seconds
[2024-10-23T10:04:16.318+0000] {processor.py:186} INFO - Started process (PID=14419) to work on /opt/airflow/dags/spark_airflow.py
[2024-10-23T10:04:16.319+0000] {processor.py:914} INFO - Processing file /opt/airflow/dags/spark_airflow.py for tasks to queue
[2024-10-23T10:04:16.320+0000] {logging_mixin.py:190} INFO - [2024-10-23T10:04:16.320+0000] {dagbag.py:588} INFO - Filling up the DagBag from /opt/airflow/dags/spark_airflow.py
[2024-10-23T10:04:16.339+0000] {processor.py:925} INFO - DAG(s) 'sparking_flow' retrieved from /opt/airflow/dags/spark_airflow.py
[2024-10-23T10:04:16.367+0000] {logging_mixin.py:190} INFO - [2024-10-23T10:04:16.366+0000] {dag.py:3239} INFO - Sync 1 DAGs
[2024-10-23T10:04:16.390+0000] {logging_mixin.py:190} INFO - [2024-10-23T10:04:16.390+0000] {dag.py:4180} INFO - Setting next_dagrun for sparking_flow to 2024-10-23 00:00:00+00:00, run_after=2024-10-24 00:00:00+00:00
[2024-10-23T10:04:16.408+0000] {processor.py:208} INFO - Processing /opt/airflow/dags/spark_airflow.py took 0.098 seconds
[2024-10-23T10:04:46.550+0000] {processor.py:186} INFO - Started process (PID=14424) to work on /opt/airflow/dags/spark_airflow.py
[2024-10-23T10:04:46.552+0000] {processor.py:914} INFO - Processing file /opt/airflow/dags/spark_airflow.py for tasks to queue
[2024-10-23T10:04:46.553+0000] {logging_mixin.py:190} INFO - [2024-10-23T10:04:46.552+0000] {dagbag.py:588} INFO - Filling up the DagBag from /opt/airflow/dags/spark_airflow.py
[2024-10-23T10:04:46.572+0000] {processor.py:925} INFO - DAG(s) 'sparking_flow' retrieved from /opt/airflow/dags/spark_airflow.py
[2024-10-23T10:04:46.597+0000] {logging_mixin.py:190} INFO - [2024-10-23T10:04:46.596+0000] {dag.py:3239} INFO - Sync 1 DAGs
[2024-10-23T10:04:46.619+0000] {logging_mixin.py:190} INFO - [2024-10-23T10:04:46.619+0000] {dag.py:4180} INFO - Setting next_dagrun for sparking_flow to 2024-10-23 00:00:00+00:00, run_after=2024-10-24 00:00:00+00:00
[2024-10-23T10:04:46.636+0000] {processor.py:208} INFO - Processing /opt/airflow/dags/spark_airflow.py took 0.092 seconds
[2024-10-23T10:05:16.788+0000] {processor.py:186} INFO - Started process (PID=14429) to work on /opt/airflow/dags/spark_airflow.py
[2024-10-23T10:05:16.789+0000] {processor.py:914} INFO - Processing file /opt/airflow/dags/spark_airflow.py for tasks to queue
[2024-10-23T10:05:16.790+0000] {logging_mixin.py:190} INFO - [2024-10-23T10:05:16.790+0000] {dagbag.py:588} INFO - Filling up the DagBag from /opt/airflow/dags/spark_airflow.py
[2024-10-23T10:05:16.809+0000] {processor.py:925} INFO - DAG(s) 'sparking_flow' retrieved from /opt/airflow/dags/spark_airflow.py
[2024-10-23T10:05:16.834+0000] {logging_mixin.py:190} INFO - [2024-10-23T10:05:16.834+0000] {dag.py:3239} INFO - Sync 1 DAGs
[2024-10-23T10:05:16.855+0000] {logging_mixin.py:190} INFO - [2024-10-23T10:05:16.855+0000] {dag.py:4180} INFO - Setting next_dagrun for sparking_flow to 2024-10-23 00:00:00+00:00, run_after=2024-10-24 00:00:00+00:00
[2024-10-23T10:05:16.872+0000] {processor.py:208} INFO - Processing /opt/airflow/dags/spark_airflow.py took 0.089 seconds
[2024-10-23T10:05:46.988+0000] {processor.py:186} INFO - Started process (PID=14434) to work on /opt/airflow/dags/spark_airflow.py
[2024-10-23T10:05:46.989+0000] {processor.py:914} INFO - Processing file /opt/airflow/dags/spark_airflow.py for tasks to queue
[2024-10-23T10:05:46.990+0000] {logging_mixin.py:190} INFO - [2024-10-23T10:05:46.990+0000] {dagbag.py:588} INFO - Filling up the DagBag from /opt/airflow/dags/spark_airflow.py
[2024-10-23T10:05:47.011+0000] {processor.py:925} INFO - DAG(s) 'sparking_flow' retrieved from /opt/airflow/dags/spark_airflow.py
[2024-10-23T10:05:47.036+0000] {logging_mixin.py:190} INFO - [2024-10-23T10:05:47.036+0000] {dag.py:3239} INFO - Sync 1 DAGs
[2024-10-23T10:05:47.058+0000] {logging_mixin.py:190} INFO - [2024-10-23T10:05:47.058+0000] {dag.py:4180} INFO - Setting next_dagrun for sparking_flow to 2024-10-23 00:00:00+00:00, run_after=2024-10-24 00:00:00+00:00
[2024-10-23T10:05:47.075+0000] {processor.py:208} INFO - Processing /opt/airflow/dags/spark_airflow.py took 0.093 seconds
[2024-10-23T10:06:17.216+0000] {processor.py:186} INFO - Started process (PID=14439) to work on /opt/airflow/dags/spark_airflow.py
[2024-10-23T10:06:17.218+0000] {processor.py:914} INFO - Processing file /opt/airflow/dags/spark_airflow.py for tasks to queue
[2024-10-23T10:06:17.219+0000] {logging_mixin.py:190} INFO - [2024-10-23T10:06:17.219+0000] {dagbag.py:588} INFO - Filling up the DagBag from /opt/airflow/dags/spark_airflow.py
[2024-10-23T10:06:17.239+0000] {processor.py:925} INFO - DAG(s) 'sparking_flow' retrieved from /opt/airflow/dags/spark_airflow.py
[2024-10-23T10:06:17.267+0000] {logging_mixin.py:190} INFO - [2024-10-23T10:06:17.266+0000] {dag.py:3239} INFO - Sync 1 DAGs
[2024-10-23T10:06:17.291+0000] {logging_mixin.py:190} INFO - [2024-10-23T10:06:17.291+0000] {dag.py:4180} INFO - Setting next_dagrun for sparking_flow to 2024-10-23 00:00:00+00:00, run_after=2024-10-24 00:00:00+00:00
[2024-10-23T10:06:17.309+0000] {processor.py:208} INFO - Processing /opt/airflow/dags/spark_airflow.py took 0.099 seconds
[2024-10-23T10:06:47.425+0000] {processor.py:186} INFO - Started process (PID=14444) to work on /opt/airflow/dags/spark_airflow.py
[2024-10-23T10:06:47.426+0000] {processor.py:914} INFO - Processing file /opt/airflow/dags/spark_airflow.py for tasks to queue
[2024-10-23T10:06:47.428+0000] {logging_mixin.py:190} INFO - [2024-10-23T10:06:47.428+0000] {dagbag.py:588} INFO - Filling up the DagBag from /opt/airflow/dags/spark_airflow.py
[2024-10-23T10:06:47.446+0000] {processor.py:925} INFO - DAG(s) 'sparking_flow' retrieved from /opt/airflow/dags/spark_airflow.py
[2024-10-23T10:06:47.472+0000] {logging_mixin.py:190} INFO - [2024-10-23T10:06:47.472+0000] {dag.py:3239} INFO - Sync 1 DAGs
[2024-10-23T10:06:47.494+0000] {logging_mixin.py:190} INFO - [2024-10-23T10:06:47.494+0000] {dag.py:4180} INFO - Setting next_dagrun for sparking_flow to 2024-10-23 00:00:00+00:00, run_after=2024-10-24 00:00:00+00:00
[2024-10-23T10:06:47.511+0000] {processor.py:208} INFO - Processing /opt/airflow/dags/spark_airflow.py took 0.091 seconds
[2024-10-23T10:07:17.659+0000] {processor.py:186} INFO - Started process (PID=14449) to work on /opt/airflow/dags/spark_airflow.py
[2024-10-23T10:07:17.660+0000] {processor.py:914} INFO - Processing file /opt/airflow/dags/spark_airflow.py for tasks to queue
[2024-10-23T10:07:17.661+0000] {logging_mixin.py:190} INFO - [2024-10-23T10:07:17.661+0000] {dagbag.py:588} INFO - Filling up the DagBag from /opt/airflow/dags/spark_airflow.py
[2024-10-23T10:07:17.680+0000] {processor.py:925} INFO - DAG(s) 'sparking_flow' retrieved from /opt/airflow/dags/spark_airflow.py
[2024-10-23T10:07:17.706+0000] {logging_mixin.py:190} INFO - [2024-10-23T10:07:17.705+0000] {dag.py:3239} INFO - Sync 1 DAGs
[2024-10-23T10:07:17.731+0000] {logging_mixin.py:190} INFO - [2024-10-23T10:07:17.731+0000] {dag.py:4180} INFO - Setting next_dagrun for sparking_flow to 2024-10-23 00:00:00+00:00, run_after=2024-10-24 00:00:00+00:00
[2024-10-23T10:07:17.748+0000] {processor.py:208} INFO - Processing /opt/airflow/dags/spark_airflow.py took 0.094 seconds
[2024-10-23T10:07:47.856+0000] {processor.py:186} INFO - Started process (PID=14454) to work on /opt/airflow/dags/spark_airflow.py
[2024-10-23T10:07:47.857+0000] {processor.py:914} INFO - Processing file /opt/airflow/dags/spark_airflow.py for tasks to queue
[2024-10-23T10:07:47.858+0000] {logging_mixin.py:190} INFO - [2024-10-23T10:07:47.858+0000] {dagbag.py:588} INFO - Filling up the DagBag from /opt/airflow/dags/spark_airflow.py
[2024-10-23T10:07:47.874+0000] {processor.py:925} INFO - DAG(s) 'sparking_flow' retrieved from /opt/airflow/dags/spark_airflow.py
[2024-10-23T10:07:47.899+0000] {logging_mixin.py:190} INFO - [2024-10-23T10:07:47.899+0000] {dag.py:3239} INFO - Sync 1 DAGs
[2024-10-23T10:07:47.921+0000] {logging_mixin.py:190} INFO - [2024-10-23T10:07:47.921+0000] {dag.py:4180} INFO - Setting next_dagrun for sparking_flow to 2024-10-23 00:00:00+00:00, run_after=2024-10-24 00:00:00+00:00
[2024-10-23T10:07:47.939+0000] {processor.py:208} INFO - Processing /opt/airflow/dags/spark_airflow.py took 0.089 seconds
[2024-10-23T10:08:18.101+0000] {processor.py:186} INFO - Started process (PID=14459) to work on /opt/airflow/dags/spark_airflow.py
[2024-10-23T10:08:18.102+0000] {processor.py:914} INFO - Processing file /opt/airflow/dags/spark_airflow.py for tasks to queue
[2024-10-23T10:08:18.103+0000] {logging_mixin.py:190} INFO - [2024-10-23T10:08:18.102+0000] {dagbag.py:588} INFO - Filling up the DagBag from /opt/airflow/dags/spark_airflow.py
[2024-10-23T10:08:18.121+0000] {processor.py:925} INFO - DAG(s) 'sparking_flow' retrieved from /opt/airflow/dags/spark_airflow.py
[2024-10-23T10:08:18.149+0000] {logging_mixin.py:190} INFO - [2024-10-23T10:08:18.148+0000] {dag.py:3239} INFO - Sync 1 DAGs
[2024-10-23T10:08:18.171+0000] {logging_mixin.py:190} INFO - [2024-10-23T10:08:18.171+0000] {dag.py:4180} INFO - Setting next_dagrun for sparking_flow to 2024-10-23 00:00:00+00:00, run_after=2024-10-24 00:00:00+00:00
[2024-10-23T10:08:18.191+0000] {processor.py:208} INFO - Processing /opt/airflow/dags/spark_airflow.py took 0.094 seconds
[2024-10-23T10:08:48.290+0000] {processor.py:186} INFO - Started process (PID=14464) to work on /opt/airflow/dags/spark_airflow.py
[2024-10-23T10:08:48.290+0000] {processor.py:914} INFO - Processing file /opt/airflow/dags/spark_airflow.py for tasks to queue
[2024-10-23T10:08:48.291+0000] {logging_mixin.py:190} INFO - [2024-10-23T10:08:48.291+0000] {dagbag.py:588} INFO - Filling up the DagBag from /opt/airflow/dags/spark_airflow.py
[2024-10-23T10:08:48.311+0000] {processor.py:925} INFO - DAG(s) 'sparking_flow' retrieved from /opt/airflow/dags/spark_airflow.py
[2024-10-23T10:08:48.336+0000] {logging_mixin.py:190} INFO - [2024-10-23T10:08:48.336+0000] {dag.py:3239} INFO - Sync 1 DAGs
[2024-10-23T10:08:48.358+0000] {logging_mixin.py:190} INFO - [2024-10-23T10:08:48.357+0000] {dag.py:4180} INFO - Setting next_dagrun for sparking_flow to 2024-10-23 00:00:00+00:00, run_after=2024-10-24 00:00:00+00:00
[2024-10-23T10:08:48.375+0000] {processor.py:208} INFO - Processing /opt/airflow/dags/spark_airflow.py took 0.090 seconds
[2024-10-23T10:09:18.554+0000] {processor.py:186} INFO - Started process (PID=14469) to work on /opt/airflow/dags/spark_airflow.py
[2024-10-23T10:09:18.554+0000] {processor.py:914} INFO - Processing file /opt/airflow/dags/spark_airflow.py for tasks to queue
[2024-10-23T10:09:18.555+0000] {logging_mixin.py:190} INFO - [2024-10-23T10:09:18.555+0000] {dagbag.py:588} INFO - Filling up the DagBag from /opt/airflow/dags/spark_airflow.py
[2024-10-23T10:09:18.577+0000] {processor.py:925} INFO - DAG(s) 'sparking_flow' retrieved from /opt/airflow/dags/spark_airflow.py
[2024-10-23T10:09:18.602+0000] {logging_mixin.py:190} INFO - [2024-10-23T10:09:18.602+0000] {dag.py:3239} INFO - Sync 1 DAGs
[2024-10-23T10:09:18.624+0000] {logging_mixin.py:190} INFO - [2024-10-23T10:09:18.623+0000] {dag.py:4180} INFO - Setting next_dagrun for sparking_flow to 2024-10-23 00:00:00+00:00, run_after=2024-10-24 00:00:00+00:00
[2024-10-23T10:09:18.643+0000] {processor.py:208} INFO - Processing /opt/airflow/dags/spark_airflow.py took 0.094 seconds
[2024-10-23T10:09:48.742+0000] {processor.py:186} INFO - Started process (PID=14474) to work on /opt/airflow/dags/spark_airflow.py
[2024-10-23T10:09:48.743+0000] {processor.py:914} INFO - Processing file /opt/airflow/dags/spark_airflow.py for tasks to queue
[2024-10-23T10:09:48.744+0000] {logging_mixin.py:190} INFO - [2024-10-23T10:09:48.744+0000] {dagbag.py:588} INFO - Filling up the DagBag from /opt/airflow/dags/spark_airflow.py
[2024-10-23T10:09:48.763+0000] {processor.py:925} INFO - DAG(s) 'sparking_flow' retrieved from /opt/airflow/dags/spark_airflow.py
[2024-10-23T10:09:48.791+0000] {logging_mixin.py:190} INFO - [2024-10-23T10:09:48.790+0000] {dag.py:3239} INFO - Sync 1 DAGs
[2024-10-23T10:09:48.816+0000] {logging_mixin.py:190} INFO - [2024-10-23T10:09:48.816+0000] {dag.py:4180} INFO - Setting next_dagrun for sparking_flow to 2024-10-23 00:00:00+00:00, run_after=2024-10-24 00:00:00+00:00
[2024-10-23T10:09:48.849+0000] {processor.py:208} INFO - Processing /opt/airflow/dags/spark_airflow.py took 0.114 seconds
